Iterasi,P20_G200_10_Customers,P20_G500_10_Customers,P20_G1000_10_Customers,P50_G200_10_Customers,P50_G500_10_Customers,P50_G1000_10_Customers,P100_G200_10_Customers,P100_G500_10_Customers,P100_G1000_10_Customers,P20_G200_20_Customers,P20_G500_20_Customers,P20_G1000_20_Customers,P50_G200_20_Customers,P50_G500_20_Customers,P50_G1000_20_Customers,P100_G200_20_Customers,P100_G500_20_Customers,P100_G1000_20_Customers,P20_G200_30_Customers,P20_G500_30_Customers,P20_G1000_30_Customers,P50_G200_30_Customers,P50_G500_30_Customers,P50_G1000_30_Customers,P100_G200_30_Customers,P100_G500_30_Customers,P100_G1000_30_Customers,P20_G200_40_Customers,P20_G500_40_Customers,P20_G1000_40_Customers,P50_G200_40_Customers,P50_G500_40_Customers,P50_G1000_40_Customers,P100_G200_40_Customers,P100_G500_40_Customers,P100_G1000_40_Customers,P20_G200_50_Customers,P20_G500_50_Customers,P20_G1000_50_Customers,P50_G200_50_Customers,P50_G500_50_Customers,P50_G1000_50_Customers,P100_G200_50_Customers,P100_G500_50_Customers,P100_G1000_50_Customers
1,0.000331545569,0.000329402309,0.000317826500,0.000352938578,0.000349254952,0.000344878295,0.000381212939,0.000371409939,0.000367289104,0.000188722749,0.000189674587,0.000184907044,0.000197266052,0.000196810527,0.000201284744,0.000212716719,0.000205146786,0.000204029369,0.000099920026,0.000100289075,0.000101780251,0.000105032548,0.000105292051,0.000106271243,0.000108445449,0.000107677003,0.000109534655,0.000058600738,0.000059409528,0.000058807138,0.000061463445,0.000061003386,0.000062239314,0.000063997700,0.000063616620,0.000063984646,0.000041908869,0.000045554439,0.000041860892,0.000050008691,0.000049621097,0.000048230638,0.000052609166,0.000052180836,0.000052274557
2,0.000339129419,0.000345041399,0.000330815303,0.000375711539,0.000378348968,0.000360898819,0.000400461059,0.000376245650,0.000375852193,0.000196483410,0.000195728320,0.000193155575,0.000206764278,0.000201187915,0.000203660371,0.000218395445,0.000208799896,0.000212558022,0.000101199638,0.000102386841,0.000102953579,0.000106365223,0.000107623939,0.000107677133,0.000110444497,0.000110180270,0.000113411595,0.000060375494,0.000060039186,0.000060193979,0.000064386003,0.000063440078,0.000063490901,0.000065834630,0.000065104673,0.000065347939,0.000045690061,0.000047871017,0.000045419267,0.000050983604,0.000050538548,0.000051063200,0.000053790789,0.000052661110,0.000053163501
3,0.000341785419,0.000352978923,0.000336415365,0.000384772035,0.000386412291,0.000372232894,0.000405966663,0.000390102186,0.000382435567,0.000202037681,0.000198238681,0.000196897694,0.000210621543,0.000206446298,0.000207249786,0.000222735384,0.000214207524,0.000216349238,0.000103386129,0.000103952253,0.000103864730,0.000107939440,0.000108232924,0.000108178836,0.000111131505,0.000111022720,0.000114763628,0.000061245153,0.000060882316,0.000061427515,0.000065009619,0.000064176910,0.000064621217,0.000066380165,0.000066123371,0.000066417424,0.000049060928,0.000048729848,0.000049035522,0.000052102299,0.000051143823,0.000052140500,0.000053840043,0.000053715433,0.000053437613
4,0.000345479740,0.000364086846,0.000344551258,0.000392847267,0.000393822481,0.000378901798,0.000407730239,0.000399506977,0.000390435262,0.000203499478,0.000200680882,0.000200022626,0.000215368867,0.000208094702,0.000209736750,0.000225758070,0.000219510238,0.000220880722,0.000105127793,0.000104686425,0.000105362345,0.000109305169,0.000108801267,0.000108437879,0.000112083437,0.000112136231,0.000116391175,0.000062352429,0.000061296550,0.000061779393,0.000065886244,0.000064762108,0.000065128698,0.000066656182,0.000067159317,0.000066996452,0.000049582158,0.000050620964,0.000050045673,0.000052819966,0.000051623786,0.000053064207,0.000054223632,0.000053882994,0.000054052339
5,0.000355641336,0.000374639336,0.000357898662,0.000398739914,0.000401817249,0.000384012079,0.000408569122,0.000408452030,0.000399848371,0.000206149493,0.000201757747,0.000203678212,0.000219401616,0.000210873352,0.000211344091,0.000228999520,0.000221428802,0.000225208320,0.000106553941,0.000104995529,0.000105954861,0.000110627594,0.000109511004,0.000108946559,0.000113664161,0.000113586336,0.000116696262,0.000062565309,0.000061850921,0.000062295863,0.000066116108,0.000065387101,0.000065462501,0.000067274297,0.000067190941,0.000067633768,0.000051513243,0.000050701007,0.000050698663,0.000053131515,0.000051930183,0.000053773404,0.000054247056,0.000054355378,0.000054402355
6,0.000362905957,0.000378215955,0.000360756199,0.000400853279,0.000410722928,0.000389180552,0.000413018429,0.000414588978,0.000406667451,0.000209081876,0.000203932383,0.000205716249,0.000221683063,0.000212583043,0.000214935923,0.000232973194,0.000222707520,0.000227800274,0.000107573016,0.000106091152,0.000106735709,0.000111501706,0.000111052296,0.000109665234,0.000113992995,0.000114835106,0.000117661779,0.000063425723,0.000062289824,0.000063165125,0.000066289310,0.000066318701,0.000066169998,0.000067964793,0.000067677335,0.000068322853,0.000051614115,0.000051031364,0.000051169224,0.000053577984,0.000052437770,0.000054637838,0.000054715943,0.000054483235,0.000054711579
7,0.000369334864,0.000381456497,0.000363662789,0.000401351098,0.000420075494,0.000394311919,0.000415212035,0.000420821405,0.000409170476,0.000209612522,0.000205538789,0.000207937371,0.000222284928,0.000214043758,0.000217210668,0.000235010610,0.000225572924,0.000231918476,0.000108097957,0.000106770905,0.000107885772,0.000112048280,0.000111801116,0.000109957322,0.000114931019,0.000115377128,0.000118026647,0.000063922855,0.000063260527,0.000064216985,0.000066809843,0.000067296625,0.000066696892,0.000068275437,0.000068119898,0.000068744642,0.000051629216,0.000051424499,0.000051244410,0.000053647220,0.000052772401,0.000054797768,0.000055155841,0.000054821683,0.000054871072
8,0.000378717694,0.000384099787,0.000367396452,0.000403480669,0.000423074096,0.000396642888,0.000415832856,0.000424505485,0.000411994679,0.000212877735,0.000207326751,0.000208802237,0.000224484569,0.000218090355,0.000218794463,0.000239447776,0.000227130569,0.000233148436,0.000108343470,0.000107334382,0.000108793764,0.000112408737,0.000112668598,0.000110410029,0.000115837539,0.000115606301,0.000118497165,0.000064187295,0.000063801456,0.000064409407,0.000067818453,0.000067593532,0.000067110369,0.000069592956,0.000069009905,0.000069110072,0.000051900502,0.000051542405,0.000051408632,0.000053790778,0.000052939333,0.000055249494,0.000055620948,0.000055496399,0.000054889119
9,0.000383212814,0.000388227278,0.000375224236,0.000403692948,0.000427719655,0.000398704405,0.000417422276,0.000427177370,0.000414696161,0.000214092050,0.000209288005,0.000209528108,0.000226935644,0.000219886819,0.000221447996,0.000242248560,0.000228917394,0.000235680899,0.000108905926,0.000108154619,0.000109153132,0.000112846685,0.000113250042,0.000110475347,0.000116467158,0.000115670373,0.000120020030,0.000064701594,0.000063945455,0.000064959868,0.000068207352,0.000067824790,0.000067248025,0.000069762284,0.000069182843,0.000070152695,0.000052149455,0.000051580207,0.000051439314,0.000053920657,0.000053161589,0.000055438231,0.000055964152,0.000056018607,0.000055533876
10,0.000386471934,0.000389678055,0.000376600693,0.000406304170,0.000429129837,0.000401965889,0.000417430279,0.000428562963,0.000418658868,0.000214471129,0.000210549636,0.000210211498,0.000228354870,0.000221993699,0.000223667287,0.000243081299,0.000231574905,0.000237794244,0.000110032606,0.000108372679,0.000109713483,0.000113009798,0.000113644391,0.000110527804,0.000116807579,0.000116920909,0.000120481414,0.000065107577,0.000064045468,0.000065269884,0.000068252750,0.000068364718,0.000067704766,0.000070257830,0.000069497931,0.000070743791,0.000052541154,0.000051970626,0.000051697835,0.000053971836,0.000053302670,0.000055501485,0.000056165176,0.000056112438,0.000055544471
11,0.000388188796,0.000390107535,0.000380872939,0.000409143575,0.000430502510,0.000403385950,0.000419037518,0.000431748806,0.000419131837,0.000216108144,0.000213837197,0.000211223492,0.000231383865,0.000223089160,0.000225631574,0.000245012144,0.000231715612,0.000241306407,0.000110733363,0.000108980945,0.000110449026,0.000113504188,0.000114382200,0.000111057958,0.000117078753,0.000117074889,0.000121032127,0.000065499320,0.000064192914,0.000065441306,0.000068713195,0.000068786134,0.000067903962,0.000070412088,0.000069944539,0.000071084806,0.000052824458,0.000052077524,0.000051875286,0.000054058628,0.000053533446,0.000056029072,0.000056246180,0.000056290854,0.000056048102
12,0.000393287922,0.000391189404,0.000381717822,0.000411996820,0.000435046835,0.000404707583,0.000420685736,0.000432430036,0.000421540874,0.000218206369,0.000217123678,0.000213308266,0.000233717054,0.000223998583,0.000226248253,0.000245344545,0.000232601262,0.000242473219,0.000111215243,0.000109471508,0.000110726797,0.000113706575,0.000115284243,0.000112366123,0.000118484986,0.000117333328,0.000121203969,0.000066096282,0.000064666488,0.000066202424,0.000069185941,0.000069449274,0.000067968979,0.000071143035,0.000070254297,0.000071637799,0.000053082325,0.000052786275,0.000052028451,0.000054198855,0.000053922817,0.000056440292,0.000056596232,0.000056630400,0.000056142391
13,0.000394604098,0.000391702952,0.000386037254,0.000412368335,0.000435194550,0.000405151060,0.000420822306,0.000434559845,0.000424040544,0.000219323206,0.000218956398,0.000214847315,0.000235457406,0.000226499039,0.000227061411,0.000246651933,0.000233543524,0.000244568750,0.000111215243,0.000109815864,0.000111145133,0.000113716760,0.000115853214,0.000112489333,0.000119577518,0.000117783272,0.000121631050,0.000066352044,0.000065504144,0.000067098993,0.000069331782,0.000069565006,0.000068029229,0.000071778429,0.000071338706,0.000072200632,0.000053153927,0.000052864807,0.000052103789,0.000054507810,0.000053986966,0.000056860946,0.000056909940,0.000056896817,0.000056858526
14,0.000394723914,0.000392301620,0.000388356974,0.000413071147,0.000436342539,0.000410697756,0.000421789204,0.000435263283,0.000426731393,0.000220525057,0.000221625233,0.000216426401,0.000238477577,0.000229380523,0.000228484793,0.000248535352,0.000234733897,0.000246215115,0.000111364422,0.000109903257,0.000112658870,0.000114295962,0.000116305204,0.000112775034,0.000119719125,0.000118229520,0.000122469465,0.000066462709,0.000065893940,0.000067398571,0.000069591410,0.000069964721,0.000068150317,0.000072054499,0.000071621042,0.000072659094,0.000053461363,0.000053012979,0.000052274763,0.000054585820,0.000054080005,0.000057027309,0.000057140772,0.000056904563,0.000056933830
15,0.000395235404,0.000395368533,0.000390114290,0.000413773179,0.000437014090,0.000411525319,0.000424571096,0.000435451036,0.000428832522,0.000222672268,0.000222377213,0.000217342399,0.000239478845,0.000232098423,0.000229293342,0.000249367816,0.000237401710,0.000247778195,0.000111427972,0.000110581230,0.000113138845,0.000114348072,0.000116571574,0.000113284975,0.000120526491,0.000118229520,0.000122717461,0.000066965457,0.000066129490,0.000067502095,0.000069776813,0.000070263980,0.000068310161,0.000072409369,0.000071740660,0.000072937767,0.000053503670,0.000053012979,0.000052296001,0.000054632394,0.000054279617,0.000057032211,0.000057215606,0.000056999815,0.000057112970
16,0.000395796204,0.000396854596,0.000393261921,0.000414467639,0.000437059566,0.000413227367,0.000426014567,0.000436133989,0.000431836852,0.000224425775,0.000223048290,0.000218784322,0.000240014937,0.000234065446,0.000230808283,0.000250285711,0.000239669149,0.000248634066,0.000111619693,0.000110964049,0.000113420898,0.000115075651,0.000117127981,0.000113507940,0.000120663233,0.000118372926,0.000123731613,0.000067212369,0.000066256981,0.000067637978,0.000070013874,0.000070717649,0.000069053645,0.000072458998,0.000072140082,0.000073806809,0.000053797815,0.000053154147,0.000052330548,0.000054745912,0.000054326814,0.000057032211,0.000057221387,0.000057082909,0.000057158830
17,0.000396653579,0.000397296368,0.000394844197,0.000415268613,0.000437059566,0.000413535821,0.000426995413,0.000437821071,0.000432424064,0.000224784696,0.000223483895,0.000219252815,0.000241767999,0.000236248735,0.000232025188,0.000252651621,0.000241142209,0.000249117063,0.000112048151,0.000111388441,0.000113806538,0.000115358192,0.000117841248,0.000113705177,0.000122044797,0.000119413838,0.000124141830,0.000067264233,0.000066314934,0.000067728152,0.000070596902,0.000071252851,0.000069406694,0.000072893032,0.000072260295,0.000074227436,0.000053875093,0.000053216806,0.000052683129,0.000054777909,0.000054408731,0.000057167730,0.000057564769,0.000057183353,0.000057180661
18,0.000399324215,0.000399853262,0.000395336286,0.000415533262,0.000437641142,0.000413915761,0.000427679953,0.000439340591,0.000434587885,0.000226025325,0.000223543435,0.000220646291,0.000243873571,0.000237302172,0.000233176305,0.000254102109,0.000241774501,0.000249298548,0.000112223028,0.000111424300,0.000114603732,0.000115549412,0.000118729632,0.000114040397,0.000122395254,0.000120114739,0.000124226012,0.000067754591,0.000066459123,0.000068177067,0.000070702692,0.000071440692,0.000069616212,0.000073245027,0.000072686344,0.000074777248,0.000054252336,0.000053230199,0.000052837114,0.000054941180,0.000054673207,0.000057263212,0.000057651450,0.000057197366,0.000057209181
19,0.000400105554,0.000399869309,0.000395786451,0.000415703293,0.000438092951,0.000416111156,0.000427703977,0.000439548351,0.000434587885,0.000226920734,0.000224157784,0.000221338957,0.000244219944,0.000238089964,0.000233900681,0.000255091725,0.000244077947,0.000250910647,0.000112557544,0.000112124079,0.000115216721,0.000115679047,0.000119377596,0.000114599936,0.000123137931,0.000120786853,0.000124648231,0.000068032548,0.000066459123,0.000068738785,0.000070882904,0.000071617552,0.000069894694,0.000073278776,0.000072803289,0.000074933724,0.000054252336,0.000053308983,0.000052958277,0.000055234491,0.000054694927,0.000057382511,0.000057651450,0.000057240061,0.000057227045
20,0.000401051154,0.000399869309,0.000395786451,0.000416098919,0.000440249641,0.000418385168,0.000427703977,0.000440086925,0.000434587885,0.000227896746,0.000224666062,0.000222538592,0.000245426248,0.000238951189,0.000236793090,0.000256123298,0.000245967203,0.000252334318,0.000112920109,0.000112366563,0.000115808477,0.000115954422,0.000119771531,0.000115148206,0.000123487520,0.000121041074,0.000124904537,0.000068117851,0.000066833977,0.000069125177,0.000071028948,0.000071874208,0.000070253267,0.000073448091,0.000073061567,0.000075062758,0.000054633028,0.000053341152,0.000053207533,0.000055406272,0.000054937203,0.000057559643,0.000057784413,0.000057464542,0.000057344365
21,0.000403344440,0.000400347324,0.000396076569,0.000417847671,0.000440249641,0.000419121880,0.000427954792,0.000440459575,0.000434587885,0.000229464224,0.000226244626,0.000224679259,0.000246342786,0.000239511115,0.000237393912,0.000258481320,0.000247427674,0.000255451145,0.000113422503,0.000113034057,0.000116600684,0.000116609918,0.000120838233,0.000115163401,0.000124105845,0.000121331081,0.000124932591,0.000068241393,0.000067009333,0.000069288851,0.000071162457,0.000072211664,0.000070560146,0.000073657639,0.000073166300,0.000075364499,0.000055049149,0.000053520247,0.000053317327,0.000055595327,0.000055097897,0.000057816857,0.000057885072,0.000057464542,0.000057388276
22,0.000403344440,0.000402112168,0.000396800797,0.000417854399,0.000442783390,0.000419146837,0.000429029076,0.000440681195,0.000434587885,0.000230689043,0.000226333568,0.000224875168,0.000246526485,0.000241104819,0.000237894993,0.000259195138,0.000248998682,0.000257810752,0.000114939314,0.000114289205,0.000116600684,0.000116993813,0.000120940945,0.000115408175,0.000124228091,0.000121833190,0.000125242748,0.000068419020,0.000067149928,0.000069485976,0.000071286999,0.000072425501,0.000070603797,0.000073994500,0.000073548512,0.000075872932,0.000055338525,0.000053604093,0.000053493755,0.000055918335,0.000055394303,0.000057840563,0.000058122713,0.000057792729,0.000057560639
23,0.000403344440,0.000402112168,0.000397776400,0.000418653003,0.000442783390,0.000420417738,0.000429922808,0.000440681195,0.000435018660,0.000231280718,0.000226551411,0.000225452854,0.000247293398,0.000241430783,0.000238546748,0.000261630567,0.000249811822,0.000258057849,0.000115221183,0.000114721781,0.000117149045,0.000117366715,0.000120973774,0.000115973572,0.000124531746,0.000122100110,0.000125534895,0.000068593187,0.000067359206,0.000069740525,0.000071316062,0.000072506615,0.000070693884,0.000074177498,0.000074514180,0.000076174629,0.000055351218,0.000053961658,0.000053493755,0.000056186612,0.000055415244,0.000057959820,0.000058200008,0.000057830466,0.000057637201
24,0.000404218100,0.000402181536,0.000397776400,0.000419062173,0.000442783390,0.000420442694,0.000429950795,0.000441778751,0.000439109173,0.000232289078,0.000227186892,0.000227079376,0.000248051493,0.000242993064,0.000239253444,0.000263803141,0.000250523527,0.000259725865,0.000115392020,0.000114721781,0.000117231601,0.000117818321,0.000121071045,0.000116240796,0.000125253124,0.000122100110,0.000125582201,0.000068620793,0.000067666505,0.000070054765,0.000071571092,0.000072524160,0.000070755743,0.000074650750,0.000074652046,0.000076363221,0.000055428497,0.000054215686,0.000053528427,0.000056449289,0.000055619071,0.000058086647,0.000058569301,0.000058069500,0.000057827434
25,0.000404218100,0.000402567664,0.000397939744,0.000419090989,0.000442790531,0.000421017481,0.000430142466,0.000441778751,0.000439109173,0.000232902128,0.000228651014,0.000228158192,0.000249028199,0.000243463237,0.000241250093,0.000264012722,0.000251108929,0.000260971857,0.000115562490,0.000114760378,0.000117455467,0.000118167252,0.000121219811,0.000116447026,0.000125688787,0.000122481952,0.000125871419,0.000068848372,0.000067750713,0.000070137277,0.000071862182,0.000072731564,0.000071048927,0.000074659135,0.000075534930,0.000076480713,0.000055428497,0.000054265243,0.000053558118,0.000056502752,0.000055619071,0.000058151536,0.000058569301,0.000058129741,0.000058015143
26,0.000404409412,0.000402740438,0.000397939744,0.000419969729,0.000443162007,0.000421040636,0.000430142466,0.000441778751,0.000439128122,0.000233295939,0.000229288227,0.000229787129,0.000249982351,0.000243579333,0.000241712631,0.000264917109,0.000252527511,0.000262441642,0.000115706208,0.000114905539,0.000117518294,0.000118739218,0.000121323598,0.000117064477,0.000126395886,0.000122824450,0.000125972598,0.000068926453,0.000067925851,0.000070595744,0.000072156817,0.000072758737,0.000071409118,0.000074956003,0.000075700233,0.000076723676,0.000055428497,0.000054275315,0.000054034003,0.000056741748,0.000055945171,0.000058151536,0.000058679687,0.000058271685,0.000058149242
27,0.000404429675,0.000402847876,0.000398860711,0.000419969729,0.000443487519,0.000421259362,0.000430142466,0.000441778751,0.000439128122,0.000233295939,0.000229785274,0.000230249823,0.000251322466,0.000244097702,0.000241950688,0.000265012768,0.000254638257,0.000263810822,0.000115953327,0.000115034659,0.000117809843,0.000119132936,0.000121323598,0.000117548869,0.000126420563,0.000123265495,0.000126883171,0.000069282927,0.000068037258,0.000070595744,0.000072694099,0.000073110717,0.000071410989,0.000075078076,0.000075989285,0.000076785407,0.000055475015,0.000054473916,0.000054146456,0.000056836350,0.000055994742,0.000058317446,0.000058684253,0.000058400103,0.000058344767
28,0.000404552792,0.000403365353,0.000399660880,0.000419969729,0.000443495642,0.000421688996,0.000430142466,0.000441778751,0.000439128122,0.000235340039,0.000230119902,0.000231350397,0.000253145099,0.000244766572,0.000242733968,0.000267425457,0.000256158738,0.000264204039,0.000116331852,0.000115363880,0.000117887921,0.000119674629,0.000121390982,0.000117814938,0.000126615976,0.000123606542,0.000127401838,0.000069382983,0.000068357035,0.000070728063,0.000072914249,0.000073430817,0.000071683807,0.000075660235,0.000076308757,0.000076911946,0.000055533519,0.000054473916,0.000054191153,0.000056929962,0.000056339802,0.000058385061,0.000058698974,0.000058479357,0.000058488669
29,0.000404655819,0.000403796746,0.000399660880,0.000420103731,0.000443495642,0.000422275075,0.000430142466,0.000441778751,0.000439128122,0.000235464161,0.000231187299,0.000231714733,0.000253869415,0.000246211438,0.000243484753,0.000268034982,0.000258041614,0.000264350103,0.000116513615,0.000115570925,0.000118052360,0.000119944923,0.000121517982,0.000118026313,0.000127072531,0.000124091060,0.000127872092,0.000069814300,0.000068379175,0.000070895890,0.000073189358,0.000073430817,0.000071896981,0.000075924162,0.000076402916,0.000077201928,0.000056014955,0.000054585892,0.000054295622,0.000056929962,0.000056557463,0.000058454831,0.000058829061,0.000058658133,0.000058701920
30,0.000406151511,0.000411355975,0.000399660880,0.000420103731,0.000445477572,0.000422431615,0.000430742432,0.000441778751,0.000439128122,0.000236721121,0.000232088989,0.000231890529,0.000255162552,0.000247123093,0.000244959882,0.000268588740,0.000259568890,0.000265971155,0.000116744317,0.000115663385,0.000118088096,0.000120188143,0.000121937697,0.000118497686,0.000127929417,0.000124587168,0.000128233909,0.000069973437,0.000068805189,0.000071261016,0.000073223824,0.000073679067,0.000072024127,0.000076011552,0.000076496957,0.000077317520,0.000056196185,0.000054622227,0.000054352600,0.000057042542,0.000056890365,0.000058454831,0.000058835713,0.000058993637,0.000058910167
31,0.000406202589,0.000411379998,0.000399660880,0.000422740900,0.000447188277,0.000422431615,0.000430742432,0.000441778751,0.000439128122,0.000236831292,0.000232684389,0.000233698807,0.000256905450,0.000247544088,0.000245652409,0.000268894575,0.000260981640,0.000266349237,0.000116814211,0.000116512088,0.000118424212,0.000120661342,0.000122207114,0.000119139810,0.000128661986,0.000125375088,0.000128552678,0.000070156406,0.000068845913,0.000071601444,0.000073238196,0.000073935526,0.000072090613,0.000076011552,0.000076627134,0.000077736093,0.000056196185,0.000054760485,0.000054352600,0.000057114389,0.000056954311,0.000058587973,0.000058970018,0.000059020001,0.000058910167
32,0.000407281687,0.000412077151,0.000399660880,0.000423651713,0.000447188277,0.000422704970,0.000431038293,0.000441778751,0.000439128122,0.000238368343,0.000233242700,0.000234138302,0.000258666025,0.000247607410,0.000245927779,0.000269633228,0.000261620487,0.000266877295,0.000116845876,0.000116653172,0.000118496376,0.000121294972,0.000122509671,0.000119900704,0.000128807709,0.000125381068,0.000128552678,0.000070367832,0.000069044342,0.000071937135,0.000073279642,0.000074311775,0.000072441384,0.000076247449,0.000076934045,0.000077989596,0.000056359245,0.000055049407,0.000054365887,0.000057158549,0.000056997040,0.000058587973,0.000059117270,0.000059020001,0.000058923325
33,0.000408186740,0.000412077151,0.000399660880,0.000424259795,0.000447188277,0.000423203816,0.000431038293,0.000441778751,0.000439128122,0.000238582527,0.000233969145,0.000235213362,0.000259550768,0.000248102622,0.000247834778,0.000271175571,0.000264345425,0.000267376377,0.000117230154,0.000116831594,0.000119087676,0.000121665755,0.000123058490,0.000120350630,0.000129208544,0.000125666296,0.000129243239,0.000070933086,0.000069060749,0.000071949240,0.000073344460,0.000074530169,0.000072484234,0.000076247449,0.000077010369,0.000078268999,0.000056369366,0.000055283766,0.000054419010,0.000057556121,0.000057055432,0.000058689663,0.000059154757,0.000059193101,0.000059093426
34,0.000408762097,0.000412077151,0.000400027356,0.000424725633,0.000447188277,0.000424697823,0.000431458097,0.000441778751,0.000439636059,0.000238820318,0.000233969145,0.000236494568,0.000259950920,0.000249254036,0.000248049437,0.000272256417,0.000265292391,0.000268022625,0.000117344764,0.000116987068,0.000119454398,0.000122079963,0.000123253349,0.000120706220,0.000129522144,0.000125934877,0.000129653760,0.000071057373,0.000069285187,0.000072287864,0.000073767748,0.000074775148,0.000072673007,0.000076259283,0.000077089841,0.000078301003,0.000056562636,0.000055328521,0.000054551618,0.000057556121,0.000057235168,0.000059029547,0.000059154757,0.000059430140,0.000059348988
35,0.000408773667,0.000412584259,0.000400047916,0.000424725633,0.000447188277,0.000424697823,0.000431458097,0.000442177543,0.000439712211,0.000241487879,0.000234776705,0.000236910316,0.000260322927,0.000249847401,0.000248555683,0.000272752724,0.000265753484,0.000269239553,0.000117554308,0.000117176802,0.000120044187,0.000122215578,0.000123715209,0.000120823664,0.000129898608,0.000126347298,0.000129994195,0.000071256160,0.000069302892,0.000072359256,0.000074015130,0.000075450487,0.000072980530,0.000076538608,0.000077467263,0.000078355922,0.000056651688,0.000055328521,0.000054586296,0.000057647459,0.000057235168,0.000059029547,0.000059248270,0.000059654292,0.000059348988
36,0.000410021430,0.000413588671,0.000402074966,0.000424725633,0.000447188277,0.000426974121,0.000431458097,0.000442177543,0.000440453577,0.000242547519,0.000235490705,0.000237522083,0.000262207500,0.000250780096,0.000250483293,0.000273737303,0.000266936778,0.000269421514,0.000117714331,0.000117223721,0.000120145880,0.000122549541,0.000123972644,0.000121042807,0.000130320292,0.000126689932,0.000130097153,0.000071500734,0.000069364743,0.000072498957,0.000074228468,0.000075605158,0.000073432733,0.000076677884,0.000078084524,0.000078358004,0.000056651688,0.000055328521,0.000054948573,0.000057744019,0.000057275558,0.000059377547,0.000059285973,0.000059654292,0.000059348988
37,0.000410021430,0.000413600975,0.000403743584,0.000424725633,0.000447188277,0.000426974121,0.000431458097,0.000442177543,0.000440453577,0.000243282636,0.000236328384,0.000237916826,0.000263028807,0.000251402886,0.000250495332,0.000274273028,0.000267866627,0.000271172032,0.000118142622,0.000117223721,0.000120145880,0.000123144533,0.000124109571,0.000121288530,0.000130460026,0.000127344692,0.000130555362,0.000071843380,0.000069612530,0.000072498957,0.000074249596,0.000075734683,0.000074082807,0.000076762224,0.000078267563,0.000078694012,0.000056836127,0.000055500580,0.000054948573,0.000058064378,0.000057287304,0.000059598190,0.000059339062,0.000059735559,0.000059348988
38,0.000410125715,0.000413600975,0.000403767607,0.000424725633,0.000447188277,0.000428757387,0.000431458097,0.000442810480,0.000440453577,0.000244266849,0.000237586473,0.000238907141,0.000264118599,0.000252274096,0.000251033553,0.000275445698,0.000268605734,0.000271355496,0.000118968272,0.000117309695,0.000120145880,0.000123184406,0.000124460474,0.000121526931,0.000130463306,0.000127603963,0.000130773066,0.000072262680,0.000069706125,0.000072734660,0.000074531348,0.000075920802,0.000074367186,0.000077141853,0.000078497374,0.000078694012,0.000056955894,0.000055560753,0.000054981511,0.000058087604,0.000057554386,0.000059718147,0.000059365489,0.000059816482,0.000059461682
39,0.000410290849,0.000413600975,0.000405169584,0.000424725633,0.000447188277,0.000429122575,0.000431585930,0.000443858332,0.000440453577,0.000245552545,0.000238252338,0.000240394152,0.000264392810,0.000252758644,0.000252102821,0.000276476658,0.000269418406,0.000272037226,0.000119226373,0.000117309695,0.000120205925,0.000123596549,0.000124861983,0.000121976213,0.000130869373,0.000127842687,0.000131056735,0.000072266520,0.000069706125,0.000072949154,0.000074601522,0.000076048100,0.000074571775,0.000077186210,0.000078639502,0.000078784590,0.000057175005,0.000055574154,0.000055087196,0.000058174076,0.000057730107,0.000059722144,0.000059467211,0.000059888859,0.000059779029
40,0.000410703038,0.000413600975,0.000405180679,0.000424725633,0.000447188277,0.000429122575,0.000431590431,0.000443858332,0.000440453577,0.000245879988,0.000239965247,0.000241134197,0.000264933403,0.000252887596,0.000252276518,0.000277046231,0.000270214790,0.000272130325,0.000119376590,0.000117309695,0.000120379019,0.000123969435,0.000124865630,0.000122236893,0.000130954157,0.000128101535,0.000131068694,0.000072433881,0.000069707181,0.000073134389,0.000074726003,0.000076399071,0.000074814730,0.000077596721,0.000078825354,0.000079438705,0.000057180241,0.000055688885,0.000055108771,0.000058418466,0.000057749965,0.000059872849,0.000059530982,0.000059923663,0.000059817506
41,0.000410703038,0.000414079951,0.000405180679,0.000424725633,0.000447188277,0.000429122575,0.000431590431,0.000444184601,0.000440453577,0.000246605479,0.000240538534,0.000241331281,0.000265028501,0.000253210608,0.000252276518,0.000277965351,0.000271985271,0.000272653427,0.000119376590,0.000117523716,0.000120457896,0.000124566091,0.000125059412,0.000122462080,0.000131085638,0.000128286112,0.000131100395,0.000072708323,0.000069830553,0.000073363468,0.000075096585,0.000076539537,0.000075077724,0.000077732125,0.000078877337,0.000079554008,0.000057180241,0.000055688885,0.000055313159,0.000058558645,0.000057837512,0.000059962254,0.000059680166,0.000059936146,0.000059990776
42,0.000411131915,0.000414148966,0.000405180679,0.000424725633,0.000447382074,0.000429122575,0.000431590431,0.000444378034,0.000443286839,0.000246621433,0.000241854345,0.000241871121,0.000266935779,0.000253842026,0.000253199893,0.000279339883,0.000272366306,0.000273549039,0.000119456477,0.000117578756,0.000120517217,0.000124717158,0.000125065932,0.000122462080,0.000131285520,0.000128286112,0.000131533248,0.000073045599,0.000070174933,0.000073849665,0.000075123978,0.000076539537,0.000075220329,0.000078081101,0.000078927223,0.000079807907,0.000057328776,0.000055842228,0.000055329216,0.000058562737,0.000057857025,0.000060121891,0.000059875200,0.000059988757,0.000060135088
43,0.000411131915,0.000414148966,0.000405436557,0.000425078497,0.000448304313,0.000429122575,0.000432688784,0.000444378034,0.000443286839,0.000247925167,0.000244084852,0.000242572675,0.000267902788,0.000254387708,0.000253670264,0.000280649822,0.000272417870,0.000274234896,0.000120039297,0.000117578756,0.000120526121,0.000124869122,0.000125333763,0.000122584182,0.000131375338,0.000128571326,0.000131568243,0.000073357546,0.000070219069,0.000074118034,0.000075168447,0.000076658772,0.000075315893,0.000078472308,0.000079157632,0.000079958901,0.000057354302,0.000055936627,0.000055403502,0.000058584151,0.000057949551,0.000060154523,0.000059932055,0.000060023130,0.000060230353
44,0.000411887187,0.000414148966,0.000405436557,0.000426265891,0.000449143164,0.000429122575,0.000432688784,0.000444886658,0.000443286839,0.000249140852,0.000244652783,0.000242910912,0.000268270755,0.000254758075,0.000254247877,0.000281558815,0.000272516636,0.000274466197,0.000120895330,0.000117578756,0.000120526121,0.000124880225,0.000125333763,0.000122827498,0.000131509328,0.000129471718,0.000131674742,0.000073973377,0.000070346291,0.000074209743,0.000075181004,0.000076868577,0.000075461546,0.000078596870,0.000079188481,0.000080187152,0.000057354302,0.000056183221,0.000055475524,0.000058615074,0.000058028458,0.000060683840,0.000060048020,0.000060033293,0.000060282539
45,0.000411911084,0.000414148966,0.000405630355,0.000429070724,0.000449225039,0.000430514687,0.000432688784,0.000444886658,0.000443286839,0.000249188387,0.000246749227,0.000243160336,0.000268639261,0.000254758075,0.000254325487,0.000282269845,0.000273688872,0.000274918799,0.000120922014,0.000117693179,0.000120789315,0.000124939549,0.000125485822,0.000123300781,0.000131682789,0.000129598303,0.000131699559,0.000074138700,0.000070575209,0.000074215560,0.000075292813,0.000077043816,0.000075628411,0.000078656826,0.000079347770,0.000080449599,0.000057429124,0.000056193007,0.000055539800,0.000058840525,0.000058038990,0.000060718586,0.000060142946,0.000060199697,0.000060318178
46,0.000411911084,0.000414148966,0.000406910397,0.000429656803,0.000449225039,0.000430514687,0.000432688784,0.000445020304,0.000443286839,0.000249461658,0.000246910726,0.000243349223,0.000269749586,0.000255111304,0.000255124312,0.000282894796,0.000274173543,0.000275313620,0.000121216087,0.000117963541,0.000120789315,0.000124984709,0.000125544085,0.000124113289,0.000131830534,0.000130854763,0.000132332735,0.000074210113,0.000070779222,0.000074288768,0.000075485387,0.000077143759,0.000075810059,0.000078800355,0.000079385478,0.000080687307,0.000057542423,0.000056390502,0.000055635823,0.000058847913,0.000058051042,0.000060837328,0.000060190403,0.000060244792,0.000060318178
47,0.000412802062,0.000414148966,0.000406964395,0.000429656803,0.000449225039,0.000430546173,0.000432688784,0.000445214101,0.000443286839,0.000249954135,0.000246947504,0.000243440349,0.000271204977,0.000256129086,0.000257082789,0.000283183374,0.000274423063,0.000275412559,0.000121241408,0.000118372386,0.000120789315,0.000125646838,0.000125614264,0.000124636036,0.000132345956,0.000131328891,0.000132606906,0.000074383011,0.000070954140,0.000074356236,0.000075502347,0.000077156491,0.000076260493,0.000079063147,0.000079642438,0.000081002720,0.000057580897,0.000056390502,0.000055644077,0.000058933062,0.000058051042,0.000060910530,0.000060352457,0.000060244792,0.000060324558
48,0.000413127084,0.000414148966,0.000407372205,0.000429656803,0.000449225039,0.000430546173,0.000432688784,0.000445829263,0.000443286839,0.000250119281,0.000247491809,0.000244003765,0.000271316900,0.000256351027,0.000257169774,0.000283423689,0.000274901782,0.000275427463,0.000121560693,0.000118545839,0.000121187624,0.000125686860,0.000126164038,0.000124933723,0.000132832514,0.000131377342,0.000132610260,0.000074505921,0.000071435995,0.000074361653,0.000076036664,0.000077158344,0.000076289891,0.000079141111,0.000079887747,0.000081235810,0.000057701999,0.000056502728,0.000055644077,0.000059002360,0.000058062689,0.000060910530,0.000060596613,0.000060244984,0.000060324558
49,0.000413691606,0.000414684879,0.000407372205,0.000429731438,0.000449249995,0.000430546173,0.000432738115,0.000445980047,0.000443286839,0.000251189822,0.000248315883,0.000244115920,0.000271540618,0.000259202765,0.000257340031,0.000284368230,0.000274986782,0.000275926516,0.000121871831,0.000118630883,0.000121626061,0.000125953770,0.000126836771,0.000125024058,0.000132965403,0.000132320241,0.000132763158,0.000074631259,0.000071514024,0.000074361653,0.000076485960,0.000077185564,0.000076436147,0.000079437633,0.000080057264,0.000081463464,0.000058035639,0.000056582757,0.000055791943,0.000059127876,0.000058161118,0.000060910530,0.000060596613,0.000060405980,0.000060324558
50,0.000414275993,0.000414684879,0.000407372205,0.000429731438,0.000449361902,0.000430546173,0.000432997308,0.000446142616,0.000443286839,0.000251566592,0.000248553312,0.000244196762,0.000271755951,0.000260325907,0.000258007249,0.000284526847,0.000275489395,0.000276282194,0.000122063799,0.000118653401,0.000121877315,0.000126394084,0.000126861574,0.000125033163,0.000133215876,0.000132346506,0.000133083696,0.000074904987,0.000071522462,0.000074361653,0.000076778253,0.000077576440,0.000076904269,0.000079704361,0.000080241627,0.000081549194,0.000058067278,0.000056582757,0.000055831029,0.000059127876,0.000058161118,0.000060939862,0.000060735237,0.000060572333,0.000060324558
51,0.000414275993,0.000414684879,0.000407372205,0.000429746794,0.000449361902,0.000431373116,0.000435248191,0.000446142616,0.000443286839,0.000251746790,0.000248777775,0.000244261340,0.000272106163,0.000260823374,0.000259413097,0.000285246123,0.000277624257,0.000276368656,0.000122069740,0.000118728408,0.000122060028,0.000126790767,0.000126906876,0.000125298417,0.000133984645,0.000132896388,0.000133182498,0.000075015199,0.000071553591,0.000074558889,0.000077189514,0.000077576440,0.000077198517,0.000080105249,0.000080551658,0.000081549194,0.000058157963,0.000056586172,0.000055831029,0.000059151579,0.000058203899,0.000060995261,0.000061102610,0.000060591755,0.000060324558
52,0.000414275993,0.000414684879,0.000407372205,0.000430345527,0.000449441700,0.000432226232,0.000435248191,0.000446166640,0.000443286839,0.000251874191,0.000249923511,0.000244261340,0.000272942010,0.000261528907,0.000259935700,0.000286044965,0.000277741178,0.000276779045,0.000122344783,0.000118830104,0.000122195681,0.000126992807,0.000127148179,0.000125672187,0.000134077613,0.000133436579,0.000133770422,0.000075151505,0.000071829861,0.000074842684,0.000077264770,0.000077583001,0.000077277831,0.000080496150,0.000080683253,0.000081799659,0.000058157963,0.000056620917,0.000055831029,0.000059290168,0.000058468248,0.000061131868,0.000061150198,0.000060735356,0.000060506456
53,0.000414749497,0.000415011969,0.000407477151,0.000430345527,0.000449525472,0.000432687321,0.000435248191,0.000446166640,0.000443286839,0.000252379904,0.000250536694,0.000244317319,0.000273701065,0.000263253984,0.000260317853,0.000286433503,0.000278126222,0.000276779045,0.000123305671,0.000119241387,0.000122604159,0.000127283232,0.000127325065,0.000126124194,0.000134433264,0.000134226810,0.000134728335,0.000075568119,0.000071934375,0.000074918419,0.000077302496,0.000077602512,0.000077387647,0.000080645731,0.000080832696,0.000082149657,0.000058242631,0.000056994879,0.000055935129,0.000059304710,0.000058475588,0.000061153270,0.000061156979,0.000060993331,0.000060520176
54,0.000414749497,0.000415232686,0.000407477151,0.000430345527,0.000449525472,0.000432687321,0.000435248191,0.000446166640,0.000443286839,0.000252941932,0.000252261163,0.000244508230,0.000273701065,0.000264235605,0.000260317853,0.000286825543,0.000278784975,0.000277130843,0.000123421593,0.000119618123,0.000122620751,0.000127292389,0.000127644309,0.000126286351,0.000134575762,0.000134436748,0.000135337256,0.000075626682,0.000071934375,0.000074918419,0.000077402063,0.000077731297,0.000077660763,0.000080815505,0.000081096715,0.000082197717,0.000058242631,0.000057001920,0.000056046394,0.000059408252,0.000058556643,0.000061153270,0.000061158661,0.000060993331,0.000060586616
55,0.000414749497,0.000415232686,0.000407477151,0.000430345527,0.000449525472,0.000433262942,0.000435248191,0.000446166640,0.000443286839,0.000253030486,0.000252489926,0.000245030267,0.000274432318,0.000265510635,0.000260682324,0.000287135125,0.000278896637,0.000277279733,0.000123421593,0.000119682130,0.000122656679,0.000127890966,0.000127644309,0.000126384677,0.000134735539,0.000135159829,0.000135546880,0.000075693985,0.000071958915,0.000074918419,0.000077690422,0.000077767011,0.000077780889,0.000080856886,0.000081174130,0.000082733606,0.000058491176,0.000057078230,0.000056135150,0.000059519138,0.000058657822,0.000061334123,0.000061229448,0.000061121690,0.000060616729
56,0.000414832057,0.000415232686,0.000407477151,0.000430345527,0.000449525472,0.000433262942,0.000435248191,0.000446166640,0.000443286839,0.000253373803,0.000252530965,0.000245201944,0.000274597400,0.000266442702,0.000260911659,0.000287971674,0.000280121068,0.000277653397,0.000123507869,0.000119692552,0.000123162081,0.000128555693,0.000128565215,0.000127444545,0.000135064859,0.000135384268,0.000135546880,0.000075854734,0.000072092511,0.000075023906,0.000077806810,0.000077769017,0.000078041382,0.000080909379,0.000081223934,0.000083115669,0.000058516328,0.000057078230,0.000056245294,0.000059519138,0.000058778122,0.000061362165,0.000061237935,0.000061237254,0.000060622932
57,0.000414864617,0.000415374752,0.000407477151,0.000430345527,0.000449732612,0.000433273399,0.000435248191,0.000446166640,0.000443286839,0.000253373803,0.000253155584,0.000245272544,0.000274678134,0.000266561911,0.000261240471,0.000289292808,0.000280594329,0.000278041925,0.000123808161,0.000119752745,0.000123242866,0.000128681827,0.000128646662,0.000127444545,0.000135886441,0.000135426316,0.000135805666,0.000076004365,0.000072156794,0.000075104407,0.000077879271,0.000077848973,0.000078182408,0.000081352899,0.000081229168,0.000083201239,0.000058516328,0.000057078230,0.000056357580,0.000059599528,0.000058809500,0.000061442934,0.000061304504,0.000061430038,0.000060889781
58,0.000414864617,0.000415374752,0.000407477151,0.000430345527,0.000450994866,0.000433273399,0.000435925760,0.000446166640,0.000443286839,0.000253558007,0.000253648502,0.000245474515,0.000275083536,0.000266869395,0.000261266164,0.000289500799,0.000280937898,0.000278503312,0.000123855914,0.000119978618,0.000123309591,0.000128707015,0.000128871137,0.000127823472,0.000136261413,0.000135536307,0.000135889390,0.000076155254,0.000072503633,0.000075125387,0.000078104006,0.000077848973,0.000078438102,0.000081445804,0.000081298552,0.000083430357,0.000058516328,0.000057078230,0.000056445672,0.000059640445,0.000058809500,0.000061443644,0.000061538286,0.000061564129,0.000061022232
59,0.000414864617,0.000417989361,0.000407477151,0.000430509097,0.000450994866,0.000433273399,0.000435925760,0.000446166640,0.000443726592,0.000253663181,0.000254254035,0.000245867655,0.000275615277,0.000267311910,0.000261414383,0.000290068121,0.000281238491,0.000278656465,0.000124271473,0.000120515867,0.000123367796,0.000128792164,0.000128899284,0.000128017184,0.000136550175,0.000135546161,0.000136498512,0.000076534320,0.000072569814,0.000075310113,0.000078432408,0.000077848973,0.000079008707,0.000081523205,0.000081717323,0.000083622352,0.000058522310,0.000057078230,0.000056445672,0.000059733832,0.000058997334,0.000061452760,0.000061694205,0.000061564129,0.000061022232
60,0.000414864617,0.000417989361,0.000407477151,0.000430509097,0.000450994866,0.000433273399,0.000435925760,0.000446166640,0.000443726592,0.000253926722,0.000254254035,0.000246136588,0.000276316464,0.000267374744,0.000261614322,0.000290423848,0.000281620128,0.000279177253,0.000124292320,0.000120594879,0.000123367796,0.000128974210,0.000129216979,0.000128374396,0.000136897829,0.000135859167,0.000136767129,0.000076616124,0.000072663249,0.000075526850,0.000078640095,0.000077886258,0.000079088847,0.000081523205,0.000081950808,0.000083842355,0.000058539606,0.000057093271,0.000056525326,0.000059765711,0.000059008617,0.000061551355,0.000061794234,0.000061591386,0.000061048020
61,0.000414864617,0.000417989361,0.000407495278,0.000430509097,0.000450994866,0.000433451872,0.000435925760,0.000446166640,0.000443726592,0.000254261103,0.000254447281,0.000246136588,0.000276611871,0.000267594431,0.000261814944,0.000290441975,0.000282230113,0.000279177253,0.000124458036,0.000121023356,0.000123526350,0.000129049294,0.000129346964,0.000128825836,0.000137033560,0.000136211650,0.000137446858,0.000076653749,0.000072690320,0.000075633079,0.000078774953,0.000078245969,0.000079101034,0.000081805615,0.000081996618,0.000083880512,0.000058539606,0.000057093271,0.000056525326,0.000059917721,0.000059008617,0.000061600594,0.000061794234,0.000061687196,0.000061151174
62,0.000416060130,0.000417989361,0.000407836201,0.000430519670,0.000450994866,0.000433451872,0.000435925760,0.000448382693,0.000443726592,0.000254988508,0.000255264268,0.000246979452,0.000277565599,0.000268178426,0.000262047480,0.000290454132,0.000282241388,0.000279277140,0.000124497125,0.000121466349,0.000123825697,0.000129109056,0.000129446269,0.000128829319,0.000137101112,0.000136597833,0.000137713690,0.000077226008,0.000072749559,0.000075633079,0.000079125262,0.000078257698,0.000079506670,0.000081901664,0.000082015706,0.000083918285,0.000058641374,0.000057093271,0.000056526977,0.000060027624,0.000059075357,0.000061616026,0.000061923636,0.000061717282,0.000061151174
63,0.000416060130,0.000418314742,0.000408127195,0.000431793115,0.000450994866,0.000433451872,0.000435925760,0.000448382693,0.000443726592,0.000255070680,0.000255442263,0.000247539303,0.000278051668,0.000268680121,0.000262579676,0.000291548629,0.000282241388,0.000279321337,0.000124518996,0.000121476650,0.000123839751,0.000129560443,0.000129934599,0.000128829319,0.000137492902,0.000136798213,0.000137751084,0.000077384448,0.000072768050,0.000075657225,0.000079515685,0.000078404200,0.000079783578,0.000082098941,0.000082065600,0.000084542418,0.000058641374,0.000057131548,0.000056526977,0.000060145895,0.000059201024,0.000061626362,0.000062123963,0.000061717282,0.000061314957
64,0.000416060130,0.000418781762,0.000408127195,0.000432466451,0.000450994866,0.000433451872,0.000435925760,0.000448382693,0.000443726592,0.000255155630,0.000256176551,0.000247685578,0.000278530111,0.000269886534,0.000263211501,0.000291762755,0.000283164080,0.000279437714,0.000124579589,0.000121691001,0.000123987370,0.000129695860,0.000130421204,0.000129596747,0.000137590575,0.000136982160,0.000137971257,0.000077712631,0.000072916323,0.000075847101,0.000079586393,0.000078838079,0.000079963988,0.000082331245,0.000082200254,0.000084635796,0.000058641374,0.000057131548,0.000056554640,0.000060189845,0.000059379693,0.000061626362,0.000062269797,0.000061787656,0.000061360332
65,0.000416991230,0.000418781762,0.000408127195,0.000432466451,0.000451002869,0.000433451872,0.000435925760,0.000448382693,0.000443726592,0.000255632812,0.000256614534,0.000248415035,0.000278595141,0.000271372065,0.000263286186,0.000292011411,0.000283679793,0.000279931036,0.000125004493,0.000121691001,0.000124862895,0.000129979938,0.000130503908,0.000129617858,0.000138118338,0.000137525935,0.000138046782,0.000077890686,0.000073126165,0.000075847101,0.000080199196,0.000078955854,0.000079963988,0.000082694327,0.000082414660,0.000084768913,0.000058716878,0.000057146260,0.000056658928,0.000060419716,0.000059493952,0.000061774385,0.000062460051,0.000061787656,0.000061519200
66,0.000417011675,0.000420184082,0.000408127195,0.000432706642,0.000451002869,0.000433451872,0.000435925760,0.000448382693,0.000443726592,0.000255883250,0.000257319313,0.000249324326,0.000279652635,0.000271943438,0.000263896432,0.000292449718,0.000283679793,0.000279933212,0.000125443249,0.000121741091,0.000124904957,0.000130050838,0.000130665557,0.000129814637,0.000139021505,0.000137801683,0.000138046782,0.000077987898,0.000073293119,0.000076062353,0.000080199211,0.000079361125,0.000079990025,0.000082940796,0.000082456590,0.000084768913,0.000058740000,0.000057225386,0.000056667106,0.000060581827,0.000059858417,0.000061801588,0.000062461956,0.000061808051,0.000061600866
67,0.000417011675,0.000420184082,0.000408927819,0.000432706642,0.000451002869,0.000433451872,0.000435925760,0.000448382693,0.000443726592,0.000256678187,0.000257460955,0.000249779401,0.000279726518,0.000273044632,0.000263931548,0.000292563841,0.000283702362,0.000280114455,0.000125671513,0.000121811459,0.000124907542,0.000130074069,0.000130752324,0.000129821370,0.000139858060,0.000138182831,0.000138396622,0.000077990207,0.000073534437,0.000076072507,0.000080205318,0.000079401829,0.000080069583,0.000083132018,0.000082724285,0.000084946029,0.000058800621,0.000057281498,0.000056667106,0.000060862181,0.000059870093,0.000061809664,0.000062496997,0.000061825009,0.000061600866
68,0.000417027498,0.000420184082,0.000409398259,0.000433078268,0.000451002869,0.000433451872,0.000435925760,0.000448382693,0.000443726592,0.000257062329,0.000258901939,0.000250410992,0.000280181965,0.000273480136,0.000264004280,0.000293249501,0.000284267110,0.000280369728,0.000125671513,0.000121911736,0.000124907542,0.000130415312,0.000131027578,0.000130091614,0.000140326615,0.000138512241,0.000139030269,0.000078013215,0.000073567534,0.000076072507,0.000080223183,0.000079502450,0.000080134605,0.000083484978,0.000082765635,0.000085257069,0.000058802027,0.000057281498,0.000056675309,0.000060941992,0.000059884309,0.000061966841,0.000062568206,0.000061974595,0.000061617895
69,0.000417080239,0.000420347653,0.000409398259,0.000433078268,0.000451002869,0.000433451872,0.000435925760,0.000448382693,0.000443726592,0.000257192494,0.000259032388,0.000250939807,0.000280457625,0.000274479589,0.000265099064,0.000293850255,0.000285369961,0.000280510597,0.000126113519,0.000121957679,0.000125079885,0.000130554796,0.000131039847,0.000130521220,0.000140589669,0.000138882378,0.000139138977,0.000078197544,0.000073662819,0.000076378583,0.000080439742,0.000079605107,0.000080148318,0.000084093898,0.000082963804,0.000085257069,0.000058838867,0.000057295238,0.000056675309,0.000061223445,0.000059986457,0.000061980538,0.000062777553,0.000061989465,0.000061617895
70,0.000417080239,0.000420347653,0.000409398259,0.000433078268,0.000451443170,0.000433451872,0.000435925760,0.000448382693,0.000443726592,0.000257406568,0.000260043896,0.000251011003,0.000280535176,0.000276606617,0.000265152605,0.000294036274,0.000285562359,0.000280603030,0.000126314750,0.000122201644,0.000125197973,0.000130628479,0.000131180122,0.000131167519,0.000140909127,0.000138938274,0.000139754677,0.000078254086,0.000073662819,0.000076378583,0.000080474013,0.000079815243,0.000080161193,0.000084292140,0.000083183240,0.000085453160,0.000058853355,0.000057324109,0.000056714914,0.000061366258,0.000059995611,0.000062061666,0.000062793067,0.000062098407,0.000061698360
71,0.000417080239,0.000420347653,0.000409509478,0.000433078268,0.000451443170,0.000433451872,0.000435925760,0.000448382693,0.000443726592,0.000257537626,0.000260395020,0.000251069552,0.000280535176,0.000277462361,0.000265487750,0.000294333722,0.000286127804,0.000280787095,0.000126843316,0.000122620008,0.000125229377,0.000130985249,0.000131197250,0.000131322376,0.000140996035,0.000139321440,0.000140080952,0.000078682910,0.000073675102,0.000076490553,0.000081125725,0.000080132765,0.000080249733,0.000084357736,0.000083269755,0.000085632377,0.000058887671,0.000057324109,0.000056880545,0.000061560031,0.000059999399,0.000062107949,0.000062916588,0.000062193834,0.000061698360
72,0.000417080239,0.000420347653,0.000410583512,0.000433386337,0.000451443170,0.000434290806,0.000436022178,0.000448382693,0.000443726592,0.000257670822,0.000260467589,0.000251451769,0.000280558327,0.000277462361,0.000265895809,0.000294701852,0.000286257527,0.000280856520,0.000126944732,0.000122692280,0.000125229377,0.000131217310,0.000131271487,0.000131403651,0.000141314195,0.000139466688,0.000140156012,0.000078787293,0.000073831097,0.000076577198,0.000081350096,0.000080179459,0.000080279677,0.000084824756,0.000083490012,0.000085698309,0.000058983737,0.000057367314,0.000056902685,0.000061572250,0.000060139045,0.000062252793,0.000063113406,0.000062403460,0.000061698360
73,0.000417080239,0.000420347653,0.000410583512,0.000433386337,0.000451443170,0.000434290806,0.000436289309,0.000448382693,0.000443726592,0.000257878377,0.000260467589,0.000252130751,0.000281698104,0.000277462361,0.000266110090,0.000295006707,0.000286837168,0.000280856520,0.000127253317,0.000122692280,0.000125336148,0.000131403355,0.000131415364,0.000131409460,0.000141945399,0.000139949081,0.000140156012,0.000078939405,0.000073850394,0.000076608677,0.000081545878,0.000080317337,0.000080440400,0.000084931171,0.000083490012,0.000085726458,0.000059211512,0.000057381908,0.000056914314,0.000061642848,0.000060139045,0.000062258674,0.000063266234,0.000062410395,0.000061747150
74,0.000417080239,0.000420372609,0.000410583512,0.000433405286,0.000451443170,0.000434290806,0.000437569352,0.000448382693,0.000443726592,0.000258113764,0.000260467589,0.000252254427,0.000281833679,0.000277817461,0.000266110090,0.000295417602,0.000287054641,0.000281258834,0.000127803252,0.000122816519,0.000125382413,0.000131817494,0.000131673354,0.000131431641,0.000142531076,0.000140641684,0.000140225916,0.000078958378,0.000073852860,0.000076866003,0.000082043614,0.000080329317,0.000080444507,0.000085004446,0.000083564531,0.000085726458,0.000059247838,0.000057381908,0.000057114698,0.000061678520,0.000060211650,0.000062346322,0.000063421146,0.000062410395,0.000061779125
75,0.000417080239,0.000420372609,0.000410583512,0.000433405286,0.000451443170,0.000434290806,0.000437569352,0.000448382693,0.000443726592,0.000258316573,0.000261319330,0.000252408116,0.000281833679,0.000277817461,0.000266132570,0.000295417602,0.000287054641,0.000281438775,0.000127977631,0.000123275977,0.000125841542,0.000131987840,0.000131673354,0.000131487167,0.000142729810,0.000140795733,0.000140307288,0.000079007302,0.000073929123,0.000077027092,0.000082261712,0.000080607539,0.000080542193,0.000085153013,0.000083826156,0.000085879237,0.000059264070,0.000057381908,0.000057598281,0.000061678520,0.000060211650,0.000062449318,0.000063422093,0.000062545804,0.000061888501
76,0.000417080239,0.000420372609,0.000410583512,0.000433405286,0.000451924833,0.000434290806,0.000437569352,0.000448382693,0.000443726592,0.000258407144,0.000261566657,0.000252631969,0.000282042540,0.000278521240,0.000267550933,0.000295417602,0.000288535074,0.000281519495,0.000128046028,0.000123275977,0.000125893729,0.000132026888,0.000131813020,0.000131509235,0.000143040155,0.000140996146,0.000141133828,0.000079035235,0.000074156124,0.000077144799,0.000082391203,0.000080611322,0.000080716365,0.000085277251,0.000084069166,0.000085980337,0.000059529981,0.000057392177,0.000057598281,0.000061696602,0.000060270750,0.000062714435,0.000063469931,0.000062647377,0.000062016438
77,0.000417080239,0.000420372609,0.000410583512,0.000433405286,0.000451924833,0.000435056753,0.000437569352,0.000448382693,0.000443726592,0.000258465304,0.000262058125,0.000253127946,0.000282042540,0.000278746870,0.000267550933,0.000295417602,0.000288965677,0.000281519495,0.000128468215,0.000123517851,0.000126081785,0.000132565823,0.000132091750,0.000131624559,0.000143935052,0.000141186178,0.000141534894,0.000079035235,0.000074156124,0.000077230524,0.000082674269,0.000080799904,0.000080834739,0.000085367729,0.000084331532,0.000086013242,0.000059946852,0.000057392177,0.000057686667,0.000061724703,0.000060270750,0.000062714435,0.000063613994,0.000062710534,0.000062102579
78,0.000417338584,0.000420372609,0.000410583512,0.000433405286,0.000451924833,0.000435056753,0.000437569352,0.000448382693,0.000443726592,0.000258730487,0.000262140866,0.000253127946,0.000282127718,0.000279283672,0.000267971441,0.000295446090,0.000289411677,0.000281914751,0.000129006333,0.000123925949,0.000126087267,0.000132574868,0.000132204755,0.000132004262,0.000144607494,0.000141347910,0.000141695816,0.000079054281,0.000074334437,0.000077578041,0.000082986647,0.000080944490,0.000080909802,0.000085559273,0.000084603920,0.000086013242,0.000060016672,0.000057392177,0.000057686667,0.000061756396,0.000060283113,0.000062766861,0.000063721019,0.000062713624,0.000062174200
79,0.000417392896,0.000420372609,0.000413227288,0.000433405286,0.000451924833,0.000435056753,0.000437569352,0.000448382693,0.000443726592,0.000258833235,0.000262377395,0.000253127946,0.000282278595,0.000279404523,0.000268058957,0.000296139679,0.000291292878,0.000282050018,0.000129307811,0.000123925949,0.000126192949,0.000132951204,0.000132433251,0.000132069978,0.000144818962,0.000141396738,0.000141739770,0.000079106339,0.000074334437,0.000077768083,0.000083270725,0.000080992872,0.000080981708,0.000085954650,0.000084712983,0.000086013242,0.000060044554,0.000057392177,0.000057686667,0.000061788927,0.000060372508,0.000062795982,0.000063968792,0.000062808055,0.000062174200
80,0.000417392896,0.000420372609,0.000413227288,0.000433405286,0.000451924833,0.000435056753,0.000437569352,0.000448382693,0.000443726592,0.000259338094,0.000262574786,0.000253438702,0.000282278595,0.000279404523,0.000268291569,0.000296894342,0.000291474861,0.000283073351,0.000129734825,0.000124027253,0.000126477765,0.000133172141,0.000132568337,0.000132069978,0.000144908858,0.000141970678,0.000142059598,0.000079404364,0.000074370417,0.000077779387,0.000083601521,0.000081106327,0.000081096287,0.000086122823,0.000084803463,0.000086080163,0.000060073615,0.000057398345,0.000057846134,0.000061891591,0.000060437693,0.000062857433,0.000063999039,0.000062867197,0.000062208231
81,0.000417619287,0.000420372609,0.000413227288,0.000433405286,0.000451924833,0.000435077762,0.000437569352,0.000448382693,0.000443726592,0.000260073968,0.000262969544,0.000253551228,0.000282278595,0.000279440184,0.000268384048,0.000297127173,0.000291482581,0.000283106532,0.000129821969,0.000124134484,0.000126950340,0.000133284351,0.000132949146,0.000132352084,0.000144954936,0.000142700390,0.000142308447,0.000080064881,0.000074418894,0.000078020435,0.000083721119,0.000081474834,0.000081101056,0.000086230205,0.000084958470,0.000086153830,0.000060133353,0.000057398345,0.000057872590,0.000062004250,0.000060504085,0.000062857433,0.000064197434,0.000062926439,0.000062230806
82,0.000417619287,0.000420372609,0.000413227288,0.000433405286,0.000451924833,0.000435077762,0.000437569352,0.000448382693,0.000443726592,0.000260091493,0.000263025274,0.000253551228,0.000282735775,0.000279792792,0.000268658008,0.000297433881,0.000291644362,0.000283170581,0.000129950412,0.000124138439,0.000127024613,0.000133420113,0.000133506362,0.000132430003,0.000145037587,0.000143178128,0.000142325142,0.000080152528,0.000074596817,0.000078091333,0.000084132571,0.000081535184,0.000081113131,0.000086453899,0.000085136680,0.000086202844,0.000060298209,0.000057398345,0.000057882440,0.000062018249,0.000060630564,0.000062920396,0.000064299645,0.000062933918,0.000062243712
83,0.000417619287,0.000420372609,0.000413448908,0.000433405286,0.000451924833,0.000435077762,0.000437569352,0.000448382693,0.000443726592,0.000260310809,0.000263362858,0.000253551228,0.000283012840,0.000280677417,0.000268658008,0.000297725905,0.000291649987,0.000283244472,0.000130465671,0.000124344674,0.000127185521,0.000133539138,0.000133519033,0.000132850846,0.000145046171,0.000143689625,0.000142351647,0.000080347514,0.000074885015,0.000078091333,0.000084174332,0.000081837930,0.000081154664,0.000086457977,0.000085318604,0.000086538355,0.000060527290,0.000057647411,0.000058088118,0.000062051318,0.000060656382,0.000063090875,0.000064311023,0.000062999256,0.000062279899
84,0.000417619287,0.000420372609,0.000413448908,0.000433405286,0.000451924833,0.000435077762,0.000437569352,0.000448382693,0.000444467957,0.000260648821,0.000263581747,0.000253604319,0.000283047320,0.000280718165,0.000268793875,0.000298022771,0.000291801904,0.000283282893,0.000130706572,0.000124344674,0.000127203803,0.000133973028,0.000133728624,0.000132850846,0.000145233499,0.000143689625,0.000142422174,0.000080364849,0.000075304236,0.000078296161,0.000084439360,0.000081837930,0.000081154664,0.000086466113,0.000085320622,0.000086580492,0.000060673329,0.000057647411,0.000058310537,0.000062435223,0.000060664019,0.000063107852,0.000064398074,0.000062999256,0.000062279899
85,0.000417619287,0.000420372609,0.000413448908,0.000433405286,0.000451924833,0.000435077762,0.000437569352,0.000448382693,0.000444467957,0.000260656773,0.000264539655,0.000253775869,0.000283131962,0.000280728185,0.000269003575,0.000298152540,0.000292013154,0.000283377535,0.000131015389,0.000124450537,0.000127203803,0.000134204166,0.000133832996,0.000132850846,0.000145454254,0.000143756784,0.000142544706,0.000080426526,0.000075464856,0.000078387904,0.000084641565,0.000081985155,0.000081154664,0.000086563725,0.000085400972,0.000086580492,0.000060953432,0.000057714289,0.000058338668,0.000062437616,0.000060731295,0.000063177501,0.000064533912,0.000063305296,0.000062395898
86,0.000417619287,0.000421255696,0.000414056990,0.000433405286,0.000451924833,0.000435077762,0.000437569352,0.000448382693,0.000444467957,0.000260756430,0.000264539655,0.000254075399,0.000284011004,0.000280728185,0.000269958905,0.000298152540,0.000292667677,0.000283848813,0.000131589930,0.000124450537,0.000127699631,0.000134360449,0.000133881021,0.000133533553,0.000145909570,0.000144177426,0.000142604718,0.000080718355,0.000075604311,0.000078387904,0.000085115653,0.000082016814,0.000081154664,0.000086633366,0.000085426569,0.000086662106,0.000060953432,0.000057768083,0.000058338668,0.000062483275,0.000060731295,0.000063218447,0.000064740256,0.000063386786,0.000062395898
87,0.000417619287,0.000421255696,0.000414056990,0.000433405286,0.000451924833,0.000435077762,0.000437569352,0.000448382693,0.000444467957,0.000261040424,0.000265372081,0.000254075399,0.000284772434,0.000280765706,0.000270666709,0.000298285691,0.000292766124,0.000283848813,0.000131708286,0.000124450537,0.000127858504,0.000134525674,0.000133939751,0.000133723242,0.000147089331,0.000144365576,0.000142924501,0.000080791957,0.000075652092,0.000078421261,0.000085136674,0.000082233659,0.000081154664,0.000087021625,0.000085454768,0.000086662106,0.000060962392,0.000057780160,0.000058360740,0.000062483275,0.000060740555,0.000063262823,0.000064804947,0.000063686670,0.000062419283
88,0.000417739937,0.000421255696,0.000414056990,0.000433405286,0.000451924833,0.000435077762,0.000437569352,0.000448382693,0.000444467957,0.000261040424,0.000265372081,0.000254152278,0.000285231674,0.000281049837,0.000270735664,0.000298513376,0.000293248004,0.000283848813,0.000131758757,0.000124858551,0.000127880268,0.000134671543,0.000134553645,0.000133879490,0.000147305873,0.000144365576,0.000143112072,0.000080969876,0.000075828204,0.000078467826,0.000085179371,0.000082314943,0.000081415621,0.000087047202,0.000085521221,0.000086710140,0.000061082537,0.000057781483,0.000058360740,0.000062872407,0.000060746966,0.000063262823,0.000064872468,0.000063767523,0.000062443967
89,0.000417739937,0.000421255696,0.000414056990,0.000433405286,0.000452361036,0.000435077762,0.000437569352,0.000448382693,0.000444467957,0.000261040424,0.000265488801,0.000254696147,0.000285358824,0.000281573300,0.000270762587,0.000298862723,0.000294077465,0.000283941457,0.000131927360,0.000124858551,0.000127880268,0.000134738762,0.000134960858,0.000134202158,0.000147990090,0.000144835166,0.000143583063,0.000080976779,0.000075829159,0.000078467826,0.000085291948,0.000082693550,0.000081471192,0.000087295030,0.000085564430,0.000086729459,0.000061082537,0.000057950031,0.000058528356,0.000063011108,0.000060869166,0.000063685204,0.000065125237,0.000063898114,0.000062477876
90,0.000417739937,0.000421255696,0.000414056990,0.000433405286,0.000452361036,0.000435077762,0.000438065252,0.000448382693,0.000444467957,0.000261046899,0.000265760372,0.000255398993,0.000285814264,0.000281610268,0.000270785590,0.000299044516,0.000294168895,0.000283970974,0.000131992598,0.000125375358,0.000127880268,0.000134864439,0.000135137304,0.000134296399,0.000148139386,0.000145061661,0.000143844977,0.000080990000,0.000075910963,0.000078557692,0.000085662923,0.000082786297,0.000081510132,0.000087776072,0.000085629384,0.000086766500,0.000061184104,0.000058160855,0.000058528356,0.000063060113,0.000060903808,0.000063685952,0.000065281891,0.000063918370,0.000062497510
91,0.000417739937,0.000421255696,0.000414056990,0.000433405286,0.000452361036,0.000435077762,0.000438065252,0.000448382693,0.000444467957,0.000261046899,0.000265760372,0.000255483745,0.000285909818,0.000281694728,0.000270799032,0.000299236800,0.000294394982,0.000283970974,0.000132543359,0.000125375358,0.000127885541,0.000134957708,0.000135164670,0.000134611394,0.000148794514,0.000145565716,0.000144054247,0.000081005765,0.000076102194,0.000078658375,0.000085908866,0.000082787478,0.000081514637,0.000088048144,0.000085884590,0.000086850333,0.000061184104,0.000058160855,0.000058689466,0.000063360587,0.000060915315,0.000063733193,0.000065403149,0.000063951424,0.000062497510
92,0.000417739937,0.000421255696,0.000414056990,0.000433405286,0.000452361036,0.000435077762,0.000438065252,0.000448382693,0.000444467957,0.000261046899,0.000265760372,0.000255483745,0.000285974065,0.000281694728,0.000270862819,0.000300268193,0.000294681057,0.000284226861,0.000132801549,0.000125406306,0.000127964341,0.000135137860,0.000135164670,0.000134834976,0.000149348945,0.000145565716,0.000144461183,0.000081274629,0.000076339331,0.000078845702,0.000086070146,0.000082868131,0.000081582492,0.000088217157,0.000086185354,0.000086907816,0.000061319631,0.000058182070,0.000058738264,0.000063824216,0.000060942153,0.000063791670,0.000065572447,0.000063983309,0.000062608254
93,0.000417739937,0.000421255696,0.000414056990,0.000433405286,0.000452361036,0.000435077762,0.000438065252,0.000448382693,0.000444467957,0.000261046899,0.000265790108,0.000255483745,0.000286100279,0.000281694728,0.000271532835,0.000300491165,0.000294925223,0.000284595303,0.000132859725,0.000125864527,0.000127979583,0.000135212193,0.000135190041,0.000135196796,0.000149852897,0.000145734120,0.000144802947,0.000081399558,0.000076345153,0.000078964390,0.000086089525,0.000082869579,0.000081599476,0.000088313708,0.000086230975,0.000087020465,0.000061465381,0.000058218651,0.000058738264,0.000063830790,0.000061042595,0.000064034922,0.000065834354,0.000064201833,0.000062700159
94,0.000417739937,0.000421255696,0.000414056990,0.000433405286,0.000452361036,0.000435077762,0.000438065252,0.000448382693,0.000444467957,0.000261149107,0.000266061454,0.000255483745,0.000286126008,0.000281694728,0.000271782274,0.000300618060,0.000294948152,0.000284942572,0.000132860480,0.000125944278,0.000128224980,0.000135369461,0.000135191994,0.000135294263,0.000149959745,0.000145817692,0.000145140146,0.000081568799,0.000076404456,0.000078974708,0.000086150200,0.000082873600,0.000081740805,0.000088516409,0.000086355565,0.000087020465,0.000061583272,0.000058247045,0.000058738264,0.000063896030,0.000061043331,0.000064055976,0.000065905713,0.000064434392,0.000062710475
95,0.000417739937,0.000421255696,0.000414056990,0.000433405286,0.000452361036,0.000435077762,0.000438065252,0.000448382693,0.000444467957,0.000261166319,0.000266601522,0.000255483745,0.000286239921,0.000281744672,0.000272452401,0.000300618060,0.000295189248,0.000284942572,0.000132873686,0.000126338723,0.000128476456,0.000135451494,0.000135344465,0.000135417365,0.000150199601,0.000146362503,0.000145546272,0.000081700568,0.000076404456,0.000078974708,0.000086724844,0.000083123402,0.000081847881,0.000088650123,0.000086366560,0.000087177124,0.000061783206,0.000058247045,0.000058747559,0.000064064526,0.000061189988,0.000064055976,0.000066021870,0.000064519995,0.000062917034
96,0.000417739937,0.000421255696,0.000414056990,0.000433405286,0.000452361036,0.000435101786,0.000438065252,0.000448382693,0.000444525394,0.000261166319,0.000266699754,0.000255483745,0.000286239921,0.000281971455,0.000273713207,0.000300619380,0.000296262242,0.000285022907,0.000132887135,0.000126365190,0.000128495185,0.000135451494,0.000135500745,0.000135508867,0.000150605663,0.000146522250,0.000145659414,0.000081772422,0.000076422037,0.000079070525,0.000086977436,0.000083123402,0.000081993672,0.000088731496,0.000086545497,0.000087188816,0.000061868680,0.000058327262,0.000058752315,0.000064077481,0.000061189988,0.000064055976,0.000066143203,0.000064608704,0.000062918407
97,0.000417739937,0.000421605448,0.000414056990,0.000433405286,0.000452361036,0.000435101786,0.000438065252,0.000448382693,0.000445433849,0.000261201992,0.000266970131,0.000256522501,0.000286239921,0.000282192364,0.000273735923,0.000300826510,0.000296262242,0.000285022907,0.000132912616,0.000126482622,0.000128721717,0.000135689252,0.000135513193,0.000135963081,0.000150607200,0.000146722895,0.000145909912,0.000081861505,0.000076534260,0.000079088114,0.000087043007,0.000083188457,0.000081993672,0.000088959927,0.000086576480,0.000087190149,0.000061965214,0.000058409911,0.000058819039,0.000064077481,0.000061449453,0.000064057183,0.000066270381,0.000064630725,0.000062992216
98,0.000417739937,0.000421605448,0.000414056990,0.000433405286,0.000453511741,0.000435101786,0.000438065252,0.000448382693,0.000445433849,0.000261456695,0.000267322652,0.000256636230,0.000286473601,0.000282636201,0.000273735923,0.000301121598,0.000296347105,0.000285097500,0.000132975636,0.000126547782,0.000128916685,0.000135814749,0.000136096548,0.000135977309,0.000151007051,0.000146973772,0.000146250508,0.000081957338,0.000076592872,0.000079148561,0.000087188073,0.000083408411,0.000081993875,0.000089046080,0.000086602572,0.000087216575,0.000062026419,0.000058458312,0.000058848634,0.000064102131,0.000061451643,0.000064057183,0.000066312130,0.000064631371,0.000063082354
99,0.000417739937,0.000421605448,0.000414056990,0.000433405286,0.000453511741,0.000435101786,0.000438065252,0.000448382693,0.000445433849,0.000261456695,0.000267404498,0.000256636230,0.000286600725,0.000282671852,0.000273899574,0.000301635612,0.000296388421,0.000285368679,0.000132975636,0.000126603765,0.000128916685,0.000136510917,0.000136167069,0.000136276410,0.000151100144,0.000147164909,0.000146426907,0.000081957338,0.000076745234,0.000079287717,0.000087207838,0.000083408411,0.000082184845,0.000089236326,0.000086651589,0.000087216575,0.000062172072,0.000058701728,0.000058887925,0.000064120902,0.000061456736,0.000064057183,0.000066353290,0.000064640354,0.000063131525
100,0.000417739937,0.000421605448,0.000414056990,0.000433405286,0.000453511741,0.000435101786,0.000438065252,0.000448382693,0.000445433849,0.000261456695,0.000267611601,0.000256709941,0.000286842547,0.000282851334,0.000273955946,0.000301706241,0.000296388421,0.000285370443,0.000133151451,0.000126789717,0.000129091638,0.000136559327,0.000136167069,0.000136334060,0.000151171438,0.000147587086,0.000146524805,0.000082017153,0.000076745234,0.000079344045,0.000087433453,0.000083625145,0.000082469435,0.000089246022,0.000086708582,0.000087400612,0.000062195832,0.000058701728,0.000058887925,0.000064145362,0.000061480003,0.000064078895,0.000066568585,0.000064732777,0.000063228394
101,0.000417739937,0.000421605448,0.000414056990,0.000433405286,0.000453511741,0.000435101786,0.000438065252,0.000448382693,0.000445433849,0.000261456695,0.000267611601,0.000256709941,0.000287074052,0.000283056644,0.000274088747,0.000301706241,0.000296555469,0.000285370443,0.000133157784,0.000126947266,0.000129140124,0.000136880569,0.000136169307,0.000136643183,0.000151198893,0.000147612329,0.000146620901,0.000082234987,0.000076757063,0.000079408238,0.000087540864,0.000083710756,0.000082784713,0.000089307299,0.000087169791,0.000087551459,0.000062195832,0.000058926692,0.000058903797,0.000064167824,0.000061506326,0.000064078895,0.000066665898,0.000064807491,0.000063249223
102,0.000418571712,0.000421605448,0.000414056990,0.000433405286,0.000453511741,0.000435101786,0.000438065252,0.000448382693,0.000445433849,0.000261661373,0.000267700824,0.000256763112,0.000287076122,0.000283350476,0.000274088747,0.000301982072,0.000297502822,0.000285738188,0.000133157784,0.000126947266,0.000129404565,0.000136893131,0.000136169307,0.000137026259,0.000151283007,0.000147831959,0.000147290370,0.000082269578,0.000076757063,0.000079482492,0.000087641705,0.000083825937,0.000082812614,0.000089413868,0.000087243219,0.000087599201,0.000062195832,0.000058926692,0.000058903797,0.000064193865,0.000061506326,0.000064378660,0.000066786063,0.000064831669,0.000063357373
103,0.000418571712,0.000422204180,0.000414057113,0.000433405286,0.000453511741,0.000435101786,0.000438065252,0.000448382693,0.000445433849,0.000261826541,0.000268431477,0.000256763112,0.000287076122,0.000283755711,0.000274176016,0.000302176107,0.000297530078,0.000285838092,0.000133181705,0.000127133192,0.000129449954,0.000136974136,0.000136169714,0.000137426191,0.000151380251,0.000148157673,0.000147555111,0.000082311291,0.000076922160,0.000079488791,0.000087674155,0.000083844333,0.000082848139,0.000089466970,0.000087443159,0.000087624995,0.000062202463,0.000058947487,0.000058918422,0.000064318080,0.000061553028,0.000064406096,0.000067014596,0.000064853240,0.000063411154
104,0.000418571712,0.000422204180,0.000414436930,0.000433405286,0.000453511741,0.000435101786,0.000438065252,0.000448382693,0.000445433849,0.000261826541,0.000268505839,0.000256764611,0.000287115882,0.000283975702,0.000274277911,0.000302583322,0.000297655745,0.000285838092,0.000133181705,0.000127368106,0.000129537166,0.000137079494,0.000136294813,0.000137476358,0.000151445912,0.000148347603,0.000147574628,0.000082439831,0.000077033834,0.000079488791,0.000087839825,0.000084022480,0.000083077230,0.000089798280,0.000087487701,0.000087854317,0.000062224549,0.000058964324,0.000058918422,0.000064462813,0.000061553028,0.000064467778,0.000067038168,0.000064955348,0.000063464317
105,0.000418571712,0.000422204180,0.000414436930,0.000433405286,0.000453511741,0.000435101786,0.000438065252,0.000448382693,0.000445433849,0.000261852230,0.000268529655,0.000256823515,0.000287218589,0.000284150597,0.000274292164,0.000303159059,0.000298530642,0.000285877895,0.000133181705,0.000127609959,0.000129786925,0.000137303501,0.000136350895,0.000137537457,0.000151744859,0.000148400121,0.000147613644,0.000082443612,0.000077133261,0.000079488791,0.000088210112,0.000084686384,0.000083102007,0.000089798280,0.000087514146,0.000087945967,0.000062228034,0.000059120394,0.000058999748,0.000064480934,0.000061595617,0.000064520005,0.000067234303,0.000065021119,0.000063531768
106,0.000418571712,0.000422204180,0.000414436930,0.000433405286,0.000453511741,0.000435101786,0.000438065252,0.000448382693,0.000445433849,0.000262245666,0.000268543680,0.000256878358,0.000287376304,0.000284178922,0.000274588034,0.000303159059,0.000298785578,0.000286188462,0.000133303243,0.000127609959,0.000130247290,0.000137449939,0.000136382547,0.000137629170,0.000151767764,0.000148700012,0.000147673260,0.000082736973,0.000077133261,0.000079532034,0.000088533437,0.000084768258,0.000083297458,0.000089831372,0.000087605546,0.000088060673,0.000062228034,0.000059195823,0.000058999748,0.000064781470,0.000061595617,0.000064535542,0.000067440100,0.000065304371,0.000063643096
107,0.000418571712,0.000422204180,0.000414436930,0.000433405286,0.000453849118,0.000435101786,0.000438065252,0.000448382693,0.000445433849,0.000263269277,0.000268543680,0.000257428619,0.000287408627,0.000284971630,0.000274588034,0.000303175558,0.000298806111,0.000286723732,0.000133340486,0.000127632700,0.000130247290,0.000137615680,0.000137319202,0.000137660208,0.000151809963,0.000148979587,0.000147724217,0.000082790546,0.000077316370,0.000079570393,0.000088533437,0.000084896369,0.000083311093,0.000089839551,0.000087640207,0.000088138995,0.000062262646,0.000059216835,0.000059017139,0.000064973281,0.000061697061,0.000064535860,0.000067543867,0.000065368725,0.000063706429
108,0.000418571712,0.000422204180,0.000414436930,0.000433405286,0.000453849118,0.000435105476,0.000438065252,0.000448382693,0.000445433849,0.000263269277,0.000268543680,0.000257428619,0.000287408627,0.000284971630,0.000275450805,0.000303245427,0.000298808974,0.000286728494,0.000133340486,0.000127884609,0.000130255904,0.000137916802,0.000137319202,0.000137772281,0.000151873085,0.000149007159,0.000147966289,0.000082793064,0.000077461183,0.000079578710,0.000088540674,0.000085059196,0.000083339982,0.000089865269,0.000087735328,0.000088138995,0.000062417384,0.000059216835,0.000059034915,0.000064986326,0.000061697061,0.000064588339,0.000067800661,0.000065466500,0.000063799173
109,0.000418571712,0.000422204180,0.000414436930,0.000433405286,0.000453858642,0.000435105476,0.000438065252,0.000448382693,0.000445433849,0.000263269277,0.000268844824,0.000257821980,0.000287408627,0.000284979087,0.000275450805,0.000303915374,0.000298840686,0.000286809501,0.000133847860,0.000128232807,0.000130255904,0.000138000115,0.000137388788,0.000137832547,0.000152007067,0.000149071358,0.000148088661,0.000083062283,0.000077619973,0.000079578710,0.000088562296,0.000085107553,0.000083379128,0.000089880768,0.000087956205,0.000088287877,0.000062434393,0.000059226928,0.000059034915,0.000065019611,0.000061787234,0.000064656336,0.000068044975,0.000065536811,0.000063997065
110,0.000418571712,0.000422204180,0.000414436930,0.000433405286,0.000453858642,0.000435105476,0.000438065252,0.000448382693,0.000445433849,0.000263269277,0.000268900967,0.000258130233,0.000287408627,0.000285254260,0.000275583223,0.000303951464,0.000298840686,0.000286959401,0.000134200307,0.000128244413,0.000130607938,0.000138227968,0.000137557600,0.000137832547,0.000152122571,0.000149196938,0.000148279261,0.000083079425,0.000077904962,0.000079578710,0.000088685509,0.000085192641,0.000083387693,0.000090245658,0.000088036471,0.000088632590,0.000062434393,0.000059259928,0.000059068858,0.000065085643,0.000061960617,0.000064656336,0.000068067449,0.000065536811,0.000064222555
111,0.000418571712,0.000423136147,0.000414436930,0.000433405286,0.000453858642,0.000435453195,0.000438065252,0.000448382693,0.000445433849,0.000263313254,0.000268963927,0.000258282344,0.000287408627,0.000285254260,0.000275954278,0.000303951464,0.000299808137,0.000286959401,0.000134224023,0.000128448833,0.000131160857,0.000138344977,0.000137755628,0.000137916100,0.000152500463,0.000149387376,0.000148594924,0.000083124075,0.000077906015,0.000079699620,0.000088993400,0.000085271594,0.000083561270,0.000090425893,0.000088354325,0.000088652351,0.000062434393,0.000059353144,0.000059085239,0.000065159476,0.000062134243,0.000064892810,0.000068154770,0.000065541405,0.000064235921
112,0.000418571712,0.000423136147,0.000414436930,0.000433405286,0.000454272251,0.000435639787,0.000438065252,0.000448382693,0.000445433849,0.000263313254,0.000268963927,0.000258282344,0.000287408627,0.000285651025,0.000275985163,0.000304132216,0.000299904566,0.000286994722,0.000134318479,0.000128448833,0.000131212725,0.000138712956,0.000137808688,0.000138150430,0.000152509454,0.000149505079,0.000148800101,0.000083124075,0.000077906015,0.000079699620,0.000089029042,0.000085536985,0.000083585469,0.000090425893,0.000088429837,0.000088681469,0.000062523098,0.000059353144,0.000059219555,0.000065174545,0.000062180107,0.000064892810,0.000068453924,0.000065588279,0.000064235921
113,0.000418571712,0.000423136147,0.000414436930,0.000433405286,0.000455066821,0.000435639787,0.000438065252,0.000448382693,0.000445433849,0.000263313254,0.000269163529,0.000258282344,0.000287408627,0.000285658515,0.000275985163,0.000304132216,0.000299904566,0.000287075666,0.000134362672,0.000128828314,0.000131399400,0.000139062512,0.000137834398,0.000138150430,0.000152729321,0.000149841427,0.000149172906,0.000083206775,0.000078001793,0.000079717462,0.000089156999,0.000085543423,0.000083660355,0.000090465175,0.000088589626,0.000088781613,0.000062544378,0.000059394659,0.000059303859,0.000065544521,0.000062283445,0.000064903566,0.000068556332,0.000065588279,0.000064297816
114,0.000418571712,0.000423136147,0.000414436930,0.000433405286,0.000455066821,0.000435639787,0.000438065252,0.000448382693,0.000445433849,0.000263372942,0.000269163529,0.000258493612,0.000287408627,0.000285675974,0.000275985163,0.000304132216,0.000300005311,0.000287123160,0.000134555865,0.000129063910,0.000131437870,0.000139287215,0.000137910997,0.000138234576,0.000152746742,0.000149998297,0.000149173165,0.000083290663,0.000078225103,0.000079832147,0.000089215350,0.000085626404,0.000083872787,0.000090478362,0.000088679030,0.000088867763,0.000062618148,0.000059478327,0.000059557159,0.000065549587,0.000062335874,0.000064905596,0.000068681270,0.000065603557,0.000064335194
115,0.000418571712,0.000423136147,0.000414436930,0.000433405286,0.000455066821,0.000435639787,0.000438065252,0.000448382693,0.000445433849,0.000263372942,0.000269163529,0.000258872682,0.000287408627,0.000285696773,0.000276158038,0.000304132216,0.000300005311,0.000287123160,0.000134576261,0.000129209141,0.000131676302,0.000139418673,0.000137957641,0.000138234576,0.000152916696,0.000149998297,0.000149337127,0.000083462588,0.000078257009,0.000079832147,0.000089273343,0.000085826989,0.000084234210,0.000090608208,0.000088814159,0.000088991861,0.000062722869,0.000059545742,0.000059573124,0.000065607927,0.000062546042,0.000065054210,0.000068880049,0.000065637136,0.000064370248
116,0.000418571712,0.000423136147,0.000414436930,0.000433405286,0.000455066821,0.000435639787,0.000438065252,0.000448382693,0.000445433849,0.000263421517,0.000269179508,0.000258872682,0.000287480296,0.000285936613,0.000276178197,0.000304132216,0.000300037787,0.000287182902,0.000134618138,0.000129209141,0.000132134131,0.000139575601,0.000137957641,0.000138241603,0.000152991100,0.000150089434,0.000149371682,0.000083494121,0.000078297532,0.000079852457,0.000089342763,0.000085948784,0.000084242647,0.000090644416,0.000088997031,0.000089005332,0.000062733607,0.000059699535,0.000059684406,0.000065607927,0.000062586989,0.000065234814,0.000068905003,0.000065928659,0.000064537624
117,0.000418571712,0.000423325736,0.000414436930,0.000433405286,0.000455066821,0.000435639787,0.000438065252,0.000448382693,0.000446032581,0.000263693569,0.000269493374,0.000259270222,0.000287480296,0.000286144249,0.000276361175,0.000304132216,0.000300037787,0.000287859221,0.000134662562,0.000129649430,0.000132203476,0.000139931340,0.000138001977,0.000138328430,0.000153223749,0.000150170814,0.000149708920,0.000083611289,0.000078353545,0.000079858630,0.000089628471,0.000085996103,0.000084244807,0.000090671575,0.000089130654,0.000089272972,0.000062756140,0.000059700779,0.000059684406,0.000065614029,0.000062611655,0.000065234814,0.000068996613,0.000065987064,0.000064539788
118,0.000418571712,0.000423400990,0.000414436930,0.000433405286,0.000455066821,0.000435639787,0.000438065252,0.000448382693,0.000446032581,0.000263840836,0.000269759360,0.000259340379,0.000287520615,0.000286150555,0.000276540303,0.000304132216,0.000300037787,0.000287859221,0.000134842353,0.000129985963,0.000132206054,0.000140508531,0.000138001977,0.000138348146,0.000153322220,0.000150218795,0.000149846969,0.000083624744,0.000078353545,0.000079876635,0.000090073414,0.000086245112,0.000084244807,0.000090724948,0.000089251044,0.000089294792,0.000062794275,0.000059809341,0.000059757239,0.000065683366,0.000062611655,0.000065289555,0.000069247499,0.000066156289,0.000064600992
119,0.000418571712,0.000423400990,0.000414436930,0.000433405286,0.000455066821,0.000435889644,0.000438065252,0.000448382693,0.000446032581,0.000263986036,0.000269930741,0.000259797452,0.000287520615,0.000286273526,0.000277681126,0.000304526675,0.000300515597,0.000287859221,0.000134937867,0.000130006716,0.000132266746,0.000140610304,0.000138320868,0.000138348146,0.000153322220,0.000150457817,0.000149927280,0.000083624744,0.000078749190,0.000079876635,0.000090118835,0.000086245112,0.000084244807,0.000090774945,0.000089251044,0.000089348548,0.000062794275,0.000059809341,0.000059761888,0.000065705045,0.000062699827,0.000065415182,0.000069312708,0.000066236262,0.000064771756
120,0.000418571712,0.000423400990,0.000414436930,0.000433405286,0.000455066821,0.000435889644,0.000438065252,0.000448382693,0.000446032581,0.000264026420,0.000269930741,0.000260167187,0.000287520615,0.000286296507,0.000278045865,0.000304526675,0.000300579522,0.000287859221,0.000135117596,0.000130145172,0.000132320914,0.000141167968,0.000138494187,0.000138896915,0.000153322220,0.000150505582,0.000149927280,0.000083641615,0.000078794828,0.000080108350,0.000090137904,0.000086289336,0.000084256162,0.000090824379,0.000089415046,0.000089356325,0.000062794275,0.000059809341,0.000059848149,0.000065705045,0.000062783431,0.000065434154,0.000069610428,0.000066284307,0.000064833885
121,0.000418571712,0.000423400990,0.000414436930,0.000433405286,0.000455066821,0.000435889644,0.000438065252,0.000448382693,0.000446032581,0.000264047511,0.000270403505,0.000260167187,0.000287520615,0.000286835971,0.000278701172,0.000304526675,0.000300596065,0.000287874718,0.000135128417,0.000130201417,0.000132750429,0.000141173042,0.000138494187,0.000138916920,0.000153454136,0.000150505582,0.000150141159,0.000083762923,0.000078826146,0.000080197494,0.000090175882,0.000086591380,0.000084256162,0.000090978895,0.000089922324,0.000089382835,0.000062842991,0.000059832540,0.000059885406,0.000065752005,0.000062783431,0.000065456293,0.000069850712,0.000066297951,0.000064833885
122,0.000418571712,0.000423400990,0.000414436930,0.000433405286,0.000455066821,0.000435889644,0.000438065252,0.000448382693,0.000446032581,0.000264071653,0.000270403505,0.000260261293,0.000287520615,0.000286875932,0.000279570111,0.000304526675,0.000300765783,0.000287874718,0.000135176273,0.000130298265,0.000132836606,0.000141173042,0.000138546730,0.000139159554,0.000153454136,0.000150613830,0.000150659491,0.000083785514,0.000078835174,0.000080672268,0.000090269686,0.000086676133,0.000084271331,0.000091010848,0.000090152061,0.000089392109,0.000062842991,0.000059832540,0.000060024445,0.000065862683,0.000062817969,0.000065464613,0.000069850712,0.000066304604,0.000064833885
123,0.000418571712,0.000423400990,0.000414436930,0.000433405286,0.000455066821,0.000435889644,0.000438065252,0.000448382693,0.000446032581,0.000264071653,0.000270403505,0.000260318579,0.000287807267,0.000286986047,0.000279570111,0.000304526675,0.000301147998,0.000287874718,0.000135198965,0.000130399983,0.000133183076,0.000141206992,0.000138546730,0.000139406094,0.000153454136,0.000150692478,0.000150878389,0.000083786417,0.000078835174,0.000080672268,0.000090327457,0.000086676133,0.000084286772,0.000091122472,0.000090198014,0.000089445341,0.000062918498,0.000059863009,0.000060167330,0.000065900967,0.000062904553,0.000065464613,0.000070067675,0.000066327499,0.000064993971
124,0.000418571712,0.000423400990,0.000414436930,0.000433405286,0.000455066821,0.000435889644,0.000438065252,0.000448382693,0.000446032581,0.000264071653,0.000270403505,0.000260453474,0.000287867299,0.000286986047,0.000279570111,0.000304526675,0.000302779995,0.000287893066,0.000135227205,0.000130642223,0.000133183076,0.000141803985,0.000138715176,0.000139945784,0.000153462623,0.000150739167,0.000151133793,0.000083800504,0.000078843410,0.000080709296,0.000090556411,0.000086758188,0.000084288951,0.000091238886,0.000090208330,0.000089738251,0.000063053688,0.000059920499,0.000060175258,0.000066014272,0.000063016100,0.000065464613,0.000070191149,0.000066333990,0.000065022444
125,0.000419422108,0.000423400990,0.000414436930,0.000433405286,0.000455066821,0.000435889644,0.000438065252,0.000448382693,0.000446032581,0.000264072538,0.000270809493,0.000260529637,0.000287867299,0.000286988885,0.000279889579,0.000304526675,0.000302878583,0.000287893066,0.000135242663,0.000130642223,0.000133367670,0.000141903399,0.000138788143,0.000140121193,0.000153502873,0.000150896841,0.000151335505,0.000083808689,0.000078856294,0.000080944356,0.000090557443,0.000086824244,0.000084288951,0.000091238886,0.000090487596,0.000089908064,0.000063149026,0.000059920499,0.000060175620,0.000066105694,0.000063096456,0.000065464613,0.000070235044,0.000066492727,0.000065070562
126,0.000419422108,0.000423400990,0.000414436930,0.000433405286,0.000455066821,0.000435889644,0.000438065252,0.000448382693,0.000446032581,0.000264072538,0.000270840953,0.000260805488,0.000287867299,0.000287035493,0.000279891056,0.000305196932,0.000303202778,0.000288045759,0.000135263040,0.000130748996,0.000133433406,0.000142098831,0.000138845523,0.000140232991,0.000153549888,0.000150897676,0.000151445137,0.000083876056,0.000078938103,0.000080953407,0.000090613900,0.000086972568,0.000084293634,0.000091250033,0.000090643730,0.000089908064,0.000063149026,0.000060006871,0.000060184917,0.000066231616,0.000063105320,0.000065465099,0.000070245517,0.000066499400,0.000065306248
127,0.000419422108,0.000423400990,0.000414436930,0.000433405286,0.000455066821,0.000435889644,0.000438065252,0.000448382693,0.000446032581,0.000264072538,0.000271097641,0.000261207110,0.000287867299,0.000287105006,0.000279929040,0.000305196932,0.000304100748,0.000288089982,0.000135263040,0.000130829136,0.000133433406,0.000142136128,0.000138984005,0.000140361699,0.000153692161,0.000151069341,0.000151557573,0.000084059141,0.000079364426,0.000081172609,0.000090613900,0.000087139219,0.000084382566,0.000091250092,0.000090793703,0.000089951604,0.000063202731,0.000060006871,0.000060184917,0.000066274692,0.000063236118,0.000065481432,0.000070336089,0.000066775468,0.000065361137
128,0.000419582404,0.000423400990,0.000414436930,0.000433405286,0.000455066821,0.000435889644,0.000438065252,0.000448382693,0.000446032581,0.000264228518,0.000271097641,0.000261323956,0.000288176959,0.000287142372,0.000280117800,0.000305297388,0.000304155607,0.000288203563,0.000135263040,0.000130829136,0.000133540523,0.000142142982,0.000139039341,0.000140513603,0.000153804467,0.000151465707,0.000151650905,0.000084120102,0.000079431969,0.000081419741,0.000090617464,0.000087531122,0.000084406311,0.000091283441,0.000091450469,0.000090047203,0.000063353806,0.000060038694,0.000060184917,0.000066342348,0.000063237663,0.000065492811,0.000070436176,0.000066869945,0.000065599707
129,0.000419582404,0.000423400990,0.000414436930,0.000433405286,0.000455066821,0.000435889644,0.000438479181,0.000448382693,0.000446032581,0.000264418157,0.000271921124,0.000261456207,0.000288176959,0.000287142372,0.000280260015,0.000305429582,0.000304155607,0.000288304991,0.000135352886,0.000131098068,0.000133540523,0.000142151245,0.000139053412,0.000140529495,0.000153909333,0.000152023982,0.000151821834,0.000084219243,0.000079432614,0.000081419741,0.000090617464,0.000087536150,0.000084473290,0.000091431987,0.000091462240,0.000090047203,0.000063424314,0.000060175916,0.000060217618,0.000066447974,0.000063372785,0.000065516969,0.000070459794,0.000066943085,0.000065705349
130,0.000419582404,0.000423400990,0.000414436930,0.000433405286,0.000455066821,0.000435889644,0.000438546466,0.000448382693,0.000446032581,0.000264418157,0.000273175415,0.000261456207,0.000288176959,0.000287142372,0.000280415749,0.000305429582,0.000304155607,0.000288316099,0.000135352886,0.000131296571,0.000133540523,0.000142247352,0.000139245160,0.000140610613,0.000153992840,0.000152250234,0.000152003945,0.000084352427,0.000079455820,0.000081424147,0.000090649581,0.000087547946,0.000084473290,0.000091626656,0.000091504308,0.000090047203,0.000063452262,0.000060175916,0.000060273136,0.000066511538,0.000063409415,0.000065531324,0.000070472636,0.000067010638,0.000065786675
131,0.000419582404,0.000423400990,0.000414436930,0.000433589819,0.000455066821,0.000435889644,0.000438546466,0.000448382693,0.000446032581,0.000264418157,0.000273175415,0.000261813122,0.000288176959,0.000287188161,0.000281407491,0.000305429582,0.000304187275,0.000288341134,0.000135352886,0.000131559453,0.000133540818,0.000142291486,0.000139846993,0.000140610613,0.000154163174,0.000152316227,0.000152006365,0.000084413564,0.000079455820,0.000081424147,0.000090904102,0.000087581250,0.000084473290,0.000091661042,0.000091575074,0.000090067934,0.000063456300,0.000060204229,0.000060335045,0.000066601747,0.000063469491,0.000065554352,0.000070566692,0.000067125165,0.000065790125
132,0.000419582404,0.000423400990,0.000414436930,0.000433589819,0.000455066821,0.000435889644,0.000438957496,0.000448382693,0.000446032581,0.000264418157,0.000273319857,0.000261813122,0.000288385653,0.000287304039,0.000281408773,0.000305429582,0.000304274270,0.000288341134,0.000135377140,0.000131559453,0.000133548015,0.000142378536,0.000139858981,0.000140859212,0.000154304105,0.000152357152,0.000152915840,0.000084589802,0.000079468240,0.000081424147,0.000090918193,0.000087843651,0.000084535633,0.000091666239,0.000091605345,0.000090079670,0.000063531168,0.000060316324,0.000060401957,0.000066625193,0.000063469491,0.000065803800,0.000070633476,0.000067125973,0.000065801395
133,0.000419582404,0.000423400990,0.000414436930,0.000433589819,0.000455066821,0.000435889644,0.000439019312,0.000448382693,0.000446032581,0.000264418157,0.000273319857,0.000261813122,0.000288385653,0.000287304039,0.000281565421,0.000305429582,0.000304274270,0.000288347386,0.000135430761,0.000131640722,0.000133548015,0.000142423678,0.000140117597,0.000140993257,0.000154381321,0.000152477887,0.000153785440,0.000084610970,0.000079810826,0.000081424147,0.000091078870,0.000087861533,0.000084757741,0.000091707805,0.000091768930,0.000090109270,0.000063543051,0.000060316324,0.000060401957,0.000066669252,0.000063473857,0.000065829601,0.000070738495,0.000067294630,0.000065819113
134,0.000419582404,0.000423400990,0.000414436930,0.000433589819,0.000455066821,0.000435889644,0.000439019312,0.000448382693,0.000446032581,0.000264418157,0.000273319857,0.000261813122,0.000288385653,0.000287674194,0.000281917783,0.000305490373,0.000304274270,0.000288466279,0.000135446178,0.000131640722,0.000133548015,0.000142423678,0.000140209250,0.000141117763,0.000154385887,0.000152735451,0.000153803433,0.000084616445,0.000080041979,0.000081424147,0.000091125858,0.000087890983,0.000084776885,0.000091729348,0.000091944884,0.000090152670,0.000063597876,0.000060356639,0.000060410870,0.000066884974,0.000063575451,0.000065829601,0.000070816164,0.000067374635,0.000066051758
135,0.000420978012,0.000423400990,0.000414436930,0.000433589819,0.000455260618,0.000435889644,0.000439019312,0.000448382693,0.000446032581,0.000264500743,0.000273950650,0.000261813122,0.000288385653,0.000287674194,0.000282203983,0.000305490373,0.000304276214,0.000288466279,0.000135470072,0.000131916540,0.000133895751,0.000142441764,0.000140348710,0.000141132350,0.000154387830,0.000152785232,0.000153851773,0.000084637186,0.000080069592,0.000081431916,0.000091156573,0.000087932947,0.000084776885,0.000091729348,0.000092203917,0.000090236309,0.000063913196,0.000060392328,0.000060427914,0.000067153522,0.000063575451,0.000065901364,0.000070949399,0.000067414175,0.000066107117
136,0.000420978012,0.000423400990,0.000414614167,0.000433589819,0.000455260618,0.000435889644,0.000439019312,0.000448382693,0.000446032581,0.000264647405,0.000273950650,0.000261954575,0.000288385653,0.000287674194,0.000282203983,0.000305490373,0.000304276214,0.000288466279,0.000135470072,0.000131929957,0.000133895751,0.000142654353,0.000140348710,0.000141271518,0.000154387830,0.000152948550,0.000153941522,0.000084644718,0.000080076054,0.000081431916,0.000091174046,0.000087974595,0.000084810820,0.000091775133,0.000092240239,0.000090342952,0.000063913196,0.000060421216,0.000060504437,0.000067192092,0.000063579672,0.000065918798,0.000070969063,0.000067482746,0.000066244264
137,0.000420978012,0.000423400990,0.000414614167,0.000433589819,0.000456910868,0.000435889644,0.000439019312,0.000448382693,0.000446032581,0.000264647405,0.000273950650,0.000262028970,0.000288385653,0.000287797576,0.000282244389,0.000305490373,0.000304276214,0.000288525818,0.000135470072,0.000131932305,0.000133993000,0.000142832651,0.000140348710,0.000141424215,0.000154387830,0.000152963873,0.000153989653,0.000084705152,0.000080076054,0.000081449392,0.000091174409,0.000088036623,0.000084819978,0.000091811725,0.000092284833,0.000090356973,0.000063930774,0.000060463885,0.000060504437,0.000067192155,0.000063724672,0.000066112184,0.000070975733,0.000067629887,0.000066266822
138,0.000420978012,0.000423400990,0.000414614167,0.000433589819,0.000456910868,0.000435889644,0.000439486332,0.000448382693,0.000446032581,0.000264647405,0.000274737902,0.000262028970,0.000288407631,0.000287797576,0.000282720439,0.000305490373,0.000304276214,0.000288525818,0.000135695977,0.000131967061,0.000133993000,0.000142933228,0.000140420743,0.000141476793,0.000154387830,0.000152963873,0.000154073156,0.000084726438,0.000080202621,0.000081627697,0.000091201121,0.000088060117,0.000084923994,0.000091822413,0.000092313154,0.000090367648,0.000064130211,0.000060689453,0.000060568588,0.000067323546,0.000063740388,0.000066128756,0.000070980809,0.000067639027,0.000066696572
139,0.000420978012,0.000423400990,0.000414614167,0.000433589819,0.000456910868,0.000435889644,0.000439486332,0.000448382693,0.000446032581,0.000264647405,0.000275372415,0.000262143039,0.000288407631,0.000287797576,0.000282720439,0.000305490373,0.000304276214,0.000288711746,0.000135695977,0.000132035855,0.000134094449,0.000142956611,0.000140575125,0.000141544577,0.000154388133,0.000152963873,0.000154204735,0.000084726438,0.000080233039,0.000081677380,0.000091290477,0.000088082232,0.000084954236,0.000091895512,0.000092376638,0.000090378987,0.000064141481,0.000060710912,0.000060700387,0.000067391196,0.000063751806,0.000066196317,0.000071174614,0.000067808901,0.000066773358
140,0.000420978012,0.000423400990,0.000414614167,0.000433589819,0.000456910868,0.000435889644,0.000439486332,0.000448382693,0.000446032581,0.000264647405,0.000275393901,0.000262143039,0.000288601833,0.000287926502,0.000283733007,0.000305490373,0.000304329531,0.000288711746,0.000135695977,0.000132094567,0.000134094449,0.000142956611,0.000140944142,0.000141661097,0.000154428154,0.000152992374,0.000154216034,0.000084738037,0.000080239735,0.000081677380,0.000091314468,0.000088097873,0.000085073836,0.000091897402,0.000092523471,0.000090555285,0.000064208729,0.000060712281,0.000060803276,0.000067401066,0.000063767992,0.000066196615,0.000071250720,0.000067878133,0.000066786193
141,0.000420978012,0.000423400990,0.000414614167,0.000433589819,0.000456910868,0.000435889644,0.000439486332,0.000448382693,0.000446032581,0.000264870948,0.000275420131,0.000262143039,0.000288643238,0.000287974971,0.000283733007,0.000305490373,0.000304462089,0.000288902407,0.000135700974,0.000132108641,0.000134142881,0.000143130281,0.000141015222,0.000141661097,0.000154438562,0.000153029797,0.000154267012,0.000084863076,0.000080364683,0.000081776709,0.000091374733,0.000088435171,0.000085106464,0.000091897402,0.000092622183,0.000090620413,0.000064240939,0.000060819766,0.000060846380,0.000067433008,0.000063776440,0.000066208419,0.000071276543,0.000067948869,0.000067251911
142,0.000420978012,0.000423400990,0.000414614167,0.000433589819,0.000456910868,0.000435889644,0.000439486332,0.000448382693,0.000446032581,0.000264870948,0.000275420131,0.000262150151,0.000288643238,0.000288031327,0.000283859133,0.000305678448,0.000304462089,0.000289000163,0.000135717513,0.000132303786,0.000134544076,0.000143253373,0.000141090129,0.000141680062,0.000154465167,0.000153146428,0.000154267012,0.000084883837,0.000080364856,0.000081841483,0.000091408393,0.000088555617,0.000085106464,0.000091905938,0.000092655112,0.000090883395,0.000064249973,0.000060832154,0.000060846380,0.000067433433,0.000063791856,0.000066295205,0.000071315424,0.000068039219,0.000067330016
143,0.000420978012,0.000423400990,0.000414614167,0.000434601456,0.000456910868,0.000435889644,0.000439486332,0.000448382693,0.000446032581,0.000264870948,0.000275420131,0.000262150151,0.000288643238,0.000288031327,0.000284081315,0.000305678448,0.000304462089,0.000289000163,0.000135822480,0.000132362826,0.000134697239,0.000143253373,0.000141275816,0.000141778359,0.000154468250,0.000153196847,0.000154355487,0.000084883837,0.000080666091,0.000081883350,0.000091422965,0.000088559362,0.000085322332,0.000091961320,0.000092701244,0.000090951440,0.000064341623,0.000060846540,0.000060846570,0.000067502076,0.000063823122,0.000066317432,0.000071440954,0.000068064845,0.000067330016
144,0.000420978012,0.000423400990,0.000414614167,0.000434601456,0.000456910868,0.000435889644,0.000439486332,0.000448382693,0.000446032581,0.000264870948,0.000275637103,0.000262150151,0.000288643238,0.000288031327,0.000284116024,0.000305678448,0.000304462089,0.000289104528,0.000135822985,0.000132445193,0.000134980830,0.000143434070,0.000141284962,0.000141788867,0.000154484583,0.000153322134,0.000154921787,0.000084889860,0.000080790257,0.000081976904,0.000091425617,0.000088676422,0.000085342083,0.000091972586,0.000092843728,0.000091169041,0.000064345185,0.000060850904,0.000060846570,0.000067573344,0.000064073878,0.000066504747,0.000071501466,0.000068148368,0.000067673271
145,0.000420978012,0.000423400990,0.000414614167,0.000434601456,0.000456910868,0.000435889644,0.000439486332,0.000448382693,0.000446032581,0.000264870948,0.000275637103,0.000262419923,0.000288643238,0.000288081739,0.000284116024,0.000305678448,0.000304464794,0.000289104528,0.000136146100,0.000132467153,0.000134980830,0.000143435394,0.000141514538,0.000142043705,0.000154484583,0.000153490607,0.000154934060,0.000084895245,0.000080790257,0.000081976904,0.000091425617,0.000089033261,0.000085342083,0.000091972586,0.000092999646,0.000091174536,0.000064422715,0.000060851752,0.000060873392,0.000067665696,0.000064088835,0.000066506604,0.000071533613,0.000068215121,0.000067730730
146,0.000420978012,0.000423400990,0.000414614167,0.000434601456,0.000456910868,0.000435889644,0.000439486332,0.000448382693,0.000446032581,0.000264897806,0.000275637103,0.000262462977,0.000288643238,0.000288640568,0.000284116024,0.000305689546,0.000304464794,0.000289114142,0.000136467576,0.000132476605,0.000135102586,0.000143435394,0.000141683628,0.000142084498,0.000154501652,0.000153582204,0.000155058642,0.000084896475,0.000080826926,0.000081976904,0.000091566989,0.000089086561,0.000085342083,0.000092045950,0.000093021263,0.000091539428,0.000064516602,0.000060931129,0.000060873392,0.000067795897,0.000064171037,0.000066506604,0.000071674010,0.000068295528,0.000067730730
147,0.000420978012,0.000423400990,0.000414614167,0.000434601456,0.000456910868,0.000435889644,0.000439486332,0.000448382693,0.000446032581,0.000265035264,0.000275637103,0.000262566664,0.000288822477,0.000288640568,0.000284262107,0.000305689546,0.000304464794,0.000289114142,0.000136467576,0.000132510378,0.000135102586,0.000143456541,0.000141985290,0.000142084498,0.000154548621,0.000153644081,0.000155160445,0.000084896475,0.000080937549,0.000081976904,0.000091566989,0.000089086561,0.000085535218,0.000092045950,0.000093051803,0.000091674528,0.000064520359,0.000061128655,0.000060880754,0.000068117202,0.000064242796,0.000066506903,0.000071701012,0.000068299575,0.000067730730
148,0.000420978012,0.000423400990,0.000414614167,0.000434601456,0.000458344434,0.000435889644,0.000439486332,0.000448382693,0.000446032581,0.000265035264,0.000275637103,0.000262566664,0.000289149274,0.000288708698,0.000284536263,0.000305689546,0.000304464794,0.000289114142,0.000136476879,0.000132510378,0.000135152319,0.000143472233,0.000142265243,0.000142122809,0.000154880032,0.000153786762,0.000155358499,0.000084896475,0.000081021218,0.000081981390,0.000091566989,0.000089088325,0.000085590424,0.000092045950,0.000093301349,0.000091731959,0.000064526742,0.000061294125,0.000060953083,0.000068140353,0.000064292099,0.000066506903,0.000071735128,0.000068368072,0.000067734693
149,0.000420978012,0.000423400990,0.000414614167,0.000434601456,0.000458344434,0.000435889644,0.000439486332,0.000448382693,0.000446032581,0.000265035264,0.000275637103,0.000262712569,0.000289149274,0.000288708698,0.000284608586,0.000305689546,0.000304654007,0.000289240883,0.000136476879,0.000132614717,0.000135367557,0.000143532744,0.000142315054,0.000142180874,0.000154908254,0.000153786762,0.000155358499,0.000084897136,0.000081021218,0.000081981518,0.000091592287,0.000089088325,0.000085782232,0.000092060690,0.000093381932,0.000091742153,0.000064537669,0.000061294142,0.000060965435,0.000068140353,0.000064334968,0.000066506903,0.000071743558,0.000068426238,0.000067832690
150,0.000420978012,0.000423400990,0.000414614167,0.000434601456,0.000458344434,0.000435889644,0.000439486332,0.000448382693,0.000446032581,0.000265347310,0.000275637103,0.000262712569,0.000289149274,0.000288708698,0.000284608586,0.000305689546,0.000304748706,0.000289361386,0.000136476879,0.000132766718,0.000135422857,0.000143533374,0.000142418927,0.000142267622,0.000154959233,0.000153842257,0.000155358499,0.000084897136,0.000081086852,0.000081997564,0.000091592287,0.000089117800,0.000085828929,0.000092065310,0.000093391116,0.000091845710,0.000064565504,0.000061393852,0.000060965435,0.000068149658,0.000064334968,0.000066513544,0.000071751835,0.000068466543,0.000067832690
151,0.000420978012,0.000423400990,0.000414614167,0.000434601456,0.000458344434,0.000435889644,0.000439663914,0.000448382693,0.000446032581,0.000265347310,0.000275688403,0.000262712569,0.000289149274,0.000288708698,0.000284707133,0.000305689546,0.000304804470,0.000289361386,0.000136500313,0.000132776463,0.000135422857,0.000143686411,0.000142418927,0.000142284780,0.000154959233,0.000153846060,0.000155368512,0.000084897511,0.000081086852,0.000082030135,0.000091592287,0.000089135115,0.000085928180,0.000092067404,0.000093645071,0.000092102236,0.000064599831,0.000061393852,0.000061032168,0.000068190590,0.000064604357,0.000066513544,0.000071751835,0.000068496964,0.000067926597
152,0.000420978012,0.000423400990,0.000415080005,0.000434601456,0.000458344434,0.000436478101,0.000439663914,0.000448382693,0.000446032581,0.000265347310,0.000275912731,0.000263031699,0.000289149274,0.000288708698,0.000284845661,0.000305689546,0.000305018821,0.000289408375,0.000136540811,0.000132895173,0.000135471366,0.000143688265,0.000142418927,0.000142307927,0.000154959233,0.000153876660,0.000155383372,0.000084897511,0.000081086852,0.000082032589,0.000091633857,0.000089222304,0.000085939405,0.000092091672,0.000093646626,0.000092370801,0.000064605019,0.000061425580,0.000061095919,0.000068247900,0.000064626232,0.000066541165,0.000071802785,0.000068627829,0.000067953891
153,0.000420978012,0.000423400990,0.000415080005,0.000434665069,0.000458344434,0.000436478101,0.000439663914,0.000448382693,0.000446032581,0.000265347310,0.000276384483,0.000263031699,0.000289149274,0.000288976026,0.000285055958,0.000305689546,0.000305018821,0.000289408375,0.000136785146,0.000132895173,0.000135753459,0.000143692766,0.000142559696,0.000142307927,0.000154959233,0.000154131778,0.000156096827,0.000084897511,0.000081097720,0.000082032589,0.000091649434,0.000089395117,0.000086123011,0.000092091672,0.000093646734,0.000092444158,0.000064610291,0.000061425580,0.000061194323,0.000068250903,0.000064629390,0.000066548494,0.000071882081,0.000068799601,0.000068044504
154,0.000420978012,0.000423400990,0.000415080005,0.000434665069,0.000458344434,0.000436478101,0.000439663914,0.000448382693,0.000446032581,0.000265347310,0.000276384483,0.000263269479,0.000289149274,0.000288976026,0.000285055958,0.000305689546,0.000305301394,0.000289529372,0.000136900554,0.000132956443,0.000135753459,0.000143732849,0.000142767817,0.000142374401,0.000154970252,0.000154170339,0.000156213736,0.000084902610,0.000081108712,0.000082156187,0.000091653338,0.000089489140,0.000086123835,0.000092091672,0.000093667272,0.000092444158,0.000064618950,0.000061518565,0.000061197681,0.000068266818,0.000064629390,0.000066861338,0.000071931382,0.000069151159,0.000068061390
155,0.000420978012,0.000423400990,0.000415080005,0.000435056686,0.000458344434,0.000436478101,0.000439663914,0.000448382693,0.000446032581,0.000265347310,0.000276665764,0.000263269479,0.000289149274,0.000288976026,0.000285288136,0.000305689546,0.000305301394,0.000289602226,0.000136900554,0.000132972145,0.000135756477,0.000143751920,0.000143081155,0.000142415710,0.000155008015,0.000154176482,0.000156501522,0.000085253443,0.000081175013,0.000082156187,0.000091653338,0.000089540591,0.000086170166,0.000092091672,0.000093771177,0.000092476885,0.000064685969,0.000061529634,0.000061423076,0.000068279799,0.000064714956,0.000066870520,0.000071940580,0.000069248015,0.000068091066
156,0.000420978012,0.000423400990,0.000415080005,0.000435056686,0.000458344434,0.000436478101,0.000439663914,0.000448382693,0.000446032581,0.000265347310,0.000276665764,0.000263269479,0.000289149274,0.000288976026,0.000285701558,0.000305689546,0.000305686947,0.000289881452,0.000136915838,0.000133033288,0.000135958634,0.000143751920,0.000143133488,0.000142535321,0.000155008015,0.000154373455,0.000156655557,0.000085324644,0.000081219588,0.000082178293,0.000091666115,0.000089723906,0.000086216510,0.000092094111,0.000093830128,0.000092580856,0.000064866172,0.000061612001,0.000061433800,0.000068436346,0.000064714956,0.000066870520,0.000071986601,0.000069251187,0.000068167935
157,0.000420978012,0.000423400990,0.000415080005,0.000435056686,0.000458344434,0.000436478101,0.000439663914,0.000448382693,0.000446032581,0.000265347310,0.000276665764,0.000263269479,0.000289149274,0.000289202046,0.000285786003,0.000305689546,0.000305686947,0.000289881452,0.000136915838,0.000133036501,0.000136634266,0.000143751920,0.000143625644,0.000142724818,0.000155008015,0.000154865007,0.000156723152,0.000085325925,0.000081234505,0.000082178293,0.000091666115,0.000089951070,0.000086288791,0.000092094111,0.000093831590,0.000092601271,0.000064946620,0.000061645283,0.000061437281,0.000068436723,0.000064837752,0.000067009028,0.000071986601,0.000069395121,0.000068167935
158,0.000420978012,0.000423400990,0.000415080005,0.000435608195,0.000458344434,0.000436478101,0.000439663914,0.000448382693,0.000446032581,0.000265347310,0.000276665764,0.000263702920,0.000289149274,0.000289329488,0.000285908470,0.000305689546,0.000305870028,0.000289929392,0.000136915838,0.000133313651,0.000136646151,0.000144341908,0.000143639609,0.000143371144,0.000155008015,0.000154972033,0.000156757414,0.000085333649,0.000081234505,0.000082328177,0.000091744635,0.000089961864,0.000086289089,0.000092094966,0.000093896858,0.000092660771,0.000064953009,0.000061883267,0.000061437281,0.000068489877,0.000064846665,0.000067057154,0.000072084802,0.000069468518,0.000068194182
159,0.000420978012,0.000423400990,0.000415080005,0.000435608195,0.000458344434,0.000436478101,0.000439663914,0.000448382693,0.000446032581,0.000265370032,0.000276665764,0.000263931154,0.000289149274,0.000289909369,0.000285908470,0.000305689546,0.000306028083,0.000290094123,0.000136915838,0.000133347821,0.000136857985,0.000144341908,0.000143732813,0.000143578663,0.000155008015,0.000155008539,0.000157015068,0.000085340230,0.000081234505,0.000082357437,0.000091748948,0.000089990698,0.000086317863,0.000092094966,0.000094009159,0.000092704661,0.000065002628,0.000061883267,0.000061473744,0.000068567512,0.000064899193,0.000067057154,0.000072171064,0.000069529338,0.000068194182
160,0.000420978012,0.000423400990,0.000415080005,0.000435608195,0.000458344434,0.000436478101,0.000439663914,0.000448382693,0.000446032581,0.000265370032,0.000276791595,0.000264025975,0.000289266387,0.000289932274,0.000285908470,0.000305689546,0.000306028083,0.000290147457,0.000136915838,0.000133799486,0.000136909215,0.000144341908,0.000143837373,0.000143772555,0.000155008015,0.000155165751,0.000157040820,0.000085362596,0.000081283514,0.000082365106,0.000091761548,0.000090041123,0.000086334439,0.000092119275,0.000094023036,0.000092704661,0.000065059835,0.000062019338,0.000061473744,0.000068635028,0.000064970248,0.000067057154,0.000072303697,0.000069588650,0.000068282709
161,0.000420978012,0.000423400990,0.000415080005,0.000435608195,0.000458344434,0.000436478101,0.000439663914,0.000448382693,0.000446032581,0.000265370032,0.000277698983,0.000264549351,0.000289266387,0.000289932274,0.000285908470,0.000305689546,0.000306028083,0.000290264366,0.000136954485,0.000134199469,0.000136956008,0.000144354618,0.000144343599,0.000143934213,0.000155034081,0.000155235021,0.000157086082,0.000085442397,0.000081387436,0.000082390609,0.000091761548,0.000090096512,0.000086336037,0.000092296429,0.000094096575,0.000092724745,0.000065060860,0.000062019338,0.000061489604,0.000068637413,0.000065059549,0.000067057154,0.000072333469,0.000069616188,0.000068305130
162,0.000420978012,0.000423400990,0.000415080005,0.000435608195,0.000458344434,0.000436478101,0.000439663914,0.000448382693,0.000446032581,0.000265370032,0.000277698983,0.000264582533,0.000289390151,0.000289996943,0.000285908470,0.000305689546,0.000306075165,0.000290394229,0.000136954485,0.000134451633,0.000136960633,0.000144354618,0.000144388545,0.000144079377,0.000155034081,0.000155303378,0.000157379812,0.000085464598,0.000081561661,0.000082390609,0.000091761548,0.000090126866,0.000086383550,0.000092296429,0.000094102551,0.000092724745,0.000065084666,0.000062071073,0.000061489604,0.000068663013,0.000065064642,0.000067106037,0.000072368037,0.000069677916,0.000068448856
163,0.000420978012,0.000423400990,0.000415080005,0.000435608195,0.000458344434,0.000436478101,0.000439663914,0.000448382693,0.000446032581,0.000265370032,0.000277698983,0.000264632278,0.000289390151,0.000289996943,0.000286014136,0.000305689546,0.000306234393,0.000290604764,0.000136954485,0.000134562165,0.000137318159,0.000144365971,0.000144391515,0.000144151350,0.000155105578,0.000155303378,0.000157387857,0.000085536043,0.000081574151,0.000082407609,0.000091761548,0.000090142995,0.000086444811,0.000092339366,0.000094259896,0.000092724745,0.000065084666,0.000062071387,0.000061489604,0.000068663013,0.000065085112,0.000067134056,0.000072370265,0.000069789820,0.000068502016
164,0.000420978012,0.000423400990,0.000415080005,0.000435608195,0.000458344434,0.000436478101,0.000439663914,0.000448382693,0.000446032581,0.000265370032,0.000277698983,0.000264829380,0.000289390151,0.000290008783,0.000286220552,0.000305689546,0.000306341324,0.000290767827,0.000136954485,0.000134562165,0.000137470224,0.000144377356,0.000144399037,0.000144321050,0.000155105578,0.000155322998,0.000157706483,0.000085563328,0.000081574151,0.000082408649,0.000091761548,0.000090267697,0.000086631458,0.000092343029,0.000094297089,0.000092988788,0.000065184637,0.000062168100,0.000061511560,0.000068904940,0.000065313205,0.000067134056,0.000072371652,0.000069812100,0.000068534866
165,0.000420978012,0.000423400990,0.000415080005,0.000435608195,0.000458344434,0.000436478101,0.000439663914,0.000448382693,0.000446032581,0.000265370032,0.000277698983,0.000264829380,0.000289390151,0.000290008783,0.000286222089,0.000305689546,0.000306341324,0.000290938969,0.000136954485,0.000134634472,0.000137470224,0.000144379938,0.000144584750,0.000144552973,0.000155108323,0.000155357412,0.000157893265,0.000085563328,0.000081574151,0.000082490169,0.000091761548,0.000090267697,0.000086665783,0.000092343029,0.000094387342,0.000093162326,0.000065185386,0.000062171940,0.000061511560,0.000068904940,0.000065404538,0.000067146020,0.000072439590,0.000070016900,0.000068561518
166,0.000420978012,0.000423400990,0.000415080005,0.000435608195,0.000458344434,0.000436478101,0.000439663914,0.000448382693,0.000446032581,0.000265370032,0.000277698983,0.000264974526,0.000289390151,0.000290008783,0.000286222089,0.000305689546,0.000306341324,0.000290960978,0.000136954485,0.000134634472,0.000137941335,0.000144394273,0.000144634868,0.000144692351,0.000155122302,0.000155395430,0.000157932720,0.000085578978,0.000081671875,0.000082515850,0.000091761548,0.000090289825,0.000086733805,0.000092344687,0.000094406683,0.000093163414,0.000065185386,0.000062181641,0.000061588315,0.000068970449,0.000065431707,0.000067146020,0.000072558798,0.000070268971,0.000068730913
167,0.000420978012,0.000423400990,0.000415080005,0.000435608195,0.000458344434,0.000436478101,0.000439663914,0.000448382693,0.000446032581,0.000265370032,0.000277698983,0.000265403054,0.000289390151,0.000290008783,0.000286222089,0.000305689546,0.000306341324,0.000290960978,0.000137046571,0.000134666407,0.000137985736,0.000144394273,0.000144654829,0.000144692351,0.000155122302,0.000155399938,0.000158019735,0.000085741071,0.000081671875,0.000082515850,0.000091761548,0.000090485066,0.000086969761,0.000092357432,0.000094486740,0.000093299239,0.000065185386,0.000062199767,0.000061588315,0.000068970449,0.000065431707,0.000067165686,0.000072610412,0.000070341683,0.000068880237
168,0.000420978012,0.000423400990,0.000415080005,0.000435608195,0.000458344434,0.000436478101,0.000439663914,0.000448382693,0.000446032581,0.000265370032,0.000277704892,0.000265453170,0.000289390151,0.000290008783,0.000286222089,0.000305689546,0.000306341324,0.000290960978,0.000137075964,0.000134687523,0.000137992719,0.000144394273,0.000144809066,0.000144936696,0.000155128288,0.000155399938,0.000158266224,0.000085773669,0.000081672196,0.000082553925,0.000091765631,0.000090553280,0.000086995109,0.000092357432,0.000094488717,0.000093436299,0.000065185386,0.000062199767,0.000061597069,0.000068970449,0.000065438949,0.000067302959,0.000072618508,0.000070395190,0.000069063401
169,0.000420978012,0.000423400990,0.000415080005,0.000435608195,0.000458344434,0.000436478101,0.000439663914,0.000448382693,0.000446032581,0.000265390972,0.000277704892,0.000265690957,0.000289390151,0.000290008783,0.000286415773,0.000305689546,0.000306341324,0.000291004606,0.000137080202,0.000134955354,0.000138372657,0.000144394273,0.000144993774,0.000144956610,0.000155128288,0.000155623972,0.000158299831,0.000085820533,0.000081705366,0.000082608545,0.000091765631,0.000090556015,0.000087020093,0.000092357432,0.000094488717,0.000093550987,0.000065185386,0.000062208979,0.000061599869,0.000068991132,0.000065502868,0.000067315550,0.000072674162,0.000070478494,0.000069120663
170,0.000420978012,0.000423400990,0.000415080005,0.000435608195,0.000458344434,0.000436478101,0.000439663914,0.000448382693,0.000446032581,0.000265390972,0.000277704892,0.000265690957,0.000289390151,0.000290008783,0.000286488729,0.000305689546,0.000306341324,0.000291009687,0.000137245124,0.000134959457,0.000138868461,0.000144394273,0.000145049332,0.000144971885,0.000155128288,0.000155719786,0.000158341848,0.000085870953,0.000081831029,0.000082773566,0.000091780719,0.000090683374,0.000087020093,0.000092357432,0.000094562842,0.000093588279,0.000065185386,0.000062208979,0.000061712651,0.000068991132,0.000065502868,0.000067400647,0.000072721566,0.000070479290,0.000069127838
171,0.000420978012,0.000423400990,0.000415080005,0.000435608195,0.000458344434,0.000436478101,0.000439663914,0.000448382693,0.000446032581,0.000265390972,0.000277704892,0.000265690957,0.000289390151,0.000290008783,0.000286667613,0.000305689546,0.000306341324,0.000291096509,0.000137245124,0.000135072592,0.000139037759,0.000144394273,0.000145137713,0.000145046774,0.000155128288,0.000155745774,0.000158523948,0.000085979141,0.000081831029,0.000082857654,0.000091780719,0.000090756884,0.000087052874,0.000092357432,0.000094562842,0.000093647818,0.000065222374,0.000062240449,0.000061714330,0.000068991132,0.000065584735,0.000067420634,0.000072776981,0.000070713201,0.000069216155
172,0.000420978012,0.000423400990,0.000415080005,0.000435608195,0.000458344434,0.000436478101,0.000439663914,0.000448382693,0.000446032581,0.000265390972,0.000277704892,0.000265997513,0.000289390151,0.000290008783,0.000287322443,0.000305689546,0.000306341324,0.000291234446,0.000137272314,0.000135299244,0.000139037759,0.000144503498,0.000145302025,0.000145082716,0.000155142548,0.000155747092,0.000158721483,0.000085979141,0.000081837053,0.000082959550,0.000091780861,0.000090814907,0.000087082712,0.000092357432,0.000094680429,0.000093648782,0.000065240531,0.000062270117,0.000061908344,0.000068991688,0.000065690468,0.000067420634,0.000072830782,0.000070764308,0.000069350306
173,0.000420978012,0.000423400990,0.000415080005,0.000435608195,0.000458344434,0.000436478101,0.000439663914,0.000448382693,0.000446032581,0.000265390972,0.000277704892,0.000266055750,0.000289390151,0.000290008783,0.000287330829,0.000305689546,0.000306406332,0.000291478971,0.000137272314,0.000135590110,0.000139111857,0.000144503498,0.000145302025,0.000145098828,0.000155172995,0.000155962662,0.000158721483,0.000086065293,0.000081838511,0.000082978804,0.000091780861,0.000090936801,0.000087082712,0.000092357432,0.000094680429,0.000093876850,0.000065254013,0.000062270117,0.000062062974,0.000068991688,0.000065801104,0.000067424052,0.000072938614,0.000070774567,0.000069359763
174,0.000420978012,0.000423400990,0.000415080005,0.000435608195,0.000458344434,0.000436478101,0.000439663914,0.000448382693,0.000446032581,0.000265390972,0.000277704892,0.000266092383,0.000289390151,0.000290008783,0.000287332389,0.000305692231,0.000306406332,0.000291483456,0.000137288268,0.000135659455,0.000139410056,0.000144503498,0.000145568623,0.000145098828,0.000155188571,0.000155978273,0.000159084628,0.000086065293,0.000081877447,0.000082994631,0.000091780861,0.000090956034,0.000087170346,0.000092357432,0.000094856603,0.000093876850,0.000065419217,0.000062291902,0.000062073386,0.000069069137,0.000065830813,0.000067424052,0.000072973462,0.000070802665,0.000069416674
175,0.000420978012,0.000423400990,0.000415080005,0.000435608195,0.000458344434,0.000436478101,0.000439663914,0.000448382693,0.000446032581,0.000265390972,0.000277704892,0.000266164940,0.000289390151,0.000290008783,0.000287332389,0.000305740446,0.000306571479,0.000291483456,0.000137288268,0.000135708794,0.000140120249,0.000144503498,0.000145598772,0.000145418643,0.000155188571,0.000156057668,0.000159087739,0.000086065293,0.000081877447,0.000082994631,0.000091780861,0.000090956679,0.000087266544,0.000092371263,0.000094905426,0.000093876850,0.000065453667,0.000062292421,0.000062074827,0.000069126855,0.000065894553,0.000067436626,0.000073044084,0.000070888067,0.000069420690
176,0.000420978012,0.000423400990,0.000415080005,0.000435608195,0.000458344434,0.000436478101,0.000439663914,0.000448382693,0.000446032581,0.000265462412,0.000277704892,0.000266166003,0.000289390151,0.000290098528,0.000287332389,0.000305740446,0.000306681594,0.000291613908,0.000137289422,0.000135773809,0.000140260340,0.000144503498,0.000145664918,0.000145418643,0.000155188571,0.000156172652,0.000159140855,0.000086071523,0.000082055447,0.000083021297,0.000091780861,0.000091160324,0.000087318108,0.000092371263,0.000095039579,0.000093879454,0.000065480961,0.000062347939,0.000062099061,0.000069150141,0.000066024668,0.000067458841,0.000073045936,0.000070918087,0.000069494712
177,0.000420978012,0.000423400990,0.000415080005,0.000435608195,0.000458344434,0.000436478101,0.000439663914,0.000448382693,0.000446032581,0.000265543894,0.000277791732,0.000266166003,0.000289390151,0.000290120175,0.000287508937,0.000305740446,0.000306681594,0.000291613908,0.000137365075,0.000135853848,0.000140260340,0.000144503498,0.000145802742,0.000145499087,0.000155209720,0.000156219565,0.000159308014,0.000086106702,0.000082104083,0.000083219642,0.000091780861,0.000091203435,0.000087318108,0.000092371263,0.000095098121,0.000093884016,0.000065494868,0.000062393933,0.000062195344,0.000069154231,0.000066068833,0.000067535397,0.000073064904,0.000070922687,0.000069512375
178,0.000420978012,0.000423400990,0.000415080005,0.000435608195,0.000458344434,0.000438800700,0.000440344462,0.000448382693,0.000446032581,0.000265543894,0.000277828193,0.000266166003,0.000289390151,0.000290120175,0.000287543045,0.000305740446,0.000306681594,0.000291613908,0.000137365075,0.000135853848,0.000140260340,0.000144503498,0.000146140370,0.000145499087,0.000155231129,0.000156284817,0.000159526086,0.000086106702,0.000082277824,0.000083219642,0.000091780861,0.000091420610,0.000087319498,0.000092387380,0.000095216924,0.000093887053,0.000065494970,0.000062395088,0.000062196009,0.000069154231,0.000066069041,0.000067537532,0.000073086523,0.000070925480,0.000069534566
179,0.000420978012,0.000423400990,0.000415080005,0.000435608195,0.000458344434,0.000438800700,0.000440344462,0.000448382693,0.000446032581,0.000265769341,0.000278154159,0.000266166003,0.000289390151,0.000290165011,0.000288244505,0.000305740446,0.000306781515,0.000291632535,0.000137365075,0.000136011556,0.000140260340,0.000144503498,0.000146188238,0.000146127529,0.000155231129,0.000156601023,0.000159859108,0.000086152592,0.000082277824,0.000083252964,0.000091780861,0.000091473227,0.000087383016,0.000092387380,0.000095695378,0.000093889334,0.000065534906,0.000062475094,0.000062196009,0.000069279019,0.000066296704,0.000067600621,0.000073243349,0.000071063259,0.000069715410
180,0.000420978012,0.000423400990,0.000415080005,0.000435608195,0.000458344434,0.000438800700,0.000440344462,0.000448382693,0.000446032581,0.000265776740,0.000278154159,0.000266166003,0.000289390151,0.000290165011,0.000288244505,0.000305740446,0.000306781515,0.000291632535,0.000137783852,0.000136093339,0.000140260340,0.000144503498,0.000146205662,0.000146187680,0.000155397882,0.000156679246,0.000159913278,0.000086152592,0.000082277824,0.000083514955,0.000091780861,0.000091552060,0.000087385484,0.000092387380,0.000095758740,0.000093998338,0.000065534906,0.000062475094,0.000062244300,0.000069294836,0.000066489328,0.000067600621,0.000073243349,0.000071112956,0.000069726447
181,0.000420978012,0.000423400990,0.000415080005,0.000435608195,0.000458344434,0.000438800700,0.000440344462,0.000448382693,0.000446032581,0.000265776740,0.000278154159,0.000266166003,0.000289390151,0.000290165011,0.000288244505,0.000305740446,0.000307042511,0.000291632535,0.000137783852,0.000136093339,0.000140260340,0.000144628825,0.000146678639,0.000146209077,0.000155451055,0.000156701961,0.000159936818,0.000086157125,0.000082277824,0.000083523800,0.000091803589,0.000091552060,0.000087469602,0.000092387380,0.000095931684,0.000094003282,0.000065535756,0.000062695740,0.000062317484,0.000069332039,0.000066553746,0.000067606273,0.000073267897,0.000071190754,0.000069774292
182,0.000420978012,0.000423400990,0.000415080005,0.000435608195,0.000458344434,0.000438800700,0.000440344462,0.000448382693,0.000446032581,0.000265776740,0.000278154159,0.000266166003,0.000289390151,0.000290165011,0.000288244505,0.000305740446,0.000307127032,0.000291632535,0.000137878554,0.000136138326,0.000140260340,0.000144644803,0.000146678639,0.000146285767,0.000155451055,0.000156840130,0.000159936818,0.000086246537,0.000082452013,0.000083523800,0.000091803589,0.000091771250,0.000087584720,0.000092387380,0.000096038864,0.000094092408,0.000065535756,0.000062750243,0.000062317484,0.000069393695,0.000066635041,0.000067705015,0.000073385072,0.000071249729,0.000069825639
183,0.000420978012,0.000423400990,0.000415080005,0.000435608195,0.000458344434,0.000438800700,0.000440369419,0.000448382693,0.000446032581,0.000265821929,0.000278219639,0.000266166003,0.000289390151,0.000290165011,0.000288244505,0.000305740446,0.000307127032,0.000291983208,0.000137878554,0.000136138326,0.000140303573,0.000144647959,0.000146678639,0.000146565431,0.000155451055,0.000156840130,0.000160057547,0.000086534365,0.000082465664,0.000083567195,0.000091803589,0.000091771250,0.000087595117,0.000092389277,0.000096052767,0.000094115005,0.000065548410,0.000062750243,0.000062317484,0.000069418565,0.000066661840,0.000067768631,0.000073396731,0.000071298691,0.000069933572
184,0.000420978012,0.000423400990,0.000415080005,0.000435608195,0.000458344434,0.000439658830,0.000440369419,0.000448382693,0.000446032581,0.000265821929,0.000278219639,0.000266242290,0.000289390151,0.000290165011,0.000288276819,0.000305827949,0.000307127032,0.000292163478,0.000137878554,0.000136261784,0.000140332462,0.000144647959,0.000146687893,0.000146627644,0.000155532870,0.000156880092,0.000160100425,0.000086556023,0.000082547358,0.000083567195,0.000091896656,0.000092009364,0.000087692535,0.000092401708,0.000096052767,0.000094162554,0.000065578338,0.000062935695,0.000062380512,0.000069422156,0.000066681482,0.000067872943,0.000073396731,0.000071380094,0.000070036439
185,0.000420978012,0.000423400990,0.000415080005,0.000435608195,0.000458344434,0.000439658830,0.000440369419,0.000448382693,0.000446032581,0.000265821929,0.000278219639,0.000266242290,0.000289390151,0.000290165011,0.000288296496,0.000305827949,0.000307127032,0.000292252266,0.000137878554,0.000136267329,0.000140480072,0.000144647959,0.000146859146,0.000146645665,0.000156091649,0.000156899758,0.000160125236,0.000086558186,0.000082581952,0.000083567195,0.000091896656,0.000092427085,0.000087692535,0.000092405043,0.000096057551,0.000094247714,0.000065599244,0.000062997253,0.000062380512,0.000069440842,0.000066770155,0.000067872943,0.000073627431,0.000071417849,0.000070036439
186,0.000420978012,0.000423400990,0.000415080005,0.000435608195,0.000458344434,0.000439683787,0.000440369419,0.000448382693,0.000446032581,0.000265821929,0.000278219639,0.000266242290,0.000289390151,0.000291065793,0.000288296496,0.000305827949,0.000307127032,0.000292461118,0.000137916618,0.000136374567,0.000140857889,0.000144647959,0.000146861847,0.000146855810,0.000156113958,0.000157534939,0.000160259236,0.000086558186,0.000082647618,0.000083567195,0.000091896656,0.000092640511,0.000087840564,0.000092405043,0.000096219811,0.000094272413,0.000065599244,0.000062997253,0.000062380512,0.000069471189,0.000066789580,0.000067928513,0.000073679902,0.000071552040,0.000070144896
187,0.000420978012,0.000423400990,0.000415080005,0.000435608195,0.000458344434,0.000439683787,0.000440369419,0.000448382693,0.000446032581,0.000265821929,0.000278219639,0.000266242290,0.000289390151,0.000291065793,0.000288488800,0.000305827949,0.000307127032,0.000292461118,0.000137923822,0.000136444601,0.000140857889,0.000144647959,0.000146879825,0.000146855810,0.000156199689,0.000157534939,0.000160259236,0.000086558186,0.000082699712,0.000083567195,0.000091896656,0.000092688698,0.000087940489,0.000092405043,0.000096221930,0.000094319570,0.000065599244,0.000063024804,0.000062392539,0.000069499199,0.000066794144,0.000067932092,0.000073679902,0.000071601820,0.000070348368
188,0.000420978012,0.000423400990,0.000415080005,0.000435608195,0.000458344434,0.000439683787,0.000440369419,0.000448382693,0.000446032581,0.000265821929,0.000278219639,0.000266242290,0.000289390151,0.000291287619,0.000288611556,0.000305827949,0.000307127032,0.000292461118,0.000137949071,0.000136444601,0.000140857889,0.000144655998,0.000147246974,0.000146895516,0.000156234528,0.000157534939,0.000160648505,0.000086560739,0.000082857364,0.000083647632,0.000092017907,0.000092871712,0.000088072030,0.000092405043,0.000096221930,0.000094323314,0.000065626362,0.000063091251,0.000062392539,0.000069555616,0.000066816834,0.000067967869,0.000073692616,0.000071601820,0.000070387423
189,0.000420978012,0.000423400990,0.000415080005,0.000435608195,0.000458344434,0.000439683787,0.000440369419,0.000448382693,0.000446032581,0.000265821929,0.000278219639,0.000266242290,0.000289390151,0.000291287619,0.000288611556,0.000305852919,0.000307127032,0.000292800476,0.000137949071,0.000136468028,0.000140917800,0.000144655998,0.000147326801,0.000146895685,0.000156257864,0.000157556562,0.000160725767,0.000086560739,0.000082857364,0.000083683260,0.000092017907,0.000093095826,0.000088124515,0.000092405043,0.000096320435,0.000094574039,0.000065699007,0.000063108846,0.000062523427,0.000069659371,0.000066909343,0.000068014066,0.000073709492,0.000071844518,0.000070404345
190,0.000420978012,0.000423400990,0.000415080005,0.000435608195,0.000458344434,0.000439683787,0.000440369419,0.000448382693,0.000446032581,0.000265821929,0.000278219639,0.000266306753,0.000289432339,0.000291287619,0.000288660596,0.000305852919,0.000307127032,0.000292800476,0.000138202627,0.000136512717,0.000140930666,0.000144655998,0.000147397347,0.000146972076,0.000156257864,0.000157559767,0.000160997320,0.000086589156,0.000082864912,0.000083683260,0.000092043808,0.000093096760,0.000088141372,0.000092405043,0.000096463572,0.000094574039,0.000065699007,0.000063169448,0.000062546917,0.000069659371,0.000067247907,0.000068014066,0.000073709492,0.000071906695,0.000070404874
191,0.000420978012,0.000423400990,0.000415080005,0.000435608195,0.000458344434,0.000439683787,0.000440369419,0.000448382693,0.000446032581,0.000265821929,0.000278219639,0.000266306753,0.000289432339,0.000291305530,0.000288660596,0.000305852919,0.000307127032,0.000292928788,0.000138202627,0.000136585995,0.000140930666,0.000144655998,0.000147511372,0.000147149389,0.000156257864,0.000157559767,0.000161095966,0.000086589156,0.000083155784,0.000083746879,0.000092043808,0.000093174117,0.000088226405,0.000092405043,0.000096465692,0.000094582900,0.000065699007,0.000063175728,0.000062558110,0.000069710103,0.000067382723,0.000068014066,0.000073719901,0.000071906695,0.000070421161
192,0.000420978012,0.000423400990,0.000415080005,0.000435608195,0.000458344434,0.000439683787,0.000440369419,0.000448382693,0.000446032581,0.000265821929,0.000278300887,0.000266577537,0.000289619062,0.000291305530,0.000288660596,0.000305890400,0.000307127032,0.000292937161,0.000138202627,0.000136723142,0.000141013630,0.000144655998,0.000147512304,0.000147180485,0.000156271234,0.000157559767,0.000161501400,0.000086589156,0.000083245325,0.000083752644,0.000092043808,0.000093211311,0.000088313339,0.000092405043,0.000096619241,0.000094582900,0.000065699007,0.000063300507,0.000062661763,0.000069710103,0.000067436936,0.000068014925,0.000073744280,0.000072186074,0.000070516039
193,0.000420978012,0.000423400990,0.000415080005,0.000435608195,0.000458344434,0.000439683787,0.000440369419,0.000448382693,0.000446032581,0.000265821929,0.000278300887,0.000266577537,0.000289619062,0.000291305530,0.000288660596,0.000305912496,0.000307179232,0.000293000400,0.000138270099,0.000136859945,0.000141016760,0.000144655998,0.000147664062,0.000147195044,0.000156271234,0.000157560116,0.000161590253,0.000086589156,0.000083262120,0.000083752644,0.000092043808,0.000093230534,0.000088318395,0.000092405043,0.000096740487,0.000094582900,0.000065703750,0.000063321737,0.000062709122,0.000069710103,0.000067455719,0.000068014925,0.000073788783,0.000072194842,0.000070516039
194,0.000420978012,0.000423400990,0.000415080005,0.000435608195,0.000458344434,0.000439683787,0.000440369419,0.000448382693,0.000446032581,0.000265821929,0.000278300887,0.000266577537,0.000289619062,0.000291305530,0.000288660596,0.000305912496,0.000307179232,0.000293000400,0.000138276111,0.000136892860,0.000141016760,0.000144655998,0.000147689099,0.000147218224,0.000156278849,0.000157566849,0.000161688923,0.000086589156,0.000083262120,0.000083763031,0.000092047777,0.000093230534,0.000088318395,0.000092405043,0.000096775393,0.000094599658,0.000065758804,0.000063366089,0.000062709122,0.000069728279,0.000067455719,0.000068166328,0.000073788783,0.000072249131,0.000070585160
195,0.000420978012,0.000423400990,0.000415080005,0.000435608195,0.000458344434,0.000439683787,0.000440369419,0.000448382693,0.000446032581,0.000265821929,0.000278300887,0.000266577537,0.000289619062,0.000291305530,0.000288962536,0.000306177726,0.000307179232,0.000293000400,0.000138276111,0.000136930126,0.000141030647,0.000144655998,0.000147689099,0.000147339048,0.000156278849,0.000157582357,0.000161934180,0.000086689480,0.000083612142,0.000084288611,0.000092054423,0.000093314634,0.000088348056,0.000092405043,0.000096799091,0.000094810217,0.000065940448,0.000063491145,0.000062709122,0.000069728279,0.000067561965,0.000068191552,0.000073790803,0.000072308341,0.000070622395
196,0.000420978012,0.000423400990,0.000415080005,0.000435608195,0.000458344434,0.000439683787,0.000440369419,0.000448382693,0.000446032581,0.000265989763,0.000278300887,0.000266577537,0.000289619062,0.000291305530,0.000289045167,0.000306187858,0.000307179232,0.000293000400,0.000138276111,0.000136937655,0.000141030647,0.000144655998,0.000147838672,0.000147342711,0.000156278849,0.000157651402,0.000161978787,0.000086689480,0.000083651335,0.000084288611,0.000092062503,0.000093359407,0.000088374426,0.000092437539,0.000096804169,0.000094810217,0.000065982943,0.000063662571,0.000062748560,0.000069755522,0.000067613500,0.000068194608,0.000073790803,0.000072362872,0.000070666696
197,0.000420978012,0.000423400990,0.000415080005,0.000435608195,0.000458344434,0.000439683787,0.000440369419,0.000448382693,0.000446032581,0.000265989763,0.000278300887,0.000266593680,0.000289619062,0.000291305530,0.000289108667,0.000306187858,0.000307179232,0.000293000400,0.000138276111,0.000137052305,0.000141209946,0.000144655998,0.000147925776,0.000147370592,0.000156278849,0.000157747851,0.000162072513,0.000086689480,0.000083725504,0.000084532543,0.000092062503,0.000093375658,0.000088374426,0.000092437539,0.000096804169,0.000094812172,0.000065982943,0.000063744138,0.000062795509,0.000069792643,0.000067675323,0.000068194608,0.000073801808,0.000072477360,0.000070715976
198,0.000420978012,0.000423400990,0.000415080005,0.000435608195,0.000458344434,0.000439683787,0.000440369419,0.000448382693,0.000446032581,0.000265989763,0.000278322519,0.000266593680,0.000289619062,0.000291305530,0.000289108667,0.000306263532,0.000307179232,0.000293003350,0.000138330736,0.000137070597,0.000141414685,0.000144655998,0.000147945825,0.000147543655,0.000156278849,0.000157747851,0.000162221779,0.000086689480,0.000083769105,0.000084532543,0.000092062503,0.000093467240,0.000088401527,0.000092437539,0.000096808449,0.000094820556,0.000065982943,0.000063744138,0.000062795509,0.000069792643,0.000067923622,0.000068227654,0.000073807534,0.000072562111,0.000070755521
199,0.000420978012,0.000423400990,0.000415080005,0.000435608195,0.000458344434,0.000439683787,0.000440369419,0.000448382693,0.000446032581,0.000265989763,0.000278322519,0.000266593680,0.000289619062,0.000291383279,0.000289108667,0.000306263532,0.000307179232,0.000293022967,0.000138330736,0.000137103667,0.000141580231,0.000144669705,0.000148126465,0.000147714625,0.000156356998,0.000157747851,0.000162227969,0.000086689480,0.000083885684,0.000084534189,0.000092062503,0.000093481592,0.000088525156,0.000092437539,0.000096808449,0.000094909196,0.000066147226,0.000063744138,0.000062819565,0.000069805774,0.000067923948,0.000068229984,0.000073807534,0.000072573397,0.000070835776
200,0.000420978012,0.000423400990,0.000415080005,0.000435608195,0.000458344434,0.000439683787,0.000440369419,0.000448382693,0.000446032581,0.000265989763,0.000278322519,0.000266593680,0.000289619062,0.000291383279,0.000289132353,0.000306263532,0.000307211316,0.000293022967,0.000138364771,0.000137103667,0.000141580231,0.000144669705,0.000148170909,0.000147714625,0.000156356998,0.000157747851,0.000162227969,0.000086733030,0.000083965987,0.000084535763,0.000092062503,0.000093625594,0.000088900362,0.000092437539,0.000096873343,0.000094923972,0.000066150758,0.000063833250,0.000062819565,0.000069876551,0.000067944916,0.000068263596,0.000073847386,0.000072579414,0.000070871593
201,0.000000000000,0.000423400990,0.000415080005,0.000000000000,0.000458344434,0.000439683787,0.000000000000,0.000448382693,0.000446032581,0.000000000000,0.000278388635,0.000266593680,0.000000000000,0.000291383279,0.000289266653,0.000000000000,0.000307211316,0.000293022967,0.000000000000,0.000137175403,0.000141627637,0.000000000000,0.000148170909,0.000147842575,0.000000000000,0.000157780232,0.000162327093,0.000000000000,0.000084048737,0.000084535763,0.000000000000,0.000093652790,0.000088909332,0.000000000000,0.000096879814,0.000094949057,0.000000000000,0.000064050031,0.000062819565,0.000000000000,0.000067945284,0.000068410933,0.000000000000,0.000072583056,0.000070938509
202,0.000000000000,0.000423400990,0.000415080005,0.000000000000,0.000458344434,0.000439683787,0.000000000000,0.000448382693,0.000446032581,0.000000000000,0.000278388635,0.000266593680,0.000000000000,0.000291383279,0.000289266653,0.000000000000,0.000307211316,0.000293022967,0.000000000000,0.000137175403,0.000141808771,0.000000000000,0.000148290626,0.000147918050,0.000000000000,0.000157780232,0.000162372693,0.000000000000,0.000084114810,0.000084535763,0.000000000000,0.000093749422,0.000088909332,0.000000000000,0.000096905676,0.000094965250,0.000000000000,0.000064082079,0.000062819565,0.000000000000,0.000068013512,0.000068430208,0.000000000000,0.000072592853,0.000070963796
203,0.000000000000,0.000423400990,0.000415080005,0.000000000000,0.000458344434,0.000439683787,0.000000000000,0.000448382693,0.000446032581,0.000000000000,0.000278414319,0.000266593680,0.000000000000,0.000291411305,0.000289370921,0.000000000000,0.000307211316,0.000293022967,0.000000000000,0.000137175403,0.000142000424,0.000000000000,0.000148513363,0.000147920035,0.000000000000,0.000157780232,0.000162416532,0.000000000000,0.000084114810,0.000084646991,0.000000000000,0.000093754595,0.000088909332,0.000000000000,0.000096908808,0.000094965250,0.000000000000,0.000064103338,0.000062900519,0.000000000000,0.000068013512,0.000068445770,0.000000000000,0.000072604917,0.000071001667
204,0.000000000000,0.000423400990,0.000415080005,0.000000000000,0.000458344434,0.000439683787,0.000000000000,0.000448382693,0.000446032581,0.000000000000,0.000278414319,0.000266593680,0.000000000000,0.000291411305,0.000289642392,0.000000000000,0.000307211316,0.000293022967,0.000000000000,0.000137189177,0.000142000424,0.000000000000,0.000148513363,0.000147939023,0.000000000000,0.000157931784,0.000162416532,0.000000000000,0.000084114810,0.000084845396,0.000000000000,0.000093766645,0.000088909332,0.000000000000,0.000096913826,0.000094965250,0.000000000000,0.000064103667,0.000062900519,0.000000000000,0.000068052061,0.000068465949,0.000000000000,0.000072604917,0.000071004386
205,0.000000000000,0.000423400990,0.000415080005,0.000000000000,0.000458344434,0.000439683787,0.000000000000,0.000448382693,0.000446032581,0.000000000000,0.000278414319,0.000266672818,0.000000000000,0.000291411305,0.000289888307,0.000000000000,0.000307211316,0.000293022967,0.000000000000,0.000137189177,0.000142000424,0.000000000000,0.000148710782,0.000148302328,0.000000000000,0.000157957725,0.000162476519,0.000000000000,0.000084132415,0.000084845396,0.000000000000,0.000093766645,0.000088909332,0.000000000000,0.000096938644,0.000095062702,0.000000000000,0.000064125540,0.000062978046,0.000000000000,0.000068141202,0.000068469829,0.000000000000,0.000072618695,0.000071046981
206,0.000000000000,0.000423400990,0.000415080005,0.000000000000,0.000458344434,0.000439683787,0.000000000000,0.000448382693,0.000446032581,0.000000000000,0.000278414319,0.000266672818,0.000000000000,0.000291411305,0.000289888307,0.000000000000,0.000307211316,0.000293022967,0.000000000000,0.000137189177,0.000142000424,0.000000000000,0.000148774549,0.000148437497,0.000000000000,0.000157976759,0.000162620310,0.000000000000,0.000084457413,0.000084861212,0.000000000000,0.000093766645,0.000088910147,0.000000000000,0.000096949291,0.000095062702,0.000000000000,0.000064125762,0.000063006334,0.000000000000,0.000068162451,0.000068572065,0.000000000000,0.000072626457,0.000071098418
207,0.000000000000,0.000423400990,0.000415080005,0.000000000000,0.000458344434,0.000439683787,0.000000000000,0.000448382693,0.000446032581,0.000000000000,0.000278414319,0.000267012392,0.000000000000,0.000291411305,0.000289888307,0.000000000000,0.000307211316,0.000293022967,0.000000000000,0.000137189177,0.000142084224,0.000000000000,0.000148774549,0.000148437497,0.000000000000,0.000157976759,0.000162667759,0.000000000000,0.000084458250,0.000084930325,0.000000000000,0.000093766645,0.000088954049,0.000000000000,0.000096954587,0.000095078434,0.000000000000,0.000064163372,0.000063011649,0.000000000000,0.000068269192,0.000068587575,0.000000000000,0.000072646626,0.000071154558
208,0.000000000000,0.000423400990,0.000415080005,0.000000000000,0.000458344434,0.000439683787,0.000000000000,0.000448382693,0.000446032581,0.000000000000,0.000278414319,0.000267052333,0.000000000000,0.000291411305,0.000289888307,0.000000000000,0.000307302472,0.000293059979,0.000000000000,0.000137236709,0.000142084224,0.000000000000,0.000148822496,0.000148515308,0.000000000000,0.000157976759,0.000162667759,0.000000000000,0.000084474068,0.000084930903,0.000000000000,0.000093766645,0.000088967347,0.000000000000,0.000097029954,0.000095078510,0.000000000000,0.000064163372,0.000063014316,0.000000000000,0.000068363939,0.000068649732,0.000000000000,0.000072663377,0.000071341815
209,0.000000000000,0.000423400990,0.000415080005,0.000000000000,0.000458344434,0.000439683787,0.000000000000,0.000448382693,0.000446032581,0.000000000000,0.000278414319,0.000267052333,0.000000000000,0.000291411305,0.000290055992,0.000000000000,0.000307352305,0.000293161534,0.000000000000,0.000137287782,0.000142095192,0.000000000000,0.000148872903,0.000148552526,0.000000000000,0.000157976759,0.000162682864,0.000000000000,0.000084486030,0.000084947162,0.000000000000,0.000093807908,0.000089009405,0.000000000000,0.000097071653,0.000095367679,0.000000000000,0.000064223147,0.000063094264,0.000000000000,0.000068425114,0.000068653862,0.000000000000,0.000072667296,0.000071401358
210,0.000000000000,0.000423400990,0.000415080005,0.000000000000,0.000458344434,0.000439683787,0.000000000000,0.000448382693,0.000446032581,0.000000000000,0.000278692388,0.000267052333,0.000000000000,0.000291411305,0.000290159345,0.000000000000,0.000307352305,0.000293238159,0.000000000000,0.000137287782,0.000142360295,0.000000000000,0.000148872903,0.000148562341,0.000000000000,0.000157976759,0.000162682864,0.000000000000,0.000084527269,0.000084947162,0.000000000000,0.000093807908,0.000089038487,0.000000000000,0.000097104325,0.000095393746,0.000000000000,0.000064262330,0.000063094264,0.000000000000,0.000068454133,0.000068723232,0.000000000000,0.000072695023,0.000071409413
211,0.000000000000,0.000423400990,0.000415080005,0.000000000000,0.000458344434,0.000439683787,0.000000000000,0.000448382693,0.000446032581,0.000000000000,0.000278739929,0.000267071020,0.000000000000,0.000291411305,0.000290159345,0.000000000000,0.000307352305,0.000293337828,0.000000000000,0.000137316771,0.000142437025,0.000000000000,0.000148915928,0.000148636193,0.000000000000,0.000157976759,0.000162693293,0.000000000000,0.000084544565,0.000084949451,0.000000000000,0.000093812623,0.000089164427,0.000000000000,0.000097106659,0.000095404377,0.000000000000,0.000064281246,0.000063112641,0.000000000000,0.000068545249,0.000068733206,0.000000000000,0.000072695023,0.000071468416
212,0.000000000000,0.000423400990,0.000415080005,0.000000000000,0.000458344434,0.000439683787,0.000000000000,0.000448382693,0.000446032581,0.000000000000,0.000279008219,0.000267071020,0.000000000000,0.000291515032,0.000290159345,0.000000000000,0.000307352305,0.000293337828,0.000000000000,0.000137316771,0.000142504338,0.000000000000,0.000148963967,0.000148636632,0.000000000000,0.000157978489,0.000162726127,0.000000000000,0.000084546226,0.000084949451,0.000000000000,0.000093812623,0.000089423887,0.000000000000,0.000097171206,0.000095410857,0.000000000000,0.000064308042,0.000063166953,0.000000000000,0.000068557380,0.000068733206,0.000000000000,0.000072727579,0.000071540399
213,0.000000000000,0.000423400990,0.000415080005,0.000000000000,0.000458344434,0.000439683787,0.000000000000,0.000448382693,0.000446032581,0.000000000000,0.000279008219,0.000267071020,0.000000000000,0.000291515032,0.000290159345,0.000000000000,0.000307352305,0.000293337828,0.000000000000,0.000137316771,0.000142543980,0.000000000000,0.000148963967,0.000148907778,0.000000000000,0.000157978489,0.000162736240,0.000000000000,0.000084586262,0.000085029799,0.000000000000,0.000093861442,0.000089426748,0.000000000000,0.000097171206,0.000095644147,0.000000000000,0.000064314127,0.000063180668,0.000000000000,0.000068558805,0.000068735328,0.000000000000,0.000072924502,0.000071548053
214,0.000000000000,0.000423400990,0.000415080005,0.000000000000,0.000458344434,0.000439683787,0.000000000000,0.000448382693,0.000446032581,0.000000000000,0.000279008219,0.000267099088,0.000000000000,0.000291515032,0.000290159345,0.000000000000,0.000307397060,0.000293366011,0.000000000000,0.000137347850,0.000142612546,0.000000000000,0.000148966089,0.000148930713,0.000000000000,0.000157978489,0.000162736240,0.000000000000,0.000084587122,0.000085029799,0.000000000000,0.000093872541,0.000089463399,0.000000000000,0.000097331131,0.000095650261,0.000000000000,0.000064355628,0.000063196200,0.000000000000,0.000068572873,0.000068772712,0.000000000000,0.000072925911,0.000071745592
215,0.000000000000,0.000423400990,0.000415080005,0.000000000000,0.000458344434,0.000439683787,0.000000000000,0.000448382693,0.000446032581,0.000000000000,0.000279008219,0.000267205770,0.000000000000,0.000291515032,0.000290159345,0.000000000000,0.000307414150,0.000293366011,0.000000000000,0.000137347850,0.000142752001,0.000000000000,0.000148976626,0.000148930713,0.000000000000,0.000157980423,0.000162819888,0.000000000000,0.000084733391,0.000085187187,0.000000000000,0.000093885736,0.000089497234,0.000000000000,0.000097350071,0.000095690788,0.000000000000,0.000064428742,0.000063312127,0.000000000000,0.000068620209,0.000068795553,0.000000000000,0.000073040657,0.000071770795
216,0.000000000000,0.000423400990,0.000415080005,0.000000000000,0.000458344434,0.000439683787,0.000000000000,0.000448382693,0.000446032581,0.000000000000,0.000279008219,0.000267205770,0.000000000000,0.000291515032,0.000290164785,0.000000000000,0.000307414150,0.000293366011,0.000000000000,0.000137347850,0.000142818231,0.000000000000,0.000149055785,0.000148934254,0.000000000000,0.000157980423,0.000162848904,0.000000000000,0.000084808982,0.000085227336,0.000000000000,0.000093885736,0.000089497492,0.000000000000,0.000097361054,0.000095731099,0.000000000000,0.000064428742,0.000063312127,0.000000000000,0.000068645681,0.000068795553,0.000000000000,0.000073056061,0.000071826283
217,0.000000000000,0.000423400990,0.000415080005,0.000000000000,0.000458344434,0.000439683787,0.000000000000,0.000448382693,0.000446032581,0.000000000000,0.000279008219,0.000267205770,0.000000000000,0.000291515032,0.000290164785,0.000000000000,0.000307414150,0.000293366011,0.000000000000,0.000137349701,0.000143107122,0.000000000000,0.000149183701,0.000148934254,0.000000000000,0.000157980423,0.000162848904,0.000000000000,0.000084810646,0.000085227336,0.000000000000,0.000093903606,0.000089497492,0.000000000000,0.000097409810,0.000095873521,0.000000000000,0.000064430631,0.000063312127,0.000000000000,0.000068687228,0.000068795553,0.000000000000,0.000073060267,0.000071870411
218,0.000000000000,0.000423400990,0.000415080005,0.000000000000,0.000458344434,0.000439683787,0.000000000000,0.000448382693,0.000446032581,0.000000000000,0.000279008219,0.000267615785,0.000000000000,0.000291515032,0.000290164785,0.000000000000,0.000307414150,0.000293390322,0.000000000000,0.000137771256,0.000143148858,0.000000000000,0.000149188801,0.000149104499,0.000000000000,0.000157994075,0.000162876823,0.000000000000,0.000084834442,0.000085241884,0.000000000000,0.000093948964,0.000089556463,0.000000000000,0.000097412305,0.000095873521,0.000000000000,0.000064455813,0.000063454271,0.000000000000,0.000068716874,0.000068882674,0.000000000000,0.000073144273,0.000071955588
219,0.000000000000,0.000423400990,0.000415080005,0.000000000000,0.000458344434,0.000439683787,0.000000000000,0.000448382693,0.000446032581,0.000000000000,0.000279008219,0.000267615785,0.000000000000,0.000291515032,0.000290179321,0.000000000000,0.000307414150,0.000293390322,0.000000000000,0.000137771256,0.000143234119,0.000000000000,0.000149284996,0.000149126942,0.000000000000,0.000157994075,0.000162910131,0.000000000000,0.000084909107,0.000085261594,0.000000000000,0.000093948964,0.000089577894,0.000000000000,0.000097412305,0.000095896445,0.000000000000,0.000064456038,0.000063585540,0.000000000000,0.000068933151,0.000068974410,0.000000000000,0.000073147043,0.000072024122
220,0.000000000000,0.000423400990,0.000415080005,0.000000000000,0.000458344434,0.000439683787,0.000000000000,0.000448382693,0.000446032581,0.000000000000,0.000279008219,0.000267666036,0.000000000000,0.000291515032,0.000290760122,0.000000000000,0.000307414150,0.000293390322,0.000000000000,0.000137771256,0.000143234119,0.000000000000,0.000149284996,0.000149126942,0.000000000000,0.000157994075,0.000162932846,0.000000000000,0.000084961568,0.000085267786,0.000000000000,0.000093951519,0.000089646278,0.000000000000,0.000097415791,0.000096033482,0.000000000000,0.000064489370,0.000063585540,0.000000000000,0.000068984665,0.000068974410,0.000000000000,0.000073147604,0.000072109199
221,0.000000000000,0.000423445214,0.000415080005,0.000000000000,0.000458344434,0.000439683787,0.000000000000,0.000448382693,0.000446032581,0.000000000000,0.000279008219,0.000267870708,0.000000000000,0.000291515032,0.000290961564,0.000000000000,0.000307414150,0.000293390322,0.000000000000,0.000137980912,0.000143319548,0.000000000000,0.000149284996,0.000149200297,0.000000000000,0.000157994075,0.000163118326,0.000000000000,0.000084961568,0.000085279814,0.000000000000,0.000093983617,0.000089646278,0.000000000000,0.000097453729,0.000096053325,0.000000000000,0.000064550651,0.000063585540,0.000000000000,0.000069108101,0.000068988159,0.000000000000,0.000073166622,0.000072248900
222,0.000000000000,0.000423445214,0.000415161010,0.000000000000,0.000458344434,0.000439683787,0.000000000000,0.000448382693,0.000446032581,0.000000000000,0.000279026097,0.000267870708,0.000000000000,0.000291515032,0.000290961564,0.000000000000,0.000307487006,0.000293403596,0.000000000000,0.000137980912,0.000143319548,0.000000000000,0.000149325249,0.000149211800,0.000000000000,0.000158110955,0.000163171110,0.000000000000,0.000085007180,0.000085291181,0.000000000000,0.000093983762,0.000089649367,0.000000000000,0.000097590089,0.000096104187,0.000000000000,0.000064552081,0.000063644194,0.000000000000,0.000069108101,0.000069008954,0.000000000000,0.000073199994,0.000072278469
223,0.000000000000,0.000423445214,0.000417483496,0.000000000000,0.000458344434,0.000439683787,0.000000000000,0.000448382693,0.000446032581,0.000000000000,0.000279026097,0.000267901820,0.000000000000,0.000291704350,0.000291220197,0.000000000000,0.000307487006,0.000293403596,0.000000000000,0.000138013301,0.000143348134,0.000000000000,0.000149325249,0.000149255308,0.000000000000,0.000158268394,0.000163193324,0.000000000000,0.000085159518,0.000085401294,0.000000000000,0.000093984948,0.000089762238,0.000000000000,0.000097624650,0.000096203352,0.000000000000,0.000064589193,0.000063669540,0.000000000000,0.000069226855,0.000069008954,0.000000000000,0.000073213438,0.000072362227
224,0.000000000000,0.000423445214,0.000417483496,0.000000000000,0.000458344434,0.000439683787,0.000000000000,0.000448382693,0.000446032581,0.000000000000,0.000279026097,0.000267901820,0.000000000000,0.000291892166,0.000291253063,0.000000000000,0.000307487006,0.000293685886,0.000000000000,0.000138014546,0.000143493013,0.000000000000,0.000149385789,0.000149338257,0.000000000000,0.000158439585,0.000163198849,0.000000000000,0.000085164708,0.000085468038,0.000000000000,0.000094288448,0.000089762238,0.000000000000,0.000097624650,0.000096214130,0.000000000000,0.000064600693,0.000063669540,0.000000000000,0.000069363813,0.000069010149,0.000000000000,0.000073225548,0.000072372853
225,0.000000000000,0.000423445214,0.000417483496,0.000000000000,0.000458344434,0.000439683787,0.000000000000,0.000448382693,0.000446032581,0.000000000000,0.000279026097,0.000268099369,0.000000000000,0.000291892166,0.000291253063,0.000000000000,0.000307487006,0.000293685886,0.000000000000,0.000138047951,0.000143555080,0.000000000000,0.000149385789,0.000149498934,0.000000000000,0.000158439585,0.000163343035,0.000000000000,0.000085164708,0.000085468038,0.000000000000,0.000094290341,0.000089762238,0.000000000000,0.000097636179,0.000096286533,0.000000000000,0.000064602900,0.000063725409,0.000000000000,0.000069425932,0.000069052222,0.000000000000,0.000073381630,0.000072386329
226,0.000000000000,0.000423445214,0.000417636037,0.000000000000,0.000458344434,0.000439683787,0.000000000000,0.000448382693,0.000446032581,0.000000000000,0.000279026097,0.000268099369,0.000000000000,0.000291892166,0.000291253063,0.000000000000,0.000307487006,0.000293840979,0.000000000000,0.000138143354,0.000143555096,0.000000000000,0.000149435648,0.000149570887,0.000000000000,0.000158533225,0.000163343035,0.000000000000,0.000085221277,0.000085468038,0.000000000000,0.000094292369,0.000089961234,0.000000000000,0.000097636179,0.000096319333,0.000000000000,0.000064602900,0.000063792004,0.000000000000,0.000069514229,0.000069150260,0.000000000000,0.000073498127,0.000072387444
227,0.000000000000,0.000423445214,0.000418527014,0.000000000000,0.000458344434,0.000439683787,0.000000000000,0.000448382693,0.000446032581,0.000000000000,0.000279026097,0.000268155468,0.000000000000,0.000291892166,0.000291366757,0.000000000000,0.000307487006,0.000294341454,0.000000000000,0.000138143354,0.000143968030,0.000000000000,0.000149435648,0.000149574061,0.000000000000,0.000158533225,0.000163372341,0.000000000000,0.000085313942,0.000085468038,0.000000000000,0.000094323749,0.000089965922,0.000000000000,0.000097701057,0.000096323437,0.000000000000,0.000064602900,0.000063792004,0.000000000000,0.000069535396,0.000069248283,0.000000000000,0.000073516351,0.000072394738
228,0.000000000000,0.000423445214,0.000418527014,0.000000000000,0.000458344434,0.000439683787,0.000000000000,0.000448382693,0.000446032581,0.000000000000,0.000279026097,0.000268155468,0.000000000000,0.000291892166,0.000291896506,0.000000000000,0.000307487006,0.000294352304,0.000000000000,0.000138146213,0.000143968030,0.000000000000,0.000149446757,0.000149626090,0.000000000000,0.000158697074,0.000163372341,0.000000000000,0.000085363955,0.000085497896,0.000000000000,0.000094337297,0.000089981273,0.000000000000,0.000098047758,0.000096327171,0.000000000000,0.000064695905,0.000063794218,0.000000000000,0.000069561788,0.000069290325,0.000000000000,0.000073544714,0.000072442648
229,0.000000000000,0.000423445214,0.000418527014,0.000000000000,0.000458344434,0.000439683787,0.000000000000,0.000448382693,0.000446032581,0.000000000000,0.000279026097,0.000268498015,0.000000000000,0.000291892166,0.000292669048,0.000000000000,0.000307487006,0.000294380707,0.000000000000,0.000138207198,0.000143986633,0.000000000000,0.000149520736,0.000149626090,0.000000000000,0.000158697074,0.000163448324,0.000000000000,0.000085377479,0.000085528502,0.000000000000,0.000094375786,0.000089981273,0.000000000000,0.000098072644,0.000096354068,0.000000000000,0.000064802975,0.000063797500,0.000000000000,0.000069570224,0.000069369875,0.000000000000,0.000073552461,0.000072456818
230,0.000000000000,0.000423445214,0.000418527014,0.000000000000,0.000458344434,0.000439683787,0.000000000000,0.000448382693,0.000446032581,0.000000000000,0.000279026097,0.000268525404,0.000000000000,0.000291892166,0.000292927706,0.000000000000,0.000307487006,0.000294402510,0.000000000000,0.000138207198,0.000143986633,0.000000000000,0.000149611299,0.000149644985,0.000000000000,0.000158697074,0.000163467473,0.000000000000,0.000085421692,0.000085621031,0.000000000000,0.000094505281,0.000090040737,0.000000000000,0.000098180827,0.000096379079,0.000000000000,0.000064885346,0.000063837688,0.000000000000,0.000069610148,0.000069418235,0.000000000000,0.000073552461,0.000072502092
231,0.000000000000,0.000423445214,0.000418527014,0.000000000000,0.000458344434,0.000439683787,0.000000000000,0.000448382693,0.000446032581,0.000000000000,0.000279026097,0.000268525404,0.000000000000,0.000291892166,0.000292927706,0.000000000000,0.000307487006,0.000294402510,0.000000000000,0.000138207198,0.000144065218,0.000000000000,0.000149611299,0.000149644985,0.000000000000,0.000158851062,0.000163506702,0.000000000000,0.000085433737,0.000085622801,0.000000000000,0.000094505281,0.000090040737,0.000000000000,0.000098194506,0.000096520597,0.000000000000,0.000064923005,0.000063898198,0.000000000000,0.000069685866,0.000069418235,0.000000000000,0.000073589805,0.000072542522
232,0.000000000000,0.000423445214,0.000418527014,0.000000000000,0.000458344434,0.000439683787,0.000000000000,0.000448382693,0.000446032581,0.000000000000,0.000279026097,0.000268632995,0.000000000000,0.000291943869,0.000292927706,0.000000000000,0.000307487006,0.000294402510,0.000000000000,0.000138207198,0.000144205391,0.000000000000,0.000149693051,0.000150171152,0.000000000000,0.000158862346,0.000163506702,0.000000000000,0.000085537234,0.000085622801,0.000000000000,0.000094516107,0.000090040737,0.000000000000,0.000098228107,0.000096542197,0.000000000000,0.000064923005,0.000063931352,0.000000000000,0.000069868819,0.000069490018,0.000000000000,0.000073629325,0.000072629121
233,0.000000000000,0.000423445214,0.000418527014,0.000000000000,0.000458344434,0.000439683787,0.000000000000,0.000448382693,0.000446032581,0.000000000000,0.000279026097,0.000268762198,0.000000000000,0.000291943869,0.000292946677,0.000000000000,0.000307487006,0.000294402510,0.000000000000,0.000138217360,0.000144205391,0.000000000000,0.000149700274,0.000150178470,0.000000000000,0.000158901484,0.000163563823,0.000000000000,0.000085537234,0.000085622801,0.000000000000,0.000094569031,0.000090056052,0.000000000000,0.000098388278,0.000096551143,0.000000000000,0.000064988098,0.000063931352,0.000000000000,0.000069868819,0.000069506932,0.000000000000,0.000073671433,0.000072759047
234,0.000000000000,0.000423445214,0.000418527014,0.000000000000,0.000458344434,0.000439683787,0.000000000000,0.000448382693,0.000446032581,0.000000000000,0.000279026097,0.000268998324,0.000000000000,0.000291943869,0.000292946677,0.000000000000,0.000307487006,0.000294402510,0.000000000000,0.000138217360,0.000144205391,0.000000000000,0.000149700274,0.000150242499,0.000000000000,0.000158901484,0.000163637176,0.000000000000,0.000085640455,0.000085622801,0.000000000000,0.000094591227,0.000090150087,0.000000000000,0.000098414554,0.000096758186,0.000000000000,0.000064988098,0.000063931352,0.000000000000,0.000069896292,0.000069531192,0.000000000000,0.000073824453,0.000072854987
235,0.000000000000,0.000423445214,0.000418527014,0.000000000000,0.000458344434,0.000439683787,0.000000000000,0.000448382693,0.000446032581,0.000000000000,0.000279026097,0.000268998324,0.000000000000,0.000292121329,0.000293023624,0.000000000000,0.000307487006,0.000294402510,0.000000000000,0.000138239325,0.000144253547,0.000000000000,0.000149700274,0.000150428691,0.000000000000,0.000159007111,0.000163637176,0.000000000000,0.000085862970,0.000085622801,0.000000000000,0.000094625740,0.000090166050,0.000000000000,0.000098462198,0.000096770055,0.000000000000,0.000064999857,0.000063944720,0.000000000000,0.000069898649,0.000069531192,0.000000000000,0.000073867340,0.000072886464
236,0.000000000000,0.000423445214,0.000418527014,0.000000000000,0.000458344434,0.000439683787,0.000000000000,0.000448382693,0.000446032581,0.000000000000,0.000279026097,0.000268998324,0.000000000000,0.000292121329,0.000293023624,0.000000000000,0.000307487006,0.000294402510,0.000000000000,0.000138277989,0.000144263168,0.000000000000,0.000149758919,0.000150559784,0.000000000000,0.000159007111,0.000163666047,0.000000000000,0.000085887271,0.000085623543,0.000000000000,0.000094633713,0.000090166050,0.000000000000,0.000098475809,0.000096804908,0.000000000000,0.000065010635,0.000064014081,0.000000000000,0.000069915855,0.000069532692,0.000000000000,0.000073936277,0.000072972131
237,0.000000000000,0.000423445214,0.000418527014,0.000000000000,0.000458344434,0.000439683787,0.000000000000,0.000448382693,0.000446032581,0.000000000000,0.000279070471,0.000269141722,0.000000000000,0.000292121329,0.000293023624,0.000000000000,0.000307487006,0.000294471885,0.000000000000,0.000138285560,0.000144589050,0.000000000000,0.000149871929,0.000150559784,0.000000000000,0.000159089656,0.000163809341,0.000000000000,0.000085887271,0.000085623543,0.000000000000,0.000094633775,0.000090230282,0.000000000000,0.000098516967,0.000096839497,0.000000000000,0.000065076114,0.000064014081,0.000000000000,0.000069915855,0.000069532692,0.000000000000,0.000073949186,0.000072972131
238,0.000000000000,0.000423445214,0.000418527014,0.000000000000,0.000458344434,0.000439683787,0.000000000000,0.000448382693,0.000446032581,0.000000000000,0.000279070471,0.000269141722,0.000000000000,0.000292121329,0.000293102385,0.000000000000,0.000307487006,0.000294503407,0.000000000000,0.000138366037,0.000144681868,0.000000000000,0.000149871929,0.000150610646,0.000000000000,0.000159124530,0.000163875078,0.000000000000,0.000086085695,0.000085638696,0.000000000000,0.000094648688,0.000090238856,0.000000000000,0.000098676972,0.000097014305,0.000000000000,0.000065266492,0.000064152387,0.000000000000,0.000070008772,0.000069576590,0.000000000000,0.000073949186,0.000073080302
239,0.000000000000,0.000423445214,0.000418527014,0.000000000000,0.000458344434,0.000439683787,0.000000000000,0.000448382693,0.000446032581,0.000000000000,0.000279092267,0.000269141722,0.000000000000,0.000292121329,0.000293102385,0.000000000000,0.000307487006,0.000294503407,0.000000000000,0.000138366037,0.000144863713,0.000000000000,0.000149892145,0.000150644241,0.000000000000,0.000159124530,0.000164027204,0.000000000000,0.000086113723,0.000085638696,0.000000000000,0.000094674630,0.000090251211,0.000000000000,0.000098704610,0.000097014648,0.000000000000,0.000065345090,0.000064175520,0.000000000000,0.000070033229,0.000069654094,0.000000000000,0.000073949334,0.000073126996
240,0.000000000000,0.000423445214,0.000418527014,0.000000000000,0.000458344434,0.000439683787,0.000000000000,0.000448382693,0.000446032581,0.000000000000,0.000279326886,0.000269141722,0.000000000000,0.000292121329,0.000293102385,0.000000000000,0.000307487006,0.000294503407,0.000000000000,0.000138366037,0.000144977598,0.000000000000,0.000149892145,0.000150646146,0.000000000000,0.000159124530,0.000164145103,0.000000000000,0.000086217035,0.000085638696,0.000000000000,0.000094680524,0.000090253833,0.000000000000,0.000098706272,0.000097014648,0.000000000000,0.000065366584,0.000064225238,0.000000000000,0.000070037764,0.000069720845,0.000000000000,0.000073979838,0.000073155185
241,0.000000000000,0.000423445214,0.000418527014,0.000000000000,0.000458344434,0.000439683787,0.000000000000,0.000448382693,0.000446032581,0.000000000000,0.000279326886,0.000269141722,0.000000000000,0.000292121329,0.000293102385,0.000000000000,0.000307487006,0.000294503407,0.000000000000,0.000138366037,0.000144988218,0.000000000000,0.000149892145,0.000150867605,0.000000000000,0.000159124530,0.000164338428,0.000000000000,0.000086292205,0.000085679462,0.000000000000,0.000094680808,0.000090272588,0.000000000000,0.000098707059,0.000097134554,0.000000000000,0.000065374225,0.000064342551,0.000000000000,0.000070041236,0.000069720845,0.000000000000,0.000074059985,0.000073182422
242,0.000000000000,0.000423445214,0.000418527014,0.000000000000,0.000458344434,0.000439683787,0.000000000000,0.000448382693,0.000446032581,0.000000000000,0.000279326886,0.000269141722,0.000000000000,0.000292121329,0.000293118229,0.000000000000,0.000307487006,0.000294503407,0.000000000000,0.000138402557,0.000144988218,0.000000000000,0.000149892145,0.000150873888,0.000000000000,0.000159124530,0.000164339920,0.000000000000,0.000086364493,0.000085679462,0.000000000000,0.000094680808,0.000090282319,0.000000000000,0.000098707059,0.000097154898,0.000000000000,0.000065394453,0.000064356334,0.000000000000,0.000070041236,0.000069723605,0.000000000000,0.000074074442,0.000073248718
243,0.000000000000,0.000423445214,0.000418527014,0.000000000000,0.000458344434,0.000439683787,0.000000000000,0.000448382693,0.000446032581,0.000000000000,0.000279326886,0.000269141722,0.000000000000,0.000292121329,0.000293182013,0.000000000000,0.000307487006,0.000294503407,0.000000000000,0.000138405160,0.000145509348,0.000000000000,0.000149892145,0.000150873888,0.000000000000,0.000159126169,0.000164339920,0.000000000000,0.000086380991,0.000085689458,0.000000000000,0.000094680808,0.000090328746,0.000000000000,0.000098710197,0.000097183730,0.000000000000,0.000065502382,0.000064375673,0.000000000000,0.000070174628,0.000069861967,0.000000000000,0.000074187570,0.000073271188
244,0.000000000000,0.000423445214,0.000418527014,0.000000000000,0.000458344434,0.000439683787,0.000000000000,0.000448382693,0.000446032581,0.000000000000,0.000279378424,0.000269141722,0.000000000000,0.000292121329,0.000293182013,0.000000000000,0.000307487006,0.000294503407,0.000000000000,0.000138424052,0.000145511729,0.000000000000,0.000150168641,0.000150916848,0.000000000000,0.000159126169,0.000164406660,0.000000000000,0.000086594015,0.000085689458,0.000000000000,0.000094685164,0.000090377254,0.000000000000,0.000098776816,0.000097199528,0.000000000000,0.000065505526,0.000064399951,0.000000000000,0.000070175388,0.000069861967,0.000000000000,0.000074232395,0.000073311909
245,0.000000000000,0.000423445214,0.000418527014,0.000000000000,0.000458344434,0.000439683787,0.000000000000,0.000448382693,0.000446032581,0.000000000000,0.000279378424,0.000269141722,0.000000000000,0.000292121329,0.000293182013,0.000000000000,0.000307487006,0.000294503407,0.000000000000,0.000138483279,0.000145649900,0.000000000000,0.000150256302,0.000151337558,0.000000000000,0.000159174152,0.000164410063,0.000000000000,0.000086594101,0.000085716138,0.000000000000,0.000094717553,0.000090382692,0.000000000000,0.000098796992,0.000097223517,0.000000000000,0.000065514600,0.000064408133,0.000000000000,0.000070218252,0.000069947856,0.000000000000,0.000074243627,0.000073376322
246,0.000000000000,0.000423445214,0.000418527014,0.000000000000,0.000458344434,0.000439683787,0.000000000000,0.000448382693,0.000446032581,0.000000000000,0.000279544646,0.000269141722,0.000000000000,0.000292121329,0.000293748527,0.000000000000,0.000307487006,0.000294503407,0.000000000000,0.000138483279,0.000145746218,0.000000000000,0.000150358784,0.000151337558,0.000000000000,0.000159176313,0.000164410063,0.000000000000,0.000086711184,0.000086096108,0.000000000000,0.000094727599,0.000090382692,0.000000000000,0.000099037598,0.000097250806,0.000000000000,0.000065514600,0.000064418178,0.000000000000,0.000070234150,0.000069947856,0.000000000000,0.000074251036,0.000073459908
247,0.000000000000,0.000423445214,0.000418527014,0.000000000000,0.000458344434,0.000439683787,0.000000000000,0.000448382693,0.000446032581,0.000000000000,0.000279544646,0.000269141722,0.000000000000,0.000292121329,0.000293790949,0.000000000000,0.000307487006,0.000294519308,0.000000000000,0.000138537478,0.000146004209,0.000000000000,0.000150358784,0.000151421911,0.000000000000,0.000159219809,0.000164418886,0.000000000000,0.000086753359,0.000086507201,0.000000000000,0.000094753696,0.000090382692,0.000000000000,0.000099037598,0.000097400736,0.000000000000,0.000065706767,0.000064421466,0.000000000000,0.000070272838,0.000070086495,0.000000000000,0.000074287899,0.000073533419
248,0.000000000000,0.000423445214,0.000418527014,0.000000000000,0.000458344434,0.000439683787,0.000000000000,0.000448382693,0.000446032581,0.000000000000,0.000279544646,0.000269310720,0.000000000000,0.000292121329,0.000293838458,0.000000000000,0.000307487006,0.000294557517,0.000000000000,0.000138553611,0.000146504423,0.000000000000,0.000150358784,0.000151812902,0.000000000000,0.000159219809,0.000164420721,0.000000000000,0.000086771595,0.000086507201,0.000000000000,0.000094820631,0.000090400494,0.000000000000,0.000099037598,0.000097505504,0.000000000000,0.000065707329,0.000064421466,0.000000000000,0.000070275816,0.000070195738,0.000000000000,0.000074310377,0.000073808576
249,0.000000000000,0.000423445214,0.000418527014,0.000000000000,0.000458344434,0.000439683787,0.000000000000,0.000448382693,0.000446032581,0.000000000000,0.000279585571,0.000269452272,0.000000000000,0.000292235778,0.000293838458,0.000000000000,0.000307487006,0.000294557517,0.000000000000,0.000138618628,0.000146635843,0.000000000000,0.000150358784,0.000151812902,0.000000000000,0.000159219809,0.000164420721,0.000000000000,0.000086774130,0.000086507201,0.000000000000,0.000095065136,0.000090400494,0.000000000000,0.000099105487,0.000097614350,0.000000000000,0.000065707329,0.000064421466,0.000000000000,0.000070346166,0.000070195738,0.000000000000,0.000074310377,0.000073864021
250,0.000000000000,0.000423445214,0.000418527014,0.000000000000,0.000458344434,0.000439683787,0.000000000000,0.000448382693,0.000446032581,0.000000000000,0.000279585571,0.000269452272,0.000000000000,0.000292235778,0.000293971602,0.000000000000,0.000307487006,0.000294557517,0.000000000000,0.000138618628,0.000146653787,0.000000000000,0.000150358784,0.000151875950,0.000000000000,0.000159229080,0.000164420721,0.000000000000,0.000086979054,0.000086507201,0.000000000000,0.000095072804,0.000090416374,0.000000000000,0.000099132200,0.000097621188,0.000000000000,0.000065763773,0.000064483875,0.000000000000,0.000070348013,0.000070228913,0.000000000000,0.000074345609,0.000074241115
251,0.000000000000,0.000423445214,0.000418527014,0.000000000000,0.000458344434,0.000439683787,0.000000000000,0.000448382693,0.000446032581,0.000000000000,0.000279585571,0.000269485744,0.000000000000,0.000292235778,0.000293971602,0.000000000000,0.000307516321,0.000294557517,0.000000000000,0.000138650678,0.000146653787,0.000000000000,0.000150422012,0.000151991468,0.000000000000,0.000159250184,0.000164504336,0.000000000000,0.000086981003,0.000086562088,0.000000000000,0.000095072804,0.000090455259,0.000000000000,0.000099177497,0.000097667741,0.000000000000,0.000065763773,0.000064483875,0.000000000000,0.000070348013,0.000070442755,0.000000000000,0.000074424632,0.000074313535
252,0.000000000000,0.000423445214,0.000418527014,0.000000000000,0.000458344434,0.000439683787,0.000000000000,0.000448382693,0.000446032581,0.000000000000,0.000279585571,0.000269586797,0.000000000000,0.000292235778,0.000294048541,0.000000000000,0.000307516321,0.000294557517,0.000000000000,0.000138650678,0.000146685500,0.000000000000,0.000150432017,0.000151991468,0.000000000000,0.000159252176,0.000164504336,0.000000000000,0.000087002951,0.000086622454,0.000000000000,0.000095072804,0.000090467995,0.000000000000,0.000099182311,0.000097694633,0.000000000000,0.000065763773,0.000064528782,0.000000000000,0.000070383209,0.000070470250,0.000000000000,0.000074491450,0.000074339637
253,0.000000000000,0.000423445214,0.000418527014,0.000000000000,0.000458344434,0.000439683787,0.000000000000,0.000448382693,0.000446032581,0.000000000000,0.000279585571,0.000269586797,0.000000000000,0.000292266474,0.000294548760,0.000000000000,0.000307516321,0.000294557517,0.000000000000,0.000138977488,0.000146811824,0.000000000000,0.000150432017,0.000152012471,0.000000000000,0.000159252176,0.000164512737,0.000000000000,0.000087071011,0.000086623597,0.000000000000,0.000095074623,0.000090654718,0.000000000000,0.000099182311,0.000097726942,0.000000000000,0.000065763773,0.000064528782,0.000000000000,0.000070383209,0.000070547142,0.000000000000,0.000074522127,0.000074371676
254,0.000000000000,0.000423445214,0.000418527014,0.000000000000,0.000458344434,0.000439683787,0.000000000000,0.000448382693,0.000446032581,0.000000000000,0.000279585571,0.000269685708,0.000000000000,0.000292266474,0.000294548760,0.000000000000,0.000307516321,0.000294557517,0.000000000000,0.000138977488,0.000146812371,0.000000000000,0.000150464171,0.000152012471,0.000000000000,0.000159252176,0.000164528899,0.000000000000,0.000087171323,0.000086681324,0.000000000000,0.000095074623,0.000090654718,0.000000000000,0.000099206295,0.000097737122,0.000000000000,0.000065763773,0.000064606484,0.000000000000,0.000070426793,0.000070550864,0.000000000000,0.000074540982,0.000074420913
255,0.000000000000,0.000423445214,0.000418527014,0.000000000000,0.000458344434,0.000439683787,0.000000000000,0.000448382693,0.000446032581,0.000000000000,0.000279585571,0.000269685708,0.000000000000,0.000292266474,0.000294548760,0.000000000000,0.000307516321,0.000294557517,0.000000000000,0.000138977488,0.000146836701,0.000000000000,0.000150473085,0.000152012471,0.000000000000,0.000159253552,0.000164595539,0.000000000000,0.000087264601,0.000086684637,0.000000000000,0.000095076837,0.000090703739,0.000000000000,0.000099206295,0.000097737122,0.000000000000,0.000065763773,0.000064687965,0.000000000000,0.000070538190,0.000070550864,0.000000000000,0.000074540982,0.000074449837
256,0.000000000000,0.000423445214,0.000418527014,0.000000000000,0.000458344434,0.000439683787,0.000000000000,0.000448382693,0.000446032581,0.000000000000,0.000279585571,0.000269685708,0.000000000000,0.000292266474,0.000294553621,0.000000000000,0.000307516321,0.000294635765,0.000000000000,0.000138977488,0.000146915551,0.000000000000,0.000150473085,0.000152160379,0.000000000000,0.000159253552,0.000164595539,0.000000000000,0.000087264601,0.000086713433,0.000000000000,0.000095076837,0.000090960008,0.000000000000,0.000099206295,0.000097737638,0.000000000000,0.000065763773,0.000064708181,0.000000000000,0.000070551998,0.000070680848,0.000000000000,0.000074611848,0.000074457306
257,0.000000000000,0.000423445214,0.000418527014,0.000000000000,0.000458344434,0.000439683787,0.000000000000,0.000448382693,0.000446032581,0.000000000000,0.000279585571,0.000269736165,0.000000000000,0.000292266474,0.000294815426,0.000000000000,0.000307516321,0.000294635765,0.000000000000,0.000138999622,0.000146965060,0.000000000000,0.000150490816,0.000152171450,0.000000000000,0.000159355973,0.000164846463,0.000000000000,0.000087264601,0.000087040573,0.000000000000,0.000095079071,0.000090974796,0.000000000000,0.000099251503,0.000097918866,0.000000000000,0.000065763773,0.000064708181,0.000000000000,0.000070662335,0.000070680848,0.000000000000,0.000074617076,0.000074607764
258,0.000000000000,0.000423445214,0.000418527014,0.000000000000,0.000458344434,0.000439683787,0.000000000000,0.000448382693,0.000446032581,0.000000000000,0.000279585571,0.000269872567,0.000000000000,0.000292266474,0.000294815426,0.000000000000,0.000307681381,0.000294635765,0.000000000000,0.000138999622,0.000146965060,0.000000000000,0.000150490816,0.000152496617,0.000000000000,0.000159355973,0.000164955709,0.000000000000,0.000087317350,0.000087058298,0.000000000000,0.000095180110,0.000090974796,0.000000000000,0.000099251503,0.000098000457,0.000000000000,0.000065805639,0.000064751030,0.000000000000,0.000070688325,0.000070708604,0.000000000000,0.000074617076,0.000074671341
259,0.000000000000,0.000423445214,0.000418527014,0.000000000000,0.000458344434,0.000439683787,0.000000000000,0.000448382693,0.000446032581,0.000000000000,0.000279585571,0.000270012124,0.000000000000,0.000292266474,0.000294815426,0.000000000000,0.000307767439,0.000294635765,0.000000000000,0.000138999622,0.000147036066,0.000000000000,0.000150494488,0.000152496617,0.000000000000,0.000159376399,0.000165108785,0.000000000000,0.000087317350,0.000087076196,0.000000000000,0.000095180110,0.000091053678,0.000000000000,0.000099251503,0.000098000457,0.000000000000,0.000065845778,0.000064751030,0.000000000000,0.000070712930,0.000070732203,0.000000000000,0.000074617076,0.000074784875
260,0.000000000000,0.000423445214,0.000418527014,0.000000000000,0.000458344434,0.000439683787,0.000000000000,0.000448382693,0.000446032581,0.000000000000,0.000279585571,0.000270012124,0.000000000000,0.000292266474,0.000294815426,0.000000000000,0.000307818972,0.000294635765,0.000000000000,0.000138999622,0.000147036066,0.000000000000,0.000150494488,0.000152716336,0.000000000000,0.000159376399,0.000165321846,0.000000000000,0.000087425014,0.000087076196,0.000000000000,0.000095180110,0.000091084474,0.000000000000,0.000099357871,0.000098182729,0.000000000000,0.000065870974,0.000064797566,0.000000000000,0.000070727844,0.000070732203,0.000000000000,0.000074638654,0.000074784875
261,0.000000000000,0.000423445214,0.000418527014,0.000000000000,0.000458344434,0.000439683787,0.000000000000,0.000448382693,0.000446032581,0.000000000000,0.000279585571,0.000270141056,0.000000000000,0.000292266474,0.000294815426,0.000000000000,0.000308339073,0.000294635765,0.000000000000,0.000138999622,0.000147110402,0.000000000000,0.000150494488,0.000152793972,0.000000000000,0.000159385621,0.000165330253,0.000000000000,0.000087434968,0.000087083862,0.000000000000,0.000095497300,0.000091425442,0.000000000000,0.000099357871,0.000098198434,0.000000000000,0.000065891218,0.000064848364,0.000000000000,0.000070728214,0.000070732203,0.000000000000,0.000074663488,0.000074807105
262,0.000000000000,0.000423445214,0.000418527014,0.000000000000,0.000458344434,0.000439683787,0.000000000000,0.000448382693,0.000446032581,0.000000000000,0.000279585571,0.000270172468,0.000000000000,0.000292266474,0.000294815426,0.000000000000,0.000308339073,0.000294635765,0.000000000000,0.000139095202,0.000147137140,0.000000000000,0.000150508290,0.000152828916,0.000000000000,0.000159385621,0.000165490633,0.000000000000,0.000087447051,0.000087083862,0.000000000000,0.000095497300,0.000091450860,0.000000000000,0.000099376396,0.000098199009,0.000000000000,0.000066018015,0.000064929201,0.000000000000,0.000070825314,0.000070781715,0.000000000000,0.000074681126,0.000074831756
263,0.000000000000,0.000423445214,0.000418527014,0.000000000000,0.000458344434,0.000439683787,0.000000000000,0.000448382693,0.000446032581,0.000000000000,0.000279585571,0.000270749404,0.000000000000,0.000292266474,0.000294858672,0.000000000000,0.000308339073,0.000294635765,0.000000000000,0.000139095202,0.000147174075,0.000000000000,0.000150508290,0.000152923177,0.000000000000,0.000159385621,0.000165516773,0.000000000000,0.000087614525,0.000087165512,0.000000000000,0.000095510058,0.000091701244,0.000000000000,0.000099432249,0.000098245180,0.000000000000,0.000066026088,0.000064945388,0.000000000000,0.000070825314,0.000070963449,0.000000000000,0.000074681126,0.000074865764
264,0.000000000000,0.000423445214,0.000418527014,0.000000000000,0.000458344434,0.000439683787,0.000000000000,0.000448382693,0.000446032581,0.000000000000,0.000279585571,0.000270749404,0.000000000000,0.000292266474,0.000294858672,0.000000000000,0.000308339073,0.000294635765,0.000000000000,0.000139107824,0.000147174075,0.000000000000,0.000150733277,0.000153001350,0.000000000000,0.000159385621,0.000165588999,0.000000000000,0.000087619437,0.000087190532,0.000000000000,0.000095510058,0.000091701244,0.000000000000,0.000099459402,0.000098250018,0.000000000000,0.000066102998,0.000064961321,0.000000000000,0.000070835178,0.000070977887,0.000000000000,0.000074872213,0.000074878327
265,0.000000000000,0.000423445214,0.000418527014,0.000000000000,0.000458344434,0.000439683787,0.000000000000,0.000448382693,0.000446032581,0.000000000000,0.000279585571,0.000270931512,0.000000000000,0.000292266474,0.000295173550,0.000000000000,0.000308339073,0.000294635765,0.000000000000,0.000139181722,0.000147443094,0.000000000000,0.000150733277,0.000153001350,0.000000000000,0.000159385621,0.000165664799,0.000000000000,0.000087770458,0.000087190532,0.000000000000,0.000095510058,0.000091724790,0.000000000000,0.000099459402,0.000098250018,0.000000000000,0.000066104639,0.000064967098,0.000000000000,0.000070849440,0.000070977887,0.000000000000,0.000074897074,0.000074886100
266,0.000000000000,0.000423445214,0.000418527014,0.000000000000,0.000458344434,0.000439683787,0.000000000000,0.000448382693,0.000446032581,0.000000000000,0.000279585571,0.000270954937,0.000000000000,0.000292266474,0.000295201498,0.000000000000,0.000308339073,0.000294635765,0.000000000000,0.000139190246,0.000147443094,0.000000000000,0.000150733277,0.000153003927,0.000000000000,0.000159385621,0.000165687039,0.000000000000,0.000087770458,0.000087362348,0.000000000000,0.000095553215,0.000091851578,0.000000000000,0.000099459402,0.000098250018,0.000000000000,0.000066104639,0.000064993767,0.000000000000,0.000070853993,0.000070977887,0.000000000000,0.000074909615,0.000074911043
267,0.000000000000,0.000423445214,0.000418527014,0.000000000000,0.000458344434,0.000439683787,0.000000000000,0.000448382693,0.000446032581,0.000000000000,0.000279586236,0.000271093107,0.000000000000,0.000292266474,0.000295201498,0.000000000000,0.000308339073,0.000294635765,0.000000000000,0.000139230429,0.000147490708,0.000000000000,0.000150733277,0.000153073474,0.000000000000,0.000159403260,0.000165760484,0.000000000000,0.000087770458,0.000087362348,0.000000000000,0.000095553215,0.000091859755,0.000000000000,0.000099459402,0.000098265377,0.000000000000,0.000066111623,0.000065186564,0.000000000000,0.000070862480,0.000070977887,0.000000000000,0.000074919599,0.000074918424
268,0.000000000000,0.000423445214,0.000418527014,0.000000000000,0.000458344434,0.000439683787,0.000000000000,0.000448382693,0.000446032581,0.000000000000,0.000279587038,0.000271093107,0.000000000000,0.000292266474,0.000295270340,0.000000000000,0.000308339073,0.000294635765,0.000000000000,0.000139230429,0.000147490708,0.000000000000,0.000150789995,0.000153130743,0.000000000000,0.000159403260,0.000165895046,0.000000000000,0.000087980610,0.000087432173,0.000000000000,0.000095553215,0.000092012904,0.000000000000,0.000099470589,0.000098279919,0.000000000000,0.000066159804,0.000065315937,0.000000000000,0.000070873687,0.000071094154,0.000000000000,0.000074920695,0.000074941246
269,0.000000000000,0.000423445214,0.000418527014,0.000000000000,0.000458344434,0.000439683787,0.000000000000,0.000448382693,0.000446032581,0.000000000000,0.000279587038,0.000271093107,0.000000000000,0.000292266474,0.000295343437,0.000000000000,0.000308339073,0.000294660392,0.000000000000,0.000139235431,0.000147794943,0.000000000000,0.000150789995,0.000153138819,0.000000000000,0.000159410295,0.000165972988,0.000000000000,0.000088000428,0.000087458851,0.000000000000,0.000095601663,0.000092104818,0.000000000000,0.000099470589,0.000098299665,0.000000000000,0.000066175295,0.000065591973,0.000000000000,0.000070882433,0.000071195682,0.000000000000,0.000074929451,0.000074945024
270,0.000000000000,0.000423445214,0.000418527014,0.000000000000,0.000458344434,0.000439683787,0.000000000000,0.000448382693,0.000446032581,0.000000000000,0.000279587038,0.000271093107,0.000000000000,0.000292266474,0.000295343437,0.000000000000,0.000308339073,0.000294660392,0.000000000000,0.000139235431,0.000147794943,0.000000000000,0.000150789995,0.000153149027,0.000000000000,0.000159537113,0.000165996480,0.000000000000,0.000088032513,0.000087472955,0.000000000000,0.000095607585,0.000092146382,0.000000000000,0.000099711012,0.000098306175,0.000000000000,0.000066197894,0.000065647864,0.000000000000,0.000071044339,0.000071196907,0.000000000000,0.000075017883,0.000074956413
271,0.000000000000,0.000423445214,0.000418527014,0.000000000000,0.000458344434,0.000439683787,0.000000000000,0.000448382693,0.000446032581,0.000000000000,0.000279587038,0.000271093107,0.000000000000,0.000292266474,0.000295343437,0.000000000000,0.000308339073,0.000294660392,0.000000000000,0.000139235431,0.000147794943,0.000000000000,0.000150789995,0.000153151327,0.000000000000,0.000159537113,0.000166014276,0.000000000000,0.000088032513,0.000087481503,0.000000000000,0.000095607585,0.000092179962,0.000000000000,0.000099829767,0.000098319331,0.000000000000,0.000066197894,0.000065711278,0.000000000000,0.000071078151,0.000071268938,0.000000000000,0.000075029841,0.000075109442
272,0.000000000000,0.000423445214,0.000418527014,0.000000000000,0.000458344434,0.000439683787,0.000000000000,0.000448382693,0.000446032581,0.000000000000,0.000279587038,0.000271237429,0.000000000000,0.000292266474,0.000295638302,0.000000000000,0.000308339073,0.000294660392,0.000000000000,0.000139264341,0.000147850567,0.000000000000,0.000150799584,0.000153227089,0.000000000000,0.000159537113,0.000166014276,0.000000000000,0.000088062197,0.000087582437,0.000000000000,0.000095607585,0.000092179962,0.000000000000,0.000099846292,0.000098386559,0.000000000000,0.000066297337,0.000065711278,0.000000000000,0.000071143548,0.000071276911,0.000000000000,0.000075042924,0.000075111439
273,0.000000000000,0.000423445214,0.000418527014,0.000000000000,0.000458344434,0.000439683787,0.000000000000,0.000448382693,0.000446032581,0.000000000000,0.000279587038,0.000271273274,0.000000000000,0.000292266474,0.000295638302,0.000000000000,0.000308339073,0.000294660392,0.000000000000,0.000139264341,0.000147858005,0.000000000000,0.000150799584,0.000153234751,0.000000000000,0.000159552550,0.000166073852,0.000000000000,0.000088065605,0.000087616183,0.000000000000,0.000095607585,0.000092228675,0.000000000000,0.000099983457,0.000098467504,0.000000000000,0.000066319186,0.000065711278,0.000000000000,0.000071218096,0.000071290546,0.000000000000,0.000075049210,0.000075113266
274,0.000000000000,0.000423445214,0.000418527014,0.000000000000,0.000458344434,0.000439683787,0.000000000000,0.000448382693,0.000446032581,0.000000000000,0.000279587038,0.000271273274,0.000000000000,0.000292266474,0.000295658128,0.000000000000,0.000308339073,0.000294660392,0.000000000000,0.000139264341,0.000147916283,0.000000000000,0.000150845711,0.000153268935,0.000000000000,0.000159620572,0.000166073852,0.000000000000,0.000088075946,0.000087626333,0.000000000000,0.000095651544,0.000092274586,0.000000000000,0.000099983457,0.000098467504,0.000000000000,0.000066361874,0.000065729131,0.000000000000,0.000071296783,0.000071362110,0.000000000000,0.000075067151,0.000075146270
275,0.000000000000,0.000423445214,0.000418527014,0.000000000000,0.000458344434,0.000439683787,0.000000000000,0.000448382693,0.000446032581,0.000000000000,0.000279590809,0.000271273274,0.000000000000,0.000292266474,0.000295658128,0.000000000000,0.000308339073,0.000294660392,0.000000000000,0.000139462773,0.000148506178,0.000000000000,0.000150845711,0.000153384678,0.000000000000,0.000159620572,0.000166107938,0.000000000000,0.000088092771,0.000087737617,0.000000000000,0.000095672394,0.000092303133,0.000000000000,0.000099983457,0.000098495226,0.000000000000,0.000066441635,0.000065874743,0.000000000000,0.000071325477,0.000071505480,0.000000000000,0.000075072962,0.000075168004
276,0.000000000000,0.000423484585,0.000418527014,0.000000000000,0.000458344434,0.000439683787,0.000000000000,0.000448382693,0.000446032581,0.000000000000,0.000279590809,0.000271273274,0.000000000000,0.000292266474,0.000295658128,0.000000000000,0.000308339073,0.000294660392,0.000000000000,0.000139596609,0.000148552229,0.000000000000,0.000150869268,0.000153415838,0.000000000000,0.000159684832,0.000166268002,0.000000000000,0.000088141259,0.000087737617,0.000000000000,0.000095672394,0.000092399335,0.000000000000,0.000100008856,0.000098513379,0.000000000000,0.000066444051,0.000065874743,0.000000000000,0.000071509071,0.000071538489,0.000000000000,0.000075103121,0.000075225621
277,0.000000000000,0.000423484585,0.000418527014,0.000000000000,0.000458344434,0.000439683787,0.000000000000,0.000448382693,0.000446032581,0.000000000000,0.000279747592,0.000271273274,0.000000000000,0.000292266474,0.000295658128,0.000000000000,0.000308339073,0.000294660392,0.000000000000,0.000139598655,0.000148896491,0.000000000000,0.000150869268,0.000153546095,0.000000000000,0.000159684832,0.000166485562,0.000000000000,0.000088141259,0.000087737617,0.000000000000,0.000095672394,0.000092467531,0.000000000000,0.000100008856,0.000098513379,0.000000000000,0.000066478412,0.000065877369,0.000000000000,0.000071548973,0.000071584587,0.000000000000,0.000075119097,0.000075276525
278,0.000000000000,0.000423484585,0.000418527014,0.000000000000,0.000458344434,0.000439683787,0.000000000000,0.000448382693,0.000446032581,0.000000000000,0.000279747592,0.000271301092,0.000000000000,0.000292266474,0.000295839222,0.000000000000,0.000308339073,0.000294660392,0.000000000000,0.000139598655,0.000148896491,0.000000000000,0.000150877378,0.000153633475,0.000000000000,0.000159684832,0.000166534883,0.000000000000,0.000088141259,0.000087737617,0.000000000000,0.000095753849,0.000092582555,0.000000000000,0.000100008856,0.000098532168,0.000000000000,0.000066483507,0.000065918957,0.000000000000,0.000071569486,0.000071584587,0.000000000000,0.000075180224,0.000075317282
279,0.000000000000,0.000423484585,0.000418527014,0.000000000000,0.000458344434,0.000439683787,0.000000000000,0.000448382693,0.000446032581,0.000000000000,0.000279747592,0.000271301092,0.000000000000,0.000292266474,0.000296244702,0.000000000000,0.000308339073,0.000294660392,0.000000000000,0.000139598655,0.000148935279,0.000000000000,0.000150877378,0.000153681606,0.000000000000,0.000159969651,0.000166534883,0.000000000000,0.000088151113,0.000087831143,0.000000000000,0.000095755905,0.000092740660,0.000000000000,0.000100013210,0.000098536418,0.000000000000,0.000066496878,0.000065918957,0.000000000000,0.000071571976,0.000071606333,0.000000000000,0.000075216010,0.000075375898
280,0.000000000000,0.000423484585,0.000418527014,0.000000000000,0.000458344434,0.000439683787,0.000000000000,0.000448382693,0.000446032581,0.000000000000,0.000279747592,0.000271301092,0.000000000000,0.000292266474,0.000296460198,0.000000000000,0.000308339073,0.000294660392,0.000000000000,0.000139598655,0.000148936713,0.000000000000,0.000150901679,0.000153681606,0.000000000000,0.000160085910,0.000166556727,0.000000000000,0.000088158178,0.000087855445,0.000000000000,0.000095766454,0.000092750413,0.000000000000,0.000100037438,0.000098586574,0.000000000000,0.000066512166,0.000066013284,0.000000000000,0.000071578119,0.000071621373,0.000000000000,0.000075216813,0.000075447182
281,0.000000000000,0.000423484585,0.000418527014,0.000000000000,0.000458344434,0.000439683787,0.000000000000,0.000448382693,0.000446032581,0.000000000000,0.000279747592,0.000271301092,0.000000000000,0.000292266474,0.000296806772,0.000000000000,0.000308339073,0.000294660392,0.000000000000,0.000139598655,0.000148936713,0.000000000000,0.000150903153,0.000153784513,0.000000000000,0.000160119303,0.000166556727,0.000000000000,0.000088158178,0.000088033728,0.000000000000,0.000095766454,0.000092801147,0.000000000000,0.000100050614,0.000098586574,0.000000000000,0.000066512166,0.000066075801,0.000000000000,0.000071859255,0.000071778760,0.000000000000,0.000075331781,0.000075503334
282,0.000000000000,0.000423484585,0.000418527014,0.000000000000,0.000458344434,0.000439683787,0.000000000000,0.000448382693,0.000446032581,0.000000000000,0.000279747592,0.000271301092,0.000000000000,0.000292266474,0.000296806772,0.000000000000,0.000308339073,0.000294660392,0.000000000000,0.000140242905,0.000148979944,0.000000000000,0.000150903153,0.000153817174,0.000000000000,0.000160119303,0.000166556727,0.000000000000,0.000088158178,0.000088033728,0.000000000000,0.000095766454,0.000092801627,0.000000000000,0.000100050614,0.000098591585,0.000000000000,0.000066527606,0.000066092942,0.000000000000,0.000071859255,0.000071816212,0.000000000000,0.000075333721,0.000075606205
283,0.000000000000,0.000423484585,0.000418527014,0.000000000000,0.000458344434,0.000439683787,0.000000000000,0.000448382693,0.000446032581,0.000000000000,0.000279747592,0.000271301092,0.000000000000,0.000292266474,0.000296806772,0.000000000000,0.000308339073,0.000294660392,0.000000000000,0.000140244966,0.000148987169,0.000000000000,0.000150903153,0.000153869248,0.000000000000,0.000160119303,0.000166556727,0.000000000000,0.000088177675,0.000088033728,0.000000000000,0.000095766454,0.000092916839,0.000000000000,0.000100059450,0.000098704767,0.000000000000,0.000066530711,0.000066219203,0.000000000000,0.000071863903,0.000071821602,0.000000000000,0.000075354987,0.000075635648
284,0.000000000000,0.000423484585,0.000418527014,0.000000000000,0.000458344434,0.000439683787,0.000000000000,0.000448382693,0.000446032581,0.000000000000,0.000279747592,0.000271301092,0.000000000000,0.000292266474,0.000296825506,0.000000000000,0.000308339073,0.000294682018,0.000000000000,0.000140244966,0.000149231236,0.000000000000,0.000150903153,0.000153901170,0.000000000000,0.000160119303,0.000166612257,0.000000000000,0.000088177675,0.000088099874,0.000000000000,0.000095766454,0.000092920306,0.000000000000,0.000100059450,0.000098726790,0.000000000000,0.000066544215,0.000066219203,0.000000000000,0.000071863903,0.000071822476,0.000000000000,0.000075435542,0.000075695349
285,0.000000000000,0.000423484585,0.000418527014,0.000000000000,0.000458344434,0.000439683787,0.000000000000,0.000448382693,0.000446032581,0.000000000000,0.000279747592,0.000271301092,0.000000000000,0.000292266474,0.000297159573,0.000000000000,0.000308339073,0.000294682018,0.000000000000,0.000140244966,0.000149231236,0.000000000000,0.000150903153,0.000153913094,0.000000000000,0.000160119303,0.000166625299,0.000000000000,0.000088177675,0.000088105154,0.000000000000,0.000095766454,0.000092929245,0.000000000000,0.000100076029,0.000098726790,0.000000000000,0.000066544215,0.000066219203,0.000000000000,0.000071892719,0.000071885762,0.000000000000,0.000075435542,0.000075695349
286,0.000000000000,0.000423484585,0.000418527014,0.000000000000,0.000458344434,0.000439683787,0.000000000000,0.000448382693,0.000446032581,0.000000000000,0.000279747592,0.000271301092,0.000000000000,0.000292266474,0.000297159573,0.000000000000,0.000308339073,0.000294682018,0.000000000000,0.000140244966,0.000149314540,0.000000000000,0.000150903153,0.000154095723,0.000000000000,0.000160119303,0.000166658987,0.000000000000,0.000088177675,0.000088197617,0.000000000000,0.000095766454,0.000093020278,0.000000000000,0.000100076029,0.000098741809,0.000000000000,0.000066545662,0.000066252587,0.000000000000,0.000071892719,0.000072005347,0.000000000000,0.000075453777,0.000075821167
287,0.000000000000,0.000423484585,0.000418527014,0.000000000000,0.000458344434,0.000439683787,0.000000000000,0.000448382693,0.000446032581,0.000000000000,0.000279747592,0.000271301092,0.000000000000,0.000292266474,0.000297159573,0.000000000000,0.000308339073,0.000294682018,0.000000000000,0.000140247135,0.000149323470,0.000000000000,0.000150903153,0.000154252592,0.000000000000,0.000160119303,0.000166666966,0.000000000000,0.000088182800,0.000088207745,0.000000000000,0.000095801963,0.000093020278,0.000000000000,0.000100076029,0.000098891058,0.000000000000,0.000066552441,0.000066273691,0.000000000000,0.000071892719,0.000072005347,0.000000000000,0.000075457013,0.000075834125
288,0.000000000000,0.000423484585,0.000418527014,0.000000000000,0.000458344434,0.000439683787,0.000000000000,0.000448382693,0.000446032581,0.000000000000,0.000279747592,0.000271301092,0.000000000000,0.000292266474,0.000297159573,0.000000000000,0.000308339073,0.000294682018,0.000000000000,0.000140247135,0.000149342114,0.000000000000,0.000150903153,0.000154354899,0.000000000000,0.000160119303,0.000166666966,0.000000000000,0.000088182800,0.000088207745,0.000000000000,0.000095801963,0.000093030416,0.000000000000,0.000100076029,0.000098962923,0.000000000000,0.000066582410,0.000066277293,0.000000000000,0.000071892719,0.000072005347,0.000000000000,0.000075490225,0.000075836747
289,0.000000000000,0.000423484585,0.000418527014,0.000000000000,0.000458344434,0.000439683787,0.000000000000,0.000448382693,0.000446032581,0.000000000000,0.000279747592,0.000271301092,0.000000000000,0.000292266474,0.000297159573,0.000000000000,0.000308339073,0.000294682018,0.000000000000,0.000140247135,0.000149342114,0.000000000000,0.000150903153,0.000154550456,0.000000000000,0.000160119303,0.000166691136,0.000000000000,0.000088184474,0.000088211525,0.000000000000,0.000095868863,0.000093063281,0.000000000000,0.000100076029,0.000098969500,0.000000000000,0.000066582410,0.000066277293,0.000000000000,0.000071988869,0.000072005347,0.000000000000,0.000075490225,0.000075881529
290,0.000000000000,0.000423484585,0.000418527014,0.000000000000,0.000458344434,0.000439683787,0.000000000000,0.000448382693,0.000446032581,0.000000000000,0.000279747592,0.000271301092,0.000000000000,0.000292266474,0.000297159573,0.000000000000,0.000308339073,0.000294682018,0.000000000000,0.000140247135,0.000149342114,0.000000000000,0.000150903153,0.000154663029,0.000000000000,0.000160119303,0.000166691136,0.000000000000,0.000088184743,0.000088232015,0.000000000000,0.000095905486,0.000093063281,0.000000000000,0.000100076029,0.000098984292,0.000000000000,0.000066584097,0.000066277293,0.000000000000,0.000071990161,0.000072005347,0.000000000000,0.000075491269,0.000076028762
291,0.000000000000,0.000423484585,0.000418527014,0.000000000000,0.000458344434,0.000439683787,0.000000000000,0.000448382693,0.000446032581,0.000000000000,0.000279747592,0.000271301092,0.000000000000,0.000292266474,0.000297159573,0.000000000000,0.000308339073,0.000294682018,0.000000000000,0.000140247135,0.000149379678,0.000000000000,0.000150915090,0.000154663029,0.000000000000,0.000160119303,0.000166691136,0.000000000000,0.000088184743,0.000088241614,0.000000000000,0.000095918218,0.000093192808,0.000000000000,0.000100076029,0.000098984292,0.000000000000,0.000066584097,0.000066280503,0.000000000000,0.000071991438,0.000072010921,0.000000000000,0.000075492180,0.000076072246
292,0.000000000000,0.000423484585,0.000418527014,0.000000000000,0.000458344434,0.000439683787,0.000000000000,0.000448382693,0.000446032581,0.000000000000,0.000279747592,0.000271308375,0.000000000000,0.000292266474,0.000297159573,0.000000000000,0.000308339073,0.000294682018,0.000000000000,0.000140251048,0.000149384170,0.000000000000,0.000150933282,0.000154704040,0.000000000000,0.000160119303,0.000166691136,0.000000000000,0.000088184743,0.000088259347,0.000000000000,0.000096003147,0.000093242322,0.000000000000,0.000100104092,0.000099077274,0.000000000000,0.000066674923,0.000066280503,0.000000000000,0.000071991438,0.000072105510,0.000000000000,0.000075497656,0.000076072246
293,0.000000000000,0.000423484585,0.000418527014,0.000000000000,0.000458344434,0.000439683787,0.000000000000,0.000448382693,0.000446032581,0.000000000000,0.000279747592,0.000271308375,0.000000000000,0.000292266474,0.000297159573,0.000000000000,0.000308339073,0.000294682018,0.000000000000,0.000140251048,0.000149384170,0.000000000000,0.000150933282,0.000154715762,0.000000000000,0.000160119303,0.000166750714,0.000000000000,0.000088201335,0.000088259347,0.000000000000,0.000096015260,0.000093258442,0.000000000000,0.000100131847,0.000099116573,0.000000000000,0.000066675645,0.000066280503,0.000000000000,0.000072005505,0.000072212382,0.000000000000,0.000075610645,0.000076089104
294,0.000000000000,0.000423484585,0.000418527014,0.000000000000,0.000458344434,0.000439683787,0.000000000000,0.000448382693,0.000446032581,0.000000000000,0.000279747592,0.000271618430,0.000000000000,0.000292266474,0.000297210460,0.000000000000,0.000308339073,0.000294682018,0.000000000000,0.000140251048,0.000149396344,0.000000000000,0.000150933282,0.000154853376,0.000000000000,0.000160122291,0.000166750714,0.000000000000,0.000088201335,0.000088296473,0.000000000000,0.000096015260,0.000093483288,0.000000000000,0.000100155478,0.000099207178,0.000000000000,0.000066688906,0.000066332065,0.000000000000,0.000072012596,0.000072273065,0.000000000000,0.000075643369,0.000076089104
295,0.000000000000,0.000423484585,0.000418527014,0.000000000000,0.000458344434,0.000439683787,0.000000000000,0.000448382693,0.000446032581,0.000000000000,0.000279747592,0.000272042015,0.000000000000,0.000292266474,0.000297210460,0.000000000000,0.000308339073,0.000294682018,0.000000000000,0.000140297234,0.000149440659,0.000000000000,0.000150961108,0.000154865393,0.000000000000,0.000160134378,0.000166750714,0.000000000000,0.000088201335,0.000088296473,0.000000000000,0.000096015260,0.000093485248,0.000000000000,0.000100179012,0.000099249172,0.000000000000,0.000066766589,0.000066332065,0.000000000000,0.000072031482,0.000072283061,0.000000000000,0.000075643369,0.000076182203
296,0.000000000000,0.000423484585,0.000418527014,0.000000000000,0.000458344434,0.000439683787,0.000000000000,0.000448382693,0.000446032581,0.000000000000,0.000279747592,0.000272042015,0.000000000000,0.000292266474,0.000297210460,0.000000000000,0.000308339073,0.000294682018,0.000000000000,0.000140297234,0.000149563855,0.000000000000,0.000151256775,0.000154888452,0.000000000000,0.000160162389,0.000166764139,0.000000000000,0.000088201900,0.000088300499,0.000000000000,0.000096022733,0.000093505907,0.000000000000,0.000100179012,0.000099249172,0.000000000000,0.000066766589,0.000066338831,0.000000000000,0.000072036235,0.000072290615,0.000000000000,0.000075656180,0.000076182203
297,0.000000000000,0.000423484585,0.000418527014,0.000000000000,0.000458344434,0.000439683787,0.000000000000,0.000448382693,0.000446032581,0.000000000000,0.000279747592,0.000272042015,0.000000000000,0.000292266474,0.000297210460,0.000000000000,0.000308339073,0.000294682018,0.000000000000,0.000140297234,0.000149607747,0.000000000000,0.000151256775,0.000154912393,0.000000000000,0.000160162389,0.000166774659,0.000000000000,0.000088209434,0.000088300499,0.000000000000,0.000096042830,0.000093505907,0.000000000000,0.000100180560,0.000099260488,0.000000000000,0.000066766589,0.000066412708,0.000000000000,0.000072053385,0.000072324778,0.000000000000,0.000075698690,0.000076190693
298,0.000000000000,0.000423484585,0.000418527014,0.000000000000,0.000458344434,0.000439683787,0.000000000000,0.000448382693,0.000446032581,0.000000000000,0.000279747592,0.000272042015,0.000000000000,0.000292266474,0.000297210460,0.000000000000,0.000308339073,0.000294682018,0.000000000000,0.000140297234,0.000149733856,0.000000000000,0.000151256775,0.000154936565,0.000000000000,0.000160162389,0.000166774659,0.000000000000,0.000088391742,0.000088360865,0.000000000000,0.000096042830,0.000093505907,0.000000000000,0.000100187734,0.000099332537,0.000000000000,0.000066769599,0.000066414622,0.000000000000,0.000072053385,0.000072445188,0.000000000000,0.000075703298,0.000076302322
299,0.000000000000,0.000423484585,0.000418527014,0.000000000000,0.000458344434,0.000439683787,0.000000000000,0.000448382693,0.000446032581,0.000000000000,0.000279747592,0.000272042015,0.000000000000,0.000292266474,0.000297210460,0.000000000000,0.000308339073,0.000294682018,0.000000000000,0.000140297234,0.000149733856,0.000000000000,0.000151280686,0.000154952215,0.000000000000,0.000160162389,0.000166854037,0.000000000000,0.000088391742,0.000088615901,0.000000000000,0.000096083918,0.000093579221,0.000000000000,0.000100210187,0.000099352648,0.000000000000,0.000066769599,0.000066420026,0.000000000000,0.000072053385,0.000072445188,0.000000000000,0.000075712771,0.000076335462
300,0.000000000000,0.000423484585,0.000418527014,0.000000000000,0.000458344434,0.000439683787,0.000000000000,0.000448382693,0.000446032581,0.000000000000,0.000279747592,0.000272042015,0.000000000000,0.000292266474,0.000297586177,0.000000000000,0.000308339073,0.000294682018,0.000000000000,0.000140309623,0.000149736598,0.000000000000,0.000151280686,0.000154990230,0.000000000000,0.000160162389,0.000166863139,0.000000000000,0.000088395967,0.000088639017,0.000000000000,0.000096117046,0.000093593972,0.000000000000,0.000100210187,0.000099396810,0.000000000000,0.000066867123,0.000066566748,0.000000000000,0.000072077624,0.000072446747,0.000000000000,0.000075801301,0.000076434520
301,0.000000000000,0.000423484585,0.000418527014,0.000000000000,0.000458344434,0.000439683787,0.000000000000,0.000448382693,0.000446032581,0.000000000000,0.000279747592,0.000272042015,0.000000000000,0.000292266474,0.000297586177,0.000000000000,0.000308397925,0.000294682018,0.000000000000,0.000140341502,0.000149736598,0.000000000000,0.000151280686,0.000155095863,0.000000000000,0.000160162389,0.000166955725,0.000000000000,0.000088402108,0.000088642367,0.000000000000,0.000096117046,0.000093812599,0.000000000000,0.000100210187,0.000099402953,0.000000000000,0.000066964793,0.000066569583,0.000000000000,0.000072077624,0.000072563528,0.000000000000,0.000075801301,0.000076443790
302,0.000000000000,0.000423484585,0.000418527014,0.000000000000,0.000458344434,0.000439683787,0.000000000000,0.000448382693,0.000446032581,0.000000000000,0.000279747592,0.000272042015,0.000000000000,0.000292266474,0.000297586177,0.000000000000,0.000308397925,0.000294682018,0.000000000000,0.000140355506,0.000149748041,0.000000000000,0.000151280686,0.000155761443,0.000000000000,0.000160162389,0.000166955725,0.000000000000,0.000088402108,0.000088642367,0.000000000000,0.000096118047,0.000093812599,0.000000000000,0.000100210187,0.000099492031,0.000000000000,0.000066964793,0.000066668393,0.000000000000,0.000072077624,0.000072563528,0.000000000000,0.000075894844,0.000076543441
303,0.000000000000,0.000423484585,0.000418527014,0.000000000000,0.000458344434,0.000439683787,0.000000000000,0.000448382693,0.000446032581,0.000000000000,0.000279747592,0.000272449494,0.000000000000,0.000292266474,0.000297586177,0.000000000000,0.000308513422,0.000294682018,0.000000000000,0.000140355506,0.000149827944,0.000000000000,0.000151280686,0.000155817322,0.000000000000,0.000160162389,0.000166955725,0.000000000000,0.000088402108,0.000088787809,0.000000000000,0.000096118047,0.000093812599,0.000000000000,0.000100210187,0.000099534594,0.000000000000,0.000066970127,0.000066712348,0.000000000000,0.000072104601,0.000072599052,0.000000000000,0.000075894844,0.000076579680
304,0.000000000000,0.000423484585,0.000418527014,0.000000000000,0.000458344434,0.000439683787,0.000000000000,0.000448382693,0.000446032581,0.000000000000,0.000279747592,0.000272449494,0.000000000000,0.000292266474,0.000297586177,0.000000000000,0.000308513422,0.000294682018,0.000000000000,0.000140395052,0.000149914115,0.000000000000,0.000151284011,0.000156015237,0.000000000000,0.000160162389,0.000167006009,0.000000000000,0.000088402108,0.000088797922,0.000000000000,0.000096118047,0.000093812599,0.000000000000,0.000100210187,0.000099543851,0.000000000000,0.000066970127,0.000066712348,0.000000000000,0.000072134035,0.000072816861,0.000000000000,0.000075897814,0.000076635959
305,0.000000000000,0.000423484585,0.000418527014,0.000000000000,0.000458344434,0.000439683787,0.000000000000,0.000448382693,0.000446032581,0.000000000000,0.000279747592,0.000272449494,0.000000000000,0.000292266474,0.000297586177,0.000000000000,0.000308513422,0.000294682018,0.000000000000,0.000140395052,0.000149914115,0.000000000000,0.000151284011,0.000156035965,0.000000000000,0.000160162389,0.000167018210,0.000000000000,0.000088482488,0.000088797922,0.000000000000,0.000096118047,0.000093812599,0.000000000000,0.000100260199,0.000099548394,0.000000000000,0.000066970127,0.000066717535,0.000000000000,0.000072136444,0.000072861608,0.000000000000,0.000075906719,0.000076649763
306,0.000000000000,0.000423484585,0.000418527014,0.000000000000,0.000458344434,0.000439683787,0.000000000000,0.000448382693,0.000446032581,0.000000000000,0.000279747592,0.000272449494,0.000000000000,0.000292266474,0.000297586177,0.000000000000,0.000308513422,0.000294682018,0.000000000000,0.000140395052,0.000149914115,0.000000000000,0.000151284011,0.000156267901,0.000000000000,0.000160162389,0.000167022353,0.000000000000,0.000088483847,0.000088885439,0.000000000000,0.000096118047,0.000093833132,0.000000000000,0.000100260199,0.000099625085,0.000000000000,0.000066970127,0.000066894626,0.000000000000,0.000072136444,0.000072913939,0.000000000000,0.000075923740,0.000076724881
307,0.000000000000,0.000423484585,0.000418527014,0.000000000000,0.000458344434,0.000439683787,0.000000000000,0.000448382693,0.000446032581,0.000000000000,0.000279747592,0.000272449494,0.000000000000,0.000292266474,0.000297773496,0.000000000000,0.000308513422,0.000294682018,0.000000000000,0.000140395052,0.000149914115,0.000000000000,0.000151284011,0.000156296683,0.000000000000,0.000160206264,0.000167070042,0.000000000000,0.000088483847,0.000088885439,0.000000000000,0.000096118047,0.000093833132,0.000000000000,0.000100260199,0.000099675362,0.000000000000,0.000066970127,0.000066913951,0.000000000000,0.000072143487,0.000072930897,0.000000000000,0.000075923740,0.000076775511
308,0.000000000000,0.000423484585,0.000418527014,0.000000000000,0.000458344434,0.000439683787,0.000000000000,0.000448382693,0.000446032581,0.000000000000,0.000279747592,0.000272449494,0.000000000000,0.000292266474,0.000297906845,0.000000000000,0.000308513422,0.000294682018,0.000000000000,0.000140395052,0.000149917184,0.000000000000,0.000151284011,0.000156300706,0.000000000000,0.000160206264,0.000167151847,0.000000000000,0.000088483847,0.000089103139,0.000000000000,0.000096118047,0.000093849158,0.000000000000,0.000100260199,0.000099687710,0.000000000000,0.000066970127,0.000066913951,0.000000000000,0.000072143487,0.000072958065,0.000000000000,0.000075934369,0.000076817539
309,0.000000000000,0.000423484585,0.000418527014,0.000000000000,0.000458344434,0.000439683787,0.000000000000,0.000448382693,0.000446032581,0.000000000000,0.000279748395,0.000272449494,0.000000000000,0.000292266474,0.000298134780,0.000000000000,0.000308513422,0.000294682018,0.000000000000,0.000140395052,0.000150491645,0.000000000000,0.000151291596,0.000156314232,0.000000000000,0.000160206264,0.000167659461,0.000000000000,0.000088505201,0.000089278692,0.000000000000,0.000096118047,0.000093959502,0.000000000000,0.000100260199,0.000099702547,0.000000000000,0.000066970127,0.000066913951,0.000000000000,0.000072143487,0.000073016695,0.000000000000,0.000075955801,0.000076836325
310,0.000000000000,0.000423484585,0.000418527014,0.000000000000,0.000458344434,0.000439683787,0.000000000000,0.000448382693,0.000446032581,0.000000000000,0.000279748395,0.000272449494,0.000000000000,0.000292266474,0.000298134780,0.000000000000,0.000308549448,0.000294682018,0.000000000000,0.000140447974,0.000150491645,0.000000000000,0.000151291596,0.000156314232,0.000000000000,0.000160206264,0.000167659461,0.000000000000,0.000088505201,0.000089344481,0.000000000000,0.000096118047,0.000093987122,0.000000000000,0.000100260199,0.000099725579,0.000000000000,0.000067010605,0.000067030088,0.000000000000,0.000072169105,0.000073016695,0.000000000000,0.000075955801,0.000076888253
311,0.000000000000,0.000423484585,0.000418527014,0.000000000000,0.000458344434,0.000439683787,0.000000000000,0.000448382693,0.000446032581,0.000000000000,0.000279748395,0.000272449494,0.000000000000,0.000292266474,0.000298134780,0.000000000000,0.000308549448,0.000294682018,0.000000000000,0.000140447974,0.000150491645,0.000000000000,0.000151304529,0.000156314232,0.000000000000,0.000160206264,0.000167659461,0.000000000000,0.000088505201,0.000089362268,0.000000000000,0.000096118047,0.000094005238,0.000000000000,0.000100260199,0.000099725579,0.000000000000,0.000067017382,0.000067030088,0.000000000000,0.000072294775,0.000073016695,0.000000000000,0.000076038728,0.000076921045
312,0.000000000000,0.000423484585,0.000418527014,0.000000000000,0.000458344434,0.000439683787,0.000000000000,0.000448382693,0.000446032581,0.000000000000,0.000279748395,0.000272449494,0.000000000000,0.000292266474,0.000298515512,0.000000000000,0.000308549448,0.000294682018,0.000000000000,0.000140447974,0.000150491645,0.000000000000,0.000151304529,0.000156314232,0.000000000000,0.000160224380,0.000167660487,0.000000000000,0.000088505574,0.000089377909,0.000000000000,0.000096118047,0.000094005238,0.000000000000,0.000100260199,0.000099775088,0.000000000000,0.000067019620,0.000067061462,0.000000000000,0.000072294775,0.000073280453,0.000000000000,0.000076054008,0.000077025280
313,0.000000000000,0.000423484585,0.000418527014,0.000000000000,0.000458344434,0.000439683787,0.000000000000,0.000448382693,0.000446032581,0.000000000000,0.000279748395,0.000272449494,0.000000000000,0.000292266474,0.000298837628,0.000000000000,0.000308549448,0.000294690602,0.000000000000,0.000140447974,0.000150491645,0.000000000000,0.000151304529,0.000156314232,0.000000000000,0.000160224380,0.000167667197,0.000000000000,0.000088505574,0.000089377909,0.000000000000,0.000096118047,0.000094005238,0.000000000000,0.000100260199,0.000099775088,0.000000000000,0.000067019620,0.000067066417,0.000000000000,0.000072294775,0.000073280845,0.000000000000,0.000076054008,0.000077026718
314,0.000000000000,0.000423484585,0.000418527014,0.000000000000,0.000458344434,0.000439683787,0.000000000000,0.000448382693,0.000446032581,0.000000000000,0.000279748395,0.000272449494,0.000000000000,0.000292266474,0.000298837628,0.000000000000,0.000308549448,0.000294699619,0.000000000000,0.000140467856,0.000150681192,0.000000000000,0.000151304529,0.000156395753,0.000000000000,0.000160713722,0.000167674403,0.000000000000,0.000088577781,0.000089553952,0.000000000000,0.000096118047,0.000094042425,0.000000000000,0.000100260199,0.000099775088,0.000000000000,0.000067025215,0.000067066417,0.000000000000,0.000072415020,0.000073286739,0.000000000000,0.000076160028,0.000077033519
315,0.000000000000,0.000423484585,0.000418527014,0.000000000000,0.000458344434,0.000439683787,0.000000000000,0.000448382693,0.000446032581,0.000000000000,0.000279748395,0.000272449494,0.000000000000,0.000292384685,0.000298837628,0.000000000000,0.000308549448,0.000294781905,0.000000000000,0.000140467856,0.000150681192,0.000000000000,0.000151304529,0.000156440583,0.000000000000,0.000160752418,0.000167700658,0.000000000000,0.000088591485,0.000089620946,0.000000000000,0.000096122845,0.000094042456,0.000000000000,0.000100260199,0.000099775088,0.000000000000,0.000067031969,0.000067070016,0.000000000000,0.000072472018,0.000073306550,0.000000000000,0.000076160028,0.000077064096
316,0.000000000000,0.000423484585,0.000418527014,0.000000000000,0.000458344434,0.000439683787,0.000000000000,0.000448382693,0.000446032581,0.000000000000,0.000279748395,0.000272449494,0.000000000000,0.000292402631,0.000298837628,0.000000000000,0.000308549448,0.000294781905,0.000000000000,0.000140467856,0.000150689509,0.000000000000,0.000151304529,0.000156536933,0.000000000000,0.000160752418,0.000167700658,0.000000000000,0.000088591485,0.000089621387,0.000000000000,0.000096122845,0.000094099509,0.000000000000,0.000100260199,0.000099775924,0.000000000000,0.000067035135,0.000067070016,0.000000000000,0.000072476627,0.000073405316,0.000000000000,0.000076206692,0.000077064096
317,0.000000000000,0.000423484585,0.000418527014,0.000000000000,0.000458344434,0.000439683787,0.000000000000,0.000448382693,0.000446032581,0.000000000000,0.000279748395,0.000272460775,0.000000000000,0.000292623112,0.000298837628,0.000000000000,0.000308549448,0.000294781905,0.000000000000,0.000140467856,0.000150689509,0.000000000000,0.000151304529,0.000156543442,0.000000000000,0.000160752418,0.000167700658,0.000000000000,0.000088591485,0.000089621387,0.000000000000,0.000096122845,0.000094099509,0.000000000000,0.000100260199,0.000099776675,0.000000000000,0.000067035403,0.000067087388,0.000000000000,0.000072491298,0.000073405316,0.000000000000,0.000076206692,0.000077153690
318,0.000000000000,0.000423484585,0.000418527014,0.000000000000,0.000458344434,0.000439683787,0.000000000000,0.000448382693,0.000446032581,0.000000000000,0.000279748395,0.000272541565,0.000000000000,0.000292623112,0.000298837628,0.000000000000,0.000308552411,0.000294781905,0.000000000000,0.000140467856,0.000150689509,0.000000000000,0.000151304529,0.000156543442,0.000000000000,0.000160752418,0.000167700658,0.000000000000,0.000088591485,0.000089650393,0.000000000000,0.000096122845,0.000094124709,0.000000000000,0.000100260199,0.000099777935,0.000000000000,0.000067053870,0.000067101273,0.000000000000,0.000072492939,0.000073434605,0.000000000000,0.000076208353,0.000077206173
319,0.000000000000,0.000423484585,0.000418527014,0.000000000000,0.000458344434,0.000439683787,0.000000000000,0.000448382693,0.000446032581,0.000000000000,0.000279748395,0.000272591878,0.000000000000,0.000292623112,0.000298837628,0.000000000000,0.000308552411,0.000294781905,0.000000000000,0.000140474861,0.000150689509,0.000000000000,0.000151304529,0.000156543442,0.000000000000,0.000160752418,0.000167700658,0.000000000000,0.000088591485,0.000089678906,0.000000000000,0.000096122845,0.000094200984,0.000000000000,0.000100260199,0.000099778373,0.000000000000,0.000067053870,0.000067147991,0.000000000000,0.000072498820,0.000073552166,0.000000000000,0.000076227583,0.000077305871
320,0.000000000000,0.000423484585,0.000418527014,0.000000000000,0.000458344434,0.000439683787,0.000000000000,0.000448382693,0.000446032581,0.000000000000,0.000279748395,0.000272591878,0.000000000000,0.000292623112,0.000298837628,0.000000000000,0.000308563032,0.000294781905,0.000000000000,0.000140474861,0.000150703824,0.000000000000,0.000151304529,0.000156543442,0.000000000000,0.000160752418,0.000167700658,0.000000000000,0.000088591485,0.000089717958,0.000000000000,0.000096122845,0.000094264039,0.000000000000,0.000100271562,0.000099778373,0.000000000000,0.000067062460,0.000067160105,0.000000000000,0.000072505591,0.000073552166,0.000000000000,0.000076235530,0.000077348477
321,0.000000000000,0.000423484585,0.000418527014,0.000000000000,0.000458344434,0.000439683787,0.000000000000,0.000448382693,0.000446032581,0.000000000000,0.000279748395,0.000272591878,0.000000000000,0.000292623112,0.000298837628,0.000000000000,0.000308563032,0.000294781905,0.000000000000,0.000140474861,0.000150711983,0.000000000000,0.000151304529,0.000156558139,0.000000000000,0.000160752418,0.000167700658,0.000000000000,0.000088655916,0.000089819599,0.000000000000,0.000096122845,0.000094265805,0.000000000000,0.000100271562,0.000099778373,0.000000000000,0.000067062460,0.000067160105,0.000000000000,0.000072505947,0.000073645701,0.000000000000,0.000076235530,0.000077349472
322,0.000000000000,0.000423484585,0.000418527014,0.000000000000,0.000458344434,0.000439683787,0.000000000000,0.000448382693,0.000446032581,0.000000000000,0.000279748395,0.000272591878,0.000000000000,0.000292623112,0.000298837628,0.000000000000,0.000308563032,0.000295029247,0.000000000000,0.000140508767,0.000150745595,0.000000000000,0.000151304529,0.000156558139,0.000000000000,0.000160752418,0.000167827501,0.000000000000,0.000088658327,0.000089855521,0.000000000000,0.000096122845,0.000094265805,0.000000000000,0.000100271562,0.000099778373,0.000000000000,0.000067066642,0.000067160105,0.000000000000,0.000072505947,0.000073653710,0.000000000000,0.000076235530,0.000077398198
323,0.000000000000,0.000423484585,0.000418527014,0.000000000000,0.000458344434,0.000439683787,0.000000000000,0.000448382693,0.000446032581,0.000000000000,0.000279748395,0.000272656602,0.000000000000,0.000292623112,0.000298837628,0.000000000000,0.000308563032,0.000295029247,0.000000000000,0.000140508767,0.000150745595,0.000000000000,0.000151304529,0.000156558139,0.000000000000,0.000160752418,0.000167964088,0.000000000000,0.000088658327,0.000089855541,0.000000000000,0.000096122845,0.000094266747,0.000000000000,0.000100271562,0.000099778373,0.000000000000,0.000067066642,0.000067160105,0.000000000000,0.000072505947,0.000073674444,0.000000000000,0.000076235530,0.000077456519
324,0.000000000000,0.000423484585,0.000418527014,0.000000000000,0.000458344434,0.000439683787,0.000000000000,0.000448382693,0.000446032581,0.000000000000,0.000279748395,0.000272671907,0.000000000000,0.000292623112,0.000298837628,0.000000000000,0.000308563032,0.000295029247,0.000000000000,0.000140569871,0.000150759831,0.000000000000,0.000151304529,0.000156644355,0.000000000000,0.000160752418,0.000167964088,0.000000000000,0.000088694116,0.000089855541,0.000000000000,0.000096122845,0.000094277972,0.000000000000,0.000100271562,0.000099823959,0.000000000000,0.000067066642,0.000067160105,0.000000000000,0.000072507363,0.000073674444,0.000000000000,0.000076253436,0.000077580235
325,0.000000000000,0.000423484585,0.000418527014,0.000000000000,0.000458344434,0.000439683787,0.000000000000,0.000448382693,0.000446032581,0.000000000000,0.000279748395,0.000272671907,0.000000000000,0.000292623112,0.000298837628,0.000000000000,0.000308563032,0.000295029247,0.000000000000,0.000140569871,0.000150775915,0.000000000000,0.000151304529,0.000156644355,0.000000000000,0.000160752418,0.000167986491,0.000000000000,0.000088694116,0.000089855541,0.000000000000,0.000096122845,0.000094332408,0.000000000000,0.000100292853,0.000099823959,0.000000000000,0.000067066642,0.000067160496,0.000000000000,0.000072507363,0.000073760893,0.000000000000,0.000076253436,0.000077601682
326,0.000000000000,0.000423484585,0.000418527014,0.000000000000,0.000458344434,0.000439683787,0.000000000000,0.000448382693,0.000446032581,0.000000000000,0.000279748395,0.000272671907,0.000000000000,0.000292623112,0.000298837628,0.000000000000,0.000308563032,0.000295029247,0.000000000000,0.000140569871,0.000150775915,0.000000000000,0.000151304529,0.000156644355,0.000000000000,0.000160752418,0.000167986491,0.000000000000,0.000088694116,0.000089859847,0.000000000000,0.000096142806,0.000094343347,0.000000000000,0.000100330835,0.000099829653,0.000000000000,0.000067066642,0.000067181183,0.000000000000,0.000072507761,0.000073771557,0.000000000000,0.000076253436,0.000077646078
327,0.000000000000,0.000423484585,0.000418527014,0.000000000000,0.000458344434,0.000439683787,0.000000000000,0.000448382693,0.000446032581,0.000000000000,0.000279748395,0.000272671907,0.000000000000,0.000292623112,0.000298837628,0.000000000000,0.000308563032,0.000295029247,0.000000000000,0.000140569871,0.000150857572,0.000000000000,0.000151304529,0.000156650866,0.000000000000,0.000160752418,0.000168016232,0.000000000000,0.000088694116,0.000089876203,0.000000000000,0.000096160738,0.000094364176,0.000000000000,0.000100330835,0.000099829653,0.000000000000,0.000067066642,0.000067208644,0.000000000000,0.000072518009,0.000073830303,0.000000000000,0.000076253436,0.000077678179
328,0.000000000000,0.000423484585,0.000418527014,0.000000000000,0.000458344434,0.000439683787,0.000000000000,0.000448382693,0.000446032581,0.000000000000,0.000279748395,0.000272671907,0.000000000000,0.000292623112,0.000299107429,0.000000000000,0.000308563032,0.000295029247,0.000000000000,0.000140569871,0.000150857572,0.000000000000,0.000151304529,0.000156705942,0.000000000000,0.000160752418,0.000168016232,0.000000000000,0.000088695857,0.000089876203,0.000000000000,0.000096170451,0.000094364176,0.000000000000,0.000100330835,0.000099829653,0.000000000000,0.000067066642,0.000067208644,0.000000000000,0.000072529268,0.000073832622,0.000000000000,0.000076253436,0.000077678179
329,0.000000000000,0.000423484585,0.000418527014,0.000000000000,0.000458344434,0.000439683787,0.000000000000,0.000448382693,0.000446032581,0.000000000000,0.000279748395,0.000272671907,0.000000000000,0.000292623112,0.000299107429,0.000000000000,0.000308563032,0.000295029247,0.000000000000,0.000140569871,0.000151007712,0.000000000000,0.000151304529,0.000157019730,0.000000000000,0.000160752418,0.000168018855,0.000000000000,0.000088735822,0.000090270065,0.000000000000,0.000096218884,0.000094410779,0.000000000000,0.000100330835,0.000099837155,0.000000000000,0.000067066642,0.000067208644,0.000000000000,0.000072529268,0.000073832622,0.000000000000,0.000076254186,0.000077681074
330,0.000000000000,0.000423484585,0.000418527014,0.000000000000,0.000458344434,0.000439683787,0.000000000000,0.000448382693,0.000446032581,0.000000000000,0.000279748395,0.000272687136,0.000000000000,0.000292623112,0.000299107429,0.000000000000,0.000308563032,0.000295029247,0.000000000000,0.000140583743,0.000151371173,0.000000000000,0.000151304529,0.000157132870,0.000000000000,0.000160752418,0.000168018855,0.000000000000,0.000088735822,0.000090338451,0.000000000000,0.000096218884,0.000094419905,0.000000000000,0.000100341045,0.000099837155,0.000000000000,0.000067066642,0.000067218557,0.000000000000,0.000072529268,0.000073957021,0.000000000000,0.000076286874,0.000077682552
331,0.000000000000,0.000423484585,0.000418527014,0.000000000000,0.000458344434,0.000439683787,0.000000000000,0.000448382693,0.000446032581,0.000000000000,0.000279748395,0.000272687136,0.000000000000,0.000292623112,0.000299107429,0.000000000000,0.000308563032,0.000295029247,0.000000000000,0.000140583743,0.000151371173,0.000000000000,0.000151309837,0.000157158248,0.000000000000,0.000160752418,0.000168018855,0.000000000000,0.000088736283,0.000090341596,0.000000000000,0.000096218884,0.000094522443,0.000000000000,0.000100374625,0.000099837155,0.000000000000,0.000067066642,0.000067257760,0.000000000000,0.000072529268,0.000073957021,0.000000000000,0.000076291902,0.000077712044
332,0.000000000000,0.000423484585,0.000418527014,0.000000000000,0.000458344434,0.000439683787,0.000000000000,0.000448382693,0.000446032581,0.000000000000,0.000279748395,0.000273239018,0.000000000000,0.000292623112,0.000299107429,0.000000000000,0.000308563032,0.000295091292,0.000000000000,0.000140602251,0.000151611840,0.000000000000,0.000151309837,0.000157187451,0.000000000000,0.000160752418,0.000168018855,0.000000000000,0.000088787113,0.000090360020,0.000000000000,0.000096218884,0.000094666929,0.000000000000,0.000100395995,0.000099837155,0.000000000000,0.000067066642,0.000067257760,0.000000000000,0.000072529268,0.000073961605,0.000000000000,0.000076307753,0.000077786646
333,0.000000000000,0.000423484585,0.000418527014,0.000000000000,0.000458344434,0.000439683787,0.000000000000,0.000448382693,0.000446032581,0.000000000000,0.000279748395,0.000273253107,0.000000000000,0.000292623112,0.000299107429,0.000000000000,0.000308563032,0.000295091292,0.000000000000,0.000140602251,0.000151611840,0.000000000000,0.000151309837,0.000157300926,0.000000000000,0.000160752418,0.000168193969,0.000000000000,0.000088787113,0.000090400505,0.000000000000,0.000096218884,0.000094666929,0.000000000000,0.000100403738,0.000099837155,0.000000000000,0.000067066642,0.000067257760,0.000000000000,0.000072529268,0.000073961605,0.000000000000,0.000076307753,0.000077803743
334,0.000000000000,0.000423484585,0.000418527014,0.000000000000,0.000458344434,0.000439683787,0.000000000000,0.000448382693,0.000446032581,0.000000000000,0.000279748395,0.000273410511,0.000000000000,0.000292623112,0.000299184040,0.000000000000,0.000308563032,0.000295091292,0.000000000000,0.000140602251,0.000151611840,0.000000000000,0.000151309837,0.000157423324,0.000000000000,0.000160752418,0.000168210022,0.000000000000,0.000088787113,0.000090400505,0.000000000000,0.000096218884,0.000094706111,0.000000000000,0.000100403738,0.000099877548,0.000000000000,0.000067066642,0.000067429236,0.000000000000,0.000072529268,0.000074061785,0.000000000000,0.000076307753,0.000077816902
335,0.000000000000,0.000423484585,0.000418527014,0.000000000000,0.000458344434,0.000439683787,0.000000000000,0.000448382693,0.000446032581,0.000000000000,0.000279748395,0.000273410511,0.000000000000,0.000292623112,0.000299184040,0.000000000000,0.000308776669,0.000295091292,0.000000000000,0.000140602251,0.000151611840,0.000000000000,0.000151309837,0.000157530886,0.000000000000,0.000160752418,0.000168233755,0.000000000000,0.000088787113,0.000090421402,0.000000000000,0.000096247095,0.000094758985,0.000000000000,0.000100403738,0.000099877548,0.000000000000,0.000067089683,0.000067429495,0.000000000000,0.000072529268,0.000074126545,0.000000000000,0.000076307753,0.000077864446
336,0.000000000000,0.000423484585,0.000418527014,0.000000000000,0.000458344434,0.000439683787,0.000000000000,0.000448382693,0.000446032581,0.000000000000,0.000279748395,0.000273410511,0.000000000000,0.000292623112,0.000299184040,0.000000000000,0.000308776669,0.000295091292,0.000000000000,0.000140602251,0.000151687042,0.000000000000,0.000151309837,0.000157530886,0.000000000000,0.000160752418,0.000168233755,0.000000000000,0.000088787113,0.000090421402,0.000000000000,0.000096257832,0.000094758985,0.000000000000,0.000100420560,0.000099877548,0.000000000000,0.000067089683,0.000067451068,0.000000000000,0.000072540987,0.000074126545,0.000000000000,0.000076307753,0.000077868418
337,0.000000000000,0.000423484585,0.000418527014,0.000000000000,0.000458344434,0.000439683787,0.000000000000,0.000448382693,0.000446032581,0.000000000000,0.000279748395,0.000273449138,0.000000000000,0.000292623112,0.000299184040,0.000000000000,0.000308776669,0.000295091292,0.000000000000,0.000140602251,0.000151694177,0.000000000000,0.000151309837,0.000157609469,0.000000000000,0.000160752418,0.000168233755,0.000000000000,0.000088791243,0.000090431898,0.000000000000,0.000096262849,0.000094818211,0.000000000000,0.000100465869,0.000099886210,0.000000000000,0.000067183245,0.000067467996,0.000000000000,0.000072540987,0.000074137965,0.000000000000,0.000076307753,0.000077896997
338,0.000000000000,0.000423484585,0.000418527014,0.000000000000,0.000458344434,0.000439683787,0.000000000000,0.000448382693,0.000446032581,0.000000000000,0.000279748395,0.000273757335,0.000000000000,0.000292623112,0.000299184040,0.000000000000,0.000308776669,0.000295091292,0.000000000000,0.000140602251,0.000151694177,0.000000000000,0.000151309837,0.000157609469,0.000000000000,0.000160752418,0.000168251138,0.000000000000,0.000088796474,0.000090431898,0.000000000000,0.000096262849,0.000094948411,0.000000000000,0.000100486219,0.000099900127,0.000000000000,0.000067191803,0.000067467996,0.000000000000,0.000072540987,0.000074163058,0.000000000000,0.000076354861,0.000077903057
339,0.000000000000,0.000423484585,0.000418527014,0.000000000000,0.000458344434,0.000439683787,0.000000000000,0.000448382693,0.000446032581,0.000000000000,0.000279748395,0.000273912878,0.000000000000,0.000292623112,0.000299184040,0.000000000000,0.000308776669,0.000295204722,0.000000000000,0.000140602251,0.000151694177,0.000000000000,0.000151309837,0.000157609469,0.000000000000,0.000160752418,0.000168251138,0.000000000000,0.000088796474,0.000090431898,0.000000000000,0.000096262849,0.000094988733,0.000000000000,0.000100486219,0.000099900127,0.000000000000,0.000067230239,0.000067560778,0.000000000000,0.000072540987,0.000074199914,0.000000000000,0.000076374374,0.000077930786
340,0.000000000000,0.000423484585,0.000418527014,0.000000000000,0.000458344434,0.000439683787,0.000000000000,0.000448382693,0.000446032581,0.000000000000,0.000279748395,0.000273912878,0.000000000000,0.000292623112,0.000299358193,0.000000000000,0.000308776669,0.000295204722,0.000000000000,0.000140637746,0.000151694177,0.000000000000,0.000151309837,0.000157831904,0.000000000000,0.000160752418,0.000168251138,0.000000000000,0.000088796474,0.000090448369,0.000000000000,0.000096262849,0.000094988733,0.000000000000,0.000100486219,0.000099930084,0.000000000000,0.000067260989,0.000067560778,0.000000000000,0.000072540987,0.000074300696,0.000000000000,0.000076374374,0.000077930786
341,0.000000000000,0.000423484585,0.000418527014,0.000000000000,0.000458344434,0.000439683787,0.000000000000,0.000448382693,0.000446032581,0.000000000000,0.000279748395,0.000273912878,0.000000000000,0.000292623112,0.000299358193,0.000000000000,0.000308776669,0.000295204722,0.000000000000,0.000140637746,0.000151816125,0.000000000000,0.000151309837,0.000157869888,0.000000000000,0.000160761419,0.000168251138,0.000000000000,0.000088796474,0.000090448369,0.000000000000,0.000096262849,0.000095024495,0.000000000000,0.000100486219,0.000099933784,0.000000000000,0.000067260989,0.000067625390,0.000000000000,0.000072540987,0.000074300696,0.000000000000,0.000076411225,0.000077954010
342,0.000000000000,0.000423484585,0.000418527014,0.000000000000,0.000458344434,0.000439683787,0.000000000000,0.000448382693,0.000446032581,0.000000000000,0.000279748395,0.000273912878,0.000000000000,0.000292623112,0.000299358193,0.000000000000,0.000308776669,0.000295204722,0.000000000000,0.000140662614,0.000151818829,0.000000000000,0.000151309837,0.000157869888,0.000000000000,0.000160761419,0.000168251138,0.000000000000,0.000088796474,0.000090452431,0.000000000000,0.000096262849,0.000095116838,0.000000000000,0.000100486219,0.000099986095,0.000000000000,0.000067260989,0.000067792727,0.000000000000,0.000072540987,0.000074300696,0.000000000000,0.000076422431,0.000078066667
343,0.000000000000,0.000423484585,0.000418527014,0.000000000000,0.000458344434,0.000439683787,0.000000000000,0.000448382693,0.000446032581,0.000000000000,0.000279748395,0.000274016882,0.000000000000,0.000292623112,0.000299358193,0.000000000000,0.000308776669,0.000295246897,0.000000000000,0.000140662614,0.000151818829,0.000000000000,0.000151309837,0.000157869888,0.000000000000,0.000160761419,0.000168251138,0.000000000000,0.000088831433,0.000090536655,0.000000000000,0.000096262849,0.000095138841,0.000000000000,0.000100486219,0.000100006367,0.000000000000,0.000067260989,0.000067851922,0.000000000000,0.000072540987,0.000074302479,0.000000000000,0.000076422431,0.000078066667
344,0.000000000000,0.000423484585,0.000418527014,0.000000000000,0.000458344434,0.000439683787,0.000000000000,0.000448382693,0.000446032581,0.000000000000,0.000279748395,0.000274016882,0.000000000000,0.000292623112,0.000299362547,0.000000000000,0.000308776669,0.000295286428,0.000000000000,0.000140662614,0.000151818829,0.000000000000,0.000151309837,0.000157965679,0.000000000000,0.000160761419,0.000168251138,0.000000000000,0.000088831433,0.000090537605,0.000000000000,0.000096262849,0.000095139479,0.000000000000,0.000100486219,0.000100006367,0.000000000000,0.000067260989,0.000067859534,0.000000000000,0.000072568080,0.000074329217,0.000000000000,0.000076426688,0.000078066667
345,0.000000000000,0.000423484585,0.000418527014,0.000000000000,0.000458344434,0.000439683787,0.000000000000,0.000448382693,0.000446032581,0.000000000000,0.000279748395,0.000274016882,0.000000000000,0.000292623112,0.000299362547,0.000000000000,0.000308776669,0.000295286428,0.000000000000,0.000140668552,0.000151925504,0.000000000000,0.000151327488,0.000157986877,0.000000000000,0.000160761419,0.000168252015,0.000000000000,0.000088831433,0.000090537605,0.000000000000,0.000096262849,0.000095164267,0.000000000000,0.000100486219,0.000100006367,0.000000000000,0.000067260989,0.000068110062,0.000000000000,0.000072568080,0.000074330216,0.000000000000,0.000076426688,0.000078066667
346,0.000000000000,0.000423484585,0.000418527014,0.000000000000,0.000458344434,0.000439683787,0.000000000000,0.000448382693,0.000446032581,0.000000000000,0.000279837996,0.000274367547,0.000000000000,0.000292623112,0.000299362547,0.000000000000,0.000308776669,0.000295286428,0.000000000000,0.000140668552,0.000151925504,0.000000000000,0.000151327488,0.000157986877,0.000000000000,0.000160761419,0.000168252015,0.000000000000,0.000088855930,0.000090537605,0.000000000000,0.000096262849,0.000095186118,0.000000000000,0.000100486219,0.000100008468,0.000000000000,0.000067292870,0.000068143457,0.000000000000,0.000072591997,0.000074356703,0.000000000000,0.000076426688,0.000078068816
347,0.000000000000,0.000423484585,0.000418527014,0.000000000000,0.000458344434,0.000439683787,0.000000000000,0.000448382693,0.000446032581,0.000000000000,0.000279837996,0.000274367547,0.000000000000,0.000292623112,0.000299552541,0.000000000000,0.000308776669,0.000295286428,0.000000000000,0.000140668552,0.000151943798,0.000000000000,0.000151327488,0.000157986877,0.000000000000,0.000160761419,0.000168267512,0.000000000000,0.000088855930,0.000090537605,0.000000000000,0.000096262849,0.000095259733,0.000000000000,0.000100486219,0.000100008468,0.000000000000,0.000067292870,0.000068238347,0.000000000000,0.000072591997,0.000074385681,0.000000000000,0.000076426688,0.000078129346
348,0.000000000000,0.000423484585,0.000418527014,0.000000000000,0.000458344434,0.000439683787,0.000000000000,0.000448382693,0.000446032581,0.000000000000,0.000279837996,0.000274367547,0.000000000000,0.000292623112,0.000299557584,0.000000000000,0.000308776669,0.000295286428,0.000000000000,0.000140668552,0.000151943798,0.000000000000,0.000151327488,0.000157986877,0.000000000000,0.000160817226,0.000168267512,0.000000000000,0.000088855930,0.000090556154,0.000000000000,0.000096267015,0.000095506335,0.000000000000,0.000100486219,0.000100008468,0.000000000000,0.000067292870,0.000068239549,0.000000000000,0.000072591997,0.000074423811,0.000000000000,0.000076439946,0.000078145894
349,0.000000000000,0.000423484585,0.000418527014,0.000000000000,0.000458344434,0.000439683787,0.000000000000,0.000448382693,0.000446032581,0.000000000000,0.000279837996,0.000274367547,0.000000000000,0.000292623112,0.000299877362,0.000000000000,0.000308776669,0.000295286428,0.000000000000,0.000140668552,0.000152102049,0.000000000000,0.000151327488,0.000157990634,0.000000000000,0.000160925486,0.000168267668,0.000000000000,0.000088855930,0.000090556154,0.000000000000,0.000096288649,0.000095544544,0.000000000000,0.000100493423,0.000100021501,0.000000000000,0.000067292870,0.000068241005,0.000000000000,0.000072606599,0.000074435858,0.000000000000,0.000076442145,0.000078202056
350,0.000000000000,0.000423484585,0.000418527014,0.000000000000,0.000458344434,0.000439683787,0.000000000000,0.000448382693,0.000446032581,0.000000000000,0.000279837996,0.000274381623,0.000000000000,0.000292623112,0.000300028021,0.000000000000,0.000308776669,0.000295286428,0.000000000000,0.000140668552,0.000152139984,0.000000000000,0.000151327488,0.000157990634,0.000000000000,0.000160925486,0.000168269090,0.000000000000,0.000088855930,0.000090578385,0.000000000000,0.000096288649,0.000095565136,0.000000000000,0.000100511415,0.000100049515,0.000000000000,0.000067292870,0.000068241005,0.000000000000,0.000072608104,0.000074437415,0.000000000000,0.000076442145,0.000078212010
351,0.000000000000,0.000423484585,0.000418527014,0.000000000000,0.000458344434,0.000439683787,0.000000000000,0.000448382693,0.000446032581,0.000000000000,0.000279837996,0.000274381623,0.000000000000,0.000292623112,0.000300130220,0.000000000000,0.000308776669,0.000295286428,0.000000000000,0.000140668552,0.000152139984,0.000000000000,0.000151327488,0.000157990634,0.000000000000,0.000160925486,0.000168421105,0.000000000000,0.000088855930,0.000090578385,0.000000000000,0.000096288649,0.000095566907,0.000000000000,0.000100511415,0.000100049515,0.000000000000,0.000067292870,0.000068242565,0.000000000000,0.000072608104,0.000074475643,0.000000000000,0.000076442145,0.000078214343
352,0.000000000000,0.000423484585,0.000418527014,0.000000000000,0.000458344434,0.000439683787,0.000000000000,0.000448382693,0.000446032581,0.000000000000,0.000279837996,0.000274381623,0.000000000000,0.000292623112,0.000300601351,0.000000000000,0.000308776669,0.000295286428,0.000000000000,0.000140668552,0.000152139984,0.000000000000,0.000151327488,0.000158028698,0.000000000000,0.000160925486,0.000168421105,0.000000000000,0.000088855930,0.000090578385,0.000000000000,0.000096288649,0.000095577941,0.000000000000,0.000100511415,0.000100049515,0.000000000000,0.000067316183,0.000068252149,0.000000000000,0.000072612650,0.000074486673,0.000000000000,0.000076444069,0.000078414338
353,0.000000000000,0.000423484585,0.000418527014,0.000000000000,0.000458344434,0.000439683787,0.000000000000,0.000448382693,0.000446032581,0.000000000000,0.000279837996,0.000274381623,0.000000000000,0.000292623112,0.000300884138,0.000000000000,0.000308776669,0.000295286428,0.000000000000,0.000140668552,0.000152139984,0.000000000000,0.000151327488,0.000158053330,0.000000000000,0.000160925486,0.000168421105,0.000000000000,0.000088855930,0.000090578385,0.000000000000,0.000096288649,0.000095582846,0.000000000000,0.000100511415,0.000100109504,0.000000000000,0.000067316183,0.000068372249,0.000000000000,0.000072700779,0.000074530996,0.000000000000,0.000076515824,0.000078414338
354,0.000000000000,0.000423484585,0.000418527014,0.000000000000,0.000458344434,0.000439683787,0.000000000000,0.000448382693,0.000446032581,0.000000000000,0.000279837996,0.000274381623,0.000000000000,0.000292623112,0.000300884138,0.000000000000,0.000308776669,0.000295286428,0.000000000000,0.000140668552,0.000152274219,0.000000000000,0.000151327488,0.000158055214,0.000000000000,0.000160925486,0.000168421266,0.000000000000,0.000088855930,0.000090578385,0.000000000000,0.000096288649,0.000095582846,0.000000000000,0.000100511415,0.000100128662,0.000000000000,0.000067316183,0.000068372249,0.000000000000,0.000072700779,0.000074530996,0.000000000000,0.000076582324,0.000078414338
355,0.000000000000,0.000423484585,0.000418527014,0.000000000000,0.000458344434,0.000439683787,0.000000000000,0.000448382693,0.000446032581,0.000000000000,0.000279837996,0.000274381623,0.000000000000,0.000292623112,0.000300884138,0.000000000000,0.000308776669,0.000295286428,0.000000000000,0.000140668552,0.000152274219,0.000000000000,0.000151327488,0.000158055214,0.000000000000,0.000160925486,0.000168453109,0.000000000000,0.000088855930,0.000090578385,0.000000000000,0.000096288649,0.000095608518,0.000000000000,0.000100511415,0.000100128662,0.000000000000,0.000067375115,0.000068440850,0.000000000000,0.000072700779,0.000074554818,0.000000000000,0.000076583115,0.000078414338
356,0.000000000000,0.000423484585,0.000418527014,0.000000000000,0.000458344434,0.000439683787,0.000000000000,0.000448382693,0.000446032581,0.000000000000,0.000279837996,0.000274381623,0.000000000000,0.000292623112,0.000300884138,0.000000000000,0.000308776669,0.000295286428,0.000000000000,0.000140668552,0.000152274219,0.000000000000,0.000151327488,0.000158055214,0.000000000000,0.000160925486,0.000168453109,0.000000000000,0.000088855930,0.000090725235,0.000000000000,0.000096288649,0.000095608518,0.000000000000,0.000100511415,0.000100128662,0.000000000000,0.000067375115,0.000068506287,0.000000000000,0.000072723808,0.000074563454,0.000000000000,0.000076583115,0.000078431626
357,0.000000000000,0.000423484585,0.000418527014,0.000000000000,0.000458344434,0.000439683787,0.000000000000,0.000448382693,0.000446032581,0.000000000000,0.000279837996,0.000274381623,0.000000000000,0.000292623112,0.000301007700,0.000000000000,0.000308776669,0.000295286428,0.000000000000,0.000140668552,0.000152274219,0.000000000000,0.000151327488,0.000158146239,0.000000000000,0.000160925486,0.000168453109,0.000000000000,0.000088855930,0.000090725235,0.000000000000,0.000096288649,0.000095680738,0.000000000000,0.000100512994,0.000100129364,0.000000000000,0.000067375115,0.000068516716,0.000000000000,0.000072730184,0.000074593882,0.000000000000,0.000076583115,0.000078575456
358,0.000000000000,0.000423484585,0.000418527014,0.000000000000,0.000458344434,0.000439683787,0.000000000000,0.000448382693,0.000446032581,0.000000000000,0.000279837996,0.000274390607,0.000000000000,0.000292623112,0.000301239888,0.000000000000,0.000308776669,0.000295286428,0.000000000000,0.000140668552,0.000152274219,0.000000000000,0.000151327488,0.000158258192,0.000000000000,0.000160925486,0.000168522710,0.000000000000,0.000088891128,0.000090746927,0.000000000000,0.000096288649,0.000095688099,0.000000000000,0.000100512994,0.000100129364,0.000000000000,0.000067375115,0.000068523639,0.000000000000,0.000072730184,0.000074593882,0.000000000000,0.000076583115,0.000078638795
359,0.000000000000,0.000423484585,0.000418527014,0.000000000000,0.000458344434,0.000439683787,0.000000000000,0.000448382693,0.000446032581,0.000000000000,0.000279837996,0.000274390607,0.000000000000,0.000292623112,0.000301239888,0.000000000000,0.000308776669,0.000295286428,0.000000000000,0.000140668552,0.000152274219,0.000000000000,0.000151327488,0.000158262937,0.000000000000,0.000160925486,0.000168533582,0.000000000000,0.000088891128,0.000090767397,0.000000000000,0.000096288649,0.000095688099,0.000000000000,0.000100512994,0.000100189269,0.000000000000,0.000067380066,0.000068567207,0.000000000000,0.000072730184,0.000074676624,0.000000000000,0.000076583115,0.000078689859
360,0.000000000000,0.000423484585,0.000418527014,0.000000000000,0.000458344434,0.000439683787,0.000000000000,0.000448382693,0.000446032581,0.000000000000,0.000279837996,0.000274390607,0.000000000000,0.000292623112,0.000301239888,0.000000000000,0.000308776669,0.000295286428,0.000000000000,0.000140668552,0.000152299046,0.000000000000,0.000151327488,0.000158464546,0.000000000000,0.000160925486,0.000168533582,0.000000000000,0.000088891128,0.000090767820,0.000000000000,0.000096288649,0.000095701562,0.000000000000,0.000100512994,0.000100291911,0.000000000000,0.000067380066,0.000068567207,0.000000000000,0.000072730184,0.000074713945,0.000000000000,0.000076583115,0.000078725569
361,0.000000000000,0.000423484585,0.000418527014,0.000000000000,0.000458344434,0.000439683787,0.000000000000,0.000448382693,0.000446032581,0.000000000000,0.000279837996,0.000274390607,0.000000000000,0.000292623112,0.000301239888,0.000000000000,0.000308776669,0.000295286428,0.000000000000,0.000140668552,0.000152299046,0.000000000000,0.000151327488,0.000158467761,0.000000000000,0.000160925486,0.000168533582,0.000000000000,0.000088891128,0.000090767820,0.000000000000,0.000096537604,0.000095714837,0.000000000000,0.000100512994,0.000100307818,0.000000000000,0.000067380066,0.000068567207,0.000000000000,0.000072730184,0.000074713945,0.000000000000,0.000076583115,0.000078749604
362,0.000000000000,0.000423484585,0.000418527014,0.000000000000,0.000458344434,0.000439683787,0.000000000000,0.000448382693,0.000446032581,0.000000000000,0.000279837996,0.000274390607,0.000000000000,0.000292623112,0.000301239888,0.000000000000,0.000308776669,0.000295286428,0.000000000000,0.000140668552,0.000152363812,0.000000000000,0.000151327488,0.000158467761,0.000000000000,0.000160925486,0.000168533582,0.000000000000,0.000088891128,0.000090767820,0.000000000000,0.000096537604,0.000095714837,0.000000000000,0.000100512994,0.000100314227,0.000000000000,0.000067446102,0.000068571716,0.000000000000,0.000072730184,0.000074740729,0.000000000000,0.000076583115,0.000078796750
363,0.000000000000,0.000423484585,0.000418527014,0.000000000000,0.000458344434,0.000439683787,0.000000000000,0.000448382693,0.000446032581,0.000000000000,0.000279837996,0.000274390607,0.000000000000,0.000292623112,0.000301239888,0.000000000000,0.000308776669,0.000295286428,0.000000000000,0.000140668552,0.000152363812,0.000000000000,0.000151327488,0.000158508069,0.000000000000,0.000160925486,0.000168533582,0.000000000000,0.000088891128,0.000090804488,0.000000000000,0.000096537604,0.000095720335,0.000000000000,0.000100512994,0.000100367209,0.000000000000,0.000067446102,0.000068572698,0.000000000000,0.000072730184,0.000074776381,0.000000000000,0.000076583115,0.000078802758
364,0.000000000000,0.000423484585,0.000418527014,0.000000000000,0.000458344434,0.000439683787,0.000000000000,0.000448382693,0.000446032581,0.000000000000,0.000279837996,0.000274390607,0.000000000000,0.000292623112,0.000301245646,0.000000000000,0.000308776669,0.000295286428,0.000000000000,0.000140668552,0.000152464383,0.000000000000,0.000151327488,0.000158508069,0.000000000000,0.000160925486,0.000168533582,0.000000000000,0.000088891128,0.000090804488,0.000000000000,0.000096537604,0.000095767269,0.000000000000,0.000100512994,0.000100367209,0.000000000000,0.000067446102,0.000068578816,0.000000000000,0.000072730184,0.000074834063,0.000000000000,0.000076583115,0.000078918376
365,0.000000000000,0.000423484585,0.000418527014,0.000000000000,0.000458344434,0.000439683787,0.000000000000,0.000448382693,0.000446032581,0.000000000000,0.000279837996,0.000274411904,0.000000000000,0.000292623112,0.000301245646,0.000000000000,0.000308776669,0.000295286428,0.000000000000,0.000140668552,0.000152464383,0.000000000000,0.000151327488,0.000158508069,0.000000000000,0.000160925486,0.000168533582,0.000000000000,0.000088891678,0.000090804488,0.000000000000,0.000096537604,0.000095801103,0.000000000000,0.000100512994,0.000100390972,0.000000000000,0.000067446102,0.000068578816,0.000000000000,0.000072837177,0.000074834063,0.000000000000,0.000076583115,0.000078926439
366,0.000000000000,0.000423484585,0.000418527014,0.000000000000,0.000458344434,0.000439683787,0.000000000000,0.000448382693,0.000446032581,0.000000000000,0.000279837996,0.000274411904,0.000000000000,0.000292623112,0.000301248990,0.000000000000,0.000308776669,0.000295286428,0.000000000000,0.000140668552,0.000152473250,0.000000000000,0.000151327488,0.000158508069,0.000000000000,0.000160925486,0.000168533582,0.000000000000,0.000088891678,0.000090804488,0.000000000000,0.000096537604,0.000095801103,0.000000000000,0.000100512994,0.000100390972,0.000000000000,0.000067446102,0.000068598579,0.000000000000,0.000072847449,0.000074840892,0.000000000000,0.000076583115,0.000078926439
367,0.000000000000,0.000423484585,0.000418527014,0.000000000000,0.000458344434,0.000439683787,0.000000000000,0.000448382693,0.000446032581,0.000000000000,0.000279837996,0.000274841479,0.000000000000,0.000292623112,0.000301248990,0.000000000000,0.000308776669,0.000295286428,0.000000000000,0.000140675522,0.000152474447,0.000000000000,0.000151327488,0.000158512758,0.000000000000,0.000160925486,0.000168533582,0.000000000000,0.000088899528,0.000090817437,0.000000000000,0.000096537604,0.000095804903,0.000000000000,0.000100512994,0.000100390972,0.000000000000,0.000067446102,0.000068598579,0.000000000000,0.000072847449,0.000074846010,0.000000000000,0.000076583115,0.000079006452
368,0.000000000000,0.000423484585,0.000418527014,0.000000000000,0.000458344434,0.000439683787,0.000000000000,0.000448382693,0.000446032581,0.000000000000,0.000279837996,0.000274841479,0.000000000000,0.000292623112,0.000301248990,0.000000000000,0.000308776669,0.000295286428,0.000000000000,0.000140675522,0.000152474447,0.000000000000,0.000151327488,0.000158512758,0.000000000000,0.000160925486,0.000168533582,0.000000000000,0.000088910215,0.000090817437,0.000000000000,0.000096537604,0.000095818631,0.000000000000,0.000100512994,0.000100390972,0.000000000000,0.000067446102,0.000068610730,0.000000000000,0.000072847449,0.000074846010,0.000000000000,0.000076583115,0.000079028151
369,0.000000000000,0.000423484585,0.000418527014,0.000000000000,0.000458344434,0.000439683787,0.000000000000,0.000448382693,0.000446032581,0.000000000000,0.000279837996,0.000274841479,0.000000000000,0.000292623112,0.000301248990,0.000000000000,0.000308776669,0.000295291011,0.000000000000,0.000140686466,0.000152474447,0.000000000000,0.000151327488,0.000158512758,0.000000000000,0.000160925486,0.000168533582,0.000000000000,0.000088922783,0.000090817882,0.000000000000,0.000096544058,0.000095818631,0.000000000000,0.000100512994,0.000100390972,0.000000000000,0.000067446102,0.000068619917,0.000000000000,0.000072847449,0.000074860721,0.000000000000,0.000076596818,0.000079048386
370,0.000000000000,0.000423484585,0.000418527014,0.000000000000,0.000458344434,0.000439683787,0.000000000000,0.000448382693,0.000446032581,0.000000000000,0.000279837996,0.000274841479,0.000000000000,0.000292623112,0.000301248990,0.000000000000,0.000308776669,0.000295291011,0.000000000000,0.000140686466,0.000152474447,0.000000000000,0.000151327488,0.000158609056,0.000000000000,0.000160925486,0.000168533582,0.000000000000,0.000088922783,0.000090817882,0.000000000000,0.000096544058,0.000095826941,0.000000000000,0.000100512994,0.000100401388,0.000000000000,0.000067451984,0.000068620783,0.000000000000,0.000072849362,0.000074877998,0.000000000000,0.000076608366,0.000079048386
371,0.000000000000,0.000423484585,0.000418527014,0.000000000000,0.000458344434,0.000439683787,0.000000000000,0.000448382693,0.000446032581,0.000000000000,0.000279866472,0.000275131203,0.000000000000,0.000292623112,0.000301248990,0.000000000000,0.000308776669,0.000295291011,0.000000000000,0.000140732812,0.000152480228,0.000000000000,0.000151327488,0.000158639822,0.000000000000,0.000160925486,0.000168719157,0.000000000000,0.000088933439,0.000090817882,0.000000000000,0.000096544058,0.000095826941,0.000000000000,0.000100526307,0.000100401388,0.000000000000,0.000067451984,0.000068634102,0.000000000000,0.000072885803,0.000074882044,0.000000000000,0.000076723246,0.000079075114
372,0.000000000000,0.000423484585,0.000418527014,0.000000000000,0.000458344434,0.000439683787,0.000000000000,0.000448382693,0.000446032581,0.000000000000,0.000279866472,0.000275131203,0.000000000000,0.000292623112,0.000301248990,0.000000000000,0.000308837542,0.000295345780,0.000000000000,0.000140732812,0.000152500740,0.000000000000,0.000151327488,0.000158639822,0.000000000000,0.000160969682,0.000168825201,0.000000000000,0.000088938767,0.000090817882,0.000000000000,0.000096544058,0.000095826941,0.000000000000,0.000100526307,0.000100401388,0.000000000000,0.000067451984,0.000068655794,0.000000000000,0.000072885803,0.000074961157,0.000000000000,0.000076723246,0.000079075114
373,0.000000000000,0.000423484585,0.000418527014,0.000000000000,0.000458344434,0.000439683787,0.000000000000,0.000448382693,0.000446032581,0.000000000000,0.000279866472,0.000275131203,0.000000000000,0.000292623112,0.000301248990,0.000000000000,0.000308837542,0.000295345780,0.000000000000,0.000140732812,0.000152536791,0.000000000000,0.000151327488,0.000158639822,0.000000000000,0.000160969682,0.000168840469,0.000000000000,0.000088938767,0.000090817882,0.000000000000,0.000096544058,0.000095856036,0.000000000000,0.000100526307,0.000100401388,0.000000000000,0.000067451984,0.000068660370,0.000000000000,0.000072885803,0.000074961157,0.000000000000,0.000076723246,0.000079084093
374,0.000000000000,0.000423484585,0.000418527014,0.000000000000,0.000458344434,0.000439683787,0.000000000000,0.000448382693,0.000446032581,0.000000000000,0.000279866472,0.000275131203,0.000000000000,0.000292623112,0.000301248990,0.000000000000,0.000308837542,0.000295345780,0.000000000000,0.000140732812,0.000152536791,0.000000000000,0.000151327488,0.000158639822,0.000000000000,0.000160969682,0.000168840469,0.000000000000,0.000088939323,0.000090854939,0.000000000000,0.000096544058,0.000095860592,0.000000000000,0.000100526307,0.000100436638,0.000000000000,0.000067451984,0.000068707831,0.000000000000,0.000072885803,0.000074964854,0.000000000000,0.000076724970,0.000079145831
375,0.000000000000,0.000423484585,0.000418527014,0.000000000000,0.000458344434,0.000439683787,0.000000000000,0.000448382693,0.000446032581,0.000000000000,0.000279866472,0.000275131203,0.000000000000,0.000292623112,0.000301248990,0.000000000000,0.000308837542,0.000295345780,0.000000000000,0.000140732812,0.000152539152,0.000000000000,0.000151327488,0.000158644400,0.000000000000,0.000160969682,0.000168840469,0.000000000000,0.000088939323,0.000090854939,0.000000000000,0.000096544058,0.000095860592,0.000000000000,0.000100528875,0.000100457040,0.000000000000,0.000067451984,0.000068779865,0.000000000000,0.000072885803,0.000074964854,0.000000000000,0.000076724970,0.000079254318
376,0.000000000000,0.000423484585,0.000418527014,0.000000000000,0.000458344434,0.000439683787,0.000000000000,0.000448382693,0.000446032581,0.000000000000,0.000279866472,0.000275131203,0.000000000000,0.000292623112,0.000301248990,0.000000000000,0.000308837542,0.000295345780,0.000000000000,0.000140733641,0.000152539152,0.000000000000,0.000151327488,0.000158644400,0.000000000000,0.000161044948,0.000168898196,0.000000000000,0.000088958887,0.000090860140,0.000000000000,0.000096544058,0.000095865362,0.000000000000,0.000100528875,0.000100459102,0.000000000000,0.000067451984,0.000068780038,0.000000000000,0.000072992393,0.000075009722,0.000000000000,0.000076882229,0.000079292682
377,0.000000000000,0.000423484585,0.000418527014,0.000000000000,0.000458344434,0.000439683787,0.000000000000,0.000448382693,0.000446032581,0.000000000000,0.000279866472,0.000275131203,0.000000000000,0.000292623112,0.000301248990,0.000000000000,0.000308837542,0.000295345780,0.000000000000,0.000140733641,0.000152539152,0.000000000000,0.000151327488,0.000158645527,0.000000000000,0.000161044948,0.000168898196,0.000000000000,0.000088958887,0.000090870889,0.000000000000,0.000096544058,0.000095895134,0.000000000000,0.000100528875,0.000100485700,0.000000000000,0.000067451984,0.000068780038,0.000000000000,0.000072992393,0.000075039547,0.000000000000,0.000076899840,0.000079300325
378,0.000000000000,0.000423484585,0.000418527014,0.000000000000,0.000458344434,0.000439683787,0.000000000000,0.000448382693,0.000446032581,0.000000000000,0.000279866472,0.000275131203,0.000000000000,0.000292623112,0.000301248990,0.000000000000,0.000308837542,0.000295345780,0.000000000000,0.000140733641,0.000153193689,0.000000000000,0.000151327488,0.000158645527,0.000000000000,0.000161044948,0.000168898196,0.000000000000,0.000088958887,0.000090879403,0.000000000000,0.000096544058,0.000095899815,0.000000000000,0.000100528875,0.000100485700,0.000000000000,0.000067460379,0.000068785338,0.000000000000,0.000072992393,0.000075064379,0.000000000000,0.000076983114,0.000079318459
379,0.000000000000,0.000423484585,0.000418527014,0.000000000000,0.000458344434,0.000439683787,0.000000000000,0.000448382693,0.000446032581,0.000000000000,0.000279866472,0.000275131203,0.000000000000,0.000292623112,0.000301248990,0.000000000000,0.000308837542,0.000295345780,0.000000000000,0.000140733641,0.000153420535,0.000000000000,0.000151327488,0.000158664876,0.000000000000,0.000161044948,0.000168898196,0.000000000000,0.000088964597,0.000090936692,0.000000000000,0.000096544058,0.000095913847,0.000000000000,0.000100528875,0.000100489809,0.000000000000,0.000067460379,0.000068787132,0.000000000000,0.000072996003,0.000075082559,0.000000000000,0.000076987231,0.000079354664
380,0.000000000000,0.000423484585,0.000418527014,0.000000000000,0.000458344434,0.000439683787,0.000000000000,0.000448382693,0.000446032581,0.000000000000,0.000279866472,0.000275131203,0.000000000000,0.000292623112,0.000301440205,0.000000000000,0.000308837542,0.000295345780,0.000000000000,0.000140733641,0.000153656590,0.000000000000,0.000151327488,0.000158664876,0.000000000000,0.000161044948,0.000168898196,0.000000000000,0.000088964597,0.000090942802,0.000000000000,0.000096544058,0.000095913847,0.000000000000,0.000100528875,0.000100498085,0.000000000000,0.000067460379,0.000068900279,0.000000000000,0.000072996003,0.000075191356,0.000000000000,0.000077007492,0.000079424037
381,0.000000000000,0.000423484585,0.000418527014,0.000000000000,0.000458344434,0.000439683787,0.000000000000,0.000448382693,0.000446032581,0.000000000000,0.000279866472,0.000275131203,0.000000000000,0.000292623112,0.000301525897,0.000000000000,0.000308837542,0.000295345780,0.000000000000,0.000140733641,0.000153656590,0.000000000000,0.000151327488,0.000158664876,0.000000000000,0.000161378069,0.000168898196,0.000000000000,0.000088986444,0.000090942802,0.000000000000,0.000096544058,0.000095913847,0.000000000000,0.000100528875,0.000100498085,0.000000000000,0.000067460379,0.000068945351,0.000000000000,0.000073000602,0.000075191356,0.000000000000,0.000077007492,0.000079424037
382,0.000000000000,0.000423484585,0.000418527014,0.000000000000,0.000458344434,0.000439683787,0.000000000000,0.000448382693,0.000446032581,0.000000000000,0.000279866472,0.000275131203,0.000000000000,0.000292623112,0.000301525897,0.000000000000,0.000308837542,0.000295345780,0.000000000000,0.000140733641,0.000153656590,0.000000000000,0.000151327488,0.000158783692,0.000000000000,0.000161391939,0.000168898196,0.000000000000,0.000088986444,0.000090942802,0.000000000000,0.000096544058,0.000095913847,0.000000000000,0.000100528875,0.000100501359,0.000000000000,0.000067460379,0.000069043235,0.000000000000,0.000073005057,0.000075205238,0.000000000000,0.000077052609,0.000079528216
383,0.000000000000,0.000423484585,0.000418527014,0.000000000000,0.000458344434,0.000439683787,0.000000000000,0.000448382693,0.000446032581,0.000000000000,0.000279866472,0.000275243550,0.000000000000,0.000292623112,0.000301525897,0.000000000000,0.000308837542,0.000295345780,0.000000000000,0.000140733641,0.000153656590,0.000000000000,0.000151327488,0.000158783692,0.000000000000,0.000161391939,0.000168898196,0.000000000000,0.000088986444,0.000090976614,0.000000000000,0.000096544058,0.000095913847,0.000000000000,0.000100528875,0.000100522804,0.000000000000,0.000067460379,0.000069047129,0.000000000000,0.000073005057,0.000075207737,0.000000000000,0.000077052609,0.000079561363
384,0.000000000000,0.000423484585,0.000418527014,0.000000000000,0.000458344434,0.000439683787,0.000000000000,0.000448382693,0.000446032581,0.000000000000,0.000279866472,0.000275285276,0.000000000000,0.000292623112,0.000301525897,0.000000000000,0.000308837542,0.000295345780,0.000000000000,0.000140733641,0.000153665506,0.000000000000,0.000151327488,0.000158783692,0.000000000000,0.000161391939,0.000168898196,0.000000000000,0.000088986444,0.000090976614,0.000000000000,0.000096544058,0.000095918415,0.000000000000,0.000100528875,0.000100522804,0.000000000000,0.000067460379,0.000069047129,0.000000000000,0.000073005057,0.000075271141,0.000000000000,0.000077052609,0.000079566345
385,0.000000000000,0.000423484585,0.000418527014,0.000000000000,0.000458344434,0.000439683787,0.000000000000,0.000448382693,0.000446032581,0.000000000000,0.000279866472,0.000275311744,0.000000000000,0.000292623112,0.000301525897,0.000000000000,0.000308837542,0.000295345780,0.000000000000,0.000140733641,0.000153665506,0.000000000000,0.000151327488,0.000158800901,0.000000000000,0.000161391939,0.000168962462,0.000000000000,0.000088986444,0.000090976614,0.000000000000,0.000096544058,0.000095918415,0.000000000000,0.000100544935,0.000100522804,0.000000000000,0.000067468230,0.000069054281,0.000000000000,0.000073005057,0.000075271141,0.000000000000,0.000077052609,0.000079598557
386,0.000000000000,0.000423484585,0.000418527014,0.000000000000,0.000458344434,0.000439683787,0.000000000000,0.000448382693,0.000446032581,0.000000000000,0.000279866472,0.000275311744,0.000000000000,0.000292623112,0.000301672552,0.000000000000,0.000308837542,0.000295345780,0.000000000000,0.000140733641,0.000153665506,0.000000000000,0.000151327488,0.000158800901,0.000000000000,0.000161391939,0.000168962462,0.000000000000,0.000088986444,0.000090976823,0.000000000000,0.000096544058,0.000095918415,0.000000000000,0.000100544935,0.000100524037,0.000000000000,0.000067489418,0.000069069278,0.000000000000,0.000073005057,0.000075271141,0.000000000000,0.000077052609,0.000079598557
387,0.000000000000,0.000423484585,0.000418527014,0.000000000000,0.000458344434,0.000439683787,0.000000000000,0.000448382693,0.000446032581,0.000000000000,0.000279866472,0.000275311744,0.000000000000,0.000292623112,0.000301700139,0.000000000000,0.000308837542,0.000295345780,0.000000000000,0.000140733641,0.000153665506,0.000000000000,0.000151327488,0.000158849009,0.000000000000,0.000161391939,0.000169333745,0.000000000000,0.000088986444,0.000090983410,0.000000000000,0.000096559859,0.000095933687,0.000000000000,0.000100544935,0.000100538611,0.000000000000,0.000067489418,0.000069136054,0.000000000000,0.000073005057,0.000075286797,0.000000000000,0.000077052609,0.000079598557
388,0.000000000000,0.000423484585,0.000418527014,0.000000000000,0.000458344434,0.000439683787,0.000000000000,0.000448382693,0.000446032581,0.000000000000,0.000279866472,0.000275311744,0.000000000000,0.000292623112,0.000301700139,0.000000000000,0.000308837542,0.000295345780,0.000000000000,0.000140733641,0.000153665506,0.000000000000,0.000151327488,0.000158849009,0.000000000000,0.000161391939,0.000169333745,0.000000000000,0.000089051311,0.000090983410,0.000000000000,0.000096559859,0.000095933687,0.000000000000,0.000100544935,0.000100538611,0.000000000000,0.000067501823,0.000069143906,0.000000000000,0.000073005057,0.000075290857,0.000000000000,0.000077081008,0.000079606180
389,0.000000000000,0.000423484585,0.000418527014,0.000000000000,0.000458344434,0.000439683787,0.000000000000,0.000448382693,0.000446032581,0.000000000000,0.000279866472,0.000275311744,0.000000000000,0.000292623112,0.000301700139,0.000000000000,0.000308837542,0.000295345780,0.000000000000,0.000140733641,0.000153665506,0.000000000000,0.000151327488,0.000158852560,0.000000000000,0.000161391939,0.000169333745,0.000000000000,0.000089055702,0.000091005874,0.000000000000,0.000096589199,0.000095933687,0.000000000000,0.000100544935,0.000100538611,0.000000000000,0.000067501823,0.000069146185,0.000000000000,0.000073005057,0.000075290857,0.000000000000,0.000077132938,0.000079607078
390,0.000000000000,0.000423484585,0.000418527014,0.000000000000,0.000458344434,0.000439683787,0.000000000000,0.000448382693,0.000446032581,0.000000000000,0.000279866472,0.000275311744,0.000000000000,0.000292623112,0.000301700139,0.000000000000,0.000308837542,0.000295345780,0.000000000000,0.000140733641,0.000153665506,0.000000000000,0.000151327488,0.000158852560,0.000000000000,0.000161391939,0.000169333745,0.000000000000,0.000089055702,0.000091005874,0.000000000000,0.000096589199,0.000095943640,0.000000000000,0.000100544935,0.000100538611,0.000000000000,0.000067501823,0.000069204156,0.000000000000,0.000073005057,0.000075290857,0.000000000000,0.000077132938,0.000079607078
391,0.000000000000,0.000423484585,0.000418527014,0.000000000000,0.000458344434,0.000439683787,0.000000000000,0.000448382693,0.000446032581,0.000000000000,0.000279866472,0.000275311744,0.000000000000,0.000292623112,0.000301700139,0.000000000000,0.000308837542,0.000295345780,0.000000000000,0.000140733641,0.000153685398,0.000000000000,0.000151327488,0.000158884911,0.000000000000,0.000161391939,0.000169333745,0.000000000000,0.000089055702,0.000091005874,0.000000000000,0.000096589199,0.000095943640,0.000000000000,0.000100544935,0.000100538611,0.000000000000,0.000067501823,0.000069220014,0.000000000000,0.000073005057,0.000075290857,0.000000000000,0.000077132938,0.000079607078
392,0.000000000000,0.000423484585,0.000418527014,0.000000000000,0.000458344434,0.000439683787,0.000000000000,0.000448382693,0.000446032581,0.000000000000,0.000279866472,0.000275357703,0.000000000000,0.000292623112,0.000301700139,0.000000000000,0.000308837542,0.000295345780,0.000000000000,0.000140733641,0.000153685398,0.000000000000,0.000151327488,0.000159039711,0.000000000000,0.000161391939,0.000169377832,0.000000000000,0.000089055702,0.000091005874,0.000000000000,0.000096589199,0.000095943640,0.000000000000,0.000100544935,0.000100538611,0.000000000000,0.000067501823,0.000069250698,0.000000000000,0.000073005057,0.000075290857,0.000000000000,0.000077132938,0.000079614971
393,0.000000000000,0.000423484585,0.000418527014,0.000000000000,0.000458344434,0.000439683787,0.000000000000,0.000448382693,0.000446032581,0.000000000000,0.000279866472,0.000275357703,0.000000000000,0.000292623112,0.000301700139,0.000000000000,0.000308837542,0.000295345780,0.000000000000,0.000140733641,0.000153685398,0.000000000000,0.000151327488,0.000159039711,0.000000000000,0.000161391939,0.000169377832,0.000000000000,0.000089055702,0.000091005874,0.000000000000,0.000096589199,0.000095968430,0.000000000000,0.000100544935,0.000100538611,0.000000000000,0.000067506003,0.000069250698,0.000000000000,0.000073005057,0.000075305443,0.000000000000,0.000077132938,0.000079614971
394,0.000000000000,0.000423484585,0.000418527014,0.000000000000,0.000458344434,0.000439683787,0.000000000000,0.000448382693,0.000446032581,0.000000000000,0.000279866472,0.000275357703,0.000000000000,0.000292623112,0.000301808412,0.000000000000,0.000308837542,0.000295345780,0.000000000000,0.000140733641,0.000153685398,0.000000000000,0.000151327488,0.000159060512,0.000000000000,0.000161391939,0.000169377832,0.000000000000,0.000089055702,0.000091054236,0.000000000000,0.000096589199,0.000095968430,0.000000000000,0.000100544935,0.000100543069,0.000000000000,0.000067538544,0.000069250698,0.000000000000,0.000073005057,0.000075390097,0.000000000000,0.000077132938,0.000079614971
395,0.000000000000,0.000423484585,0.000418527014,0.000000000000,0.000458344434,0.000439683787,0.000000000000,0.000448382693,0.000446032581,0.000000000000,0.000279866472,0.000275471131,0.000000000000,0.000292623112,0.000301933718,0.000000000000,0.000308837542,0.000295345780,0.000000000000,0.000140733641,0.000153685398,0.000000000000,0.000151327488,0.000159063795,0.000000000000,0.000161391939,0.000169428457,0.000000000000,0.000089069613,0.000091054236,0.000000000000,0.000096589199,0.000095968430,0.000000000000,0.000100544935,0.000100544220,0.000000000000,0.000067538544,0.000069270616,0.000000000000,0.000073005057,0.000075487863,0.000000000000,0.000077134365,0.000079614971
396,0.000000000000,0.000423484585,0.000418527014,0.000000000000,0.000458344434,0.000439683787,0.000000000000,0.000448382693,0.000446032581,0.000000000000,0.000279866472,0.000275471131,0.000000000000,0.000292623112,0.000301933718,0.000000000000,0.000308837542,0.000295345780,0.000000000000,0.000140733641,0.000153694416,0.000000000000,0.000151327488,0.000159082771,0.000000000000,0.000161391939,0.000169428457,0.000000000000,0.000089104253,0.000091054236,0.000000000000,0.000096589199,0.000095997194,0.000000000000,0.000100544935,0.000100544220,0.000000000000,0.000067538544,0.000069273122,0.000000000000,0.000073025488,0.000075488938,0.000000000000,0.000077134365,0.000079614971
397,0.000000000000,0.000423484585,0.000418527014,0.000000000000,0.000458344434,0.000439683787,0.000000000000,0.000448382693,0.000446032581,0.000000000000,0.000279866472,0.000275471131,0.000000000000,0.000292623112,0.000301933718,0.000000000000,0.000308837542,0.000295345780,0.000000000000,0.000140733641,0.000153694416,0.000000000000,0.000151327488,0.000159082771,0.000000000000,0.000161391939,0.000169428457,0.000000000000,0.000089104636,0.000091054236,0.000000000000,0.000096589199,0.000095997194,0.000000000000,0.000100544935,0.000100544220,0.000000000000,0.000067540448,0.000069300085,0.000000000000,0.000073025488,0.000075488938,0.000000000000,0.000077134365,0.000079614971
398,0.000000000000,0.000423484585,0.000418527014,0.000000000000,0.000458344434,0.000439683787,0.000000000000,0.000448382693,0.000446032581,0.000000000000,0.000279866472,0.000275830176,0.000000000000,0.000292623112,0.000301933718,0.000000000000,0.000308837542,0.000295345780,0.000000000000,0.000140733641,0.000153735638,0.000000000000,0.000151327488,0.000159082771,0.000000000000,0.000161391939,0.000169428457,0.000000000000,0.000089104636,0.000091145712,0.000000000000,0.000096589199,0.000096017426,0.000000000000,0.000100544935,0.000100544220,0.000000000000,0.000067540448,0.000069303443,0.000000000000,0.000073025488,0.000075494000,0.000000000000,0.000077134365,0.000079614971
399,0.000000000000,0.000423484585,0.000418527014,0.000000000000,0.000458344434,0.000439683787,0.000000000000,0.000448382693,0.000446032581,0.000000000000,0.000279866472,0.000275830176,0.000000000000,0.000292623112,0.000301933718,0.000000000000,0.000308837542,0.000295345780,0.000000000000,0.000140733641,0.000153735638,0.000000000000,0.000151327488,0.000159082771,0.000000000000,0.000161391939,0.000169428457,0.000000000000,0.000089104636,0.000091145712,0.000000000000,0.000096589199,0.000096017563,0.000000000000,0.000100544935,0.000100544220,0.000000000000,0.000067540448,0.000069312900,0.000000000000,0.000073071829,0.000075499113,0.000000000000,0.000077134365,0.000079666687
400,0.000000000000,0.000423484585,0.000418527014,0.000000000000,0.000458344434,0.000439683787,0.000000000000,0.000448382693,0.000446032581,0.000000000000,0.000279866472,0.000275830176,0.000000000000,0.000292623112,0.000301933718,0.000000000000,0.000308837542,0.000295345780,0.000000000000,0.000140733641,0.000153735638,0.000000000000,0.000151327488,0.000159099603,0.000000000000,0.000161391939,0.000169428457,0.000000000000,0.000089365247,0.000091175041,0.000000000000,0.000096589199,0.000096017563,0.000000000000,0.000100544935,0.000100554343,0.000000000000,0.000067540448,0.000069312900,0.000000000000,0.000073087770,0.000075525876,0.000000000000,0.000077134365,0.000079667586
401,0.000000000000,0.000423484585,0.000418527014,0.000000000000,0.000458344434,0.000439683787,0.000000000000,0.000448382693,0.000446032581,0.000000000000,0.000279866472,0.000275864217,0.000000000000,0.000292623112,0.000301933718,0.000000000000,0.000308837542,0.000295345780,0.000000000000,0.000140733641,0.000153735638,0.000000000000,0.000151327488,0.000159297053,0.000000000000,0.000161391939,0.000169428457,0.000000000000,0.000089365247,0.000091206361,0.000000000000,0.000096589199,0.000096049552,0.000000000000,0.000100544935,0.000100554343,0.000000000000,0.000067546386,0.000069318107,0.000000000000,0.000073087770,0.000075535946,0.000000000000,0.000077134365,0.000079670342
402,0.000000000000,0.000423484585,0.000418527014,0.000000000000,0.000458344434,0.000439683787,0.000000000000,0.000448382693,0.000446032581,0.000000000000,0.000279866472,0.000275864217,0.000000000000,0.000292623112,0.000301933718,0.000000000000,0.000308837542,0.000295345780,0.000000000000,0.000140776455,0.000153735638,0.000000000000,0.000151327488,0.000159579641,0.000000000000,0.000161391939,0.000169439459,0.000000000000,0.000089365247,0.000091213320,0.000000000000,0.000096589199,0.000096049552,0.000000000000,0.000100544935,0.000100566210,0.000000000000,0.000067546386,0.000069324469,0.000000000000,0.000073087770,0.000075535946,0.000000000000,0.000077134365,0.000079670342
403,0.000000000000,0.000423484585,0.000418527014,0.000000000000,0.000458344434,0.000439683787,0.000000000000,0.000448382693,0.000446032581,0.000000000000,0.000279866472,0.000275864217,0.000000000000,0.000292623112,0.000301933718,0.000000000000,0.000308975706,0.000295345780,0.000000000000,0.000140776455,0.000153735722,0.000000000000,0.000151327488,0.000159679425,0.000000000000,0.000161391939,0.000169440538,0.000000000000,0.000089365247,0.000091213320,0.000000000000,0.000096589199,0.000096049552,0.000000000000,0.000100544935,0.000100591609,0.000000000000,0.000067546386,0.000069429671,0.000000000000,0.000073087770,0.000075547418,0.000000000000,0.000077134365,0.000079674549
404,0.000000000000,0.000423484585,0.000418527014,0.000000000000,0.000458344434,0.000439683787,0.000000000000,0.000448382693,0.000446032581,0.000000000000,0.000279866472,0.000275864217,0.000000000000,0.000292623112,0.000301933718,0.000000000000,0.000308975706,0.000295345780,0.000000000000,0.000140782527,0.000153735722,0.000000000000,0.000151327488,0.000159679425,0.000000000000,0.000161391939,0.000169440538,0.000000000000,0.000089365247,0.000091213320,0.000000000000,0.000096589199,0.000096051638,0.000000000000,0.000100544935,0.000100597678,0.000000000000,0.000067546386,0.000069448760,0.000000000000,0.000073087770,0.000075553789,0.000000000000,0.000077134365,0.000079691502
405,0.000000000000,0.000423484585,0.000418527014,0.000000000000,0.000458344434,0.000439683787,0.000000000000,0.000448382693,0.000446032581,0.000000000000,0.000279866472,0.000275864217,0.000000000000,0.000292623112,0.000302330470,0.000000000000,0.000308975706,0.000295345780,0.000000000000,0.000140782527,0.000153745435,0.000000000000,0.000151327488,0.000159686265,0.000000000000,0.000161391939,0.000169440538,0.000000000000,0.000089365247,0.000091219196,0.000000000000,0.000096589199,0.000096051638,0.000000000000,0.000100544935,0.000100631424,0.000000000000,0.000067546386,0.000069479016,0.000000000000,0.000073087770,0.000075670054,0.000000000000,0.000077134365,0.000079696338
406,0.000000000000,0.000423484585,0.000418527014,0.000000000000,0.000458344434,0.000439683787,0.000000000000,0.000448382693,0.000446032581,0.000000000000,0.000279866472,0.000276051389,0.000000000000,0.000292623112,0.000302330470,0.000000000000,0.000308975706,0.000295345780,0.000000000000,0.000140782527,0.000153745435,0.000000000000,0.000151327488,0.000159688829,0.000000000000,0.000161391939,0.000169537212,0.000000000000,0.000089365247,0.000091225512,0.000000000000,0.000096589199,0.000096052824,0.000000000000,0.000100544935,0.000100631424,0.000000000000,0.000067546386,0.000069564832,0.000000000000,0.000073087770,0.000075698305,0.000000000000,0.000077134365,0.000079696338
407,0.000000000000,0.000423484585,0.000418527014,0.000000000000,0.000458344434,0.000439683787,0.000000000000,0.000448382693,0.000446032581,0.000000000000,0.000279866472,0.000276051389,0.000000000000,0.000292623112,0.000302330470,0.000000000000,0.000308975706,0.000295345780,0.000000000000,0.000140801228,0.000153745435,0.000000000000,0.000151327488,0.000159688829,0.000000000000,0.000161391939,0.000169537212,0.000000000000,0.000089365247,0.000091230307,0.000000000000,0.000096589199,0.000096052824,0.000000000000,0.000100544935,0.000100631424,0.000000000000,0.000067546386,0.000069607520,0.000000000000,0.000073087770,0.000075714679,0.000000000000,0.000077139223,0.000079762345
408,0.000000000000,0.000423484585,0.000418527014,0.000000000000,0.000458344434,0.000439683787,0.000000000000,0.000448382693,0.000446032581,0.000000000000,0.000279866472,0.000276051389,0.000000000000,0.000292623112,0.000302330470,0.000000000000,0.000308975706,0.000295345780,0.000000000000,0.000140801228,0.000153769997,0.000000000000,0.000151327488,0.000159688829,0.000000000000,0.000161391939,0.000169537212,0.000000000000,0.000089365247,0.000091230307,0.000000000000,0.000096589199,0.000096052824,0.000000000000,0.000100544935,0.000100633966,0.000000000000,0.000067550208,0.000069607520,0.000000000000,0.000073092473,0.000075836170,0.000000000000,0.000077142267,0.000079762345
409,0.000000000000,0.000423484585,0.000418527014,0.000000000000,0.000458344434,0.000439683787,0.000000000000,0.000448382693,0.000446032581,0.000000000000,0.000279866472,0.000276051389,0.000000000000,0.000292623112,0.000302330470,0.000000000000,0.000308975706,0.000295425699,0.000000000000,0.000140801228,0.000153806769,0.000000000000,0.000151327488,0.000159688829,0.000000000000,0.000161391939,0.000169537212,0.000000000000,0.000089365247,0.000091268285,0.000000000000,0.000096589199,0.000096052824,0.000000000000,0.000100544935,0.000100636026,0.000000000000,0.000067599113,0.000069622033,0.000000000000,0.000073092473,0.000075836170,0.000000000000,0.000077142267,0.000079763350
410,0.000000000000,0.000423484585,0.000418527014,0.000000000000,0.000458344434,0.000439683787,0.000000000000,0.000448382693,0.000446032581,0.000000000000,0.000279866472,0.000276051389,0.000000000000,0.000292623112,0.000302330470,0.000000000000,0.000308975706,0.000295425699,0.000000000000,0.000140947259,0.000153806769,0.000000000000,0.000151327488,0.000159688829,0.000000000000,0.000161391939,0.000169537212,0.000000000000,0.000089369579,0.000091295988,0.000000000000,0.000096589199,0.000096052824,0.000000000000,0.000100544935,0.000100636026,0.000000000000,0.000067599113,0.000069653917,0.000000000000,0.000073092473,0.000075882811,0.000000000000,0.000077142267,0.000079769918
411,0.000000000000,0.000423484585,0.000418527014,0.000000000000,0.000458344434,0.000439683787,0.000000000000,0.000448382693,0.000446032581,0.000000000000,0.000279866472,0.000276051389,0.000000000000,0.000292623112,0.000302330470,0.000000000000,0.000308975706,0.000295425699,0.000000000000,0.000140947259,0.000153806769,0.000000000000,0.000151327488,0.000159688829,0.000000000000,0.000161391939,0.000169542038,0.000000000000,0.000089369579,0.000091324682,0.000000000000,0.000096589199,0.000096052824,0.000000000000,0.000100544935,0.000100636026,0.000000000000,0.000067599113,0.000069657987,0.000000000000,0.000073092473,0.000075905300,0.000000000000,0.000077142726,0.000079769918
412,0.000000000000,0.000423484585,0.000418527014,0.000000000000,0.000458344434,0.000439683787,0.000000000000,0.000448382693,0.000446032581,0.000000000000,0.000279866472,0.000276051389,0.000000000000,0.000292623112,0.000302342172,0.000000000000,0.000308975706,0.000295425699,0.000000000000,0.000140947259,0.000153806769,0.000000000000,0.000151327488,0.000159688829,0.000000000000,0.000161391939,0.000169542038,0.000000000000,0.000089369579,0.000091324682,0.000000000000,0.000096589199,0.000096069199,0.000000000000,0.000100544935,0.000100636026,0.000000000000,0.000067599113,0.000069657987,0.000000000000,0.000073092473,0.000075972026,0.000000000000,0.000077145702,0.000079769918
413,0.000000000000,0.000423484585,0.000418527014,0.000000000000,0.000458344434,0.000439683787,0.000000000000,0.000448382693,0.000446032581,0.000000000000,0.000279866472,0.000276051389,0.000000000000,0.000292623112,0.000302342172,0.000000000000,0.000308975706,0.000295425699,0.000000000000,0.000140947259,0.000153806769,0.000000000000,0.000151327488,0.000159708546,0.000000000000,0.000161391939,0.000169562089,0.000000000000,0.000089369579,0.000091324682,0.000000000000,0.000096589199,0.000096069199,0.000000000000,0.000100574669,0.000100636026,0.000000000000,0.000067599113,0.000069721087,0.000000000000,0.000073092473,0.000076208740,0.000000000000,0.000077145702,0.000079769918
414,0.000000000000,0.000423484585,0.000418527014,0.000000000000,0.000458344434,0.000439683787,0.000000000000,0.000448382693,0.000446032581,0.000000000000,0.000279866472,0.000276051389,0.000000000000,0.000292623112,0.000302342172,0.000000000000,0.000308975706,0.000295425699,0.000000000000,0.000140947259,0.000153806769,0.000000000000,0.000151327488,0.000159732906,0.000000000000,0.000161391939,0.000169562089,0.000000000000,0.000089369963,0.000091324682,0.000000000000,0.000096589199,0.000096101472,0.000000000000,0.000100574669,0.000100636026,0.000000000000,0.000067599113,0.000069721183,0.000000000000,0.000073092473,0.000076214640,0.000000000000,0.000077145702,0.000079770821
415,0.000000000000,0.000423484585,0.000418527014,0.000000000000,0.000458344434,0.000439683787,0.000000000000,0.000448382693,0.000446032581,0.000000000000,0.000279866472,0.000276051389,0.000000000000,0.000292623112,0.000302342172,0.000000000000,0.000308975706,0.000295425699,0.000000000000,0.000141025490,0.000153806769,0.000000000000,0.000151327488,0.000159732906,0.000000000000,0.000161391939,0.000169562089,0.000000000000,0.000089369963,0.000091324682,0.000000000000,0.000096589199,0.000096118263,0.000000000000,0.000100574669,0.000100636026,0.000000000000,0.000067624405,0.000069721183,0.000000000000,0.000073092473,0.000076250823,0.000000000000,0.000077145702,0.000079770821
416,0.000000000000,0.000423484585,0.000418527014,0.000000000000,0.000458344434,0.000439683787,0.000000000000,0.000448382693,0.000446032581,0.000000000000,0.000279866472,0.000276051389,0.000000000000,0.000292623112,0.000302342172,0.000000000000,0.000308975706,0.000295425699,0.000000000000,0.000141025490,0.000153806769,0.000000000000,0.000151327488,0.000159732906,0.000000000000,0.000161391939,0.000169563575,0.000000000000,0.000089369963,0.000091329085,0.000000000000,0.000096595429,0.000096118263,0.000000000000,0.000100574669,0.000100636026,0.000000000000,0.000067624405,0.000069736880,0.000000000000,0.000073100292,0.000076250823,0.000000000000,0.000077145702,0.000079780508
417,0.000000000000,0.000423484585,0.000418527014,0.000000000000,0.000458344434,0.000439683787,0.000000000000,0.000448382693,0.000446032581,0.000000000000,0.000279866472,0.000276051389,0.000000000000,0.000292623112,0.000302342172,0.000000000000,0.000308975706,0.000295425699,0.000000000000,0.000141025490,0.000153806769,0.000000000000,0.000151327488,0.000159792538,0.000000000000,0.000161391939,0.000169871011,0.000000000000,0.000089369963,0.000091336928,0.000000000000,0.000096595429,0.000096144875,0.000000000000,0.000100574669,0.000100636026,0.000000000000,0.000067651405,0.000069736880,0.000000000000,0.000073100292,0.000076255803,0.000000000000,0.000077210291,0.000079788541
418,0.000000000000,0.000423484585,0.000418527014,0.000000000000,0.000458344434,0.000439683787,0.000000000000,0.000448382693,0.000446032581,0.000000000000,0.000279866472,0.000276051389,0.000000000000,0.000292623112,0.000302342172,0.000000000000,0.000308975706,0.000295425699,0.000000000000,0.000141025490,0.000153806769,0.000000000000,0.000151327488,0.000159794153,0.000000000000,0.000161418792,0.000169871011,0.000000000000,0.000089369963,0.000091336928,0.000000000000,0.000096597040,0.000096144875,0.000000000000,0.000100574669,0.000100636026,0.000000000000,0.000067651405,0.000069736880,0.000000000000,0.000073109740,0.000076255803,0.000000000000,0.000077210291,0.000079807477
419,0.000000000000,0.000423484585,0.000418527014,0.000000000000,0.000458344434,0.000439683787,0.000000000000,0.000448382693,0.000446032581,0.000000000000,0.000279866472,0.000276051389,0.000000000000,0.000292623112,0.000302342172,0.000000000000,0.000308975706,0.000295425699,0.000000000000,0.000141025490,0.000153806769,0.000000000000,0.000151327488,0.000159794153,0.000000000000,0.000161418792,0.000169871011,0.000000000000,0.000089369963,0.000091336928,0.000000000000,0.000096597040,0.000096144875,0.000000000000,0.000100574669,0.000100636026,0.000000000000,0.000067676156,0.000069807317,0.000000000000,0.000073157834,0.000076289897,0.000000000000,0.000077210291,0.000079835445
420,0.000000000000,0.000423484585,0.000418527014,0.000000000000,0.000458344434,0.000439683787,0.000000000000,0.000448382693,0.000446032581,0.000000000000,0.000279866472,0.000276051389,0.000000000000,0.000292623112,0.000302342172,0.000000000000,0.000308975706,0.000295425699,0.000000000000,0.000141025490,0.000153806769,0.000000000000,0.000151327488,0.000159794153,0.000000000000,0.000161418792,0.000169876901,0.000000000000,0.000089369963,0.000091336928,0.000000000000,0.000096597040,0.000096144875,0.000000000000,0.000100574669,0.000100636026,0.000000000000,0.000067701364,0.000069807317,0.000000000000,0.000073157834,0.000076301436,0.000000000000,0.000077210291,0.000079847677
421,0.000000000000,0.000423484585,0.000418527014,0.000000000000,0.000458344434,0.000439683787,0.000000000000,0.000448382693,0.000446032581,0.000000000000,0.000279866472,0.000276055132,0.000000000000,0.000292623112,0.000302390724,0.000000000000,0.000308975706,0.000295425699,0.000000000000,0.000141025490,0.000153849509,0.000000000000,0.000151327488,0.000159794153,0.000000000000,0.000161418792,0.000169876901,0.000000000000,0.000089369963,0.000091356925,0.000000000000,0.000096597040,0.000096144875,0.000000000000,0.000100574669,0.000100652663,0.000000000000,0.000067701364,0.000069807317,0.000000000000,0.000073157834,0.000076356372,0.000000000000,0.000077210291,0.000079849243
422,0.000000000000,0.000423484585,0.000418527014,0.000000000000,0.000458344434,0.000439683787,0.000000000000,0.000448382693,0.000446032581,0.000000000000,0.000279866472,0.000276055132,0.000000000000,0.000292623112,0.000302390724,0.000000000000,0.000308975706,0.000295425699,0.000000000000,0.000141025490,0.000153849509,0.000000000000,0.000151327488,0.000159805749,0.000000000000,0.000161418792,0.000169876901,0.000000000000,0.000089369963,0.000091356925,0.000000000000,0.000096597040,0.000096144875,0.000000000000,0.000100574669,0.000100652663,0.000000000000,0.000067701364,0.000069809131,0.000000000000,0.000073157834,0.000076382684,0.000000000000,0.000077210291,0.000079857766
423,0.000000000000,0.000423484585,0.000418527014,0.000000000000,0.000458344434,0.000439683787,0.000000000000,0.000448382693,0.000446032581,0.000000000000,0.000279866472,0.000276055132,0.000000000000,0.000292623112,0.000302390724,0.000000000000,0.000308975706,0.000295425699,0.000000000000,0.000141025490,0.000153849509,0.000000000000,0.000151327488,0.000159805749,0.000000000000,0.000161418792,0.000169876901,0.000000000000,0.000089369963,0.000091356925,0.000000000000,0.000096597040,0.000096144875,0.000000000000,0.000100591910,0.000100652663,0.000000000000,0.000067705456,0.000069809131,0.000000000000,0.000073157834,0.000076382684,0.000000000000,0.000077219520,0.000079877219
424,0.000000000000,0.000423484585,0.000418527014,0.000000000000,0.000458344434,0.000439683787,0.000000000000,0.000448382693,0.000446032581,0.000000000000,0.000279866472,0.000276079556,0.000000000000,0.000292623112,0.000302390724,0.000000000000,0.000308975706,0.000295425699,0.000000000000,0.000141025490,0.000153849509,0.000000000000,0.000151327488,0.000159848945,0.000000000000,0.000161418792,0.000169916991,0.000000000000,0.000089369963,0.000091356925,0.000000000000,0.000096597040,0.000096144875,0.000000000000,0.000100591910,0.000100652663,0.000000000000,0.000067705456,0.000069809131,0.000000000000,0.000073157834,0.000076388220,0.000000000000,0.000077219520,0.000079877219
425,0.000000000000,0.000423484585,0.000418527014,0.000000000000,0.000458344434,0.000439683787,0.000000000000,0.000448382693,0.000446032581,0.000000000000,0.000279866472,0.000276079556,0.000000000000,0.000292623112,0.000302390724,0.000000000000,0.000308975706,0.000295425699,0.000000000000,0.000141025490,0.000153849509,0.000000000000,0.000151327488,0.000159848945,0.000000000000,0.000161418792,0.000169916991,0.000000000000,0.000089369963,0.000091373485,0.000000000000,0.000096597040,0.000096144875,0.000000000000,0.000100591910,0.000100652663,0.000000000000,0.000067705456,0.000069809131,0.000000000000,0.000073157834,0.000076388220,0.000000000000,0.000077219520,0.000079877219
426,0.000000000000,0.000423484585,0.000418527014,0.000000000000,0.000458344434,0.000439683787,0.000000000000,0.000448382693,0.000446032581,0.000000000000,0.000279866472,0.000276144263,0.000000000000,0.000292623112,0.000302390724,0.000000000000,0.000308975706,0.000295425699,0.000000000000,0.000141025490,0.000153849509,0.000000000000,0.000151327488,0.000159866785,0.000000000000,0.000161418792,0.000169916991,0.000000000000,0.000089369963,0.000091381855,0.000000000000,0.000096597040,0.000096144875,0.000000000000,0.000100591910,0.000100652663,0.000000000000,0.000067705456,0.000069810608,0.000000000000,0.000073157834,0.000076390237,0.000000000000,0.000077220861,0.000079877219
427,0.000000000000,0.000423484585,0.000418527014,0.000000000000,0.000458344434,0.000439683787,0.000000000000,0.000448382693,0.000446032581,0.000000000000,0.000279866472,0.000276277158,0.000000000000,0.000292623112,0.000302390724,0.000000000000,0.000308975706,0.000295425699,0.000000000000,0.000141025490,0.000153849509,0.000000000000,0.000151327488,0.000159866785,0.000000000000,0.000161421575,0.000169916991,0.000000000000,0.000089402557,0.000091389665,0.000000000000,0.000096597040,0.000096144875,0.000000000000,0.000100591910,0.000100652663,0.000000000000,0.000067705456,0.000069848537,0.000000000000,0.000073157834,0.000076390237,0.000000000000,0.000077242862,0.000079877219
428,0.000000000000,0.000423484585,0.000418527014,0.000000000000,0.000458344434,0.000439683787,0.000000000000,0.000448382693,0.000446032581,0.000000000000,0.000279866472,0.000276277158,0.000000000000,0.000292623112,0.000302480396,0.000000000000,0.000308975706,0.000295425699,0.000000000000,0.000141025490,0.000153849509,0.000000000000,0.000151327488,0.000159921198,0.000000000000,0.000161421575,0.000169916991,0.000000000000,0.000089402557,0.000091396128,0.000000000000,0.000096597040,0.000096144875,0.000000000000,0.000100591910,0.000100652663,0.000000000000,0.000067705456,0.000069852584,0.000000000000,0.000073160502,0.000076436820,0.000000000000,0.000077242862,0.000079902535
429,0.000000000000,0.000423484585,0.000418527014,0.000000000000,0.000458344434,0.000439683787,0.000000000000,0.000448382693,0.000446032581,0.000000000000,0.000279866472,0.000276301706,0.000000000000,0.000292623112,0.000302489724,0.000000000000,0.000308975706,0.000295425699,0.000000000000,0.000141025490,0.000153849509,0.000000000000,0.000151327488,0.000159921198,0.000000000000,0.000161423535,0.000169916991,0.000000000000,0.000089402557,0.000091396128,0.000000000000,0.000096597040,0.000096144875,0.000000000000,0.000100591910,0.000100652663,0.000000000000,0.000067705456,0.000069852584,0.000000000000,0.000073160502,0.000076438910,0.000000000000,0.000077242862,0.000079915066
430,0.000000000000,0.000423484585,0.000418527014,0.000000000000,0.000458344434,0.000439683787,0.000000000000,0.000448382693,0.000446032581,0.000000000000,0.000279866472,0.000276301706,0.000000000000,0.000292623112,0.000302489724,0.000000000000,0.000308975706,0.000295425699,0.000000000000,0.000141025490,0.000153849509,0.000000000000,0.000151327488,0.000159921198,0.000000000000,0.000161423535,0.000169934752,0.000000000000,0.000089402557,0.000091396128,0.000000000000,0.000096597040,0.000096144875,0.000000000000,0.000100591910,0.000100652797,0.000000000000,0.000067705456,0.000069914678,0.000000000000,0.000073178654,0.000076440750,0.000000000000,0.000077242862,0.000079915066
431,0.000000000000,0.000423484585,0.000418527014,0.000000000000,0.000458344434,0.000439683787,0.000000000000,0.000448382693,0.000446032581,0.000000000000,0.000279866472,0.000276424401,0.000000000000,0.000292623112,0.000302489724,0.000000000000,0.000308975706,0.000295425699,0.000000000000,0.000141025490,0.000153852812,0.000000000000,0.000151327488,0.000159921198,0.000000000000,0.000161423535,0.000169934752,0.000000000000,0.000089402557,0.000091396128,0.000000000000,0.000096597040,0.000096144875,0.000000000000,0.000100591910,0.000100652797,0.000000000000,0.000067705456,0.000069942124,0.000000000000,0.000073182646,0.000076442901,0.000000000000,0.000077242862,0.000079996233
432,0.000000000000,0.000423484585,0.000418527014,0.000000000000,0.000458344434,0.000439683787,0.000000000000,0.000448382693,0.000446032581,0.000000000000,0.000279866472,0.000276424401,0.000000000000,0.000292623112,0.000302575599,0.000000000000,0.000308975706,0.000295425699,0.000000000000,0.000141025490,0.000153852812,0.000000000000,0.000151327488,0.000159921198,0.000000000000,0.000161486363,0.000169941582,0.000000000000,0.000089402557,0.000091396128,0.000000000000,0.000096597040,0.000096144875,0.000000000000,0.000100591910,0.000100745520,0.000000000000,0.000067705456,0.000069972823,0.000000000000,0.000073182646,0.000076448540,0.000000000000,0.000077242862,0.000079996276
433,0.000000000000,0.000423484585,0.000418527014,0.000000000000,0.000458344434,0.000439683787,0.000000000000,0.000448382693,0.000446032581,0.000000000000,0.000279866472,0.000276424401,0.000000000000,0.000292623112,0.000302575599,0.000000000000,0.000308975706,0.000295425699,0.000000000000,0.000141025490,0.000153852812,0.000000000000,0.000151327488,0.000159921198,0.000000000000,0.000161486363,0.000169941582,0.000000000000,0.000089402557,0.000091396128,0.000000000000,0.000096597040,0.000096144875,0.000000000000,0.000100591910,0.000100745520,0.000000000000,0.000067705456,0.000069983747,0.000000000000,0.000073185567,0.000076460299,0.000000000000,0.000077260164,0.000080001461
434,0.000000000000,0.000423484585,0.000418527014,0.000000000000,0.000458344434,0.000439683787,0.000000000000,0.000448382693,0.000446032581,0.000000000000,0.000279866472,0.000276424401,0.000000000000,0.000292623112,0.000302575599,0.000000000000,0.000308975706,0.000295425699,0.000000000000,0.000141025490,0.000153852812,0.000000000000,0.000151327488,0.000159921752,0.000000000000,0.000161486363,0.000169941582,0.000000000000,0.000089402557,0.000091396128,0.000000000000,0.000096597040,0.000096144875,0.000000000000,0.000100591910,0.000100748070,0.000000000000,0.000067705456,0.000069992209,0.000000000000,0.000073190587,0.000076460299,0.000000000000,0.000077260164,0.000080001461
435,0.000000000000,0.000423484585,0.000418527014,0.000000000000,0.000458344434,0.000439683787,0.000000000000,0.000448382693,0.000446032581,0.000000000000,0.000279866472,0.000276424401,0.000000000000,0.000292623112,0.000302575599,0.000000000000,0.000308975706,0.000295425699,0.000000000000,0.000141025490,0.000153852812,0.000000000000,0.000151327488,0.000159921752,0.000000000000,0.000161486363,0.000169946864,0.000000000000,0.000089402557,0.000091559783,0.000000000000,0.000096597040,0.000096171999,0.000000000000,0.000100591910,0.000100808161,0.000000000000,0.000067705456,0.000070022902,0.000000000000,0.000073190587,0.000076460299,0.000000000000,0.000077280710,0.000080016519
436,0.000000000000,0.000423484585,0.000418527014,0.000000000000,0.000458344434,0.000439683787,0.000000000000,0.000448382693,0.000446032581,0.000000000000,0.000279866472,0.000276424401,0.000000000000,0.000292623112,0.000302575599,0.000000000000,0.000308975706,0.000295425699,0.000000000000,0.000141025490,0.000153852812,0.000000000000,0.000151327488,0.000159921752,0.000000000000,0.000161486363,0.000169947894,0.000000000000,0.000089402557,0.000091560496,0.000000000000,0.000096597040,0.000096171999,0.000000000000,0.000100591910,0.000100879624,0.000000000000,0.000067737294,0.000070022902,0.000000000000,0.000073190587,0.000076489803,0.000000000000,0.000077298527,0.000080037144
437,0.000000000000,0.000423484585,0.000418527014,0.000000000000,0.000458344434,0.000439683787,0.000000000000,0.000448382693,0.000446032581,0.000000000000,0.000279866472,0.000276424401,0.000000000000,0.000292623112,0.000302575599,0.000000000000,0.000308975706,0.000295425699,0.000000000000,0.000141025490,0.000153852812,0.000000000000,0.000151327488,0.000159921752,0.000000000000,0.000161486363,0.000169974854,0.000000000000,0.000089402557,0.000091560496,0.000000000000,0.000096597040,0.000096193527,0.000000000000,0.000100591910,0.000100879624,0.000000000000,0.000067737294,0.000070057035,0.000000000000,0.000073190587,0.000076489803,0.000000000000,0.000077298527,0.000080038311
438,0.000000000000,0.000423484585,0.000418527014,0.000000000000,0.000458344434,0.000439683787,0.000000000000,0.000448382693,0.000446032581,0.000000000000,0.000279866472,0.000276424401,0.000000000000,0.000292623112,0.000302575599,0.000000000000,0.000308975706,0.000295425699,0.000000000000,0.000141025490,0.000153852812,0.000000000000,0.000151327488,0.000159947613,0.000000000000,0.000161486363,0.000169974854,0.000000000000,0.000089402557,0.000091560496,0.000000000000,0.000096597040,0.000096195681,0.000000000000,0.000100591910,0.000100885938,0.000000000000,0.000067737294,0.000070057035,0.000000000000,0.000073190587,0.000076491987,0.000000000000,0.000077298527,0.000080038311
439,0.000000000000,0.000423484585,0.000418527014,0.000000000000,0.000458344434,0.000439683787,0.000000000000,0.000448382693,0.000446032581,0.000000000000,0.000279866472,0.000276424401,0.000000000000,0.000292623112,0.000302575599,0.000000000000,0.000308975706,0.000295425699,0.000000000000,0.000141025490,0.000153869592,0.000000000000,0.000151327488,0.000159947613,0.000000000000,0.000161486363,0.000169974854,0.000000000000,0.000089402557,0.000091759229,0.000000000000,0.000096597040,0.000096195681,0.000000000000,0.000100591910,0.000100885938,0.000000000000,0.000067742256,0.000070060943,0.000000000000,0.000073190587,0.000076491987,0.000000000000,0.000077298527,0.000080049366
440,0.000000000000,0.000423484585,0.000418527014,0.000000000000,0.000458344434,0.000439683787,0.000000000000,0.000448382693,0.000446032581,0.000000000000,0.000279866472,0.000276424401,0.000000000000,0.000292623112,0.000302575599,0.000000000000,0.000308975706,0.000295425699,0.000000000000,0.000141025490,0.000153869592,0.000000000000,0.000151327488,0.000159947613,0.000000000000,0.000161526629,0.000169974854,0.000000000000,0.000089499368,0.000091785168,0.000000000000,0.000096597040,0.000096224410,0.000000000000,0.000100591910,0.000100885938,0.000000000000,0.000067742256,0.000070060943,0.000000000000,0.000073190587,0.000076491987,0.000000000000,0.000077298527,0.000080070170
441,0.000000000000,0.000423484585,0.000418527014,0.000000000000,0.000458344434,0.000439683787,0.000000000000,0.000448382693,0.000446032581,0.000000000000,0.000279866472,0.000276424401,0.000000000000,0.000292623112,0.000302575599,0.000000000000,0.000308975706,0.000295425699,0.000000000000,0.000141025490,0.000153869592,0.000000000000,0.000151327488,0.000159947613,0.000000000000,0.000161526629,0.000169974854,0.000000000000,0.000089499368,0.000091785168,0.000000000000,0.000096597040,0.000096240673,0.000000000000,0.000100591910,0.000100885938,0.000000000000,0.000067742771,0.000070060943,0.000000000000,0.000073190587,0.000076491987,0.000000000000,0.000077298527,0.000080105011
442,0.000000000000,0.000423484585,0.000418527014,0.000000000000,0.000458344434,0.000439683787,0.000000000000,0.000448382693,0.000446032581,0.000000000000,0.000279866472,0.000276773068,0.000000000000,0.000292623112,0.000302661563,0.000000000000,0.000308975706,0.000295425699,0.000000000000,0.000141025490,0.000153906648,0.000000000000,0.000151327488,0.000159947613,0.000000000000,0.000161526629,0.000169974854,0.000000000000,0.000089499368,0.000091830819,0.000000000000,0.000096597040,0.000096326149,0.000000000000,0.000100591910,0.000100885938,0.000000000000,0.000067742771,0.000070060943,0.000000000000,0.000073193800,0.000076491987,0.000000000000,0.000077298527,0.000080155137
443,0.000000000000,0.000423484585,0.000418527014,0.000000000000,0.000458344434,0.000439683787,0.000000000000,0.000448382693,0.000446032581,0.000000000000,0.000279866472,0.000276773068,0.000000000000,0.000292623112,0.000302661563,0.000000000000,0.000308975706,0.000295425699,0.000000000000,0.000141025490,0.000153906883,0.000000000000,0.000151327488,0.000159947613,0.000000000000,0.000161526629,0.000169996412,0.000000000000,0.000089499368,0.000091831488,0.000000000000,0.000096597040,0.000096326149,0.000000000000,0.000100591910,0.000100885938,0.000000000000,0.000067742771,0.000070060943,0.000000000000,0.000073194884,0.000076491987,0.000000000000,0.000077298527,0.000080165198
444,0.000000000000,0.000423484585,0.000418527014,0.000000000000,0.000458344434,0.000439683787,0.000000000000,0.000448382693,0.000446032581,0.000000000000,0.000279866472,0.000276773068,0.000000000000,0.000292623112,0.000302661563,0.000000000000,0.000308975706,0.000295425699,0.000000000000,0.000141025490,0.000153906883,0.000000000000,0.000151327488,0.000159947613,0.000000000000,0.000161526629,0.000169996412,0.000000000000,0.000089499368,0.000091831488,0.000000000000,0.000096646305,0.000096326149,0.000000000000,0.000100591910,0.000100885938,0.000000000000,0.000067742771,0.000070060943,0.000000000000,0.000073194884,0.000076491987,0.000000000000,0.000077298527,0.000080172172
445,0.000000000000,0.000423484585,0.000418527014,0.000000000000,0.000458344434,0.000439683787,0.000000000000,0.000448382693,0.000446032581,0.000000000000,0.000279866472,0.000276773068,0.000000000000,0.000292623112,0.000303151673,0.000000000000,0.000308975706,0.000295425699,0.000000000000,0.000141025490,0.000153906883,0.000000000000,0.000151327488,0.000159947613,0.000000000000,0.000161577981,0.000169996412,0.000000000000,0.000089499368,0.000091925134,0.000000000000,0.000096667902,0.000096326149,0.000000000000,0.000100591910,0.000100885938,0.000000000000,0.000067837627,0.000070060943,0.000000000000,0.000073194884,0.000076491987,0.000000000000,0.000077298527,0.000080172172
446,0.000000000000,0.000423484585,0.000418527014,0.000000000000,0.000458344434,0.000439683787,0.000000000000,0.000448382693,0.000446032581,0.000000000000,0.000279866472,0.000276937242,0.000000000000,0.000292623112,0.000303151673,0.000000000000,0.000308975706,0.000295425699,0.000000000000,0.000141025490,0.000153906883,0.000000000000,0.000151327488,0.000159947613,0.000000000000,0.000161577981,0.000170013545,0.000000000000,0.000089499368,0.000091925134,0.000000000000,0.000096667902,0.000096326149,0.000000000000,0.000100591910,0.000100885938,0.000000000000,0.000067837627,0.000070061172,0.000000000000,0.000073194884,0.000076491987,0.000000000000,0.000077298527,0.000080176494
447,0.000000000000,0.000423484585,0.000418527014,0.000000000000,0.000458344434,0.000439683787,0.000000000000,0.000448382693,0.000446032581,0.000000000000,0.000279866472,0.000276937242,0.000000000000,0.000292623112,0.000303151673,0.000000000000,0.000308975706,0.000295425699,0.000000000000,0.000141025490,0.000153906883,0.000000000000,0.000151327488,0.000159947613,0.000000000000,0.000161577981,0.000170013545,0.000000000000,0.000089499368,0.000092001542,0.000000000000,0.000096742466,0.000096333526,0.000000000000,0.000100591910,0.000100885938,0.000000000000,0.000067854777,0.000070062652,0.000000000000,0.000073194884,0.000076491987,0.000000000000,0.000077298527,0.000080213924
448,0.000000000000,0.000423484585,0.000418527014,0.000000000000,0.000458344434,0.000439683787,0.000000000000,0.000448382693,0.000446032581,0.000000000000,0.000279866472,0.000276937242,0.000000000000,0.000292623112,0.000303179849,0.000000000000,0.000308975706,0.000295425699,0.000000000000,0.000141025490,0.000153906883,0.000000000000,0.000151327488,0.000160003274,0.000000000000,0.000161577981,0.000170013545,0.000000000000,0.000089499368,0.000092001542,0.000000000000,0.000096742466,0.000096333526,0.000000000000,0.000100591910,0.000100885938,0.000000000000,0.000067854777,0.000070062652,0.000000000000,0.000073194884,0.000076491987,0.000000000000,0.000077298527,0.000080218026
449,0.000000000000,0.000423484585,0.000418527014,0.000000000000,0.000458344434,0.000439683787,0.000000000000,0.000448382693,0.000446032581,0.000000000000,0.000279866472,0.000276937242,0.000000000000,0.000292623112,0.000303179849,0.000000000000,0.000308975706,0.000295425699,0.000000000000,0.000141025490,0.000153906883,0.000000000000,0.000151327488,0.000160007967,0.000000000000,0.000161577981,0.000170013545,0.000000000000,0.000089499368,0.000092001542,0.000000000000,0.000096742466,0.000096393251,0.000000000000,0.000100591910,0.000100885938,0.000000000000,0.000067854777,0.000070093026,0.000000000000,0.000073194884,0.000076491987,0.000000000000,0.000077298527,0.000080218026
450,0.000000000000,0.000423484585,0.000418527014,0.000000000000,0.000458344434,0.000439683787,0.000000000000,0.000448382693,0.000446032581,0.000000000000,0.000279866472,0.000276937242,0.000000000000,0.000292623112,0.000303339309,0.000000000000,0.000308975706,0.000295425699,0.000000000000,0.000141025490,0.000153906883,0.000000000000,0.000151327488,0.000160007967,0.000000000000,0.000161577981,0.000170013545,0.000000000000,0.000089499368,0.000092033348,0.000000000000,0.000096742466,0.000096393251,0.000000000000,0.000100591910,0.000100885938,0.000000000000,0.000067854777,0.000070093026,0.000000000000,0.000073194884,0.000076540642,0.000000000000,0.000077494443,0.000080218026
451,0.000000000000,0.000423484585,0.000418527014,0.000000000000,0.000458344434,0.000439683787,0.000000000000,0.000448382693,0.000446032581,0.000000000000,0.000279866472,0.000276937242,0.000000000000,0.000292623112,0.000303339309,0.000000000000,0.000308975706,0.000295425699,0.000000000000,0.000141025490,0.000153906883,0.000000000000,0.000151327488,0.000160029445,0.000000000000,0.000161591249,0.000170013545,0.000000000000,0.000089499368,0.000092037641,0.000000000000,0.000096742466,0.000096445018,0.000000000000,0.000100591910,0.000100885938,0.000000000000,0.000067865475,0.000070093026,0.000000000000,0.000073194884,0.000076540642,0.000000000000,0.000077494443,0.000080218026
452,0.000000000000,0.000423484585,0.000418527014,0.000000000000,0.000458344434,0.000439683787,0.000000000000,0.000448382693,0.000446032581,0.000000000000,0.000279866472,0.000277143811,0.000000000000,0.000292623112,0.000303339309,0.000000000000,0.000308975706,0.000295425699,0.000000000000,0.000141025490,0.000153906883,0.000000000000,0.000151327488,0.000160029445,0.000000000000,0.000161591249,0.000170013545,0.000000000000,0.000089499368,0.000092037641,0.000000000000,0.000096742466,0.000096445702,0.000000000000,0.000100591910,0.000100885938,0.000000000000,0.000067865475,0.000070103822,0.000000000000,0.000073194884,0.000076728874,0.000000000000,0.000077494443,0.000080218026
453,0.000000000000,0.000423484585,0.000418527014,0.000000000000,0.000458344434,0.000439683787,0.000000000000,0.000448382693,0.000446032581,0.000000000000,0.000279866472,0.000277143811,0.000000000000,0.000292655719,0.000303452049,0.000000000000,0.000308975706,0.000295425699,0.000000000000,0.000141025490,0.000153906883,0.000000000000,0.000151327488,0.000160029445,0.000000000000,0.000161591249,0.000170013545,0.000000000000,0.000089499368,0.000092037641,0.000000000000,0.000096742466,0.000096445702,0.000000000000,0.000100592973,0.000100885938,0.000000000000,0.000067865475,0.000070103822,0.000000000000,0.000073194884,0.000076730596,0.000000000000,0.000077494443,0.000080238462
454,0.000000000000,0.000423484585,0.000418527014,0.000000000000,0.000458344434,0.000439683787,0.000000000000,0.000448382693,0.000446032581,0.000000000000,0.000279866472,0.000277143811,0.000000000000,0.000292655719,0.000303452049,0.000000000000,0.000308975706,0.000295425699,0.000000000000,0.000141025490,0.000153906883,0.000000000000,0.000151327488,0.000160029445,0.000000000000,0.000161591249,0.000170025284,0.000000000000,0.000089499368,0.000092105123,0.000000000000,0.000096742466,0.000096445702,0.000000000000,0.000100614521,0.000100885938,0.000000000000,0.000067865475,0.000070103822,0.000000000000,0.000073194884,0.000076730596,0.000000000000,0.000077502679,0.000080251109
455,0.000000000000,0.000423484585,0.000418527014,0.000000000000,0.000458344434,0.000439683787,0.000000000000,0.000448382693,0.000446032581,0.000000000000,0.000279866472,0.000277143811,0.000000000000,0.000292655719,0.000303452049,0.000000000000,0.000308975706,0.000295425699,0.000000000000,0.000141025490,0.000153906883,0.000000000000,0.000151327488,0.000160029445,0.000000000000,0.000161591249,0.000170025284,0.000000000000,0.000089499368,0.000092105123,0.000000000000,0.000096742466,0.000096473590,0.000000000000,0.000100622913,0.000100887313,0.000000000000,0.000067867328,0.000070103822,0.000000000000,0.000073194884,0.000076730596,0.000000000000,0.000077506636,0.000080251109
456,0.000000000000,0.000423484585,0.000418527014,0.000000000000,0.000458344434,0.000439683787,0.000000000000,0.000448382693,0.000446032581,0.000000000000,0.000279866472,0.000277143811,0.000000000000,0.000292655719,0.000303452049,0.000000000000,0.000308975706,0.000295425699,0.000000000000,0.000141025490,0.000153938746,0.000000000000,0.000151327488,0.000160029816,0.000000000000,0.000161591249,0.000170051511,0.000000000000,0.000089499368,0.000092105123,0.000000000000,0.000096742466,0.000096473590,0.000000000000,0.000100622913,0.000100887313,0.000000000000,0.000067911854,0.000070103822,0.000000000000,0.000073194884,0.000076730596,0.000000000000,0.000077506636,0.000080251546
457,0.000000000000,0.000423484585,0.000418527014,0.000000000000,0.000458344434,0.000439683787,0.000000000000,0.000448382693,0.000446032581,0.000000000000,0.000279866472,0.000277143811,0.000000000000,0.000292655719,0.000303452049,0.000000000000,0.000308975706,0.000295425699,0.000000000000,0.000141025490,0.000153941150,0.000000000000,0.000151327488,0.000160088939,0.000000000000,0.000161591249,0.000170051511,0.000000000000,0.000089511556,0.000092105123,0.000000000000,0.000096792036,0.000096473590,0.000000000000,0.000100622913,0.000100887313,0.000000000000,0.000067911854,0.000070103822,0.000000000000,0.000073194884,0.000076730596,0.000000000000,0.000077506636,0.000080268959
458,0.000000000000,0.000423484585,0.000418527014,0.000000000000,0.000458344434,0.000439683787,0.000000000000,0.000448382693,0.000446032581,0.000000000000,0.000279866472,0.000277143811,0.000000000000,0.000292655719,0.000303452049,0.000000000000,0.000308975706,0.000295425699,0.000000000000,0.000141025490,0.000153941150,0.000000000000,0.000151327488,0.000160150941,0.000000000000,0.000161591249,0.000170051511,0.000000000000,0.000089511556,0.000092105123,0.000000000000,0.000096825795,0.000096473590,0.000000000000,0.000100622913,0.000100887313,0.000000000000,0.000067911854,0.000070103822,0.000000000000,0.000073194884,0.000076739129,0.000000000000,0.000077506636,0.000080268959
459,0.000000000000,0.000423484585,0.000418527014,0.000000000000,0.000458344434,0.000439683787,0.000000000000,0.000448382693,0.000446032581,0.000000000000,0.000279866472,0.000277143811,0.000000000000,0.000292655719,0.000303452049,0.000000000000,0.000308975706,0.000295425699,0.000000000000,0.000141025490,0.000153941150,0.000000000000,0.000151327488,0.000160150941,0.000000000000,0.000161591249,0.000170051511,0.000000000000,0.000089511556,0.000092144017,0.000000000000,0.000096825795,0.000096473590,0.000000000000,0.000100622913,0.000100909579,0.000000000000,0.000067911854,0.000070131886,0.000000000000,0.000073194884,0.000076747329,0.000000000000,0.000077506636,0.000080268959
460,0.000000000000,0.000423484585,0.000418527014,0.000000000000,0.000458344434,0.000439683787,0.000000000000,0.000448382693,0.000446032581,0.000000000000,0.000279866472,0.000277413234,0.000000000000,0.000292655719,0.000303452049,0.000000000000,0.000308975706,0.000295425699,0.000000000000,0.000141025490,0.000153941150,0.000000000000,0.000151327488,0.000160172308,0.000000000000,0.000161591249,0.000170051511,0.000000000000,0.000089511556,0.000092144017,0.000000000000,0.000096832595,0.000096473590,0.000000000000,0.000100622913,0.000100931654,0.000000000000,0.000067911854,0.000070131886,0.000000000000,0.000073194884,0.000076747329,0.000000000000,0.000077510671,0.000080268959
461,0.000000000000,0.000423484585,0.000418527014,0.000000000000,0.000458344434,0.000439683787,0.000000000000,0.000448382693,0.000446032581,0.000000000000,0.000279866472,0.000277413234,0.000000000000,0.000292655719,0.000303452049,0.000000000000,0.000308975706,0.000295425699,0.000000000000,0.000141025490,0.000153941150,0.000000000000,0.000151327488,0.000160172308,0.000000000000,0.000161591249,0.000170051511,0.000000000000,0.000089511556,0.000092146326,0.000000000000,0.000096832595,0.000096473590,0.000000000000,0.000100622913,0.000100931654,0.000000000000,0.000067911854,0.000070136037,0.000000000000,0.000073198283,0.000076747329,0.000000000000,0.000077616468,0.000080268959
462,0.000000000000,0.000423484585,0.000418527014,0.000000000000,0.000458344434,0.000439683787,0.000000000000,0.000448382693,0.000446032581,0.000000000000,0.000279866472,0.000277413234,0.000000000000,0.000292655719,0.000303452049,0.000000000000,0.000308975706,0.000295425699,0.000000000000,0.000141025490,0.000153941150,0.000000000000,0.000151327488,0.000160172308,0.000000000000,0.000161591249,0.000170051511,0.000000000000,0.000089511556,0.000092148901,0.000000000000,0.000096832595,0.000096473590,0.000000000000,0.000100622913,0.000100931654,0.000000000000,0.000067911854,0.000070156821,0.000000000000,0.000073198283,0.000076747329,0.000000000000,0.000077616468,0.000080268959
463,0.000000000000,0.000423484585,0.000418527014,0.000000000000,0.000458344434,0.000439683787,0.000000000000,0.000448382693,0.000446032581,0.000000000000,0.000279866472,0.000277413234,0.000000000000,0.000292655719,0.000303452049,0.000000000000,0.000308975706,0.000295425699,0.000000000000,0.000141025490,0.000153945487,0.000000000000,0.000151327488,0.000160172308,0.000000000000,0.000161591249,0.000170051511,0.000000000000,0.000089511556,0.000092148901,0.000000000000,0.000096832595,0.000096473590,0.000000000000,0.000100622913,0.000100931654,0.000000000000,0.000067911854,0.000070282947,0.000000000000,0.000073201195,0.000076747329,0.000000000000,0.000077616468,0.000080268959
464,0.000000000000,0.000423484585,0.000418527014,0.000000000000,0.000458344434,0.000439683787,0.000000000000,0.000448382693,0.000446032581,0.000000000000,0.000279866472,0.000277413234,0.000000000000,0.000292655719,0.000303452049,0.000000000000,0.000308975706,0.000295425699,0.000000000000,0.000141025490,0.000153945487,0.000000000000,0.000151327488,0.000160194164,0.000000000000,0.000161591249,0.000170051511,0.000000000000,0.000089511556,0.000092321402,0.000000000000,0.000096832595,0.000096484899,0.000000000000,0.000100622913,0.000100931654,0.000000000000,0.000067911854,0.000070282947,0.000000000000,0.000073201195,0.000076747329,0.000000000000,0.000077616468,0.000080348544
465,0.000000000000,0.000423484585,0.000418527014,0.000000000000,0.000458344434,0.000439683787,0.000000000000,0.000448382693,0.000446032581,0.000000000000,0.000279866472,0.000277413234,0.000000000000,0.000292655719,0.000303452049,0.000000000000,0.000308975706,0.000295425699,0.000000000000,0.000141025490,0.000153945487,0.000000000000,0.000151327488,0.000160194164,0.000000000000,0.000161591249,0.000170051511,0.000000000000,0.000089511556,0.000092339111,0.000000000000,0.000096832595,0.000096487841,0.000000000000,0.000100622913,0.000100931654,0.000000000000,0.000067911854,0.000070282947,0.000000000000,0.000073201195,0.000076752449,0.000000000000,0.000077616468,0.000080402303
466,0.000000000000,0.000423484585,0.000418527014,0.000000000000,0.000458344434,0.000439683787,0.000000000000,0.000448382693,0.000446032581,0.000000000000,0.000279866472,0.000277413234,0.000000000000,0.000292655719,0.000303452049,0.000000000000,0.000308975706,0.000295425699,0.000000000000,0.000141025490,0.000153951481,0.000000000000,0.000151327488,0.000160194164,0.000000000000,0.000161591249,0.000170051511,0.000000000000,0.000089511556,0.000092339111,0.000000000000,0.000096832595,0.000096487841,0.000000000000,0.000100622913,0.000100931654,0.000000000000,0.000067959964,0.000070293207,0.000000000000,0.000073201195,0.000076752449,0.000000000000,0.000077616468,0.000080434617
467,0.000000000000,0.000423484585,0.000418527014,0.000000000000,0.000458344434,0.000439683787,0.000000000000,0.000448382693,0.000446032581,0.000000000000,0.000279866472,0.000277413234,0.000000000000,0.000292655719,0.000303452049,0.000000000000,0.000308975706,0.000295425699,0.000000000000,0.000141025490,0.000153951481,0.000000000000,0.000151327488,0.000160194164,0.000000000000,0.000161632974,0.000170051511,0.000000000000,0.000089511556,0.000092349363,0.000000000000,0.000096832595,0.000096487841,0.000000000000,0.000100622913,0.000100931654,0.000000000000,0.000067959964,0.000070293207,0.000000000000,0.000073201195,0.000076752449,0.000000000000,0.000077616468,0.000080452648
468,0.000000000000,0.000423484585,0.000418527014,0.000000000000,0.000458344434,0.000439683787,0.000000000000,0.000448382693,0.000446032581,0.000000000000,0.000279866472,0.000277413234,0.000000000000,0.000292655719,0.000303496732,0.000000000000,0.000308975706,0.000295425699,0.000000000000,0.000141025490,0.000153951481,0.000000000000,0.000151327488,0.000160246642,0.000000000000,0.000161632974,0.000170051511,0.000000000000,0.000089511556,0.000092350027,0.000000000000,0.000096832595,0.000096487841,0.000000000000,0.000100622913,0.000100931654,0.000000000000,0.000067959964,0.000070368447,0.000000000000,0.000073201195,0.000076754476,0.000000000000,0.000077616468,0.000080457981
469,0.000000000000,0.000423484585,0.000418527014,0.000000000000,0.000458344434,0.000439683787,0.000000000000,0.000448382693,0.000446032581,0.000000000000,0.000279866472,0.000277413234,0.000000000000,0.000292655719,0.000303496732,0.000000000000,0.000308975706,0.000295425699,0.000000000000,0.000141025490,0.000153951481,0.000000000000,0.000151327488,0.000160246642,0.000000000000,0.000161632974,0.000170051511,0.000000000000,0.000089511556,0.000092351931,0.000000000000,0.000096832595,0.000096487841,0.000000000000,0.000100622913,0.000100931654,0.000000000000,0.000067963665,0.000070368447,0.000000000000,0.000073201195,0.000076754476,0.000000000000,0.000077616468,0.000080457981
470,0.000000000000,0.000423484585,0.000418527014,0.000000000000,0.000458344434,0.000439683787,0.000000000000,0.000448382693,0.000446032581,0.000000000000,0.000279866472,0.000277413234,0.000000000000,0.000292655719,0.000303496732,0.000000000000,0.000308975706,0.000295425699,0.000000000000,0.000141025490,0.000153970805,0.000000000000,0.000151327488,0.000160246642,0.000000000000,0.000161635009,0.000170051511,0.000000000000,0.000089511556,0.000092351931,0.000000000000,0.000096832595,0.000096487841,0.000000000000,0.000100622913,0.000100931654,0.000000000000,0.000067963665,0.000070374598,0.000000000000,0.000073201195,0.000076754476,0.000000000000,0.000077616468,0.000080457981
471,0.000000000000,0.000423484585,0.000418527014,0.000000000000,0.000458344434,0.000439683787,0.000000000000,0.000448382693,0.000446032581,0.000000000000,0.000279866472,0.000277413234,0.000000000000,0.000292655719,0.000303496732,0.000000000000,0.000308975706,0.000295425699,0.000000000000,0.000141025490,0.000153970805,0.000000000000,0.000151327488,0.000160325092,0.000000000000,0.000161666633,0.000170051511,0.000000000000,0.000089511556,0.000092351931,0.000000000000,0.000096832595,0.000096487841,0.000000000000,0.000100622913,0.000100931654,0.000000000000,0.000067963665,0.000070392674,0.000000000000,0.000073201195,0.000076760449,0.000000000000,0.000077616468,0.000080493263
472,0.000000000000,0.000423484585,0.000418527014,0.000000000000,0.000458344434,0.000439683787,0.000000000000,0.000448382693,0.000446032581,0.000000000000,0.000279866472,0.000277413234,0.000000000000,0.000292655719,0.000303496732,0.000000000000,0.000308975706,0.000295425699,0.000000000000,0.000141025490,0.000153970805,0.000000000000,0.000151327488,0.000160325092,0.000000000000,0.000161666633,0.000170051511,0.000000000000,0.000089511556,0.000092351931,0.000000000000,0.000096832595,0.000096487841,0.000000000000,0.000100622913,0.000100931654,0.000000000000,0.000067963665,0.000070392674,0.000000000000,0.000073201195,0.000076783546,0.000000000000,0.000077616468,0.000080493263
473,0.000000000000,0.000423484585,0.000418527014,0.000000000000,0.000458344434,0.000439683787,0.000000000000,0.000448382693,0.000446032581,0.000000000000,0.000279866472,0.000277413234,0.000000000000,0.000292655719,0.000303496732,0.000000000000,0.000308975706,0.000295425699,0.000000000000,0.000141025490,0.000153971020,0.000000000000,0.000151327488,0.000160325092,0.000000000000,0.000161666633,0.000170051511,0.000000000000,0.000089511556,0.000092419326,0.000000000000,0.000096832595,0.000096490355,0.000000000000,0.000100622913,0.000100931654,0.000000000000,0.000067963665,0.000070392674,0.000000000000,0.000073201195,0.000076785473,0.000000000000,0.000077616468,0.000080493287
474,0.000000000000,0.000423484585,0.000418527014,0.000000000000,0.000458344434,0.000439683787,0.000000000000,0.000448382693,0.000446032581,0.000000000000,0.000279866472,0.000277413234,0.000000000000,0.000292655719,0.000303496732,0.000000000000,0.000308975706,0.000295425699,0.000000000000,0.000141025490,0.000153971020,0.000000000000,0.000151327488,0.000160325092,0.000000000000,0.000161722418,0.000170051511,0.000000000000,0.000089511556,0.000092419616,0.000000000000,0.000096832595,0.000096495432,0.000000000000,0.000100622913,0.000100931654,0.000000000000,0.000067963665,0.000070430516,0.000000000000,0.000073201195,0.000076801962,0.000000000000,0.000077616468,0.000080514862
475,0.000000000000,0.000423484585,0.000418527014,0.000000000000,0.000458344434,0.000439683787,0.000000000000,0.000448382693,0.000446032581,0.000000000000,0.000279866472,0.000277413234,0.000000000000,0.000292655719,0.000303496732,0.000000000000,0.000308975706,0.000295425699,0.000000000000,0.000141025490,0.000153971020,0.000000000000,0.000151327488,0.000160325092,0.000000000000,0.000161722418,0.000170051511,0.000000000000,0.000089511556,0.000092419616,0.000000000000,0.000096832595,0.000096496613,0.000000000000,0.000100622913,0.000100931654,0.000000000000,0.000067963665,0.000070430516,0.000000000000,0.000073201195,0.000076862397,0.000000000000,0.000077616468,0.000080547695
476,0.000000000000,0.000423484585,0.000418527014,0.000000000000,0.000458344434,0.000439683787,0.000000000000,0.000448382693,0.000446032581,0.000000000000,0.000279866472,0.000277413234,0.000000000000,0.000292655719,0.000303496732,0.000000000000,0.000308975706,0.000295425699,0.000000000000,0.000141025490,0.000153971020,0.000000000000,0.000151327488,0.000160325092,0.000000000000,0.000161722418,0.000170052676,0.000000000000,0.000089511556,0.000092419616,0.000000000000,0.000096832595,0.000096519731,0.000000000000,0.000100622913,0.000100931654,0.000000000000,0.000067963665,0.000070430516,0.000000000000,0.000073201195,0.000076862397,0.000000000000,0.000077616468,0.000080605089
477,0.000000000000,0.000423484585,0.000418527014,0.000000000000,0.000458344434,0.000439683787,0.000000000000,0.000448382693,0.000446032581,0.000000000000,0.000279866472,0.000277413234,0.000000000000,0.000292655719,0.000303496732,0.000000000000,0.000308975706,0.000295425699,0.000000000000,0.000141025490,0.000153971020,0.000000000000,0.000151327488,0.000160325092,0.000000000000,0.000161722418,0.000170052676,0.000000000000,0.000089511556,0.000092419616,0.000000000000,0.000096832595,0.000096539366,0.000000000000,0.000100622913,0.000100931654,0.000000000000,0.000067963665,0.000070440858,0.000000000000,0.000073201195,0.000076862397,0.000000000000,0.000077616468,0.000080609187
478,0.000000000000,0.000423484585,0.000418527014,0.000000000000,0.000458344434,0.000439683787,0.000000000000,0.000448382693,0.000446032581,0.000000000000,0.000279866472,0.000277413234,0.000000000000,0.000292655719,0.000303496732,0.000000000000,0.000308975706,0.000295425699,0.000000000000,0.000141025490,0.000154010036,0.000000000000,0.000151327488,0.000160325092,0.000000000000,0.000161722418,0.000170052676,0.000000000000,0.000089511556,0.000092419616,0.000000000000,0.000096832595,0.000096539732,0.000000000000,0.000100622913,0.000100931654,0.000000000000,0.000068039431,0.000070440858,0.000000000000,0.000073202175,0.000076870258,0.000000000000,0.000077616468,0.000080609187
479,0.000000000000,0.000423484585,0.000418527014,0.000000000000,0.000458344434,0.000439683787,0.000000000000,0.000448382693,0.000446032581,0.000000000000,0.000279866472,0.000277413234,0.000000000000,0.000292655719,0.000303496732,0.000000000000,0.000308975706,0.000295425699,0.000000000000,0.000141025490,0.000154010036,0.000000000000,0.000151327488,0.000160325092,0.000000000000,0.000161722418,0.000170052676,0.000000000000,0.000089511556,0.000092439978,0.000000000000,0.000096832595,0.000096539732,0.000000000000,0.000100622913,0.000100931654,0.000000000000,0.000068039431,0.000070445328,0.000000000000,0.000073202175,0.000076870258,0.000000000000,0.000077616468,0.000080609187
480,0.000000000000,0.000423484585,0.000418527014,0.000000000000,0.000458344434,0.000439683787,0.000000000000,0.000448382693,0.000446032581,0.000000000000,0.000279866472,0.000277413234,0.000000000000,0.000292655719,0.000303496732,0.000000000000,0.000308975706,0.000295425699,0.000000000000,0.000141025490,0.000154010036,0.000000000000,0.000151327488,0.000160325092,0.000000000000,0.000161722418,0.000170181710,0.000000000000,0.000089511556,0.000092444153,0.000000000000,0.000096832595,0.000096539732,0.000000000000,0.000100622913,0.000100931654,0.000000000000,0.000068145726,0.000070445328,0.000000000000,0.000073202175,0.000076870258,0.000000000000,0.000077616468,0.000080614986
481,0.000000000000,0.000423484585,0.000418527014,0.000000000000,0.000458344434,0.000439683787,0.000000000000,0.000448382693,0.000446032581,0.000000000000,0.000279866472,0.000277413234,0.000000000000,0.000292655719,0.000303496732,0.000000000000,0.000308975706,0.000295425699,0.000000000000,0.000141025490,0.000154010036,0.000000000000,0.000151327488,0.000160325092,0.000000000000,0.000161722418,0.000170181710,0.000000000000,0.000089511556,0.000092444153,0.000000000000,0.000096832595,0.000096539732,0.000000000000,0.000100622913,0.000100931654,0.000000000000,0.000068145726,0.000070445328,0.000000000000,0.000073202175,0.000076870258,0.000000000000,0.000077618533,0.000080659040
482,0.000000000000,0.000423484585,0.000418527014,0.000000000000,0.000458344434,0.000439683787,0.000000000000,0.000448382693,0.000446032581,0.000000000000,0.000279866472,0.000277413234,0.000000000000,0.000292655719,0.000303496732,0.000000000000,0.000308975706,0.000295425699,0.000000000000,0.000141025490,0.000154053964,0.000000000000,0.000151327488,0.000160325092,0.000000000000,0.000161722418,0.000170181710,0.000000000000,0.000089511556,0.000092461076,0.000000000000,0.000096832595,0.000096539732,0.000000000000,0.000100633692,0.000100938535,0.000000000000,0.000068145726,0.000070482694,0.000000000000,0.000073202175,0.000076870258,0.000000000000,0.000077618533,0.000080708334
483,0.000000000000,0.000423484585,0.000418527014,0.000000000000,0.000458344434,0.000439683787,0.000000000000,0.000448382693,0.000446032581,0.000000000000,0.000279866472,0.000277413234,0.000000000000,0.000292655719,0.000303496732,0.000000000000,0.000308975706,0.000295425699,0.000000000000,0.000141025490,0.000154053964,0.000000000000,0.000151327488,0.000160325092,0.000000000000,0.000161722418,0.000170181710,0.000000000000,0.000089511556,0.000092461076,0.000000000000,0.000096832595,0.000096553678,0.000000000000,0.000100633971,0.000100938535,0.000000000000,0.000068145726,0.000070631801,0.000000000000,0.000073202175,0.000076873708,0.000000000000,0.000077618533,0.000080708334
484,0.000000000000,0.000423484585,0.000418527014,0.000000000000,0.000458344434,0.000439683787,0.000000000000,0.000448382693,0.000446032581,0.000000000000,0.000279866472,0.000277439835,0.000000000000,0.000292655719,0.000303496732,0.000000000000,0.000308975706,0.000295425699,0.000000000000,0.000141025490,0.000154053964,0.000000000000,0.000151327488,0.000160325092,0.000000000000,0.000161722418,0.000170232285,0.000000000000,0.000089511556,0.000092461076,0.000000000000,0.000096832595,0.000096553678,0.000000000000,0.000100633971,0.000101173461,0.000000000000,0.000068145726,0.000070631801,0.000000000000,0.000073202175,0.000076873708,0.000000000000,0.000077618533,0.000080708334
485,0.000000000000,0.000423484585,0.000418527014,0.000000000000,0.000458344434,0.000439683787,0.000000000000,0.000448382693,0.000446032581,0.000000000000,0.000279866472,0.000277439835,0.000000000000,0.000292655719,0.000303496732,0.000000000000,0.000308975706,0.000295425699,0.000000000000,0.000141025490,0.000154053964,0.000000000000,0.000151327488,0.000160325092,0.000000000000,0.000161722418,0.000170232285,0.000000000000,0.000089511556,0.000092461076,0.000000000000,0.000096832595,0.000096553678,0.000000000000,0.000100633971,0.000101186110,0.000000000000,0.000068145726,0.000070638071,0.000000000000,0.000073202175,0.000076873708,0.000000000000,0.000077618533,0.000080708334
486,0.000000000000,0.000423484585,0.000418527014,0.000000000000,0.000458344434,0.000439683787,0.000000000000,0.000448382693,0.000446032581,0.000000000000,0.000279866472,0.000277439835,0.000000000000,0.000292655719,0.000303496732,0.000000000000,0.000308975706,0.000295425699,0.000000000000,0.000141025490,0.000154053964,0.000000000000,0.000151327488,0.000160325092,0.000000000000,0.000161722418,0.000170232285,0.000000000000,0.000089511556,0.000092461076,0.000000000000,0.000096832595,0.000096553678,0.000000000000,0.000100633971,0.000101196960,0.000000000000,0.000068145726,0.000070638071,0.000000000000,0.000073202175,0.000076873708,0.000000000000,0.000077618533,0.000080708334
487,0.000000000000,0.000423484585,0.000418527014,0.000000000000,0.000458344434,0.000439683787,0.000000000000,0.000448382693,0.000446032581,0.000000000000,0.000279866472,0.000277439835,0.000000000000,0.000292655719,0.000303496732,0.000000000000,0.000308975706,0.000295425699,0.000000000000,0.000141025490,0.000154053964,0.000000000000,0.000151327488,0.000160325092,0.000000000000,0.000161722418,0.000170232285,0.000000000000,0.000089511556,0.000092461076,0.000000000000,0.000096832595,0.000096553678,0.000000000000,0.000100633971,0.000101196960,0.000000000000,0.000068145726,0.000070656739,0.000000000000,0.000073202175,0.000076948660,0.000000000000,0.000077618533,0.000080708334
488,0.000000000000,0.000423484585,0.000418527014,0.000000000000,0.000458344434,0.000439683787,0.000000000000,0.000448382693,0.000446032581,0.000000000000,0.000279866472,0.000277439835,0.000000000000,0.000292655719,0.000303496732,0.000000000000,0.000308975706,0.000295425699,0.000000000000,0.000141025490,0.000154053964,0.000000000000,0.000151327488,0.000160325092,0.000000000000,0.000161896657,0.000170232285,0.000000000000,0.000089511556,0.000092461076,0.000000000000,0.000096832595,0.000096553678,0.000000000000,0.000100633971,0.000101208819,0.000000000000,0.000068145726,0.000070656739,0.000000000000,0.000073202175,0.000077055828,0.000000000000,0.000077618533,0.000080708334
489,0.000000000000,0.000423484585,0.000418527014,0.000000000000,0.000458344434,0.000439683787,0.000000000000,0.000448382693,0.000446032581,0.000000000000,0.000279866472,0.000277439835,0.000000000000,0.000292655719,0.000303496732,0.000000000000,0.000308975706,0.000295425699,0.000000000000,0.000141025490,0.000154053964,0.000000000000,0.000151327488,0.000160325092,0.000000000000,0.000161896657,0.000170232285,0.000000000000,0.000089511556,0.000092574887,0.000000000000,0.000096832595,0.000096553678,0.000000000000,0.000100633971,0.000101208819,0.000000000000,0.000068145726,0.000070664680,0.000000000000,0.000073202175,0.000077055828,0.000000000000,0.000077618533,0.000080708334
490,0.000000000000,0.000423484585,0.000418527014,0.000000000000,0.000458344434,0.000439683787,0.000000000000,0.000448382693,0.000446032581,0.000000000000,0.000279866472,0.000277439835,0.000000000000,0.000292655719,0.000303496732,0.000000000000,0.000308975706,0.000295425699,0.000000000000,0.000141025490,0.000154053964,0.000000000000,0.000151327488,0.000160325092,0.000000000000,0.000161896657,0.000170232285,0.000000000000,0.000089511556,0.000092574887,0.000000000000,0.000096832595,0.000096669806,0.000000000000,0.000100633971,0.000101208819,0.000000000000,0.000068145726,0.000070694621,0.000000000000,0.000073202175,0.000077055828,0.000000000000,0.000077618533,0.000080760552
491,0.000000000000,0.000423484585,0.000418527014,0.000000000000,0.000458344434,0.000439683787,0.000000000000,0.000448382693,0.000446032581,0.000000000000,0.000279866472,0.000277439835,0.000000000000,0.000292655719,0.000303496732,0.000000000000,0.000308975706,0.000295425699,0.000000000000,0.000141025490,0.000154053964,0.000000000000,0.000151327488,0.000160325092,0.000000000000,0.000161896657,0.000170250609,0.000000000000,0.000089511556,0.000092574887,0.000000000000,0.000096832595,0.000096734808,0.000000000000,0.000100633971,0.000101208819,0.000000000000,0.000068157033,0.000070755185,0.000000000000,0.000073225031,0.000077073773,0.000000000000,0.000077618533,0.000080760552
492,0.000000000000,0.000423484585,0.000418527014,0.000000000000,0.000458344434,0.000439683787,0.000000000000,0.000448382693,0.000446032581,0.000000000000,0.000279866472,0.000277439835,0.000000000000,0.000292655719,0.000303496732,0.000000000000,0.000308975706,0.000295425699,0.000000000000,0.000141025490,0.000154053964,0.000000000000,0.000151327488,0.000160325092,0.000000000000,0.000161896657,0.000170250609,0.000000000000,0.000089511556,0.000092574887,0.000000000000,0.000096832595,0.000096734808,0.000000000000,0.000100633971,0.000101208819,0.000000000000,0.000068157033,0.000070755185,0.000000000000,0.000073225031,0.000077073773,0.000000000000,0.000077618533,0.000080762488
493,0.000000000000,0.000423484585,0.000418527014,0.000000000000,0.000458344434,0.000439683787,0.000000000000,0.000448382693,0.000446032581,0.000000000000,0.000279866472,0.000277439835,0.000000000000,0.000292655719,0.000303496732,0.000000000000,0.000308975706,0.000295425699,0.000000000000,0.000141025490,0.000154056760,0.000000000000,0.000151327488,0.000160340448,0.000000000000,0.000161896657,0.000170315039,0.000000000000,0.000089511556,0.000092863002,0.000000000000,0.000096832595,0.000096734808,0.000000000000,0.000100633971,0.000101208819,0.000000000000,0.000068157033,0.000070794501,0.000000000000,0.000073225031,0.000077077992,0.000000000000,0.000077618533,0.000080762545
494,0.000000000000,0.000423484585,0.000418527014,0.000000000000,0.000458344434,0.000439683787,0.000000000000,0.000448382693,0.000446032581,0.000000000000,0.000279866472,0.000277439835,0.000000000000,0.000292655719,0.000303496732,0.000000000000,0.000308975706,0.000295425699,0.000000000000,0.000141025490,0.000154056760,0.000000000000,0.000151327488,0.000160340448,0.000000000000,0.000161896657,0.000170337310,0.000000000000,0.000089511556,0.000092870625,0.000000000000,0.000096832595,0.000096734808,0.000000000000,0.000100633971,0.000101208819,0.000000000000,0.000068157033,0.000070926985,0.000000000000,0.000073225031,0.000077079118,0.000000000000,0.000077618533,0.000080771620
495,0.000000000000,0.000423484585,0.000418527014,0.000000000000,0.000458344434,0.000439683787,0.000000000000,0.000448382693,0.000446032581,0.000000000000,0.000279866472,0.000277439835,0.000000000000,0.000292655719,0.000303496732,0.000000000000,0.000308975706,0.000295425699,0.000000000000,0.000141025490,0.000154056760,0.000000000000,0.000151327488,0.000160347666,0.000000000000,0.000161896657,0.000170337310,0.000000000000,0.000089511556,0.000092870625,0.000000000000,0.000096832595,0.000096736866,0.000000000000,0.000100720637,0.000101208819,0.000000000000,0.000068157033,0.000070926985,0.000000000000,0.000073225031,0.000077079924,0.000000000000,0.000077618533,0.000080776998
496,0.000000000000,0.000423484585,0.000418527014,0.000000000000,0.000458344434,0.000439683787,0.000000000000,0.000448382693,0.000446032581,0.000000000000,0.000279866472,0.000277439835,0.000000000000,0.000292655719,0.000303496732,0.000000000000,0.000308975706,0.000295425699,0.000000000000,0.000141025490,0.000154056760,0.000000000000,0.000151327488,0.000160347666,0.000000000000,0.000161896657,0.000170337310,0.000000000000,0.000089511556,0.000092870625,0.000000000000,0.000096832595,0.000096736866,0.000000000000,0.000100720637,0.000101208819,0.000000000000,0.000068157033,0.000070945283,0.000000000000,0.000073225031,0.000077081955,0.000000000000,0.000077618533,0.000080777933
497,0.000000000000,0.000423484585,0.000418527014,0.000000000000,0.000458344434,0.000439683787,0.000000000000,0.000448382693,0.000446032581,0.000000000000,0.000279866472,0.000277439835,0.000000000000,0.000292655719,0.000303546403,0.000000000000,0.000308975706,0.000295425699,0.000000000000,0.000141025490,0.000154056760,0.000000000000,0.000151327488,0.000160347666,0.000000000000,0.000161896657,0.000170337310,0.000000000000,0.000089511556,0.000092923154,0.000000000000,0.000096832595,0.000096736866,0.000000000000,0.000100720637,0.000101208819,0.000000000000,0.000068157033,0.000070952819,0.000000000000,0.000073225031,0.000077087260,0.000000000000,0.000077618533,0.000080777933
498,0.000000000000,0.000423484585,0.000418527014,0.000000000000,0.000458344434,0.000439683787,0.000000000000,0.000448382693,0.000446032581,0.000000000000,0.000279866472,0.000277439835,0.000000000000,0.000292655719,0.000303546403,0.000000000000,0.000308975706,0.000295425699,0.000000000000,0.000141025490,0.000154056760,0.000000000000,0.000151327488,0.000160347666,0.000000000000,0.000161896657,0.000170337310,0.000000000000,0.000089511556,0.000092923154,0.000000000000,0.000096832595,0.000096736866,0.000000000000,0.000100720637,0.000101208819,0.000000000000,0.000068157033,0.000070956495,0.000000000000,0.000073225031,0.000077087260,0.000000000000,0.000077618533,0.000080777933
499,0.000000000000,0.000423484585,0.000418527014,0.000000000000,0.000458344434,0.000439683787,0.000000000000,0.000448382693,0.000446032581,0.000000000000,0.000279866472,0.000277439835,0.000000000000,0.000292655719,0.000303546403,0.000000000000,0.000308975706,0.000295425699,0.000000000000,0.000141025490,0.000154056760,0.000000000000,0.000151327488,0.000160352909,0.000000000000,0.000161896657,0.000170337310,0.000000000000,0.000089511556,0.000092923154,0.000000000000,0.000096832595,0.000096745769,0.000000000000,0.000100720637,0.000101208819,0.000000000000,0.000068157033,0.000070956495,0.000000000000,0.000073225031,0.000077087260,0.000000000000,0.000077618533,0.000080795360
500,0.000000000000,0.000423484585,0.000418527014,0.000000000000,0.000458344434,0.000439683787,0.000000000000,0.000448382693,0.000446032581,0.000000000000,0.000279866472,0.000277439835,0.000000000000,0.000292655719,0.000303546403,0.000000000000,0.000308975706,0.000295425699,0.000000000000,0.000141025490,0.000154056760,0.000000000000,0.000151327488,0.000160352909,0.000000000000,0.000161896657,0.000170337310,0.000000000000,0.000089511556,0.000092923154,0.000000000000,0.000096832595,0.000096745769,0.000000000000,0.000100763710,0.000101208819,0.000000000000,0.000068157033,0.000070956495,0.000000000000,0.000073225031,0.000077101685,0.000000000000,0.000077618533,0.000080795360
501,0.000000000000,0.000000000000,0.000418527014,0.000000000000,0.000000000000,0.000439683787,0.000000000000,0.000000000000,0.000446032581,0.000000000000,0.000000000000,0.000277439835,0.000000000000,0.000000000000,0.000303546403,0.000000000000,0.000000000000,0.000295425699,0.000000000000,0.000000000000,0.000154089463,0.000000000000,0.000000000000,0.000160358987,0.000000000000,0.000000000000,0.000170337310,0.000000000000,0.000000000000,0.000092923154,0.000000000000,0.000000000000,0.000096745769,0.000000000000,0.000000000000,0.000101208819,0.000000000000,0.000000000000,0.000070956495,0.000000000000,0.000000000000,0.000077122510,0.000000000000,0.000000000000,0.000080804475
502,0.000000000000,0.000000000000,0.000418527014,0.000000000000,0.000000000000,0.000439683787,0.000000000000,0.000000000000,0.000446032581,0.000000000000,0.000000000000,0.000277439835,0.000000000000,0.000000000000,0.000303546403,0.000000000000,0.000000000000,0.000295425699,0.000000000000,0.000000000000,0.000154089463,0.000000000000,0.000000000000,0.000160358987,0.000000000000,0.000000000000,0.000170337310,0.000000000000,0.000000000000,0.000092923154,0.000000000000,0.000000000000,0.000096745769,0.000000000000,0.000000000000,0.000101208819,0.000000000000,0.000000000000,0.000070958832,0.000000000000,0.000000000000,0.000077122510,0.000000000000,0.000000000000,0.000080819135
503,0.000000000000,0.000000000000,0.000418527014,0.000000000000,0.000000000000,0.000439683787,0.000000000000,0.000000000000,0.000446032581,0.000000000000,0.000000000000,0.000277439835,0.000000000000,0.000000000000,0.000303546403,0.000000000000,0.000000000000,0.000295425699,0.000000000000,0.000000000000,0.000154089463,0.000000000000,0.000000000000,0.000160358987,0.000000000000,0.000000000000,0.000170337310,0.000000000000,0.000000000000,0.000092923154,0.000000000000,0.000000000000,0.000096745769,0.000000000000,0.000000000000,0.000101208819,0.000000000000,0.000000000000,0.000070958832,0.000000000000,0.000000000000,0.000077131037,0.000000000000,0.000000000000,0.000080819135
504,0.000000000000,0.000000000000,0.000418527014,0.000000000000,0.000000000000,0.000439683787,0.000000000000,0.000000000000,0.000446032581,0.000000000000,0.000000000000,0.000277439835,0.000000000000,0.000000000000,0.000303546403,0.000000000000,0.000000000000,0.000295425699,0.000000000000,0.000000000000,0.000154089463,0.000000000000,0.000000000000,0.000160359332,0.000000000000,0.000000000000,0.000170337310,0.000000000000,0.000000000000,0.000092923154,0.000000000000,0.000000000000,0.000096745769,0.000000000000,0.000000000000,0.000101208819,0.000000000000,0.000000000000,0.000070958832,0.000000000000,0.000000000000,0.000077131037,0.000000000000,0.000000000000,0.000080819135
505,0.000000000000,0.000000000000,0.000418527014,0.000000000000,0.000000000000,0.000439683787,0.000000000000,0.000000000000,0.000446032581,0.000000000000,0.000000000000,0.000277439835,0.000000000000,0.000000000000,0.000303546403,0.000000000000,0.000000000000,0.000295425699,0.000000000000,0.000000000000,0.000154331233,0.000000000000,0.000000000000,0.000160359332,0.000000000000,0.000000000000,0.000170337310,0.000000000000,0.000000000000,0.000092923154,0.000000000000,0.000000000000,0.000096745769,0.000000000000,0.000000000000,0.000101208819,0.000000000000,0.000000000000,0.000070958832,0.000000000000,0.000000000000,0.000077131037,0.000000000000,0.000000000000,0.000080819135
506,0.000000000000,0.000000000000,0.000418527014,0.000000000000,0.000000000000,0.000439683787,0.000000000000,0.000000000000,0.000446032581,0.000000000000,0.000000000000,0.000277439835,0.000000000000,0.000000000000,0.000303546403,0.000000000000,0.000000000000,0.000295425699,0.000000000000,0.000000000000,0.000154331233,0.000000000000,0.000000000000,0.000160359332,0.000000000000,0.000000000000,0.000170337310,0.000000000000,0.000000000000,0.000092923154,0.000000000000,0.000000000000,0.000096745769,0.000000000000,0.000000000000,0.000101208819,0.000000000000,0.000000000000,0.000070958832,0.000000000000,0.000000000000,0.000077131037,0.000000000000,0.000000000000,0.000080819135
507,0.000000000000,0.000000000000,0.000418527014,0.000000000000,0.000000000000,0.000439683787,0.000000000000,0.000000000000,0.000446032581,0.000000000000,0.000000000000,0.000277439835,0.000000000000,0.000000000000,0.000303546403,0.000000000000,0.000000000000,0.000295425699,0.000000000000,0.000000000000,0.000154331233,0.000000000000,0.000000000000,0.000160371616,0.000000000000,0.000000000000,0.000170337310,0.000000000000,0.000000000000,0.000092923154,0.000000000000,0.000000000000,0.000096745769,0.000000000000,0.000000000000,0.000101208819,0.000000000000,0.000000000000,0.000070958832,0.000000000000,0.000000000000,0.000077131037,0.000000000000,0.000000000000,0.000080819135
508,0.000000000000,0.000000000000,0.000418527014,0.000000000000,0.000000000000,0.000439683787,0.000000000000,0.000000000000,0.000446032581,0.000000000000,0.000000000000,0.000277439835,0.000000000000,0.000000000000,0.000303546403,0.000000000000,0.000000000000,0.000295425699,0.000000000000,0.000000000000,0.000154331233,0.000000000000,0.000000000000,0.000160397591,0.000000000000,0.000000000000,0.000170337310,0.000000000000,0.000000000000,0.000092923154,0.000000000000,0.000000000000,0.000096745769,0.000000000000,0.000000000000,0.000101208819,0.000000000000,0.000000000000,0.000070958832,0.000000000000,0.000000000000,0.000077131037,0.000000000000,0.000000000000,0.000080819135
509,0.000000000000,0.000000000000,0.000418527014,0.000000000000,0.000000000000,0.000439683787,0.000000000000,0.000000000000,0.000446032581,0.000000000000,0.000000000000,0.000277439835,0.000000000000,0.000000000000,0.000303546403,0.000000000000,0.000000000000,0.000295425699,0.000000000000,0.000000000000,0.000154331233,0.000000000000,0.000000000000,0.000160409341,0.000000000000,0.000000000000,0.000170337310,0.000000000000,0.000000000000,0.000092923154,0.000000000000,0.000000000000,0.000096750948,0.000000000000,0.000000000000,0.000101208819,0.000000000000,0.000000000000,0.000071008205,0.000000000000,0.000000000000,0.000077131037,0.000000000000,0.000000000000,0.000080829949
510,0.000000000000,0.000000000000,0.000418527014,0.000000000000,0.000000000000,0.000439683787,0.000000000000,0.000000000000,0.000446032581,0.000000000000,0.000000000000,0.000277439835,0.000000000000,0.000000000000,0.000303546403,0.000000000000,0.000000000000,0.000295425699,0.000000000000,0.000000000000,0.000154331233,0.000000000000,0.000000000000,0.000160409341,0.000000000000,0.000000000000,0.000170337783,0.000000000000,0.000000000000,0.000092978744,0.000000000000,0.000000000000,0.000096758297,0.000000000000,0.000000000000,0.000101208819,0.000000000000,0.000000000000,0.000071015973,0.000000000000,0.000000000000,0.000077134464,0.000000000000,0.000000000000,0.000080829949
511,0.000000000000,0.000000000000,0.000418527014,0.000000000000,0.000000000000,0.000439683787,0.000000000000,0.000000000000,0.000446032581,0.000000000000,0.000000000000,0.000277439835,0.000000000000,0.000000000000,0.000303546403,0.000000000000,0.000000000000,0.000295425699,0.000000000000,0.000000000000,0.000154331233,0.000000000000,0.000000000000,0.000160409341,0.000000000000,0.000000000000,0.000170337783,0.000000000000,0.000000000000,0.000092978744,0.000000000000,0.000000000000,0.000096758297,0.000000000000,0.000000000000,0.000101226119,0.000000000000,0.000000000000,0.000071032657,0.000000000000,0.000000000000,0.000077134464,0.000000000000,0.000000000000,0.000080829949
512,0.000000000000,0.000000000000,0.000418527014,0.000000000000,0.000000000000,0.000439683787,0.000000000000,0.000000000000,0.000446032581,0.000000000000,0.000000000000,0.000277439835,0.000000000000,0.000000000000,0.000303546403,0.000000000000,0.000000000000,0.000295425699,0.000000000000,0.000000000000,0.000154331233,0.000000000000,0.000000000000,0.000160409341,0.000000000000,0.000000000000,0.000170620506,0.000000000000,0.000000000000,0.000092978744,0.000000000000,0.000000000000,0.000096758297,0.000000000000,0.000000000000,0.000101226119,0.000000000000,0.000000000000,0.000071047569,0.000000000000,0.000000000000,0.000077258818,0.000000000000,0.000000000000,0.000080829949
513,0.000000000000,0.000000000000,0.000418527014,0.000000000000,0.000000000000,0.000439683787,0.000000000000,0.000000000000,0.000446032581,0.000000000000,0.000000000000,0.000277439835,0.000000000000,0.000000000000,0.000303546403,0.000000000000,0.000000000000,0.000295425699,0.000000000000,0.000000000000,0.000154331233,0.000000000000,0.000000000000,0.000160409341,0.000000000000,0.000000000000,0.000170717647,0.000000000000,0.000000000000,0.000092978744,0.000000000000,0.000000000000,0.000096758297,0.000000000000,0.000000000000,0.000101226119,0.000000000000,0.000000000000,0.000071047569,0.000000000000,0.000000000000,0.000077262941,0.000000000000,0.000000000000,0.000080829949
514,0.000000000000,0.000000000000,0.000418527014,0.000000000000,0.000000000000,0.000439683787,0.000000000000,0.000000000000,0.000446032581,0.000000000000,0.000000000000,0.000277439835,0.000000000000,0.000000000000,0.000303546403,0.000000000000,0.000000000000,0.000295425699,0.000000000000,0.000000000000,0.000154331233,0.000000000000,0.000000000000,0.000160409341,0.000000000000,0.000000000000,0.000170717647,0.000000000000,0.000000000000,0.000092978744,0.000000000000,0.000000000000,0.000096758297,0.000000000000,0.000000000000,0.000101226119,0.000000000000,0.000000000000,0.000071050043,0.000000000000,0.000000000000,0.000077262941,0.000000000000,0.000000000000,0.000080829949
515,0.000000000000,0.000000000000,0.000418527014,0.000000000000,0.000000000000,0.000439683787,0.000000000000,0.000000000000,0.000446032581,0.000000000000,0.000000000000,0.000277439835,0.000000000000,0.000000000000,0.000303573644,0.000000000000,0.000000000000,0.000295425699,0.000000000000,0.000000000000,0.000154331233,0.000000000000,0.000000000000,0.000160409341,0.000000000000,0.000000000000,0.000170717647,0.000000000000,0.000000000000,0.000092978744,0.000000000000,0.000000000000,0.000096758297,0.000000000000,0.000000000000,0.000101226119,0.000000000000,0.000000000000,0.000071050043,0.000000000000,0.000000000000,0.000077262941,0.000000000000,0.000000000000,0.000080829949
516,0.000000000000,0.000000000000,0.000418527014,0.000000000000,0.000000000000,0.000439683787,0.000000000000,0.000000000000,0.000446032581,0.000000000000,0.000000000000,0.000277439835,0.000000000000,0.000000000000,0.000303573644,0.000000000000,0.000000000000,0.000295425699,0.000000000000,0.000000000000,0.000154331233,0.000000000000,0.000000000000,0.000160409341,0.000000000000,0.000000000000,0.000170743584,0.000000000000,0.000000000000,0.000092978744,0.000000000000,0.000000000000,0.000096758297,0.000000000000,0.000000000000,0.000101226119,0.000000000000,0.000000000000,0.000071050043,0.000000000000,0.000000000000,0.000077262941,0.000000000000,0.000000000000,0.000080829949
517,0.000000000000,0.000000000000,0.000418527014,0.000000000000,0.000000000000,0.000439683787,0.000000000000,0.000000000000,0.000446032581,0.000000000000,0.000000000000,0.000277439835,0.000000000000,0.000000000000,0.000303573644,0.000000000000,0.000000000000,0.000295866936,0.000000000000,0.000000000000,0.000154331233,0.000000000000,0.000000000000,0.000160409341,0.000000000000,0.000000000000,0.000170743584,0.000000000000,0.000000000000,0.000092978744,0.000000000000,0.000000000000,0.000096758297,0.000000000000,0.000000000000,0.000101226119,0.000000000000,0.000000000000,0.000071050043,0.000000000000,0.000000000000,0.000077264729,0.000000000000,0.000000000000,0.000080829949
518,0.000000000000,0.000000000000,0.000418527014,0.000000000000,0.000000000000,0.000439683787,0.000000000000,0.000000000000,0.000446032581,0.000000000000,0.000000000000,0.000277439835,0.000000000000,0.000000000000,0.000303573644,0.000000000000,0.000000000000,0.000295866936,0.000000000000,0.000000000000,0.000154331233,0.000000000000,0.000000000000,0.000160409341,0.000000000000,0.000000000000,0.000170743584,0.000000000000,0.000000000000,0.000092978744,0.000000000000,0.000000000000,0.000096758297,0.000000000000,0.000000000000,0.000101226119,0.000000000000,0.000000000000,0.000071050043,0.000000000000,0.000000000000,0.000077264729,0.000000000000,0.000000000000,0.000080832991
519,0.000000000000,0.000000000000,0.000418527014,0.000000000000,0.000000000000,0.000439683787,0.000000000000,0.000000000000,0.000446032581,0.000000000000,0.000000000000,0.000277439835,0.000000000000,0.000000000000,0.000303573644,0.000000000000,0.000000000000,0.000295973592,0.000000000000,0.000000000000,0.000154331233,0.000000000000,0.000000000000,0.000160409341,0.000000000000,0.000000000000,0.000170743584,0.000000000000,0.000000000000,0.000092978744,0.000000000000,0.000000000000,0.000096768029,0.000000000000,0.000000000000,0.000101226119,0.000000000000,0.000000000000,0.000071050043,0.000000000000,0.000000000000,0.000077264729,0.000000000000,0.000000000000,0.000080834280
520,0.000000000000,0.000000000000,0.000418527014,0.000000000000,0.000000000000,0.000439683787,0.000000000000,0.000000000000,0.000446032581,0.000000000000,0.000000000000,0.000277439835,0.000000000000,0.000000000000,0.000303573644,0.000000000000,0.000000000000,0.000295973592,0.000000000000,0.000000000000,0.000154331233,0.000000000000,0.000000000000,0.000160409341,0.000000000000,0.000000000000,0.000170743584,0.000000000000,0.000000000000,0.000092978744,0.000000000000,0.000000000000,0.000096768029,0.000000000000,0.000000000000,0.000101226119,0.000000000000,0.000000000000,0.000071050043,0.000000000000,0.000000000000,0.000077264729,0.000000000000,0.000000000000,0.000080834280
521,0.000000000000,0.000000000000,0.000418527014,0.000000000000,0.000000000000,0.000439683787,0.000000000000,0.000000000000,0.000446032581,0.000000000000,0.000000000000,0.000277439835,0.000000000000,0.000000000000,0.000303573644,0.000000000000,0.000000000000,0.000295973592,0.000000000000,0.000000000000,0.000154331233,0.000000000000,0.000000000000,0.000160409341,0.000000000000,0.000000000000,0.000170743584,0.000000000000,0.000000000000,0.000092978865,0.000000000000,0.000000000000,0.000096768029,0.000000000000,0.000000000000,0.000101226119,0.000000000000,0.000000000000,0.000071050043,0.000000000000,0.000000000000,0.000077264729,0.000000000000,0.000000000000,0.000080834280
522,0.000000000000,0.000000000000,0.000418527014,0.000000000000,0.000000000000,0.000439683787,0.000000000000,0.000000000000,0.000446032581,0.000000000000,0.000000000000,0.000277439835,0.000000000000,0.000000000000,0.000303573644,0.000000000000,0.000000000000,0.000295973592,0.000000000000,0.000000000000,0.000154331233,0.000000000000,0.000000000000,0.000160409341,0.000000000000,0.000000000000,0.000170806552,0.000000000000,0.000000000000,0.000092978865,0.000000000000,0.000000000000,0.000096768029,0.000000000000,0.000000000000,0.000101226119,0.000000000000,0.000000000000,0.000071050043,0.000000000000,0.000000000000,0.000077264729,0.000000000000,0.000000000000,0.000080834280
523,0.000000000000,0.000000000000,0.000418527014,0.000000000000,0.000000000000,0.000439683787,0.000000000000,0.000000000000,0.000446032581,0.000000000000,0.000000000000,0.000277439835,0.000000000000,0.000000000000,0.000303573644,0.000000000000,0.000000000000,0.000295973592,0.000000000000,0.000000000000,0.000154331233,0.000000000000,0.000000000000,0.000160409341,0.000000000000,0.000000000000,0.000170806552,0.000000000000,0.000000000000,0.000093018329,0.000000000000,0.000000000000,0.000096768029,0.000000000000,0.000000000000,0.000101270692,0.000000000000,0.000000000000,0.000071050043,0.000000000000,0.000000000000,0.000077264729,0.000000000000,0.000000000000,0.000080834280
524,0.000000000000,0.000000000000,0.000418527014,0.000000000000,0.000000000000,0.000439683787,0.000000000000,0.000000000000,0.000446032581,0.000000000000,0.000000000000,0.000277439835,0.000000000000,0.000000000000,0.000303573644,0.000000000000,0.000000000000,0.000295973592,0.000000000000,0.000000000000,0.000154331233,0.000000000000,0.000000000000,0.000160409341,0.000000000000,0.000000000000,0.000170806552,0.000000000000,0.000000000000,0.000093061118,0.000000000000,0.000000000000,0.000096768029,0.000000000000,0.000000000000,0.000101270692,0.000000000000,0.000000000000,0.000071050043,0.000000000000,0.000000000000,0.000077264729,0.000000000000,0.000000000000,0.000080840000
525,0.000000000000,0.000000000000,0.000418527014,0.000000000000,0.000000000000,0.000439683787,0.000000000000,0.000000000000,0.000446032581,0.000000000000,0.000000000000,0.000277439835,0.000000000000,0.000000000000,0.000303573644,0.000000000000,0.000000000000,0.000296301362,0.000000000000,0.000000000000,0.000154331233,0.000000000000,0.000000000000,0.000160409341,0.000000000000,0.000000000000,0.000170806552,0.000000000000,0.000000000000,0.000093061118,0.000000000000,0.000000000000,0.000096768029,0.000000000000,0.000000000000,0.000101270692,0.000000000000,0.000000000000,0.000071050043,0.000000000000,0.000000000000,0.000077273333,0.000000000000,0.000000000000,0.000080840000
526,0.000000000000,0.000000000000,0.000418527014,0.000000000000,0.000000000000,0.000439683787,0.000000000000,0.000000000000,0.000446032581,0.000000000000,0.000000000000,0.000277439835,0.000000000000,0.000000000000,0.000303573644,0.000000000000,0.000000000000,0.000296301362,0.000000000000,0.000000000000,0.000154331233,0.000000000000,0.000000000000,0.000160409341,0.000000000000,0.000000000000,0.000170806552,0.000000000000,0.000000000000,0.000093061118,0.000000000000,0.000000000000,0.000096768029,0.000000000000,0.000000000000,0.000101270692,0.000000000000,0.000000000000,0.000071050043,0.000000000000,0.000000000000,0.000077273333,0.000000000000,0.000000000000,0.000080840000
527,0.000000000000,0.000000000000,0.000418527014,0.000000000000,0.000000000000,0.000439683787,0.000000000000,0.000000000000,0.000446032581,0.000000000000,0.000000000000,0.000277439835,0.000000000000,0.000000000000,0.000303573644,0.000000000000,0.000000000000,0.000296301362,0.000000000000,0.000000000000,0.000154331233,0.000000000000,0.000000000000,0.000160409341,0.000000000000,0.000000000000,0.000170806552,0.000000000000,0.000000000000,0.000093061118,0.000000000000,0.000000000000,0.000096768029,0.000000000000,0.000000000000,0.000101270692,0.000000000000,0.000000000000,0.000071050043,0.000000000000,0.000000000000,0.000077273333,0.000000000000,0.000000000000,0.000080840000
528,0.000000000000,0.000000000000,0.000418527014,0.000000000000,0.000000000000,0.000439683787,0.000000000000,0.000000000000,0.000446032581,0.000000000000,0.000000000000,0.000277439835,0.000000000000,0.000000000000,0.000303573644,0.000000000000,0.000000000000,0.000296301362,0.000000000000,0.000000000000,0.000154331233,0.000000000000,0.000000000000,0.000160409341,0.000000000000,0.000000000000,0.000170880196,0.000000000000,0.000000000000,0.000093061118,0.000000000000,0.000000000000,0.000096768029,0.000000000000,0.000000000000,0.000101270692,0.000000000000,0.000000000000,0.000071051941,0.000000000000,0.000000000000,0.000077273333,0.000000000000,0.000000000000,0.000080840000
529,0.000000000000,0.000000000000,0.000418527014,0.000000000000,0.000000000000,0.000439683787,0.000000000000,0.000000000000,0.000446032581,0.000000000000,0.000000000000,0.000277439835,0.000000000000,0.000000000000,0.000303573644,0.000000000000,0.000000000000,0.000296301362,0.000000000000,0.000000000000,0.000154331233,0.000000000000,0.000000000000,0.000160409341,0.000000000000,0.000000000000,0.000170880196,0.000000000000,0.000000000000,0.000093061118,0.000000000000,0.000000000000,0.000096768029,0.000000000000,0.000000000000,0.000101270692,0.000000000000,0.000000000000,0.000071109284,0.000000000000,0.000000000000,0.000077273333,0.000000000000,0.000000000000,0.000080840000
530,0.000000000000,0.000000000000,0.000418527014,0.000000000000,0.000000000000,0.000439683787,0.000000000000,0.000000000000,0.000446032581,0.000000000000,0.000000000000,0.000277439835,0.000000000000,0.000000000000,0.000303573644,0.000000000000,0.000000000000,0.000296301362,0.000000000000,0.000000000000,0.000154331233,0.000000000000,0.000000000000,0.000160409341,0.000000000000,0.000000000000,0.000170880196,0.000000000000,0.000000000000,0.000093061118,0.000000000000,0.000000000000,0.000096768029,0.000000000000,0.000000000000,0.000101270692,0.000000000000,0.000000000000,0.000071109284,0.000000000000,0.000000000000,0.000077273333,0.000000000000,0.000000000000,0.000080840000
531,0.000000000000,0.000000000000,0.000418527014,0.000000000000,0.000000000000,0.000439683787,0.000000000000,0.000000000000,0.000446032581,0.000000000000,0.000000000000,0.000277439835,0.000000000000,0.000000000000,0.000303573644,0.000000000000,0.000000000000,0.000296301362,0.000000000000,0.000000000000,0.000154331233,0.000000000000,0.000000000000,0.000160409341,0.000000000000,0.000000000000,0.000170880196,0.000000000000,0.000000000000,0.000093061118,0.000000000000,0.000000000000,0.000096769226,0.000000000000,0.000000000000,0.000101270692,0.000000000000,0.000000000000,0.000071109284,0.000000000000,0.000000000000,0.000077273333,0.000000000000,0.000000000000,0.000080840000
532,0.000000000000,0.000000000000,0.000418527014,0.000000000000,0.000000000000,0.000439683787,0.000000000000,0.000000000000,0.000446032581,0.000000000000,0.000000000000,0.000277439835,0.000000000000,0.000000000000,0.000303573644,0.000000000000,0.000000000000,0.000296301362,0.000000000000,0.000000000000,0.000154347964,0.000000000000,0.000000000000,0.000160409341,0.000000000000,0.000000000000,0.000170880196,0.000000000000,0.000000000000,0.000093061118,0.000000000000,0.000000000000,0.000096769226,0.000000000000,0.000000000000,0.000101270712,0.000000000000,0.000000000000,0.000071109284,0.000000000000,0.000000000000,0.000077273333,0.000000000000,0.000000000000,0.000080840000
533,0.000000000000,0.000000000000,0.000418527014,0.000000000000,0.000000000000,0.000439683787,0.000000000000,0.000000000000,0.000446032581,0.000000000000,0.000000000000,0.000277439835,0.000000000000,0.000000000000,0.000303573644,0.000000000000,0.000000000000,0.000296301362,0.000000000000,0.000000000000,0.000154347964,0.000000000000,0.000000000000,0.000160409341,0.000000000000,0.000000000000,0.000170883809,0.000000000000,0.000000000000,0.000093061118,0.000000000000,0.000000000000,0.000096777933,0.000000000000,0.000000000000,0.000101270712,0.000000000000,0.000000000000,0.000071109284,0.000000000000,0.000000000000,0.000077305205,0.000000000000,0.000000000000,0.000080840000
534,0.000000000000,0.000000000000,0.000418527014,0.000000000000,0.000000000000,0.000439683787,0.000000000000,0.000000000000,0.000446032581,0.000000000000,0.000000000000,0.000277439835,0.000000000000,0.000000000000,0.000303573644,0.000000000000,0.000000000000,0.000296301362,0.000000000000,0.000000000000,0.000154347964,0.000000000000,0.000000000000,0.000160409341,0.000000000000,0.000000000000,0.000170883809,0.000000000000,0.000000000000,0.000093061118,0.000000000000,0.000000000000,0.000096777933,0.000000000000,0.000000000000,0.000101270712,0.000000000000,0.000000000000,0.000071131296,0.000000000000,0.000000000000,0.000077306484,0.000000000000,0.000000000000,0.000080840000
535,0.000000000000,0.000000000000,0.000418527014,0.000000000000,0.000000000000,0.000439683787,0.000000000000,0.000000000000,0.000446032581,0.000000000000,0.000000000000,0.000277439835,0.000000000000,0.000000000000,0.000303573644,0.000000000000,0.000000000000,0.000296301362,0.000000000000,0.000000000000,0.000154423371,0.000000000000,0.000000000000,0.000160409341,0.000000000000,0.000000000000,0.000170883809,0.000000000000,0.000000000000,0.000093061118,0.000000000000,0.000000000000,0.000096777933,0.000000000000,0.000000000000,0.000101270712,0.000000000000,0.000000000000,0.000071131296,0.000000000000,0.000000000000,0.000077306484,0.000000000000,0.000000000000,0.000080840553
536,0.000000000000,0.000000000000,0.000418527014,0.000000000000,0.000000000000,0.000439683787,0.000000000000,0.000000000000,0.000446032581,0.000000000000,0.000000000000,0.000277439835,0.000000000000,0.000000000000,0.000303573644,0.000000000000,0.000000000000,0.000296301362,0.000000000000,0.000000000000,0.000154423371,0.000000000000,0.000000000000,0.000160409341,0.000000000000,0.000000000000,0.000170883809,0.000000000000,0.000000000000,0.000093061118,0.000000000000,0.000000000000,0.000096777933,0.000000000000,0.000000000000,0.000101270712,0.000000000000,0.000000000000,0.000071140550,0.000000000000,0.000000000000,0.000077306484,0.000000000000,0.000000000000,0.000080845370
537,0.000000000000,0.000000000000,0.000418527014,0.000000000000,0.000000000000,0.000439683787,0.000000000000,0.000000000000,0.000446032581,0.000000000000,0.000000000000,0.000277439835,0.000000000000,0.000000000000,0.000303573644,0.000000000000,0.000000000000,0.000296301362,0.000000000000,0.000000000000,0.000154423371,0.000000000000,0.000000000000,0.000160409341,0.000000000000,0.000000000000,0.000170883809,0.000000000000,0.000000000000,0.000093061118,0.000000000000,0.000000000000,0.000096777933,0.000000000000,0.000000000000,0.000101270712,0.000000000000,0.000000000000,0.000071142368,0.000000000000,0.000000000000,0.000077306484,0.000000000000,0.000000000000,0.000080845370
538,0.000000000000,0.000000000000,0.000418527014,0.000000000000,0.000000000000,0.000439683787,0.000000000000,0.000000000000,0.000446032581,0.000000000000,0.000000000000,0.000277439835,0.000000000000,0.000000000000,0.000303573644,0.000000000000,0.000000000000,0.000296301362,0.000000000000,0.000000000000,0.000154423371,0.000000000000,0.000000000000,0.000160409341,0.000000000000,0.000000000000,0.000170883809,0.000000000000,0.000000000000,0.000093061118,0.000000000000,0.000000000000,0.000096780005,0.000000000000,0.000000000000,0.000101270712,0.000000000000,0.000000000000,0.000071174845,0.000000000000,0.000000000000,0.000077306484,0.000000000000,0.000000000000,0.000080845370
539,0.000000000000,0.000000000000,0.000418527014,0.000000000000,0.000000000000,0.000439683787,0.000000000000,0.000000000000,0.000446032581,0.000000000000,0.000000000000,0.000277439835,0.000000000000,0.000000000000,0.000303573644,0.000000000000,0.000000000000,0.000296301362,0.000000000000,0.000000000000,0.000154423371,0.000000000000,0.000000000000,0.000160409341,0.000000000000,0.000000000000,0.000170883809,0.000000000000,0.000000000000,0.000093061118,0.000000000000,0.000000000000,0.000096792677,0.000000000000,0.000000000000,0.000101270712,0.000000000000,0.000000000000,0.000071174845,0.000000000000,0.000000000000,0.000077306484,0.000000000000,0.000000000000,0.000080845370
540,0.000000000000,0.000000000000,0.000418527014,0.000000000000,0.000000000000,0.000439683787,0.000000000000,0.000000000000,0.000446032581,0.000000000000,0.000000000000,0.000277439835,0.000000000000,0.000000000000,0.000303573644,0.000000000000,0.000000000000,0.000296301362,0.000000000000,0.000000000000,0.000154434052,0.000000000000,0.000000000000,0.000160409341,0.000000000000,0.000000000000,0.000170883809,0.000000000000,0.000000000000,0.000093061118,0.000000000000,0.000000000000,0.000096792677,0.000000000000,0.000000000000,0.000101270712,0.000000000000,0.000000000000,0.000071182534,0.000000000000,0.000000000000,0.000077306484,0.000000000000,0.000000000000,0.000080845370
541,0.000000000000,0.000000000000,0.000418527014,0.000000000000,0.000000000000,0.000439683787,0.000000000000,0.000000000000,0.000446032581,0.000000000000,0.000000000000,0.000277439835,0.000000000000,0.000000000000,0.000303573644,0.000000000000,0.000000000000,0.000296301362,0.000000000000,0.000000000000,0.000154434052,0.000000000000,0.000000000000,0.000160409341,0.000000000000,0.000000000000,0.000170883809,0.000000000000,0.000000000000,0.000093061118,0.000000000000,0.000000000000,0.000096792677,0.000000000000,0.000000000000,0.000101270712,0.000000000000,0.000000000000,0.000071182534,0.000000000000,0.000000000000,0.000077306484,0.000000000000,0.000000000000,0.000080847727
542,0.000000000000,0.000000000000,0.000418527014,0.000000000000,0.000000000000,0.000439683787,0.000000000000,0.000000000000,0.000446032581,0.000000000000,0.000000000000,0.000277439835,0.000000000000,0.000000000000,0.000303573644,0.000000000000,0.000000000000,0.000296301362,0.000000000000,0.000000000000,0.000154434052,0.000000000000,0.000000000000,0.000160409341,0.000000000000,0.000000000000,0.000170883809,0.000000000000,0.000000000000,0.000093061118,0.000000000000,0.000000000000,0.000096792677,0.000000000000,0.000000000000,0.000101270712,0.000000000000,0.000000000000,0.000071182534,0.000000000000,0.000000000000,0.000077318125,0.000000000000,0.000000000000,0.000080853973
543,0.000000000000,0.000000000000,0.000418527014,0.000000000000,0.000000000000,0.000439683787,0.000000000000,0.000000000000,0.000446032581,0.000000000000,0.000000000000,0.000277439835,0.000000000000,0.000000000000,0.000303573644,0.000000000000,0.000000000000,0.000296301362,0.000000000000,0.000000000000,0.000154434052,0.000000000000,0.000000000000,0.000160409341,0.000000000000,0.000000000000,0.000170883809,0.000000000000,0.000000000000,0.000093061118,0.000000000000,0.000000000000,0.000096792677,0.000000000000,0.000000000000,0.000101270712,0.000000000000,0.000000000000,0.000071182534,0.000000000000,0.000000000000,0.000077320760,0.000000000000,0.000000000000,0.000080853973
544,0.000000000000,0.000000000000,0.000418527014,0.000000000000,0.000000000000,0.000439683787,0.000000000000,0.000000000000,0.000446032581,0.000000000000,0.000000000000,0.000277439835,0.000000000000,0.000000000000,0.000303573644,0.000000000000,0.000000000000,0.000296464269,0.000000000000,0.000000000000,0.000154434052,0.000000000000,0.000000000000,0.000160409341,0.000000000000,0.000000000000,0.000170883809,0.000000000000,0.000000000000,0.000093061118,0.000000000000,0.000000000000,0.000096792677,0.000000000000,0.000000000000,0.000101270712,0.000000000000,0.000000000000,0.000071182534,0.000000000000,0.000000000000,0.000077328076,0.000000000000,0.000000000000,0.000080865737
545,0.000000000000,0.000000000000,0.000418527014,0.000000000000,0.000000000000,0.000439683787,0.000000000000,0.000000000000,0.000446032581,0.000000000000,0.000000000000,0.000277439835,0.000000000000,0.000000000000,0.000303573644,0.000000000000,0.000000000000,0.000296464269,0.000000000000,0.000000000000,0.000154434052,0.000000000000,0.000000000000,0.000160409341,0.000000000000,0.000000000000,0.000170883809,0.000000000000,0.000000000000,0.000093061118,0.000000000000,0.000000000000,0.000096792677,0.000000000000,0.000000000000,0.000101270712,0.000000000000,0.000000000000,0.000071207695,0.000000000000,0.000000000000,0.000077328076,0.000000000000,0.000000000000,0.000080865737
546,0.000000000000,0.000000000000,0.000418527014,0.000000000000,0.000000000000,0.000439683787,0.000000000000,0.000000000000,0.000446032581,0.000000000000,0.000000000000,0.000277439835,0.000000000000,0.000000000000,0.000303573644,0.000000000000,0.000000000000,0.000296464269,0.000000000000,0.000000000000,0.000154434052,0.000000000000,0.000000000000,0.000160409341,0.000000000000,0.000000000000,0.000170883809,0.000000000000,0.000000000000,0.000093061118,0.000000000000,0.000000000000,0.000096792677,0.000000000000,0.000000000000,0.000101270712,0.000000000000,0.000000000000,0.000071207695,0.000000000000,0.000000000000,0.000077328076,0.000000000000,0.000000000000,0.000080865737
547,0.000000000000,0.000000000000,0.000418527014,0.000000000000,0.000000000000,0.000439683787,0.000000000000,0.000000000000,0.000446032581,0.000000000000,0.000000000000,0.000277439835,0.000000000000,0.000000000000,0.000303573644,0.000000000000,0.000000000000,0.000296464269,0.000000000000,0.000000000000,0.000154434052,0.000000000000,0.000000000000,0.000160409341,0.000000000000,0.000000000000,0.000170883809,0.000000000000,0.000000000000,0.000093061118,0.000000000000,0.000000000000,0.000096792677,0.000000000000,0.000000000000,0.000101270712,0.000000000000,0.000000000000,0.000071207695,0.000000000000,0.000000000000,0.000077328076,0.000000000000,0.000000000000,0.000080933097
548,0.000000000000,0.000000000000,0.000418527014,0.000000000000,0.000000000000,0.000439683787,0.000000000000,0.000000000000,0.000446032581,0.000000000000,0.000000000000,0.000277439835,0.000000000000,0.000000000000,0.000303573644,0.000000000000,0.000000000000,0.000296464269,0.000000000000,0.000000000000,0.000154434052,0.000000000000,0.000000000000,0.000160409341,0.000000000000,0.000000000000,0.000170883809,0.000000000000,0.000000000000,0.000093061118,0.000000000000,0.000000000000,0.000096793395,0.000000000000,0.000000000000,0.000101270712,0.000000000000,0.000000000000,0.000071207695,0.000000000000,0.000000000000,0.000077328076,0.000000000000,0.000000000000,0.000080933097
549,0.000000000000,0.000000000000,0.000418527014,0.000000000000,0.000000000000,0.000439683787,0.000000000000,0.000000000000,0.000446032581,0.000000000000,0.000000000000,0.000277439835,0.000000000000,0.000000000000,0.000303573644,0.000000000000,0.000000000000,0.000296464269,0.000000000000,0.000000000000,0.000154434052,0.000000000000,0.000000000000,0.000160409341,0.000000000000,0.000000000000,0.000170883809,0.000000000000,0.000000000000,0.000093061118,0.000000000000,0.000000000000,0.000096793395,0.000000000000,0.000000000000,0.000101270712,0.000000000000,0.000000000000,0.000071207695,0.000000000000,0.000000000000,0.000077328076,0.000000000000,0.000000000000,0.000080933097
550,0.000000000000,0.000000000000,0.000418527014,0.000000000000,0.000000000000,0.000439683787,0.000000000000,0.000000000000,0.000446032581,0.000000000000,0.000000000000,0.000277439835,0.000000000000,0.000000000000,0.000303573644,0.000000000000,0.000000000000,0.000296464269,0.000000000000,0.000000000000,0.000154434052,0.000000000000,0.000000000000,0.000160409341,0.000000000000,0.000000000000,0.000170883809,0.000000000000,0.000000000000,0.000093061118,0.000000000000,0.000000000000,0.000096793395,0.000000000000,0.000000000000,0.000101270712,0.000000000000,0.000000000000,0.000071228696,0.000000000000,0.000000000000,0.000077328076,0.000000000000,0.000000000000,0.000080933097
551,0.000000000000,0.000000000000,0.000418527014,0.000000000000,0.000000000000,0.000439683787,0.000000000000,0.000000000000,0.000446032581,0.000000000000,0.000000000000,0.000277439835,0.000000000000,0.000000000000,0.000303573644,0.000000000000,0.000000000000,0.000296464269,0.000000000000,0.000000000000,0.000154434052,0.000000000000,0.000000000000,0.000160419573,0.000000000000,0.000000000000,0.000170883809,0.000000000000,0.000000000000,0.000093061118,0.000000000000,0.000000000000,0.000096808540,0.000000000000,0.000000000000,0.000101270712,0.000000000000,0.000000000000,0.000071228696,0.000000000000,0.000000000000,0.000077328076,0.000000000000,0.000000000000,0.000080940889
552,0.000000000000,0.000000000000,0.000418527014,0.000000000000,0.000000000000,0.000439683787,0.000000000000,0.000000000000,0.000446032581,0.000000000000,0.000000000000,0.000277439835,0.000000000000,0.000000000000,0.000303573644,0.000000000000,0.000000000000,0.000296464269,0.000000000000,0.000000000000,0.000154434052,0.000000000000,0.000000000000,0.000160419573,0.000000000000,0.000000000000,0.000170883809,0.000000000000,0.000000000000,0.000093121690,0.000000000000,0.000000000000,0.000096808540,0.000000000000,0.000000000000,0.000101270712,0.000000000000,0.000000000000,0.000071365350,0.000000000000,0.000000000000,0.000077328076,0.000000000000,0.000000000000,0.000080940889
553,0.000000000000,0.000000000000,0.000418527014,0.000000000000,0.000000000000,0.000439683787,0.000000000000,0.000000000000,0.000446032581,0.000000000000,0.000000000000,0.000277439835,0.000000000000,0.000000000000,0.000303573644,0.000000000000,0.000000000000,0.000296464269,0.000000000000,0.000000000000,0.000154434052,0.000000000000,0.000000000000,0.000160419573,0.000000000000,0.000000000000,0.000170883809,0.000000000000,0.000000000000,0.000093121690,0.000000000000,0.000000000000,0.000096808540,0.000000000000,0.000000000000,0.000101336492,0.000000000000,0.000000000000,0.000071365350,0.000000000000,0.000000000000,0.000077328076,0.000000000000,0.000000000000,0.000080940889
554,0.000000000000,0.000000000000,0.000418527014,0.000000000000,0.000000000000,0.000439683787,0.000000000000,0.000000000000,0.000446032581,0.000000000000,0.000000000000,0.000277439835,0.000000000000,0.000000000000,0.000303573644,0.000000000000,0.000000000000,0.000296464269,0.000000000000,0.000000000000,0.000154434052,0.000000000000,0.000000000000,0.000160419573,0.000000000000,0.000000000000,0.000170883809,0.000000000000,0.000000000000,0.000093121690,0.000000000000,0.000000000000,0.000096808540,0.000000000000,0.000000000000,0.000101336492,0.000000000000,0.000000000000,0.000071365350,0.000000000000,0.000000000000,0.000077328076,0.000000000000,0.000000000000,0.000080940889
555,0.000000000000,0.000000000000,0.000418527014,0.000000000000,0.000000000000,0.000439683787,0.000000000000,0.000000000000,0.000446032581,0.000000000000,0.000000000000,0.000277439835,0.000000000000,0.000000000000,0.000303573644,0.000000000000,0.000000000000,0.000296464269,0.000000000000,0.000000000000,0.000154434052,0.000000000000,0.000000000000,0.000160419573,0.000000000000,0.000000000000,0.000170883809,0.000000000000,0.000000000000,0.000093121690,0.000000000000,0.000000000000,0.000096808540,0.000000000000,0.000000000000,0.000101336492,0.000000000000,0.000000000000,0.000071365350,0.000000000000,0.000000000000,0.000077328076,0.000000000000,0.000000000000,0.000080940889
556,0.000000000000,0.000000000000,0.000418527014,0.000000000000,0.000000000000,0.000439683787,0.000000000000,0.000000000000,0.000446032581,0.000000000000,0.000000000000,0.000277439835,0.000000000000,0.000000000000,0.000303573644,0.000000000000,0.000000000000,0.000296464269,0.000000000000,0.000000000000,0.000154434052,0.000000000000,0.000000000000,0.000160419573,0.000000000000,0.000000000000,0.000170883809,0.000000000000,0.000000000000,0.000093121690,0.000000000000,0.000000000000,0.000096808540,0.000000000000,0.000000000000,0.000101372261,0.000000000000,0.000000000000,0.000071365350,0.000000000000,0.000000000000,0.000077328076,0.000000000000,0.000000000000,0.000080940889
557,0.000000000000,0.000000000000,0.000420010459,0.000000000000,0.000000000000,0.000439683787,0.000000000000,0.000000000000,0.000446032581,0.000000000000,0.000000000000,0.000277439835,0.000000000000,0.000000000000,0.000303573644,0.000000000000,0.000000000000,0.000296464269,0.000000000000,0.000000000000,0.000154434052,0.000000000000,0.000000000000,0.000160419573,0.000000000000,0.000000000000,0.000170883809,0.000000000000,0.000000000000,0.000093121690,0.000000000000,0.000000000000,0.000096808540,0.000000000000,0.000000000000,0.000101372261,0.000000000000,0.000000000000,0.000071365350,0.000000000000,0.000000000000,0.000077328076,0.000000000000,0.000000000000,0.000080941804
558,0.000000000000,0.000000000000,0.000420010459,0.000000000000,0.000000000000,0.000439683787,0.000000000000,0.000000000000,0.000446032581,0.000000000000,0.000000000000,0.000277439835,0.000000000000,0.000000000000,0.000303573644,0.000000000000,0.000000000000,0.000296464269,0.000000000000,0.000000000000,0.000154434052,0.000000000000,0.000000000000,0.000160419573,0.000000000000,0.000000000000,0.000170883809,0.000000000000,0.000000000000,0.000093121690,0.000000000000,0.000000000000,0.000096808540,0.000000000000,0.000000000000,0.000101372261,0.000000000000,0.000000000000,0.000071365350,0.000000000000,0.000000000000,0.000077328076,0.000000000000,0.000000000000,0.000080950290
559,0.000000000000,0.000000000000,0.000420010459,0.000000000000,0.000000000000,0.000439683787,0.000000000000,0.000000000000,0.000446032581,0.000000000000,0.000000000000,0.000277439835,0.000000000000,0.000000000000,0.000303573644,0.000000000000,0.000000000000,0.000296464269,0.000000000000,0.000000000000,0.000154434052,0.000000000000,0.000000000000,0.000160419573,0.000000000000,0.000000000000,0.000170883809,0.000000000000,0.000000000000,0.000093121690,0.000000000000,0.000000000000,0.000096808540,0.000000000000,0.000000000000,0.000101372261,0.000000000000,0.000000000000,0.000071365350,0.000000000000,0.000000000000,0.000077328076,0.000000000000,0.000000000000,0.000080950290
560,0.000000000000,0.000000000000,0.000420010459,0.000000000000,0.000000000000,0.000439683787,0.000000000000,0.000000000000,0.000446032581,0.000000000000,0.000000000000,0.000277439835,0.000000000000,0.000000000000,0.000303573644,0.000000000000,0.000000000000,0.000296464269,0.000000000000,0.000000000000,0.000154434052,0.000000000000,0.000000000000,0.000160419573,0.000000000000,0.000000000000,0.000170883809,0.000000000000,0.000000000000,0.000093121690,0.000000000000,0.000000000000,0.000096808540,0.000000000000,0.000000000000,0.000101372261,0.000000000000,0.000000000000,0.000071365350,0.000000000000,0.000000000000,0.000077328076,0.000000000000,0.000000000000,0.000080950290
561,0.000000000000,0.000000000000,0.000420010459,0.000000000000,0.000000000000,0.000439683787,0.000000000000,0.000000000000,0.000446032581,0.000000000000,0.000000000000,0.000277439835,0.000000000000,0.000000000000,0.000303573644,0.000000000000,0.000000000000,0.000296464269,0.000000000000,0.000000000000,0.000154434052,0.000000000000,0.000000000000,0.000160419573,0.000000000000,0.000000000000,0.000170883809,0.000000000000,0.000000000000,0.000093121690,0.000000000000,0.000000000000,0.000096808540,0.000000000000,0.000000000000,0.000101372261,0.000000000000,0.000000000000,0.000071365350,0.000000000000,0.000000000000,0.000077328076,0.000000000000,0.000000000000,0.000080950290
562,0.000000000000,0.000000000000,0.000420010459,0.000000000000,0.000000000000,0.000439683787,0.000000000000,0.000000000000,0.000446032581,0.000000000000,0.000000000000,0.000277439835,0.000000000000,0.000000000000,0.000303573644,0.000000000000,0.000000000000,0.000296464269,0.000000000000,0.000000000000,0.000154434052,0.000000000000,0.000000000000,0.000160419573,0.000000000000,0.000000000000,0.000170883809,0.000000000000,0.000000000000,0.000093121690,0.000000000000,0.000000000000,0.000096808540,0.000000000000,0.000000000000,0.000101372261,0.000000000000,0.000000000000,0.000071365350,0.000000000000,0.000000000000,0.000077328076,0.000000000000,0.000000000000,0.000080951024
563,0.000000000000,0.000000000000,0.000420010459,0.000000000000,0.000000000000,0.000439683787,0.000000000000,0.000000000000,0.000446032581,0.000000000000,0.000000000000,0.000277439835,0.000000000000,0.000000000000,0.000303573644,0.000000000000,0.000000000000,0.000296464269,0.000000000000,0.000000000000,0.000154434052,0.000000000000,0.000000000000,0.000160419573,0.000000000000,0.000000000000,0.000170883809,0.000000000000,0.000000000000,0.000093121690,0.000000000000,0.000000000000,0.000096808540,0.000000000000,0.000000000000,0.000101372261,0.000000000000,0.000000000000,0.000071365350,0.000000000000,0.000000000000,0.000077328076,0.000000000000,0.000000000000,0.000080958537
564,0.000000000000,0.000000000000,0.000420010459,0.000000000000,0.000000000000,0.000439683787,0.000000000000,0.000000000000,0.000446032581,0.000000000000,0.000000000000,0.000277439835,0.000000000000,0.000000000000,0.000303573644,0.000000000000,0.000000000000,0.000296464269,0.000000000000,0.000000000000,0.000154434052,0.000000000000,0.000000000000,0.000160419573,0.000000000000,0.000000000000,0.000170883809,0.000000000000,0.000000000000,0.000093121690,0.000000000000,0.000000000000,0.000096808540,0.000000000000,0.000000000000,0.000101372261,0.000000000000,0.000000000000,0.000071365350,0.000000000000,0.000000000000,0.000077328076,0.000000000000,0.000000000000,0.000080958537
565,0.000000000000,0.000000000000,0.000420010459,0.000000000000,0.000000000000,0.000439683787,0.000000000000,0.000000000000,0.000446032581,0.000000000000,0.000000000000,0.000277439835,0.000000000000,0.000000000000,0.000303573644,0.000000000000,0.000000000000,0.000296464269,0.000000000000,0.000000000000,0.000154434052,0.000000000000,0.000000000000,0.000160419573,0.000000000000,0.000000000000,0.000170883809,0.000000000000,0.000000000000,0.000093121690,0.000000000000,0.000000000000,0.000096808540,0.000000000000,0.000000000000,0.000101372261,0.000000000000,0.000000000000,0.000071365350,0.000000000000,0.000000000000,0.000077328076,0.000000000000,0.000000000000,0.000080958537
566,0.000000000000,0.000000000000,0.000420010459,0.000000000000,0.000000000000,0.000439683787,0.000000000000,0.000000000000,0.000446032581,0.000000000000,0.000000000000,0.000277439835,0.000000000000,0.000000000000,0.000303573644,0.000000000000,0.000000000000,0.000296464269,0.000000000000,0.000000000000,0.000154434052,0.000000000000,0.000000000000,0.000160419573,0.000000000000,0.000000000000,0.000170883809,0.000000000000,0.000000000000,0.000093121690,0.000000000000,0.000000000000,0.000096808540,0.000000000000,0.000000000000,0.000101372261,0.000000000000,0.000000000000,0.000071365350,0.000000000000,0.000000000000,0.000077328076,0.000000000000,0.000000000000,0.000080958537
567,0.000000000000,0.000000000000,0.000420010459,0.000000000000,0.000000000000,0.000439683787,0.000000000000,0.000000000000,0.000446032581,0.000000000000,0.000000000000,0.000277439835,0.000000000000,0.000000000000,0.000303573644,0.000000000000,0.000000000000,0.000296464269,0.000000000000,0.000000000000,0.000154434052,0.000000000000,0.000000000000,0.000160419573,0.000000000000,0.000000000000,0.000170883809,0.000000000000,0.000000000000,0.000093121690,0.000000000000,0.000000000000,0.000096808540,0.000000000000,0.000000000000,0.000101372261,0.000000000000,0.000000000000,0.000071365350,0.000000000000,0.000000000000,0.000077328076,0.000000000000,0.000000000000,0.000080959619
568,0.000000000000,0.000000000000,0.000420010459,0.000000000000,0.000000000000,0.000439683787,0.000000000000,0.000000000000,0.000446032581,0.000000000000,0.000000000000,0.000277439835,0.000000000000,0.000000000000,0.000303573644,0.000000000000,0.000000000000,0.000296464269,0.000000000000,0.000000000000,0.000154434052,0.000000000000,0.000000000000,0.000160419573,0.000000000000,0.000000000000,0.000170883809,0.000000000000,0.000000000000,0.000093121690,0.000000000000,0.000000000000,0.000096808540,0.000000000000,0.000000000000,0.000101372261,0.000000000000,0.000000000000,0.000071365350,0.000000000000,0.000000000000,0.000077328076,0.000000000000,0.000000000000,0.000080959619
569,0.000000000000,0.000000000000,0.000420010459,0.000000000000,0.000000000000,0.000439683787,0.000000000000,0.000000000000,0.000446032581,0.000000000000,0.000000000000,0.000277439835,0.000000000000,0.000000000000,0.000303573644,0.000000000000,0.000000000000,0.000296464269,0.000000000000,0.000000000000,0.000154434052,0.000000000000,0.000000000000,0.000160419573,0.000000000000,0.000000000000,0.000170883809,0.000000000000,0.000000000000,0.000093121690,0.000000000000,0.000000000000,0.000096808540,0.000000000000,0.000000000000,0.000101372261,0.000000000000,0.000000000000,0.000071365350,0.000000000000,0.000000000000,0.000077328076,0.000000000000,0.000000000000,0.000080959619
570,0.000000000000,0.000000000000,0.000420010459,0.000000000000,0.000000000000,0.000439683787,0.000000000000,0.000000000000,0.000446032581,0.000000000000,0.000000000000,0.000277439835,0.000000000000,0.000000000000,0.000303573644,0.000000000000,0.000000000000,0.000296464269,0.000000000000,0.000000000000,0.000154434052,0.000000000000,0.000000000000,0.000160419573,0.000000000000,0.000000000000,0.000170883809,0.000000000000,0.000000000000,0.000093121690,0.000000000000,0.000000000000,0.000096808540,0.000000000000,0.000000000000,0.000101372261,0.000000000000,0.000000000000,0.000071365350,0.000000000000,0.000000000000,0.000077328076,0.000000000000,0.000000000000,0.000080959619
571,0.000000000000,0.000000000000,0.000420010459,0.000000000000,0.000000000000,0.000439683787,0.000000000000,0.000000000000,0.000446032581,0.000000000000,0.000000000000,0.000277439835,0.000000000000,0.000000000000,0.000303573644,0.000000000000,0.000000000000,0.000296464269,0.000000000000,0.000000000000,0.000154434052,0.000000000000,0.000000000000,0.000160419573,0.000000000000,0.000000000000,0.000170883809,0.000000000000,0.000000000000,0.000093121690,0.000000000000,0.000000000000,0.000096808540,0.000000000000,0.000000000000,0.000101372261,0.000000000000,0.000000000000,0.000071365350,0.000000000000,0.000000000000,0.000077328076,0.000000000000,0.000000000000,0.000081011999
572,0.000000000000,0.000000000000,0.000420010459,0.000000000000,0.000000000000,0.000439683787,0.000000000000,0.000000000000,0.000446032581,0.000000000000,0.000000000000,0.000277439835,0.000000000000,0.000000000000,0.000303573644,0.000000000000,0.000000000000,0.000296464269,0.000000000000,0.000000000000,0.000154434052,0.000000000000,0.000000000000,0.000160419573,0.000000000000,0.000000000000,0.000170883809,0.000000000000,0.000000000000,0.000093121690,0.000000000000,0.000000000000,0.000096808540,0.000000000000,0.000000000000,0.000101372261,0.000000000000,0.000000000000,0.000071365350,0.000000000000,0.000000000000,0.000077328076,0.000000000000,0.000000000000,0.000081013729
573,0.000000000000,0.000000000000,0.000420010459,0.000000000000,0.000000000000,0.000439683787,0.000000000000,0.000000000000,0.000446032581,0.000000000000,0.000000000000,0.000277439835,0.000000000000,0.000000000000,0.000303573644,0.000000000000,0.000000000000,0.000296464269,0.000000000000,0.000000000000,0.000154434052,0.000000000000,0.000000000000,0.000160419573,0.000000000000,0.000000000000,0.000170883809,0.000000000000,0.000000000000,0.000093121690,0.000000000000,0.000000000000,0.000096808540,0.000000000000,0.000000000000,0.000101372261,0.000000000000,0.000000000000,0.000071365350,0.000000000000,0.000000000000,0.000077328076,0.000000000000,0.000000000000,0.000081023514
574,0.000000000000,0.000000000000,0.000420010459,0.000000000000,0.000000000000,0.000439683787,0.000000000000,0.000000000000,0.000446032581,0.000000000000,0.000000000000,0.000277439835,0.000000000000,0.000000000000,0.000303573644,0.000000000000,0.000000000000,0.000296464269,0.000000000000,0.000000000000,0.000154434052,0.000000000000,0.000000000000,0.000160419573,0.000000000000,0.000000000000,0.000170883809,0.000000000000,0.000000000000,0.000093144440,0.000000000000,0.000000000000,0.000096808540,0.000000000000,0.000000000000,0.000101372261,0.000000000000,0.000000000000,0.000071365350,0.000000000000,0.000000000000,0.000077328076,0.000000000000,0.000000000000,0.000081060144
575,0.000000000000,0.000000000000,0.000420010459,0.000000000000,0.000000000000,0.000439683787,0.000000000000,0.000000000000,0.000446032581,0.000000000000,0.000000000000,0.000277439835,0.000000000000,0.000000000000,0.000303573644,0.000000000000,0.000000000000,0.000296464269,0.000000000000,0.000000000000,0.000154434052,0.000000000000,0.000000000000,0.000160419573,0.000000000000,0.000000000000,0.000170883809,0.000000000000,0.000000000000,0.000093144440,0.000000000000,0.000000000000,0.000096808540,0.000000000000,0.000000000000,0.000101372261,0.000000000000,0.000000000000,0.000071365350,0.000000000000,0.000000000000,0.000077328076,0.000000000000,0.000000000000,0.000081242812
576,0.000000000000,0.000000000000,0.000420010459,0.000000000000,0.000000000000,0.000439683787,0.000000000000,0.000000000000,0.000446032581,0.000000000000,0.000000000000,0.000277439835,0.000000000000,0.000000000000,0.000303573644,0.000000000000,0.000000000000,0.000296464269,0.000000000000,0.000000000000,0.000154434052,0.000000000000,0.000000000000,0.000160419573,0.000000000000,0.000000000000,0.000170883809,0.000000000000,0.000000000000,0.000093156296,0.000000000000,0.000000000000,0.000096808540,0.000000000000,0.000000000000,0.000101374808,0.000000000000,0.000000000000,0.000071365350,0.000000000000,0.000000000000,0.000077328076,0.000000000000,0.000000000000,0.000081242812
577,0.000000000000,0.000000000000,0.000420010459,0.000000000000,0.000000000000,0.000439683787,0.000000000000,0.000000000000,0.000446032581,0.000000000000,0.000000000000,0.000277439835,0.000000000000,0.000000000000,0.000303573644,0.000000000000,0.000000000000,0.000296464269,0.000000000000,0.000000000000,0.000154434052,0.000000000000,0.000000000000,0.000160419573,0.000000000000,0.000000000000,0.000170883809,0.000000000000,0.000000000000,0.000093156296,0.000000000000,0.000000000000,0.000096808540,0.000000000000,0.000000000000,0.000101374808,0.000000000000,0.000000000000,0.000071365350,0.000000000000,0.000000000000,0.000077338920,0.000000000000,0.000000000000,0.000081242812
578,0.000000000000,0.000000000000,0.000420010459,0.000000000000,0.000000000000,0.000439683787,0.000000000000,0.000000000000,0.000446032581,0.000000000000,0.000000000000,0.000277439835,0.000000000000,0.000000000000,0.000303573644,0.000000000000,0.000000000000,0.000296464269,0.000000000000,0.000000000000,0.000154434052,0.000000000000,0.000000000000,0.000160419573,0.000000000000,0.000000000000,0.000170883809,0.000000000000,0.000000000000,0.000093156946,0.000000000000,0.000000000000,0.000096808540,0.000000000000,0.000000000000,0.000101379178,0.000000000000,0.000000000000,0.000071365350,0.000000000000,0.000000000000,0.000077338920,0.000000000000,0.000000000000,0.000081242812
579,0.000000000000,0.000000000000,0.000420010459,0.000000000000,0.000000000000,0.000439683787,0.000000000000,0.000000000000,0.000446032581,0.000000000000,0.000000000000,0.000277439835,0.000000000000,0.000000000000,0.000303573644,0.000000000000,0.000000000000,0.000296464269,0.000000000000,0.000000000000,0.000154434052,0.000000000000,0.000000000000,0.000160419573,0.000000000000,0.000000000000,0.000170883809,0.000000000000,0.000000000000,0.000093156946,0.000000000000,0.000000000000,0.000096808540,0.000000000000,0.000000000000,0.000101379178,0.000000000000,0.000000000000,0.000071365350,0.000000000000,0.000000000000,0.000077338920,0.000000000000,0.000000000000,0.000081242812
580,0.000000000000,0.000000000000,0.000420010459,0.000000000000,0.000000000000,0.000439683787,0.000000000000,0.000000000000,0.000446032581,0.000000000000,0.000000000000,0.000277439835,0.000000000000,0.000000000000,0.000303573644,0.000000000000,0.000000000000,0.000296464269,0.000000000000,0.000000000000,0.000154434052,0.000000000000,0.000000000000,0.000160454745,0.000000000000,0.000000000000,0.000170883809,0.000000000000,0.000000000000,0.000093156946,0.000000000000,0.000000000000,0.000096808540,0.000000000000,0.000000000000,0.000101379178,0.000000000000,0.000000000000,0.000071365350,0.000000000000,0.000000000000,0.000077338920,0.000000000000,0.000000000000,0.000081247203
581,0.000000000000,0.000000000000,0.000420010459,0.000000000000,0.000000000000,0.000439683787,0.000000000000,0.000000000000,0.000446032581,0.000000000000,0.000000000000,0.000277439835,0.000000000000,0.000000000000,0.000303573644,0.000000000000,0.000000000000,0.000296464269,0.000000000000,0.000000000000,0.000154434052,0.000000000000,0.000000000000,0.000160454745,0.000000000000,0.000000000000,0.000170883809,0.000000000000,0.000000000000,0.000093156946,0.000000000000,0.000000000000,0.000096808540,0.000000000000,0.000000000000,0.000101379178,0.000000000000,0.000000000000,0.000071365350,0.000000000000,0.000000000000,0.000077338920,0.000000000000,0.000000000000,0.000081247203
582,0.000000000000,0.000000000000,0.000420010459,0.000000000000,0.000000000000,0.000439683787,0.000000000000,0.000000000000,0.000446032581,0.000000000000,0.000000000000,0.000277439835,0.000000000000,0.000000000000,0.000303573644,0.000000000000,0.000000000000,0.000296464269,0.000000000000,0.000000000000,0.000154434052,0.000000000000,0.000000000000,0.000160454745,0.000000000000,0.000000000000,0.000170883809,0.000000000000,0.000000000000,0.000093178967,0.000000000000,0.000000000000,0.000096808540,0.000000000000,0.000000000000,0.000101392839,0.000000000000,0.000000000000,0.000071365350,0.000000000000,0.000000000000,0.000077338920,0.000000000000,0.000000000000,0.000081247203
583,0.000000000000,0.000000000000,0.000420010459,0.000000000000,0.000000000000,0.000439683787,0.000000000000,0.000000000000,0.000446032581,0.000000000000,0.000000000000,0.000277439835,0.000000000000,0.000000000000,0.000303573644,0.000000000000,0.000000000000,0.000296464269,0.000000000000,0.000000000000,0.000154434052,0.000000000000,0.000000000000,0.000160454745,0.000000000000,0.000000000000,0.000170883809,0.000000000000,0.000000000000,0.000093178967,0.000000000000,0.000000000000,0.000096808540,0.000000000000,0.000000000000,0.000101408036,0.000000000000,0.000000000000,0.000071365350,0.000000000000,0.000000000000,0.000077338920,0.000000000000,0.000000000000,0.000081247203
584,0.000000000000,0.000000000000,0.000420010459,0.000000000000,0.000000000000,0.000439683787,0.000000000000,0.000000000000,0.000446032581,0.000000000000,0.000000000000,0.000277439835,0.000000000000,0.000000000000,0.000303573644,0.000000000000,0.000000000000,0.000296464269,0.000000000000,0.000000000000,0.000154434052,0.000000000000,0.000000000000,0.000160454745,0.000000000000,0.000000000000,0.000170883809,0.000000000000,0.000000000000,0.000093178967,0.000000000000,0.000000000000,0.000096808540,0.000000000000,0.000000000000,0.000101408036,0.000000000000,0.000000000000,0.000071365350,0.000000000000,0.000000000000,0.000077338920,0.000000000000,0.000000000000,0.000081247203
585,0.000000000000,0.000000000000,0.000420010459,0.000000000000,0.000000000000,0.000439683787,0.000000000000,0.000000000000,0.000446032581,0.000000000000,0.000000000000,0.000277439835,0.000000000000,0.000000000000,0.000303573644,0.000000000000,0.000000000000,0.000296464269,0.000000000000,0.000000000000,0.000154434052,0.000000000000,0.000000000000,0.000160454745,0.000000000000,0.000000000000,0.000170883809,0.000000000000,0.000000000000,0.000093213658,0.000000000000,0.000000000000,0.000096808540,0.000000000000,0.000000000000,0.000101408036,0.000000000000,0.000000000000,0.000071365350,0.000000000000,0.000000000000,0.000077338920,0.000000000000,0.000000000000,0.000081247203
586,0.000000000000,0.000000000000,0.000420010459,0.000000000000,0.000000000000,0.000439683787,0.000000000000,0.000000000000,0.000446032581,0.000000000000,0.000000000000,0.000277439835,0.000000000000,0.000000000000,0.000303573644,0.000000000000,0.000000000000,0.000296464269,0.000000000000,0.000000000000,0.000154434052,0.000000000000,0.000000000000,0.000160454745,0.000000000000,0.000000000000,0.000170883809,0.000000000000,0.000000000000,0.000093213658,0.000000000000,0.000000000000,0.000096808540,0.000000000000,0.000000000000,0.000101408036,0.000000000000,0.000000000000,0.000071365350,0.000000000000,0.000000000000,0.000077338920,0.000000000000,0.000000000000,0.000081247203
587,0.000000000000,0.000000000000,0.000420010459,0.000000000000,0.000000000000,0.000439683787,0.000000000000,0.000000000000,0.000446032581,0.000000000000,0.000000000000,0.000277439835,0.000000000000,0.000000000000,0.000303573644,0.000000000000,0.000000000000,0.000296464269,0.000000000000,0.000000000000,0.000154434052,0.000000000000,0.000000000000,0.000160454745,0.000000000000,0.000000000000,0.000170883809,0.000000000000,0.000000000000,0.000093213658,0.000000000000,0.000000000000,0.000096843503,0.000000000000,0.000000000000,0.000101408036,0.000000000000,0.000000000000,0.000071476759,0.000000000000,0.000000000000,0.000077338920,0.000000000000,0.000000000000,0.000081247203
588,0.000000000000,0.000000000000,0.000420010459,0.000000000000,0.000000000000,0.000439683787,0.000000000000,0.000000000000,0.000446032581,0.000000000000,0.000000000000,0.000277439835,0.000000000000,0.000000000000,0.000303573644,0.000000000000,0.000000000000,0.000296464269,0.000000000000,0.000000000000,0.000154434052,0.000000000000,0.000000000000,0.000160454745,0.000000000000,0.000000000000,0.000170883809,0.000000000000,0.000000000000,0.000093220741,0.000000000000,0.000000000000,0.000096843503,0.000000000000,0.000000000000,0.000101408036,0.000000000000,0.000000000000,0.000071476759,0.000000000000,0.000000000000,0.000077338920,0.000000000000,0.000000000000,0.000081247203
589,0.000000000000,0.000000000000,0.000420010459,0.000000000000,0.000000000000,0.000439683787,0.000000000000,0.000000000000,0.000446032581,0.000000000000,0.000000000000,0.000277439835,0.000000000000,0.000000000000,0.000303573644,0.000000000000,0.000000000000,0.000296464269,0.000000000000,0.000000000000,0.000154434052,0.000000000000,0.000000000000,0.000160454745,0.000000000000,0.000000000000,0.000170883809,0.000000000000,0.000000000000,0.000093220741,0.000000000000,0.000000000000,0.000096843503,0.000000000000,0.000000000000,0.000101408036,0.000000000000,0.000000000000,0.000071488400,0.000000000000,0.000000000000,0.000077338920,0.000000000000,0.000000000000,0.000081247203
590,0.000000000000,0.000000000000,0.000420010459,0.000000000000,0.000000000000,0.000439683787,0.000000000000,0.000000000000,0.000446032581,0.000000000000,0.000000000000,0.000277439835,0.000000000000,0.000000000000,0.000303587506,0.000000000000,0.000000000000,0.000296464269,0.000000000000,0.000000000000,0.000154434052,0.000000000000,0.000000000000,0.000160454745,0.000000000000,0.000000000000,0.000170883809,0.000000000000,0.000000000000,0.000093220741,0.000000000000,0.000000000000,0.000096843503,0.000000000000,0.000000000000,0.000101408036,0.000000000000,0.000000000000,0.000071488400,0.000000000000,0.000000000000,0.000077486738,0.000000000000,0.000000000000,0.000081247203
591,0.000000000000,0.000000000000,0.000420010459,0.000000000000,0.000000000000,0.000439683787,0.000000000000,0.000000000000,0.000446032581,0.000000000000,0.000000000000,0.000277439835,0.000000000000,0.000000000000,0.000303587506,0.000000000000,0.000000000000,0.000296464269,0.000000000000,0.000000000000,0.000154434052,0.000000000000,0.000000000000,0.000160454745,0.000000000000,0.000000000000,0.000170883809,0.000000000000,0.000000000000,0.000093246464,0.000000000000,0.000000000000,0.000096843503,0.000000000000,0.000000000000,0.000101408036,0.000000000000,0.000000000000,0.000071488400,0.000000000000,0.000000000000,0.000077486738,0.000000000000,0.000000000000,0.000081247203
592,0.000000000000,0.000000000000,0.000420010459,0.000000000000,0.000000000000,0.000439683787,0.000000000000,0.000000000000,0.000446032581,0.000000000000,0.000000000000,0.000277439835,0.000000000000,0.000000000000,0.000303587506,0.000000000000,0.000000000000,0.000296464269,0.000000000000,0.000000000000,0.000154434052,0.000000000000,0.000000000000,0.000160454745,0.000000000000,0.000000000000,0.000170883809,0.000000000000,0.000000000000,0.000093246464,0.000000000000,0.000000000000,0.000096850586,0.000000000000,0.000000000000,0.000101408036,0.000000000000,0.000000000000,0.000071488400,0.000000000000,0.000000000000,0.000077486738,0.000000000000,0.000000000000,0.000081247203
593,0.000000000000,0.000000000000,0.000420010459,0.000000000000,0.000000000000,0.000439683787,0.000000000000,0.000000000000,0.000446032581,0.000000000000,0.000000000000,0.000277439835,0.000000000000,0.000000000000,0.000303587506,0.000000000000,0.000000000000,0.000296464269,0.000000000000,0.000000000000,0.000154434052,0.000000000000,0.000000000000,0.000160454745,0.000000000000,0.000000000000,0.000170883809,0.000000000000,0.000000000000,0.000093246464,0.000000000000,0.000000000000,0.000096850586,0.000000000000,0.000000000000,0.000101408036,0.000000000000,0.000000000000,0.000071488400,0.000000000000,0.000000000000,0.000077486738,0.000000000000,0.000000000000,0.000081247203
594,0.000000000000,0.000000000000,0.000420010459,0.000000000000,0.000000000000,0.000439683787,0.000000000000,0.000000000000,0.000446032581,0.000000000000,0.000000000000,0.000277439835,0.000000000000,0.000000000000,0.000303587506,0.000000000000,0.000000000000,0.000296464269,0.000000000000,0.000000000000,0.000154434052,0.000000000000,0.000000000000,0.000160454745,0.000000000000,0.000000000000,0.000170883809,0.000000000000,0.000000000000,0.000093270684,0.000000000000,0.000000000000,0.000096850586,0.000000000000,0.000000000000,0.000101408036,0.000000000000,0.000000000000,0.000071488400,0.000000000000,0.000000000000,0.000077486738,0.000000000000,0.000000000000,0.000081247203
595,0.000000000000,0.000000000000,0.000420010459,0.000000000000,0.000000000000,0.000439683787,0.000000000000,0.000000000000,0.000446032581,0.000000000000,0.000000000000,0.000277439835,0.000000000000,0.000000000000,0.000303587506,0.000000000000,0.000000000000,0.000296464269,0.000000000000,0.000000000000,0.000154434052,0.000000000000,0.000000000000,0.000160454745,0.000000000000,0.000000000000,0.000170883809,0.000000000000,0.000000000000,0.000093288677,0.000000000000,0.000000000000,0.000096850586,0.000000000000,0.000000000000,0.000101408036,0.000000000000,0.000000000000,0.000071488400,0.000000000000,0.000000000000,0.000077486738,0.000000000000,0.000000000000,0.000081247203
596,0.000000000000,0.000000000000,0.000420010459,0.000000000000,0.000000000000,0.000439683787,0.000000000000,0.000000000000,0.000446032581,0.000000000000,0.000000000000,0.000277439835,0.000000000000,0.000000000000,0.000303587506,0.000000000000,0.000000000000,0.000296464269,0.000000000000,0.000000000000,0.000154434052,0.000000000000,0.000000000000,0.000160454745,0.000000000000,0.000000000000,0.000170883809,0.000000000000,0.000000000000,0.000093288677,0.000000000000,0.000000000000,0.000096909414,0.000000000000,0.000000000000,0.000101408036,0.000000000000,0.000000000000,0.000071490993,0.000000000000,0.000000000000,0.000077486738,0.000000000000,0.000000000000,0.000081247203
597,0.000000000000,0.000000000000,0.000420010459,0.000000000000,0.000000000000,0.000439683787,0.000000000000,0.000000000000,0.000446032581,0.000000000000,0.000000000000,0.000277439835,0.000000000000,0.000000000000,0.000303587506,0.000000000000,0.000000000000,0.000296464269,0.000000000000,0.000000000000,0.000154434052,0.000000000000,0.000000000000,0.000160454745,0.000000000000,0.000000000000,0.000170883809,0.000000000000,0.000000000000,0.000093288677,0.000000000000,0.000000000000,0.000096909414,0.000000000000,0.000000000000,0.000101408036,0.000000000000,0.000000000000,0.000071490993,0.000000000000,0.000000000000,0.000077486738,0.000000000000,0.000000000000,0.000081247203
598,0.000000000000,0.000000000000,0.000420010459,0.000000000000,0.000000000000,0.000439683787,0.000000000000,0.000000000000,0.000446032581,0.000000000000,0.000000000000,0.000277439835,0.000000000000,0.000000000000,0.000303587506,0.000000000000,0.000000000000,0.000296464269,0.000000000000,0.000000000000,0.000154434052,0.000000000000,0.000000000000,0.000160454745,0.000000000000,0.000000000000,0.000170883809,0.000000000000,0.000000000000,0.000093288677,0.000000000000,0.000000000000,0.000096909414,0.000000000000,0.000000000000,0.000101408036,0.000000000000,0.000000000000,0.000071490993,0.000000000000,0.000000000000,0.000077486738,0.000000000000,0.000000000000,0.000081247203
599,0.000000000000,0.000000000000,0.000420010459,0.000000000000,0.000000000000,0.000439683787,0.000000000000,0.000000000000,0.000446032581,0.000000000000,0.000000000000,0.000277439835,0.000000000000,0.000000000000,0.000303587506,0.000000000000,0.000000000000,0.000296464269,0.000000000000,0.000000000000,0.000154434052,0.000000000000,0.000000000000,0.000160454745,0.000000000000,0.000000000000,0.000170883809,0.000000000000,0.000000000000,0.000093288677,0.000000000000,0.000000000000,0.000096958983,0.000000000000,0.000000000000,0.000101408036,0.000000000000,0.000000000000,0.000071490993,0.000000000000,0.000000000000,0.000077486738,0.000000000000,0.000000000000,0.000081247203
600,0.000000000000,0.000000000000,0.000420010459,0.000000000000,0.000000000000,0.000439683787,0.000000000000,0.000000000000,0.000446032581,0.000000000000,0.000000000000,0.000277439835,0.000000000000,0.000000000000,0.000303587506,0.000000000000,0.000000000000,0.000296464269,0.000000000000,0.000000000000,0.000154434052,0.000000000000,0.000000000000,0.000160454745,0.000000000000,0.000000000000,0.000170883809,0.000000000000,0.000000000000,0.000093288677,0.000000000000,0.000000000000,0.000096958983,0.000000000000,0.000000000000,0.000101408036,0.000000000000,0.000000000000,0.000071490993,0.000000000000,0.000000000000,0.000077486738,0.000000000000,0.000000000000,0.000081247203
601,0.000000000000,0.000000000000,0.000420010459,0.000000000000,0.000000000000,0.000439683787,0.000000000000,0.000000000000,0.000446032581,0.000000000000,0.000000000000,0.000277439835,0.000000000000,0.000000000000,0.000303587506,0.000000000000,0.000000000000,0.000296464269,0.000000000000,0.000000000000,0.000154434052,0.000000000000,0.000000000000,0.000160454745,0.000000000000,0.000000000000,0.000170883809,0.000000000000,0.000000000000,0.000093288677,0.000000000000,0.000000000000,0.000096958983,0.000000000000,0.000000000000,0.000101408036,0.000000000000,0.000000000000,0.000071530345,0.000000000000,0.000000000000,0.000077486738,0.000000000000,0.000000000000,0.000081247203
602,0.000000000000,0.000000000000,0.000420010459,0.000000000000,0.000000000000,0.000439683787,0.000000000000,0.000000000000,0.000446032581,0.000000000000,0.000000000000,0.000277439835,0.000000000000,0.000000000000,0.000303587506,0.000000000000,0.000000000000,0.000296464269,0.000000000000,0.000000000000,0.000154434052,0.000000000000,0.000000000000,0.000160454745,0.000000000000,0.000000000000,0.000170883809,0.000000000000,0.000000000000,0.000093288677,0.000000000000,0.000000000000,0.000096958983,0.000000000000,0.000000000000,0.000101408036,0.000000000000,0.000000000000,0.000071530345,0.000000000000,0.000000000000,0.000077486738,0.000000000000,0.000000000000,0.000081247203
603,0.000000000000,0.000000000000,0.000420010459,0.000000000000,0.000000000000,0.000439683787,0.000000000000,0.000000000000,0.000446032581,0.000000000000,0.000000000000,0.000277439835,0.000000000000,0.000000000000,0.000303587506,0.000000000000,0.000000000000,0.000296464269,0.000000000000,0.000000000000,0.000154434052,0.000000000000,0.000000000000,0.000160454745,0.000000000000,0.000000000000,0.000170883809,0.000000000000,0.000000000000,0.000093288677,0.000000000000,0.000000000000,0.000096958983,0.000000000000,0.000000000000,0.000101408036,0.000000000000,0.000000000000,0.000071557227,0.000000000000,0.000000000000,0.000077486738,0.000000000000,0.000000000000,0.000081247203
604,0.000000000000,0.000000000000,0.000420010459,0.000000000000,0.000000000000,0.000439683787,0.000000000000,0.000000000000,0.000446032581,0.000000000000,0.000000000000,0.000277439835,0.000000000000,0.000000000000,0.000303587506,0.000000000000,0.000000000000,0.000296464269,0.000000000000,0.000000000000,0.000154434052,0.000000000000,0.000000000000,0.000160454745,0.000000000000,0.000000000000,0.000170883809,0.000000000000,0.000000000000,0.000093288677,0.000000000000,0.000000000000,0.000096958983,0.000000000000,0.000000000000,0.000101408036,0.000000000000,0.000000000000,0.000071566749,0.000000000000,0.000000000000,0.000077486738,0.000000000000,0.000000000000,0.000081247203
605,0.000000000000,0.000000000000,0.000420010459,0.000000000000,0.000000000000,0.000439683787,0.000000000000,0.000000000000,0.000446032581,0.000000000000,0.000000000000,0.000277439835,0.000000000000,0.000000000000,0.000303587506,0.000000000000,0.000000000000,0.000296464269,0.000000000000,0.000000000000,0.000154434052,0.000000000000,0.000000000000,0.000160454745,0.000000000000,0.000000000000,0.000170883809,0.000000000000,0.000000000000,0.000093288677,0.000000000000,0.000000000000,0.000096958983,0.000000000000,0.000000000000,0.000101408036,0.000000000000,0.000000000000,0.000071566749,0.000000000000,0.000000000000,0.000077486738,0.000000000000,0.000000000000,0.000081247203
606,0.000000000000,0.000000000000,0.000420010459,0.000000000000,0.000000000000,0.000439683787,0.000000000000,0.000000000000,0.000446032581,0.000000000000,0.000000000000,0.000277439835,0.000000000000,0.000000000000,0.000303587506,0.000000000000,0.000000000000,0.000296464269,0.000000000000,0.000000000000,0.000154434052,0.000000000000,0.000000000000,0.000160454745,0.000000000000,0.000000000000,0.000170883809,0.000000000000,0.000000000000,0.000093288677,0.000000000000,0.000000000000,0.000096966574,0.000000000000,0.000000000000,0.000101408036,0.000000000000,0.000000000000,0.000071567372,0.000000000000,0.000000000000,0.000077486738,0.000000000000,0.000000000000,0.000081247203
607,0.000000000000,0.000000000000,0.000420010459,0.000000000000,0.000000000000,0.000439683787,0.000000000000,0.000000000000,0.000446032581,0.000000000000,0.000000000000,0.000277439835,0.000000000000,0.000000000000,0.000303587506,0.000000000000,0.000000000000,0.000296464269,0.000000000000,0.000000000000,0.000154434052,0.000000000000,0.000000000000,0.000160454745,0.000000000000,0.000000000000,0.000170883809,0.000000000000,0.000000000000,0.000093288677,0.000000000000,0.000000000000,0.000096966574,0.000000000000,0.000000000000,0.000101408036,0.000000000000,0.000000000000,0.000071634500,0.000000000000,0.000000000000,0.000077486738,0.000000000000,0.000000000000,0.000081247203
608,0.000000000000,0.000000000000,0.000420010459,0.000000000000,0.000000000000,0.000439683787,0.000000000000,0.000000000000,0.000446032581,0.000000000000,0.000000000000,0.000277439835,0.000000000000,0.000000000000,0.000303587506,0.000000000000,0.000000000000,0.000296464269,0.000000000000,0.000000000000,0.000154434052,0.000000000000,0.000000000000,0.000160454745,0.000000000000,0.000000000000,0.000170908065,0.000000000000,0.000000000000,0.000093288677,0.000000000000,0.000000000000,0.000096966574,0.000000000000,0.000000000000,0.000101408036,0.000000000000,0.000000000000,0.000071634500,0.000000000000,0.000000000000,0.000077486738,0.000000000000,0.000000000000,0.000081247203
609,0.000000000000,0.000000000000,0.000420010459,0.000000000000,0.000000000000,0.000439683787,0.000000000000,0.000000000000,0.000446032581,0.000000000000,0.000000000000,0.000277439835,0.000000000000,0.000000000000,0.000303587506,0.000000000000,0.000000000000,0.000296464269,0.000000000000,0.000000000000,0.000154434052,0.000000000000,0.000000000000,0.000160454745,0.000000000000,0.000000000000,0.000170908065,0.000000000000,0.000000000000,0.000093288677,0.000000000000,0.000000000000,0.000096966574,0.000000000000,0.000000000000,0.000101408036,0.000000000000,0.000000000000,0.000071634500,0.000000000000,0.000000000000,0.000077486738,0.000000000000,0.000000000000,0.000081248603
610,0.000000000000,0.000000000000,0.000420010459,0.000000000000,0.000000000000,0.000439683787,0.000000000000,0.000000000000,0.000446032581,0.000000000000,0.000000000000,0.000277439835,0.000000000000,0.000000000000,0.000303587506,0.000000000000,0.000000000000,0.000296464269,0.000000000000,0.000000000000,0.000154434052,0.000000000000,0.000000000000,0.000160454745,0.000000000000,0.000000000000,0.000170908065,0.000000000000,0.000000000000,0.000093288677,0.000000000000,0.000000000000,0.000096966574,0.000000000000,0.000000000000,0.000101408036,0.000000000000,0.000000000000,0.000071634500,0.000000000000,0.000000000000,0.000077486738,0.000000000000,0.000000000000,0.000081248603
611,0.000000000000,0.000000000000,0.000420010459,0.000000000000,0.000000000000,0.000439683787,0.000000000000,0.000000000000,0.000446032581,0.000000000000,0.000000000000,0.000277439835,0.000000000000,0.000000000000,0.000303587506,0.000000000000,0.000000000000,0.000296464269,0.000000000000,0.000000000000,0.000154467745,0.000000000000,0.000000000000,0.000160454745,0.000000000000,0.000000000000,0.000170908065,0.000000000000,0.000000000000,0.000093288677,0.000000000000,0.000000000000,0.000096966736,0.000000000000,0.000000000000,0.000101408036,0.000000000000,0.000000000000,0.000071641844,0.000000000000,0.000000000000,0.000077486738,0.000000000000,0.000000000000,0.000081248603
612,0.000000000000,0.000000000000,0.000420010459,0.000000000000,0.000000000000,0.000439683787,0.000000000000,0.000000000000,0.000446032581,0.000000000000,0.000000000000,0.000277439835,0.000000000000,0.000000000000,0.000303587506,0.000000000000,0.000000000000,0.000296464269,0.000000000000,0.000000000000,0.000154467745,0.000000000000,0.000000000000,0.000160454745,0.000000000000,0.000000000000,0.000170908065,0.000000000000,0.000000000000,0.000093288677,0.000000000000,0.000000000000,0.000096966736,0.000000000000,0.000000000000,0.000101408036,0.000000000000,0.000000000000,0.000071641844,0.000000000000,0.000000000000,0.000077486738,0.000000000000,0.000000000000,0.000081248603
613,0.000000000000,0.000000000000,0.000420010459,0.000000000000,0.000000000000,0.000439683787,0.000000000000,0.000000000000,0.000446032581,0.000000000000,0.000000000000,0.000277439835,0.000000000000,0.000000000000,0.000303587506,0.000000000000,0.000000000000,0.000296464269,0.000000000000,0.000000000000,0.000154467745,0.000000000000,0.000000000000,0.000160454745,0.000000000000,0.000000000000,0.000170908065,0.000000000000,0.000000000000,0.000093288677,0.000000000000,0.000000000000,0.000096966736,0.000000000000,0.000000000000,0.000101408036,0.000000000000,0.000000000000,0.000071641844,0.000000000000,0.000000000000,0.000077486738,0.000000000000,0.000000000000,0.000081248603
614,0.000000000000,0.000000000000,0.000420010459,0.000000000000,0.000000000000,0.000439683787,0.000000000000,0.000000000000,0.000446032581,0.000000000000,0.000000000000,0.000277439835,0.000000000000,0.000000000000,0.000303587506,0.000000000000,0.000000000000,0.000296464269,0.000000000000,0.000000000000,0.000154467745,0.000000000000,0.000000000000,0.000160454745,0.000000000000,0.000000000000,0.000170992324,0.000000000000,0.000000000000,0.000093288677,0.000000000000,0.000000000000,0.000096966736,0.000000000000,0.000000000000,0.000101408036,0.000000000000,0.000000000000,0.000071641844,0.000000000000,0.000000000000,0.000077486738,0.000000000000,0.000000000000,0.000081248603
615,0.000000000000,0.000000000000,0.000420010459,0.000000000000,0.000000000000,0.000439683787,0.000000000000,0.000000000000,0.000446032581,0.000000000000,0.000000000000,0.000277439835,0.000000000000,0.000000000000,0.000303587506,0.000000000000,0.000000000000,0.000296464269,0.000000000000,0.000000000000,0.000154467745,0.000000000000,0.000000000000,0.000160454745,0.000000000000,0.000000000000,0.000170992324,0.000000000000,0.000000000000,0.000093288677,0.000000000000,0.000000000000,0.000097002091,0.000000000000,0.000000000000,0.000101408036,0.000000000000,0.000000000000,0.000071641844,0.000000000000,0.000000000000,0.000077486738,0.000000000000,0.000000000000,0.000081248603
616,0.000000000000,0.000000000000,0.000420010459,0.000000000000,0.000000000000,0.000439683787,0.000000000000,0.000000000000,0.000446032581,0.000000000000,0.000000000000,0.000277439835,0.000000000000,0.000000000000,0.000303587506,0.000000000000,0.000000000000,0.000296464269,0.000000000000,0.000000000000,0.000154467745,0.000000000000,0.000000000000,0.000160454745,0.000000000000,0.000000000000,0.000170992324,0.000000000000,0.000000000000,0.000093288677,0.000000000000,0.000000000000,0.000097002091,0.000000000000,0.000000000000,0.000101408036,0.000000000000,0.000000000000,0.000071641844,0.000000000000,0.000000000000,0.000077486738,0.000000000000,0.000000000000,0.000081248603
617,0.000000000000,0.000000000000,0.000420010459,0.000000000000,0.000000000000,0.000439683787,0.000000000000,0.000000000000,0.000446032581,0.000000000000,0.000000000000,0.000277439835,0.000000000000,0.000000000000,0.000303587506,0.000000000000,0.000000000000,0.000296464269,0.000000000000,0.000000000000,0.000154467745,0.000000000000,0.000000000000,0.000160454745,0.000000000000,0.000000000000,0.000170992324,0.000000000000,0.000000000000,0.000093288677,0.000000000000,0.000000000000,0.000097002091,0.000000000000,0.000000000000,0.000101408036,0.000000000000,0.000000000000,0.000071641844,0.000000000000,0.000000000000,0.000077486738,0.000000000000,0.000000000000,0.000081248603
618,0.000000000000,0.000000000000,0.000420010459,0.000000000000,0.000000000000,0.000439683787,0.000000000000,0.000000000000,0.000446032581,0.000000000000,0.000000000000,0.000277439835,0.000000000000,0.000000000000,0.000303587506,0.000000000000,0.000000000000,0.000296464269,0.000000000000,0.000000000000,0.000154467745,0.000000000000,0.000000000000,0.000160454745,0.000000000000,0.000000000000,0.000170992324,0.000000000000,0.000000000000,0.000093288677,0.000000000000,0.000000000000,0.000097002091,0.000000000000,0.000000000000,0.000101408036,0.000000000000,0.000000000000,0.000071641844,0.000000000000,0.000000000000,0.000077486738,0.000000000000,0.000000000000,0.000081248603
619,0.000000000000,0.000000000000,0.000420010459,0.000000000000,0.000000000000,0.000439683787,0.000000000000,0.000000000000,0.000446032581,0.000000000000,0.000000000000,0.000277439835,0.000000000000,0.000000000000,0.000303587506,0.000000000000,0.000000000000,0.000296464269,0.000000000000,0.000000000000,0.000154467745,0.000000000000,0.000000000000,0.000160454745,0.000000000000,0.000000000000,0.000170992324,0.000000000000,0.000000000000,0.000093288677,0.000000000000,0.000000000000,0.000097002091,0.000000000000,0.000000000000,0.000101408036,0.000000000000,0.000000000000,0.000071655010,0.000000000000,0.000000000000,0.000077486738,0.000000000000,0.000000000000,0.000081248603
620,0.000000000000,0.000000000000,0.000420010459,0.000000000000,0.000000000000,0.000439683787,0.000000000000,0.000000000000,0.000446032581,0.000000000000,0.000000000000,0.000277439835,0.000000000000,0.000000000000,0.000303587506,0.000000000000,0.000000000000,0.000296464269,0.000000000000,0.000000000000,0.000154467745,0.000000000000,0.000000000000,0.000160454745,0.000000000000,0.000000000000,0.000170992324,0.000000000000,0.000000000000,0.000093288677,0.000000000000,0.000000000000,0.000097002091,0.000000000000,0.000000000000,0.000101408036,0.000000000000,0.000000000000,0.000071655010,0.000000000000,0.000000000000,0.000077486738,0.000000000000,0.000000000000,0.000081248603
621,0.000000000000,0.000000000000,0.000420010459,0.000000000000,0.000000000000,0.000439683787,0.000000000000,0.000000000000,0.000446032581,0.000000000000,0.000000000000,0.000277439835,0.000000000000,0.000000000000,0.000303587506,0.000000000000,0.000000000000,0.000296464269,0.000000000000,0.000000000000,0.000154467745,0.000000000000,0.000000000000,0.000160461587,0.000000000000,0.000000000000,0.000170992324,0.000000000000,0.000000000000,0.000093288677,0.000000000000,0.000000000000,0.000097002091,0.000000000000,0.000000000000,0.000101408036,0.000000000000,0.000000000000,0.000071655010,0.000000000000,0.000000000000,0.000077486738,0.000000000000,0.000000000000,0.000081248603
622,0.000000000000,0.000000000000,0.000420010459,0.000000000000,0.000000000000,0.000439683787,0.000000000000,0.000000000000,0.000446032581,0.000000000000,0.000000000000,0.000277439835,0.000000000000,0.000000000000,0.000303587506,0.000000000000,0.000000000000,0.000296464269,0.000000000000,0.000000000000,0.000154467745,0.000000000000,0.000000000000,0.000160461587,0.000000000000,0.000000000000,0.000170992324,0.000000000000,0.000000000000,0.000093288677,0.000000000000,0.000000000000,0.000097002091,0.000000000000,0.000000000000,0.000101408036,0.000000000000,0.000000000000,0.000071655010,0.000000000000,0.000000000000,0.000077486738,0.000000000000,0.000000000000,0.000081248603
623,0.000000000000,0.000000000000,0.000420010459,0.000000000000,0.000000000000,0.000439683787,0.000000000000,0.000000000000,0.000446032581,0.000000000000,0.000000000000,0.000277439835,0.000000000000,0.000000000000,0.000303587506,0.000000000000,0.000000000000,0.000296464269,0.000000000000,0.000000000000,0.000154467745,0.000000000000,0.000000000000,0.000160461587,0.000000000000,0.000000000000,0.000170992324,0.000000000000,0.000000000000,0.000093288677,0.000000000000,0.000000000000,0.000097002091,0.000000000000,0.000000000000,0.000101408036,0.000000000000,0.000000000000,0.000071655010,0.000000000000,0.000000000000,0.000077486738,0.000000000000,0.000000000000,0.000081248603
624,0.000000000000,0.000000000000,0.000420010459,0.000000000000,0.000000000000,0.000439683787,0.000000000000,0.000000000000,0.000446032581,0.000000000000,0.000000000000,0.000277439835,0.000000000000,0.000000000000,0.000303587506,0.000000000000,0.000000000000,0.000296464269,0.000000000000,0.000000000000,0.000154467745,0.000000000000,0.000000000000,0.000160461587,0.000000000000,0.000000000000,0.000170992324,0.000000000000,0.000000000000,0.000093288677,0.000000000000,0.000000000000,0.000097002091,0.000000000000,0.000000000000,0.000101408036,0.000000000000,0.000000000000,0.000071655741,0.000000000000,0.000000000000,0.000077486738,0.000000000000,0.000000000000,0.000081248603
625,0.000000000000,0.000000000000,0.000420010459,0.000000000000,0.000000000000,0.000439683787,0.000000000000,0.000000000000,0.000446032581,0.000000000000,0.000000000000,0.000277439835,0.000000000000,0.000000000000,0.000303587506,0.000000000000,0.000000000000,0.000296464269,0.000000000000,0.000000000000,0.000154467745,0.000000000000,0.000000000000,0.000160461587,0.000000000000,0.000000000000,0.000170992324,0.000000000000,0.000000000000,0.000093288677,0.000000000000,0.000000000000,0.000097002091,0.000000000000,0.000000000000,0.000101408036,0.000000000000,0.000000000000,0.000071658529,0.000000000000,0.000000000000,0.000077486738,0.000000000000,0.000000000000,0.000081248603
626,0.000000000000,0.000000000000,0.000420010459,0.000000000000,0.000000000000,0.000439683787,0.000000000000,0.000000000000,0.000446032581,0.000000000000,0.000000000000,0.000277439835,0.000000000000,0.000000000000,0.000303587506,0.000000000000,0.000000000000,0.000296464269,0.000000000000,0.000000000000,0.000154467745,0.000000000000,0.000000000000,0.000160461587,0.000000000000,0.000000000000,0.000170992324,0.000000000000,0.000000000000,0.000093294617,0.000000000000,0.000000000000,0.000097002091,0.000000000000,0.000000000000,0.000101408036,0.000000000000,0.000000000000,0.000071658529,0.000000000000,0.000000000000,0.000077486738,0.000000000000,0.000000000000,0.000081248603
627,0.000000000000,0.000000000000,0.000420010459,0.000000000000,0.000000000000,0.000439683787,0.000000000000,0.000000000000,0.000446032581,0.000000000000,0.000000000000,0.000277439835,0.000000000000,0.000000000000,0.000303587506,0.000000000000,0.000000000000,0.000296464269,0.000000000000,0.000000000000,0.000154467745,0.000000000000,0.000000000000,0.000160461587,0.000000000000,0.000000000000,0.000170992324,0.000000000000,0.000000000000,0.000093294617,0.000000000000,0.000000000000,0.000097002091,0.000000000000,0.000000000000,0.000101408036,0.000000000000,0.000000000000,0.000071658529,0.000000000000,0.000000000000,0.000077486738,0.000000000000,0.000000000000,0.000081248603
628,0.000000000000,0.000000000000,0.000420010459,0.000000000000,0.000000000000,0.000439683787,0.000000000000,0.000000000000,0.000446032581,0.000000000000,0.000000000000,0.000277439835,0.000000000000,0.000000000000,0.000303587506,0.000000000000,0.000000000000,0.000296464269,0.000000000000,0.000000000000,0.000154467745,0.000000000000,0.000000000000,0.000160461587,0.000000000000,0.000000000000,0.000170992324,0.000000000000,0.000000000000,0.000093294617,0.000000000000,0.000000000000,0.000097002091,0.000000000000,0.000000000000,0.000101408036,0.000000000000,0.000000000000,0.000071658529,0.000000000000,0.000000000000,0.000077486738,0.000000000000,0.000000000000,0.000081248603
629,0.000000000000,0.000000000000,0.000420010459,0.000000000000,0.000000000000,0.000439683787,0.000000000000,0.000000000000,0.000446032581,0.000000000000,0.000000000000,0.000277439835,0.000000000000,0.000000000000,0.000303587506,0.000000000000,0.000000000000,0.000296464269,0.000000000000,0.000000000000,0.000154467745,0.000000000000,0.000000000000,0.000160461587,0.000000000000,0.000000000000,0.000170992324,0.000000000000,0.000000000000,0.000093294617,0.000000000000,0.000000000000,0.000097002091,0.000000000000,0.000000000000,0.000101408036,0.000000000000,0.000000000000,0.000071658529,0.000000000000,0.000000000000,0.000077486738,0.000000000000,0.000000000000,0.000081248603
630,0.000000000000,0.000000000000,0.000420010459,0.000000000000,0.000000000000,0.000439683787,0.000000000000,0.000000000000,0.000446032581,0.000000000000,0.000000000000,0.000277439835,0.000000000000,0.000000000000,0.000303587506,0.000000000000,0.000000000000,0.000296464269,0.000000000000,0.000000000000,0.000154467745,0.000000000000,0.000000000000,0.000160461587,0.000000000000,0.000000000000,0.000170992324,0.000000000000,0.000000000000,0.000093294617,0.000000000000,0.000000000000,0.000097002091,0.000000000000,0.000000000000,0.000101408036,0.000000000000,0.000000000000,0.000071658529,0.000000000000,0.000000000000,0.000077486738,0.000000000000,0.000000000000,0.000081248603
631,0.000000000000,0.000000000000,0.000420010459,0.000000000000,0.000000000000,0.000439683787,0.000000000000,0.000000000000,0.000446032581,0.000000000000,0.000000000000,0.000277439835,0.000000000000,0.000000000000,0.000303587506,0.000000000000,0.000000000000,0.000296464269,0.000000000000,0.000000000000,0.000154467745,0.000000000000,0.000000000000,0.000160461587,0.000000000000,0.000000000000,0.000170992324,0.000000000000,0.000000000000,0.000093294617,0.000000000000,0.000000000000,0.000097002091,0.000000000000,0.000000000000,0.000101408036,0.000000000000,0.000000000000,0.000071658529,0.000000000000,0.000000000000,0.000077486738,0.000000000000,0.000000000000,0.000081248603
632,0.000000000000,0.000000000000,0.000420010459,0.000000000000,0.000000000000,0.000439683787,0.000000000000,0.000000000000,0.000446032581,0.000000000000,0.000000000000,0.000277439835,0.000000000000,0.000000000000,0.000303587506,0.000000000000,0.000000000000,0.000296464269,0.000000000000,0.000000000000,0.000154467745,0.000000000000,0.000000000000,0.000160461587,0.000000000000,0.000000000000,0.000170992324,0.000000000000,0.000000000000,0.000093294617,0.000000000000,0.000000000000,0.000097002091,0.000000000000,0.000000000000,0.000101408036,0.000000000000,0.000000000000,0.000071658529,0.000000000000,0.000000000000,0.000077486738,0.000000000000,0.000000000000,0.000081248603
633,0.000000000000,0.000000000000,0.000420010459,0.000000000000,0.000000000000,0.000439683787,0.000000000000,0.000000000000,0.000446032581,0.000000000000,0.000000000000,0.000277439835,0.000000000000,0.000000000000,0.000303587506,0.000000000000,0.000000000000,0.000296464269,0.000000000000,0.000000000000,0.000154467745,0.000000000000,0.000000000000,0.000160461587,0.000000000000,0.000000000000,0.000170992324,0.000000000000,0.000000000000,0.000093294617,0.000000000000,0.000000000000,0.000097002091,0.000000000000,0.000000000000,0.000101408036,0.000000000000,0.000000000000,0.000071658529,0.000000000000,0.000000000000,0.000077486738,0.000000000000,0.000000000000,0.000081248603
634,0.000000000000,0.000000000000,0.000420010459,0.000000000000,0.000000000000,0.000439683787,0.000000000000,0.000000000000,0.000446032581,0.000000000000,0.000000000000,0.000277439835,0.000000000000,0.000000000000,0.000303587506,0.000000000000,0.000000000000,0.000296464269,0.000000000000,0.000000000000,0.000154467745,0.000000000000,0.000000000000,0.000160461587,0.000000000000,0.000000000000,0.000170992324,0.000000000000,0.000000000000,0.000093294617,0.000000000000,0.000000000000,0.000097002091,0.000000000000,0.000000000000,0.000101408036,0.000000000000,0.000000000000,0.000071658529,0.000000000000,0.000000000000,0.000077545216,0.000000000000,0.000000000000,0.000081248603
635,0.000000000000,0.000000000000,0.000420010459,0.000000000000,0.000000000000,0.000439683787,0.000000000000,0.000000000000,0.000446032581,0.000000000000,0.000000000000,0.000277439835,0.000000000000,0.000000000000,0.000303587506,0.000000000000,0.000000000000,0.000296464269,0.000000000000,0.000000000000,0.000154467745,0.000000000000,0.000000000000,0.000160461587,0.000000000000,0.000000000000,0.000170992324,0.000000000000,0.000000000000,0.000093294617,0.000000000000,0.000000000000,0.000097002091,0.000000000000,0.000000000000,0.000101408036,0.000000000000,0.000000000000,0.000071658529,0.000000000000,0.000000000000,0.000077545216,0.000000000000,0.000000000000,0.000081248603
636,0.000000000000,0.000000000000,0.000420010459,0.000000000000,0.000000000000,0.000439683787,0.000000000000,0.000000000000,0.000446032581,0.000000000000,0.000000000000,0.000277439835,0.000000000000,0.000000000000,0.000303587506,0.000000000000,0.000000000000,0.000296464269,0.000000000000,0.000000000000,0.000154467745,0.000000000000,0.000000000000,0.000160461587,0.000000000000,0.000000000000,0.000170992324,0.000000000000,0.000000000000,0.000093294617,0.000000000000,0.000000000000,0.000097002091,0.000000000000,0.000000000000,0.000101408036,0.000000000000,0.000000000000,0.000071658529,0.000000000000,0.000000000000,0.000077545216,0.000000000000,0.000000000000,0.000081248603
637,0.000000000000,0.000000000000,0.000420010459,0.000000000000,0.000000000000,0.000439683787,0.000000000000,0.000000000000,0.000446032581,0.000000000000,0.000000000000,0.000277439835,0.000000000000,0.000000000000,0.000303587506,0.000000000000,0.000000000000,0.000296464269,0.000000000000,0.000000000000,0.000154467745,0.000000000000,0.000000000000,0.000160461587,0.000000000000,0.000000000000,0.000170992324,0.000000000000,0.000000000000,0.000093294617,0.000000000000,0.000000000000,0.000097002091,0.000000000000,0.000000000000,0.000101408036,0.000000000000,0.000000000000,0.000071658529,0.000000000000,0.000000000000,0.000077545216,0.000000000000,0.000000000000,0.000081248603
638,0.000000000000,0.000000000000,0.000420010459,0.000000000000,0.000000000000,0.000439683787,0.000000000000,0.000000000000,0.000446032581,0.000000000000,0.000000000000,0.000277439835,0.000000000000,0.000000000000,0.000303587506,0.000000000000,0.000000000000,0.000296464269,0.000000000000,0.000000000000,0.000154467745,0.000000000000,0.000000000000,0.000160461587,0.000000000000,0.000000000000,0.000170992324,0.000000000000,0.000000000000,0.000093294617,0.000000000000,0.000000000000,0.000097002091,0.000000000000,0.000000000000,0.000101408036,0.000000000000,0.000000000000,0.000071658529,0.000000000000,0.000000000000,0.000077545216,0.000000000000,0.000000000000,0.000081248603
639,0.000000000000,0.000000000000,0.000420010459,0.000000000000,0.000000000000,0.000439683787,0.000000000000,0.000000000000,0.000446032581,0.000000000000,0.000000000000,0.000277439835,0.000000000000,0.000000000000,0.000303587506,0.000000000000,0.000000000000,0.000296464269,0.000000000000,0.000000000000,0.000154467745,0.000000000000,0.000000000000,0.000160461587,0.000000000000,0.000000000000,0.000170992324,0.000000000000,0.000000000000,0.000093294617,0.000000000000,0.000000000000,0.000097002091,0.000000000000,0.000000000000,0.000101408036,0.000000000000,0.000000000000,0.000071658529,0.000000000000,0.000000000000,0.000077545216,0.000000000000,0.000000000000,0.000081248603
640,0.000000000000,0.000000000000,0.000420010459,0.000000000000,0.000000000000,0.000439683787,0.000000000000,0.000000000000,0.000446032581,0.000000000000,0.000000000000,0.000277439835,0.000000000000,0.000000000000,0.000303587506,0.000000000000,0.000000000000,0.000296464269,0.000000000000,0.000000000000,0.000154467745,0.000000000000,0.000000000000,0.000160461587,0.000000000000,0.000000000000,0.000170992324,0.000000000000,0.000000000000,0.000093294617,0.000000000000,0.000000000000,0.000097002091,0.000000000000,0.000000000000,0.000101408036,0.000000000000,0.000000000000,0.000071658529,0.000000000000,0.000000000000,0.000077545216,0.000000000000,0.000000000000,0.000081248603
641,0.000000000000,0.000000000000,0.000420010459,0.000000000000,0.000000000000,0.000439683787,0.000000000000,0.000000000000,0.000446032581,0.000000000000,0.000000000000,0.000277439835,0.000000000000,0.000000000000,0.000303587506,0.000000000000,0.000000000000,0.000296464269,0.000000000000,0.000000000000,0.000154467745,0.000000000000,0.000000000000,0.000160461587,0.000000000000,0.000000000000,0.000170992324,0.000000000000,0.000000000000,0.000093309657,0.000000000000,0.000000000000,0.000097002091,0.000000000000,0.000000000000,0.000101408036,0.000000000000,0.000000000000,0.000071658529,0.000000000000,0.000000000000,0.000077545216,0.000000000000,0.000000000000,0.000081248603
642,0.000000000000,0.000000000000,0.000420010459,0.000000000000,0.000000000000,0.000439683787,0.000000000000,0.000000000000,0.000446032581,0.000000000000,0.000000000000,0.000277439835,0.000000000000,0.000000000000,0.000303587506,0.000000000000,0.000000000000,0.000296464269,0.000000000000,0.000000000000,0.000154467745,0.000000000000,0.000000000000,0.000160461587,0.000000000000,0.000000000000,0.000170992324,0.000000000000,0.000000000000,0.000093309657,0.000000000000,0.000000000000,0.000097002091,0.000000000000,0.000000000000,0.000101408036,0.000000000000,0.000000000000,0.000071658529,0.000000000000,0.000000000000,0.000077545216,0.000000000000,0.000000000000,0.000081248603
643,0.000000000000,0.000000000000,0.000420010459,0.000000000000,0.000000000000,0.000439683787,0.000000000000,0.000000000000,0.000446032581,0.000000000000,0.000000000000,0.000277439835,0.000000000000,0.000000000000,0.000303587506,0.000000000000,0.000000000000,0.000296464269,0.000000000000,0.000000000000,0.000154467745,0.000000000000,0.000000000000,0.000160461587,0.000000000000,0.000000000000,0.000170992324,0.000000000000,0.000000000000,0.000093309657,0.000000000000,0.000000000000,0.000097002091,0.000000000000,0.000000000000,0.000101408036,0.000000000000,0.000000000000,0.000071658529,0.000000000000,0.000000000000,0.000077545216,0.000000000000,0.000000000000,0.000081248603
644,0.000000000000,0.000000000000,0.000420010459,0.000000000000,0.000000000000,0.000439683787,0.000000000000,0.000000000000,0.000446032581,0.000000000000,0.000000000000,0.000277439835,0.000000000000,0.000000000000,0.000303587506,0.000000000000,0.000000000000,0.000296464269,0.000000000000,0.000000000000,0.000154467745,0.000000000000,0.000000000000,0.000160461587,0.000000000000,0.000000000000,0.000170992324,0.000000000000,0.000000000000,0.000093309657,0.000000000000,0.000000000000,0.000097002091,0.000000000000,0.000000000000,0.000101408036,0.000000000000,0.000000000000,0.000071658529,0.000000000000,0.000000000000,0.000077545216,0.000000000000,0.000000000000,0.000081248603
645,0.000000000000,0.000000000000,0.000420010459,0.000000000000,0.000000000000,0.000439683787,0.000000000000,0.000000000000,0.000446032581,0.000000000000,0.000000000000,0.000277439835,0.000000000000,0.000000000000,0.000303587506,0.000000000000,0.000000000000,0.000296464269,0.000000000000,0.000000000000,0.000154467745,0.000000000000,0.000000000000,0.000160461587,0.000000000000,0.000000000000,0.000170992324,0.000000000000,0.000000000000,0.000093309657,0.000000000000,0.000000000000,0.000097002091,0.000000000000,0.000000000000,0.000101408036,0.000000000000,0.000000000000,0.000071669923,0.000000000000,0.000000000000,0.000077545216,0.000000000000,0.000000000000,0.000081248603
646,0.000000000000,0.000000000000,0.000420010459,0.000000000000,0.000000000000,0.000439683787,0.000000000000,0.000000000000,0.000446032581,0.000000000000,0.000000000000,0.000277439835,0.000000000000,0.000000000000,0.000303587506,0.000000000000,0.000000000000,0.000296464269,0.000000000000,0.000000000000,0.000154467745,0.000000000000,0.000000000000,0.000160461587,0.000000000000,0.000000000000,0.000170992324,0.000000000000,0.000000000000,0.000093309657,0.000000000000,0.000000000000,0.000097002091,0.000000000000,0.000000000000,0.000101408036,0.000000000000,0.000000000000,0.000071669923,0.000000000000,0.000000000000,0.000077545216,0.000000000000,0.000000000000,0.000081248603
647,0.000000000000,0.000000000000,0.000420010459,0.000000000000,0.000000000000,0.000439683787,0.000000000000,0.000000000000,0.000446032581,0.000000000000,0.000000000000,0.000277439835,0.000000000000,0.000000000000,0.000303587506,0.000000000000,0.000000000000,0.000296464269,0.000000000000,0.000000000000,0.000154467745,0.000000000000,0.000000000000,0.000160461587,0.000000000000,0.000000000000,0.000170992324,0.000000000000,0.000000000000,0.000093309657,0.000000000000,0.000000000000,0.000097002091,0.000000000000,0.000000000000,0.000101408036,0.000000000000,0.000000000000,0.000071669923,0.000000000000,0.000000000000,0.000077545216,0.000000000000,0.000000000000,0.000081248603
648,0.000000000000,0.000000000000,0.000420010459,0.000000000000,0.000000000000,0.000439683787,0.000000000000,0.000000000000,0.000446032581,0.000000000000,0.000000000000,0.000277439835,0.000000000000,0.000000000000,0.000303587506,0.000000000000,0.000000000000,0.000296464269,0.000000000000,0.000000000000,0.000154467745,0.000000000000,0.000000000000,0.000160486222,0.000000000000,0.000000000000,0.000170992324,0.000000000000,0.000000000000,0.000093309657,0.000000000000,0.000000000000,0.000097002091,0.000000000000,0.000000000000,0.000101408036,0.000000000000,0.000000000000,0.000071669923,0.000000000000,0.000000000000,0.000077545216,0.000000000000,0.000000000000,0.000081248603
649,0.000000000000,0.000000000000,0.000420010459,0.000000000000,0.000000000000,0.000439683787,0.000000000000,0.000000000000,0.000446032581,0.000000000000,0.000000000000,0.000277439835,0.000000000000,0.000000000000,0.000303587506,0.000000000000,0.000000000000,0.000296464269,0.000000000000,0.000000000000,0.000154467745,0.000000000000,0.000000000000,0.000160486222,0.000000000000,0.000000000000,0.000170992324,0.000000000000,0.000000000000,0.000093309657,0.000000000000,0.000000000000,0.000097002091,0.000000000000,0.000000000000,0.000101408036,0.000000000000,0.000000000000,0.000071669923,0.000000000000,0.000000000000,0.000077545216,0.000000000000,0.000000000000,0.000081248603
650,0.000000000000,0.000000000000,0.000420010459,0.000000000000,0.000000000000,0.000439683787,0.000000000000,0.000000000000,0.000446032581,0.000000000000,0.000000000000,0.000277439835,0.000000000000,0.000000000000,0.000303587506,0.000000000000,0.000000000000,0.000296464269,0.000000000000,0.000000000000,0.000154467745,0.000000000000,0.000000000000,0.000160494000,0.000000000000,0.000000000000,0.000170992324,0.000000000000,0.000000000000,0.000093309657,0.000000000000,0.000000000000,0.000097002091,0.000000000000,0.000000000000,0.000101408036,0.000000000000,0.000000000000,0.000071669923,0.000000000000,0.000000000000,0.000077545216,0.000000000000,0.000000000000,0.000081248603
651,0.000000000000,0.000000000000,0.000420010459,0.000000000000,0.000000000000,0.000439683787,0.000000000000,0.000000000000,0.000446032581,0.000000000000,0.000000000000,0.000277439835,0.000000000000,0.000000000000,0.000303587506,0.000000000000,0.000000000000,0.000296464269,0.000000000000,0.000000000000,0.000154467745,0.000000000000,0.000000000000,0.000160494000,0.000000000000,0.000000000000,0.000170992324,0.000000000000,0.000000000000,0.000093309657,0.000000000000,0.000000000000,0.000097002091,0.000000000000,0.000000000000,0.000101408036,0.000000000000,0.000000000000,0.000071669923,0.000000000000,0.000000000000,0.000077545216,0.000000000000,0.000000000000,0.000081248603
652,0.000000000000,0.000000000000,0.000420010459,0.000000000000,0.000000000000,0.000439683787,0.000000000000,0.000000000000,0.000446032581,0.000000000000,0.000000000000,0.000277439835,0.000000000000,0.000000000000,0.000303587506,0.000000000000,0.000000000000,0.000296464269,0.000000000000,0.000000000000,0.000154467745,0.000000000000,0.000000000000,0.000160494000,0.000000000000,0.000000000000,0.000170992324,0.000000000000,0.000000000000,0.000093309657,0.000000000000,0.000000000000,0.000097002091,0.000000000000,0.000000000000,0.000101408036,0.000000000000,0.000000000000,0.000071669923,0.000000000000,0.000000000000,0.000077545216,0.000000000000,0.000000000000,0.000081248603
653,0.000000000000,0.000000000000,0.000420010459,0.000000000000,0.000000000000,0.000439683787,0.000000000000,0.000000000000,0.000446032581,0.000000000000,0.000000000000,0.000277439835,0.000000000000,0.000000000000,0.000303587506,0.000000000000,0.000000000000,0.000296464269,0.000000000000,0.000000000000,0.000154467745,0.000000000000,0.000000000000,0.000160494000,0.000000000000,0.000000000000,0.000170992324,0.000000000000,0.000000000000,0.000093309657,0.000000000000,0.000000000000,0.000097002091,0.000000000000,0.000000000000,0.000101417010,0.000000000000,0.000000000000,0.000071669923,0.000000000000,0.000000000000,0.000077545216,0.000000000000,0.000000000000,0.000081248603
654,0.000000000000,0.000000000000,0.000420010459,0.000000000000,0.000000000000,0.000439683787,0.000000000000,0.000000000000,0.000446032581,0.000000000000,0.000000000000,0.000277439835,0.000000000000,0.000000000000,0.000303587506,0.000000000000,0.000000000000,0.000296464269,0.000000000000,0.000000000000,0.000154467745,0.000000000000,0.000000000000,0.000160494000,0.000000000000,0.000000000000,0.000170992324,0.000000000000,0.000000000000,0.000093309657,0.000000000000,0.000000000000,0.000097002091,0.000000000000,0.000000000000,0.000101417010,0.000000000000,0.000000000000,0.000071669923,0.000000000000,0.000000000000,0.000077545216,0.000000000000,0.000000000000,0.000081254356
655,0.000000000000,0.000000000000,0.000420010459,0.000000000000,0.000000000000,0.000439683787,0.000000000000,0.000000000000,0.000446032581,0.000000000000,0.000000000000,0.000277439835,0.000000000000,0.000000000000,0.000303587506,0.000000000000,0.000000000000,0.000296464269,0.000000000000,0.000000000000,0.000154467745,0.000000000000,0.000000000000,0.000160494000,0.000000000000,0.000000000000,0.000170992324,0.000000000000,0.000000000000,0.000093309657,0.000000000000,0.000000000000,0.000097002091,0.000000000000,0.000000000000,0.000101417010,0.000000000000,0.000000000000,0.000071669923,0.000000000000,0.000000000000,0.000077545216,0.000000000000,0.000000000000,0.000081254356
656,0.000000000000,0.000000000000,0.000420010459,0.000000000000,0.000000000000,0.000439683787,0.000000000000,0.000000000000,0.000446032581,0.000000000000,0.000000000000,0.000277439835,0.000000000000,0.000000000000,0.000303587506,0.000000000000,0.000000000000,0.000296464269,0.000000000000,0.000000000000,0.000154467745,0.000000000000,0.000000000000,0.000160494000,0.000000000000,0.000000000000,0.000170992324,0.000000000000,0.000000000000,0.000093309657,0.000000000000,0.000000000000,0.000097002091,0.000000000000,0.000000000000,0.000101417010,0.000000000000,0.000000000000,0.000071669923,0.000000000000,0.000000000000,0.000077545216,0.000000000000,0.000000000000,0.000081254356
657,0.000000000000,0.000000000000,0.000420010459,0.000000000000,0.000000000000,0.000439683787,0.000000000000,0.000000000000,0.000446032581,0.000000000000,0.000000000000,0.000277439835,0.000000000000,0.000000000000,0.000303587506,0.000000000000,0.000000000000,0.000296464269,0.000000000000,0.000000000000,0.000154467745,0.000000000000,0.000000000000,0.000160494000,0.000000000000,0.000000000000,0.000170992324,0.000000000000,0.000000000000,0.000093309657,0.000000000000,0.000000000000,0.000097002091,0.000000000000,0.000000000000,0.000101417010,0.000000000000,0.000000000000,0.000071669923,0.000000000000,0.000000000000,0.000077545216,0.000000000000,0.000000000000,0.000081254356
658,0.000000000000,0.000000000000,0.000420010459,0.000000000000,0.000000000000,0.000439683787,0.000000000000,0.000000000000,0.000446032581,0.000000000000,0.000000000000,0.000277439835,0.000000000000,0.000000000000,0.000303587506,0.000000000000,0.000000000000,0.000296464269,0.000000000000,0.000000000000,0.000154467745,0.000000000000,0.000000000000,0.000160494000,0.000000000000,0.000000000000,0.000170992324,0.000000000000,0.000000000000,0.000093309657,0.000000000000,0.000000000000,0.000097002091,0.000000000000,0.000000000000,0.000101417010,0.000000000000,0.000000000000,0.000071669923,0.000000000000,0.000000000000,0.000077545216,0.000000000000,0.000000000000,0.000081254356
659,0.000000000000,0.000000000000,0.000420010459,0.000000000000,0.000000000000,0.000439683787,0.000000000000,0.000000000000,0.000446032581,0.000000000000,0.000000000000,0.000277439835,0.000000000000,0.000000000000,0.000303587506,0.000000000000,0.000000000000,0.000296464269,0.000000000000,0.000000000000,0.000154467745,0.000000000000,0.000000000000,0.000160494000,0.000000000000,0.000000000000,0.000170992324,0.000000000000,0.000000000000,0.000093309657,0.000000000000,0.000000000000,0.000097002091,0.000000000000,0.000000000000,0.000101417010,0.000000000000,0.000000000000,0.000071669923,0.000000000000,0.000000000000,0.000077545216,0.000000000000,0.000000000000,0.000081254356
660,0.000000000000,0.000000000000,0.000420010459,0.000000000000,0.000000000000,0.000439683787,0.000000000000,0.000000000000,0.000446032581,0.000000000000,0.000000000000,0.000277439835,0.000000000000,0.000000000000,0.000303587506,0.000000000000,0.000000000000,0.000296464269,0.000000000000,0.000000000000,0.000154467745,0.000000000000,0.000000000000,0.000160494000,0.000000000000,0.000000000000,0.000170992324,0.000000000000,0.000000000000,0.000093309657,0.000000000000,0.000000000000,0.000097002091,0.000000000000,0.000000000000,0.000101417010,0.000000000000,0.000000000000,0.000071669923,0.000000000000,0.000000000000,0.000077545216,0.000000000000,0.000000000000,0.000081254356
661,0.000000000000,0.000000000000,0.000420010459,0.000000000000,0.000000000000,0.000439683787,0.000000000000,0.000000000000,0.000446032581,0.000000000000,0.000000000000,0.000277439835,0.000000000000,0.000000000000,0.000303587506,0.000000000000,0.000000000000,0.000296464269,0.000000000000,0.000000000000,0.000154467745,0.000000000000,0.000000000000,0.000160494000,0.000000000000,0.000000000000,0.000170992324,0.000000000000,0.000000000000,0.000093309657,0.000000000000,0.000000000000,0.000097002091,0.000000000000,0.000000000000,0.000101417010,0.000000000000,0.000000000000,0.000071669923,0.000000000000,0.000000000000,0.000077545216,0.000000000000,0.000000000000,0.000081254356
662,0.000000000000,0.000000000000,0.000420010459,0.000000000000,0.000000000000,0.000439683787,0.000000000000,0.000000000000,0.000446032581,0.000000000000,0.000000000000,0.000277439835,0.000000000000,0.000000000000,0.000303587506,0.000000000000,0.000000000000,0.000296464269,0.000000000000,0.000000000000,0.000154467745,0.000000000000,0.000000000000,0.000160494000,0.000000000000,0.000000000000,0.000170992324,0.000000000000,0.000000000000,0.000093309657,0.000000000000,0.000000000000,0.000097002091,0.000000000000,0.000000000000,0.000101417010,0.000000000000,0.000000000000,0.000071669923,0.000000000000,0.000000000000,0.000077545216,0.000000000000,0.000000000000,0.000081254356
663,0.000000000000,0.000000000000,0.000420010459,0.000000000000,0.000000000000,0.000439683787,0.000000000000,0.000000000000,0.000446032581,0.000000000000,0.000000000000,0.000277439835,0.000000000000,0.000000000000,0.000303587506,0.000000000000,0.000000000000,0.000296464269,0.000000000000,0.000000000000,0.000154467745,0.000000000000,0.000000000000,0.000160494000,0.000000000000,0.000000000000,0.000170992324,0.000000000000,0.000000000000,0.000093314259,0.000000000000,0.000000000000,0.000097002091,0.000000000000,0.000000000000,0.000101417010,0.000000000000,0.000000000000,0.000071669923,0.000000000000,0.000000000000,0.000077545216,0.000000000000,0.000000000000,0.000081254356
664,0.000000000000,0.000000000000,0.000420010459,0.000000000000,0.000000000000,0.000439683787,0.000000000000,0.000000000000,0.000446032581,0.000000000000,0.000000000000,0.000277439835,0.000000000000,0.000000000000,0.000303587506,0.000000000000,0.000000000000,0.000296464269,0.000000000000,0.000000000000,0.000154467745,0.000000000000,0.000000000000,0.000160494000,0.000000000000,0.000000000000,0.000170992324,0.000000000000,0.000000000000,0.000093326126,0.000000000000,0.000000000000,0.000097002091,0.000000000000,0.000000000000,0.000101417010,0.000000000000,0.000000000000,0.000071669923,0.000000000000,0.000000000000,0.000077545216,0.000000000000,0.000000000000,0.000081254356
665,0.000000000000,0.000000000000,0.000420010459,0.000000000000,0.000000000000,0.000439683787,0.000000000000,0.000000000000,0.000446032581,0.000000000000,0.000000000000,0.000277439835,0.000000000000,0.000000000000,0.000303587506,0.000000000000,0.000000000000,0.000296464269,0.000000000000,0.000000000000,0.000154467745,0.000000000000,0.000000000000,0.000160494000,0.000000000000,0.000000000000,0.000170992324,0.000000000000,0.000000000000,0.000093326126,0.000000000000,0.000000000000,0.000097002091,0.000000000000,0.000000000000,0.000101417010,0.000000000000,0.000000000000,0.000071669923,0.000000000000,0.000000000000,0.000077545216,0.000000000000,0.000000000000,0.000081254356
666,0.000000000000,0.000000000000,0.000420010459,0.000000000000,0.000000000000,0.000439683787,0.000000000000,0.000000000000,0.000446032581,0.000000000000,0.000000000000,0.000277439835,0.000000000000,0.000000000000,0.000303587506,0.000000000000,0.000000000000,0.000296464269,0.000000000000,0.000000000000,0.000154467745,0.000000000000,0.000000000000,0.000160494000,0.000000000000,0.000000000000,0.000170992324,0.000000000000,0.000000000000,0.000093326126,0.000000000000,0.000000000000,0.000097002091,0.000000000000,0.000000000000,0.000101417010,0.000000000000,0.000000000000,0.000071669923,0.000000000000,0.000000000000,0.000077545216,0.000000000000,0.000000000000,0.000081254356
667,0.000000000000,0.000000000000,0.000420010459,0.000000000000,0.000000000000,0.000439683787,0.000000000000,0.000000000000,0.000446032581,0.000000000000,0.000000000000,0.000277439835,0.000000000000,0.000000000000,0.000303587506,0.000000000000,0.000000000000,0.000296464269,0.000000000000,0.000000000000,0.000154467745,0.000000000000,0.000000000000,0.000160494000,0.000000000000,0.000000000000,0.000170992324,0.000000000000,0.000000000000,0.000093326126,0.000000000000,0.000000000000,0.000097002091,0.000000000000,0.000000000000,0.000101417010,0.000000000000,0.000000000000,0.000071669923,0.000000000000,0.000000000000,0.000077545216,0.000000000000,0.000000000000,0.000081254356
668,0.000000000000,0.000000000000,0.000420010459,0.000000000000,0.000000000000,0.000439683787,0.000000000000,0.000000000000,0.000446032581,0.000000000000,0.000000000000,0.000277439835,0.000000000000,0.000000000000,0.000303587506,0.000000000000,0.000000000000,0.000296464269,0.000000000000,0.000000000000,0.000154467745,0.000000000000,0.000000000000,0.000160494000,0.000000000000,0.000000000000,0.000170992324,0.000000000000,0.000000000000,0.000093326126,0.000000000000,0.000000000000,0.000097002091,0.000000000000,0.000000000000,0.000101417010,0.000000000000,0.000000000000,0.000071669923,0.000000000000,0.000000000000,0.000077545216,0.000000000000,0.000000000000,0.000081254356
669,0.000000000000,0.000000000000,0.000420010459,0.000000000000,0.000000000000,0.000439683787,0.000000000000,0.000000000000,0.000446032581,0.000000000000,0.000000000000,0.000277439835,0.000000000000,0.000000000000,0.000303587506,0.000000000000,0.000000000000,0.000296464269,0.000000000000,0.000000000000,0.000154467745,0.000000000000,0.000000000000,0.000160494000,0.000000000000,0.000000000000,0.000170992324,0.000000000000,0.000000000000,0.000093326126,0.000000000000,0.000000000000,0.000097002091,0.000000000000,0.000000000000,0.000101417010,0.000000000000,0.000000000000,0.000071669923,0.000000000000,0.000000000000,0.000077545216,0.000000000000,0.000000000000,0.000081254356
670,0.000000000000,0.000000000000,0.000420010459,0.000000000000,0.000000000000,0.000439683787,0.000000000000,0.000000000000,0.000446032581,0.000000000000,0.000000000000,0.000277439835,0.000000000000,0.000000000000,0.000303587506,0.000000000000,0.000000000000,0.000296464269,0.000000000000,0.000000000000,0.000154467745,0.000000000000,0.000000000000,0.000160494000,0.000000000000,0.000000000000,0.000170992324,0.000000000000,0.000000000000,0.000093326126,0.000000000000,0.000000000000,0.000097002091,0.000000000000,0.000000000000,0.000101417010,0.000000000000,0.000000000000,0.000071669923,0.000000000000,0.000000000000,0.000077560801,0.000000000000,0.000000000000,0.000081254356
671,0.000000000000,0.000000000000,0.000420010459,0.000000000000,0.000000000000,0.000439683787,0.000000000000,0.000000000000,0.000446032581,0.000000000000,0.000000000000,0.000277439835,0.000000000000,0.000000000000,0.000303587506,0.000000000000,0.000000000000,0.000296464269,0.000000000000,0.000000000000,0.000154467745,0.000000000000,0.000000000000,0.000160494000,0.000000000000,0.000000000000,0.000170992324,0.000000000000,0.000000000000,0.000093326126,0.000000000000,0.000000000000,0.000097002091,0.000000000000,0.000000000000,0.000101417010,0.000000000000,0.000000000000,0.000071669923,0.000000000000,0.000000000000,0.000077560801,0.000000000000,0.000000000000,0.000081254356
672,0.000000000000,0.000000000000,0.000420010459,0.000000000000,0.000000000000,0.000439683787,0.000000000000,0.000000000000,0.000446032581,0.000000000000,0.000000000000,0.000277439835,0.000000000000,0.000000000000,0.000303587506,0.000000000000,0.000000000000,0.000296464269,0.000000000000,0.000000000000,0.000154467745,0.000000000000,0.000000000000,0.000160494000,0.000000000000,0.000000000000,0.000170992324,0.000000000000,0.000000000000,0.000093326126,0.000000000000,0.000000000000,0.000097002091,0.000000000000,0.000000000000,0.000101417010,0.000000000000,0.000000000000,0.000071669923,0.000000000000,0.000000000000,0.000077560801,0.000000000000,0.000000000000,0.000081254356
673,0.000000000000,0.000000000000,0.000420010459,0.000000000000,0.000000000000,0.000439683787,0.000000000000,0.000000000000,0.000446032581,0.000000000000,0.000000000000,0.000277439835,0.000000000000,0.000000000000,0.000303587506,0.000000000000,0.000000000000,0.000296464269,0.000000000000,0.000000000000,0.000154467745,0.000000000000,0.000000000000,0.000160494000,0.000000000000,0.000000000000,0.000170992324,0.000000000000,0.000000000000,0.000093326126,0.000000000000,0.000000000000,0.000097002091,0.000000000000,0.000000000000,0.000101417010,0.000000000000,0.000000000000,0.000071669923,0.000000000000,0.000000000000,0.000077560801,0.000000000000,0.000000000000,0.000081254356
674,0.000000000000,0.000000000000,0.000420010459,0.000000000000,0.000000000000,0.000439683787,0.000000000000,0.000000000000,0.000446032581,0.000000000000,0.000000000000,0.000277439835,0.000000000000,0.000000000000,0.000303587506,0.000000000000,0.000000000000,0.000296464269,0.000000000000,0.000000000000,0.000154467745,0.000000000000,0.000000000000,0.000160494000,0.000000000000,0.000000000000,0.000170992324,0.000000000000,0.000000000000,0.000093326126,0.000000000000,0.000000000000,0.000097002091,0.000000000000,0.000000000000,0.000101417010,0.000000000000,0.000000000000,0.000071669923,0.000000000000,0.000000000000,0.000077560801,0.000000000000,0.000000000000,0.000081254356
675,0.000000000000,0.000000000000,0.000420010459,0.000000000000,0.000000000000,0.000439683787,0.000000000000,0.000000000000,0.000446032581,0.000000000000,0.000000000000,0.000277439835,0.000000000000,0.000000000000,0.000303587506,0.000000000000,0.000000000000,0.000296464269,0.000000000000,0.000000000000,0.000154467745,0.000000000000,0.000000000000,0.000160529902,0.000000000000,0.000000000000,0.000170992324,0.000000000000,0.000000000000,0.000093326126,0.000000000000,0.000000000000,0.000097002091,0.000000000000,0.000000000000,0.000101417010,0.000000000000,0.000000000000,0.000071669923,0.000000000000,0.000000000000,0.000077560801,0.000000000000,0.000000000000,0.000081254356
676,0.000000000000,0.000000000000,0.000420010459,0.000000000000,0.000000000000,0.000439683787,0.000000000000,0.000000000000,0.000446032581,0.000000000000,0.000000000000,0.000277439835,0.000000000000,0.000000000000,0.000303587506,0.000000000000,0.000000000000,0.000296464269,0.000000000000,0.000000000000,0.000154467745,0.000000000000,0.000000000000,0.000160711850,0.000000000000,0.000000000000,0.000170992324,0.000000000000,0.000000000000,0.000093326147,0.000000000000,0.000000000000,0.000097002091,0.000000000000,0.000000000000,0.000101417010,0.000000000000,0.000000000000,0.000071669923,0.000000000000,0.000000000000,0.000077560801,0.000000000000,0.000000000000,0.000081254356
677,0.000000000000,0.000000000000,0.000420010459,0.000000000000,0.000000000000,0.000439683787,0.000000000000,0.000000000000,0.000446032581,0.000000000000,0.000000000000,0.000277439835,0.000000000000,0.000000000000,0.000303587506,0.000000000000,0.000000000000,0.000296464269,0.000000000000,0.000000000000,0.000154467745,0.000000000000,0.000000000000,0.000160711850,0.000000000000,0.000000000000,0.000170992324,0.000000000000,0.000000000000,0.000093326147,0.000000000000,0.000000000000,0.000097002091,0.000000000000,0.000000000000,0.000101417010,0.000000000000,0.000000000000,0.000071669923,0.000000000000,0.000000000000,0.000077560801,0.000000000000,0.000000000000,0.000081254356
678,0.000000000000,0.000000000000,0.000420010459,0.000000000000,0.000000000000,0.000439683787,0.000000000000,0.000000000000,0.000446032581,0.000000000000,0.000000000000,0.000277439835,0.000000000000,0.000000000000,0.000303587506,0.000000000000,0.000000000000,0.000296464269,0.000000000000,0.000000000000,0.000154467745,0.000000000000,0.000000000000,0.000160711850,0.000000000000,0.000000000000,0.000170992324,0.000000000000,0.000000000000,0.000093326147,0.000000000000,0.000000000000,0.000097002091,0.000000000000,0.000000000000,0.000101417010,0.000000000000,0.000000000000,0.000071669923,0.000000000000,0.000000000000,0.000077560801,0.000000000000,0.000000000000,0.000081254356
679,0.000000000000,0.000000000000,0.000420010459,0.000000000000,0.000000000000,0.000439683787,0.000000000000,0.000000000000,0.000446032581,0.000000000000,0.000000000000,0.000277439835,0.000000000000,0.000000000000,0.000303587506,0.000000000000,0.000000000000,0.000296464269,0.000000000000,0.000000000000,0.000154467745,0.000000000000,0.000000000000,0.000160711850,0.000000000000,0.000000000000,0.000170992324,0.000000000000,0.000000000000,0.000093326147,0.000000000000,0.000000000000,0.000097002091,0.000000000000,0.000000000000,0.000101417010,0.000000000000,0.000000000000,0.000071669923,0.000000000000,0.000000000000,0.000077560801,0.000000000000,0.000000000000,0.000081254356
680,0.000000000000,0.000000000000,0.000420010459,0.000000000000,0.000000000000,0.000439683787,0.000000000000,0.000000000000,0.000446032581,0.000000000000,0.000000000000,0.000277439835,0.000000000000,0.000000000000,0.000303587506,0.000000000000,0.000000000000,0.000296464269,0.000000000000,0.000000000000,0.000154467745,0.000000000000,0.000000000000,0.000160711850,0.000000000000,0.000000000000,0.000170992324,0.000000000000,0.000000000000,0.000093326147,0.000000000000,0.000000000000,0.000097002091,0.000000000000,0.000000000000,0.000101417010,0.000000000000,0.000000000000,0.000071669923,0.000000000000,0.000000000000,0.000077560801,0.000000000000,0.000000000000,0.000081254356
681,0.000000000000,0.000000000000,0.000420010459,0.000000000000,0.000000000000,0.000439683787,0.000000000000,0.000000000000,0.000446032581,0.000000000000,0.000000000000,0.000277439835,0.000000000000,0.000000000000,0.000303753735,0.000000000000,0.000000000000,0.000296464269,0.000000000000,0.000000000000,0.000154467745,0.000000000000,0.000000000000,0.000160711850,0.000000000000,0.000000000000,0.000170992324,0.000000000000,0.000000000000,0.000093326147,0.000000000000,0.000000000000,0.000097002091,0.000000000000,0.000000000000,0.000101417010,0.000000000000,0.000000000000,0.000071669923,0.000000000000,0.000000000000,0.000077560801,0.000000000000,0.000000000000,0.000081254356
682,0.000000000000,0.000000000000,0.000420010459,0.000000000000,0.000000000000,0.000439683787,0.000000000000,0.000000000000,0.000446032581,0.000000000000,0.000000000000,0.000277439835,0.000000000000,0.000000000000,0.000303763193,0.000000000000,0.000000000000,0.000296464269,0.000000000000,0.000000000000,0.000154467745,0.000000000000,0.000000000000,0.000160711850,0.000000000000,0.000000000000,0.000170992324,0.000000000000,0.000000000000,0.000093326147,0.000000000000,0.000000000000,0.000097002091,0.000000000000,0.000000000000,0.000101465794,0.000000000000,0.000000000000,0.000071669923,0.000000000000,0.000000000000,0.000077560801,0.000000000000,0.000000000000,0.000081254356
683,0.000000000000,0.000000000000,0.000420010459,0.000000000000,0.000000000000,0.000439683787,0.000000000000,0.000000000000,0.000446032581,0.000000000000,0.000000000000,0.000277439835,0.000000000000,0.000000000000,0.000303763193,0.000000000000,0.000000000000,0.000296464269,0.000000000000,0.000000000000,0.000154467745,0.000000000000,0.000000000000,0.000160711850,0.000000000000,0.000000000000,0.000170992324,0.000000000000,0.000000000000,0.000093326147,0.000000000000,0.000000000000,0.000097002091,0.000000000000,0.000000000000,0.000101465794,0.000000000000,0.000000000000,0.000071669923,0.000000000000,0.000000000000,0.000077560801,0.000000000000,0.000000000000,0.000081254356
684,0.000000000000,0.000000000000,0.000420010459,0.000000000000,0.000000000000,0.000439683787,0.000000000000,0.000000000000,0.000446032581,0.000000000000,0.000000000000,0.000277439835,0.000000000000,0.000000000000,0.000303763193,0.000000000000,0.000000000000,0.000296464269,0.000000000000,0.000000000000,0.000154467745,0.000000000000,0.000000000000,0.000160711850,0.000000000000,0.000000000000,0.000170992324,0.000000000000,0.000000000000,0.000093326147,0.000000000000,0.000000000000,0.000097002091,0.000000000000,0.000000000000,0.000101470649,0.000000000000,0.000000000000,0.000071669923,0.000000000000,0.000000000000,0.000077560801,0.000000000000,0.000000000000,0.000081254356
685,0.000000000000,0.000000000000,0.000420010459,0.000000000000,0.000000000000,0.000439683787,0.000000000000,0.000000000000,0.000446032581,0.000000000000,0.000000000000,0.000277439835,0.000000000000,0.000000000000,0.000303763193,0.000000000000,0.000000000000,0.000296464269,0.000000000000,0.000000000000,0.000154467745,0.000000000000,0.000000000000,0.000160711850,0.000000000000,0.000000000000,0.000170992324,0.000000000000,0.000000000000,0.000093326147,0.000000000000,0.000000000000,0.000097002091,0.000000000000,0.000000000000,0.000101470649,0.000000000000,0.000000000000,0.000071726779,0.000000000000,0.000000000000,0.000077560801,0.000000000000,0.000000000000,0.000081254356
686,0.000000000000,0.000000000000,0.000420010459,0.000000000000,0.000000000000,0.000439683787,0.000000000000,0.000000000000,0.000446032581,0.000000000000,0.000000000000,0.000277439835,0.000000000000,0.000000000000,0.000303763193,0.000000000000,0.000000000000,0.000296464269,0.000000000000,0.000000000000,0.000154467745,0.000000000000,0.000000000000,0.000160711850,0.000000000000,0.000000000000,0.000170992324,0.000000000000,0.000000000000,0.000093326147,0.000000000000,0.000000000000,0.000097002091,0.000000000000,0.000000000000,0.000101470649,0.000000000000,0.000000000000,0.000071726779,0.000000000000,0.000000000000,0.000077560801,0.000000000000,0.000000000000,0.000081254546
687,0.000000000000,0.000000000000,0.000420010459,0.000000000000,0.000000000000,0.000439683787,0.000000000000,0.000000000000,0.000446032581,0.000000000000,0.000000000000,0.000277439835,0.000000000000,0.000000000000,0.000303763193,0.000000000000,0.000000000000,0.000296464269,0.000000000000,0.000000000000,0.000154467745,0.000000000000,0.000000000000,0.000160711850,0.000000000000,0.000000000000,0.000170992324,0.000000000000,0.000000000000,0.000093326147,0.000000000000,0.000000000000,0.000097002091,0.000000000000,0.000000000000,0.000101470649,0.000000000000,0.000000000000,0.000071726779,0.000000000000,0.000000000000,0.000077560801,0.000000000000,0.000000000000,0.000081269275
688,0.000000000000,0.000000000000,0.000420010459,0.000000000000,0.000000000000,0.000439683787,0.000000000000,0.000000000000,0.000446032581,0.000000000000,0.000000000000,0.000277439835,0.000000000000,0.000000000000,0.000303763193,0.000000000000,0.000000000000,0.000296464269,0.000000000000,0.000000000000,0.000154467745,0.000000000000,0.000000000000,0.000160711850,0.000000000000,0.000000000000,0.000170992324,0.000000000000,0.000000000000,0.000093326147,0.000000000000,0.000000000000,0.000097002091,0.000000000000,0.000000000000,0.000101470649,0.000000000000,0.000000000000,0.000071732205,0.000000000000,0.000000000000,0.000077560801,0.000000000000,0.000000000000,0.000081269275
689,0.000000000000,0.000000000000,0.000420010459,0.000000000000,0.000000000000,0.000439683787,0.000000000000,0.000000000000,0.000446032581,0.000000000000,0.000000000000,0.000277439835,0.000000000000,0.000000000000,0.000303763193,0.000000000000,0.000000000000,0.000296464269,0.000000000000,0.000000000000,0.000154467745,0.000000000000,0.000000000000,0.000160711850,0.000000000000,0.000000000000,0.000170992324,0.000000000000,0.000000000000,0.000093326147,0.000000000000,0.000000000000,0.000097002091,0.000000000000,0.000000000000,0.000101470649,0.000000000000,0.000000000000,0.000071732205,0.000000000000,0.000000000000,0.000077560801,0.000000000000,0.000000000000,0.000081269275
690,0.000000000000,0.000000000000,0.000420010459,0.000000000000,0.000000000000,0.000439683787,0.000000000000,0.000000000000,0.000446032581,0.000000000000,0.000000000000,0.000277439835,0.000000000000,0.000000000000,0.000303763193,0.000000000000,0.000000000000,0.000296464269,0.000000000000,0.000000000000,0.000154467745,0.000000000000,0.000000000000,0.000160711850,0.000000000000,0.000000000000,0.000170992324,0.000000000000,0.000000000000,0.000093326147,0.000000000000,0.000000000000,0.000097002091,0.000000000000,0.000000000000,0.000101470649,0.000000000000,0.000000000000,0.000071732205,0.000000000000,0.000000000000,0.000077560801,0.000000000000,0.000000000000,0.000081269275
691,0.000000000000,0.000000000000,0.000420010459,0.000000000000,0.000000000000,0.000439683787,0.000000000000,0.000000000000,0.000446032581,0.000000000000,0.000000000000,0.000277439835,0.000000000000,0.000000000000,0.000303763193,0.000000000000,0.000000000000,0.000296464269,0.000000000000,0.000000000000,0.000154467745,0.000000000000,0.000000000000,0.000160711850,0.000000000000,0.000000000000,0.000170992324,0.000000000000,0.000000000000,0.000093326147,0.000000000000,0.000000000000,0.000097002091,0.000000000000,0.000000000000,0.000101479434,0.000000000000,0.000000000000,0.000071732205,0.000000000000,0.000000000000,0.000077560801,0.000000000000,0.000000000000,0.000081269275
692,0.000000000000,0.000000000000,0.000420010459,0.000000000000,0.000000000000,0.000439683787,0.000000000000,0.000000000000,0.000446032581,0.000000000000,0.000000000000,0.000277439835,0.000000000000,0.000000000000,0.000303763193,0.000000000000,0.000000000000,0.000296464269,0.000000000000,0.000000000000,0.000154467745,0.000000000000,0.000000000000,0.000160711850,0.000000000000,0.000000000000,0.000170992324,0.000000000000,0.000000000000,0.000093326147,0.000000000000,0.000000000000,0.000097002091,0.000000000000,0.000000000000,0.000101485224,0.000000000000,0.000000000000,0.000071732205,0.000000000000,0.000000000000,0.000077560801,0.000000000000,0.000000000000,0.000081269275
693,0.000000000000,0.000000000000,0.000420010459,0.000000000000,0.000000000000,0.000439683787,0.000000000000,0.000000000000,0.000446032581,0.000000000000,0.000000000000,0.000277439835,0.000000000000,0.000000000000,0.000303763193,0.000000000000,0.000000000000,0.000296464269,0.000000000000,0.000000000000,0.000154467745,0.000000000000,0.000000000000,0.000160711850,0.000000000000,0.000000000000,0.000170992324,0.000000000000,0.000000000000,0.000093326147,0.000000000000,0.000000000000,0.000097002091,0.000000000000,0.000000000000,0.000101485224,0.000000000000,0.000000000000,0.000071732205,0.000000000000,0.000000000000,0.000077560801,0.000000000000,0.000000000000,0.000081269275
694,0.000000000000,0.000000000000,0.000420010459,0.000000000000,0.000000000000,0.000439683787,0.000000000000,0.000000000000,0.000446032581,0.000000000000,0.000000000000,0.000277439835,0.000000000000,0.000000000000,0.000303763193,0.000000000000,0.000000000000,0.000296464269,0.000000000000,0.000000000000,0.000154467745,0.000000000000,0.000000000000,0.000160711850,0.000000000000,0.000000000000,0.000170992324,0.000000000000,0.000000000000,0.000093326147,0.000000000000,0.000000000000,0.000097002091,0.000000000000,0.000000000000,0.000101485224,0.000000000000,0.000000000000,0.000071732205,0.000000000000,0.000000000000,0.000077560801,0.000000000000,0.000000000000,0.000081269275
695,0.000000000000,0.000000000000,0.000420010459,0.000000000000,0.000000000000,0.000439683787,0.000000000000,0.000000000000,0.000446032581,0.000000000000,0.000000000000,0.000277439835,0.000000000000,0.000000000000,0.000303763193,0.000000000000,0.000000000000,0.000296464269,0.000000000000,0.000000000000,0.000154467745,0.000000000000,0.000000000000,0.000160711850,0.000000000000,0.000000000000,0.000170992324,0.000000000000,0.000000000000,0.000093326147,0.000000000000,0.000000000000,0.000097002091,0.000000000000,0.000000000000,0.000101485224,0.000000000000,0.000000000000,0.000071732205,0.000000000000,0.000000000000,0.000077560801,0.000000000000,0.000000000000,0.000081269275
696,0.000000000000,0.000000000000,0.000420010459,0.000000000000,0.000000000000,0.000439683787,0.000000000000,0.000000000000,0.000446032581,0.000000000000,0.000000000000,0.000277439835,0.000000000000,0.000000000000,0.000303763193,0.000000000000,0.000000000000,0.000296464269,0.000000000000,0.000000000000,0.000154467745,0.000000000000,0.000000000000,0.000160711850,0.000000000000,0.000000000000,0.000170992324,0.000000000000,0.000000000000,0.000093326147,0.000000000000,0.000000000000,0.000097002091,0.000000000000,0.000000000000,0.000101485224,0.000000000000,0.000000000000,0.000071732205,0.000000000000,0.000000000000,0.000077560801,0.000000000000,0.000000000000,0.000081269275
697,0.000000000000,0.000000000000,0.000420010459,0.000000000000,0.000000000000,0.000439683787,0.000000000000,0.000000000000,0.000446032581,0.000000000000,0.000000000000,0.000277439835,0.000000000000,0.000000000000,0.000303763193,0.000000000000,0.000000000000,0.000296464269,0.000000000000,0.000000000000,0.000154467745,0.000000000000,0.000000000000,0.000160711850,0.000000000000,0.000000000000,0.000170992324,0.000000000000,0.000000000000,0.000093326147,0.000000000000,0.000000000000,0.000097002091,0.000000000000,0.000000000000,0.000101485224,0.000000000000,0.000000000000,0.000071732205,0.000000000000,0.000000000000,0.000077560801,0.000000000000,0.000000000000,0.000081269275
698,0.000000000000,0.000000000000,0.000420010459,0.000000000000,0.000000000000,0.000439683787,0.000000000000,0.000000000000,0.000446032581,0.000000000000,0.000000000000,0.000277439835,0.000000000000,0.000000000000,0.000303763193,0.000000000000,0.000000000000,0.000296464269,0.000000000000,0.000000000000,0.000154467745,0.000000000000,0.000000000000,0.000160711850,0.000000000000,0.000000000000,0.000170992324,0.000000000000,0.000000000000,0.000093326147,0.000000000000,0.000000000000,0.000097002091,0.000000000000,0.000000000000,0.000101485224,0.000000000000,0.000000000000,0.000071732205,0.000000000000,0.000000000000,0.000077560801,0.000000000000,0.000000000000,0.000081269275
699,0.000000000000,0.000000000000,0.000420010459,0.000000000000,0.000000000000,0.000439683787,0.000000000000,0.000000000000,0.000446032581,0.000000000000,0.000000000000,0.000277439835,0.000000000000,0.000000000000,0.000303763193,0.000000000000,0.000000000000,0.000296464269,0.000000000000,0.000000000000,0.000154467745,0.000000000000,0.000000000000,0.000160711850,0.000000000000,0.000000000000,0.000170992324,0.000000000000,0.000000000000,0.000093326147,0.000000000000,0.000000000000,0.000097002091,0.000000000000,0.000000000000,0.000101485224,0.000000000000,0.000000000000,0.000071732205,0.000000000000,0.000000000000,0.000077560801,0.000000000000,0.000000000000,0.000081276471
700,0.000000000000,0.000000000000,0.000420010459,0.000000000000,0.000000000000,0.000439683787,0.000000000000,0.000000000000,0.000446032581,0.000000000000,0.000000000000,0.000277439835,0.000000000000,0.000000000000,0.000303763193,0.000000000000,0.000000000000,0.000296464269,0.000000000000,0.000000000000,0.000154467745,0.000000000000,0.000000000000,0.000160711850,0.000000000000,0.000000000000,0.000170992324,0.000000000000,0.000000000000,0.000093326147,0.000000000000,0.000000000000,0.000097013866,0.000000000000,0.000000000000,0.000101485224,0.000000000000,0.000000000000,0.000071732205,0.000000000000,0.000000000000,0.000077560801,0.000000000000,0.000000000000,0.000081276471
701,0.000000000000,0.000000000000,0.000420010459,0.000000000000,0.000000000000,0.000439683787,0.000000000000,0.000000000000,0.000446032581,0.000000000000,0.000000000000,0.000277439835,0.000000000000,0.000000000000,0.000303763193,0.000000000000,0.000000000000,0.000296464269,0.000000000000,0.000000000000,0.000154467745,0.000000000000,0.000000000000,0.000160711850,0.000000000000,0.000000000000,0.000170992324,0.000000000000,0.000000000000,0.000093326147,0.000000000000,0.000000000000,0.000097013866,0.000000000000,0.000000000000,0.000101485224,0.000000000000,0.000000000000,0.000071732205,0.000000000000,0.000000000000,0.000077560801,0.000000000000,0.000000000000,0.000081276471
702,0.000000000000,0.000000000000,0.000420010459,0.000000000000,0.000000000000,0.000439683787,0.000000000000,0.000000000000,0.000446032581,0.000000000000,0.000000000000,0.000277439835,0.000000000000,0.000000000000,0.000303763193,0.000000000000,0.000000000000,0.000296464269,0.000000000000,0.000000000000,0.000154467745,0.000000000000,0.000000000000,0.000160711850,0.000000000000,0.000000000000,0.000170992324,0.000000000000,0.000000000000,0.000093326147,0.000000000000,0.000000000000,0.000097017108,0.000000000000,0.000000000000,0.000101485224,0.000000000000,0.000000000000,0.000071732205,0.000000000000,0.000000000000,0.000077560801,0.000000000000,0.000000000000,0.000081276471
703,0.000000000000,0.000000000000,0.000420010459,0.000000000000,0.000000000000,0.000439683787,0.000000000000,0.000000000000,0.000446032581,0.000000000000,0.000000000000,0.000277439835,0.000000000000,0.000000000000,0.000303763193,0.000000000000,0.000000000000,0.000296464269,0.000000000000,0.000000000000,0.000154467745,0.000000000000,0.000000000000,0.000160711850,0.000000000000,0.000000000000,0.000170992324,0.000000000000,0.000000000000,0.000093337520,0.000000000000,0.000000000000,0.000097017108,0.000000000000,0.000000000000,0.000101485224,0.000000000000,0.000000000000,0.000071732205,0.000000000000,0.000000000000,0.000077560801,0.000000000000,0.000000000000,0.000081276471
704,0.000000000000,0.000000000000,0.000420010459,0.000000000000,0.000000000000,0.000439683787,0.000000000000,0.000000000000,0.000446032581,0.000000000000,0.000000000000,0.000277439835,0.000000000000,0.000000000000,0.000303763193,0.000000000000,0.000000000000,0.000296464269,0.000000000000,0.000000000000,0.000154467745,0.000000000000,0.000000000000,0.000160711850,0.000000000000,0.000000000000,0.000170992324,0.000000000000,0.000000000000,0.000093337520,0.000000000000,0.000000000000,0.000097017108,0.000000000000,0.000000000000,0.000101485224,0.000000000000,0.000000000000,0.000071732205,0.000000000000,0.000000000000,0.000077560801,0.000000000000,0.000000000000,0.000081276471
705,0.000000000000,0.000000000000,0.000420010459,0.000000000000,0.000000000000,0.000439683787,0.000000000000,0.000000000000,0.000446032581,0.000000000000,0.000000000000,0.000277439835,0.000000000000,0.000000000000,0.000303763193,0.000000000000,0.000000000000,0.000296464269,0.000000000000,0.000000000000,0.000154467745,0.000000000000,0.000000000000,0.000160711850,0.000000000000,0.000000000000,0.000170992324,0.000000000000,0.000000000000,0.000093337520,0.000000000000,0.000000000000,0.000097017108,0.000000000000,0.000000000000,0.000101485224,0.000000000000,0.000000000000,0.000071732205,0.000000000000,0.000000000000,0.000077560801,0.000000000000,0.000000000000,0.000081276471
706,0.000000000000,0.000000000000,0.000420010459,0.000000000000,0.000000000000,0.000439683787,0.000000000000,0.000000000000,0.000446032581,0.000000000000,0.000000000000,0.000277439835,0.000000000000,0.000000000000,0.000303763193,0.000000000000,0.000000000000,0.000296464269,0.000000000000,0.000000000000,0.000154467745,0.000000000000,0.000000000000,0.000160711850,0.000000000000,0.000000000000,0.000170992324,0.000000000000,0.000000000000,0.000093337520,0.000000000000,0.000000000000,0.000097017108,0.000000000000,0.000000000000,0.000101485224,0.000000000000,0.000000000000,0.000071732205,0.000000000000,0.000000000000,0.000077560801,0.000000000000,0.000000000000,0.000081276471
707,0.000000000000,0.000000000000,0.000420010459,0.000000000000,0.000000000000,0.000439683787,0.000000000000,0.000000000000,0.000446032581,0.000000000000,0.000000000000,0.000277439835,0.000000000000,0.000000000000,0.000303763193,0.000000000000,0.000000000000,0.000296464269,0.000000000000,0.000000000000,0.000154467745,0.000000000000,0.000000000000,0.000160711850,0.000000000000,0.000000000000,0.000170992324,0.000000000000,0.000000000000,0.000093337520,0.000000000000,0.000000000000,0.000097017108,0.000000000000,0.000000000000,0.000101485224,0.000000000000,0.000000000000,0.000071732205,0.000000000000,0.000000000000,0.000077560801,0.000000000000,0.000000000000,0.000081276471
708,0.000000000000,0.000000000000,0.000420010459,0.000000000000,0.000000000000,0.000439683787,0.000000000000,0.000000000000,0.000446032581,0.000000000000,0.000000000000,0.000277439835,0.000000000000,0.000000000000,0.000303763193,0.000000000000,0.000000000000,0.000296464269,0.000000000000,0.000000000000,0.000154467745,0.000000000000,0.000000000000,0.000160711850,0.000000000000,0.000000000000,0.000170992324,0.000000000000,0.000000000000,0.000093337520,0.000000000000,0.000000000000,0.000097028316,0.000000000000,0.000000000000,0.000101485224,0.000000000000,0.000000000000,0.000071732205,0.000000000000,0.000000000000,0.000077560801,0.000000000000,0.000000000000,0.000081276471
709,0.000000000000,0.000000000000,0.000420010459,0.000000000000,0.000000000000,0.000439683787,0.000000000000,0.000000000000,0.000446032581,0.000000000000,0.000000000000,0.000277439835,0.000000000000,0.000000000000,0.000303763193,0.000000000000,0.000000000000,0.000296464269,0.000000000000,0.000000000000,0.000154467745,0.000000000000,0.000000000000,0.000160711850,0.000000000000,0.000000000000,0.000170992324,0.000000000000,0.000000000000,0.000093337520,0.000000000000,0.000000000000,0.000097028316,0.000000000000,0.000000000000,0.000101485224,0.000000000000,0.000000000000,0.000071732205,0.000000000000,0.000000000000,0.000077560801,0.000000000000,0.000000000000,0.000081276471
710,0.000000000000,0.000000000000,0.000420010459,0.000000000000,0.000000000000,0.000439683787,0.000000000000,0.000000000000,0.000446032581,0.000000000000,0.000000000000,0.000277439835,0.000000000000,0.000000000000,0.000303763193,0.000000000000,0.000000000000,0.000296464269,0.000000000000,0.000000000000,0.000154467745,0.000000000000,0.000000000000,0.000160711850,0.000000000000,0.000000000000,0.000170992324,0.000000000000,0.000000000000,0.000093337520,0.000000000000,0.000000000000,0.000097028316,0.000000000000,0.000000000000,0.000101485224,0.000000000000,0.000000000000,0.000071732205,0.000000000000,0.000000000000,0.000077560801,0.000000000000,0.000000000000,0.000081276471
711,0.000000000000,0.000000000000,0.000420010459,0.000000000000,0.000000000000,0.000439683787,0.000000000000,0.000000000000,0.000446032581,0.000000000000,0.000000000000,0.000277439835,0.000000000000,0.000000000000,0.000303763193,0.000000000000,0.000000000000,0.000296464269,0.000000000000,0.000000000000,0.000154467745,0.000000000000,0.000000000000,0.000160711850,0.000000000000,0.000000000000,0.000170992324,0.000000000000,0.000000000000,0.000093337520,0.000000000000,0.000000000000,0.000097028316,0.000000000000,0.000000000000,0.000101485224,0.000000000000,0.000000000000,0.000071732205,0.000000000000,0.000000000000,0.000077560801,0.000000000000,0.000000000000,0.000081276471
712,0.000000000000,0.000000000000,0.000420010459,0.000000000000,0.000000000000,0.000439683787,0.000000000000,0.000000000000,0.000446032581,0.000000000000,0.000000000000,0.000277439835,0.000000000000,0.000000000000,0.000303763193,0.000000000000,0.000000000000,0.000296464269,0.000000000000,0.000000000000,0.000154467745,0.000000000000,0.000000000000,0.000160711850,0.000000000000,0.000000000000,0.000170992324,0.000000000000,0.000000000000,0.000093337520,0.000000000000,0.000000000000,0.000097028316,0.000000000000,0.000000000000,0.000101485224,0.000000000000,0.000000000000,0.000071732205,0.000000000000,0.000000000000,0.000077560801,0.000000000000,0.000000000000,0.000081276471
713,0.000000000000,0.000000000000,0.000420010459,0.000000000000,0.000000000000,0.000439683787,0.000000000000,0.000000000000,0.000446032581,0.000000000000,0.000000000000,0.000277439835,0.000000000000,0.000000000000,0.000303763193,0.000000000000,0.000000000000,0.000296464269,0.000000000000,0.000000000000,0.000154467745,0.000000000000,0.000000000000,0.000160711850,0.000000000000,0.000000000000,0.000170992324,0.000000000000,0.000000000000,0.000093337520,0.000000000000,0.000000000000,0.000097028316,0.000000000000,0.000000000000,0.000101485224,0.000000000000,0.000000000000,0.000071734887,0.000000000000,0.000000000000,0.000077560801,0.000000000000,0.000000000000,0.000081276471
714,0.000000000000,0.000000000000,0.000420010459,0.000000000000,0.000000000000,0.000439683787,0.000000000000,0.000000000000,0.000446032581,0.000000000000,0.000000000000,0.000277439835,0.000000000000,0.000000000000,0.000303763193,0.000000000000,0.000000000000,0.000296464269,0.000000000000,0.000000000000,0.000154467745,0.000000000000,0.000000000000,0.000160750420,0.000000000000,0.000000000000,0.000170992324,0.000000000000,0.000000000000,0.000093337520,0.000000000000,0.000000000000,0.000097028316,0.000000000000,0.000000000000,0.000101485224,0.000000000000,0.000000000000,0.000071734887,0.000000000000,0.000000000000,0.000077560801,0.000000000000,0.000000000000,0.000081276471
715,0.000000000000,0.000000000000,0.000420010459,0.000000000000,0.000000000000,0.000439683787,0.000000000000,0.000000000000,0.000446032581,0.000000000000,0.000000000000,0.000277439835,0.000000000000,0.000000000000,0.000303763193,0.000000000000,0.000000000000,0.000296464269,0.000000000000,0.000000000000,0.000154467745,0.000000000000,0.000000000000,0.000160750420,0.000000000000,0.000000000000,0.000170992324,0.000000000000,0.000000000000,0.000093337520,0.000000000000,0.000000000000,0.000097053286,0.000000000000,0.000000000000,0.000101485224,0.000000000000,0.000000000000,0.000071746883,0.000000000000,0.000000000000,0.000077560801,0.000000000000,0.000000000000,0.000081280887
716,0.000000000000,0.000000000000,0.000420010459,0.000000000000,0.000000000000,0.000439683787,0.000000000000,0.000000000000,0.000446032581,0.000000000000,0.000000000000,0.000277439835,0.000000000000,0.000000000000,0.000303763193,0.000000000000,0.000000000000,0.000296464269,0.000000000000,0.000000000000,0.000154467745,0.000000000000,0.000000000000,0.000160750420,0.000000000000,0.000000000000,0.000170992324,0.000000000000,0.000000000000,0.000093337520,0.000000000000,0.000000000000,0.000097053286,0.000000000000,0.000000000000,0.000101485224,0.000000000000,0.000000000000,0.000071746883,0.000000000000,0.000000000000,0.000077560801,0.000000000000,0.000000000000,0.000081285532
717,0.000000000000,0.000000000000,0.000420010459,0.000000000000,0.000000000000,0.000439683787,0.000000000000,0.000000000000,0.000446032581,0.000000000000,0.000000000000,0.000277439835,0.000000000000,0.000000000000,0.000303763193,0.000000000000,0.000000000000,0.000296464269,0.000000000000,0.000000000000,0.000154467745,0.000000000000,0.000000000000,0.000160750420,0.000000000000,0.000000000000,0.000170992324,0.000000000000,0.000000000000,0.000093337520,0.000000000000,0.000000000000,0.000097053286,0.000000000000,0.000000000000,0.000101485224,0.000000000000,0.000000000000,0.000071746883,0.000000000000,0.000000000000,0.000077560801,0.000000000000,0.000000000000,0.000081285532
718,0.000000000000,0.000000000000,0.000420010459,0.000000000000,0.000000000000,0.000439683787,0.000000000000,0.000000000000,0.000446032581,0.000000000000,0.000000000000,0.000277439835,0.000000000000,0.000000000000,0.000303763193,0.000000000000,0.000000000000,0.000296464269,0.000000000000,0.000000000000,0.000154467745,0.000000000000,0.000000000000,0.000160750420,0.000000000000,0.000000000000,0.000170992324,0.000000000000,0.000000000000,0.000093337520,0.000000000000,0.000000000000,0.000097053286,0.000000000000,0.000000000000,0.000101485224,0.000000000000,0.000000000000,0.000071746883,0.000000000000,0.000000000000,0.000077560801,0.000000000000,0.000000000000,0.000081285532
719,0.000000000000,0.000000000000,0.000420010459,0.000000000000,0.000000000000,0.000439683787,0.000000000000,0.000000000000,0.000446032581,0.000000000000,0.000000000000,0.000277439835,0.000000000000,0.000000000000,0.000303763193,0.000000000000,0.000000000000,0.000296464269,0.000000000000,0.000000000000,0.000154467745,0.000000000000,0.000000000000,0.000160750420,0.000000000000,0.000000000000,0.000170992324,0.000000000000,0.000000000000,0.000093337520,0.000000000000,0.000000000000,0.000097053286,0.000000000000,0.000000000000,0.000101485224,0.000000000000,0.000000000000,0.000071746883,0.000000000000,0.000000000000,0.000077560801,0.000000000000,0.000000000000,0.000081285532
720,0.000000000000,0.000000000000,0.000420010459,0.000000000000,0.000000000000,0.000439683787,0.000000000000,0.000000000000,0.000446032581,0.000000000000,0.000000000000,0.000277439835,0.000000000000,0.000000000000,0.000303763193,0.000000000000,0.000000000000,0.000296464269,0.000000000000,0.000000000000,0.000154467745,0.000000000000,0.000000000000,0.000160750420,0.000000000000,0.000000000000,0.000170992324,0.000000000000,0.000000000000,0.000093337520,0.000000000000,0.000000000000,0.000097053286,0.000000000000,0.000000000000,0.000101485224,0.000000000000,0.000000000000,0.000071746883,0.000000000000,0.000000000000,0.000077560801,0.000000000000,0.000000000000,0.000081285532
721,0.000000000000,0.000000000000,0.000420010459,0.000000000000,0.000000000000,0.000439683787,0.000000000000,0.000000000000,0.000446032581,0.000000000000,0.000000000000,0.000277439835,0.000000000000,0.000000000000,0.000303763193,0.000000000000,0.000000000000,0.000296464269,0.000000000000,0.000000000000,0.000154467745,0.000000000000,0.000000000000,0.000160750420,0.000000000000,0.000000000000,0.000170992324,0.000000000000,0.000000000000,0.000093337520,0.000000000000,0.000000000000,0.000097053286,0.000000000000,0.000000000000,0.000101485224,0.000000000000,0.000000000000,0.000071746883,0.000000000000,0.000000000000,0.000077560801,0.000000000000,0.000000000000,0.000081285532
722,0.000000000000,0.000000000000,0.000420010459,0.000000000000,0.000000000000,0.000439683787,0.000000000000,0.000000000000,0.000446032581,0.000000000000,0.000000000000,0.000277439835,0.000000000000,0.000000000000,0.000303763193,0.000000000000,0.000000000000,0.000296464269,0.000000000000,0.000000000000,0.000154467745,0.000000000000,0.000000000000,0.000160750420,0.000000000000,0.000000000000,0.000170992324,0.000000000000,0.000000000000,0.000093337520,0.000000000000,0.000000000000,0.000097053286,0.000000000000,0.000000000000,0.000101485224,0.000000000000,0.000000000000,0.000071746883,0.000000000000,0.000000000000,0.000077560801,0.000000000000,0.000000000000,0.000081285532
723,0.000000000000,0.000000000000,0.000420010459,0.000000000000,0.000000000000,0.000439683787,0.000000000000,0.000000000000,0.000446032581,0.000000000000,0.000000000000,0.000277439835,0.000000000000,0.000000000000,0.000303763193,0.000000000000,0.000000000000,0.000296464269,0.000000000000,0.000000000000,0.000154467745,0.000000000000,0.000000000000,0.000160750420,0.000000000000,0.000000000000,0.000170992324,0.000000000000,0.000000000000,0.000093337520,0.000000000000,0.000000000000,0.000097053286,0.000000000000,0.000000000000,0.000101485224,0.000000000000,0.000000000000,0.000071746883,0.000000000000,0.000000000000,0.000077560801,0.000000000000,0.000000000000,0.000081285532
724,0.000000000000,0.000000000000,0.000420010459,0.000000000000,0.000000000000,0.000439683787,0.000000000000,0.000000000000,0.000446032581,0.000000000000,0.000000000000,0.000277439835,0.000000000000,0.000000000000,0.000303763193,0.000000000000,0.000000000000,0.000296464269,0.000000000000,0.000000000000,0.000154467745,0.000000000000,0.000000000000,0.000160750420,0.000000000000,0.000000000000,0.000170992324,0.000000000000,0.000000000000,0.000093337520,0.000000000000,0.000000000000,0.000097053286,0.000000000000,0.000000000000,0.000101485224,0.000000000000,0.000000000000,0.000071754178,0.000000000000,0.000000000000,0.000077560801,0.000000000000,0.000000000000,0.000081313892
725,0.000000000000,0.000000000000,0.000420010459,0.000000000000,0.000000000000,0.000439683787,0.000000000000,0.000000000000,0.000446032581,0.000000000000,0.000000000000,0.000277439835,0.000000000000,0.000000000000,0.000303763193,0.000000000000,0.000000000000,0.000296464269,0.000000000000,0.000000000000,0.000154467745,0.000000000000,0.000000000000,0.000160750420,0.000000000000,0.000000000000,0.000170992324,0.000000000000,0.000000000000,0.000093337520,0.000000000000,0.000000000000,0.000097053286,0.000000000000,0.000000000000,0.000101485224,0.000000000000,0.000000000000,0.000071754178,0.000000000000,0.000000000000,0.000077560801,0.000000000000,0.000000000000,0.000081370546
726,0.000000000000,0.000000000000,0.000420010459,0.000000000000,0.000000000000,0.000439683787,0.000000000000,0.000000000000,0.000446032581,0.000000000000,0.000000000000,0.000277439835,0.000000000000,0.000000000000,0.000303763193,0.000000000000,0.000000000000,0.000296464269,0.000000000000,0.000000000000,0.000154467745,0.000000000000,0.000000000000,0.000160750420,0.000000000000,0.000000000000,0.000170992324,0.000000000000,0.000000000000,0.000093337520,0.000000000000,0.000000000000,0.000097053286,0.000000000000,0.000000000000,0.000101485224,0.000000000000,0.000000000000,0.000071754178,0.000000000000,0.000000000000,0.000077560801,0.000000000000,0.000000000000,0.000081370546
727,0.000000000000,0.000000000000,0.000420010459,0.000000000000,0.000000000000,0.000439683787,0.000000000000,0.000000000000,0.000446032581,0.000000000000,0.000000000000,0.000277439835,0.000000000000,0.000000000000,0.000303763193,0.000000000000,0.000000000000,0.000296464269,0.000000000000,0.000000000000,0.000154467745,0.000000000000,0.000000000000,0.000160750420,0.000000000000,0.000000000000,0.000170992324,0.000000000000,0.000000000000,0.000093337520,0.000000000000,0.000000000000,0.000097053286,0.000000000000,0.000000000000,0.000101485224,0.000000000000,0.000000000000,0.000071754178,0.000000000000,0.000000000000,0.000077560801,0.000000000000,0.000000000000,0.000081370546
728,0.000000000000,0.000000000000,0.000420010459,0.000000000000,0.000000000000,0.000439683787,0.000000000000,0.000000000000,0.000446032581,0.000000000000,0.000000000000,0.000277439835,0.000000000000,0.000000000000,0.000303763193,0.000000000000,0.000000000000,0.000296464269,0.000000000000,0.000000000000,0.000154467745,0.000000000000,0.000000000000,0.000160750420,0.000000000000,0.000000000000,0.000170992324,0.000000000000,0.000000000000,0.000093337520,0.000000000000,0.000000000000,0.000097053286,0.000000000000,0.000000000000,0.000101485224,0.000000000000,0.000000000000,0.000071755412,0.000000000000,0.000000000000,0.000077560801,0.000000000000,0.000000000000,0.000081370546
729,0.000000000000,0.000000000000,0.000420010459,0.000000000000,0.000000000000,0.000439683787,0.000000000000,0.000000000000,0.000446032581,0.000000000000,0.000000000000,0.000277439835,0.000000000000,0.000000000000,0.000303763193,0.000000000000,0.000000000000,0.000296464269,0.000000000000,0.000000000000,0.000154467745,0.000000000000,0.000000000000,0.000160750420,0.000000000000,0.000000000000,0.000170992324,0.000000000000,0.000000000000,0.000093337520,0.000000000000,0.000000000000,0.000097054524,0.000000000000,0.000000000000,0.000101485224,0.000000000000,0.000000000000,0.000071775097,0.000000000000,0.000000000000,0.000077560801,0.000000000000,0.000000000000,0.000081370546
730,0.000000000000,0.000000000000,0.000420010459,0.000000000000,0.000000000000,0.000439683787,0.000000000000,0.000000000000,0.000446032581,0.000000000000,0.000000000000,0.000277439835,0.000000000000,0.000000000000,0.000303763193,0.000000000000,0.000000000000,0.000296464269,0.000000000000,0.000000000000,0.000154467745,0.000000000000,0.000000000000,0.000160750420,0.000000000000,0.000000000000,0.000170992324,0.000000000000,0.000000000000,0.000093337520,0.000000000000,0.000000000000,0.000097054524,0.000000000000,0.000000000000,0.000101485224,0.000000000000,0.000000000000,0.000071775097,0.000000000000,0.000000000000,0.000077566175,0.000000000000,0.000000000000,0.000081370546
731,0.000000000000,0.000000000000,0.000420010459,0.000000000000,0.000000000000,0.000439683787,0.000000000000,0.000000000000,0.000446032581,0.000000000000,0.000000000000,0.000277439835,0.000000000000,0.000000000000,0.000303763193,0.000000000000,0.000000000000,0.000296464269,0.000000000000,0.000000000000,0.000154467745,0.000000000000,0.000000000000,0.000160750420,0.000000000000,0.000000000000,0.000170992324,0.000000000000,0.000000000000,0.000093337520,0.000000000000,0.000000000000,0.000097054524,0.000000000000,0.000000000000,0.000101485224,0.000000000000,0.000000000000,0.000071775097,0.000000000000,0.000000000000,0.000077566175,0.000000000000,0.000000000000,0.000081370546
732,0.000000000000,0.000000000000,0.000420010459,0.000000000000,0.000000000000,0.000439683787,0.000000000000,0.000000000000,0.000446032581,0.000000000000,0.000000000000,0.000277439835,0.000000000000,0.000000000000,0.000303763193,0.000000000000,0.000000000000,0.000296464269,0.000000000000,0.000000000000,0.000154467745,0.000000000000,0.000000000000,0.000160839391,0.000000000000,0.000000000000,0.000170992324,0.000000000000,0.000000000000,0.000093337520,0.000000000000,0.000000000000,0.000097054524,0.000000000000,0.000000000000,0.000101485224,0.000000000000,0.000000000000,0.000071775097,0.000000000000,0.000000000000,0.000077566175,0.000000000000,0.000000000000,0.000081370546
733,0.000000000000,0.000000000000,0.000420010459,0.000000000000,0.000000000000,0.000439683787,0.000000000000,0.000000000000,0.000446032581,0.000000000000,0.000000000000,0.000277439835,0.000000000000,0.000000000000,0.000303763193,0.000000000000,0.000000000000,0.000296464269,0.000000000000,0.000000000000,0.000154467745,0.000000000000,0.000000000000,0.000160839391,0.000000000000,0.000000000000,0.000170992324,0.000000000000,0.000000000000,0.000093337520,0.000000000000,0.000000000000,0.000097054524,0.000000000000,0.000000000000,0.000101485224,0.000000000000,0.000000000000,0.000071775097,0.000000000000,0.000000000000,0.000077566175,0.000000000000,0.000000000000,0.000081370546
734,0.000000000000,0.000000000000,0.000420010459,0.000000000000,0.000000000000,0.000439683787,0.000000000000,0.000000000000,0.000446032581,0.000000000000,0.000000000000,0.000277439835,0.000000000000,0.000000000000,0.000303763193,0.000000000000,0.000000000000,0.000296464269,0.000000000000,0.000000000000,0.000154467745,0.000000000000,0.000000000000,0.000160972941,0.000000000000,0.000000000000,0.000170992324,0.000000000000,0.000000000000,0.000093337520,0.000000000000,0.000000000000,0.000097054524,0.000000000000,0.000000000000,0.000101485224,0.000000000000,0.000000000000,0.000071775097,0.000000000000,0.000000000000,0.000077566175,0.000000000000,0.000000000000,0.000081370546
735,0.000000000000,0.000000000000,0.000420010459,0.000000000000,0.000000000000,0.000439683787,0.000000000000,0.000000000000,0.000446032581,0.000000000000,0.000000000000,0.000277439835,0.000000000000,0.000000000000,0.000303763193,0.000000000000,0.000000000000,0.000296464269,0.000000000000,0.000000000000,0.000154467745,0.000000000000,0.000000000000,0.000160972941,0.000000000000,0.000000000000,0.000170992324,0.000000000000,0.000000000000,0.000093337520,0.000000000000,0.000000000000,0.000097054524,0.000000000000,0.000000000000,0.000101485224,0.000000000000,0.000000000000,0.000071775097,0.000000000000,0.000000000000,0.000077566175,0.000000000000,0.000000000000,0.000081370546
736,0.000000000000,0.000000000000,0.000420010459,0.000000000000,0.000000000000,0.000439683787,0.000000000000,0.000000000000,0.000446032581,0.000000000000,0.000000000000,0.000277439835,0.000000000000,0.000000000000,0.000303763193,0.000000000000,0.000000000000,0.000296464269,0.000000000000,0.000000000000,0.000154467745,0.000000000000,0.000000000000,0.000160972941,0.000000000000,0.000000000000,0.000170992324,0.000000000000,0.000000000000,0.000093337520,0.000000000000,0.000000000000,0.000097054524,0.000000000000,0.000000000000,0.000101485224,0.000000000000,0.000000000000,0.000071775097,0.000000000000,0.000000000000,0.000077566175,0.000000000000,0.000000000000,0.000081370546
737,0.000000000000,0.000000000000,0.000420010459,0.000000000000,0.000000000000,0.000439683787,0.000000000000,0.000000000000,0.000446032581,0.000000000000,0.000000000000,0.000277439835,0.000000000000,0.000000000000,0.000303763193,0.000000000000,0.000000000000,0.000296464269,0.000000000000,0.000000000000,0.000154467745,0.000000000000,0.000000000000,0.000160972941,0.000000000000,0.000000000000,0.000170992324,0.000000000000,0.000000000000,0.000093337520,0.000000000000,0.000000000000,0.000097054524,0.000000000000,0.000000000000,0.000101485224,0.000000000000,0.000000000000,0.000071775097,0.000000000000,0.000000000000,0.000077566175,0.000000000000,0.000000000000,0.000081370546
738,0.000000000000,0.000000000000,0.000420010459,0.000000000000,0.000000000000,0.000439683787,0.000000000000,0.000000000000,0.000446032581,0.000000000000,0.000000000000,0.000277439835,0.000000000000,0.000000000000,0.000303763193,0.000000000000,0.000000000000,0.000296464269,0.000000000000,0.000000000000,0.000154467745,0.000000000000,0.000000000000,0.000161067663,0.000000000000,0.000000000000,0.000170992324,0.000000000000,0.000000000000,0.000093337520,0.000000000000,0.000000000000,0.000097054524,0.000000000000,0.000000000000,0.000101485224,0.000000000000,0.000000000000,0.000071775097,0.000000000000,0.000000000000,0.000077566175,0.000000000000,0.000000000000,0.000081370546
739,0.000000000000,0.000000000000,0.000420010459,0.000000000000,0.000000000000,0.000439683787,0.000000000000,0.000000000000,0.000446032581,0.000000000000,0.000000000000,0.000277439835,0.000000000000,0.000000000000,0.000303763193,0.000000000000,0.000000000000,0.000296464269,0.000000000000,0.000000000000,0.000154467745,0.000000000000,0.000000000000,0.000161105119,0.000000000000,0.000000000000,0.000170992324,0.000000000000,0.000000000000,0.000093337520,0.000000000000,0.000000000000,0.000097054524,0.000000000000,0.000000000000,0.000101485224,0.000000000000,0.000000000000,0.000071775097,0.000000000000,0.000000000000,0.000077566175,0.000000000000,0.000000000000,0.000081370546
740,0.000000000000,0.000000000000,0.000420010459,0.000000000000,0.000000000000,0.000439683787,0.000000000000,0.000000000000,0.000446032581,0.000000000000,0.000000000000,0.000277439835,0.000000000000,0.000000000000,0.000303763193,0.000000000000,0.000000000000,0.000296464269,0.000000000000,0.000000000000,0.000154467745,0.000000000000,0.000000000000,0.000161105119,0.000000000000,0.000000000000,0.000170992324,0.000000000000,0.000000000000,0.000093337520,0.000000000000,0.000000000000,0.000097054524,0.000000000000,0.000000000000,0.000101485224,0.000000000000,0.000000000000,0.000071775097,0.000000000000,0.000000000000,0.000077566175,0.000000000000,0.000000000000,0.000081370546
741,0.000000000000,0.000000000000,0.000420010459,0.000000000000,0.000000000000,0.000439683787,0.000000000000,0.000000000000,0.000446032581,0.000000000000,0.000000000000,0.000277439835,0.000000000000,0.000000000000,0.000303763193,0.000000000000,0.000000000000,0.000296464269,0.000000000000,0.000000000000,0.000154467745,0.000000000000,0.000000000000,0.000161105119,0.000000000000,0.000000000000,0.000170992324,0.000000000000,0.000000000000,0.000093361428,0.000000000000,0.000000000000,0.000097054524,0.000000000000,0.000000000000,0.000101485224,0.000000000000,0.000000000000,0.000071775097,0.000000000000,0.000000000000,0.000077566175,0.000000000000,0.000000000000,0.000081370546
742,0.000000000000,0.000000000000,0.000420010459,0.000000000000,0.000000000000,0.000439683787,0.000000000000,0.000000000000,0.000446032581,0.000000000000,0.000000000000,0.000277439835,0.000000000000,0.000000000000,0.000303763193,0.000000000000,0.000000000000,0.000296464269,0.000000000000,0.000000000000,0.000154467745,0.000000000000,0.000000000000,0.000161105119,0.000000000000,0.000000000000,0.000170992324,0.000000000000,0.000000000000,0.000093361428,0.000000000000,0.000000000000,0.000097054524,0.000000000000,0.000000000000,0.000101485224,0.000000000000,0.000000000000,0.000071775097,0.000000000000,0.000000000000,0.000077566175,0.000000000000,0.000000000000,0.000081370546
743,0.000000000000,0.000000000000,0.000420010459,0.000000000000,0.000000000000,0.000439683787,0.000000000000,0.000000000000,0.000446032581,0.000000000000,0.000000000000,0.000277439835,0.000000000000,0.000000000000,0.000303763193,0.000000000000,0.000000000000,0.000296464269,0.000000000000,0.000000000000,0.000154467745,0.000000000000,0.000000000000,0.000161105119,0.000000000000,0.000000000000,0.000170992324,0.000000000000,0.000000000000,0.000093361428,0.000000000000,0.000000000000,0.000097054524,0.000000000000,0.000000000000,0.000101485224,0.000000000000,0.000000000000,0.000071775097,0.000000000000,0.000000000000,0.000077566175,0.000000000000,0.000000000000,0.000081371496
744,0.000000000000,0.000000000000,0.000420010459,0.000000000000,0.000000000000,0.000439683787,0.000000000000,0.000000000000,0.000446032581,0.000000000000,0.000000000000,0.000277439835,0.000000000000,0.000000000000,0.000303763193,0.000000000000,0.000000000000,0.000296464269,0.000000000000,0.000000000000,0.000154467745,0.000000000000,0.000000000000,0.000161105119,0.000000000000,0.000000000000,0.000170992324,0.000000000000,0.000000000000,0.000093361428,0.000000000000,0.000000000000,0.000097054524,0.000000000000,0.000000000000,0.000101485224,0.000000000000,0.000000000000,0.000071775097,0.000000000000,0.000000000000,0.000077566175,0.000000000000,0.000000000000,0.000081371496
745,0.000000000000,0.000000000000,0.000420010459,0.000000000000,0.000000000000,0.000439683787,0.000000000000,0.000000000000,0.000446032581,0.000000000000,0.000000000000,0.000277439835,0.000000000000,0.000000000000,0.000303763193,0.000000000000,0.000000000000,0.000296464269,0.000000000000,0.000000000000,0.000154467745,0.000000000000,0.000000000000,0.000161105119,0.000000000000,0.000000000000,0.000170992324,0.000000000000,0.000000000000,0.000093361428,0.000000000000,0.000000000000,0.000097054524,0.000000000000,0.000000000000,0.000101485224,0.000000000000,0.000000000000,0.000071775097,0.000000000000,0.000000000000,0.000077566175,0.000000000000,0.000000000000,0.000081371496
746,0.000000000000,0.000000000000,0.000420010459,0.000000000000,0.000000000000,0.000439683787,0.000000000000,0.000000000000,0.000446032581,0.000000000000,0.000000000000,0.000277439835,0.000000000000,0.000000000000,0.000303763193,0.000000000000,0.000000000000,0.000296464269,0.000000000000,0.000000000000,0.000154467745,0.000000000000,0.000000000000,0.000161105119,0.000000000000,0.000000000000,0.000170992324,0.000000000000,0.000000000000,0.000093361428,0.000000000000,0.000000000000,0.000097054524,0.000000000000,0.000000000000,0.000101485224,0.000000000000,0.000000000000,0.000071775097,0.000000000000,0.000000000000,0.000077566175,0.000000000000,0.000000000000,0.000081371496
747,0.000000000000,0.000000000000,0.000420010459,0.000000000000,0.000000000000,0.000439683787,0.000000000000,0.000000000000,0.000446032581,0.000000000000,0.000000000000,0.000277439835,0.000000000000,0.000000000000,0.000303763193,0.000000000000,0.000000000000,0.000296464269,0.000000000000,0.000000000000,0.000154467745,0.000000000000,0.000000000000,0.000161105119,0.000000000000,0.000000000000,0.000170992324,0.000000000000,0.000000000000,0.000093361428,0.000000000000,0.000000000000,0.000097054524,0.000000000000,0.000000000000,0.000101485224,0.000000000000,0.000000000000,0.000071830985,0.000000000000,0.000000000000,0.000077566175,0.000000000000,0.000000000000,0.000081371496
748,0.000000000000,0.000000000000,0.000420010459,0.000000000000,0.000000000000,0.000439683787,0.000000000000,0.000000000000,0.000446032581,0.000000000000,0.000000000000,0.000277439835,0.000000000000,0.000000000000,0.000303763193,0.000000000000,0.000000000000,0.000296464269,0.000000000000,0.000000000000,0.000154467745,0.000000000000,0.000000000000,0.000161105119,0.000000000000,0.000000000000,0.000170992324,0.000000000000,0.000000000000,0.000093361428,0.000000000000,0.000000000000,0.000097054524,0.000000000000,0.000000000000,0.000101485224,0.000000000000,0.000000000000,0.000071831048,0.000000000000,0.000000000000,0.000077586597,0.000000000000,0.000000000000,0.000081371496
749,0.000000000000,0.000000000000,0.000420010459,0.000000000000,0.000000000000,0.000439683787,0.000000000000,0.000000000000,0.000446032581,0.000000000000,0.000000000000,0.000277439835,0.000000000000,0.000000000000,0.000303763193,0.000000000000,0.000000000000,0.000296464269,0.000000000000,0.000000000000,0.000154467745,0.000000000000,0.000000000000,0.000161106349,0.000000000000,0.000000000000,0.000170992324,0.000000000000,0.000000000000,0.000093361428,0.000000000000,0.000000000000,0.000097054524,0.000000000000,0.000000000000,0.000101485224,0.000000000000,0.000000000000,0.000071831048,0.000000000000,0.000000000000,0.000077586597,0.000000000000,0.000000000000,0.000081371496
750,0.000000000000,0.000000000000,0.000420010459,0.000000000000,0.000000000000,0.000439683787,0.000000000000,0.000000000000,0.000446032581,0.000000000000,0.000000000000,0.000277439835,0.000000000000,0.000000000000,0.000303763193,0.000000000000,0.000000000000,0.000296464269,0.000000000000,0.000000000000,0.000154467745,0.000000000000,0.000000000000,0.000161106349,0.000000000000,0.000000000000,0.000170992324,0.000000000000,0.000000000000,0.000093361428,0.000000000000,0.000000000000,0.000097054524,0.000000000000,0.000000000000,0.000101485224,0.000000000000,0.000000000000,0.000071831048,0.000000000000,0.000000000000,0.000077586597,0.000000000000,0.000000000000,0.000081371496
751,0.000000000000,0.000000000000,0.000420010459,0.000000000000,0.000000000000,0.000439683787,0.000000000000,0.000000000000,0.000446032581,0.000000000000,0.000000000000,0.000277439835,0.000000000000,0.000000000000,0.000303763193,0.000000000000,0.000000000000,0.000296464269,0.000000000000,0.000000000000,0.000154467745,0.000000000000,0.000000000000,0.000161106349,0.000000000000,0.000000000000,0.000170992324,0.000000000000,0.000000000000,0.000093361923,0.000000000000,0.000000000000,0.000097054524,0.000000000000,0.000000000000,0.000101485224,0.000000000000,0.000000000000,0.000071831048,0.000000000000,0.000000000000,0.000077586597,0.000000000000,0.000000000000,0.000081371496
752,0.000000000000,0.000000000000,0.000420010459,0.000000000000,0.000000000000,0.000439683787,0.000000000000,0.000000000000,0.000446032581,0.000000000000,0.000000000000,0.000277439835,0.000000000000,0.000000000000,0.000303763193,0.000000000000,0.000000000000,0.000296464269,0.000000000000,0.000000000000,0.000154467745,0.000000000000,0.000000000000,0.000161106349,0.000000000000,0.000000000000,0.000170992324,0.000000000000,0.000000000000,0.000093361923,0.000000000000,0.000000000000,0.000097054524,0.000000000000,0.000000000000,0.000101485224,0.000000000000,0.000000000000,0.000071878495,0.000000000000,0.000000000000,0.000077586597,0.000000000000,0.000000000000,0.000081371496
753,0.000000000000,0.000000000000,0.000420010459,0.000000000000,0.000000000000,0.000439683787,0.000000000000,0.000000000000,0.000446032581,0.000000000000,0.000000000000,0.000277439835,0.000000000000,0.000000000000,0.000303763193,0.000000000000,0.000000000000,0.000296464269,0.000000000000,0.000000000000,0.000154467745,0.000000000000,0.000000000000,0.000161106349,0.000000000000,0.000000000000,0.000170992324,0.000000000000,0.000000000000,0.000093361923,0.000000000000,0.000000000000,0.000097054524,0.000000000000,0.000000000000,0.000101485224,0.000000000000,0.000000000000,0.000071878495,0.000000000000,0.000000000000,0.000077586597,0.000000000000,0.000000000000,0.000081371496
754,0.000000000000,0.000000000000,0.000420010459,0.000000000000,0.000000000000,0.000439683787,0.000000000000,0.000000000000,0.000446032581,0.000000000000,0.000000000000,0.000277439835,0.000000000000,0.000000000000,0.000303763193,0.000000000000,0.000000000000,0.000296464269,0.000000000000,0.000000000000,0.000154467745,0.000000000000,0.000000000000,0.000161106349,0.000000000000,0.000000000000,0.000170992324,0.000000000000,0.000000000000,0.000093361923,0.000000000000,0.000000000000,0.000097054524,0.000000000000,0.000000000000,0.000101485224,0.000000000000,0.000000000000,0.000071878495,0.000000000000,0.000000000000,0.000077612838,0.000000000000,0.000000000000,0.000081371496
755,0.000000000000,0.000000000000,0.000420010459,0.000000000000,0.000000000000,0.000439683787,0.000000000000,0.000000000000,0.000446032581,0.000000000000,0.000000000000,0.000277439835,0.000000000000,0.000000000000,0.000303763193,0.000000000000,0.000000000000,0.000296464269,0.000000000000,0.000000000000,0.000154467745,0.000000000000,0.000000000000,0.000161106349,0.000000000000,0.000000000000,0.000170992324,0.000000000000,0.000000000000,0.000093361923,0.000000000000,0.000000000000,0.000097054524,0.000000000000,0.000000000000,0.000101485224,0.000000000000,0.000000000000,0.000071878495,0.000000000000,0.000000000000,0.000077612838,0.000000000000,0.000000000000,0.000081371496
756,0.000000000000,0.000000000000,0.000420010459,0.000000000000,0.000000000000,0.000439683787,0.000000000000,0.000000000000,0.000446032581,0.000000000000,0.000000000000,0.000277439835,0.000000000000,0.000000000000,0.000303763193,0.000000000000,0.000000000000,0.000296464269,0.000000000000,0.000000000000,0.000154467745,0.000000000000,0.000000000000,0.000161106349,0.000000000000,0.000000000000,0.000170992324,0.000000000000,0.000000000000,0.000093361923,0.000000000000,0.000000000000,0.000097054524,0.000000000000,0.000000000000,0.000101485224,0.000000000000,0.000000000000,0.000071878495,0.000000000000,0.000000000000,0.000077612838,0.000000000000,0.000000000000,0.000081371496
757,0.000000000000,0.000000000000,0.000420010459,0.000000000000,0.000000000000,0.000439683787,0.000000000000,0.000000000000,0.000446032581,0.000000000000,0.000000000000,0.000277439835,0.000000000000,0.000000000000,0.000303763193,0.000000000000,0.000000000000,0.000296464269,0.000000000000,0.000000000000,0.000154467745,0.000000000000,0.000000000000,0.000161106349,0.000000000000,0.000000000000,0.000170992324,0.000000000000,0.000000000000,0.000093361923,0.000000000000,0.000000000000,0.000097054524,0.000000000000,0.000000000000,0.000101485224,0.000000000000,0.000000000000,0.000071878495,0.000000000000,0.000000000000,0.000077630985,0.000000000000,0.000000000000,0.000081371496
758,0.000000000000,0.000000000000,0.000420010459,0.000000000000,0.000000000000,0.000439683787,0.000000000000,0.000000000000,0.000446032581,0.000000000000,0.000000000000,0.000277439835,0.000000000000,0.000000000000,0.000303763193,0.000000000000,0.000000000000,0.000296464269,0.000000000000,0.000000000000,0.000154467745,0.000000000000,0.000000000000,0.000161106349,0.000000000000,0.000000000000,0.000170992324,0.000000000000,0.000000000000,0.000093361923,0.000000000000,0.000000000000,0.000097054524,0.000000000000,0.000000000000,0.000101485224,0.000000000000,0.000000000000,0.000071878495,0.000000000000,0.000000000000,0.000077630985,0.000000000000,0.000000000000,0.000081371496
759,0.000000000000,0.000000000000,0.000420010459,0.000000000000,0.000000000000,0.000439683787,0.000000000000,0.000000000000,0.000446032581,0.000000000000,0.000000000000,0.000277439835,0.000000000000,0.000000000000,0.000303763193,0.000000000000,0.000000000000,0.000296464269,0.000000000000,0.000000000000,0.000154467745,0.000000000000,0.000000000000,0.000161106349,0.000000000000,0.000000000000,0.000170992324,0.000000000000,0.000000000000,0.000093380289,0.000000000000,0.000000000000,0.000097054524,0.000000000000,0.000000000000,0.000101485224,0.000000000000,0.000000000000,0.000071878495,0.000000000000,0.000000000000,0.000077642533,0.000000000000,0.000000000000,0.000081371496
760,0.000000000000,0.000000000000,0.000420010459,0.000000000000,0.000000000000,0.000439683787,0.000000000000,0.000000000000,0.000446032581,0.000000000000,0.000000000000,0.000277439835,0.000000000000,0.000000000000,0.000303763193,0.000000000000,0.000000000000,0.000296464269,0.000000000000,0.000000000000,0.000154467745,0.000000000000,0.000000000000,0.000161106349,0.000000000000,0.000000000000,0.000170992324,0.000000000000,0.000000000000,0.000093380289,0.000000000000,0.000000000000,0.000097054524,0.000000000000,0.000000000000,0.000101485224,0.000000000000,0.000000000000,0.000071878495,0.000000000000,0.000000000000,0.000077642533,0.000000000000,0.000000000000,0.000081371496
761,0.000000000000,0.000000000000,0.000420010459,0.000000000000,0.000000000000,0.000439683787,0.000000000000,0.000000000000,0.000446032581,0.000000000000,0.000000000000,0.000277439835,0.000000000000,0.000000000000,0.000303763193,0.000000000000,0.000000000000,0.000296464269,0.000000000000,0.000000000000,0.000154467745,0.000000000000,0.000000000000,0.000161106349,0.000000000000,0.000000000000,0.000170992324,0.000000000000,0.000000000000,0.000093380289,0.000000000000,0.000000000000,0.000097054524,0.000000000000,0.000000000000,0.000101485224,0.000000000000,0.000000000000,0.000071878495,0.000000000000,0.000000000000,0.000077681000,0.000000000000,0.000000000000,0.000081371496
762,0.000000000000,0.000000000000,0.000420010459,0.000000000000,0.000000000000,0.000439683787,0.000000000000,0.000000000000,0.000446032581,0.000000000000,0.000000000000,0.000277439835,0.000000000000,0.000000000000,0.000303763193,0.000000000000,0.000000000000,0.000296464269,0.000000000000,0.000000000000,0.000154467745,0.000000000000,0.000000000000,0.000161106349,0.000000000000,0.000000000000,0.000170992324,0.000000000000,0.000000000000,0.000093380289,0.000000000000,0.000000000000,0.000097054524,0.000000000000,0.000000000000,0.000101485224,0.000000000000,0.000000000000,0.000071878495,0.000000000000,0.000000000000,0.000077681000,0.000000000000,0.000000000000,0.000081371496
763,0.000000000000,0.000000000000,0.000420010459,0.000000000000,0.000000000000,0.000439683787,0.000000000000,0.000000000000,0.000446032581,0.000000000000,0.000000000000,0.000277439835,0.000000000000,0.000000000000,0.000303763193,0.000000000000,0.000000000000,0.000296464269,0.000000000000,0.000000000000,0.000154467745,0.000000000000,0.000000000000,0.000161106349,0.000000000000,0.000000000000,0.000170992324,0.000000000000,0.000000000000,0.000093380289,0.000000000000,0.000000000000,0.000097054524,0.000000000000,0.000000000000,0.000101485224,0.000000000000,0.000000000000,0.000071878495,0.000000000000,0.000000000000,0.000077681000,0.000000000000,0.000000000000,0.000081371496
764,0.000000000000,0.000000000000,0.000420010459,0.000000000000,0.000000000000,0.000439683787,0.000000000000,0.000000000000,0.000446032581,0.000000000000,0.000000000000,0.000277439835,0.000000000000,0.000000000000,0.000303763193,0.000000000000,0.000000000000,0.000296464269,0.000000000000,0.000000000000,0.000154467745,0.000000000000,0.000000000000,0.000161106349,0.000000000000,0.000000000000,0.000170992324,0.000000000000,0.000000000000,0.000093380289,0.000000000000,0.000000000000,0.000097054524,0.000000000000,0.000000000000,0.000101485224,0.000000000000,0.000000000000,0.000071878495,0.000000000000,0.000000000000,0.000077681000,0.000000000000,0.000000000000,0.000081371496
765,0.000000000000,0.000000000000,0.000420010459,0.000000000000,0.000000000000,0.000439683787,0.000000000000,0.000000000000,0.000446032581,0.000000000000,0.000000000000,0.000277439835,0.000000000000,0.000000000000,0.000303763193,0.000000000000,0.000000000000,0.000296464269,0.000000000000,0.000000000000,0.000154467745,0.000000000000,0.000000000000,0.000161106349,0.000000000000,0.000000000000,0.000170992324,0.000000000000,0.000000000000,0.000093380289,0.000000000000,0.000000000000,0.000097054524,0.000000000000,0.000000000000,0.000101485224,0.000000000000,0.000000000000,0.000071878495,0.000000000000,0.000000000000,0.000077681000,0.000000000000,0.000000000000,0.000081371496
766,0.000000000000,0.000000000000,0.000420010459,0.000000000000,0.000000000000,0.000439683787,0.000000000000,0.000000000000,0.000446032581,0.000000000000,0.000000000000,0.000277439835,0.000000000000,0.000000000000,0.000303763193,0.000000000000,0.000000000000,0.000296464269,0.000000000000,0.000000000000,0.000154467745,0.000000000000,0.000000000000,0.000161106349,0.000000000000,0.000000000000,0.000170992324,0.000000000000,0.000000000000,0.000093380289,0.000000000000,0.000000000000,0.000097054524,0.000000000000,0.000000000000,0.000101485224,0.000000000000,0.000000000000,0.000071878495,0.000000000000,0.000000000000,0.000077681000,0.000000000000,0.000000000000,0.000081371496
767,0.000000000000,0.000000000000,0.000420010459,0.000000000000,0.000000000000,0.000439683787,0.000000000000,0.000000000000,0.000446032581,0.000000000000,0.000000000000,0.000277439835,0.000000000000,0.000000000000,0.000303763193,0.000000000000,0.000000000000,0.000296464269,0.000000000000,0.000000000000,0.000154467745,0.000000000000,0.000000000000,0.000161106349,0.000000000000,0.000000000000,0.000170992324,0.000000000000,0.000000000000,0.000093380289,0.000000000000,0.000000000000,0.000097054524,0.000000000000,0.000000000000,0.000101485224,0.000000000000,0.000000000000,0.000071878495,0.000000000000,0.000000000000,0.000077681000,0.000000000000,0.000000000000,0.000081371496
768,0.000000000000,0.000000000000,0.000420010459,0.000000000000,0.000000000000,0.000439683787,0.000000000000,0.000000000000,0.000446032581,0.000000000000,0.000000000000,0.000277439835,0.000000000000,0.000000000000,0.000303763193,0.000000000000,0.000000000000,0.000296464269,0.000000000000,0.000000000000,0.000154467745,0.000000000000,0.000000000000,0.000161106349,0.000000000000,0.000000000000,0.000170992324,0.000000000000,0.000000000000,0.000093380289,0.000000000000,0.000000000000,0.000097054524,0.000000000000,0.000000000000,0.000101485224,0.000000000000,0.000000000000,0.000071878495,0.000000000000,0.000000000000,0.000077681000,0.000000000000,0.000000000000,0.000081371496
769,0.000000000000,0.000000000000,0.000420010459,0.000000000000,0.000000000000,0.000439683787,0.000000000000,0.000000000000,0.000446032581,0.000000000000,0.000000000000,0.000277439835,0.000000000000,0.000000000000,0.000303763193,0.000000000000,0.000000000000,0.000296464269,0.000000000000,0.000000000000,0.000154467745,0.000000000000,0.000000000000,0.000161106349,0.000000000000,0.000000000000,0.000170992324,0.000000000000,0.000000000000,0.000093380289,0.000000000000,0.000000000000,0.000097054524,0.000000000000,0.000000000000,0.000101485224,0.000000000000,0.000000000000,0.000071878495,0.000000000000,0.000000000000,0.000077681000,0.000000000000,0.000000000000,0.000081371496
770,0.000000000000,0.000000000000,0.000420010459,0.000000000000,0.000000000000,0.000439683787,0.000000000000,0.000000000000,0.000446032581,0.000000000000,0.000000000000,0.000277439835,0.000000000000,0.000000000000,0.000303763193,0.000000000000,0.000000000000,0.000296464269,0.000000000000,0.000000000000,0.000154467745,0.000000000000,0.000000000000,0.000161106349,0.000000000000,0.000000000000,0.000170992324,0.000000000000,0.000000000000,0.000093380289,0.000000000000,0.000000000000,0.000097054524,0.000000000000,0.000000000000,0.000101485224,0.000000000000,0.000000000000,0.000071884570,0.000000000000,0.000000000000,0.000077681000,0.000000000000,0.000000000000,0.000081371496
771,0.000000000000,0.000000000000,0.000420010459,0.000000000000,0.000000000000,0.000439683787,0.000000000000,0.000000000000,0.000446032581,0.000000000000,0.000000000000,0.000277439835,0.000000000000,0.000000000000,0.000303763193,0.000000000000,0.000000000000,0.000296464269,0.000000000000,0.000000000000,0.000154467745,0.000000000000,0.000000000000,0.000161106349,0.000000000000,0.000000000000,0.000170992324,0.000000000000,0.000000000000,0.000093380289,0.000000000000,0.000000000000,0.000097054524,0.000000000000,0.000000000000,0.000101485224,0.000000000000,0.000000000000,0.000071891492,0.000000000000,0.000000000000,0.000077681000,0.000000000000,0.000000000000,0.000081371496
772,0.000000000000,0.000000000000,0.000420010459,0.000000000000,0.000000000000,0.000439683787,0.000000000000,0.000000000000,0.000446032581,0.000000000000,0.000000000000,0.000277439835,0.000000000000,0.000000000000,0.000303763193,0.000000000000,0.000000000000,0.000296464269,0.000000000000,0.000000000000,0.000154467745,0.000000000000,0.000000000000,0.000161106349,0.000000000000,0.000000000000,0.000170992324,0.000000000000,0.000000000000,0.000093380289,0.000000000000,0.000000000000,0.000097054524,0.000000000000,0.000000000000,0.000101485224,0.000000000000,0.000000000000,0.000071891492,0.000000000000,0.000000000000,0.000077681000,0.000000000000,0.000000000000,0.000081371496
773,0.000000000000,0.000000000000,0.000420010459,0.000000000000,0.000000000000,0.000439683787,0.000000000000,0.000000000000,0.000446032581,0.000000000000,0.000000000000,0.000277439835,0.000000000000,0.000000000000,0.000303763193,0.000000000000,0.000000000000,0.000296464269,0.000000000000,0.000000000000,0.000154467745,0.000000000000,0.000000000000,0.000161106349,0.000000000000,0.000000000000,0.000170992324,0.000000000000,0.000000000000,0.000093380289,0.000000000000,0.000000000000,0.000097054524,0.000000000000,0.000000000000,0.000101485224,0.000000000000,0.000000000000,0.000071891492,0.000000000000,0.000000000000,0.000077681000,0.000000000000,0.000000000000,0.000081371496
774,0.000000000000,0.000000000000,0.000420010459,0.000000000000,0.000000000000,0.000439683787,0.000000000000,0.000000000000,0.000446032581,0.000000000000,0.000000000000,0.000277439835,0.000000000000,0.000000000000,0.000303763193,0.000000000000,0.000000000000,0.000296464269,0.000000000000,0.000000000000,0.000154467745,0.000000000000,0.000000000000,0.000161106349,0.000000000000,0.000000000000,0.000170992324,0.000000000000,0.000000000000,0.000093380289,0.000000000000,0.000000000000,0.000097054524,0.000000000000,0.000000000000,0.000101485224,0.000000000000,0.000000000000,0.000071891492,0.000000000000,0.000000000000,0.000077681000,0.000000000000,0.000000000000,0.000081371496
775,0.000000000000,0.000000000000,0.000420010459,0.000000000000,0.000000000000,0.000439683787,0.000000000000,0.000000000000,0.000446032581,0.000000000000,0.000000000000,0.000277439835,0.000000000000,0.000000000000,0.000303763193,0.000000000000,0.000000000000,0.000296464269,0.000000000000,0.000000000000,0.000154467745,0.000000000000,0.000000000000,0.000161106349,0.000000000000,0.000000000000,0.000170992324,0.000000000000,0.000000000000,0.000093380289,0.000000000000,0.000000000000,0.000097054524,0.000000000000,0.000000000000,0.000101485224,0.000000000000,0.000000000000,0.000071891492,0.000000000000,0.000000000000,0.000077681000,0.000000000000,0.000000000000,0.000081371496
776,0.000000000000,0.000000000000,0.000420010459,0.000000000000,0.000000000000,0.000439683787,0.000000000000,0.000000000000,0.000446032581,0.000000000000,0.000000000000,0.000277439835,0.000000000000,0.000000000000,0.000303763193,0.000000000000,0.000000000000,0.000296464269,0.000000000000,0.000000000000,0.000154467745,0.000000000000,0.000000000000,0.000161106349,0.000000000000,0.000000000000,0.000170992324,0.000000000000,0.000000000000,0.000093380289,0.000000000000,0.000000000000,0.000097054524,0.000000000000,0.000000000000,0.000101485224,0.000000000000,0.000000000000,0.000071891492,0.000000000000,0.000000000000,0.000077681000,0.000000000000,0.000000000000,0.000081371496
777,0.000000000000,0.000000000000,0.000420010459,0.000000000000,0.000000000000,0.000439683787,0.000000000000,0.000000000000,0.000446032581,0.000000000000,0.000000000000,0.000277439835,0.000000000000,0.000000000000,0.000303763193,0.000000000000,0.000000000000,0.000296464269,0.000000000000,0.000000000000,0.000154467745,0.000000000000,0.000000000000,0.000161106349,0.000000000000,0.000000000000,0.000170992324,0.000000000000,0.000000000000,0.000093380289,0.000000000000,0.000000000000,0.000097054524,0.000000000000,0.000000000000,0.000101485224,0.000000000000,0.000000000000,0.000071918079,0.000000000000,0.000000000000,0.000077681000,0.000000000000,0.000000000000,0.000081371496
778,0.000000000000,0.000000000000,0.000420010459,0.000000000000,0.000000000000,0.000439683787,0.000000000000,0.000000000000,0.000446032581,0.000000000000,0.000000000000,0.000277439835,0.000000000000,0.000000000000,0.000303763193,0.000000000000,0.000000000000,0.000296464269,0.000000000000,0.000000000000,0.000154467745,0.000000000000,0.000000000000,0.000161106349,0.000000000000,0.000000000000,0.000170992324,0.000000000000,0.000000000000,0.000093380289,0.000000000000,0.000000000000,0.000097054524,0.000000000000,0.000000000000,0.000101485224,0.000000000000,0.000000000000,0.000071918079,0.000000000000,0.000000000000,0.000077681000,0.000000000000,0.000000000000,0.000081371496
779,0.000000000000,0.000000000000,0.000420010459,0.000000000000,0.000000000000,0.000439683787,0.000000000000,0.000000000000,0.000446032581,0.000000000000,0.000000000000,0.000277439835,0.000000000000,0.000000000000,0.000303763193,0.000000000000,0.000000000000,0.000296464269,0.000000000000,0.000000000000,0.000154467745,0.000000000000,0.000000000000,0.000161106349,0.000000000000,0.000000000000,0.000170992324,0.000000000000,0.000000000000,0.000093380289,0.000000000000,0.000000000000,0.000097054524,0.000000000000,0.000000000000,0.000101485224,0.000000000000,0.000000000000,0.000071939852,0.000000000000,0.000000000000,0.000077681000,0.000000000000,0.000000000000,0.000081371496
780,0.000000000000,0.000000000000,0.000420010459,0.000000000000,0.000000000000,0.000439683787,0.000000000000,0.000000000000,0.000446032581,0.000000000000,0.000000000000,0.000277439835,0.000000000000,0.000000000000,0.000303763193,0.000000000000,0.000000000000,0.000296464269,0.000000000000,0.000000000000,0.000154467745,0.000000000000,0.000000000000,0.000161106349,0.000000000000,0.000000000000,0.000170992324,0.000000000000,0.000000000000,0.000093380289,0.000000000000,0.000000000000,0.000097054524,0.000000000000,0.000000000000,0.000101485224,0.000000000000,0.000000000000,0.000071939852,0.000000000000,0.000000000000,0.000077681000,0.000000000000,0.000000000000,0.000081371496
781,0.000000000000,0.000000000000,0.000420010459,0.000000000000,0.000000000000,0.000439683787,0.000000000000,0.000000000000,0.000446032581,0.000000000000,0.000000000000,0.000277439835,0.000000000000,0.000000000000,0.000303763193,0.000000000000,0.000000000000,0.000296464269,0.000000000000,0.000000000000,0.000154467745,0.000000000000,0.000000000000,0.000161106349,0.000000000000,0.000000000000,0.000170992324,0.000000000000,0.000000000000,0.000093380289,0.000000000000,0.000000000000,0.000097054524,0.000000000000,0.000000000000,0.000101485224,0.000000000000,0.000000000000,0.000071939852,0.000000000000,0.000000000000,0.000077681000,0.000000000000,0.000000000000,0.000081371496
782,0.000000000000,0.000000000000,0.000420010459,0.000000000000,0.000000000000,0.000439683787,0.000000000000,0.000000000000,0.000446032581,0.000000000000,0.000000000000,0.000277439835,0.000000000000,0.000000000000,0.000303763193,0.000000000000,0.000000000000,0.000296464269,0.000000000000,0.000000000000,0.000154467745,0.000000000000,0.000000000000,0.000161106349,0.000000000000,0.000000000000,0.000170992324,0.000000000000,0.000000000000,0.000093380289,0.000000000000,0.000000000000,0.000097054524,0.000000000000,0.000000000000,0.000101485224,0.000000000000,0.000000000000,0.000071939852,0.000000000000,0.000000000000,0.000077681000,0.000000000000,0.000000000000,0.000081371496
783,0.000000000000,0.000000000000,0.000420010459,0.000000000000,0.000000000000,0.000439683787,0.000000000000,0.000000000000,0.000446032581,0.000000000000,0.000000000000,0.000277439835,0.000000000000,0.000000000000,0.000303763193,0.000000000000,0.000000000000,0.000296464269,0.000000000000,0.000000000000,0.000154467745,0.000000000000,0.000000000000,0.000161106349,0.000000000000,0.000000000000,0.000170992324,0.000000000000,0.000000000000,0.000093380289,0.000000000000,0.000000000000,0.000097054524,0.000000000000,0.000000000000,0.000101485224,0.000000000000,0.000000000000,0.000071939852,0.000000000000,0.000000000000,0.000077739405,0.000000000000,0.000000000000,0.000081371496
784,0.000000000000,0.000000000000,0.000420010459,0.000000000000,0.000000000000,0.000439683787,0.000000000000,0.000000000000,0.000446032581,0.000000000000,0.000000000000,0.000277439835,0.000000000000,0.000000000000,0.000303763193,0.000000000000,0.000000000000,0.000296464269,0.000000000000,0.000000000000,0.000154467745,0.000000000000,0.000000000000,0.000161106349,0.000000000000,0.000000000000,0.000170992324,0.000000000000,0.000000000000,0.000093380289,0.000000000000,0.000000000000,0.000097054524,0.000000000000,0.000000000000,0.000101485224,0.000000000000,0.000000000000,0.000071939852,0.000000000000,0.000000000000,0.000077739405,0.000000000000,0.000000000000,0.000081371496
785,0.000000000000,0.000000000000,0.000420010459,0.000000000000,0.000000000000,0.000439683787,0.000000000000,0.000000000000,0.000446032581,0.000000000000,0.000000000000,0.000277439835,0.000000000000,0.000000000000,0.000303763193,0.000000000000,0.000000000000,0.000296464269,0.000000000000,0.000000000000,0.000154467745,0.000000000000,0.000000000000,0.000161106349,0.000000000000,0.000000000000,0.000170992324,0.000000000000,0.000000000000,0.000093380289,0.000000000000,0.000000000000,0.000097054524,0.000000000000,0.000000000000,0.000101485224,0.000000000000,0.000000000000,0.000071939852,0.000000000000,0.000000000000,0.000077748431,0.000000000000,0.000000000000,0.000081371496
786,0.000000000000,0.000000000000,0.000420010459,0.000000000000,0.000000000000,0.000439683787,0.000000000000,0.000000000000,0.000446032581,0.000000000000,0.000000000000,0.000277439835,0.000000000000,0.000000000000,0.000303763193,0.000000000000,0.000000000000,0.000296464269,0.000000000000,0.000000000000,0.000154467745,0.000000000000,0.000000000000,0.000161106349,0.000000000000,0.000000000000,0.000170992324,0.000000000000,0.000000000000,0.000093380289,0.000000000000,0.000000000000,0.000097054524,0.000000000000,0.000000000000,0.000101485224,0.000000000000,0.000000000000,0.000071939852,0.000000000000,0.000000000000,0.000077748431,0.000000000000,0.000000000000,0.000081371496
787,0.000000000000,0.000000000000,0.000420010459,0.000000000000,0.000000000000,0.000439683787,0.000000000000,0.000000000000,0.000446032581,0.000000000000,0.000000000000,0.000277439835,0.000000000000,0.000000000000,0.000303763193,0.000000000000,0.000000000000,0.000296464269,0.000000000000,0.000000000000,0.000154467745,0.000000000000,0.000000000000,0.000161106349,0.000000000000,0.000000000000,0.000170992324,0.000000000000,0.000000000000,0.000093380289,0.000000000000,0.000000000000,0.000097054524,0.000000000000,0.000000000000,0.000101485224,0.000000000000,0.000000000000,0.000071939852,0.000000000000,0.000000000000,0.000077748431,0.000000000000,0.000000000000,0.000081371496
788,0.000000000000,0.000000000000,0.000420010459,0.000000000000,0.000000000000,0.000439683787,0.000000000000,0.000000000000,0.000446032581,0.000000000000,0.000000000000,0.000277439835,0.000000000000,0.000000000000,0.000303763193,0.000000000000,0.000000000000,0.000296464269,0.000000000000,0.000000000000,0.000154467745,0.000000000000,0.000000000000,0.000161106349,0.000000000000,0.000000000000,0.000170992324,0.000000000000,0.000000000000,0.000093380289,0.000000000000,0.000000000000,0.000097054524,0.000000000000,0.000000000000,0.000101485224,0.000000000000,0.000000000000,0.000071939852,0.000000000000,0.000000000000,0.000077750499,0.000000000000,0.000000000000,0.000081371496
789,0.000000000000,0.000000000000,0.000420010459,0.000000000000,0.000000000000,0.000439683787,0.000000000000,0.000000000000,0.000446032581,0.000000000000,0.000000000000,0.000277439835,0.000000000000,0.000000000000,0.000303763193,0.000000000000,0.000000000000,0.000296464269,0.000000000000,0.000000000000,0.000154467745,0.000000000000,0.000000000000,0.000161106349,0.000000000000,0.000000000000,0.000170992324,0.000000000000,0.000000000000,0.000093380289,0.000000000000,0.000000000000,0.000097054524,0.000000000000,0.000000000000,0.000101485224,0.000000000000,0.000000000000,0.000071939852,0.000000000000,0.000000000000,0.000077750499,0.000000000000,0.000000000000,0.000081371496
790,0.000000000000,0.000000000000,0.000420010459,0.000000000000,0.000000000000,0.000439683787,0.000000000000,0.000000000000,0.000446032581,0.000000000000,0.000000000000,0.000277439835,0.000000000000,0.000000000000,0.000303763193,0.000000000000,0.000000000000,0.000296464269,0.000000000000,0.000000000000,0.000154467745,0.000000000000,0.000000000000,0.000161106349,0.000000000000,0.000000000000,0.000170992324,0.000000000000,0.000000000000,0.000093380289,0.000000000000,0.000000000000,0.000097054524,0.000000000000,0.000000000000,0.000101485224,0.000000000000,0.000000000000,0.000071939852,0.000000000000,0.000000000000,0.000077750499,0.000000000000,0.000000000000,0.000081371496
791,0.000000000000,0.000000000000,0.000420010459,0.000000000000,0.000000000000,0.000439683787,0.000000000000,0.000000000000,0.000446032581,0.000000000000,0.000000000000,0.000277439835,0.000000000000,0.000000000000,0.000303763193,0.000000000000,0.000000000000,0.000296464269,0.000000000000,0.000000000000,0.000154467745,0.000000000000,0.000000000000,0.000161106349,0.000000000000,0.000000000000,0.000170992324,0.000000000000,0.000000000000,0.000093380289,0.000000000000,0.000000000000,0.000097054524,0.000000000000,0.000000000000,0.000101485224,0.000000000000,0.000000000000,0.000071939852,0.000000000000,0.000000000000,0.000077750499,0.000000000000,0.000000000000,0.000081371496
792,0.000000000000,0.000000000000,0.000420010459,0.000000000000,0.000000000000,0.000439683787,0.000000000000,0.000000000000,0.000446032581,0.000000000000,0.000000000000,0.000277439835,0.000000000000,0.000000000000,0.000303763193,0.000000000000,0.000000000000,0.000296464269,0.000000000000,0.000000000000,0.000154467745,0.000000000000,0.000000000000,0.000161106349,0.000000000000,0.000000000000,0.000170992324,0.000000000000,0.000000000000,0.000093380289,0.000000000000,0.000000000000,0.000097054524,0.000000000000,0.000000000000,0.000101485224,0.000000000000,0.000000000000,0.000071939852,0.000000000000,0.000000000000,0.000077750499,0.000000000000,0.000000000000,0.000081371496
793,0.000000000000,0.000000000000,0.000420010459,0.000000000000,0.000000000000,0.000439683787,0.000000000000,0.000000000000,0.000446032581,0.000000000000,0.000000000000,0.000277439835,0.000000000000,0.000000000000,0.000303763193,0.000000000000,0.000000000000,0.000296464269,0.000000000000,0.000000000000,0.000154467745,0.000000000000,0.000000000000,0.000161106349,0.000000000000,0.000000000000,0.000170992324,0.000000000000,0.000000000000,0.000093380289,0.000000000000,0.000000000000,0.000097054524,0.000000000000,0.000000000000,0.000101485224,0.000000000000,0.000000000000,0.000071939852,0.000000000000,0.000000000000,0.000077750499,0.000000000000,0.000000000000,0.000081371496
794,0.000000000000,0.000000000000,0.000420010459,0.000000000000,0.000000000000,0.000439683787,0.000000000000,0.000000000000,0.000446032581,0.000000000000,0.000000000000,0.000277439835,0.000000000000,0.000000000000,0.000303763193,0.000000000000,0.000000000000,0.000296464269,0.000000000000,0.000000000000,0.000154467745,0.000000000000,0.000000000000,0.000161106349,0.000000000000,0.000000000000,0.000170992324,0.000000000000,0.000000000000,0.000093380289,0.000000000000,0.000000000000,0.000097054524,0.000000000000,0.000000000000,0.000101485224,0.000000000000,0.000000000000,0.000071948205,0.000000000000,0.000000000000,0.000077750499,0.000000000000,0.000000000000,0.000081371496
795,0.000000000000,0.000000000000,0.000420010459,0.000000000000,0.000000000000,0.000439683787,0.000000000000,0.000000000000,0.000446032581,0.000000000000,0.000000000000,0.000277439835,0.000000000000,0.000000000000,0.000303763193,0.000000000000,0.000000000000,0.000296464269,0.000000000000,0.000000000000,0.000154467745,0.000000000000,0.000000000000,0.000161106349,0.000000000000,0.000000000000,0.000170992324,0.000000000000,0.000000000000,0.000093380289,0.000000000000,0.000000000000,0.000097054524,0.000000000000,0.000000000000,0.000101485224,0.000000000000,0.000000000000,0.000071995925,0.000000000000,0.000000000000,0.000077750499,0.000000000000,0.000000000000,0.000081371496
796,0.000000000000,0.000000000000,0.000420010459,0.000000000000,0.000000000000,0.000439683787,0.000000000000,0.000000000000,0.000446032581,0.000000000000,0.000000000000,0.000277439835,0.000000000000,0.000000000000,0.000303763193,0.000000000000,0.000000000000,0.000296464269,0.000000000000,0.000000000000,0.000154467745,0.000000000000,0.000000000000,0.000161106349,0.000000000000,0.000000000000,0.000170992324,0.000000000000,0.000000000000,0.000093380289,0.000000000000,0.000000000000,0.000097054524,0.000000000000,0.000000000000,0.000101485224,0.000000000000,0.000000000000,0.000071995925,0.000000000000,0.000000000000,0.000077750499,0.000000000000,0.000000000000,0.000081371496
797,0.000000000000,0.000000000000,0.000420010459,0.000000000000,0.000000000000,0.000439683787,0.000000000000,0.000000000000,0.000446032581,0.000000000000,0.000000000000,0.000277439835,0.000000000000,0.000000000000,0.000303763193,0.000000000000,0.000000000000,0.000296464269,0.000000000000,0.000000000000,0.000154467745,0.000000000000,0.000000000000,0.000161106349,0.000000000000,0.000000000000,0.000170992324,0.000000000000,0.000000000000,0.000093380289,0.000000000000,0.000000000000,0.000097054524,0.000000000000,0.000000000000,0.000101485224,0.000000000000,0.000000000000,0.000071995925,0.000000000000,0.000000000000,0.000077752593,0.000000000000,0.000000000000,0.000081371496
798,0.000000000000,0.000000000000,0.000420010459,0.000000000000,0.000000000000,0.000439683787,0.000000000000,0.000000000000,0.000446032581,0.000000000000,0.000000000000,0.000277439835,0.000000000000,0.000000000000,0.000303763193,0.000000000000,0.000000000000,0.000296464269,0.000000000000,0.000000000000,0.000154467745,0.000000000000,0.000000000000,0.000161106349,0.000000000000,0.000000000000,0.000170992324,0.000000000000,0.000000000000,0.000093380289,0.000000000000,0.000000000000,0.000097054524,0.000000000000,0.000000000000,0.000101485224,0.000000000000,0.000000000000,0.000071995925,0.000000000000,0.000000000000,0.000077752593,0.000000000000,0.000000000000,0.000081371496
799,0.000000000000,0.000000000000,0.000420010459,0.000000000000,0.000000000000,0.000439683787,0.000000000000,0.000000000000,0.000446032581,0.000000000000,0.000000000000,0.000277439835,0.000000000000,0.000000000000,0.000303763193,0.000000000000,0.000000000000,0.000296464269,0.000000000000,0.000000000000,0.000154467745,0.000000000000,0.000000000000,0.000161106349,0.000000000000,0.000000000000,0.000170992324,0.000000000000,0.000000000000,0.000093380289,0.000000000000,0.000000000000,0.000097054524,0.000000000000,0.000000000000,0.000101485224,0.000000000000,0.000000000000,0.000072023838,0.000000000000,0.000000000000,0.000077752593,0.000000000000,0.000000000000,0.000081371496
800,0.000000000000,0.000000000000,0.000420010459,0.000000000000,0.000000000000,0.000439683787,0.000000000000,0.000000000000,0.000446032581,0.000000000000,0.000000000000,0.000277439835,0.000000000000,0.000000000000,0.000303763193,0.000000000000,0.000000000000,0.000296464269,0.000000000000,0.000000000000,0.000154467745,0.000000000000,0.000000000000,0.000161106349,0.000000000000,0.000000000000,0.000170992324,0.000000000000,0.000000000000,0.000093380289,0.000000000000,0.000000000000,0.000097054524,0.000000000000,0.000000000000,0.000101485224,0.000000000000,0.000000000000,0.000072023838,0.000000000000,0.000000000000,0.000077767550,0.000000000000,0.000000000000,0.000081371496
801,0.000000000000,0.000000000000,0.000420010459,0.000000000000,0.000000000000,0.000439683787,0.000000000000,0.000000000000,0.000446032581,0.000000000000,0.000000000000,0.000277439835,0.000000000000,0.000000000000,0.000303763193,0.000000000000,0.000000000000,0.000296464269,0.000000000000,0.000000000000,0.000154467745,0.000000000000,0.000000000000,0.000161106349,0.000000000000,0.000000000000,0.000170992324,0.000000000000,0.000000000000,0.000093380289,0.000000000000,0.000000000000,0.000097054524,0.000000000000,0.000000000000,0.000101485224,0.000000000000,0.000000000000,0.000072023838,0.000000000000,0.000000000000,0.000077767550,0.000000000000,0.000000000000,0.000081371496
802,0.000000000000,0.000000000000,0.000420010459,0.000000000000,0.000000000000,0.000439683787,0.000000000000,0.000000000000,0.000446032581,0.000000000000,0.000000000000,0.000277439835,0.000000000000,0.000000000000,0.000303763193,0.000000000000,0.000000000000,0.000296464269,0.000000000000,0.000000000000,0.000154467745,0.000000000000,0.000000000000,0.000161106349,0.000000000000,0.000000000000,0.000170992324,0.000000000000,0.000000000000,0.000093380289,0.000000000000,0.000000000000,0.000097054524,0.000000000000,0.000000000000,0.000101485224,0.000000000000,0.000000000000,0.000072023838,0.000000000000,0.000000000000,0.000077777257,0.000000000000,0.000000000000,0.000081371496
803,0.000000000000,0.000000000000,0.000420010459,0.000000000000,0.000000000000,0.000439683787,0.000000000000,0.000000000000,0.000446032581,0.000000000000,0.000000000000,0.000277439835,0.000000000000,0.000000000000,0.000303763193,0.000000000000,0.000000000000,0.000296464269,0.000000000000,0.000000000000,0.000154467745,0.000000000000,0.000000000000,0.000161106349,0.000000000000,0.000000000000,0.000170992324,0.000000000000,0.000000000000,0.000093380289,0.000000000000,0.000000000000,0.000097054524,0.000000000000,0.000000000000,0.000101485224,0.000000000000,0.000000000000,0.000072023838,0.000000000000,0.000000000000,0.000077777257,0.000000000000,0.000000000000,0.000081371496
804,0.000000000000,0.000000000000,0.000420010459,0.000000000000,0.000000000000,0.000439683787,0.000000000000,0.000000000000,0.000446032581,0.000000000000,0.000000000000,0.000277439835,0.000000000000,0.000000000000,0.000303763193,0.000000000000,0.000000000000,0.000296464269,0.000000000000,0.000000000000,0.000154467745,0.000000000000,0.000000000000,0.000161106349,0.000000000000,0.000000000000,0.000170992324,0.000000000000,0.000000000000,0.000093380289,0.000000000000,0.000000000000,0.000097071604,0.000000000000,0.000000000000,0.000101485224,0.000000000000,0.000000000000,0.000072023838,0.000000000000,0.000000000000,0.000077777257,0.000000000000,0.000000000000,0.000081371496
805,0.000000000000,0.000000000000,0.000420010459,0.000000000000,0.000000000000,0.000439683787,0.000000000000,0.000000000000,0.000446032581,0.000000000000,0.000000000000,0.000277439835,0.000000000000,0.000000000000,0.000303763193,0.000000000000,0.000000000000,0.000296464269,0.000000000000,0.000000000000,0.000154467745,0.000000000000,0.000000000000,0.000161106349,0.000000000000,0.000000000000,0.000170992324,0.000000000000,0.000000000000,0.000093380289,0.000000000000,0.000000000000,0.000097071604,0.000000000000,0.000000000000,0.000101485224,0.000000000000,0.000000000000,0.000072023838,0.000000000000,0.000000000000,0.000077777257,0.000000000000,0.000000000000,0.000081371496
806,0.000000000000,0.000000000000,0.000420010459,0.000000000000,0.000000000000,0.000439683787,0.000000000000,0.000000000000,0.000446032581,0.000000000000,0.000000000000,0.000277439835,0.000000000000,0.000000000000,0.000303763193,0.000000000000,0.000000000000,0.000296464269,0.000000000000,0.000000000000,0.000154467745,0.000000000000,0.000000000000,0.000161106349,0.000000000000,0.000000000000,0.000170992324,0.000000000000,0.000000000000,0.000093380289,0.000000000000,0.000000000000,0.000097071604,0.000000000000,0.000000000000,0.000101485224,0.000000000000,0.000000000000,0.000072023838,0.000000000000,0.000000000000,0.000077777257,0.000000000000,0.000000000000,0.000081371496
807,0.000000000000,0.000000000000,0.000420010459,0.000000000000,0.000000000000,0.000439683787,0.000000000000,0.000000000000,0.000446032581,0.000000000000,0.000000000000,0.000277439835,0.000000000000,0.000000000000,0.000303763193,0.000000000000,0.000000000000,0.000296464269,0.000000000000,0.000000000000,0.000154467745,0.000000000000,0.000000000000,0.000161106349,0.000000000000,0.000000000000,0.000170992324,0.000000000000,0.000000000000,0.000093380289,0.000000000000,0.000000000000,0.000097071604,0.000000000000,0.000000000000,0.000101485224,0.000000000000,0.000000000000,0.000072079923,0.000000000000,0.000000000000,0.000077777257,0.000000000000,0.000000000000,0.000081386509
808,0.000000000000,0.000000000000,0.000420010459,0.000000000000,0.000000000000,0.000439683787,0.000000000000,0.000000000000,0.000446032581,0.000000000000,0.000000000000,0.000277439835,0.000000000000,0.000000000000,0.000303763193,0.000000000000,0.000000000000,0.000296464269,0.000000000000,0.000000000000,0.000154467745,0.000000000000,0.000000000000,0.000161106349,0.000000000000,0.000000000000,0.000170992324,0.000000000000,0.000000000000,0.000093380289,0.000000000000,0.000000000000,0.000097071604,0.000000000000,0.000000000000,0.000101485224,0.000000000000,0.000000000000,0.000072079923,0.000000000000,0.000000000000,0.000077779332,0.000000000000,0.000000000000,0.000081386509
809,0.000000000000,0.000000000000,0.000420010459,0.000000000000,0.000000000000,0.000439683787,0.000000000000,0.000000000000,0.000446032581,0.000000000000,0.000000000000,0.000277439835,0.000000000000,0.000000000000,0.000303763193,0.000000000000,0.000000000000,0.000296464269,0.000000000000,0.000000000000,0.000154467745,0.000000000000,0.000000000000,0.000161106349,0.000000000000,0.000000000000,0.000170992324,0.000000000000,0.000000000000,0.000093380289,0.000000000000,0.000000000000,0.000097071604,0.000000000000,0.000000000000,0.000101485224,0.000000000000,0.000000000000,0.000072079923,0.000000000000,0.000000000000,0.000077779332,0.000000000000,0.000000000000,0.000081386509
810,0.000000000000,0.000000000000,0.000420010459,0.000000000000,0.000000000000,0.000439683787,0.000000000000,0.000000000000,0.000446032581,0.000000000000,0.000000000000,0.000277439835,0.000000000000,0.000000000000,0.000303763193,0.000000000000,0.000000000000,0.000296464269,0.000000000000,0.000000000000,0.000154467745,0.000000000000,0.000000000000,0.000161106349,0.000000000000,0.000000000000,0.000170992324,0.000000000000,0.000000000000,0.000093380289,0.000000000000,0.000000000000,0.000097071604,0.000000000000,0.000000000000,0.000101485224,0.000000000000,0.000000000000,0.000072079923,0.000000000000,0.000000000000,0.000077779332,0.000000000000,0.000000000000,0.000081386509
811,0.000000000000,0.000000000000,0.000420010459,0.000000000000,0.000000000000,0.000439683787,0.000000000000,0.000000000000,0.000446032581,0.000000000000,0.000000000000,0.000277439835,0.000000000000,0.000000000000,0.000303763193,0.000000000000,0.000000000000,0.000296464269,0.000000000000,0.000000000000,0.000154467745,0.000000000000,0.000000000000,0.000161106349,0.000000000000,0.000000000000,0.000170992324,0.000000000000,0.000000000000,0.000093380289,0.000000000000,0.000000000000,0.000097071604,0.000000000000,0.000000000000,0.000101485224,0.000000000000,0.000000000000,0.000072079923,0.000000000000,0.000000000000,0.000077779332,0.000000000000,0.000000000000,0.000081386509
812,0.000000000000,0.000000000000,0.000420010459,0.000000000000,0.000000000000,0.000439683787,0.000000000000,0.000000000000,0.000446032581,0.000000000000,0.000000000000,0.000277439835,0.000000000000,0.000000000000,0.000303763193,0.000000000000,0.000000000000,0.000296464269,0.000000000000,0.000000000000,0.000154467745,0.000000000000,0.000000000000,0.000161106349,0.000000000000,0.000000000000,0.000170992324,0.000000000000,0.000000000000,0.000093380289,0.000000000000,0.000000000000,0.000097071604,0.000000000000,0.000000000000,0.000101485224,0.000000000000,0.000000000000,0.000072079923,0.000000000000,0.000000000000,0.000077779332,0.000000000000,0.000000000000,0.000081386509
813,0.000000000000,0.000000000000,0.000420010459,0.000000000000,0.000000000000,0.000439683787,0.000000000000,0.000000000000,0.000446032581,0.000000000000,0.000000000000,0.000277439835,0.000000000000,0.000000000000,0.000303763193,0.000000000000,0.000000000000,0.000296464269,0.000000000000,0.000000000000,0.000154467745,0.000000000000,0.000000000000,0.000161106349,0.000000000000,0.000000000000,0.000170992324,0.000000000000,0.000000000000,0.000093380289,0.000000000000,0.000000000000,0.000097071604,0.000000000000,0.000000000000,0.000101485224,0.000000000000,0.000000000000,0.000072079923,0.000000000000,0.000000000000,0.000077779332,0.000000000000,0.000000000000,0.000081386509
814,0.000000000000,0.000000000000,0.000420010459,0.000000000000,0.000000000000,0.000439683787,0.000000000000,0.000000000000,0.000446032581,0.000000000000,0.000000000000,0.000277439835,0.000000000000,0.000000000000,0.000303763193,0.000000000000,0.000000000000,0.000296464269,0.000000000000,0.000000000000,0.000154467745,0.000000000000,0.000000000000,0.000161106349,0.000000000000,0.000000000000,0.000170992324,0.000000000000,0.000000000000,0.000093380289,0.000000000000,0.000000000000,0.000097071604,0.000000000000,0.000000000000,0.000101485224,0.000000000000,0.000000000000,0.000072079923,0.000000000000,0.000000000000,0.000077779332,0.000000000000,0.000000000000,0.000081386509
815,0.000000000000,0.000000000000,0.000420010459,0.000000000000,0.000000000000,0.000439683787,0.000000000000,0.000000000000,0.000446032581,0.000000000000,0.000000000000,0.000277439835,0.000000000000,0.000000000000,0.000303763193,0.000000000000,0.000000000000,0.000296464269,0.000000000000,0.000000000000,0.000154467745,0.000000000000,0.000000000000,0.000161106349,0.000000000000,0.000000000000,0.000170992324,0.000000000000,0.000000000000,0.000093380289,0.000000000000,0.000000000000,0.000097071604,0.000000000000,0.000000000000,0.000101485224,0.000000000000,0.000000000000,0.000072086909,0.000000000000,0.000000000000,0.000077779332,0.000000000000,0.000000000000,0.000081386509
816,0.000000000000,0.000000000000,0.000420010459,0.000000000000,0.000000000000,0.000439683787,0.000000000000,0.000000000000,0.000446032581,0.000000000000,0.000000000000,0.000277439835,0.000000000000,0.000000000000,0.000303763193,0.000000000000,0.000000000000,0.000296464269,0.000000000000,0.000000000000,0.000154467745,0.000000000000,0.000000000000,0.000161106349,0.000000000000,0.000000000000,0.000170992324,0.000000000000,0.000000000000,0.000093380289,0.000000000000,0.000000000000,0.000097071604,0.000000000000,0.000000000000,0.000101485224,0.000000000000,0.000000000000,0.000072086909,0.000000000000,0.000000000000,0.000077779332,0.000000000000,0.000000000000,0.000081386509
817,0.000000000000,0.000000000000,0.000420010459,0.000000000000,0.000000000000,0.000439683787,0.000000000000,0.000000000000,0.000446032581,0.000000000000,0.000000000000,0.000277439835,0.000000000000,0.000000000000,0.000303763193,0.000000000000,0.000000000000,0.000296464269,0.000000000000,0.000000000000,0.000154467745,0.000000000000,0.000000000000,0.000161106349,0.000000000000,0.000000000000,0.000170992324,0.000000000000,0.000000000000,0.000093380289,0.000000000000,0.000000000000,0.000097071604,0.000000000000,0.000000000000,0.000101485224,0.000000000000,0.000000000000,0.000072090702,0.000000000000,0.000000000000,0.000077779332,0.000000000000,0.000000000000,0.000081386509
818,0.000000000000,0.000000000000,0.000420010459,0.000000000000,0.000000000000,0.000439683787,0.000000000000,0.000000000000,0.000446032581,0.000000000000,0.000000000000,0.000277439835,0.000000000000,0.000000000000,0.000303763193,0.000000000000,0.000000000000,0.000296464269,0.000000000000,0.000000000000,0.000154467745,0.000000000000,0.000000000000,0.000161106349,0.000000000000,0.000000000000,0.000170992324,0.000000000000,0.000000000000,0.000093380289,0.000000000000,0.000000000000,0.000097071604,0.000000000000,0.000000000000,0.000101485224,0.000000000000,0.000000000000,0.000072097932,0.000000000000,0.000000000000,0.000077779332,0.000000000000,0.000000000000,0.000081386509
819,0.000000000000,0.000000000000,0.000420010459,0.000000000000,0.000000000000,0.000439683787,0.000000000000,0.000000000000,0.000446032581,0.000000000000,0.000000000000,0.000277439835,0.000000000000,0.000000000000,0.000303763193,0.000000000000,0.000000000000,0.000296464269,0.000000000000,0.000000000000,0.000154467745,0.000000000000,0.000000000000,0.000161106349,0.000000000000,0.000000000000,0.000170992324,0.000000000000,0.000000000000,0.000093380289,0.000000000000,0.000000000000,0.000097071604,0.000000000000,0.000000000000,0.000101485224,0.000000000000,0.000000000000,0.000072097932,0.000000000000,0.000000000000,0.000077779332,0.000000000000,0.000000000000,0.000081386509
820,0.000000000000,0.000000000000,0.000420010459,0.000000000000,0.000000000000,0.000439683787,0.000000000000,0.000000000000,0.000446032581,0.000000000000,0.000000000000,0.000277439835,0.000000000000,0.000000000000,0.000303763193,0.000000000000,0.000000000000,0.000296464269,0.000000000000,0.000000000000,0.000154467745,0.000000000000,0.000000000000,0.000161106349,0.000000000000,0.000000000000,0.000170992324,0.000000000000,0.000000000000,0.000093380289,0.000000000000,0.000000000000,0.000097071604,0.000000000000,0.000000000000,0.000101485224,0.000000000000,0.000000000000,0.000072097932,0.000000000000,0.000000000000,0.000077779332,0.000000000000,0.000000000000,0.000081386509
821,0.000000000000,0.000000000000,0.000420010459,0.000000000000,0.000000000000,0.000439683787,0.000000000000,0.000000000000,0.000446032581,0.000000000000,0.000000000000,0.000277439835,0.000000000000,0.000000000000,0.000303763193,0.000000000000,0.000000000000,0.000296464269,0.000000000000,0.000000000000,0.000154467745,0.000000000000,0.000000000000,0.000161106349,0.000000000000,0.000000000000,0.000170992324,0.000000000000,0.000000000000,0.000093380289,0.000000000000,0.000000000000,0.000097071604,0.000000000000,0.000000000000,0.000101485224,0.000000000000,0.000000000000,0.000072097932,0.000000000000,0.000000000000,0.000077779332,0.000000000000,0.000000000000,0.000081386509
822,0.000000000000,0.000000000000,0.000420010459,0.000000000000,0.000000000000,0.000439683787,0.000000000000,0.000000000000,0.000446032581,0.000000000000,0.000000000000,0.000277439835,0.000000000000,0.000000000000,0.000303763193,0.000000000000,0.000000000000,0.000296464269,0.000000000000,0.000000000000,0.000154467745,0.000000000000,0.000000000000,0.000161106349,0.000000000000,0.000000000000,0.000170992324,0.000000000000,0.000000000000,0.000093380289,0.000000000000,0.000000000000,0.000097071604,0.000000000000,0.000000000000,0.000101531620,0.000000000000,0.000000000000,0.000072097932,0.000000000000,0.000000000000,0.000077779332,0.000000000000,0.000000000000,0.000081386509
823,0.000000000000,0.000000000000,0.000420010459,0.000000000000,0.000000000000,0.000439683787,0.000000000000,0.000000000000,0.000446032581,0.000000000000,0.000000000000,0.000277439835,0.000000000000,0.000000000000,0.000303763193,0.000000000000,0.000000000000,0.000296464269,0.000000000000,0.000000000000,0.000154467745,0.000000000000,0.000000000000,0.000161106349,0.000000000000,0.000000000000,0.000170992324,0.000000000000,0.000000000000,0.000093380305,0.000000000000,0.000000000000,0.000097071604,0.000000000000,0.000000000000,0.000101679401,0.000000000000,0.000000000000,0.000072152446,0.000000000000,0.000000000000,0.000077779332,0.000000000000,0.000000000000,0.000081432956
824,0.000000000000,0.000000000000,0.000420010459,0.000000000000,0.000000000000,0.000439683787,0.000000000000,0.000000000000,0.000446032581,0.000000000000,0.000000000000,0.000277439835,0.000000000000,0.000000000000,0.000303763193,0.000000000000,0.000000000000,0.000296464269,0.000000000000,0.000000000000,0.000154467745,0.000000000000,0.000000000000,0.000161106349,0.000000000000,0.000000000000,0.000170992324,0.000000000000,0.000000000000,0.000093380305,0.000000000000,0.000000000000,0.000097071604,0.000000000000,0.000000000000,0.000101679401,0.000000000000,0.000000000000,0.000072200340,0.000000000000,0.000000000000,0.000077779332,0.000000000000,0.000000000000,0.000081432956
825,0.000000000000,0.000000000000,0.000420010459,0.000000000000,0.000000000000,0.000439683787,0.000000000000,0.000000000000,0.000446032581,0.000000000000,0.000000000000,0.000277439835,0.000000000000,0.000000000000,0.000303763193,0.000000000000,0.000000000000,0.000296464269,0.000000000000,0.000000000000,0.000154467745,0.000000000000,0.000000000000,0.000161106349,0.000000000000,0.000000000000,0.000170992324,0.000000000000,0.000000000000,0.000093380305,0.000000000000,0.000000000000,0.000097071604,0.000000000000,0.000000000000,0.000101679401,0.000000000000,0.000000000000,0.000072200340,0.000000000000,0.000000000000,0.000077779332,0.000000000000,0.000000000000,0.000081442075
826,0.000000000000,0.000000000000,0.000420010459,0.000000000000,0.000000000000,0.000439683787,0.000000000000,0.000000000000,0.000446032581,0.000000000000,0.000000000000,0.000277439835,0.000000000000,0.000000000000,0.000303763193,0.000000000000,0.000000000000,0.000296464269,0.000000000000,0.000000000000,0.000154467745,0.000000000000,0.000000000000,0.000161106349,0.000000000000,0.000000000000,0.000170992324,0.000000000000,0.000000000000,0.000093380305,0.000000000000,0.000000000000,0.000097071604,0.000000000000,0.000000000000,0.000101679401,0.000000000000,0.000000000000,0.000072200340,0.000000000000,0.000000000000,0.000077779332,0.000000000000,0.000000000000,0.000081442075
827,0.000000000000,0.000000000000,0.000420010459,0.000000000000,0.000000000000,0.000439683787,0.000000000000,0.000000000000,0.000446032581,0.000000000000,0.000000000000,0.000277439835,0.000000000000,0.000000000000,0.000303763193,0.000000000000,0.000000000000,0.000296464269,0.000000000000,0.000000000000,0.000154467745,0.000000000000,0.000000000000,0.000161106349,0.000000000000,0.000000000000,0.000170992324,0.000000000000,0.000000000000,0.000093380305,0.000000000000,0.000000000000,0.000097071604,0.000000000000,0.000000000000,0.000101679401,0.000000000000,0.000000000000,0.000072200340,0.000000000000,0.000000000000,0.000077779332,0.000000000000,0.000000000000,0.000081442075
828,0.000000000000,0.000000000000,0.000420010459,0.000000000000,0.000000000000,0.000439683787,0.000000000000,0.000000000000,0.000446032581,0.000000000000,0.000000000000,0.000277439835,0.000000000000,0.000000000000,0.000303763193,0.000000000000,0.000000000000,0.000296464269,0.000000000000,0.000000000000,0.000154467745,0.000000000000,0.000000000000,0.000161106349,0.000000000000,0.000000000000,0.000170992324,0.000000000000,0.000000000000,0.000093380305,0.000000000000,0.000000000000,0.000097071604,0.000000000000,0.000000000000,0.000101679401,0.000000000000,0.000000000000,0.000072200340,0.000000000000,0.000000000000,0.000077779332,0.000000000000,0.000000000000,0.000081442075
829,0.000000000000,0.000000000000,0.000420010459,0.000000000000,0.000000000000,0.000439683787,0.000000000000,0.000000000000,0.000446032581,0.000000000000,0.000000000000,0.000277439835,0.000000000000,0.000000000000,0.000303763193,0.000000000000,0.000000000000,0.000296464269,0.000000000000,0.000000000000,0.000154467745,0.000000000000,0.000000000000,0.000161106349,0.000000000000,0.000000000000,0.000170992324,0.000000000000,0.000000000000,0.000093380305,0.000000000000,0.000000000000,0.000097071604,0.000000000000,0.000000000000,0.000101679401,0.000000000000,0.000000000000,0.000072200340,0.000000000000,0.000000000000,0.000077779332,0.000000000000,0.000000000000,0.000081442075
830,0.000000000000,0.000000000000,0.000420010459,0.000000000000,0.000000000000,0.000439683787,0.000000000000,0.000000000000,0.000446032581,0.000000000000,0.000000000000,0.000277439835,0.000000000000,0.000000000000,0.000303763193,0.000000000000,0.000000000000,0.000296464269,0.000000000000,0.000000000000,0.000154467745,0.000000000000,0.000000000000,0.000161106349,0.000000000000,0.000000000000,0.000170992324,0.000000000000,0.000000000000,0.000093380305,0.000000000000,0.000000000000,0.000097071604,0.000000000000,0.000000000000,0.000101679401,0.000000000000,0.000000000000,0.000072200340,0.000000000000,0.000000000000,0.000077779332,0.000000000000,0.000000000000,0.000081442075
831,0.000000000000,0.000000000000,0.000420010459,0.000000000000,0.000000000000,0.000439683787,0.000000000000,0.000000000000,0.000446032581,0.000000000000,0.000000000000,0.000277439835,0.000000000000,0.000000000000,0.000303763193,0.000000000000,0.000000000000,0.000296464269,0.000000000000,0.000000000000,0.000154467745,0.000000000000,0.000000000000,0.000161106349,0.000000000000,0.000000000000,0.000170992324,0.000000000000,0.000000000000,0.000093380305,0.000000000000,0.000000000000,0.000097071604,0.000000000000,0.000000000000,0.000101703587,0.000000000000,0.000000000000,0.000072200340,0.000000000000,0.000000000000,0.000077779332,0.000000000000,0.000000000000,0.000081442075
832,0.000000000000,0.000000000000,0.000420010459,0.000000000000,0.000000000000,0.000439683787,0.000000000000,0.000000000000,0.000446032581,0.000000000000,0.000000000000,0.000277439835,0.000000000000,0.000000000000,0.000303763193,0.000000000000,0.000000000000,0.000296464269,0.000000000000,0.000000000000,0.000154467745,0.000000000000,0.000000000000,0.000161106349,0.000000000000,0.000000000000,0.000170992324,0.000000000000,0.000000000000,0.000093380305,0.000000000000,0.000000000000,0.000097071604,0.000000000000,0.000000000000,0.000101712615,0.000000000000,0.000000000000,0.000072200340,0.000000000000,0.000000000000,0.000077779332,0.000000000000,0.000000000000,0.000081442075
833,0.000000000000,0.000000000000,0.000420010459,0.000000000000,0.000000000000,0.000439683787,0.000000000000,0.000000000000,0.000446032581,0.000000000000,0.000000000000,0.000277439835,0.000000000000,0.000000000000,0.000303763193,0.000000000000,0.000000000000,0.000296464269,0.000000000000,0.000000000000,0.000154467745,0.000000000000,0.000000000000,0.000161106349,0.000000000000,0.000000000000,0.000170992324,0.000000000000,0.000000000000,0.000093380305,0.000000000000,0.000000000000,0.000097071604,0.000000000000,0.000000000000,0.000101712615,0.000000000000,0.000000000000,0.000072200340,0.000000000000,0.000000000000,0.000077779332,0.000000000000,0.000000000000,0.000081442075
834,0.000000000000,0.000000000000,0.000420010459,0.000000000000,0.000000000000,0.000439683787,0.000000000000,0.000000000000,0.000446032581,0.000000000000,0.000000000000,0.000277439835,0.000000000000,0.000000000000,0.000303763193,0.000000000000,0.000000000000,0.000296464269,0.000000000000,0.000000000000,0.000154467745,0.000000000000,0.000000000000,0.000161106349,0.000000000000,0.000000000000,0.000170992324,0.000000000000,0.000000000000,0.000093380305,0.000000000000,0.000000000000,0.000097071604,0.000000000000,0.000000000000,0.000101712615,0.000000000000,0.000000000000,0.000072200340,0.000000000000,0.000000000000,0.000077779332,0.000000000000,0.000000000000,0.000081442075
835,0.000000000000,0.000000000000,0.000420010459,0.000000000000,0.000000000000,0.000439683787,0.000000000000,0.000000000000,0.000446032581,0.000000000000,0.000000000000,0.000277439835,0.000000000000,0.000000000000,0.000303763193,0.000000000000,0.000000000000,0.000296464269,0.000000000000,0.000000000000,0.000154467745,0.000000000000,0.000000000000,0.000161106349,0.000000000000,0.000000000000,0.000170992324,0.000000000000,0.000000000000,0.000093380305,0.000000000000,0.000000000000,0.000097071604,0.000000000000,0.000000000000,0.000101712615,0.000000000000,0.000000000000,0.000072200340,0.000000000000,0.000000000000,0.000077779332,0.000000000000,0.000000000000,0.000081442075
836,0.000000000000,0.000000000000,0.000420010459,0.000000000000,0.000000000000,0.000439683787,0.000000000000,0.000000000000,0.000446032581,0.000000000000,0.000000000000,0.000277439835,0.000000000000,0.000000000000,0.000303763193,0.000000000000,0.000000000000,0.000296464269,0.000000000000,0.000000000000,0.000154467745,0.000000000000,0.000000000000,0.000161106349,0.000000000000,0.000000000000,0.000170992324,0.000000000000,0.000000000000,0.000093380305,0.000000000000,0.000000000000,0.000097071604,0.000000000000,0.000000000000,0.000101712615,0.000000000000,0.000000000000,0.000072200340,0.000000000000,0.000000000000,0.000077779332,0.000000000000,0.000000000000,0.000081442075
837,0.000000000000,0.000000000000,0.000420010459,0.000000000000,0.000000000000,0.000439683787,0.000000000000,0.000000000000,0.000446032581,0.000000000000,0.000000000000,0.000277439835,0.000000000000,0.000000000000,0.000303763193,0.000000000000,0.000000000000,0.000296464269,0.000000000000,0.000000000000,0.000154467745,0.000000000000,0.000000000000,0.000161106349,0.000000000000,0.000000000000,0.000170992324,0.000000000000,0.000000000000,0.000093380305,0.000000000000,0.000000000000,0.000097071604,0.000000000000,0.000000000000,0.000101712615,0.000000000000,0.000000000000,0.000072200340,0.000000000000,0.000000000000,0.000077779332,0.000000000000,0.000000000000,0.000081442075
838,0.000000000000,0.000000000000,0.000420010459,0.000000000000,0.000000000000,0.000439683787,0.000000000000,0.000000000000,0.000446032581,0.000000000000,0.000000000000,0.000277439835,0.000000000000,0.000000000000,0.000303763193,0.000000000000,0.000000000000,0.000296464269,0.000000000000,0.000000000000,0.000154467745,0.000000000000,0.000000000000,0.000161106349,0.000000000000,0.000000000000,0.000170992324,0.000000000000,0.000000000000,0.000093380305,0.000000000000,0.000000000000,0.000097071604,0.000000000000,0.000000000000,0.000101712615,0.000000000000,0.000000000000,0.000072200340,0.000000000000,0.000000000000,0.000077779332,0.000000000000,0.000000000000,0.000081442075
839,0.000000000000,0.000000000000,0.000420010459,0.000000000000,0.000000000000,0.000439683787,0.000000000000,0.000000000000,0.000446032581,0.000000000000,0.000000000000,0.000277439835,0.000000000000,0.000000000000,0.000303763193,0.000000000000,0.000000000000,0.000296464269,0.000000000000,0.000000000000,0.000154467745,0.000000000000,0.000000000000,0.000161106349,0.000000000000,0.000000000000,0.000170992324,0.000000000000,0.000000000000,0.000093380305,0.000000000000,0.000000000000,0.000097071604,0.000000000000,0.000000000000,0.000101712615,0.000000000000,0.000000000000,0.000072200340,0.000000000000,0.000000000000,0.000077779332,0.000000000000,0.000000000000,0.000081442075
840,0.000000000000,0.000000000000,0.000420010459,0.000000000000,0.000000000000,0.000439683787,0.000000000000,0.000000000000,0.000446032581,0.000000000000,0.000000000000,0.000277439835,0.000000000000,0.000000000000,0.000303763193,0.000000000000,0.000000000000,0.000296464269,0.000000000000,0.000000000000,0.000154467745,0.000000000000,0.000000000000,0.000161106349,0.000000000000,0.000000000000,0.000170992324,0.000000000000,0.000000000000,0.000093380305,0.000000000000,0.000000000000,0.000097071604,0.000000000000,0.000000000000,0.000101712615,0.000000000000,0.000000000000,0.000072200340,0.000000000000,0.000000000000,0.000077779332,0.000000000000,0.000000000000,0.000081442075
841,0.000000000000,0.000000000000,0.000420010459,0.000000000000,0.000000000000,0.000439683787,0.000000000000,0.000000000000,0.000446032581,0.000000000000,0.000000000000,0.000277439835,0.000000000000,0.000000000000,0.000303763193,0.000000000000,0.000000000000,0.000296464269,0.000000000000,0.000000000000,0.000154467745,0.000000000000,0.000000000000,0.000161106349,0.000000000000,0.000000000000,0.000170992324,0.000000000000,0.000000000000,0.000093380305,0.000000000000,0.000000000000,0.000097071604,0.000000000000,0.000000000000,0.000101712615,0.000000000000,0.000000000000,0.000072200340,0.000000000000,0.000000000000,0.000077779332,0.000000000000,0.000000000000,0.000081442075
842,0.000000000000,0.000000000000,0.000420010459,0.000000000000,0.000000000000,0.000439683787,0.000000000000,0.000000000000,0.000446032581,0.000000000000,0.000000000000,0.000277439835,0.000000000000,0.000000000000,0.000303763193,0.000000000000,0.000000000000,0.000296464269,0.000000000000,0.000000000000,0.000154467745,0.000000000000,0.000000000000,0.000161106349,0.000000000000,0.000000000000,0.000170992324,0.000000000000,0.000000000000,0.000093380305,0.000000000000,0.000000000000,0.000097071604,0.000000000000,0.000000000000,0.000101712615,0.000000000000,0.000000000000,0.000072200340,0.000000000000,0.000000000000,0.000077779332,0.000000000000,0.000000000000,0.000081442075
843,0.000000000000,0.000000000000,0.000420010459,0.000000000000,0.000000000000,0.000439683787,0.000000000000,0.000000000000,0.000446032581,0.000000000000,0.000000000000,0.000277439835,0.000000000000,0.000000000000,0.000303763193,0.000000000000,0.000000000000,0.000296464269,0.000000000000,0.000000000000,0.000154467745,0.000000000000,0.000000000000,0.000161106349,0.000000000000,0.000000000000,0.000170992324,0.000000000000,0.000000000000,0.000093380305,0.000000000000,0.000000000000,0.000097071604,0.000000000000,0.000000000000,0.000101712615,0.000000000000,0.000000000000,0.000072200340,0.000000000000,0.000000000000,0.000077779332,0.000000000000,0.000000000000,0.000081442075
844,0.000000000000,0.000000000000,0.000420010459,0.000000000000,0.000000000000,0.000439683787,0.000000000000,0.000000000000,0.000446032581,0.000000000000,0.000000000000,0.000277439835,0.000000000000,0.000000000000,0.000303763193,0.000000000000,0.000000000000,0.000296464269,0.000000000000,0.000000000000,0.000154467745,0.000000000000,0.000000000000,0.000161106349,0.000000000000,0.000000000000,0.000170992324,0.000000000000,0.000000000000,0.000093380305,0.000000000000,0.000000000000,0.000097071604,0.000000000000,0.000000000000,0.000101712615,0.000000000000,0.000000000000,0.000072200340,0.000000000000,0.000000000000,0.000077779332,0.000000000000,0.000000000000,0.000081442075
845,0.000000000000,0.000000000000,0.000420010459,0.000000000000,0.000000000000,0.000439683787,0.000000000000,0.000000000000,0.000446032581,0.000000000000,0.000000000000,0.000277439835,0.000000000000,0.000000000000,0.000303763193,0.000000000000,0.000000000000,0.000296464269,0.000000000000,0.000000000000,0.000154467745,0.000000000000,0.000000000000,0.000161106349,0.000000000000,0.000000000000,0.000170992324,0.000000000000,0.000000000000,0.000093380305,0.000000000000,0.000000000000,0.000097071604,0.000000000000,0.000000000000,0.000101712615,0.000000000000,0.000000000000,0.000072200340,0.000000000000,0.000000000000,0.000077779332,0.000000000000,0.000000000000,0.000081442075
846,0.000000000000,0.000000000000,0.000420010459,0.000000000000,0.000000000000,0.000439683787,0.000000000000,0.000000000000,0.000446032581,0.000000000000,0.000000000000,0.000277439835,0.000000000000,0.000000000000,0.000303763193,0.000000000000,0.000000000000,0.000296464269,0.000000000000,0.000000000000,0.000154467745,0.000000000000,0.000000000000,0.000161106349,0.000000000000,0.000000000000,0.000170992324,0.000000000000,0.000000000000,0.000093380305,0.000000000000,0.000000000000,0.000097071604,0.000000000000,0.000000000000,0.000101712615,0.000000000000,0.000000000000,0.000072200340,0.000000000000,0.000000000000,0.000077779332,0.000000000000,0.000000000000,0.000081442075
847,0.000000000000,0.000000000000,0.000420010459,0.000000000000,0.000000000000,0.000439683787,0.000000000000,0.000000000000,0.000446032581,0.000000000000,0.000000000000,0.000277439835,0.000000000000,0.000000000000,0.000303763193,0.000000000000,0.000000000000,0.000296464269,0.000000000000,0.000000000000,0.000154467745,0.000000000000,0.000000000000,0.000161106349,0.000000000000,0.000000000000,0.000170992324,0.000000000000,0.000000000000,0.000093380305,0.000000000000,0.000000000000,0.000097071604,0.000000000000,0.000000000000,0.000101712615,0.000000000000,0.000000000000,0.000072200340,0.000000000000,0.000000000000,0.000077779332,0.000000000000,0.000000000000,0.000081442075
848,0.000000000000,0.000000000000,0.000420010459,0.000000000000,0.000000000000,0.000439683787,0.000000000000,0.000000000000,0.000446032581,0.000000000000,0.000000000000,0.000277439835,0.000000000000,0.000000000000,0.000303763193,0.000000000000,0.000000000000,0.000296464269,0.000000000000,0.000000000000,0.000154467745,0.000000000000,0.000000000000,0.000161106349,0.000000000000,0.000000000000,0.000170992324,0.000000000000,0.000000000000,0.000093380305,0.000000000000,0.000000000000,0.000097071604,0.000000000000,0.000000000000,0.000101712615,0.000000000000,0.000000000000,0.000072200340,0.000000000000,0.000000000000,0.000077779332,0.000000000000,0.000000000000,0.000081442075
849,0.000000000000,0.000000000000,0.000420010459,0.000000000000,0.000000000000,0.000439683787,0.000000000000,0.000000000000,0.000446032581,0.000000000000,0.000000000000,0.000277439835,0.000000000000,0.000000000000,0.000303763193,0.000000000000,0.000000000000,0.000296464269,0.000000000000,0.000000000000,0.000154467745,0.000000000000,0.000000000000,0.000161106349,0.000000000000,0.000000000000,0.000170992324,0.000000000000,0.000000000000,0.000093380305,0.000000000000,0.000000000000,0.000097071604,0.000000000000,0.000000000000,0.000101712615,0.000000000000,0.000000000000,0.000072200340,0.000000000000,0.000000000000,0.000077779332,0.000000000000,0.000000000000,0.000081442075
850,0.000000000000,0.000000000000,0.000420010459,0.000000000000,0.000000000000,0.000439683787,0.000000000000,0.000000000000,0.000446032581,0.000000000000,0.000000000000,0.000277439835,0.000000000000,0.000000000000,0.000303763193,0.000000000000,0.000000000000,0.000296464269,0.000000000000,0.000000000000,0.000154467745,0.000000000000,0.000000000000,0.000161106349,0.000000000000,0.000000000000,0.000170992324,0.000000000000,0.000000000000,0.000093380305,0.000000000000,0.000000000000,0.000097071604,0.000000000000,0.000000000000,0.000101712615,0.000000000000,0.000000000000,0.000072200340,0.000000000000,0.000000000000,0.000077779332,0.000000000000,0.000000000000,0.000081442075
851,0.000000000000,0.000000000000,0.000420010459,0.000000000000,0.000000000000,0.000439683787,0.000000000000,0.000000000000,0.000446032581,0.000000000000,0.000000000000,0.000277439835,0.000000000000,0.000000000000,0.000303763193,0.000000000000,0.000000000000,0.000296464269,0.000000000000,0.000000000000,0.000154467745,0.000000000000,0.000000000000,0.000161106349,0.000000000000,0.000000000000,0.000170992324,0.000000000000,0.000000000000,0.000093380305,0.000000000000,0.000000000000,0.000097071604,0.000000000000,0.000000000000,0.000101712615,0.000000000000,0.000000000000,0.000072200340,0.000000000000,0.000000000000,0.000077779332,0.000000000000,0.000000000000,0.000081442075
852,0.000000000000,0.000000000000,0.000420010459,0.000000000000,0.000000000000,0.000439683787,0.000000000000,0.000000000000,0.000446032581,0.000000000000,0.000000000000,0.000277439835,0.000000000000,0.000000000000,0.000303763193,0.000000000000,0.000000000000,0.000296464269,0.000000000000,0.000000000000,0.000154467745,0.000000000000,0.000000000000,0.000161106349,0.000000000000,0.000000000000,0.000171003737,0.000000000000,0.000000000000,0.000093380305,0.000000000000,0.000000000000,0.000097071604,0.000000000000,0.000000000000,0.000101712615,0.000000000000,0.000000000000,0.000072200340,0.000000000000,0.000000000000,0.000077779332,0.000000000000,0.000000000000,0.000081442075
853,0.000000000000,0.000000000000,0.000420010459,0.000000000000,0.000000000000,0.000439683787,0.000000000000,0.000000000000,0.000446032581,0.000000000000,0.000000000000,0.000277439835,0.000000000000,0.000000000000,0.000303763193,0.000000000000,0.000000000000,0.000296464269,0.000000000000,0.000000000000,0.000154467745,0.000000000000,0.000000000000,0.000161106349,0.000000000000,0.000000000000,0.000171003737,0.000000000000,0.000000000000,0.000093380305,0.000000000000,0.000000000000,0.000097071604,0.000000000000,0.000000000000,0.000101712615,0.000000000000,0.000000000000,0.000072200340,0.000000000000,0.000000000000,0.000077779332,0.000000000000,0.000000000000,0.000081442075
854,0.000000000000,0.000000000000,0.000420010459,0.000000000000,0.000000000000,0.000439683787,0.000000000000,0.000000000000,0.000446032581,0.000000000000,0.000000000000,0.000277439835,0.000000000000,0.000000000000,0.000303763193,0.000000000000,0.000000000000,0.000296464269,0.000000000000,0.000000000000,0.000154467745,0.000000000000,0.000000000000,0.000161106349,0.000000000000,0.000000000000,0.000171003737,0.000000000000,0.000000000000,0.000093380305,0.000000000000,0.000000000000,0.000097071604,0.000000000000,0.000000000000,0.000101712615,0.000000000000,0.000000000000,0.000072200340,0.000000000000,0.000000000000,0.000077779332,0.000000000000,0.000000000000,0.000081442075
855,0.000000000000,0.000000000000,0.000420010459,0.000000000000,0.000000000000,0.000439683787,0.000000000000,0.000000000000,0.000446032581,0.000000000000,0.000000000000,0.000277439835,0.000000000000,0.000000000000,0.000303763193,0.000000000000,0.000000000000,0.000296464269,0.000000000000,0.000000000000,0.000154467745,0.000000000000,0.000000000000,0.000161106349,0.000000000000,0.000000000000,0.000171003737,0.000000000000,0.000000000000,0.000093380305,0.000000000000,0.000000000000,0.000097071604,0.000000000000,0.000000000000,0.000101712615,0.000000000000,0.000000000000,0.000072200340,0.000000000000,0.000000000000,0.000077779332,0.000000000000,0.000000000000,0.000081442075
856,0.000000000000,0.000000000000,0.000420010459,0.000000000000,0.000000000000,0.000439683787,0.000000000000,0.000000000000,0.000446032581,0.000000000000,0.000000000000,0.000277439835,0.000000000000,0.000000000000,0.000303763193,0.000000000000,0.000000000000,0.000296464269,0.000000000000,0.000000000000,0.000154467745,0.000000000000,0.000000000000,0.000161106349,0.000000000000,0.000000000000,0.000171003737,0.000000000000,0.000000000000,0.000093380305,0.000000000000,0.000000000000,0.000097071604,0.000000000000,0.000000000000,0.000101712615,0.000000000000,0.000000000000,0.000072200340,0.000000000000,0.000000000000,0.000077779332,0.000000000000,0.000000000000,0.000081442075
857,0.000000000000,0.000000000000,0.000420010459,0.000000000000,0.000000000000,0.000439683787,0.000000000000,0.000000000000,0.000446032581,0.000000000000,0.000000000000,0.000277439835,0.000000000000,0.000000000000,0.000303763193,0.000000000000,0.000000000000,0.000296464269,0.000000000000,0.000000000000,0.000154467745,0.000000000000,0.000000000000,0.000161106349,0.000000000000,0.000000000000,0.000171003737,0.000000000000,0.000000000000,0.000093380305,0.000000000000,0.000000000000,0.000097071604,0.000000000000,0.000000000000,0.000101712615,0.000000000000,0.000000000000,0.000072200340,0.000000000000,0.000000000000,0.000077779332,0.000000000000,0.000000000000,0.000081442075
858,0.000000000000,0.000000000000,0.000420010459,0.000000000000,0.000000000000,0.000439683787,0.000000000000,0.000000000000,0.000446032581,0.000000000000,0.000000000000,0.000277439835,0.000000000000,0.000000000000,0.000303763193,0.000000000000,0.000000000000,0.000296464269,0.000000000000,0.000000000000,0.000154467745,0.000000000000,0.000000000000,0.000161106349,0.000000000000,0.000000000000,0.000171003737,0.000000000000,0.000000000000,0.000093380305,0.000000000000,0.000000000000,0.000097071604,0.000000000000,0.000000000000,0.000101712615,0.000000000000,0.000000000000,0.000072200340,0.000000000000,0.000000000000,0.000077779332,0.000000000000,0.000000000000,0.000081442075
859,0.000000000000,0.000000000000,0.000420010459,0.000000000000,0.000000000000,0.000439683787,0.000000000000,0.000000000000,0.000446032581,0.000000000000,0.000000000000,0.000277439835,0.000000000000,0.000000000000,0.000303763193,0.000000000000,0.000000000000,0.000296464269,0.000000000000,0.000000000000,0.000154467745,0.000000000000,0.000000000000,0.000161106349,0.000000000000,0.000000000000,0.000171003737,0.000000000000,0.000000000000,0.000093380305,0.000000000000,0.000000000000,0.000097071604,0.000000000000,0.000000000000,0.000101712615,0.000000000000,0.000000000000,0.000072200340,0.000000000000,0.000000000000,0.000077831303,0.000000000000,0.000000000000,0.000081442075
860,0.000000000000,0.000000000000,0.000420010459,0.000000000000,0.000000000000,0.000439683787,0.000000000000,0.000000000000,0.000446032581,0.000000000000,0.000000000000,0.000277439835,0.000000000000,0.000000000000,0.000303763193,0.000000000000,0.000000000000,0.000296464269,0.000000000000,0.000000000000,0.000154467745,0.000000000000,0.000000000000,0.000161106349,0.000000000000,0.000000000000,0.000171003737,0.000000000000,0.000000000000,0.000093380305,0.000000000000,0.000000000000,0.000097071604,0.000000000000,0.000000000000,0.000101712615,0.000000000000,0.000000000000,0.000072205421,0.000000000000,0.000000000000,0.000077831303,0.000000000000,0.000000000000,0.000081442075
861,0.000000000000,0.000000000000,0.000420010459,0.000000000000,0.000000000000,0.000439683787,0.000000000000,0.000000000000,0.000446032581,0.000000000000,0.000000000000,0.000277439835,0.000000000000,0.000000000000,0.000303763193,0.000000000000,0.000000000000,0.000296464269,0.000000000000,0.000000000000,0.000154467745,0.000000000000,0.000000000000,0.000161106349,0.000000000000,0.000000000000,0.000171003737,0.000000000000,0.000000000000,0.000093380305,0.000000000000,0.000000000000,0.000097071604,0.000000000000,0.000000000000,0.000101712615,0.000000000000,0.000000000000,0.000072205421,0.000000000000,0.000000000000,0.000077831303,0.000000000000,0.000000000000,0.000081442075
862,0.000000000000,0.000000000000,0.000420010459,0.000000000000,0.000000000000,0.000439683787,0.000000000000,0.000000000000,0.000446032581,0.000000000000,0.000000000000,0.000277439835,0.000000000000,0.000000000000,0.000303763193,0.000000000000,0.000000000000,0.000296464269,0.000000000000,0.000000000000,0.000154467745,0.000000000000,0.000000000000,0.000161106349,0.000000000000,0.000000000000,0.000171003737,0.000000000000,0.000000000000,0.000093380305,0.000000000000,0.000000000000,0.000097071604,0.000000000000,0.000000000000,0.000101712615,0.000000000000,0.000000000000,0.000072216606,0.000000000000,0.000000000000,0.000077831303,0.000000000000,0.000000000000,0.000081442075
863,0.000000000000,0.000000000000,0.000420010459,0.000000000000,0.000000000000,0.000439683787,0.000000000000,0.000000000000,0.000446032581,0.000000000000,0.000000000000,0.000277439835,0.000000000000,0.000000000000,0.000303763193,0.000000000000,0.000000000000,0.000296464269,0.000000000000,0.000000000000,0.000154467745,0.000000000000,0.000000000000,0.000161106349,0.000000000000,0.000000000000,0.000171003737,0.000000000000,0.000000000000,0.000093380305,0.000000000000,0.000000000000,0.000097071604,0.000000000000,0.000000000000,0.000101712615,0.000000000000,0.000000000000,0.000072216606,0.000000000000,0.000000000000,0.000077831303,0.000000000000,0.000000000000,0.000081442075
864,0.000000000000,0.000000000000,0.000420010459,0.000000000000,0.000000000000,0.000439683787,0.000000000000,0.000000000000,0.000446032581,0.000000000000,0.000000000000,0.000277439835,0.000000000000,0.000000000000,0.000303763193,0.000000000000,0.000000000000,0.000296464269,0.000000000000,0.000000000000,0.000154467745,0.000000000000,0.000000000000,0.000161106349,0.000000000000,0.000000000000,0.000171003737,0.000000000000,0.000000000000,0.000093380305,0.000000000000,0.000000000000,0.000097071604,0.000000000000,0.000000000000,0.000101712615,0.000000000000,0.000000000000,0.000072216606,0.000000000000,0.000000000000,0.000077831303,0.000000000000,0.000000000000,0.000081442075
865,0.000000000000,0.000000000000,0.000420010459,0.000000000000,0.000000000000,0.000439683787,0.000000000000,0.000000000000,0.000446032581,0.000000000000,0.000000000000,0.000277439835,0.000000000000,0.000000000000,0.000303763193,0.000000000000,0.000000000000,0.000296464269,0.000000000000,0.000000000000,0.000154467745,0.000000000000,0.000000000000,0.000161106349,0.000000000000,0.000000000000,0.000171003737,0.000000000000,0.000000000000,0.000093380305,0.000000000000,0.000000000000,0.000097071604,0.000000000000,0.000000000000,0.000101712615,0.000000000000,0.000000000000,0.000072216606,0.000000000000,0.000000000000,0.000077831303,0.000000000000,0.000000000000,0.000081442075
866,0.000000000000,0.000000000000,0.000420010459,0.000000000000,0.000000000000,0.000439683787,0.000000000000,0.000000000000,0.000446032581,0.000000000000,0.000000000000,0.000277439835,0.000000000000,0.000000000000,0.000303763193,0.000000000000,0.000000000000,0.000296464269,0.000000000000,0.000000000000,0.000154467745,0.000000000000,0.000000000000,0.000161106349,0.000000000000,0.000000000000,0.000171003737,0.000000000000,0.000000000000,0.000093380305,0.000000000000,0.000000000000,0.000097071604,0.000000000000,0.000000000000,0.000101712615,0.000000000000,0.000000000000,0.000072216606,0.000000000000,0.000000000000,0.000077831303,0.000000000000,0.000000000000,0.000081442075
867,0.000000000000,0.000000000000,0.000420010459,0.000000000000,0.000000000000,0.000439683787,0.000000000000,0.000000000000,0.000446032581,0.000000000000,0.000000000000,0.000277439835,0.000000000000,0.000000000000,0.000303763193,0.000000000000,0.000000000000,0.000296464269,0.000000000000,0.000000000000,0.000154467745,0.000000000000,0.000000000000,0.000161106349,0.000000000000,0.000000000000,0.000171003737,0.000000000000,0.000000000000,0.000093380305,0.000000000000,0.000000000000,0.000097071604,0.000000000000,0.000000000000,0.000101712615,0.000000000000,0.000000000000,0.000072236247,0.000000000000,0.000000000000,0.000077831303,0.000000000000,0.000000000000,0.000081442075
868,0.000000000000,0.000000000000,0.000420010459,0.000000000000,0.000000000000,0.000439683787,0.000000000000,0.000000000000,0.000446032581,0.000000000000,0.000000000000,0.000277439835,0.000000000000,0.000000000000,0.000303763193,0.000000000000,0.000000000000,0.000296464269,0.000000000000,0.000000000000,0.000154467745,0.000000000000,0.000000000000,0.000161106349,0.000000000000,0.000000000000,0.000171003737,0.000000000000,0.000000000000,0.000093380305,0.000000000000,0.000000000000,0.000097071604,0.000000000000,0.000000000000,0.000101712615,0.000000000000,0.000000000000,0.000072236247,0.000000000000,0.000000000000,0.000077831303,0.000000000000,0.000000000000,0.000081442075
869,0.000000000000,0.000000000000,0.000420010459,0.000000000000,0.000000000000,0.000439683787,0.000000000000,0.000000000000,0.000446032581,0.000000000000,0.000000000000,0.000277439835,0.000000000000,0.000000000000,0.000303763193,0.000000000000,0.000000000000,0.000296464269,0.000000000000,0.000000000000,0.000154467745,0.000000000000,0.000000000000,0.000161106349,0.000000000000,0.000000000000,0.000171003737,0.000000000000,0.000000000000,0.000093380305,0.000000000000,0.000000000000,0.000097071604,0.000000000000,0.000000000000,0.000101712615,0.000000000000,0.000000000000,0.000072236247,0.000000000000,0.000000000000,0.000077831303,0.000000000000,0.000000000000,0.000081442075
870,0.000000000000,0.000000000000,0.000420010459,0.000000000000,0.000000000000,0.000439683787,0.000000000000,0.000000000000,0.000446032581,0.000000000000,0.000000000000,0.000277439835,0.000000000000,0.000000000000,0.000303763193,0.000000000000,0.000000000000,0.000296464269,0.000000000000,0.000000000000,0.000154467745,0.000000000000,0.000000000000,0.000161106349,0.000000000000,0.000000000000,0.000171003737,0.000000000000,0.000000000000,0.000093380305,0.000000000000,0.000000000000,0.000097071604,0.000000000000,0.000000000000,0.000101712615,0.000000000000,0.000000000000,0.000072236247,0.000000000000,0.000000000000,0.000077831303,0.000000000000,0.000000000000,0.000081442075
871,0.000000000000,0.000000000000,0.000420010459,0.000000000000,0.000000000000,0.000439683787,0.000000000000,0.000000000000,0.000446032581,0.000000000000,0.000000000000,0.000277439835,0.000000000000,0.000000000000,0.000303763193,0.000000000000,0.000000000000,0.000296464269,0.000000000000,0.000000000000,0.000154467745,0.000000000000,0.000000000000,0.000161106349,0.000000000000,0.000000000000,0.000171003737,0.000000000000,0.000000000000,0.000093380305,0.000000000000,0.000000000000,0.000097071604,0.000000000000,0.000000000000,0.000101712615,0.000000000000,0.000000000000,0.000072236247,0.000000000000,0.000000000000,0.000077831303,0.000000000000,0.000000000000,0.000081442075
872,0.000000000000,0.000000000000,0.000420010459,0.000000000000,0.000000000000,0.000439683787,0.000000000000,0.000000000000,0.000446032581,0.000000000000,0.000000000000,0.000277439835,0.000000000000,0.000000000000,0.000303763193,0.000000000000,0.000000000000,0.000296464269,0.000000000000,0.000000000000,0.000154467745,0.000000000000,0.000000000000,0.000161106349,0.000000000000,0.000000000000,0.000171003737,0.000000000000,0.000000000000,0.000093380305,0.000000000000,0.000000000000,0.000097071604,0.000000000000,0.000000000000,0.000101712615,0.000000000000,0.000000000000,0.000072236247,0.000000000000,0.000000000000,0.000077831303,0.000000000000,0.000000000000,0.000081442075
873,0.000000000000,0.000000000000,0.000420010459,0.000000000000,0.000000000000,0.000439683787,0.000000000000,0.000000000000,0.000446032581,0.000000000000,0.000000000000,0.000277439835,0.000000000000,0.000000000000,0.000303763193,0.000000000000,0.000000000000,0.000296464269,0.000000000000,0.000000000000,0.000154467745,0.000000000000,0.000000000000,0.000161106349,0.000000000000,0.000000000000,0.000171003737,0.000000000000,0.000000000000,0.000093380305,0.000000000000,0.000000000000,0.000097071604,0.000000000000,0.000000000000,0.000101712615,0.000000000000,0.000000000000,0.000072236247,0.000000000000,0.000000000000,0.000077831303,0.000000000000,0.000000000000,0.000081442075
874,0.000000000000,0.000000000000,0.000420010459,0.000000000000,0.000000000000,0.000439683787,0.000000000000,0.000000000000,0.000446032581,0.000000000000,0.000000000000,0.000277439835,0.000000000000,0.000000000000,0.000303763193,0.000000000000,0.000000000000,0.000296464269,0.000000000000,0.000000000000,0.000154467745,0.000000000000,0.000000000000,0.000161106349,0.000000000000,0.000000000000,0.000171003737,0.000000000000,0.000000000000,0.000093380305,0.000000000000,0.000000000000,0.000097071604,0.000000000000,0.000000000000,0.000101712615,0.000000000000,0.000000000000,0.000072236247,0.000000000000,0.000000000000,0.000077831303,0.000000000000,0.000000000000,0.000081442075
875,0.000000000000,0.000000000000,0.000420010459,0.000000000000,0.000000000000,0.000439683787,0.000000000000,0.000000000000,0.000446032581,0.000000000000,0.000000000000,0.000277439835,0.000000000000,0.000000000000,0.000303763193,0.000000000000,0.000000000000,0.000296464269,0.000000000000,0.000000000000,0.000154467745,0.000000000000,0.000000000000,0.000161106349,0.000000000000,0.000000000000,0.000171003737,0.000000000000,0.000000000000,0.000093380305,0.000000000000,0.000000000000,0.000097071604,0.000000000000,0.000000000000,0.000101712615,0.000000000000,0.000000000000,0.000072236247,0.000000000000,0.000000000000,0.000077831303,0.000000000000,0.000000000000,0.000081442075
876,0.000000000000,0.000000000000,0.000420010459,0.000000000000,0.000000000000,0.000439683787,0.000000000000,0.000000000000,0.000446032581,0.000000000000,0.000000000000,0.000277439835,0.000000000000,0.000000000000,0.000303763193,0.000000000000,0.000000000000,0.000296464269,0.000000000000,0.000000000000,0.000154467745,0.000000000000,0.000000000000,0.000161106349,0.000000000000,0.000000000000,0.000171003737,0.000000000000,0.000000000000,0.000093380305,0.000000000000,0.000000000000,0.000097071604,0.000000000000,0.000000000000,0.000101712615,0.000000000000,0.000000000000,0.000072236247,0.000000000000,0.000000000000,0.000077831303,0.000000000000,0.000000000000,0.000081442075
877,0.000000000000,0.000000000000,0.000420010459,0.000000000000,0.000000000000,0.000439683787,0.000000000000,0.000000000000,0.000446032581,0.000000000000,0.000000000000,0.000277439835,0.000000000000,0.000000000000,0.000303763193,0.000000000000,0.000000000000,0.000296464269,0.000000000000,0.000000000000,0.000154467745,0.000000000000,0.000000000000,0.000161106349,0.000000000000,0.000000000000,0.000171003737,0.000000000000,0.000000000000,0.000093380305,0.000000000000,0.000000000000,0.000097071604,0.000000000000,0.000000000000,0.000101712615,0.000000000000,0.000000000000,0.000072236247,0.000000000000,0.000000000000,0.000077831303,0.000000000000,0.000000000000,0.000081442075
878,0.000000000000,0.000000000000,0.000420010459,0.000000000000,0.000000000000,0.000439683787,0.000000000000,0.000000000000,0.000446032581,0.000000000000,0.000000000000,0.000277439835,0.000000000000,0.000000000000,0.000303763193,0.000000000000,0.000000000000,0.000296464269,0.000000000000,0.000000000000,0.000154467745,0.000000000000,0.000000000000,0.000161106349,0.000000000000,0.000000000000,0.000171003737,0.000000000000,0.000000000000,0.000093380305,0.000000000000,0.000000000000,0.000097071604,0.000000000000,0.000000000000,0.000101712615,0.000000000000,0.000000000000,0.000072236247,0.000000000000,0.000000000000,0.000077831303,0.000000000000,0.000000000000,0.000081442075
879,0.000000000000,0.000000000000,0.000420010459,0.000000000000,0.000000000000,0.000439683787,0.000000000000,0.000000000000,0.000446032581,0.000000000000,0.000000000000,0.000277439835,0.000000000000,0.000000000000,0.000303763193,0.000000000000,0.000000000000,0.000296464269,0.000000000000,0.000000000000,0.000154467745,0.000000000000,0.000000000000,0.000161106349,0.000000000000,0.000000000000,0.000171003737,0.000000000000,0.000000000000,0.000093380305,0.000000000000,0.000000000000,0.000097071604,0.000000000000,0.000000000000,0.000101712615,0.000000000000,0.000000000000,0.000072236247,0.000000000000,0.000000000000,0.000077831303,0.000000000000,0.000000000000,0.000081442075
880,0.000000000000,0.000000000000,0.000420010459,0.000000000000,0.000000000000,0.000439683787,0.000000000000,0.000000000000,0.000446032581,0.000000000000,0.000000000000,0.000277439835,0.000000000000,0.000000000000,0.000303763193,0.000000000000,0.000000000000,0.000296464269,0.000000000000,0.000000000000,0.000154467745,0.000000000000,0.000000000000,0.000161106349,0.000000000000,0.000000000000,0.000171003737,0.000000000000,0.000000000000,0.000093380305,0.000000000000,0.000000000000,0.000097071604,0.000000000000,0.000000000000,0.000101712615,0.000000000000,0.000000000000,0.000072236247,0.000000000000,0.000000000000,0.000077831303,0.000000000000,0.000000000000,0.000081442075
881,0.000000000000,0.000000000000,0.000420010459,0.000000000000,0.000000000000,0.000439683787,0.000000000000,0.000000000000,0.000446032581,0.000000000000,0.000000000000,0.000277439835,0.000000000000,0.000000000000,0.000303763193,0.000000000000,0.000000000000,0.000296464269,0.000000000000,0.000000000000,0.000154467745,0.000000000000,0.000000000000,0.000161106349,0.000000000000,0.000000000000,0.000171003737,0.000000000000,0.000000000000,0.000093380305,0.000000000000,0.000000000000,0.000097071604,0.000000000000,0.000000000000,0.000101712615,0.000000000000,0.000000000000,0.000072236247,0.000000000000,0.000000000000,0.000077831303,0.000000000000,0.000000000000,0.000081442075
882,0.000000000000,0.000000000000,0.000420010459,0.000000000000,0.000000000000,0.000439683787,0.000000000000,0.000000000000,0.000446032581,0.000000000000,0.000000000000,0.000277439835,0.000000000000,0.000000000000,0.000303763193,0.000000000000,0.000000000000,0.000296464269,0.000000000000,0.000000000000,0.000154467745,0.000000000000,0.000000000000,0.000161106349,0.000000000000,0.000000000000,0.000171003737,0.000000000000,0.000000000000,0.000093380305,0.000000000000,0.000000000000,0.000097071604,0.000000000000,0.000000000000,0.000101712615,0.000000000000,0.000000000000,0.000072236247,0.000000000000,0.000000000000,0.000077831303,0.000000000000,0.000000000000,0.000081442075
883,0.000000000000,0.000000000000,0.000420010459,0.000000000000,0.000000000000,0.000439683787,0.000000000000,0.000000000000,0.000446032581,0.000000000000,0.000000000000,0.000277439835,0.000000000000,0.000000000000,0.000303763193,0.000000000000,0.000000000000,0.000296464269,0.000000000000,0.000000000000,0.000154467745,0.000000000000,0.000000000000,0.000161106349,0.000000000000,0.000000000000,0.000171003737,0.000000000000,0.000000000000,0.000093380305,0.000000000000,0.000000000000,0.000097071604,0.000000000000,0.000000000000,0.000101712615,0.000000000000,0.000000000000,0.000072236247,0.000000000000,0.000000000000,0.000077831303,0.000000000000,0.000000000000,0.000081442075
884,0.000000000000,0.000000000000,0.000420010459,0.000000000000,0.000000000000,0.000439683787,0.000000000000,0.000000000000,0.000446032581,0.000000000000,0.000000000000,0.000277439835,0.000000000000,0.000000000000,0.000303763193,0.000000000000,0.000000000000,0.000296464269,0.000000000000,0.000000000000,0.000154467745,0.000000000000,0.000000000000,0.000161106349,0.000000000000,0.000000000000,0.000171003737,0.000000000000,0.000000000000,0.000093380305,0.000000000000,0.000000000000,0.000097071604,0.000000000000,0.000000000000,0.000101712615,0.000000000000,0.000000000000,0.000072236247,0.000000000000,0.000000000000,0.000077831303,0.000000000000,0.000000000000,0.000081442075
885,0.000000000000,0.000000000000,0.000420010459,0.000000000000,0.000000000000,0.000439683787,0.000000000000,0.000000000000,0.000446032581,0.000000000000,0.000000000000,0.000277439835,0.000000000000,0.000000000000,0.000303763193,0.000000000000,0.000000000000,0.000296464269,0.000000000000,0.000000000000,0.000154467745,0.000000000000,0.000000000000,0.000161106349,0.000000000000,0.000000000000,0.000171003737,0.000000000000,0.000000000000,0.000093380305,0.000000000000,0.000000000000,0.000097071604,0.000000000000,0.000000000000,0.000101712615,0.000000000000,0.000000000000,0.000072236247,0.000000000000,0.000000000000,0.000077831303,0.000000000000,0.000000000000,0.000081442075
886,0.000000000000,0.000000000000,0.000420010459,0.000000000000,0.000000000000,0.000439683787,0.000000000000,0.000000000000,0.000446032581,0.000000000000,0.000000000000,0.000277439835,0.000000000000,0.000000000000,0.000303763193,0.000000000000,0.000000000000,0.000296464269,0.000000000000,0.000000000000,0.000154467745,0.000000000000,0.000000000000,0.000161106349,0.000000000000,0.000000000000,0.000171003737,0.000000000000,0.000000000000,0.000093380305,0.000000000000,0.000000000000,0.000097071604,0.000000000000,0.000000000000,0.000101712615,0.000000000000,0.000000000000,0.000072236247,0.000000000000,0.000000000000,0.000077831303,0.000000000000,0.000000000000,0.000081442075
887,0.000000000000,0.000000000000,0.000420010459,0.000000000000,0.000000000000,0.000439683787,0.000000000000,0.000000000000,0.000446032581,0.000000000000,0.000000000000,0.000277439835,0.000000000000,0.000000000000,0.000303763193,0.000000000000,0.000000000000,0.000296464269,0.000000000000,0.000000000000,0.000154467745,0.000000000000,0.000000000000,0.000161106349,0.000000000000,0.000000000000,0.000171003737,0.000000000000,0.000000000000,0.000093380305,0.000000000000,0.000000000000,0.000097071604,0.000000000000,0.000000000000,0.000101712615,0.000000000000,0.000000000000,0.000072236247,0.000000000000,0.000000000000,0.000077831303,0.000000000000,0.000000000000,0.000081442075
888,0.000000000000,0.000000000000,0.000420010459,0.000000000000,0.000000000000,0.000439683787,0.000000000000,0.000000000000,0.000446032581,0.000000000000,0.000000000000,0.000277439835,0.000000000000,0.000000000000,0.000303763193,0.000000000000,0.000000000000,0.000296464269,0.000000000000,0.000000000000,0.000154467745,0.000000000000,0.000000000000,0.000161106349,0.000000000000,0.000000000000,0.000171003737,0.000000000000,0.000000000000,0.000093380305,0.000000000000,0.000000000000,0.000097071604,0.000000000000,0.000000000000,0.000101712615,0.000000000000,0.000000000000,0.000072236247,0.000000000000,0.000000000000,0.000077831303,0.000000000000,0.000000000000,0.000081442075
889,0.000000000000,0.000000000000,0.000420010459,0.000000000000,0.000000000000,0.000439683787,0.000000000000,0.000000000000,0.000446032581,0.000000000000,0.000000000000,0.000277439835,0.000000000000,0.000000000000,0.000303763193,0.000000000000,0.000000000000,0.000296464269,0.000000000000,0.000000000000,0.000154467745,0.000000000000,0.000000000000,0.000161106349,0.000000000000,0.000000000000,0.000171003737,0.000000000000,0.000000000000,0.000093380305,0.000000000000,0.000000000000,0.000097071604,0.000000000000,0.000000000000,0.000101712615,0.000000000000,0.000000000000,0.000072236247,0.000000000000,0.000000000000,0.000077831303,0.000000000000,0.000000000000,0.000081442075
890,0.000000000000,0.000000000000,0.000420010459,0.000000000000,0.000000000000,0.000439683787,0.000000000000,0.000000000000,0.000446032581,0.000000000000,0.000000000000,0.000277439835,0.000000000000,0.000000000000,0.000303763193,0.000000000000,0.000000000000,0.000296464269,0.000000000000,0.000000000000,0.000154467745,0.000000000000,0.000000000000,0.000161106349,0.000000000000,0.000000000000,0.000171003737,0.000000000000,0.000000000000,0.000093380305,0.000000000000,0.000000000000,0.000097071604,0.000000000000,0.000000000000,0.000101712615,0.000000000000,0.000000000000,0.000072236247,0.000000000000,0.000000000000,0.000077831303,0.000000000000,0.000000000000,0.000081442075
891,0.000000000000,0.000000000000,0.000420010459,0.000000000000,0.000000000000,0.000439683787,0.000000000000,0.000000000000,0.000446032581,0.000000000000,0.000000000000,0.000277439835,0.000000000000,0.000000000000,0.000303763193,0.000000000000,0.000000000000,0.000296464269,0.000000000000,0.000000000000,0.000154467745,0.000000000000,0.000000000000,0.000161106349,0.000000000000,0.000000000000,0.000171003737,0.000000000000,0.000000000000,0.000093380305,0.000000000000,0.000000000000,0.000097071604,0.000000000000,0.000000000000,0.000101712615,0.000000000000,0.000000000000,0.000072236247,0.000000000000,0.000000000000,0.000077831303,0.000000000000,0.000000000000,0.000081442075
892,0.000000000000,0.000000000000,0.000420010459,0.000000000000,0.000000000000,0.000439683787,0.000000000000,0.000000000000,0.000446032581,0.000000000000,0.000000000000,0.000277439835,0.000000000000,0.000000000000,0.000303763193,0.000000000000,0.000000000000,0.000296464269,0.000000000000,0.000000000000,0.000154467745,0.000000000000,0.000000000000,0.000161106349,0.000000000000,0.000000000000,0.000171003737,0.000000000000,0.000000000000,0.000093380305,0.000000000000,0.000000000000,0.000097071604,0.000000000000,0.000000000000,0.000101712615,0.000000000000,0.000000000000,0.000072236247,0.000000000000,0.000000000000,0.000077831303,0.000000000000,0.000000000000,0.000081442075
893,0.000000000000,0.000000000000,0.000420010459,0.000000000000,0.000000000000,0.000439683787,0.000000000000,0.000000000000,0.000446032581,0.000000000000,0.000000000000,0.000277439835,0.000000000000,0.000000000000,0.000303763193,0.000000000000,0.000000000000,0.000296464269,0.000000000000,0.000000000000,0.000154467745,0.000000000000,0.000000000000,0.000161106349,0.000000000000,0.000000000000,0.000171003737,0.000000000000,0.000000000000,0.000093380305,0.000000000000,0.000000000000,0.000097071604,0.000000000000,0.000000000000,0.000101718056,0.000000000000,0.000000000000,0.000072236247,0.000000000000,0.000000000000,0.000077831303,0.000000000000,0.000000000000,0.000081442075
894,0.000000000000,0.000000000000,0.000420010459,0.000000000000,0.000000000000,0.000439683787,0.000000000000,0.000000000000,0.000446032581,0.000000000000,0.000000000000,0.000277439835,0.000000000000,0.000000000000,0.000303763193,0.000000000000,0.000000000000,0.000296464269,0.000000000000,0.000000000000,0.000154467745,0.000000000000,0.000000000000,0.000161106349,0.000000000000,0.000000000000,0.000171003737,0.000000000000,0.000000000000,0.000093380305,0.000000000000,0.000000000000,0.000097071604,0.000000000000,0.000000000000,0.000101718056,0.000000000000,0.000000000000,0.000072236247,0.000000000000,0.000000000000,0.000077831303,0.000000000000,0.000000000000,0.000081442075
895,0.000000000000,0.000000000000,0.000420010459,0.000000000000,0.000000000000,0.000439683787,0.000000000000,0.000000000000,0.000446032581,0.000000000000,0.000000000000,0.000277439835,0.000000000000,0.000000000000,0.000303763193,0.000000000000,0.000000000000,0.000296464269,0.000000000000,0.000000000000,0.000154467745,0.000000000000,0.000000000000,0.000161106349,0.000000000000,0.000000000000,0.000171003737,0.000000000000,0.000000000000,0.000093380305,0.000000000000,0.000000000000,0.000097071604,0.000000000000,0.000000000000,0.000101718056,0.000000000000,0.000000000000,0.000072236247,0.000000000000,0.000000000000,0.000077831303,0.000000000000,0.000000000000,0.000081442075
896,0.000000000000,0.000000000000,0.000420010459,0.000000000000,0.000000000000,0.000439683787,0.000000000000,0.000000000000,0.000446032581,0.000000000000,0.000000000000,0.000277439835,0.000000000000,0.000000000000,0.000303763193,0.000000000000,0.000000000000,0.000296464269,0.000000000000,0.000000000000,0.000154467745,0.000000000000,0.000000000000,0.000161106349,0.000000000000,0.000000000000,0.000171003737,0.000000000000,0.000000000000,0.000093380305,0.000000000000,0.000000000000,0.000097071604,0.000000000000,0.000000000000,0.000101718056,0.000000000000,0.000000000000,0.000072236247,0.000000000000,0.000000000000,0.000077831303,0.000000000000,0.000000000000,0.000081442075
897,0.000000000000,0.000000000000,0.000420010459,0.000000000000,0.000000000000,0.000439683787,0.000000000000,0.000000000000,0.000446032581,0.000000000000,0.000000000000,0.000277439835,0.000000000000,0.000000000000,0.000303763193,0.000000000000,0.000000000000,0.000296464269,0.000000000000,0.000000000000,0.000154467745,0.000000000000,0.000000000000,0.000161106349,0.000000000000,0.000000000000,0.000171003737,0.000000000000,0.000000000000,0.000093380305,0.000000000000,0.000000000000,0.000097071604,0.000000000000,0.000000000000,0.000101718056,0.000000000000,0.000000000000,0.000072236247,0.000000000000,0.000000000000,0.000077831303,0.000000000000,0.000000000000,0.000081442075
898,0.000000000000,0.000000000000,0.000420010459,0.000000000000,0.000000000000,0.000439683787,0.000000000000,0.000000000000,0.000446032581,0.000000000000,0.000000000000,0.000277439835,0.000000000000,0.000000000000,0.000303763193,0.000000000000,0.000000000000,0.000296464269,0.000000000000,0.000000000000,0.000154467745,0.000000000000,0.000000000000,0.000161106349,0.000000000000,0.000000000000,0.000171003737,0.000000000000,0.000000000000,0.000093380305,0.000000000000,0.000000000000,0.000097071604,0.000000000000,0.000000000000,0.000101718056,0.000000000000,0.000000000000,0.000072236247,0.000000000000,0.000000000000,0.000077831303,0.000000000000,0.000000000000,0.000081442075
899,0.000000000000,0.000000000000,0.000420010459,0.000000000000,0.000000000000,0.000439683787,0.000000000000,0.000000000000,0.000446032581,0.000000000000,0.000000000000,0.000277439835,0.000000000000,0.000000000000,0.000303763193,0.000000000000,0.000000000000,0.000296464269,0.000000000000,0.000000000000,0.000154467745,0.000000000000,0.000000000000,0.000161106349,0.000000000000,0.000000000000,0.000171003737,0.000000000000,0.000000000000,0.000093380305,0.000000000000,0.000000000000,0.000097071604,0.000000000000,0.000000000000,0.000101718056,0.000000000000,0.000000000000,0.000072236247,0.000000000000,0.000000000000,0.000077831303,0.000000000000,0.000000000000,0.000081442075
900,0.000000000000,0.000000000000,0.000420010459,0.000000000000,0.000000000000,0.000439683787,0.000000000000,0.000000000000,0.000446032581,0.000000000000,0.000000000000,0.000277439835,0.000000000000,0.000000000000,0.000303763193,0.000000000000,0.000000000000,0.000296464269,0.000000000000,0.000000000000,0.000154467745,0.000000000000,0.000000000000,0.000161106349,0.000000000000,0.000000000000,0.000171003737,0.000000000000,0.000000000000,0.000093380305,0.000000000000,0.000000000000,0.000097071604,0.000000000000,0.000000000000,0.000101718056,0.000000000000,0.000000000000,0.000072236247,0.000000000000,0.000000000000,0.000077831303,0.000000000000,0.000000000000,0.000081442075
901,0.000000000000,0.000000000000,0.000420010459,0.000000000000,0.000000000000,0.000439683787,0.000000000000,0.000000000000,0.000446032581,0.000000000000,0.000000000000,0.000277439835,0.000000000000,0.000000000000,0.000303763193,0.000000000000,0.000000000000,0.000296464269,0.000000000000,0.000000000000,0.000154467745,0.000000000000,0.000000000000,0.000161106349,0.000000000000,0.000000000000,0.000171003737,0.000000000000,0.000000000000,0.000093380305,0.000000000000,0.000000000000,0.000097071604,0.000000000000,0.000000000000,0.000101718056,0.000000000000,0.000000000000,0.000072236247,0.000000000000,0.000000000000,0.000077831303,0.000000000000,0.000000000000,0.000081442075
902,0.000000000000,0.000000000000,0.000420010459,0.000000000000,0.000000000000,0.000439683787,0.000000000000,0.000000000000,0.000446032581,0.000000000000,0.000000000000,0.000277439835,0.000000000000,0.000000000000,0.000303763193,0.000000000000,0.000000000000,0.000296464269,0.000000000000,0.000000000000,0.000154467745,0.000000000000,0.000000000000,0.000161106349,0.000000000000,0.000000000000,0.000171003737,0.000000000000,0.000000000000,0.000093380305,0.000000000000,0.000000000000,0.000097071604,0.000000000000,0.000000000000,0.000101718056,0.000000000000,0.000000000000,0.000072236247,0.000000000000,0.000000000000,0.000077831303,0.000000000000,0.000000000000,0.000081442075
903,0.000000000000,0.000000000000,0.000420010459,0.000000000000,0.000000000000,0.000439683787,0.000000000000,0.000000000000,0.000446032581,0.000000000000,0.000000000000,0.000277439835,0.000000000000,0.000000000000,0.000303763193,0.000000000000,0.000000000000,0.000296464269,0.000000000000,0.000000000000,0.000154467745,0.000000000000,0.000000000000,0.000161106349,0.000000000000,0.000000000000,0.000171003737,0.000000000000,0.000000000000,0.000093380305,0.000000000000,0.000000000000,0.000097071604,0.000000000000,0.000000000000,0.000101718056,0.000000000000,0.000000000000,0.000072236247,0.000000000000,0.000000000000,0.000077831303,0.000000000000,0.000000000000,0.000081442075
904,0.000000000000,0.000000000000,0.000420010459,0.000000000000,0.000000000000,0.000439683787,0.000000000000,0.000000000000,0.000446032581,0.000000000000,0.000000000000,0.000277439835,0.000000000000,0.000000000000,0.000303763193,0.000000000000,0.000000000000,0.000296464269,0.000000000000,0.000000000000,0.000154467745,0.000000000000,0.000000000000,0.000161106349,0.000000000000,0.000000000000,0.000171003737,0.000000000000,0.000000000000,0.000093380305,0.000000000000,0.000000000000,0.000097071604,0.000000000000,0.000000000000,0.000101718056,0.000000000000,0.000000000000,0.000072236247,0.000000000000,0.000000000000,0.000077831303,0.000000000000,0.000000000000,0.000081442075
905,0.000000000000,0.000000000000,0.000420010459,0.000000000000,0.000000000000,0.000439683787,0.000000000000,0.000000000000,0.000446032581,0.000000000000,0.000000000000,0.000277439835,0.000000000000,0.000000000000,0.000303763193,0.000000000000,0.000000000000,0.000296464269,0.000000000000,0.000000000000,0.000154467745,0.000000000000,0.000000000000,0.000161106349,0.000000000000,0.000000000000,0.000171003737,0.000000000000,0.000000000000,0.000093380305,0.000000000000,0.000000000000,0.000097071604,0.000000000000,0.000000000000,0.000101718056,0.000000000000,0.000000000000,0.000072236247,0.000000000000,0.000000000000,0.000077831303,0.000000000000,0.000000000000,0.000081442075
906,0.000000000000,0.000000000000,0.000420010459,0.000000000000,0.000000000000,0.000439683787,0.000000000000,0.000000000000,0.000446032581,0.000000000000,0.000000000000,0.000277439835,0.000000000000,0.000000000000,0.000303763193,0.000000000000,0.000000000000,0.000296464269,0.000000000000,0.000000000000,0.000154467745,0.000000000000,0.000000000000,0.000161114822,0.000000000000,0.000000000000,0.000171003737,0.000000000000,0.000000000000,0.000093380305,0.000000000000,0.000000000000,0.000097071604,0.000000000000,0.000000000000,0.000101728654,0.000000000000,0.000000000000,0.000072236247,0.000000000000,0.000000000000,0.000077853098,0.000000000000,0.000000000000,0.000081442075
907,0.000000000000,0.000000000000,0.000420010459,0.000000000000,0.000000000000,0.000439683787,0.000000000000,0.000000000000,0.000446032581,0.000000000000,0.000000000000,0.000277439835,0.000000000000,0.000000000000,0.000303763193,0.000000000000,0.000000000000,0.000296464269,0.000000000000,0.000000000000,0.000154467745,0.000000000000,0.000000000000,0.000161114822,0.000000000000,0.000000000000,0.000171003737,0.000000000000,0.000000000000,0.000093380305,0.000000000000,0.000000000000,0.000097071604,0.000000000000,0.000000000000,0.000101728654,0.000000000000,0.000000000000,0.000072236247,0.000000000000,0.000000000000,0.000077853098,0.000000000000,0.000000000000,0.000081442075
908,0.000000000000,0.000000000000,0.000420010459,0.000000000000,0.000000000000,0.000439683787,0.000000000000,0.000000000000,0.000446032581,0.000000000000,0.000000000000,0.000277439835,0.000000000000,0.000000000000,0.000303763193,0.000000000000,0.000000000000,0.000296464269,0.000000000000,0.000000000000,0.000154467745,0.000000000000,0.000000000000,0.000161114822,0.000000000000,0.000000000000,0.000171003737,0.000000000000,0.000000000000,0.000093380305,0.000000000000,0.000000000000,0.000097071604,0.000000000000,0.000000000000,0.000101728654,0.000000000000,0.000000000000,0.000072236247,0.000000000000,0.000000000000,0.000077853098,0.000000000000,0.000000000000,0.000081442075
909,0.000000000000,0.000000000000,0.000420010459,0.000000000000,0.000000000000,0.000439683787,0.000000000000,0.000000000000,0.000446032581,0.000000000000,0.000000000000,0.000277439835,0.000000000000,0.000000000000,0.000303763193,0.000000000000,0.000000000000,0.000296464269,0.000000000000,0.000000000000,0.000154467745,0.000000000000,0.000000000000,0.000161114822,0.000000000000,0.000000000000,0.000171003737,0.000000000000,0.000000000000,0.000093380305,0.000000000000,0.000000000000,0.000097071604,0.000000000000,0.000000000000,0.000101728654,0.000000000000,0.000000000000,0.000072236247,0.000000000000,0.000000000000,0.000077853098,0.000000000000,0.000000000000,0.000081442075
910,0.000000000000,0.000000000000,0.000420010459,0.000000000000,0.000000000000,0.000439683787,0.000000000000,0.000000000000,0.000446032581,0.000000000000,0.000000000000,0.000277439835,0.000000000000,0.000000000000,0.000303763193,0.000000000000,0.000000000000,0.000296464269,0.000000000000,0.000000000000,0.000154467745,0.000000000000,0.000000000000,0.000161114822,0.000000000000,0.000000000000,0.000171003737,0.000000000000,0.000000000000,0.000093380305,0.000000000000,0.000000000000,0.000097071604,0.000000000000,0.000000000000,0.000101728654,0.000000000000,0.000000000000,0.000072236247,0.000000000000,0.000000000000,0.000077853098,0.000000000000,0.000000000000,0.000081442075
911,0.000000000000,0.000000000000,0.000420010459,0.000000000000,0.000000000000,0.000439683787,0.000000000000,0.000000000000,0.000446032581,0.000000000000,0.000000000000,0.000277439835,0.000000000000,0.000000000000,0.000303763193,0.000000000000,0.000000000000,0.000296464269,0.000000000000,0.000000000000,0.000154467745,0.000000000000,0.000000000000,0.000161114822,0.000000000000,0.000000000000,0.000171003737,0.000000000000,0.000000000000,0.000093380305,0.000000000000,0.000000000000,0.000097071604,0.000000000000,0.000000000000,0.000101728654,0.000000000000,0.000000000000,0.000072236247,0.000000000000,0.000000000000,0.000077853098,0.000000000000,0.000000000000,0.000081442075
912,0.000000000000,0.000000000000,0.000420010459,0.000000000000,0.000000000000,0.000439683787,0.000000000000,0.000000000000,0.000446032581,0.000000000000,0.000000000000,0.000277439835,0.000000000000,0.000000000000,0.000303763193,0.000000000000,0.000000000000,0.000296464269,0.000000000000,0.000000000000,0.000154467745,0.000000000000,0.000000000000,0.000161114822,0.000000000000,0.000000000000,0.000171003737,0.000000000000,0.000000000000,0.000093380305,0.000000000000,0.000000000000,0.000097071604,0.000000000000,0.000000000000,0.000101728654,0.000000000000,0.000000000000,0.000072236247,0.000000000000,0.000000000000,0.000077853098,0.000000000000,0.000000000000,0.000081442075
913,0.000000000000,0.000000000000,0.000420010459,0.000000000000,0.000000000000,0.000439683787,0.000000000000,0.000000000000,0.000446032581,0.000000000000,0.000000000000,0.000277439835,0.000000000000,0.000000000000,0.000303763193,0.000000000000,0.000000000000,0.000296464269,0.000000000000,0.000000000000,0.000154467745,0.000000000000,0.000000000000,0.000161114822,0.000000000000,0.000000000000,0.000171003737,0.000000000000,0.000000000000,0.000093380305,0.000000000000,0.000000000000,0.000097071604,0.000000000000,0.000000000000,0.000101728654,0.000000000000,0.000000000000,0.000072236247,0.000000000000,0.000000000000,0.000077853098,0.000000000000,0.000000000000,0.000081442075
914,0.000000000000,0.000000000000,0.000420010459,0.000000000000,0.000000000000,0.000439683787,0.000000000000,0.000000000000,0.000446032581,0.000000000000,0.000000000000,0.000277439835,0.000000000000,0.000000000000,0.000303763193,0.000000000000,0.000000000000,0.000296464269,0.000000000000,0.000000000000,0.000154467745,0.000000000000,0.000000000000,0.000161114822,0.000000000000,0.000000000000,0.000171003737,0.000000000000,0.000000000000,0.000093380305,0.000000000000,0.000000000000,0.000097071604,0.000000000000,0.000000000000,0.000101728654,0.000000000000,0.000000000000,0.000072236247,0.000000000000,0.000000000000,0.000077853098,0.000000000000,0.000000000000,0.000081442075
915,0.000000000000,0.000000000000,0.000420010459,0.000000000000,0.000000000000,0.000439683787,0.000000000000,0.000000000000,0.000446032581,0.000000000000,0.000000000000,0.000277439835,0.000000000000,0.000000000000,0.000303763193,0.000000000000,0.000000000000,0.000296464269,0.000000000000,0.000000000000,0.000154467745,0.000000000000,0.000000000000,0.000161114822,0.000000000000,0.000000000000,0.000171003737,0.000000000000,0.000000000000,0.000093380305,0.000000000000,0.000000000000,0.000097071604,0.000000000000,0.000000000000,0.000101728654,0.000000000000,0.000000000000,0.000072236247,0.000000000000,0.000000000000,0.000077853098,0.000000000000,0.000000000000,0.000081442075
916,0.000000000000,0.000000000000,0.000420010459,0.000000000000,0.000000000000,0.000439683787,0.000000000000,0.000000000000,0.000446032581,0.000000000000,0.000000000000,0.000277439835,0.000000000000,0.000000000000,0.000303763193,0.000000000000,0.000000000000,0.000296464269,0.000000000000,0.000000000000,0.000154467745,0.000000000000,0.000000000000,0.000161114822,0.000000000000,0.000000000000,0.000171003737,0.000000000000,0.000000000000,0.000093380305,0.000000000000,0.000000000000,0.000097071604,0.000000000000,0.000000000000,0.000101728654,0.000000000000,0.000000000000,0.000072236247,0.000000000000,0.000000000000,0.000077853098,0.000000000000,0.000000000000,0.000081442075
917,0.000000000000,0.000000000000,0.000420010459,0.000000000000,0.000000000000,0.000439683787,0.000000000000,0.000000000000,0.000446032581,0.000000000000,0.000000000000,0.000277439835,0.000000000000,0.000000000000,0.000303763193,0.000000000000,0.000000000000,0.000296464269,0.000000000000,0.000000000000,0.000154467745,0.000000000000,0.000000000000,0.000161114822,0.000000000000,0.000000000000,0.000171003737,0.000000000000,0.000000000000,0.000093380305,0.000000000000,0.000000000000,0.000097071604,0.000000000000,0.000000000000,0.000101728776,0.000000000000,0.000000000000,0.000072236247,0.000000000000,0.000000000000,0.000077853098,0.000000000000,0.000000000000,0.000081442075
918,0.000000000000,0.000000000000,0.000420010459,0.000000000000,0.000000000000,0.000439683787,0.000000000000,0.000000000000,0.000446032581,0.000000000000,0.000000000000,0.000277439835,0.000000000000,0.000000000000,0.000303763193,0.000000000000,0.000000000000,0.000296464269,0.000000000000,0.000000000000,0.000154467745,0.000000000000,0.000000000000,0.000161114822,0.000000000000,0.000000000000,0.000171003737,0.000000000000,0.000000000000,0.000093380305,0.000000000000,0.000000000000,0.000097071604,0.000000000000,0.000000000000,0.000101728776,0.000000000000,0.000000000000,0.000072236247,0.000000000000,0.000000000000,0.000077853098,0.000000000000,0.000000000000,0.000081442075
919,0.000000000000,0.000000000000,0.000420010459,0.000000000000,0.000000000000,0.000439683787,0.000000000000,0.000000000000,0.000446032581,0.000000000000,0.000000000000,0.000277439835,0.000000000000,0.000000000000,0.000303763193,0.000000000000,0.000000000000,0.000296464269,0.000000000000,0.000000000000,0.000154467745,0.000000000000,0.000000000000,0.000161114822,0.000000000000,0.000000000000,0.000171003737,0.000000000000,0.000000000000,0.000093380305,0.000000000000,0.000000000000,0.000097071604,0.000000000000,0.000000000000,0.000101728776,0.000000000000,0.000000000000,0.000072236247,0.000000000000,0.000000000000,0.000077853098,0.000000000000,0.000000000000,0.000081442075
920,0.000000000000,0.000000000000,0.000420010459,0.000000000000,0.000000000000,0.000439683787,0.000000000000,0.000000000000,0.000446032581,0.000000000000,0.000000000000,0.000277439835,0.000000000000,0.000000000000,0.000303763193,0.000000000000,0.000000000000,0.000296464269,0.000000000000,0.000000000000,0.000154467745,0.000000000000,0.000000000000,0.000161116057,0.000000000000,0.000000000000,0.000171003737,0.000000000000,0.000000000000,0.000093380305,0.000000000000,0.000000000000,0.000097071604,0.000000000000,0.000000000000,0.000101728776,0.000000000000,0.000000000000,0.000072236247,0.000000000000,0.000000000000,0.000077853098,0.000000000000,0.000000000000,0.000081442075
921,0.000000000000,0.000000000000,0.000420010459,0.000000000000,0.000000000000,0.000439683787,0.000000000000,0.000000000000,0.000446032581,0.000000000000,0.000000000000,0.000277439835,0.000000000000,0.000000000000,0.000303763193,0.000000000000,0.000000000000,0.000296464269,0.000000000000,0.000000000000,0.000154467745,0.000000000000,0.000000000000,0.000161116057,0.000000000000,0.000000000000,0.000171003737,0.000000000000,0.000000000000,0.000093380305,0.000000000000,0.000000000000,0.000097071604,0.000000000000,0.000000000000,0.000101728776,0.000000000000,0.000000000000,0.000072236247,0.000000000000,0.000000000000,0.000077853098,0.000000000000,0.000000000000,0.000081442075
922,0.000000000000,0.000000000000,0.000420010459,0.000000000000,0.000000000000,0.000439683787,0.000000000000,0.000000000000,0.000446032581,0.000000000000,0.000000000000,0.000277439835,0.000000000000,0.000000000000,0.000303763193,0.000000000000,0.000000000000,0.000296464269,0.000000000000,0.000000000000,0.000154467745,0.000000000000,0.000000000000,0.000161116057,0.000000000000,0.000000000000,0.000171003737,0.000000000000,0.000000000000,0.000093380305,0.000000000000,0.000000000000,0.000097071604,0.000000000000,0.000000000000,0.000101728776,0.000000000000,0.000000000000,0.000072236247,0.000000000000,0.000000000000,0.000077853098,0.000000000000,0.000000000000,0.000081442075
923,0.000000000000,0.000000000000,0.000420010459,0.000000000000,0.000000000000,0.000439683787,0.000000000000,0.000000000000,0.000446032581,0.000000000000,0.000000000000,0.000277439835,0.000000000000,0.000000000000,0.000303763193,0.000000000000,0.000000000000,0.000296464269,0.000000000000,0.000000000000,0.000154467745,0.000000000000,0.000000000000,0.000161116057,0.000000000000,0.000000000000,0.000171003737,0.000000000000,0.000000000000,0.000093380305,0.000000000000,0.000000000000,0.000097071604,0.000000000000,0.000000000000,0.000101728776,0.000000000000,0.000000000000,0.000072236247,0.000000000000,0.000000000000,0.000077853098,0.000000000000,0.000000000000,0.000081442075
924,0.000000000000,0.000000000000,0.000420010459,0.000000000000,0.000000000000,0.000439683787,0.000000000000,0.000000000000,0.000446032581,0.000000000000,0.000000000000,0.000277439835,0.000000000000,0.000000000000,0.000303763193,0.000000000000,0.000000000000,0.000296464269,0.000000000000,0.000000000000,0.000154467745,0.000000000000,0.000000000000,0.000161116057,0.000000000000,0.000000000000,0.000171003737,0.000000000000,0.000000000000,0.000093380305,0.000000000000,0.000000000000,0.000097071604,0.000000000000,0.000000000000,0.000101728776,0.000000000000,0.000000000000,0.000072236247,0.000000000000,0.000000000000,0.000077853098,0.000000000000,0.000000000000,0.000081442075
925,0.000000000000,0.000000000000,0.000420010459,0.000000000000,0.000000000000,0.000439683787,0.000000000000,0.000000000000,0.000446032581,0.000000000000,0.000000000000,0.000277439835,0.000000000000,0.000000000000,0.000303763193,0.000000000000,0.000000000000,0.000296464269,0.000000000000,0.000000000000,0.000154467745,0.000000000000,0.000000000000,0.000161116057,0.000000000000,0.000000000000,0.000171003737,0.000000000000,0.000000000000,0.000093380305,0.000000000000,0.000000000000,0.000097071604,0.000000000000,0.000000000000,0.000101728776,0.000000000000,0.000000000000,0.000072236247,0.000000000000,0.000000000000,0.000077853098,0.000000000000,0.000000000000,0.000081442075
926,0.000000000000,0.000000000000,0.000420010459,0.000000000000,0.000000000000,0.000439683787,0.000000000000,0.000000000000,0.000446032581,0.000000000000,0.000000000000,0.000277439835,0.000000000000,0.000000000000,0.000303763193,0.000000000000,0.000000000000,0.000296464269,0.000000000000,0.000000000000,0.000154467745,0.000000000000,0.000000000000,0.000161116057,0.000000000000,0.000000000000,0.000171003737,0.000000000000,0.000000000000,0.000093380305,0.000000000000,0.000000000000,0.000097071604,0.000000000000,0.000000000000,0.000101728776,0.000000000000,0.000000000000,0.000072236247,0.000000000000,0.000000000000,0.000077853098,0.000000000000,0.000000000000,0.000081442075
927,0.000000000000,0.000000000000,0.000420010459,0.000000000000,0.000000000000,0.000439683787,0.000000000000,0.000000000000,0.000446032581,0.000000000000,0.000000000000,0.000277439835,0.000000000000,0.000000000000,0.000303763193,0.000000000000,0.000000000000,0.000296464269,0.000000000000,0.000000000000,0.000154467745,0.000000000000,0.000000000000,0.000161116057,0.000000000000,0.000000000000,0.000171003737,0.000000000000,0.000000000000,0.000093380305,0.000000000000,0.000000000000,0.000097071604,0.000000000000,0.000000000000,0.000101728776,0.000000000000,0.000000000000,0.000072236247,0.000000000000,0.000000000000,0.000077853098,0.000000000000,0.000000000000,0.000081442075
928,0.000000000000,0.000000000000,0.000420010459,0.000000000000,0.000000000000,0.000439683787,0.000000000000,0.000000000000,0.000446032581,0.000000000000,0.000000000000,0.000277439835,0.000000000000,0.000000000000,0.000303763193,0.000000000000,0.000000000000,0.000296464269,0.000000000000,0.000000000000,0.000154467745,0.000000000000,0.000000000000,0.000161116057,0.000000000000,0.000000000000,0.000171003737,0.000000000000,0.000000000000,0.000093380305,0.000000000000,0.000000000000,0.000097071604,0.000000000000,0.000000000000,0.000101728776,0.000000000000,0.000000000000,0.000072236247,0.000000000000,0.000000000000,0.000077853098,0.000000000000,0.000000000000,0.000081442075
929,0.000000000000,0.000000000000,0.000420010459,0.000000000000,0.000000000000,0.000439683787,0.000000000000,0.000000000000,0.000446032581,0.000000000000,0.000000000000,0.000277439835,0.000000000000,0.000000000000,0.000303763193,0.000000000000,0.000000000000,0.000296464269,0.000000000000,0.000000000000,0.000154467745,0.000000000000,0.000000000000,0.000161116057,0.000000000000,0.000000000000,0.000171003737,0.000000000000,0.000000000000,0.000093380305,0.000000000000,0.000000000000,0.000097071604,0.000000000000,0.000000000000,0.000101728776,0.000000000000,0.000000000000,0.000072236247,0.000000000000,0.000000000000,0.000077853098,0.000000000000,0.000000000000,0.000081442075
930,0.000000000000,0.000000000000,0.000420010459,0.000000000000,0.000000000000,0.000439683787,0.000000000000,0.000000000000,0.000446032581,0.000000000000,0.000000000000,0.000277439835,0.000000000000,0.000000000000,0.000303763193,0.000000000000,0.000000000000,0.000296464269,0.000000000000,0.000000000000,0.000154467745,0.000000000000,0.000000000000,0.000161116057,0.000000000000,0.000000000000,0.000171003737,0.000000000000,0.000000000000,0.000093380305,0.000000000000,0.000000000000,0.000097071604,0.000000000000,0.000000000000,0.000101728776,0.000000000000,0.000000000000,0.000072236247,0.000000000000,0.000000000000,0.000077853098,0.000000000000,0.000000000000,0.000081442075
931,0.000000000000,0.000000000000,0.000420010459,0.000000000000,0.000000000000,0.000439683787,0.000000000000,0.000000000000,0.000446032581,0.000000000000,0.000000000000,0.000277439835,0.000000000000,0.000000000000,0.000303763193,0.000000000000,0.000000000000,0.000296464269,0.000000000000,0.000000000000,0.000154467745,0.000000000000,0.000000000000,0.000161116057,0.000000000000,0.000000000000,0.000171003737,0.000000000000,0.000000000000,0.000093380305,0.000000000000,0.000000000000,0.000097071604,0.000000000000,0.000000000000,0.000101728776,0.000000000000,0.000000000000,0.000072236247,0.000000000000,0.000000000000,0.000077853098,0.000000000000,0.000000000000,0.000081442075
932,0.000000000000,0.000000000000,0.000420010459,0.000000000000,0.000000000000,0.000439683787,0.000000000000,0.000000000000,0.000446032581,0.000000000000,0.000000000000,0.000277439835,0.000000000000,0.000000000000,0.000303763193,0.000000000000,0.000000000000,0.000296464269,0.000000000000,0.000000000000,0.000154467745,0.000000000000,0.000000000000,0.000161116057,0.000000000000,0.000000000000,0.000171003737,0.000000000000,0.000000000000,0.000093380305,0.000000000000,0.000000000000,0.000097071604,0.000000000000,0.000000000000,0.000101728776,0.000000000000,0.000000000000,0.000072236247,0.000000000000,0.000000000000,0.000077853098,0.000000000000,0.000000000000,0.000081442075
933,0.000000000000,0.000000000000,0.000420010459,0.000000000000,0.000000000000,0.000439683787,0.000000000000,0.000000000000,0.000446032581,0.000000000000,0.000000000000,0.000277439835,0.000000000000,0.000000000000,0.000303763193,0.000000000000,0.000000000000,0.000296464269,0.000000000000,0.000000000000,0.000154467745,0.000000000000,0.000000000000,0.000161116057,0.000000000000,0.000000000000,0.000171003737,0.000000000000,0.000000000000,0.000093380305,0.000000000000,0.000000000000,0.000097071604,0.000000000000,0.000000000000,0.000101728776,0.000000000000,0.000000000000,0.000072236247,0.000000000000,0.000000000000,0.000077853098,0.000000000000,0.000000000000,0.000081442075
934,0.000000000000,0.000000000000,0.000420010459,0.000000000000,0.000000000000,0.000439683787,0.000000000000,0.000000000000,0.000446032581,0.000000000000,0.000000000000,0.000277439835,0.000000000000,0.000000000000,0.000303763193,0.000000000000,0.000000000000,0.000296464269,0.000000000000,0.000000000000,0.000154467745,0.000000000000,0.000000000000,0.000161116057,0.000000000000,0.000000000000,0.000171003737,0.000000000000,0.000000000000,0.000093380305,0.000000000000,0.000000000000,0.000097071604,0.000000000000,0.000000000000,0.000101728776,0.000000000000,0.000000000000,0.000072236247,0.000000000000,0.000000000000,0.000077853098,0.000000000000,0.000000000000,0.000081442075
935,0.000000000000,0.000000000000,0.000420010459,0.000000000000,0.000000000000,0.000439683787,0.000000000000,0.000000000000,0.000446032581,0.000000000000,0.000000000000,0.000277439835,0.000000000000,0.000000000000,0.000303763193,0.000000000000,0.000000000000,0.000296464269,0.000000000000,0.000000000000,0.000154467745,0.000000000000,0.000000000000,0.000161116057,0.000000000000,0.000000000000,0.000171003737,0.000000000000,0.000000000000,0.000093380305,0.000000000000,0.000000000000,0.000097088222,0.000000000000,0.000000000000,0.000101728776,0.000000000000,0.000000000000,0.000072236247,0.000000000000,0.000000000000,0.000077853098,0.000000000000,0.000000000000,0.000081442075
936,0.000000000000,0.000000000000,0.000420010459,0.000000000000,0.000000000000,0.000439683787,0.000000000000,0.000000000000,0.000446032581,0.000000000000,0.000000000000,0.000277439835,0.000000000000,0.000000000000,0.000303763193,0.000000000000,0.000000000000,0.000296464269,0.000000000000,0.000000000000,0.000154467745,0.000000000000,0.000000000000,0.000161116057,0.000000000000,0.000000000000,0.000171003737,0.000000000000,0.000000000000,0.000093380305,0.000000000000,0.000000000000,0.000097101568,0.000000000000,0.000000000000,0.000101728776,0.000000000000,0.000000000000,0.000072236247,0.000000000000,0.000000000000,0.000077853098,0.000000000000,0.000000000000,0.000081442075
937,0.000000000000,0.000000000000,0.000420010459,0.000000000000,0.000000000000,0.000439683787,0.000000000000,0.000000000000,0.000446032581,0.000000000000,0.000000000000,0.000277439835,0.000000000000,0.000000000000,0.000303763193,0.000000000000,0.000000000000,0.000296464269,0.000000000000,0.000000000000,0.000154467745,0.000000000000,0.000000000000,0.000161116057,0.000000000000,0.000000000000,0.000171003737,0.000000000000,0.000000000000,0.000093380305,0.000000000000,0.000000000000,0.000097101568,0.000000000000,0.000000000000,0.000101728776,0.000000000000,0.000000000000,0.000072236247,0.000000000000,0.000000000000,0.000077853098,0.000000000000,0.000000000000,0.000081442075
938,0.000000000000,0.000000000000,0.000420010459,0.000000000000,0.000000000000,0.000439683787,0.000000000000,0.000000000000,0.000446032581,0.000000000000,0.000000000000,0.000277439835,0.000000000000,0.000000000000,0.000303763193,0.000000000000,0.000000000000,0.000296464269,0.000000000000,0.000000000000,0.000154467745,0.000000000000,0.000000000000,0.000161116057,0.000000000000,0.000000000000,0.000171003737,0.000000000000,0.000000000000,0.000093380305,0.000000000000,0.000000000000,0.000097101568,0.000000000000,0.000000000000,0.000101728776,0.000000000000,0.000000000000,0.000072236247,0.000000000000,0.000000000000,0.000077853098,0.000000000000,0.000000000000,0.000081442075
939,0.000000000000,0.000000000000,0.000420010459,0.000000000000,0.000000000000,0.000439683787,0.000000000000,0.000000000000,0.000446032581,0.000000000000,0.000000000000,0.000277439835,0.000000000000,0.000000000000,0.000303763193,0.000000000000,0.000000000000,0.000296464269,0.000000000000,0.000000000000,0.000154467745,0.000000000000,0.000000000000,0.000161116057,0.000000000000,0.000000000000,0.000171003737,0.000000000000,0.000000000000,0.000093380305,0.000000000000,0.000000000000,0.000097101568,0.000000000000,0.000000000000,0.000101728776,0.000000000000,0.000000000000,0.000072236247,0.000000000000,0.000000000000,0.000077853098,0.000000000000,0.000000000000,0.000081442075
940,0.000000000000,0.000000000000,0.000420010459,0.000000000000,0.000000000000,0.000439683787,0.000000000000,0.000000000000,0.000446032581,0.000000000000,0.000000000000,0.000277439835,0.000000000000,0.000000000000,0.000303763193,0.000000000000,0.000000000000,0.000296464269,0.000000000000,0.000000000000,0.000154467745,0.000000000000,0.000000000000,0.000161116057,0.000000000000,0.000000000000,0.000171003737,0.000000000000,0.000000000000,0.000093380305,0.000000000000,0.000000000000,0.000097101568,0.000000000000,0.000000000000,0.000101728776,0.000000000000,0.000000000000,0.000072236247,0.000000000000,0.000000000000,0.000077853098,0.000000000000,0.000000000000,0.000081442075
941,0.000000000000,0.000000000000,0.000420010459,0.000000000000,0.000000000000,0.000439683787,0.000000000000,0.000000000000,0.000446032581,0.000000000000,0.000000000000,0.000277439835,0.000000000000,0.000000000000,0.000303763193,0.000000000000,0.000000000000,0.000296464269,0.000000000000,0.000000000000,0.000154467745,0.000000000000,0.000000000000,0.000161116057,0.000000000000,0.000000000000,0.000171003737,0.000000000000,0.000000000000,0.000093380305,0.000000000000,0.000000000000,0.000097101568,0.000000000000,0.000000000000,0.000101728776,0.000000000000,0.000000000000,0.000072236247,0.000000000000,0.000000000000,0.000077853098,0.000000000000,0.000000000000,0.000081442075
942,0.000000000000,0.000000000000,0.000420010459,0.000000000000,0.000000000000,0.000439683787,0.000000000000,0.000000000000,0.000446032581,0.000000000000,0.000000000000,0.000277439835,0.000000000000,0.000000000000,0.000303763193,0.000000000000,0.000000000000,0.000296464269,0.000000000000,0.000000000000,0.000154467745,0.000000000000,0.000000000000,0.000161116057,0.000000000000,0.000000000000,0.000171003737,0.000000000000,0.000000000000,0.000093380305,0.000000000000,0.000000000000,0.000097101568,0.000000000000,0.000000000000,0.000101728776,0.000000000000,0.000000000000,0.000072236247,0.000000000000,0.000000000000,0.000077853098,0.000000000000,0.000000000000,0.000081442075
943,0.000000000000,0.000000000000,0.000420010459,0.000000000000,0.000000000000,0.000439683787,0.000000000000,0.000000000000,0.000446032581,0.000000000000,0.000000000000,0.000277439835,0.000000000000,0.000000000000,0.000303763193,0.000000000000,0.000000000000,0.000296464269,0.000000000000,0.000000000000,0.000154467745,0.000000000000,0.000000000000,0.000161116057,0.000000000000,0.000000000000,0.000171003737,0.000000000000,0.000000000000,0.000093380305,0.000000000000,0.000000000000,0.000097101568,0.000000000000,0.000000000000,0.000101728776,0.000000000000,0.000000000000,0.000072236247,0.000000000000,0.000000000000,0.000077853098,0.000000000000,0.000000000000,0.000081442075
944,0.000000000000,0.000000000000,0.000420010459,0.000000000000,0.000000000000,0.000439683787,0.000000000000,0.000000000000,0.000446032581,0.000000000000,0.000000000000,0.000277439835,0.000000000000,0.000000000000,0.000303763193,0.000000000000,0.000000000000,0.000296464269,0.000000000000,0.000000000000,0.000154467745,0.000000000000,0.000000000000,0.000161116057,0.000000000000,0.000000000000,0.000171003737,0.000000000000,0.000000000000,0.000093380305,0.000000000000,0.000000000000,0.000097101568,0.000000000000,0.000000000000,0.000101728776,0.000000000000,0.000000000000,0.000072236247,0.000000000000,0.000000000000,0.000077853098,0.000000000000,0.000000000000,0.000081442075
945,0.000000000000,0.000000000000,0.000420010459,0.000000000000,0.000000000000,0.000439683787,0.000000000000,0.000000000000,0.000446032581,0.000000000000,0.000000000000,0.000277439835,0.000000000000,0.000000000000,0.000303763193,0.000000000000,0.000000000000,0.000296464269,0.000000000000,0.000000000000,0.000154467745,0.000000000000,0.000000000000,0.000161124723,0.000000000000,0.000000000000,0.000171003737,0.000000000000,0.000000000000,0.000093380305,0.000000000000,0.000000000000,0.000097101568,0.000000000000,0.000000000000,0.000101728776,0.000000000000,0.000000000000,0.000072236247,0.000000000000,0.000000000000,0.000077853098,0.000000000000,0.000000000000,0.000081442075
946,0.000000000000,0.000000000000,0.000420010459,0.000000000000,0.000000000000,0.000439683787,0.000000000000,0.000000000000,0.000446032581,0.000000000000,0.000000000000,0.000277439835,0.000000000000,0.000000000000,0.000303763193,0.000000000000,0.000000000000,0.000296464269,0.000000000000,0.000000000000,0.000154467745,0.000000000000,0.000000000000,0.000161125963,0.000000000000,0.000000000000,0.000171003737,0.000000000000,0.000000000000,0.000093380305,0.000000000000,0.000000000000,0.000097101568,0.000000000000,0.000000000000,0.000101728776,0.000000000000,0.000000000000,0.000072236247,0.000000000000,0.000000000000,0.000077853098,0.000000000000,0.000000000000,0.000081442075
947,0.000000000000,0.000000000000,0.000420010459,0.000000000000,0.000000000000,0.000439683787,0.000000000000,0.000000000000,0.000446032581,0.000000000000,0.000000000000,0.000277439835,0.000000000000,0.000000000000,0.000303763193,0.000000000000,0.000000000000,0.000296464269,0.000000000000,0.000000000000,0.000154467745,0.000000000000,0.000000000000,0.000161125963,0.000000000000,0.000000000000,0.000171003737,0.000000000000,0.000000000000,0.000093380305,0.000000000000,0.000000000000,0.000097101568,0.000000000000,0.000000000000,0.000101985264,0.000000000000,0.000000000000,0.000072236247,0.000000000000,0.000000000000,0.000077853098,0.000000000000,0.000000000000,0.000081442075
948,0.000000000000,0.000000000000,0.000420010459,0.000000000000,0.000000000000,0.000439683787,0.000000000000,0.000000000000,0.000446032581,0.000000000000,0.000000000000,0.000277439835,0.000000000000,0.000000000000,0.000303763193,0.000000000000,0.000000000000,0.000296464269,0.000000000000,0.000000000000,0.000154467745,0.000000000000,0.000000000000,0.000161125963,0.000000000000,0.000000000000,0.000171003737,0.000000000000,0.000000000000,0.000093380305,0.000000000000,0.000000000000,0.000097101568,0.000000000000,0.000000000000,0.000101985264,0.000000000000,0.000000000000,0.000072236247,0.000000000000,0.000000000000,0.000077853098,0.000000000000,0.000000000000,0.000081442075
949,0.000000000000,0.000000000000,0.000420010459,0.000000000000,0.000000000000,0.000439683787,0.000000000000,0.000000000000,0.000446032581,0.000000000000,0.000000000000,0.000277439835,0.000000000000,0.000000000000,0.000303763193,0.000000000000,0.000000000000,0.000296464269,0.000000000000,0.000000000000,0.000154467745,0.000000000000,0.000000000000,0.000161125963,0.000000000000,0.000000000000,0.000171003737,0.000000000000,0.000000000000,0.000093380305,0.000000000000,0.000000000000,0.000097101568,0.000000000000,0.000000000000,0.000101985264,0.000000000000,0.000000000000,0.000072236247,0.000000000000,0.000000000000,0.000077853098,0.000000000000,0.000000000000,0.000081442075
950,0.000000000000,0.000000000000,0.000420010459,0.000000000000,0.000000000000,0.000439683787,0.000000000000,0.000000000000,0.000446032581,0.000000000000,0.000000000000,0.000277439835,0.000000000000,0.000000000000,0.000303763193,0.000000000000,0.000000000000,0.000296464269,0.000000000000,0.000000000000,0.000154467745,0.000000000000,0.000000000000,0.000161125963,0.000000000000,0.000000000000,0.000171003737,0.000000000000,0.000000000000,0.000093380305,0.000000000000,0.000000000000,0.000097101568,0.000000000000,0.000000000000,0.000101985264,0.000000000000,0.000000000000,0.000072236247,0.000000000000,0.000000000000,0.000077853098,0.000000000000,0.000000000000,0.000081442075
951,0.000000000000,0.000000000000,0.000420010459,0.000000000000,0.000000000000,0.000439683787,0.000000000000,0.000000000000,0.000446032581,0.000000000000,0.000000000000,0.000277439835,0.000000000000,0.000000000000,0.000303763193,0.000000000000,0.000000000000,0.000296464269,0.000000000000,0.000000000000,0.000154467745,0.000000000000,0.000000000000,0.000161125963,0.000000000000,0.000000000000,0.000171003737,0.000000000000,0.000000000000,0.000093380305,0.000000000000,0.000000000000,0.000097101568,0.000000000000,0.000000000000,0.000101985264,0.000000000000,0.000000000000,0.000072236247,0.000000000000,0.000000000000,0.000077853098,0.000000000000,0.000000000000,0.000081442075
952,0.000000000000,0.000000000000,0.000420010459,0.000000000000,0.000000000000,0.000439683787,0.000000000000,0.000000000000,0.000446032581,0.000000000000,0.000000000000,0.000277439835,0.000000000000,0.000000000000,0.000303763193,0.000000000000,0.000000000000,0.000296464269,0.000000000000,0.000000000000,0.000154467745,0.000000000000,0.000000000000,0.000161125963,0.000000000000,0.000000000000,0.000171003737,0.000000000000,0.000000000000,0.000093380305,0.000000000000,0.000000000000,0.000097101568,0.000000000000,0.000000000000,0.000101985264,0.000000000000,0.000000000000,0.000072236247,0.000000000000,0.000000000000,0.000077853098,0.000000000000,0.000000000000,0.000081442075
953,0.000000000000,0.000000000000,0.000420010459,0.000000000000,0.000000000000,0.000439683787,0.000000000000,0.000000000000,0.000446032581,0.000000000000,0.000000000000,0.000277439835,0.000000000000,0.000000000000,0.000303763193,0.000000000000,0.000000000000,0.000296464269,0.000000000000,0.000000000000,0.000154467745,0.000000000000,0.000000000000,0.000161125963,0.000000000000,0.000000000000,0.000171003737,0.000000000000,0.000000000000,0.000093380305,0.000000000000,0.000000000000,0.000097101568,0.000000000000,0.000000000000,0.000101985264,0.000000000000,0.000000000000,0.000072236247,0.000000000000,0.000000000000,0.000077853098,0.000000000000,0.000000000000,0.000081442075
954,0.000000000000,0.000000000000,0.000420010459,0.000000000000,0.000000000000,0.000439683787,0.000000000000,0.000000000000,0.000446032581,0.000000000000,0.000000000000,0.000277439835,0.000000000000,0.000000000000,0.000303763193,0.000000000000,0.000000000000,0.000296464269,0.000000000000,0.000000000000,0.000154467745,0.000000000000,0.000000000000,0.000161125963,0.000000000000,0.000000000000,0.000171003737,0.000000000000,0.000000000000,0.000093380305,0.000000000000,0.000000000000,0.000097101568,0.000000000000,0.000000000000,0.000101985264,0.000000000000,0.000000000000,0.000072236247,0.000000000000,0.000000000000,0.000077853098,0.000000000000,0.000000000000,0.000081442075
955,0.000000000000,0.000000000000,0.000420010459,0.000000000000,0.000000000000,0.000439683787,0.000000000000,0.000000000000,0.000446032581,0.000000000000,0.000000000000,0.000277439835,0.000000000000,0.000000000000,0.000303763193,0.000000000000,0.000000000000,0.000296464269,0.000000000000,0.000000000000,0.000154467745,0.000000000000,0.000000000000,0.000161125963,0.000000000000,0.000000000000,0.000171003737,0.000000000000,0.000000000000,0.000093380305,0.000000000000,0.000000000000,0.000097101568,0.000000000000,0.000000000000,0.000101985264,0.000000000000,0.000000000000,0.000072236247,0.000000000000,0.000000000000,0.000077853098,0.000000000000,0.000000000000,0.000081442075
956,0.000000000000,0.000000000000,0.000420010459,0.000000000000,0.000000000000,0.000439683787,0.000000000000,0.000000000000,0.000446032581,0.000000000000,0.000000000000,0.000277439835,0.000000000000,0.000000000000,0.000303763193,0.000000000000,0.000000000000,0.000296464269,0.000000000000,0.000000000000,0.000154467745,0.000000000000,0.000000000000,0.000161125963,0.000000000000,0.000000000000,0.000171003737,0.000000000000,0.000000000000,0.000093380305,0.000000000000,0.000000000000,0.000097101568,0.000000000000,0.000000000000,0.000101985264,0.000000000000,0.000000000000,0.000072236247,0.000000000000,0.000000000000,0.000077853098,0.000000000000,0.000000000000,0.000081442075
957,0.000000000000,0.000000000000,0.000420010459,0.000000000000,0.000000000000,0.000439683787,0.000000000000,0.000000000000,0.000446032581,0.000000000000,0.000000000000,0.000277439835,0.000000000000,0.000000000000,0.000303763193,0.000000000000,0.000000000000,0.000296464269,0.000000000000,0.000000000000,0.000154467745,0.000000000000,0.000000000000,0.000161125963,0.000000000000,0.000000000000,0.000171003737,0.000000000000,0.000000000000,0.000093380305,0.000000000000,0.000000000000,0.000097101568,0.000000000000,0.000000000000,0.000101985264,0.000000000000,0.000000000000,0.000072236247,0.000000000000,0.000000000000,0.000077853098,0.000000000000,0.000000000000,0.000081442075
958,0.000000000000,0.000000000000,0.000420010459,0.000000000000,0.000000000000,0.000439683787,0.000000000000,0.000000000000,0.000446032581,0.000000000000,0.000000000000,0.000277439835,0.000000000000,0.000000000000,0.000303763193,0.000000000000,0.000000000000,0.000296464269,0.000000000000,0.000000000000,0.000154467745,0.000000000000,0.000000000000,0.000161125963,0.000000000000,0.000000000000,0.000171003737,0.000000000000,0.000000000000,0.000093380305,0.000000000000,0.000000000000,0.000097101568,0.000000000000,0.000000000000,0.000102022989,0.000000000000,0.000000000000,0.000072236247,0.000000000000,0.000000000000,0.000077853098,0.000000000000,0.000000000000,0.000081442075
959,0.000000000000,0.000000000000,0.000420010459,0.000000000000,0.000000000000,0.000439683787,0.000000000000,0.000000000000,0.000446032581,0.000000000000,0.000000000000,0.000277439835,0.000000000000,0.000000000000,0.000303763193,0.000000000000,0.000000000000,0.000296464269,0.000000000000,0.000000000000,0.000154467745,0.000000000000,0.000000000000,0.000161125963,0.000000000000,0.000000000000,0.000171003737,0.000000000000,0.000000000000,0.000093380305,0.000000000000,0.000000000000,0.000097101568,0.000000000000,0.000000000000,0.000102170844,0.000000000000,0.000000000000,0.000072236247,0.000000000000,0.000000000000,0.000077853098,0.000000000000,0.000000000000,0.000081442075
960,0.000000000000,0.000000000000,0.000420010459,0.000000000000,0.000000000000,0.000439683787,0.000000000000,0.000000000000,0.000446032581,0.000000000000,0.000000000000,0.000277439835,0.000000000000,0.000000000000,0.000303763193,0.000000000000,0.000000000000,0.000296464269,0.000000000000,0.000000000000,0.000154467745,0.000000000000,0.000000000000,0.000161125963,0.000000000000,0.000000000000,0.000171003737,0.000000000000,0.000000000000,0.000093380305,0.000000000000,0.000000000000,0.000097101568,0.000000000000,0.000000000000,0.000102170844,0.000000000000,0.000000000000,0.000072236247,0.000000000000,0.000000000000,0.000077853098,0.000000000000,0.000000000000,0.000081442075
961,0.000000000000,0.000000000000,0.000420010459,0.000000000000,0.000000000000,0.000439683787,0.000000000000,0.000000000000,0.000446032581,0.000000000000,0.000000000000,0.000277439835,0.000000000000,0.000000000000,0.000303763193,0.000000000000,0.000000000000,0.000296464269,0.000000000000,0.000000000000,0.000154467745,0.000000000000,0.000000000000,0.000161125963,0.000000000000,0.000000000000,0.000171003737,0.000000000000,0.000000000000,0.000093380305,0.000000000000,0.000000000000,0.000097101568,0.000000000000,0.000000000000,0.000102170844,0.000000000000,0.000000000000,0.000072236247,0.000000000000,0.000000000000,0.000077853098,0.000000000000,0.000000000000,0.000081442075
962,0.000000000000,0.000000000000,0.000420010459,0.000000000000,0.000000000000,0.000439683787,0.000000000000,0.000000000000,0.000446032581,0.000000000000,0.000000000000,0.000277439835,0.000000000000,0.000000000000,0.000303763193,0.000000000000,0.000000000000,0.000296464269,0.000000000000,0.000000000000,0.000154467745,0.000000000000,0.000000000000,0.000161125963,0.000000000000,0.000000000000,0.000171003737,0.000000000000,0.000000000000,0.000093380305,0.000000000000,0.000000000000,0.000097101568,0.000000000000,0.000000000000,0.000102170844,0.000000000000,0.000000000000,0.000072236247,0.000000000000,0.000000000000,0.000077853098,0.000000000000,0.000000000000,0.000081442075
963,0.000000000000,0.000000000000,0.000420010459,0.000000000000,0.000000000000,0.000439683787,0.000000000000,0.000000000000,0.000446032581,0.000000000000,0.000000000000,0.000277439835,0.000000000000,0.000000000000,0.000303763193,0.000000000000,0.000000000000,0.000296464269,0.000000000000,0.000000000000,0.000154467745,0.000000000000,0.000000000000,0.000161125963,0.000000000000,0.000000000000,0.000171003737,0.000000000000,0.000000000000,0.000093380305,0.000000000000,0.000000000000,0.000097101568,0.000000000000,0.000000000000,0.000102170844,0.000000000000,0.000000000000,0.000072236247,0.000000000000,0.000000000000,0.000077853098,0.000000000000,0.000000000000,0.000081442075
964,0.000000000000,0.000000000000,0.000420010459,0.000000000000,0.000000000000,0.000439683787,0.000000000000,0.000000000000,0.000446032581,0.000000000000,0.000000000000,0.000277439835,0.000000000000,0.000000000000,0.000303763193,0.000000000000,0.000000000000,0.000296464269,0.000000000000,0.000000000000,0.000154467745,0.000000000000,0.000000000000,0.000161125963,0.000000000000,0.000000000000,0.000171003737,0.000000000000,0.000000000000,0.000093380305,0.000000000000,0.000000000000,0.000097101568,0.000000000000,0.000000000000,0.000102170844,0.000000000000,0.000000000000,0.000072236247,0.000000000000,0.000000000000,0.000077853098,0.000000000000,0.000000000000,0.000081442075
965,0.000000000000,0.000000000000,0.000420010459,0.000000000000,0.000000000000,0.000439683787,0.000000000000,0.000000000000,0.000446032581,0.000000000000,0.000000000000,0.000277439835,0.000000000000,0.000000000000,0.000303763193,0.000000000000,0.000000000000,0.000296464269,0.000000000000,0.000000000000,0.000154467745,0.000000000000,0.000000000000,0.000161125963,0.000000000000,0.000000000000,0.000171003737,0.000000000000,0.000000000000,0.000093380305,0.000000000000,0.000000000000,0.000097101568,0.000000000000,0.000000000000,0.000102170844,0.000000000000,0.000000000000,0.000072236247,0.000000000000,0.000000000000,0.000077853098,0.000000000000,0.000000000000,0.000081442075
966,0.000000000000,0.000000000000,0.000420010459,0.000000000000,0.000000000000,0.000439683787,0.000000000000,0.000000000000,0.000446032581,0.000000000000,0.000000000000,0.000277439835,0.000000000000,0.000000000000,0.000303763193,0.000000000000,0.000000000000,0.000296464269,0.000000000000,0.000000000000,0.000154467745,0.000000000000,0.000000000000,0.000161125963,0.000000000000,0.000000000000,0.000171003737,0.000000000000,0.000000000000,0.000093380305,0.000000000000,0.000000000000,0.000097101568,0.000000000000,0.000000000000,0.000102170844,0.000000000000,0.000000000000,0.000072236247,0.000000000000,0.000000000000,0.000077853098,0.000000000000,0.000000000000,0.000081442075
967,0.000000000000,0.000000000000,0.000420010459,0.000000000000,0.000000000000,0.000439683787,0.000000000000,0.000000000000,0.000446032581,0.000000000000,0.000000000000,0.000277439835,0.000000000000,0.000000000000,0.000303763193,0.000000000000,0.000000000000,0.000296464269,0.000000000000,0.000000000000,0.000154467745,0.000000000000,0.000000000000,0.000161125963,0.000000000000,0.000000000000,0.000171003737,0.000000000000,0.000000000000,0.000093380305,0.000000000000,0.000000000000,0.000097101568,0.000000000000,0.000000000000,0.000102170844,0.000000000000,0.000000000000,0.000072236247,0.000000000000,0.000000000000,0.000077853098,0.000000000000,0.000000000000,0.000081442075
968,0.000000000000,0.000000000000,0.000420010459,0.000000000000,0.000000000000,0.000439683787,0.000000000000,0.000000000000,0.000446032581,0.000000000000,0.000000000000,0.000277439835,0.000000000000,0.000000000000,0.000303763193,0.000000000000,0.000000000000,0.000296464269,0.000000000000,0.000000000000,0.000154467745,0.000000000000,0.000000000000,0.000161125963,0.000000000000,0.000000000000,0.000171003737,0.000000000000,0.000000000000,0.000093380305,0.000000000000,0.000000000000,0.000097101568,0.000000000000,0.000000000000,0.000102187415,0.000000000000,0.000000000000,0.000072236247,0.000000000000,0.000000000000,0.000077853098,0.000000000000,0.000000000000,0.000081442075
969,0.000000000000,0.000000000000,0.000420010459,0.000000000000,0.000000000000,0.000439683787,0.000000000000,0.000000000000,0.000446032581,0.000000000000,0.000000000000,0.000277439835,0.000000000000,0.000000000000,0.000303763193,0.000000000000,0.000000000000,0.000296464269,0.000000000000,0.000000000000,0.000154534227,0.000000000000,0.000000000000,0.000161125963,0.000000000000,0.000000000000,0.000171003737,0.000000000000,0.000000000000,0.000093380305,0.000000000000,0.000000000000,0.000097101568,0.000000000000,0.000000000000,0.000102187415,0.000000000000,0.000000000000,0.000072236247,0.000000000000,0.000000000000,0.000077853098,0.000000000000,0.000000000000,0.000081442075
970,0.000000000000,0.000000000000,0.000420010459,0.000000000000,0.000000000000,0.000439683787,0.000000000000,0.000000000000,0.000446032581,0.000000000000,0.000000000000,0.000277439835,0.000000000000,0.000000000000,0.000303763193,0.000000000000,0.000000000000,0.000296464269,0.000000000000,0.000000000000,0.000154534227,0.000000000000,0.000000000000,0.000161125963,0.000000000000,0.000000000000,0.000171003737,0.000000000000,0.000000000000,0.000093380305,0.000000000000,0.000000000000,0.000097101568,0.000000000000,0.000000000000,0.000102187415,0.000000000000,0.000000000000,0.000072236247,0.000000000000,0.000000000000,0.000077853098,0.000000000000,0.000000000000,0.000081442075
971,0.000000000000,0.000000000000,0.000420010459,0.000000000000,0.000000000000,0.000439683787,0.000000000000,0.000000000000,0.000446032581,0.000000000000,0.000000000000,0.000277439835,0.000000000000,0.000000000000,0.000303763193,0.000000000000,0.000000000000,0.000296464269,0.000000000000,0.000000000000,0.000154534227,0.000000000000,0.000000000000,0.000161125963,0.000000000000,0.000000000000,0.000171003737,0.000000000000,0.000000000000,0.000093380305,0.000000000000,0.000000000000,0.000097101568,0.000000000000,0.000000000000,0.000102187415,0.000000000000,0.000000000000,0.000072236247,0.000000000000,0.000000000000,0.000077853098,0.000000000000,0.000000000000,0.000081442075
972,0.000000000000,0.000000000000,0.000420010459,0.000000000000,0.000000000000,0.000439683787,0.000000000000,0.000000000000,0.000446032581,0.000000000000,0.000000000000,0.000277439835,0.000000000000,0.000000000000,0.000303763193,0.000000000000,0.000000000000,0.000296464269,0.000000000000,0.000000000000,0.000154534227,0.000000000000,0.000000000000,0.000161125963,0.000000000000,0.000000000000,0.000171003737,0.000000000000,0.000000000000,0.000093380305,0.000000000000,0.000000000000,0.000097101568,0.000000000000,0.000000000000,0.000102187415,0.000000000000,0.000000000000,0.000072236247,0.000000000000,0.000000000000,0.000077853098,0.000000000000,0.000000000000,0.000081442075
973,0.000000000000,0.000000000000,0.000420010459,0.000000000000,0.000000000000,0.000439683787,0.000000000000,0.000000000000,0.000446032581,0.000000000000,0.000000000000,0.000277439835,0.000000000000,0.000000000000,0.000303763193,0.000000000000,0.000000000000,0.000296464269,0.000000000000,0.000000000000,0.000154534227,0.000000000000,0.000000000000,0.000161125963,0.000000000000,0.000000000000,0.000171003737,0.000000000000,0.000000000000,0.000093380305,0.000000000000,0.000000000000,0.000097101568,0.000000000000,0.000000000000,0.000102187415,0.000000000000,0.000000000000,0.000072236247,0.000000000000,0.000000000000,0.000077853098,0.000000000000,0.000000000000,0.000081442075
974,0.000000000000,0.000000000000,0.000420010459,0.000000000000,0.000000000000,0.000439683787,0.000000000000,0.000000000000,0.000446032581,0.000000000000,0.000000000000,0.000277439835,0.000000000000,0.000000000000,0.000303763193,0.000000000000,0.000000000000,0.000296464269,0.000000000000,0.000000000000,0.000154534227,0.000000000000,0.000000000000,0.000161125963,0.000000000000,0.000000000000,0.000171003737,0.000000000000,0.000000000000,0.000093380305,0.000000000000,0.000000000000,0.000097101568,0.000000000000,0.000000000000,0.000102187415,0.000000000000,0.000000000000,0.000072236247,0.000000000000,0.000000000000,0.000077853098,0.000000000000,0.000000000000,0.000081442075
975,0.000000000000,0.000000000000,0.000420010459,0.000000000000,0.000000000000,0.000439683787,0.000000000000,0.000000000000,0.000446032581,0.000000000000,0.000000000000,0.000277439835,0.000000000000,0.000000000000,0.000303763193,0.000000000000,0.000000000000,0.000296464269,0.000000000000,0.000000000000,0.000154534227,0.000000000000,0.000000000000,0.000161125963,0.000000000000,0.000000000000,0.000171003737,0.000000000000,0.000000000000,0.000093380305,0.000000000000,0.000000000000,0.000097101568,0.000000000000,0.000000000000,0.000102187415,0.000000000000,0.000000000000,0.000072236247,0.000000000000,0.000000000000,0.000077853098,0.000000000000,0.000000000000,0.000081442075
976,0.000000000000,0.000000000000,0.000420010459,0.000000000000,0.000000000000,0.000439683787,0.000000000000,0.000000000000,0.000446032581,0.000000000000,0.000000000000,0.000277439835,0.000000000000,0.000000000000,0.000303763193,0.000000000000,0.000000000000,0.000296464269,0.000000000000,0.000000000000,0.000154534227,0.000000000000,0.000000000000,0.000161125963,0.000000000000,0.000000000000,0.000171003737,0.000000000000,0.000000000000,0.000093380305,0.000000000000,0.000000000000,0.000097101568,0.000000000000,0.000000000000,0.000102187415,0.000000000000,0.000000000000,0.000072236247,0.000000000000,0.000000000000,0.000077853098,0.000000000000,0.000000000000,0.000081442075
977,0.000000000000,0.000000000000,0.000420010459,0.000000000000,0.000000000000,0.000439683787,0.000000000000,0.000000000000,0.000446032581,0.000000000000,0.000000000000,0.000277439835,0.000000000000,0.000000000000,0.000303763193,0.000000000000,0.000000000000,0.000296464269,0.000000000000,0.000000000000,0.000154534227,0.000000000000,0.000000000000,0.000161125963,0.000000000000,0.000000000000,0.000171003737,0.000000000000,0.000000000000,0.000093380305,0.000000000000,0.000000000000,0.000097101568,0.000000000000,0.000000000000,0.000102187415,0.000000000000,0.000000000000,0.000072236247,0.000000000000,0.000000000000,0.000077853098,0.000000000000,0.000000000000,0.000081442075
978,0.000000000000,0.000000000000,0.000420010459,0.000000000000,0.000000000000,0.000439683787,0.000000000000,0.000000000000,0.000446032581,0.000000000000,0.000000000000,0.000277439835,0.000000000000,0.000000000000,0.000303763193,0.000000000000,0.000000000000,0.000296464269,0.000000000000,0.000000000000,0.000154534227,0.000000000000,0.000000000000,0.000161125963,0.000000000000,0.000000000000,0.000171003737,0.000000000000,0.000000000000,0.000093380305,0.000000000000,0.000000000000,0.000097101568,0.000000000000,0.000000000000,0.000102187415,0.000000000000,0.000000000000,0.000072236247,0.000000000000,0.000000000000,0.000077853098,0.000000000000,0.000000000000,0.000081442075
979,0.000000000000,0.000000000000,0.000420010459,0.000000000000,0.000000000000,0.000439683787,0.000000000000,0.000000000000,0.000446032581,0.000000000000,0.000000000000,0.000277439835,0.000000000000,0.000000000000,0.000303763193,0.000000000000,0.000000000000,0.000296464269,0.000000000000,0.000000000000,0.000154534227,0.000000000000,0.000000000000,0.000161125963,0.000000000000,0.000000000000,0.000171003737,0.000000000000,0.000000000000,0.000093380305,0.000000000000,0.000000000000,0.000097101568,0.000000000000,0.000000000000,0.000102187415,0.000000000000,0.000000000000,0.000072236247,0.000000000000,0.000000000000,0.000077853098,0.000000000000,0.000000000000,0.000081442075
980,0.000000000000,0.000000000000,0.000420010459,0.000000000000,0.000000000000,0.000439683787,0.000000000000,0.000000000000,0.000446032581,0.000000000000,0.000000000000,0.000277439835,0.000000000000,0.000000000000,0.000303763193,0.000000000000,0.000000000000,0.000296464269,0.000000000000,0.000000000000,0.000154534227,0.000000000000,0.000000000000,0.000161125963,0.000000000000,0.000000000000,0.000171003737,0.000000000000,0.000000000000,0.000093380305,0.000000000000,0.000000000000,0.000097101568,0.000000000000,0.000000000000,0.000102187415,0.000000000000,0.000000000000,0.000072236247,0.000000000000,0.000000000000,0.000077853098,0.000000000000,0.000000000000,0.000081442075
981,0.000000000000,0.000000000000,0.000420010459,0.000000000000,0.000000000000,0.000439683787,0.000000000000,0.000000000000,0.000446032581,0.000000000000,0.000000000000,0.000277439835,0.000000000000,0.000000000000,0.000303763193,0.000000000000,0.000000000000,0.000296464269,0.000000000000,0.000000000000,0.000154534227,0.000000000000,0.000000000000,0.000161125963,0.000000000000,0.000000000000,0.000171003737,0.000000000000,0.000000000000,0.000093380305,0.000000000000,0.000000000000,0.000097101568,0.000000000000,0.000000000000,0.000102187415,0.000000000000,0.000000000000,0.000072236247,0.000000000000,0.000000000000,0.000077853098,0.000000000000,0.000000000000,0.000081442075
982,0.000000000000,0.000000000000,0.000420010459,0.000000000000,0.000000000000,0.000439683787,0.000000000000,0.000000000000,0.000446032581,0.000000000000,0.000000000000,0.000277439835,0.000000000000,0.000000000000,0.000303763193,0.000000000000,0.000000000000,0.000296464269,0.000000000000,0.000000000000,0.000154534227,0.000000000000,0.000000000000,0.000161125963,0.000000000000,0.000000000000,0.000171003737,0.000000000000,0.000000000000,0.000093380305,0.000000000000,0.000000000000,0.000097101568,0.000000000000,0.000000000000,0.000102187415,0.000000000000,0.000000000000,0.000072236247,0.000000000000,0.000000000000,0.000077853098,0.000000000000,0.000000000000,0.000081442075
983,0.000000000000,0.000000000000,0.000420010459,0.000000000000,0.000000000000,0.000439683787,0.000000000000,0.000000000000,0.000446032581,0.000000000000,0.000000000000,0.000277439835,0.000000000000,0.000000000000,0.000303763193,0.000000000000,0.000000000000,0.000296464269,0.000000000000,0.000000000000,0.000154534227,0.000000000000,0.000000000000,0.000161125963,0.000000000000,0.000000000000,0.000171003737,0.000000000000,0.000000000000,0.000093380305,0.000000000000,0.000000000000,0.000097101568,0.000000000000,0.000000000000,0.000102187415,0.000000000000,0.000000000000,0.000072236247,0.000000000000,0.000000000000,0.000077853098,0.000000000000,0.000000000000,0.000081442075
984,0.000000000000,0.000000000000,0.000420010459,0.000000000000,0.000000000000,0.000439683787,0.000000000000,0.000000000000,0.000446032581,0.000000000000,0.000000000000,0.000277439835,0.000000000000,0.000000000000,0.000303763193,0.000000000000,0.000000000000,0.000296464269,0.000000000000,0.000000000000,0.000154534227,0.000000000000,0.000000000000,0.000161125963,0.000000000000,0.000000000000,0.000171003737,0.000000000000,0.000000000000,0.000093380305,0.000000000000,0.000000000000,0.000097101568,0.000000000000,0.000000000000,0.000102187415,0.000000000000,0.000000000000,0.000072236247,0.000000000000,0.000000000000,0.000077853098,0.000000000000,0.000000000000,0.000081442075
985,0.000000000000,0.000000000000,0.000420010459,0.000000000000,0.000000000000,0.000439683787,0.000000000000,0.000000000000,0.000446032581,0.000000000000,0.000000000000,0.000277439835,0.000000000000,0.000000000000,0.000303763193,0.000000000000,0.000000000000,0.000296464269,0.000000000000,0.000000000000,0.000154534227,0.000000000000,0.000000000000,0.000161125963,0.000000000000,0.000000000000,0.000171003737,0.000000000000,0.000000000000,0.000093380305,0.000000000000,0.000000000000,0.000097101568,0.000000000000,0.000000000000,0.000102187415,0.000000000000,0.000000000000,0.000072236247,0.000000000000,0.000000000000,0.000077853098,0.000000000000,0.000000000000,0.000081442075
986,0.000000000000,0.000000000000,0.000420010459,0.000000000000,0.000000000000,0.000439683787,0.000000000000,0.000000000000,0.000446032581,0.000000000000,0.000000000000,0.000277439835,0.000000000000,0.000000000000,0.000303763193,0.000000000000,0.000000000000,0.000296464269,0.000000000000,0.000000000000,0.000154534227,0.000000000000,0.000000000000,0.000161125963,0.000000000000,0.000000000000,0.000171003737,0.000000000000,0.000000000000,0.000093380305,0.000000000000,0.000000000000,0.000097101568,0.000000000000,0.000000000000,0.000102187415,0.000000000000,0.000000000000,0.000072236247,0.000000000000,0.000000000000,0.000077853098,0.000000000000,0.000000000000,0.000081442075
987,0.000000000000,0.000000000000,0.000420010459,0.000000000000,0.000000000000,0.000439683787,0.000000000000,0.000000000000,0.000446032581,0.000000000000,0.000000000000,0.000277439835,0.000000000000,0.000000000000,0.000303763193,0.000000000000,0.000000000000,0.000296464269,0.000000000000,0.000000000000,0.000154534227,0.000000000000,0.000000000000,0.000161125963,0.000000000000,0.000000000000,0.000171003737,0.000000000000,0.000000000000,0.000093380305,0.000000000000,0.000000000000,0.000097101568,0.000000000000,0.000000000000,0.000102187415,0.000000000000,0.000000000000,0.000072236247,0.000000000000,0.000000000000,0.000077853098,0.000000000000,0.000000000000,0.000081442075
988,0.000000000000,0.000000000000,0.000420010459,0.000000000000,0.000000000000,0.000439683787,0.000000000000,0.000000000000,0.000446032581,0.000000000000,0.000000000000,0.000277439835,0.000000000000,0.000000000000,0.000303763193,0.000000000000,0.000000000000,0.000296464269,0.000000000000,0.000000000000,0.000154534227,0.000000000000,0.000000000000,0.000161125963,0.000000000000,0.000000000000,0.000171003737,0.000000000000,0.000000000000,0.000093380305,0.000000000000,0.000000000000,0.000097101568,0.000000000000,0.000000000000,0.000102187415,0.000000000000,0.000000000000,0.000072236247,0.000000000000,0.000000000000,0.000077853098,0.000000000000,0.000000000000,0.000081442075
989,0.000000000000,0.000000000000,0.000420010459,0.000000000000,0.000000000000,0.000439683787,0.000000000000,0.000000000000,0.000446032581,0.000000000000,0.000000000000,0.000277439835,0.000000000000,0.000000000000,0.000303763193,0.000000000000,0.000000000000,0.000296464269,0.000000000000,0.000000000000,0.000154534227,0.000000000000,0.000000000000,0.000161125963,0.000000000000,0.000000000000,0.000171003737,0.000000000000,0.000000000000,0.000093380305,0.000000000000,0.000000000000,0.000097101568,0.000000000000,0.000000000000,0.000102187415,0.000000000000,0.000000000000,0.000072237299,0.000000000000,0.000000000000,0.000077853098,0.000000000000,0.000000000000,0.000081442075
990,0.000000000000,0.000000000000,0.000420010459,0.000000000000,0.000000000000,0.000439683787,0.000000000000,0.000000000000,0.000446032581,0.000000000000,0.000000000000,0.000277439835,0.000000000000,0.000000000000,0.000303763193,0.000000000000,0.000000000000,0.000296464269,0.000000000000,0.000000000000,0.000154534227,0.000000000000,0.000000000000,0.000161125963,0.000000000000,0.000000000000,0.000171003737,0.000000000000,0.000000000000,0.000093380305,0.000000000000,0.000000000000,0.000097101568,0.000000000000,0.000000000000,0.000102187415,0.000000000000,0.000000000000,0.000072237299,0.000000000000,0.000000000000,0.000077853098,0.000000000000,0.000000000000,0.000081442075
991,0.000000000000,0.000000000000,0.000420010459,0.000000000000,0.000000000000,0.000439683787,0.000000000000,0.000000000000,0.000446032581,0.000000000000,0.000000000000,0.000277439835,0.000000000000,0.000000000000,0.000303763193,0.000000000000,0.000000000000,0.000296464269,0.000000000000,0.000000000000,0.000154534227,0.000000000000,0.000000000000,0.000161125963,0.000000000000,0.000000000000,0.000171003737,0.000000000000,0.000000000000,0.000093380305,0.000000000000,0.000000000000,0.000097101568,0.000000000000,0.000000000000,0.000102187415,0.000000000000,0.000000000000,0.000072237299,0.000000000000,0.000000000000,0.000077853098,0.000000000000,0.000000000000,0.000081442075
992,0.000000000000,0.000000000000,0.000420010459,0.000000000000,0.000000000000,0.000439683787,0.000000000000,0.000000000000,0.000446032581,0.000000000000,0.000000000000,0.000277439835,0.000000000000,0.000000000000,0.000303763193,0.000000000000,0.000000000000,0.000296464269,0.000000000000,0.000000000000,0.000154534227,0.000000000000,0.000000000000,0.000161125963,0.000000000000,0.000000000000,0.000171003737,0.000000000000,0.000000000000,0.000093380305,0.000000000000,0.000000000000,0.000097101568,0.000000000000,0.000000000000,0.000102187415,0.000000000000,0.000000000000,0.000072237299,0.000000000000,0.000000000000,0.000077853098,0.000000000000,0.000000000000,0.000081442075
993,0.000000000000,0.000000000000,0.000420010459,0.000000000000,0.000000000000,0.000439683787,0.000000000000,0.000000000000,0.000446032581,0.000000000000,0.000000000000,0.000277439835,0.000000000000,0.000000000000,0.000303763193,0.000000000000,0.000000000000,0.000296464269,0.000000000000,0.000000000000,0.000154534227,0.000000000000,0.000000000000,0.000161125963,0.000000000000,0.000000000000,0.000171003737,0.000000000000,0.000000000000,0.000093380305,0.000000000000,0.000000000000,0.000097101568,0.000000000000,0.000000000000,0.000102187415,0.000000000000,0.000000000000,0.000072237299,0.000000000000,0.000000000000,0.000077853098,0.000000000000,0.000000000000,0.000081442075
994,0.000000000000,0.000000000000,0.000420010459,0.000000000000,0.000000000000,0.000439683787,0.000000000000,0.000000000000,0.000446032581,0.000000000000,0.000000000000,0.000277439835,0.000000000000,0.000000000000,0.000303763193,0.000000000000,0.000000000000,0.000296464269,0.000000000000,0.000000000000,0.000154534227,0.000000000000,0.000000000000,0.000161125963,0.000000000000,0.000000000000,0.000171003737,0.000000000000,0.000000000000,0.000093380305,0.000000000000,0.000000000000,0.000097101568,0.000000000000,0.000000000000,0.000102187415,0.000000000000,0.000000000000,0.000072237299,0.000000000000,0.000000000000,0.000077853098,0.000000000000,0.000000000000,0.000081442075
995,0.000000000000,0.000000000000,0.000420010459,0.000000000000,0.000000000000,0.000439683787,0.000000000000,0.000000000000,0.000446032581,0.000000000000,0.000000000000,0.000277439835,0.000000000000,0.000000000000,0.000303763193,0.000000000000,0.000000000000,0.000296464269,0.000000000000,0.000000000000,0.000154534227,0.000000000000,0.000000000000,0.000161125963,0.000000000000,0.000000000000,0.000171003737,0.000000000000,0.000000000000,0.000093380305,0.000000000000,0.000000000000,0.000097101568,0.000000000000,0.000000000000,0.000102187415,0.000000000000,0.000000000000,0.000072237299,0.000000000000,0.000000000000,0.000077853098,0.000000000000,0.000000000000,0.000081442075
996,0.000000000000,0.000000000000,0.000420010459,0.000000000000,0.000000000000,0.000439683787,0.000000000000,0.000000000000,0.000446032581,0.000000000000,0.000000000000,0.000277439835,0.000000000000,0.000000000000,0.000303763193,0.000000000000,0.000000000000,0.000296464269,0.000000000000,0.000000000000,0.000154534227,0.000000000000,0.000000000000,0.000161125963,0.000000000000,0.000000000000,0.000171003737,0.000000000000,0.000000000000,0.000093380305,0.000000000000,0.000000000000,0.000097101568,0.000000000000,0.000000000000,0.000102187415,0.000000000000,0.000000000000,0.000072237299,0.000000000000,0.000000000000,0.000077853098,0.000000000000,0.000000000000,0.000081442075
997,0.000000000000,0.000000000000,0.000420010459,0.000000000000,0.000000000000,0.000439683787,0.000000000000,0.000000000000,0.000446032581,0.000000000000,0.000000000000,0.000277439835,0.000000000000,0.000000000000,0.000303763193,0.000000000000,0.000000000000,0.000296464269,0.000000000000,0.000000000000,0.000154534227,0.000000000000,0.000000000000,0.000161125963,0.000000000000,0.000000000000,0.000171003737,0.000000000000,0.000000000000,0.000093380305,0.000000000000,0.000000000000,0.000097101568,0.000000000000,0.000000000000,0.000102187415,0.000000000000,0.000000000000,0.000072237299,0.000000000000,0.000000000000,0.000077853098,0.000000000000,0.000000000000,0.000081442075
998,0.000000000000,0.000000000000,0.000420010459,0.000000000000,0.000000000000,0.000439683787,0.000000000000,0.000000000000,0.000446032581,0.000000000000,0.000000000000,0.000277439835,0.000000000000,0.000000000000,0.000303763193,0.000000000000,0.000000000000,0.000296464269,0.000000000000,0.000000000000,0.000154534227,0.000000000000,0.000000000000,0.000161125963,0.000000000000,0.000000000000,0.000171003737,0.000000000000,0.000000000000,0.000093380305,0.000000000000,0.000000000000,0.000097101568,0.000000000000,0.000000000000,0.000102187415,0.000000000000,0.000000000000,0.000072237299,0.000000000000,0.000000000000,0.000077853098,0.000000000000,0.000000000000,0.000081442075
999,0.000000000000,0.000000000000,0.000420010459,0.000000000000,0.000000000000,0.000439683787,0.000000000000,0.000000000000,0.000446032581,0.000000000000,0.000000000000,0.000277439835,0.000000000000,0.000000000000,0.000303763193,0.000000000000,0.000000000000,0.000296464269,0.000000000000,0.000000000000,0.000154534227,0.000000000000,0.000000000000,0.000161125963,0.000000000000,0.000000000000,0.000171003737,0.000000000000,0.000000000000,0.000093380305,0.000000000000,0.000000000000,0.000097101568,0.000000000000,0.000000000000,0.000102187415,0.000000000000,0.000000000000,0.000072237299,0.000000000000,0.000000000000,0.000077853098,0.000000000000,0.000000000000,0.000081442075
1000,0.000000000000,0.000000000000,0.000420010459,0.000000000000,0.000000000000,0.000439683787,0.000000000000,0.000000000000,0.000446032581,0.000000000000,0.000000000000,0.000277439835,0.000000000000,0.000000000000,0.000303763193,0.000000000000,0.000000000000,0.000296464269,0.000000000000,0.000000000000,0.000154534227,0.000000000000,0.000000000000,0.000161125963,0.000000000000,0.000000000000,0.000171003737,0.000000000000,0.000000000000,0.000093380305,0.000000000000,0.000000000000,0.000097101568,0.000000000000,0.000000000000,0.000102187415,0.000000000000,0.000000000000,0.000072237299,0.000000000000,0.000000000000,0.000077853098,0.000000000000,0.000000000000,0.000081442075
