Iterasi,P20_G200_10_Customers,P20_G500_10_Customers,P20_G1000_10_Customers,P50_G200_10_Customers,P50_G500_10_Customers,P50_G1000_10_Customers,P100_G200_10_Customers,P100_G500_10_Customers,P100_G1000_10_Customers,P20_G200_20_Customers,P20_G500_20_Customers,P20_G1000_20_Customers,P50_G200_20_Customers,P50_G500_20_Customers,P50_G1000_20_Customers,P100_G200_20_Customers,P100_G500_20_Customers,P100_G1000_20_Customers,P20_G200_30_Customers,P20_G500_30_Customers,P20_G1000_30_Customers,P50_G200_30_Customers,P50_G500_30_Customers,P50_G1000_30_Customers,P100_G200_30_Customers,P100_G500_30_Customers,P100_G1000_30_Customers,P20_G200_40_Customers,P20_G500_40_Customers,P20_G1000_40_Customers,P50_G200_40_Customers,P50_G500_40_Customers,P50_G1000_40_Customers,P100_G200_40_Customers,P100_G500_40_Customers,P100_G1000_40_Customers,P20_G200_50_Customers,P20_G500_50_Customers,P20_G1000_50_Customers,P50_G200_50_Customers,P50_G500_50_Customers,P50_G1000_50_Customers,P100_G200_50_Customers,P100_G500_50_Customers,P100_G1000_50_Customers
1,0.000093437956,0.000098151749,0.000096375557,0.000095270151,0.000097242771,0.000097694156,0.000103091346,0.000105313506,0.000102318191,0.000048946600,0.000048544248,0.000047859907,0.000051065976,0.000051947899,0.000052695484,0.000052395901,0.000055558302,0.000053863545,0.000030686562,0.000030735908,0.000029711689,0.000032066269,0.000032105842,0.000031605065,0.000032369445,0.000035169186,0.000033705493,0.000026571775,0.000025972990,0.000026081073,0.000027334779,0.000027615267,0.000026797195,0.000028239596,0.000028153436,0.000027882742,0.000017677340,0.000017776510,0.000017882603,0.000017847916,0.000018609016,0.000018214468,0.000018263383,0.000018535456,0.000018679984
2,0.000094650527,0.000101198224,0.000100235393,0.000099214937,0.000099557664,0.000099313628,0.000106203182,0.000113932948,0.000109811537,0.000049700491,0.000050843899,0.000049759483,0.000054130108,0.000053301222,0.000054552190,0.000054978040,0.000056527437,0.000055802056,0.000031256521,0.000031610052,0.000030891145,0.000033141314,0.000033103489,0.000031701874,0.000033413294,0.000035907977,0.000034382148,0.000027266720,0.000026832329,0.000027241661,0.000027560696,0.000028021215,0.000027252725,0.000028737415,0.000029256062,0.000028763264,0.000017742662,0.000017979173,0.000018137598,0.000018613987,0.000018632789,0.000018513041,0.000018473266,0.000018612056,0.000018729499
3,0.000095959545,0.000101958692,0.000101282326,0.000104755621,0.000101089626,0.000105383141,0.000108970189,0.000115247509,0.000114118017,0.000050209624,0.000051071412,0.000051983168,0.000054913159,0.000055284099,0.000056632414,0.000056498114,0.000057768821,0.000056783000,0.000031670591,0.000032083493,0.000031565026,0.000033678383,0.000033454220,0.000032043434,0.000033752127,0.000037206919,0.000034902310,0.000027812841,0.000027471374,0.000027241661,0.000027770335,0.000028202509,0.000027643152,0.000028980333,0.000029616923,0.000029094861,0.000018124539,0.000018222155,0.000018265550,0.000018732988,0.000018983057,0.000018747514,0.000018669385,0.000018657845,0.000018924796
4,0.000097397490,0.000102454980,0.000102179326,0.000106143396,0.000104220583,0.000108006587,0.000112297080,0.000115635472,0.000115889362,0.000051017873,0.000052816243,0.000052482182,0.000055969079,0.000055791346,0.000058018250,0.000058222814,0.000058197505,0.000058496655,0.000032303241,0.000032083493,0.000031728161,0.000034177579,0.000033718323,0.000032213374,0.000034399481,0.000037990151,0.000035628491,0.000028359707,0.000027591020,0.000027512264,0.000027967946,0.000028363188,0.000027911018,0.000029829358,0.000029717424,0.000029253909,0.000018224720,0.000018249511,0.000018472724,0.000018812547,0.000019261499,0.000018844094,0.000018816117,0.000018961773,0.000018931102
5,0.000097397490,0.000102785565,0.000102379453,0.000107340970,0.000106894817,0.000110163469,0.000112763549,0.000117647239,0.000116347404,0.000051499419,0.000052954885,0.000053507310,0.000056713791,0.000056092619,0.000058134707,0.000059242633,0.000058886385,0.000058912581,0.000032793318,0.000032244001,0.000032385475,0.000034900462,0.000033922697,0.000032535204,0.000035110138,0.000038049244,0.000036095461,0.000028647977,0.000027665740,0.000027851201,0.000028247421,0.000028468139,0.000028000041,0.000029829358,0.000029758305,0.000029794803,0.000018491128,0.000018326072,0.000018493304,0.000018824855,0.000019436033,0.000018867951,0.000018996942,0.000019179392,0.000019076859
6,0.000098001686,0.000104127743,0.000103594394,0.000107441844,0.000111132265,0.000111638243,0.000121519860,0.000120285480,0.000119736161,0.000051828422,0.000053264970,0.000053596930,0.000057776311,0.000056610744,0.000059006932,0.000059505551,0.000059030072,0.000060294907,0.000033151987,0.000032460775,0.000032492565,0.000034956933,0.000033970176,0.000033296074,0.000035483408,0.000038124600,0.000036679213,0.000029370933,0.000027750650,0.000027911074,0.000028336590,0.000028871891,0.000028333812,0.000030009563,0.000029908108,0.000030015730,0.000018506733,0.000018567709,0.000018687816,0.000019184857,0.000019489857,0.000019152665,0.000019049541,0.000019324587,0.000019181611
7,0.000098062617,0.000104233560,0.000106297221,0.000107441844,0.000111133443,0.000111692823,0.000121950904,0.000121939004,0.000120690046,0.000052189023,0.000053495733,0.000054053991,0.000057779031,0.000056911415,0.000059953935,0.000060149381,0.000059207318,0.000060520341,0.000033539947,0.000033197432,0.000033037831,0.000035132430,0.000034116025,0.000033425782,0.000036070118,0.000038355710,0.000036963332,0.000029969580,0.000028318046,0.000027911074,0.000028495941,0.000029040789,0.000028467145,0.000030662299,0.000030003281,0.000030193583,0.000018532011,0.000018764853,0.000018688381,0.000019306156,0.000019528921,0.000019152665,0.000019214396,0.000019481349,0.000019453808
8,0.000099691550,0.000104453337,0.000108992507,0.000107741189,0.000111250777,0.000111774492,0.000122620245,0.000122516986,0.000120811718,0.000052394935,0.000053910202,0.000054860277,0.000058285189,0.000056917097,0.000060133984,0.000060440795,0.000060098223,0.000062284535,0.000033715388,0.000033226349,0.000033037831,0.000035149468,0.000034564600,0.000033686728,0.000036404933,0.000038888988,0.000037995362,0.000030109574,0.000028439332,0.000028255457,0.000028498043,0.000029188139,0.000028982582,0.000030788930,0.000030462677,0.000030412844,0.000018749414,0.000018880022,0.000018797944,0.000019410560,0.000019749946,0.000019327645,0.000019398751,0.000019523130,0.000019466475
9,0.000099691550,0.000107833586,0.000112987933,0.000108216290,0.000111757532,0.000113292334,0.000122955809,0.000123177399,0.000122992169,0.000052545330,0.000055495287,0.000054860277,0.000058446296,0.000057195655,0.000060166874,0.000060598125,0.000060753876,0.000062316073,0.000033818771,0.000033837703,0.000033049457,0.000035758006,0.000034984375,0.000033872935,0.000036409462,0.000038888988,0.000038407583,0.000030602966,0.000028678927,0.000028407890,0.000028787307,0.000029190114,0.000029201858,0.000030788930,0.000030773380,0.000030569727,0.000018952332,0.000018989112,0.000018942452,0.000019522207,0.000020139525,0.000019327645,0.000019516684,0.000019691388,0.000019529395
10,0.000100679532,0.000109799324,0.000113565880,0.000108216290,0.000111955331,0.000113292334,0.000122994740,0.000123677169,0.000125264320,0.000053367385,0.000056709552,0.000056566934,0.000058784172,0.000058337686,0.000061318288,0.000061296329,0.000062016610,0.000062600714,0.000034293281,0.000034106172,0.000033484171,0.000036005656,0.000035087623,0.000033959152,0.000036676561,0.000039151023,0.000038779944,0.000031091299,0.000028774268,0.000028780454,0.000028839716,0.000029290988,0.000029421472,0.000031239667,0.000030836230,0.000031102411,0.000018995441,0.000019311834,0.000019242448,0.000019683338,0.000020230157,0.000019543936,0.000019657590,0.000019692479,0.000019620918
11,0.000102242337,0.000109883767,0.000113962787,0.000110940173,0.000112587519,0.000113478083,0.000123235962,0.000123708310,0.000125434149,0.000053550500,0.000057131964,0.000056566934,0.000059459465,0.000059372395,0.000061520589,0.000061746276,0.000062336828,0.000062967572,0.000034434931,0.000034124215,0.000033555619,0.000036017918,0.000035441253,0.000034120011,0.000037203562,0.000039737778,0.000038867643,0.000031091299,0.000028838603,0.000029081453,0.000029149124,0.000029389162,0.000029851502,0.000031329672,0.000031196409,0.000031467647,0.000019044481,0.000019319327,0.000019312211,0.000019853234,0.000020234569,0.000019592287,0.000019862332,0.000019846137,0.000019798854
12,0.000102607225,0.000110146610,0.000113962787,0.000115214651,0.000112587519,0.000116214877,0.000123779797,0.000123708310,0.000126283998,0.000054212976,0.000057824712,0.000056764420,0.000059459465,0.000059599210,0.000061631198,0.000062007192,0.000062790743,0.000063129182,0.000034777415,0.000034182248,0.000033672371,0.000036074626,0.000035989706,0.000034310932,0.000037203562,0.000040108049,0.000039002846,0.000031104929,0.000028997172,0.000029173764,0.000029313041,0.000029505531,0.000030095042,0.000031473720,0.000031503395,0.000031614505,0.000019044481,0.000019374524,0.000019346917,0.000019981775,0.000020234569,0.000019802563,0.000020192566,0.000019880136,0.000019946501
13,0.000102908306,0.000110283924,0.000114077261,0.000116655879,0.000113113754,0.000116240759,0.000124969291,0.000126528206,0.000126874940,0.000054219913,0.000057905934,0.000056865409,0.000059907320,0.000059665753,0.000061631198,0.000062130249,0.000063224596,0.000063367875,0.000034811393,0.000034391166,0.000033890789,0.000036132200,0.000036090997,0.000034667817,0.000037397628,0.000040422614,0.000039138744,0.000031334789,0.000028997172,0.000029383926,0.000029449121,0.000029578648,0.000030208162,0.000031603043,0.000031713233,0.000031745903,0.000019202951,0.000019451051,0.000019389323,0.000019981775,0.000020234569,0.000019802563,0.000020437441,0.000019994763,0.000020463215
14,0.000103555364,0.000110359411,0.000114585505,0.000116655879,0.000113113754,0.000116597331,0.000125083709,0.000127750932,0.000127300175,0.000054405987,0.000058530369,0.000057008957,0.000060775550,0.000060996518,0.000062219545,0.000062525415,0.000063269898,0.000064643603,0.000035044002,0.000034659994,0.000034011515,0.000036389614,0.000036410696,0.000034912625,0.000037492106,0.000040649492,0.000039641725,0.000031380230,0.000029084131,0.000029419730,0.000029681770,0.000029677174,0.000030619297,0.000031663097,0.000031966207,0.000032347474,0.000019232917,0.000019451051,0.000019506966,0.000020079855,0.000020296455,0.000020174139,0.000020598680,0.000020035080,0.000020465597
15,0.000103732890,0.000110359411,0.000114585505,0.000117183662,0.000113265899,0.000116783757,0.000125083709,0.000127750932,0.000127336870,0.000055976416,0.000058530369,0.000057369354,0.000061254873,0.000061467423,0.000062375970,0.000063113233,0.000064062487,0.000064931375,0.000035494747,0.000035076127,0.000034269214,0.000036403421,0.000036411239,0.000035294750,0.000037655701,0.000041194679,0.000039786152,0.000031496995,0.000029260303,0.000029572416,0.000029694580,0.000029919558,0.000030695393,0.000031784963,0.000031990833,0.000032521017,0.000019297229,0.000019650928,0.000019778344,0.000020131836,0.000020296455,0.000020189418,0.000020619734,0.000020083337,0.000021198870
16,0.000103819671,0.000110359411,0.000114792249,0.000117960514,0.000113401272,0.000117175931,0.000125154312,0.000127989658,0.000127336870,0.000056190638,0.000058829754,0.000057427384,0.000061254873,0.000064180924,0.000062648003,0.000064125979,0.000065046781,0.000065272995,0.000035494747,0.000035090735,0.000034957151,0.000036718408,0.000036471057,0.000035755378,0.000037655701,0.000041696870,0.000040056497,0.000031507082,0.000029342268,0.000029664697,0.000029837477,0.000029925470,0.000030695393,0.000031936141,0.000031990833,0.000032667484,0.000019314870,0.000019650928,0.000019808601,0.000020250924,0.000020298654,0.000020206516,0.000020701433,0.000020178589,0.000021208478
17,0.000103819671,0.000110381278,0.000115095377,0.000118409670,0.000113401272,0.000117458221,0.000125993615,0.000127989658,0.000127336870,0.000056415977,0.000059085025,0.000057870012,0.000061254873,0.000064896220,0.000063032060,0.000064479171,0.000065071942,0.000065736902,0.000035545671,0.000035593238,0.000035476755,0.000036794976,0.000036474858,0.000036121968,0.000037729143,0.000041697731,0.000040161221,0.000031845403,0.000029356366,0.000029680964,0.000029941708,0.000030373854,0.000030915117,0.000032087100,0.000032002904,0.000032905135,0.000019314870,0.000019661025,0.000019808601,0.000020291214,0.000020298654,0.000020287333,0.000020846152,0.000020293056,0.000021356875
18,0.000106692588,0.000110429995,0.000115095377,0.000118607410,0.000113401272,0.000117497165,0.000127646925,0.000127989658,0.000129267870,0.000057525853,0.000059085025,0.000057870012,0.000061472486,0.000064934942,0.000063419276,0.000064850927,0.000065420697,0.000065759136,0.000035545671,0.000035655317,0.000035501488,0.000036880581,0.000036664536,0.000036140457,0.000037968487,0.000041697731,0.000040637904,0.000031874241,0.000029645486,0.000029727236,0.000029941708,0.000030483075,0.000030966066,0.000032119107,0.000032137050,0.000033101526,0.000019405608,0.000019661025,0.000019808601,0.000020339093,0.000020320599,0.000020287333,0.000021061812,0.000020310563,0.000021356875
19,0.000106713359,0.000110458832,0.000115095377,0.000118607410,0.000113401272,0.000117505549,0.000130183804,0.000128438813,0.000129904914,0.000057755750,0.000059155452,0.000057907132,0.000061539276,0.000065046938,0.000063437802,0.000065404083,0.000065420697,0.000065951695,0.000035545671,0.000035692078,0.000035711908,0.000036889428,0.000036664536,0.000036254235,0.000038134213,0.000042108264,0.000040865868,0.000031874241,0.000029694000,0.000029830288,0.000030136540,0.000030539932,0.000030973178,0.000032227546,0.000032288163,0.000033356346,0.000019487928,0.000019661025,0.000019845040,0.000020415436,0.000020512797,0.000020287333,0.000021113304,0.000020430454,0.000021397445
20,0.000106713359,0.000110912270,0.000115095377,0.000118863048,0.000113739234,0.000118027345,0.000130247760,0.000128438813,0.000129904914,0.000058088623,0.000059155452,0.000058227886,0.000062215585,0.000065403117,0.000063466839,0.000066114167,0.000066898134,0.000066337059,0.000035553196,0.000036027024,0.000036095808,0.000037534467,0.000036801616,0.000036254235,0.000038134213,0.000042454072,0.000041070256,0.000032000290,0.000029771120,0.000029857262,0.000030168736,0.000030540702,0.000030974344,0.000032342225,0.000032293592,0.000033629432,0.000019536810,0.000019684683,0.000019846177,0.000020451007,0.000020530549,0.000020384412,0.000021113304,0.000020610419,0.000021458160
21,0.000106953883,0.000110939288,0.000115095377,0.000118889317,0.000113862305,0.000120947948,0.000130752045,0.000128438813,0.000129904914,0.000058181368,0.000059211617,0.000058540715,0.000062443776,0.000065454346,0.000063472261,0.000066139539,0.000066909920,0.000067181503,0.000035567036,0.000036042791,0.000036220220,0.000037666258,0.000036844970,0.000036292104,0.000038583191,0.000042596933,0.000041540959,0.000032080913,0.000029781443,0.000029909512,0.000030190000,0.000030540702,0.000031052343,0.000033206930,0.000032293592,0.000033927156,0.000019536810,0.000019703360,0.000019925623,0.000020579409,0.000020535880,0.000020578050,0.000021225326,0.000020618246,0.000021458160
22,0.000108565161,0.000111168246,0.000115095377,0.000118889317,0.000113862305,0.000121294566,0.000130752045,0.000128438813,0.000130992583,0.000058838500,0.000059660606,0.000058720508,0.000063251628,0.000066017477,0.000063535005,0.000066707895,0.000066909920,0.000067714592,0.000035567036,0.000036353508,0.000036790453,0.000038273670,0.000037097897,0.000036469428,0.000038641796,0.000042645415,0.000041602891,0.000032096835,0.000029876196,0.000030065094,0.000030197132,0.000030639472,0.000031097607,0.000033270300,0.000032377007,0.000033927156,0.000019689748,0.000019703360,0.000020033662,0.000020632667,0.000020708374,0.000020733525,0.000021286835,0.000020675606,0.000021667220
23,0.000108565161,0.000111168246,0.000117288877,0.000118889317,0.000113862305,0.000121294566,0.000130840057,0.000128821633,0.000130992583,0.000059943253,0.000059803745,0.000058896636,0.000063379576,0.000066230959,0.000063800210,0.000066745226,0.000067315657,0.000068509939,0.000035567036,0.000036353508,0.000036807847,0.000038288691,0.000037560310,0.000036495127,0.000038829517,0.000043036906,0.000041602891,0.000032513936,0.000029877743,0.000030235365,0.000030297740,0.000030830014,0.000031110173,0.000033338089,0.000032555080,0.000034057000,0.000019696750,0.000019703360,0.000020053615,0.000020632667,0.000020735221,0.000020945253,0.000021366733,0.000020794015,0.000021667220
24,0.000108565161,0.000111285712,0.000117310022,0.000118889317,0.000113862305,0.000121901035,0.000130840057,0.000128821633,0.000130992583,0.000059966842,0.000060113237,0.000058896636,0.000063462786,0.000066267699,0.000064734442,0.000066818727,0.000068760776,0.000068581416,0.000035567036,0.000036687098,0.000036807847,0.000038643273,0.000037560310,0.000036721423,0.000039010262,0.000043036906,0.000041602891,0.000032573669,0.000029939367,0.000030272168,0.000030301376,0.000030833297,0.000031135283,0.000033476358,0.000032611724,0.000034170616,0.000019696750,0.000019703360,0.000020167433,0.000020632667,0.000020735221,0.000020945253,0.000021559343,0.000020808916,0.000021667220
25,0.000108565161,0.000111285712,0.000117310022,0.000118889317,0.000114519962,0.000121945111,0.000130840057,0.000128821633,0.000131196810,0.000060155480,0.000060468401,0.000059317466,0.000063462786,0.000066742167,0.000064734442,0.000066818727,0.000068767832,0.000068663827,0.000035604183,0.000036695704,0.000036807847,0.000038696073,0.000037560310,0.000036725518,0.000039139791,0.000043221467,0.000041602891,0.000032573669,0.000030219071,0.000030374374,0.000030326837,0.000031034948,0.000031205056,0.000033476358,0.000032631400,0.000034200472,0.000019713258,0.000019823913,0.000020178489,0.000020734459,0.000020793413,0.000021086447,0.000021595761,0.000020881560,0.000021774823
26,0.000109363981,0.000111285712,0.000117310022,0.000118889317,0.000116353079,0.000122160360,0.000130954474,0.000129107223,0.000131405830,0.000060155480,0.000060468401,0.000059866894,0.000063462786,0.000066742167,0.000065273499,0.000066924898,0.000068878393,0.000068699951,0.000035604183,0.000036719038,0.000036868860,0.000038753716,0.000037560310,0.000036900546,0.000039740775,0.000043933419,0.000041634218,0.000032595295,0.000030308848,0.000030552374,0.000030689921,0.000031066677,0.000031205056,0.000033516805,0.000032761857,0.000034236506,0.000019798515,0.000019902834,0.000020239260,0.000020762425,0.000020919739,0.000021101435,0.000021631851,0.000020881560,0.000021774823
27,0.000109363981,0.000111285712,0.000117310022,0.000118889317,0.000116353079,0.000122160360,0.000130954474,0.000129107223,0.000132565380,0.000060332745,0.000061252896,0.000059866894,0.000063496259,0.000066799574,0.000065273499,0.000067666918,0.000069102480,0.000069142921,0.000035769564,0.000036929941,0.000037115169,0.000038918749,0.000037945117,0.000036938212,0.000039797146,0.000044237706,0.000041887876,0.000032750013,0.000030308848,0.000030552374,0.000030689921,0.000031066677,0.000031351027,0.000033703886,0.000032761857,0.000034415953,0.000019838703,0.000019902834,0.000020327784,0.000020784840,0.000020919739,0.000021101435,0.000021631851,0.000020881560,0.000021930700
28,0.000109369646,0.000111285712,0.000117310022,0.000118889317,0.000116353079,0.000122160360,0.000130954474,0.000129107223,0.000133054657,0.000060748320,0.000061275966,0.000060372497,0.000063496259,0.000066879968,0.000065569256,0.000068345522,0.000069199283,0.000069863044,0.000035769564,0.000037084976,0.000037164314,0.000039003210,0.000038141046,0.000037247646,0.000039834489,0.000044372619,0.000041887876,0.000032996998,0.000030424036,0.000030637063,0.000030698363,0.000031130342,0.000031448514,0.000033818992,0.000032921741,0.000034451916,0.000019938096,0.000019962444,0.000020376437,0.000020797540,0.000020919739,0.000021101435,0.000021893417,0.000020894963,0.000021954459
29,0.000109866503,0.000111285712,0.000117310022,0.000118889317,0.000116353079,0.000122160360,0.000130954474,0.000129107223,0.000133130144,0.000060815351,0.000061938607,0.000060841279,0.000063496259,0.000066879968,0.000066484631,0.000069669026,0.000069417964,0.000069863044,0.000035800191,0.000037178460,0.000037903220,0.000039187383,0.000038252430,0.000037377590,0.000039848292,0.000044430252,0.000041907211,0.000033047826,0.000030486103,0.000030637063,0.000030782140,0.000031214360,0.000031455115,0.000033913570,0.000032993554,0.000034491453,0.000020041974,0.000019974534,0.000020376437,0.000020954699,0.000020991204,0.000021101435,0.000022016742,0.000021052179,0.000021954459
30,0.000109896045,0.000111525587,0.000119555612,0.000120432567,0.000116353079,0.000122160360,0.000130954474,0.000129129261,0.000133130144,0.000062371514,0.000061946807,0.000061592860,0.000063713942,0.000066879968,0.000066731675,0.000069790520,0.000069508493,0.000069863044,0.000035971874,0.000037466536,0.000037903220,0.000039187383,0.000038252430,0.000037404689,0.000039912836,0.000044761357,0.000042037014,0.000033075904,0.000030655189,0.000030696890,0.000030979864,0.000031241605,0.000031587430,0.000033937823,0.000033031563,0.000034582343,0.000020228173,0.000019997280,0.000020415349,0.000021084097,0.000020991204,0.000021101435,0.000022128698,0.000021149623,0.000021954459
31,0.000109896045,0.000111525587,0.000119555612,0.000120432567,0.000116353079,0.000122160360,0.000130954474,0.000129129261,0.000133130144,0.000062440986,0.000062514603,0.000061659290,0.000063713942,0.000066894478,0.000066731675,0.000070535334,0.000069749424,0.000069863044,0.000036384732,0.000037497763,0.000037909050,0.000039300540,0.000038525584,0.000037431141,0.000040009853,0.000044847896,0.000042238040,0.000033145427,0.000030655189,0.000030727704,0.000030980013,0.000031302486,0.000031590840,0.000034088984,0.000033049261,0.000034605184,0.000020233036,0.000019997280,0.000020445280,0.000021124640,0.000020998724,0.000021101435,0.000022130725,0.000021278462,0.000021954459
32,0.000110240171,0.000111525587,0.000120705706,0.000120432567,0.000116353079,0.000122160360,0.000130954474,0.000129129261,0.000133130144,0.000062440986,0.000062541611,0.000062056159,0.000063759402,0.000066894478,0.000066985021,0.000070596676,0.000069903891,0.000070288901,0.000036387170,0.000037497763,0.000038300685,0.000040192114,0.000038528264,0.000037432708,0.000040772258,0.000045123511,0.000042729573,0.000033145427,0.000030655189,0.000030727704,0.000030980013,0.000031302486,0.000031590840,0.000034179760,0.000033049261,0.000034722728,0.000020233036,0.000020025861,0.000020445280,0.000021238667,0.000020998724,0.000021287776,0.000022487297,0.000021355706,0.000021970182
33,0.000110293697,0.000111525587,0.000120739772,0.000120432567,0.000116353079,0.000122160360,0.000130954474,0.000129129261,0.000133130144,0.000062787141,0.000063064044,0.000062056159,0.000063928892,0.000067856604,0.000067224574,0.000070596676,0.000069917391,0.000070288901,0.000036387170,0.000037533988,0.000038300685,0.000040239896,0.000038568686,0.000037708721,0.000040901993,0.000045313194,0.000042906001,0.000033518366,0.000030703009,0.000031137420,0.000031063642,0.000031312741,0.000031624360,0.000034182814,0.000033218813,0.000034728068,0.000020309280,0.000020025861,0.000020500166,0.000021240261,0.000021097653,0.000021287776,0.000022529273,0.000021362689,0.000022005963
34,0.000110436618,0.000111700340,0.000123105073,0.000120432567,0.000116663145,0.000122271535,0.000130954474,0.000129129261,0.000133130144,0.000062847500,0.000063064044,0.000062214359,0.000064093065,0.000067978179,0.000067525168,0.000070726068,0.000070232126,0.000070352707,0.000036394394,0.000037660855,0.000038300685,0.000040334617,0.000038568686,0.000037708721,0.000041096666,0.000045631851,0.000043096323,0.000033711078,0.000030703009,0.000031137420,0.000031278149,0.000031613364,0.000031624360,0.000034202890,0.000033286379,0.000034856938,0.000020330141,0.000020025861,0.000020500166,0.000021352993,0.000021130875,0.000021393630,0.000022613883,0.000021515612,0.000022005963
35,0.000110436618,0.000111700340,0.000123105073,0.000120432567,0.000116677840,0.000122347022,0.000130954474,0.000129129261,0.000133130144,0.000063061649,0.000063141719,0.000062879712,0.000064113564,0.000068219863,0.000067525168,0.000070956006,0.000070300617,0.000071112433,0.000036394394,0.000037660855,0.000038300685,0.000040758933,0.000038568686,0.000037857982,0.000041221644,0.000045670673,0.000043127438,0.000033721655,0.000030772979,0.000031225155,0.000031278149,0.000031613679,0.000031636153,0.000034208387,0.000033488008,0.000034856938,0.000020365818,0.000020146604,0.000020500166,0.000021362739,0.000021134644,0.000021393630,0.000022613883,0.000021515612,0.000022146771
36,0.000110436618,0.000111849161,0.000123891717,0.000120432567,0.000116677840,0.000122347022,0.000130954474,0.000129129261,0.000133130144,0.000063117304,0.000063243802,0.000062879712,0.000064353487,0.000068475435,0.000067559558,0.000071002221,0.000070768763,0.000071126441,0.000036405885,0.000037673332,0.000038300685,0.000040920714,0.000038753753,0.000037935583,0.000041292330,0.000045896886,0.000043243550,0.000033804419,0.000030772979,0.000031326667,0.000031337681,0.000031613679,0.000031636153,0.000034379844,0.000033488008,0.000034862993,0.000020535334,0.000020174574,0.000020627486,0.000021412942,0.000021134644,0.000021447938,0.000022680344,0.000021539683,0.000022250740
37,0.000110466255,0.000111849161,0.000127138848,0.000120432567,0.000116677840,0.000122347022,0.000130954474,0.000129129261,0.000133130144,0.000063342988,0.000063243802,0.000063133950,0.000064354237,0.000068811787,0.000067559558,0.000071130674,0.000070768763,0.000071192611,0.000036591592,0.000037673332,0.000038300685,0.000040920714,0.000038807689,0.000038071218,0.000041650583,0.000046220587,0.000043562335,0.000033844532,0.000030772979,0.000031459898,0.000031532856,0.000031827718,0.000032065658,0.000034396814,0.000033488008,0.000034970419,0.000020535334,0.000020206418,0.000020627486,0.000021515421,0.000021143408,0.000021491026,0.000022900842,0.000021548359,0.000022253623
38,0.000112255070,0.000111849161,0.000127226861,0.000120432567,0.000116677840,0.000122347022,0.000130954474,0.000129138850,0.000133130144,0.000063893915,0.000063243802,0.000063634480,0.000064533732,0.000068811787,0.000067746704,0.000071130674,0.000070796352,0.000071512791,0.000036591592,0.000037834449,0.000038311048,0.000041557291,0.000039176116,0.000038110635,0.000041921633,0.000046239137,0.000043660276,0.000033892040,0.000030772979,0.000031556086,0.000031587045,0.000031942555,0.000032065658,0.000034529303,0.000033630057,0.000035129447,0.000020535334,0.000020269960,0.000020661783,0.000021572246,0.000021210847,0.000021491026,0.000023010366,0.000021730374,0.000022253623
39,0.000112560420,0.000111849161,0.000127226861,0.000120432567,0.000116677840,0.000122347022,0.000130954474,0.000129342456,0.000133130144,0.000063923441,0.000063493277,0.000063783466,0.000064651407,0.000068858807,0.000067880891,0.000071346764,0.000070796352,0.000071816919,0.000036794125,0.000037998367,0.000038331565,0.000041557291,0.000039259187,0.000038145499,0.000042260558,0.000046239137,0.000043675512,0.000033892040,0.000030772979,0.000031739422,0.000031587045,0.000032072298,0.000032109900,0.000034729076,0.000033964707,0.000035528744,0.000020535334,0.000020269960,0.000020871637,0.000021684353,0.000021383426,0.000021644940,0.000023118117,0.000021746771,0.000022253623
40,0.000112560420,0.000111849161,0.000127226861,0.000120432567,0.000116677840,0.000122347022,0.000130954474,0.000131713812,0.000133130144,0.000063990419,0.000063847636,0.000063783466,0.000064776753,0.000069007765,0.000068166224,0.000071451988,0.000070872049,0.000071816919,0.000036921751,0.000038538691,0.000038351784,0.000041846684,0.000039760653,0.000038145499,0.000042490824,0.000046362373,0.000043675512,0.000033937901,0.000030772979,0.000031774606,0.000031587045,0.000032072298,0.000032152704,0.000034924851,0.000034013624,0.000035528744,0.000020535334,0.000020276968,0.000020871637,0.000021922141,0.000021565951,0.000021667809,0.000023135946,0.000021764627,0.000022330804
41,0.000112560420,0.000111849161,0.000127226861,0.000120432567,0.000116677840,0.000122347022,0.000130954474,0.000131713812,0.000133130144,0.000063990419,0.000063847636,0.000064047721,0.000064924647,0.000069018224,0.000068186412,0.000071451988,0.000070872049,0.000071934595,0.000036921751,0.000038676114,0.000038351784,0.000041938470,0.000040009550,0.000038187022,0.000042618611,0.000046820746,0.000043675512,0.000033991970,0.000030823058,0.000031774606,0.000031633431,0.000032276535,0.000032177985,0.000035004121,0.000034013624,0.000035623879,0.000020535334,0.000020276968,0.000020871637,0.000021922141,0.000021565951,0.000021667809,0.000023142421,0.000021795768,0.000022349461
42,0.000112591554,0.000111849161,0.000127226861,0.000120432567,0.000116677840,0.000122347022,0.000130954474,0.000131713812,0.000133130144,0.000063990419,0.000063847636,0.000064082651,0.000064924647,0.000069108419,0.000068255700,0.000072365062,0.000071182877,0.000072132467,0.000036921751,0.000038882493,0.000038358561,0.000041991229,0.000040201389,0.000038193443,0.000043000772,0.000046832938,0.000043739446,0.000033991970,0.000030852386,0.000031826002,0.000031662095,0.000032315035,0.000032177985,0.000035024011,0.000034043658,0.000035655785,0.000020535334,0.000020276968,0.000020886314,0.000021984810,0.000021568656,0.000021667809,0.000023189310,0.000021935910,0.000022404202
43,0.000112591554,0.000111849161,0.000127226861,0.000120432567,0.000116677840,0.000122347022,0.000130954474,0.000131713812,0.000133130144,0.000063990419,0.000063863343,0.000064082651,0.000065002677,0.000069108419,0.000068454212,0.000072457296,0.000071253499,0.000072231006,0.000037036143,0.000038882493,0.000038685310,0.000042118961,0.000040342095,0.000038255528,0.000043090067,0.000047339378,0.000043913971,0.000033998984,0.000030852386,0.000031826002,0.000031662095,0.000032360364,0.000032186668,0.000035115079,0.000034337262,0.000035655785,0.000020781888,0.000020276968,0.000020886314,0.000022045691,0.000021568656,0.000021791150,0.000023231647,0.000022062785,0.000022450381
44,0.000112591554,0.000111849161,0.000127226861,0.000120432567,0.000116677840,0.000122347022,0.000130954474,0.000131713812,0.000133130144,0.000064120878,0.000063997803,0.000064547650,0.000065344472,0.000069196279,0.000068911937,0.000073202955,0.000071338357,0.000072260703,0.000037036143,0.000038894438,0.000038685310,0.000042118961,0.000040518523,0.000038255528,0.000043428262,0.000047396447,0.000044206831,0.000033998984,0.000030864794,0.000031835798,0.000031662203,0.000032360364,0.000032186668,0.000035115079,0.000034337262,0.000035798856,0.000020781888,0.000020281004,0.000020897796,0.000022074237,0.000021612163,0.000021905910,0.000023245724,0.000022147162,0.000022466949
45,0.000112591554,0.000111849161,0.000127226861,0.000120432567,0.000116677840,0.000122347022,0.000130954474,0.000131713812,0.000133130144,0.000064264549,0.000064071812,0.000064547650,0.000065417060,0.000069196279,0.000069103743,0.000073202955,0.000071440636,0.000072262922,0.000037253131,0.000039138081,0.000038815476,0.000042143488,0.000040767170,0.000038256388,0.000043468796,0.000047546990,0.000044590876,0.000033998984,0.000030864794,0.000031835798,0.000031702419,0.000032383401,0.000032186668,0.000035277332,0.000034429644,0.000035798856,0.000020799096,0.000020283986,0.000020928103,0.000022151688,0.000021743291,0.000021905910,0.000023333136,0.000022280673,0.000022485418
46,0.000112591554,0.000111849161,0.000127226861,0.000120432567,0.000116677840,0.000122347022,0.000130954474,0.000131857792,0.000133130144,0.000064264549,0.000064172682,0.000064616356,0.000065452894,0.000069340140,0.000069107055,0.000073216036,0.000071509048,0.000072289365,0.000037678235,0.000039218704,0.000038819537,0.000042144557,0.000040767170,0.000038256388,0.000044285705,0.000047553665,0.000044614950,0.000034025025,0.000030929027,0.000031835798,0.000031753502,0.000032383401,0.000032186668,0.000035460738,0.000034556835,0.000035921751,0.000020799938,0.000020297166,0.000020928103,0.000022571500,0.000021743291,0.000022012888,0.000023333136,0.000022311461,0.000022485418
47,0.000112987077,0.000111849161,0.000127226861,0.000120432567,0.000116677840,0.000122347022,0.000130954474,0.000131857792,0.000133130144,0.000064725698,0.000064210960,0.000064699245,0.000066670503,0.000070338156,0.000069163531,0.000073221472,0.000071599209,0.000072289365,0.000037678235,0.000039312563,0.000038903250,0.000042372309,0.000040767170,0.000038465189,0.000044294918,0.000047614098,0.000044614950,0.000034025025,0.000030929027,0.000031835798,0.000031757252,0.000032402816,0.000032215366,0.000035460738,0.000034570596,0.000035921751,0.000020799938,0.000020353252,0.000020934904,0.000022699024,0.000021743291,0.000022029829,0.000023429861,0.000022311461,0.000022496847
48,0.000112987077,0.000111849161,0.000127226861,0.000120432567,0.000116677840,0.000122347022,0.000130954474,0.000131857792,0.000133130144,0.000065094445,0.000064248062,0.000064699245,0.000066670503,0.000070338156,0.000069163531,0.000073279907,0.000071610593,0.000072517646,0.000038179512,0.000039503310,0.000038928965,0.000042372309,0.000040826673,0.000038737660,0.000044327981,0.000047614098,0.000044802515,0.000034025025,0.000030988613,0.000031835798,0.000031881197,0.000032402816,0.000032232657,0.000035497480,0.000034576616,0.000035921751,0.000020801469,0.000020353252,0.000020988998,0.000022711601,0.000021743291,0.000022047486,0.000023486926,0.000022311461,0.000022718055
49,0.000112987077,0.000111849161,0.000127226861,0.000120432567,0.000116677840,0.000122347022,0.000130954474,0.000131857792,0.000133130144,0.000065305421,0.000064391365,0.000064699245,0.000066670503,0.000070497868,0.000069249873,0.000073294924,0.000072264169,0.000072610435,0.000038233922,0.000039503310,0.000038971687,0.000042385750,0.000040856621,0.000038737660,0.000044463851,0.000047737741,0.000044802515,0.000034036460,0.000030988613,0.000031835798,0.000032015996,0.000032533588,0.000032235044,0.000035595557,0.000034599279,0.000036032562,0.000020862605,0.000020376652,0.000021071889,0.000022945113,0.000021743291,0.000022098522,0.000023609988,0.000022318381,0.000022723160
50,0.000112987077,0.000111849161,0.000127226861,0.000120432567,0.000116677840,0.000122347022,0.000130954474,0.000131972210,0.000133130144,0.000065472163,0.000064681460,0.000064778716,0.000066670503,0.000070521150,0.000069259116,0.000073294924,0.000072376927,0.000072610435,0.000038249970,0.000039537050,0.000039033413,0.000042694894,0.000040980645,0.000038770895,0.000044467979,0.000047747126,0.000044802515,0.000034287972,0.000030988613,0.000031885863,0.000032022054,0.000032533588,0.000032260921,0.000035688789,0.000034637087,0.000036352752,0.000020870214,0.000020376652,0.000021226334,0.000022971481,0.000021763359,0.000022116200,0.000023659631,0.000022333301,0.000022723160
51,0.000112987077,0.000111849161,0.000127248899,0.000120432567,0.000116677840,0.000122347022,0.000131029961,0.000131972210,0.000133130144,0.000065934818,0.000064681460,0.000064986489,0.000066670503,0.000070521150,0.000069259116,0.000073390570,0.000072376927,0.000072816307,0.000038249970,0.000039592230,0.000039035559,0.000042923476,0.000041009305,0.000038857793,0.000044470886,0.000048010431,0.000044802515,0.000034331702,0.000031096514,0.000031926595,0.000032166268,0.000032537105,0.000032431164,0.000035691533,0.000034639886,0.000036352752,0.000020937705,0.000020411246,0.000021340737,0.000023034467,0.000021789884,0.000022228139,0.000023698360,0.000022344646,0.000022723160
52,0.000112987077,0.000115272389,0.000127248899,0.000120432567,0.000116677840,0.000122347022,0.000131029961,0.000131972210,0.000133723066,0.000065934818,0.000064681460,0.000065330388,0.000066670503,0.000070590693,0.000069259116,0.000073568811,0.000072376927,0.000072914493,0.000038441293,0.000039736895,0.000039035559,0.000043065970,0.000041045790,0.000038997902,0.000044482625,0.000048013827,0.000044804441,0.000034331702,0.000031096514,0.000032006874,0.000032166268,0.000032537105,0.000032434636,0.000035691533,0.000034639886,0.000036445613,0.000020938420,0.000020411246,0.000021340737,0.000023058561,0.000021902801,0.000022259756,0.000023783569,0.000022405341,0.000022747572
53,0.000112987077,0.000115272389,0.000127248899,0.000120432567,0.000116677840,0.000122347022,0.000131029961,0.000131972210,0.000133723066,0.000066026490,0.000064681460,0.000065450954,0.000066853593,0.000070590693,0.000069347529,0.000073667211,0.000072376927,0.000072914493,0.000038441293,0.000039736895,0.000039035559,0.000043136582,0.000041265400,0.000039472335,0.000044676409,0.000048013827,0.000044815799,0.000034334152,0.000031120455,0.000032006874,0.000032431130,0.000032702408,0.000032474537,0.000035922724,0.000034660151,0.000036713978,0.000021189922,0.000020411246,0.000021348496,0.000023165124,0.000021983022,0.000022259756,0.000023788785,0.000022405341,0.000022911900
54,0.000112987077,0.000115272389,0.000127248899,0.000120432567,0.000116824453,0.000122347022,0.000131029961,0.000131972210,0.000133723066,0.000066026490,0.000064681460,0.000065450954,0.000066928372,0.000070597386,0.000069347529,0.000074136981,0.000072397118,0.000072914493,0.000038717508,0.000039856851,0.000039035559,0.000043213644,0.000041366659,0.000039472335,0.000044710549,0.000048031106,0.000044925615,0.000034334152,0.000031120455,0.000032006874,0.000032653704,0.000032702408,0.000032474537,0.000035922724,0.000034660151,0.000036938670,0.000021191212,0.000020412765,0.000021352029,0.000023191456,0.000021983022,0.000022421157,0.000023878521,0.000022531793,0.000023014827
55,0.000112987077,0.000115272389,0.000127248899,0.000120432567,0.000117346249,0.000122347022,0.000131029961,0.000131972210,0.000133723066,0.000066026490,0.000064681460,0.000065476069,0.000067069006,0.000070790976,0.000069587131,0.000074197573,0.000072397118,0.000073297566,0.000038717508,0.000039883773,0.000039115700,0.000043217232,0.000041457123,0.000039472335,0.000044746778,0.000048031106,0.000044991659,0.000034334152,0.000031120455,0.000032026357,0.000032659783,0.000032893141,0.000032564240,0.000036091946,0.000034712343,0.000037080126,0.000021242612,0.000020412765,0.000021480281,0.000023191456,0.000021983022,0.000022484624,0.000023896176,0.000022630916,0.000023074152
56,0.000112987077,0.000115272389,0.000127248899,0.000120432567,0.000117346249,0.000122347022,0.000131029961,0.000131972210,0.000133723066,0.000066026490,0.000064697946,0.000065507185,0.000067069006,0.000070790976,0.000069605878,0.000074197573,0.000072427905,0.000073297566,0.000038773492,0.000039884485,0.000039115700,0.000043451961,0.000041460734,0.000039474116,0.000044751679,0.000048031106,0.000045347457,0.000034334152,0.000031174890,0.000032084428,0.000032659783,0.000032893141,0.000032564240,0.000036091946,0.000034719667,0.000037393279,0.000021242612,0.000020528797,0.000021505650,0.000023320913,0.000021984735,0.000022589836,0.000023896176,0.000022633974,0.000023074152
57,0.000113124216,0.000115272389,0.000127818805,0.000120432567,0.000117346249,0.000122347022,0.000131052977,0.000131972210,0.000133723066,0.000066059604,0.000064697946,0.000066172374,0.000067151332,0.000070824667,0.000069626374,0.000074399678,0.000072531612,0.000073297566,0.000038773492,0.000039957359,0.000039119963,0.000043593340,0.000041482341,0.000039474116,0.000044777742,0.000048054999,0.000045960649,0.000034362751,0.000031459626,0.000032104539,0.000032659783,0.000032893141,0.000032564240,0.000036105477,0.000034758178,0.000037393279,0.000021271934,0.000020532434,0.000021505650,0.000023527657,0.000021990117,0.000022589836,0.000023903008,0.000022665427,0.000023098881
58,0.000113124216,0.000115558871,0.000127818805,0.000120552206,0.000117346249,0.000122347022,0.000131075015,0.000131972210,0.000133723066,0.000066090166,0.000064697946,0.000066172374,0.000067175832,0.000070899751,0.000069709583,0.000074399678,0.000072753644,0.000073803996,0.000038830837,0.000040211537,0.000039119963,0.000043604290,0.000041512960,0.000039507004,0.000044777742,0.000048054999,0.000045982191,0.000034372158,0.000031459626,0.000032105134,0.000032975063,0.000032893141,0.000032567517,0.000036105477,0.000034917925,0.000037448708,0.000021473324,0.000020532434,0.000021505650,0.000023527657,0.000022047771,0.000022589836,0.000023910274,0.000022679154,0.000023098898
59,0.000113124216,0.000115558871,0.000127818805,0.000122582093,0.000117346249,0.000122347022,0.000131075015,0.000131995226,0.000133723066,0.000066182351,0.000064697946,0.000066172374,0.000067765430,0.000070899751,0.000070034577,0.000074399678,0.000073151234,0.000073803996,0.000038830837,0.000040473775,0.000039119963,0.000043676346,0.000041536712,0.000039521392,0.000045056477,0.000048054999,0.000046121207,0.000034424944,0.000031495259,0.000032137399,0.000032975063,0.000032893141,0.000032574389,0.000036180400,0.000035096332,0.000037460511,0.000021645409,0.000020533351,0.000021541631,0.000023527705,0.000022103654,0.000022754784,0.000023987953,0.000022714099,0.000023098898
60,0.000113124216,0.000115558871,0.000127818805,0.000122671333,0.000117346249,0.000122347022,0.000131075015,0.000131995226,0.000133723066,0.000066201435,0.000064697946,0.000066425926,0.000067964000,0.000070899751,0.000070034577,0.000074399678,0.000073151234,0.000073803996,0.000038914717,0.000040473775,0.000039119963,0.000043784754,0.000041536712,0.000039618992,0.000045060737,0.000048074261,0.000046178664,0.000034479214,0.000031495259,0.000032168784,0.000033044845,0.000032936661,0.000032600167,0.000036190290,0.000035096332,0.000037460511,0.000021645409,0.000020592546,0.000021644537,0.000023533125,0.000022118484,0.000022754784,0.000024026557,0.000022756464,0.000023098898
61,0.000113228802,0.000115558871,0.000127818805,0.000122671333,0.000117346249,0.000122347022,0.000131075015,0.000131995226,0.000133723066,0.000066201435,0.000065121646,0.000066425926,0.000067964000,0.000070899751,0.000070200008,0.000074687650,0.000073151234,0.000073803996,0.000038914717,0.000040473775,0.000039119963,0.000043793594,0.000041796695,0.000039618992,0.000045108091,0.000048166230,0.000046221059,0.000034479214,0.000031495259,0.000032170126,0.000033196922,0.000032936661,0.000032600167,0.000036236252,0.000035096332,0.000037460511,0.000021645409,0.000020592584,0.000021644537,0.000023612587,0.000022150581,0.000022868390,0.000024163371,0.000022760325,0.000023151081
62,0.000113228802,0.000115558871,0.000127818805,0.000122671333,0.000117346249,0.000122347022,0.000131075015,0.000131995226,0.000133723066,0.000066201435,0.000065121646,0.000066425926,0.000068683438,0.000071127092,0.000070200008,0.000074991763,0.000073170846,0.000073803996,0.000039076826,0.000040520397,0.000039199086,0.000044450010,0.000041859653,0.000039618992,0.000045206178,0.000048188037,0.000046327018,0.000034581757,0.000031553174,0.000032170126,0.000033347264,0.000033138510,0.000032627040,0.000036236404,0.000035212611,0.000037536708,0.000021697507,0.000020600597,0.000021644537,0.000023696298,0.000022150581,0.000022868390,0.000024290427,0.000022868540,0.000023329049
63,0.000115934533,0.000116145706,0.000127818805,0.000122671333,0.000117346249,0.000122347022,0.000131075015,0.000131995226,0.000133794959,0.000066428713,0.000065121646,0.000066425926,0.000068695180,0.000071127092,0.000070444586,0.000074991763,0.000073170846,0.000073803996,0.000039396486,0.000040520397,0.000039199096,0.000044450010,0.000041859653,0.000039675260,0.000045206178,0.000048226905,0.000046371875,0.000034597309,0.000031667693,0.000032197435,0.000033490673,0.000033305185,0.000032627040,0.000036236404,0.000035233858,0.000037563698,0.000021697507,0.000020704794,0.000021644537,0.000023731700,0.000022185070,0.000022868390,0.000024300385,0.000022872527,0.000023354543
64,0.000115934533,0.000116145706,0.000127818805,0.000122754062,0.000117346249,0.000122347022,0.000131075015,0.000131995226,0.000133794959,0.000066438440,0.000065121646,0.000066468441,0.000068695180,0.000071127092,0.000070444586,0.000074991763,0.000073183950,0.000073803996,0.000039431255,0.000040550260,0.000039199096,0.000044583464,0.000041859653,0.000039715007,0.000045233243,0.000048266051,0.000046386485,0.000034597309,0.000031667693,0.000032249066,0.000033690347,0.000033330534,0.000032627040,0.000036236404,0.000035235581,0.000037606130,0.000021697507,0.000020704794,0.000021678633,0.000023798656,0.000022191798,0.000022868390,0.000024575252,0.000023111233,0.000023389657
65,0.000115934533,0.000116145706,0.000127818805,0.000122754062,0.000117346249,0.000122347022,0.000131075015,0.000131995226,0.000133794959,0.000066487347,0.000065121646,0.000066468441,0.000068695180,0.000071127092,0.000070465636,0.000074991763,0.000073337139,0.000073803996,0.000039431255,0.000040693448,0.000039199096,0.000044583464,0.000042070283,0.000039715007,0.000045242019,0.000048266051,0.000046415533,0.000034631597,0.000031667693,0.000032254867,0.000033870369,0.000033396576,0.000032631243,0.000036340895,0.000035310384,0.000037632734,0.000021738430,0.000020794424,0.000021678633,0.000023872516,0.000022257756,0.000022868390,0.000024689924,0.000023111233,0.000023508040
66,0.000115934533,0.000116145706,0.000127818805,0.000122754062,0.000117346249,0.000122347022,0.000131075015,0.000131995226,0.000133794959,0.000066487347,0.000065273889,0.000066610349,0.000069299216,0.000071375352,0.000070567696,0.000074991763,0.000073541783,0.000073932838,0.000039509723,0.000040693448,0.000039199096,0.000044588033,0.000042415104,0.000039715007,0.000045303864,0.000048443382,0.000046437540,0.000034666916,0.000031750011,0.000032298591,0.000033877226,0.000033396576,0.000032659017,0.000036352932,0.000035441379,0.000037665725,0.000021840905,0.000020794424,0.000021678633,0.000023877820,0.000022345113,0.000022868390,0.000024723321,0.000023151249,0.000023544274
67,0.000115934533,0.000116145706,0.000127818805,0.000122754062,0.000117346249,0.000122347022,0.000131075015,0.000131995226,0.000133794959,0.000066535204,0.000065273889,0.000066824693,0.000069580997,0.000071375352,0.000070652929,0.000075019278,0.000073685654,0.000074031410,0.000039509723,0.000040778183,0.000039199096,0.000044588033,0.000042481053,0.000039798207,0.000045303864,0.000048459095,0.000046469725,0.000034666916,0.000031778725,0.000032330756,0.000033893494,0.000033396576,0.000032807274,0.000036352932,0.000035469371,0.000037665725,0.000021840905,0.000020794424,0.000021688011,0.000023959302,0.000022378728,0.000022868390,0.000024750171,0.000023165906,0.000023609708
68,0.000115934533,0.000116145706,0.000127818805,0.000122754062,0.000117346249,0.000122347022,0.000131075015,0.000131995226,0.000133794959,0.000066747519,0.000065306419,0.000066824693,0.000069619016,0.000071412200,0.000070652929,0.000075095135,0.000073794886,0.000074145885,0.000039510633,0.000040831733,0.000039199096,0.000044607890,0.000042506052,0.000039866124,0.000045559070,0.000048459095,0.000046469725,0.000034713411,0.000031778725,0.000032330756,0.000033907745,0.000033396576,0.000032913043,0.000036443454,0.000035524793,0.000037679285,0.000021860291,0.000020794424,0.000021718605,0.000023959302,0.000022378728,0.000022868390,0.000024750760,0.000023165906,0.000023627565
69,0.000115934533,0.000116145706,0.000127818805,0.000122754062,0.000117346249,0.000122347022,0.000131075015,0.000131995226,0.000133794959,0.000066852555,0.000065849401,0.000066994627,0.000069619016,0.000071535195,0.000070850932,0.000075115942,0.000073799366,0.000074529157,0.000039576513,0.000040893853,0.000039199096,0.000044607890,0.000042506052,0.000040222144,0.000045562980,0.000048493721,0.000046632515,0.000034793420,0.000031778725,0.000032388714,0.000033966137,0.000033403055,0.000032913043,0.000036682015,0.000035823716,0.000037732560,0.000021870503,0.000020831012,0.000021718605,0.000023988814,0.000022558892,0.000022868993,0.000024942941,0.000023183740,0.000023647612
70,0.000115934533,0.000116169439,0.000127818805,0.000122754062,0.000117346249,0.000122347022,0.000131644922,0.000131995226,0.000133794959,0.000066891580,0.000065885344,0.000066994627,0.000069654156,0.000071535195,0.000070880647,0.000075115942,0.000073810117,0.000074529157,0.000039576513,0.000040893853,0.000039199096,0.000044619248,0.000042581436,0.000040222144,0.000045562980,0.000048494455,0.000046643721,0.000034793420,0.000031839827,0.000032388714,0.000034171677,0.000033453815,0.000032913043,0.000036700839,0.000035867069,0.000037749533,0.000021870503,0.000020843511,0.000021782645,0.000023988814,0.000022647797,0.000022895942,0.000024980136,0.000023183740,0.000023669342
71,0.000115934533,0.000116169439,0.000127818805,0.000122754062,0.000117346249,0.000122347022,0.000131644922,0.000131995226,0.000133794959,0.000066891580,0.000065885344,0.000066995919,0.000069654156,0.000071535195,0.000070880647,0.000075253882,0.000073810117,0.000074529157,0.000039824160,0.000040893853,0.000039199096,0.000044619248,0.000042704356,0.000040461103,0.000045566869,0.000048546934,0.000046677822,0.000034803314,0.000031839827,0.000032444789,0.000034171677,0.000033503704,0.000032923253,0.000036701211,0.000035867069,0.000037763729,0.000021870503,0.000020861120,0.000021787599,0.000024109535,0.000022661800,0.000022895942,0.000025038209,0.000023249592,0.000023698382
72,0.000115934533,0.000116169439,0.000127818805,0.000122754062,0.000117346249,0.000122347022,0.000131644922,0.000131995226,0.000133794959,0.000066891580,0.000065885344,0.000067387809,0.000069654156,0.000071653100,0.000071370215,0.000075389988,0.000074159221,0.000074529157,0.000039851245,0.000040903904,0.000039199096,0.000044628648,0.000042738618,0.000040651107,0.000045766853,0.000048566525,0.000046715937,0.000034823695,0.000031840219,0.000032450920,0.000034176411,0.000033577586,0.000032923253,0.000036701211,0.000035867069,0.000037763729,0.000021920001,0.000020891768,0.000021816274,0.000024109535,0.000022661800,0.000022899055,0.000025038209,0.000023342964,0.000023858005
73,0.000116201082,0.000116169439,0.000127818805,0.000122754062,0.000117346249,0.000122347022,0.000131644922,0.000131995226,0.000133794959,0.000066945004,0.000065885344,0.000067742163,0.000069654156,0.000071653100,0.000071370215,0.000075389988,0.000074180364,0.000074529157,0.000040217668,0.000040903904,0.000039199096,0.000044789257,0.000042738618,0.000040651107,0.000045776160,0.000048603146,0.000046715937,0.000034839174,0.000031840219,0.000032450920,0.000034425835,0.000033632620,0.000032923253,0.000036762366,0.000035888208,0.000037766209,0.000021969498,0.000020924342,0.000021816274,0.000024121952,0.000022678339,0.000022911798,0.000025170086,0.000023342964,0.000023985743
74,0.000116201082,0.000116169439,0.000127818805,0.000122754062,0.000117346249,0.000122347022,0.000131644922,0.000131995226,0.000133794959,0.000067179905,0.000065885344,0.000067946092,0.000069741616,0.000071653100,0.000071432532,0.000075959392,0.000074299459,0.000074529157,0.000040362435,0.000040903904,0.000039199096,0.000044805776,0.000043022347,0.000040723229,0.000045954906,0.000048603146,0.000046931187,0.000034841498,0.000031856418,0.000032450920,0.000034457106,0.000033632620,0.000032923253,0.000036762366,0.000035888208,0.000037864607,0.000021974905,0.000020924342,0.000021852064,0.000024259893,0.000022678339,0.000022935769,0.000025195924,0.000023390779,0.000023985743
75,0.000116201082,0.000116169439,0.000127818805,0.000122754062,0.000117346249,0.000122347022,0.000131644922,0.000131995226,0.000133794959,0.000067188728,0.000065885344,0.000067946092,0.000069926857,0.000071659337,0.000071432532,0.000076283024,0.000074387047,0.000074529157,0.000040379931,0.000040959446,0.000039356591,0.000044834973,0.000043106367,0.000040723229,0.000046070613,0.000048603146,0.000047203798,0.000034841498,0.000031856418,0.000032480262,0.000034559629,0.000033658541,0.000032998357,0.000036969876,0.000035908553,0.000037864607,0.000021974905,0.000020924342,0.000021941147,0.000024286918,0.000022678339,0.000022935769,0.000025195924,0.000023452274,0.000023990609
76,0.000116201082,0.000116169439,0.000127818805,0.000122754062,0.000117346249,0.000122347022,0.000131644922,0.000131995226,0.000133794959,0.000067188728,0.000065885344,0.000067946092,0.000069926857,0.000071701488,0.000071485480,0.000076283024,0.000074805778,0.000074529157,0.000040379931,0.000041005864,0.000039356591,0.000044856691,0.000043106367,0.000040860177,0.000046137527,0.000048654209,0.000047588154,0.000034841498,0.000031950039,0.000032480262,0.000034699143,0.000033660149,0.000033049765,0.000036969876,0.000035910960,0.000038014690,0.000021980838,0.000020924342,0.000021941147,0.000024529740,0.000022685806,0.000022935769,0.000025397608,0.000023504274,0.000024049127
77,0.000116531998,0.000116169439,0.000127818805,0.000122754062,0.000117346249,0.000122347022,0.000131666960,0.000131995226,0.000133794959,0.000067239765,0.000065885344,0.000067946092,0.000069983395,0.000071701488,0.000071617958,0.000076287255,0.000074805778,0.000074551712,0.000040426422,0.000041302643,0.000039376654,0.000044856691,0.000043209434,0.000040866354,0.000046293967,0.000048862498,0.000047590967,0.000034843889,0.000031950039,0.000032528136,0.000034699143,0.000033692141,0.000033049765,0.000037001386,0.000035995406,0.000038103816,0.000021991372,0.000020924342,0.000021963614,0.000024529740,0.000022732134,0.000022935769,0.000025404484,0.000023504274,0.000024049127
78,0.000116531998,0.000116169439,0.000127818805,0.000122754062,0.000117346249,0.000122347022,0.000131666960,0.000132054223,0.000133794959,0.000067239765,0.000065885344,0.000068275992,0.000070060455,0.000072051696,0.000071693545,0.000076287255,0.000074805778,0.000074551712,0.000040429621,0.000041487784,0.000039393730,0.000044856691,0.000043221761,0.000040866354,0.000046293967,0.000048901080,0.000047590967,0.000034843889,0.000031950039,0.000032563943,0.000034699143,0.000033692141,0.000033049765,0.000037221992,0.000036039424,0.000038116184,0.000021991372,0.000020924342,0.000022016423,0.000024548036,0.000022777878,0.000022935769,0.000025409779,0.000023515514,0.000024051785
79,0.000116531998,0.000116169439,0.000127818805,0.000122754062,0.000117346249,0.000122347022,0.000131666960,0.000132054223,0.000133794959,0.000067239765,0.000065885344,0.000068275992,0.000070136638,0.000072051696,0.000071693545,0.000076287255,0.000074805778,0.000074551712,0.000040429621,0.000041487784,0.000039394944,0.000044856691,0.000043222579,0.000040885938,0.000046311884,0.000048901080,0.000047612183,0.000034845218,0.000031951166,0.000032576469,0.000034699143,0.000033692141,0.000033049765,0.000037268558,0.000036039424,0.000038154903,0.000021991372,0.000020924342,0.000022016423,0.000024559008,0.000022777878,0.000022943366,0.000025419354,0.000023685041,0.000024051785
80,0.000116531998,0.000116169439,0.000127818805,0.000122754062,0.000117346249,0.000122347022,0.000131666960,0.000132054223,0.000133794959,0.000067239765,0.000066238410,0.000068275992,0.000070183859,0.000072051696,0.000071693545,0.000076557265,0.000074805778,0.000074660056,0.000040510589,0.000041568576,0.000039569739,0.000044868973,0.000043239291,0.000040885938,0.000046542008,0.000048901080,0.000047612183,0.000034852557,0.000032040360,0.000032576469,0.000034746628,0.000034038061,0.000033049765,0.000037313186,0.000036360852,0.000038154903,0.000022096097,0.000020980778,0.000022016423,0.000024559008,0.000022777878,0.000022943366,0.000025431874,0.000023685041,0.000024091935
81,0.000116531998,0.000116202673,0.000127818805,0.000122754062,0.000117346249,0.000122347022,0.000131666960,0.000132054223,0.000133794959,0.000067291644,0.000066238410,0.000068275992,0.000070183859,0.000072051696,0.000071693545,0.000076557265,0.000074805778,0.000074675097,0.000040591323,0.000041568576,0.000039885161,0.000044912964,0.000043301518,0.000040885938,0.000046542008,0.000048938614,0.000047621819,0.000034875125,0.000032040360,0.000032576469,0.000034746628,0.000034059930,0.000033052502,0.000037380011,0.000036360852,0.000038213077,0.000022113174,0.000020980778,0.000022016423,0.000024559008,0.000022777878,0.000022954853,0.000025457811,0.000023722323,0.000024093311
82,0.000116531998,0.000116202673,0.000127818805,0.000122754062,0.000117346249,0.000122347022,0.000131666960,0.000132054223,0.000133794959,0.000067291644,0.000066238410,0.000068275992,0.000070271626,0.000072051696,0.000071704681,0.000076557265,0.000074805778,0.000074678655,0.000040595969,0.000041591431,0.000039885161,0.000044952637,0.000043514185,0.000040895905,0.000046542008,0.000049086510,0.000047621819,0.000034875125,0.000032040360,0.000032576469,0.000034798743,0.000034234001,0.000033120944,0.000037395872,0.000036360852,0.000038356048,0.000022134674,0.000021079379,0.000022036982,0.000024610555,0.000022777878,0.000022954853,0.000025501677,0.000023726173,0.000024149619
83,0.000116531998,0.000116202673,0.000127818805,0.000122754062,0.000117346249,0.000122347022,0.000131666960,0.000132054223,0.000133794959,0.000067291644,0.000066319174,0.000068275992,0.000070271626,0.000072051696,0.000071704681,0.000076595125,0.000074805778,0.000074678655,0.000040595969,0.000041613905,0.000039885161,0.000044961897,0.000043663331,0.000040905256,0.000046562124,0.000049086510,0.000048063402,0.000034884992,0.000032040360,0.000032576469,0.000034888613,0.000034375610,0.000033195037,0.000037395872,0.000036615822,0.000038453094,0.000022362385,0.000021083682,0.000022036982,0.000024654638,0.000022838570,0.000022954853,0.000025501677,0.000023726452,0.000024149619
84,0.000116531998,0.000116202673,0.000127818805,0.000122754062,0.000117346249,0.000122347022,0.000131666960,0.000132054223,0.000133794959,0.000067291644,0.000066319174,0.000068275992,0.000070271626,0.000072081577,0.000071704681,0.000076637552,0.000074805778,0.000074769680,0.000040605985,0.000041627206,0.000040111449,0.000044961897,0.000043860378,0.000040905256,0.000046608943,0.000049114613,0.000048196660,0.000034980197,0.000032040360,0.000032576974,0.000034908424,0.000034378655,0.000033242817,0.000037399796,0.000036615822,0.000038453889,0.000022386646,0.000021083682,0.000022036982,0.000024657209,0.000022860487,0.000023109299,0.000025530374,0.000023727442,0.000024149619
85,0.000116531998,0.000116202673,0.000127818805,0.000122824990,0.000117346249,0.000122347022,0.000131666960,0.000132054223,0.000133794959,0.000067291644,0.000066319174,0.000068275992,0.000070271626,0.000072197170,0.000072632259,0.000076637552,0.000074805778,0.000074769680,0.000040662520,0.000041651886,0.000040596884,0.000044961897,0.000044127237,0.000040905256,0.000046642401,0.000049161867,0.000048279657,0.000034980197,0.000032040360,0.000032576974,0.000034980307,0.000034429407,0.000033242817,0.000037399929,0.000036636892,0.000038465638,0.000022386646,0.000021083682,0.000022047662,0.000024691869,0.000022876495,0.000023176479,0.000025535824,0.000023742862,0.000024156449
86,0.000116531998,0.000116202673,0.000127818805,0.000122824990,0.000120707486,0.000122347022,0.000131666960,0.000132054223,0.000133794959,0.000067291644,0.000066319174,0.000068275992,0.000070271626,0.000072533755,0.000072693259,0.000076661736,0.000074907806,0.000074769680,0.000040906572,0.000041654246,0.000040596884,0.000044961897,0.000044130577,0.000040905256,0.000046642401,0.000049161867,0.000048540403,0.000034985041,0.000032040360,0.000032576974,0.000034980307,0.000034522856,0.000033305783,0.000037466226,0.000036636892,0.000038465638,0.000022386646,0.000021083682,0.000022101140,0.000024776671,0.000022877367,0.000023352254,0.000025535824,0.000023768951,0.000024223114
87,0.000116531998,0.000116202673,0.000127818805,0.000122824990,0.000120707486,0.000122347022,0.000131666960,0.000132054223,0.000133794959,0.000067291644,0.000066348497,0.000068275992,0.000070944605,0.000072533755,0.000072693259,0.000076665635,0.000074945701,0.000074869741,0.000041131236,0.000041939695,0.000040655018,0.000044961897,0.000044230853,0.000041124798,0.000046672904,0.000049263064,0.000048612374,0.000034985041,0.000032040360,0.000032576974,0.000034980307,0.000034827950,0.000033531876,0.000037571526,0.000036679856,0.000038465638,0.000022412677,0.000021102583,0.000022147938,0.000024776671,0.000022877367,0.000023352254,0.000025552043,0.000023768951,0.000024414315
88,0.000116531998,0.000116202673,0.000127818805,0.000122824990,0.000120707486,0.000122347022,0.000131666960,0.000132054223,0.000133794959,0.000067291644,0.000066348497,0.000068275992,0.000070944605,0.000072584779,0.000072721588,0.000076695096,0.000074945701,0.000075020424,0.000041214664,0.000042175117,0.000040655018,0.000044961897,0.000044547323,0.000041124798,0.000046737032,0.000049346965,0.000048612374,0.000034986374,0.000032048988,0.000032576974,0.000034980307,0.000034827950,0.000033531876,0.000037625859,0.000036886339,0.000038465638,0.000022438641,0.000021146102,0.000022147938,0.000024853881,0.000022879268,0.000023366946,0.000025562708,0.000023814052,0.000024425323
89,0.000116531998,0.000116202673,0.000127818805,0.000122824990,0.000120707486,0.000122347022,0.000131666960,0.000132054223,0.000133794959,0.000067291644,0.000066348497,0.000068311459,0.000070944605,0.000072624605,0.000072939026,0.000076715560,0.000075143620,0.000075078982,0.000041435308,0.000042204778,0.000040778484,0.000045025671,0.000044547323,0.000041174087,0.000046865369,0.000049378028,0.000048612374,0.000035052647,0.000032094755,0.000032576974,0.000034993327,0.000034827950,0.000033531876,0.000037625859,0.000036914221,0.000038465638,0.000022438641,0.000021194446,0.000022147938,0.000024877666,0.000022910518,0.000023419610,0.000025593043,0.000023815712,0.000024448892
90,0.000116531998,0.000116202673,0.000127818805,0.000122824990,0.000120707486,0.000122347022,0.000131666960,0.000132054223,0.000133794959,0.000067291644,0.000066348497,0.000068311459,0.000071270367,0.000072624605,0.000073062845,0.000076974383,0.000075143620,0.000075078982,0.000041470905,0.000042204778,0.000040778484,0.000045025671,0.000044732817,0.000041328779,0.000046918962,0.000049378028,0.000048829058,0.000035206398,0.000032129562,0.000032576974,0.000035041035,0.000034910940,0.000033531876,0.000037625859,0.000036930868,0.000038465638,0.000022463716,0.000021194446,0.000022180480,0.000024877666,0.000022910518,0.000023446328,0.000025600685,0.000023824803,0.000024506838
91,0.000116531998,0.000116202673,0.000127818805,0.000122824990,0.000120707486,0.000122347022,0.000131666960,0.000132054223,0.000133794959,0.000067291644,0.000066542052,0.000068311459,0.000071281202,0.000072624605,0.000073062845,0.000077090854,0.000075181178,0.000075078982,0.000041575469,0.000042317674,0.000040778484,0.000045034398,0.000044749876,0.000041331612,0.000046918962,0.000049410262,0.000048829058,0.000035206398,0.000032176471,0.000032581086,0.000035041035,0.000034998442,0.000033531876,0.000037689711,0.000036930868,0.000038465638,0.000022568761,0.000021194446,0.000022185424,0.000024908519,0.000022911392,0.000023457166,0.000025600685,0.000023974949,0.000024606937
92,0.000116531998,0.000116202673,0.000127818805,0.000122824990,0.000120707486,0.000122347022,0.000131666960,0.000132054223,0.000133794959,0.000067342779,0.000066547924,0.000068311459,0.000071681601,0.000073546997,0.000073062845,0.000077090854,0.000075181178,0.000075078982,0.000041639654,0.000042507734,0.000040778484,0.000045034398,0.000044749876,0.000041527989,0.000046945529,0.000049410262,0.000048902903,0.000035217344,0.000032176471,0.000032617490,0.000035041035,0.000034998442,0.000033701769,0.000037729158,0.000037000046,0.000038472488,0.000022605443,0.000021194446,0.000022197717,0.000024908519,0.000023019869,0.000023457166,0.000025610069,0.000024081371,0.000024617006
93,0.000116531998,0.000116202673,0.000127818805,0.000122824990,0.000120707486,0.000122347022,0.000131666960,0.000132054223,0.000133794959,0.000067342779,0.000066547924,0.000068311459,0.000071681601,0.000073546997,0.000073062845,0.000077179397,0.000075307115,0.000075106265,0.000041639654,0.000042582519,0.000040778484,0.000045034398,0.000044952658,0.000041632177,0.000046968741,0.000049417407,0.000048902903,0.000035223838,0.000032176471,0.000032617490,0.000035041035,0.000034998442,0.000033851300,0.000037764714,0.000037000046,0.000038472488,0.000022718563,0.000021227294,0.000022197717,0.000024908519,0.000023019869,0.000023474316,0.000025610301,0.000024156404,0.000024735178
94,0.000116531998,0.000116202673,0.000127818805,0.000122824990,0.000120707486,0.000122347022,0.000131666960,0.000132054223,0.000133794959,0.000067342779,0.000066547924,0.000068311459,0.000071716643,0.000073546997,0.000073062845,0.000077179397,0.000075320143,0.000075106265,0.000041674243,0.000042948893,0.000040796266,0.000045034724,0.000044959790,0.000041696698,0.000046977551,0.000049464107,0.000048916585,0.000035243080,0.000032186733,0.000032618435,0.000035087334,0.000034998442,0.000033890858,0.000037787380,0.000037043677,0.000038509134,0.000022721938,0.000021227294,0.000022200305,0.000024965713,0.000023232906,0.000023474316,0.000025801745,0.000024262605,0.000024766060
95,0.000116531998,0.000116202673,0.000127818805,0.000122824990,0.000120707486,0.000122347022,0.000131666960,0.000132054223,0.000133794959,0.000067345775,0.000066547924,0.000068366385,0.000071787514,0.000073704892,0.000073062845,0.000077179397,0.000075320143,0.000075106265,0.000041688533,0.000042948893,0.000040796266,0.000045034724,0.000045073391,0.000041696698,0.000046977551,0.000049464107,0.000048936013,0.000035246299,0.000032215482,0.000032618435,0.000035087334,0.000035009197,0.000033897739,0.000037908853,0.000037145849,0.000038509134,0.000022753872,0.000021227828,0.000022200305,0.000024986969,0.000023278403,0.000023474316,0.000025811024,0.000024274346,0.000024957727
96,0.000116531998,0.000116202673,0.000127818805,0.000122824990,0.000120707486,0.000122347022,0.000131666960,0.000132054223,0.000133794959,0.000068103567,0.000066547924,0.000068366385,0.000071787514,0.000073704892,0.000073062845,0.000077179397,0.000075332609,0.000075106265,0.000041712709,0.000042948893,0.000040819810,0.000045034724,0.000045164455,0.000041731596,0.000046977551,0.000049464107,0.000049070207,0.000035270864,0.000032237899,0.000032618435,0.000035113991,0.000035009197,0.000033897739,0.000037957461,0.000037145849,0.000038509134,0.000022753872,0.000021239228,0.000022200305,0.000024993882,0.000023287596,0.000023482491,0.000025875820,0.000024276063,0.000024957727
97,0.000116531998,0.000116202673,0.000127818805,0.000122824990,0.000120707486,0.000122347022,0.000131666960,0.000132054223,0.000133794959,0.000068103567,0.000066547924,0.000068477016,0.000071837490,0.000073717009,0.000073073380,0.000077179397,0.000075332609,0.000075600988,0.000041712709,0.000042948893,0.000040959330,0.000045034724,0.000045456239,0.000041881132,0.000046977551,0.000049468433,0.000049282822,0.000035281507,0.000032237899,0.000032618435,0.000035123744,0.000035145719,0.000034000600,0.000037973355,0.000037188783,0.000038511836,0.000022792133,0.000021245828,0.000022200305,0.000025003825,0.000023375135,0.000023482491,0.000025887872,0.000024284733,0.000024957727
98,0.000116531998,0.000116202673,0.000127818805,0.000122824990,0.000120707486,0.000122347022,0.000131666960,0.000132054223,0.000133794959,0.000068103567,0.000066547924,0.000068477016,0.000071837490,0.000073717026,0.000073202515,0.000077179397,0.000075584210,0.000075600988,0.000042003063,0.000042964936,0.000041043192,0.000045072746,0.000045456239,0.000041901874,0.000046977551,0.000049468433,0.000049320289,0.000035281507,0.000032237899,0.000032621385,0.000035156306,0.000035206984,0.000034000600,0.000037973996,0.000037362999,0.000038511836,0.000022822744,0.000021245828,0.000022200305,0.000025003825,0.000023410562,0.000023501045,0.000025894351,0.000024377754,0.000024965496
99,0.000116531998,0.000116202673,0.000127818805,0.000122824990,0.000120707486,0.000122347022,0.000131666960,0.000132565132,0.000133794959,0.000068103567,0.000066713100,0.000068477016,0.000072157356,0.000073750732,0.000073202515,0.000077179397,0.000075584210,0.000075600988,0.000042006144,0.000043001369,0.000041061537,0.000045088206,0.000045524821,0.000041901874,0.000047015930,0.000049489998,0.000049390320,0.000035281507,0.000032260148,0.000032621385,0.000035156306,0.000035206984,0.000034000600,0.000037998414,0.000037362999,0.000038511836,0.000022876665,0.000021256101,0.000022200305,0.000025013720,0.000023412596,0.000023501045,0.000025942879,0.000024391098,0.000024965496
100,0.000116531998,0.000116440936,0.000127818805,0.000122824990,0.000120707486,0.000122347022,0.000131666960,0.000132587170,0.000133794959,0.000068103567,0.000066713100,0.000068701042,0.000072157356,0.000073750732,0.000073428029,0.000077179397,0.000075754780,0.000075676483,0.000042107951,0.000043272916,0.000041061537,0.000045088206,0.000045574591,0.000041903100,0.000047015930,0.000049489998,0.000049390320,0.000035281507,0.000032429237,0.000032621385,0.000035156306,0.000035206984,0.000034000600,0.000038418952,0.000037362999,0.000038511836,0.000022876665,0.000021407982,0.000022203610,0.000025029002,0.000023412596,0.000023501045,0.000025953709,0.000024397301,0.000024965496
101,0.000116531998,0.000116440936,0.000127818805,0.000122824990,0.000120707486,0.000122404902,0.000131666960,0.000132587170,0.000133794959,0.000068112690,0.000066713100,0.000068701042,0.000072157356,0.000073784098,0.000073757381,0.000077179397,0.000075754780,0.000075867815,0.000042107951,0.000043276960,0.000041061537,0.000045094481,0.000045574591,0.000042045384,0.000047021027,0.000049489998,0.000049476684,0.000035281507,0.000032506376,0.000032621385,0.000035156306,0.000035213827,0.000034006666,0.000038509758,0.000037364818,0.000038615858,0.000022876665,0.000021407982,0.000022260488,0.000025029002,0.000023412596,0.000023501544,0.000025972000,0.000024408342,0.000025072581
102,0.000116531998,0.000116440936,0.000127818805,0.000122824990,0.000120707486,0.000122404902,0.000131666960,0.000132587170,0.000133794959,0.000068112690,0.000066713100,0.000068701042,0.000072157356,0.000074286891,0.000073830850,0.000077179397,0.000075813809,0.000076183708,0.000042109644,0.000043623775,0.000041061537,0.000045094481,0.000045574591,0.000042045384,0.000047022237,0.000049533822,0.000049497691,0.000035281507,0.000032506376,0.000032621385,0.000035156306,0.000035213827,0.000034006666,0.000038509758,0.000037403701,0.000038631073,0.000022903071,0.000021407982,0.000022260488,0.000025036962,0.000023412596,0.000023507384,0.000025973823,0.000024431319,0.000025072581
103,0.000116531998,0.000116440936,0.000127818805,0.000122824990,0.000120707486,0.000122404902,0.000131666960,0.000132587170,0.000133794959,0.000068112690,0.000066713100,0.000068701042,0.000072157356,0.000074292769,0.000073830850,0.000077179397,0.000075813809,0.000076488468,0.000042127826,0.000043714979,0.000041061537,0.000045094481,0.000045578776,0.000042045384,0.000047022237,0.000049540856,0.000049637322,0.000035281507,0.000032820763,0.000032621385,0.000035162072,0.000035222727,0.000034050756,0.000038519780,0.000037403701,0.000038631073,0.000022944256,0.000021407982,0.000022260488,0.000025094143,0.000023425701,0.000023507384,0.000025973823,0.000024443503,0.000025073631
104,0.000116531998,0.000116440936,0.000127818805,0.000122824990,0.000120707486,0.000122404902,0.000131666960,0.000132587170,0.000133794959,0.000068112690,0.000066750904,0.000068701042,0.000072157356,0.000074292769,0.000073830850,0.000077313842,0.000076044019,0.000076488468,0.000042136735,0.000043832019,0.000041061537,0.000045094481,0.000045578776,0.000042207955,0.000047022237,0.000049565103,0.000049657447,0.000035389841,0.000032820763,0.000032651106,0.000035229018,0.000035222727,0.000034403562,0.000038595938,0.000037403701,0.000038631642,0.000023020789,0.000021408316,0.000022281286,0.000025113739,0.000023479774,0.000023510931,0.000025978966,0.000024498816,0.000025116968
105,0.000116531998,0.000116440936,0.000127818805,0.000122824990,0.000120707486,0.000122404902,0.000131666960,0.000132587170,0.000133794959,0.000068112690,0.000066750904,0.000068701042,0.000072157356,0.000074324083,0.000073830850,0.000077313842,0.000076044019,0.000076488468,0.000042136735,0.000043832019,0.000041362416,0.000045094481,0.000045578776,0.000042303950,0.000047022237,0.000049569030,0.000049759946,0.000035389841,0.000032820763,0.000032651106,0.000035345927,0.000035222727,0.000034407799,0.000038638632,0.000037403701,0.000038631642,0.000023157332,0.000021408996,0.000022342159,0.000025218823,0.000023506255,0.000023510931,0.000025986946,0.000024510299,0.000025116968
106,0.000116531998,0.000116440936,0.000127818805,0.000122824990,0.000120707486,0.000122404902,0.000131666960,0.000132587170,0.000133794959,0.000068112690,0.000066750904,0.000068881856,0.000072157356,0.000074438913,0.000073830850,0.000077313842,0.000076044019,0.000076488468,0.000042143334,0.000043843500,0.000041575532,0.000045094481,0.000045673938,0.000042303950,0.000047022237,0.000049569030,0.000049759946,0.000035392044,0.000032835479,0.000032651106,0.000035472852,0.000035333453,0.000034422450,0.000038638632,0.000037459788,0.000038640008,0.000023157332,0.000021408996,0.000022373470,0.000025316601,0.000023558759,0.000023510931,0.000026004225,0.000024511476,0.000025210260
107,0.000116531998,0.000116440936,0.000127818805,0.000122824990,0.000120707486,0.000122404902,0.000131666960,0.000132587170,0.000133794959,0.000068112690,0.000066750904,0.000068907478,0.000072286786,0.000074449606,0.000073834984,0.000077313842,0.000076104601,0.000076488468,0.000042213342,0.000043941743,0.000041575532,0.000045094481,0.000045673938,0.000042474973,0.000047022237,0.000049569030,0.000049909612,0.000035392044,0.000032835479,0.000032685609,0.000035505610,0.000035401973,0.000034539997,0.000038642743,0.000037459788,0.000038640135,0.000023157332,0.000021411105,0.000022469041,0.000025341978,0.000023560594,0.000023510931,0.000026004225,0.000024601964,0.000025265556
108,0.000116531998,0.000116440936,0.000127818805,0.000122824990,0.000120707486,0.000122404902,0.000131666960,0.000132587170,0.000133794959,0.000068112690,0.000066750904,0.000069184209,0.000072286786,0.000074542709,0.000073869494,0.000077313842,0.000076104601,0.000076505812,0.000042213342,0.000043941743,0.000041621821,0.000045190857,0.000045691281,0.000042596328,0.000047022237,0.000049581577,0.000049909612,0.000035392044,0.000032835479,0.000032686920,0.000035513267,0.000035433320,0.000034539997,0.000038673831,0.000037554958,0.000038640135,0.000023171079,0.000021414288,0.000022469041,0.000025386182,0.000023560594,0.000023510931,0.000026004225,0.000024750507,0.000025265556
109,0.000116531998,0.000116440936,0.000127818805,0.000122824990,0.000120707486,0.000122404902,0.000131666960,0.000132587170,0.000133794959,0.000068360560,0.000066750904,0.000069184209,0.000072286786,0.000074612017,0.000073869494,0.000077313842,0.000076104601,0.000076505812,0.000042215318,0.000043941743,0.000041621821,0.000045190857,0.000045691281,0.000042596328,0.000047022237,0.000049581577,0.000049909612,0.000035392736,0.000032842800,0.000032686920,0.000035534412,0.000035433320,0.000034539997,0.000038723013,0.000037588274,0.000038640135,0.000023243078,0.000021483650,0.000022469041,0.000025479085,0.000023560594,0.000023510931,0.000026019378,0.000024780733,0.000025265556
110,0.000116531998,0.000116440936,0.000127818805,0.000122824990,0.000120707486,0.000122404902,0.000131666960,0.000132587170,0.000133794959,0.000068360560,0.000066750904,0.000069189607,0.000072286786,0.000074822697,0.000073869494,0.000077313842,0.000076280722,0.000076505812,0.000042215318,0.000043949970,0.000041621821,0.000045190857,0.000045720546,0.000042750059,0.000047022237,0.000049581577,0.000050113425,0.000035392736,0.000032842800,0.000032686920,0.000035534412,0.000035433320,0.000034539997,0.000038723013,0.000037612179,0.000038640135,0.000023259637,0.000021483650,0.000022469041,0.000025488069,0.000023568314,0.000023510931,0.000026060574,0.000024783913,0.000025265556
111,0.000116531998,0.000116440936,0.000127818805,0.000122824990,0.000120707486,0.000122404902,0.000131666960,0.000132587170,0.000133794959,0.000068395491,0.000066750904,0.000069189607,0.000072286786,0.000074853052,0.000073869494,0.000077313842,0.000076349649,0.000076505812,0.000042229611,0.000043949970,0.000041803947,0.000045249173,0.000045720546,0.000042750059,0.000047033724,0.000049592609,0.000050143983,0.000035429872,0.000032842800,0.000032686920,0.000035540564,0.000035453847,0.000034539997,0.000038723013,0.000037612179,0.000038640135,0.000023259637,0.000021494088,0.000022469041,0.000025505393,0.000023568314,0.000023510931,0.000026098130,0.000024786514,0.000025265556
112,0.000116531998,0.000116440936,0.000127818805,0.000122824990,0.000120707486,0.000122404902,0.000131666960,0.000132587170,0.000133794959,0.000068395491,0.000066750904,0.000069460014,0.000072286786,0.000075393527,0.000073918717,0.000077451283,0.000076349649,0.000076505812,0.000042229611,0.000043949970,0.000041848844,0.000045249173,0.000045720546,0.000042750059,0.000047033724,0.000049678202,0.000050226844,0.000035517238,0.000032842800,0.000032686920,0.000035569253,0.000035453847,0.000034541627,0.000038723013,0.000037612179,0.000038640135,0.000023259637,0.000021494088,0.000022469041,0.000025505974,0.000023574096,0.000023518291,0.000026119626,0.000024790880,0.000025265556
113,0.000116531998,0.000116440936,0.000127818805,0.000122824990,0.000120707486,0.000122404902,0.000131666960,0.000132587170,0.000133794959,0.000068395491,0.000066750904,0.000069625605,0.000072286786,0.000075393544,0.000073918717,0.000077451283,0.000076349649,0.000076505812,0.000042484890,0.000044104379,0.000041848844,0.000045255950,0.000045720546,0.000042800544,0.000047033724,0.000049678202,0.000050226844,0.000035597674,0.000032890769,0.000032686920,0.000035569253,0.000035471343,0.000034541627,0.000038723013,0.000037612179,0.000038640135,0.000023262535,0.000021494088,0.000022474392,0.000025534812,0.000023575460,0.000023518291,0.000026127069,0.000024829871,0.000025284158
114,0.000116531998,0.000116440936,0.000127818805,0.000122824990,0.000120707486,0.000122404902,0.000131666960,0.000132587170,0.000133794959,0.000068395491,0.000066750904,0.000069685264,0.000072322093,0.000075434360,0.000074054515,0.000077451283,0.000076349649,0.000076505812,0.000042593427,0.000044133959,0.000041862406,0.000045255950,0.000045775789,0.000042949460,0.000047033724,0.000049678202,0.000050228595,0.000035597674,0.000032890769,0.000032686920,0.000035569253,0.000035471343,0.000034557120,0.000038723013,0.000037620153,0.000038640135,0.000023271689,0.000021505917,0.000022512776,0.000025534812,0.000023575460,0.000023518291,0.000026225686,0.000024850422,0.000025284158
115,0.000116531998,0.000116440936,0.000127818805,0.000122824990,0.000120707486,0.000122404902,0.000131666960,0.000132587170,0.000133794959,0.000068395491,0.000066919425,0.000069856011,0.000072322093,0.000075434360,0.000074244534,0.000077451283,0.000076410644,0.000076556581,0.000042593427,0.000044133959,0.000041916967,0.000045255950,0.000045775789,0.000043213452,0.000047033724,0.000049685115,0.000050510942,0.000035597674,0.000032928258,0.000032686920,0.000035663733,0.000035601453,0.000034557120,0.000038742998,0.000037623170,0.000038640135,0.000023271689,0.000021507568,0.000022512776,0.000025536678,0.000023666815,0.000023518291,0.000026292909,0.000024862949,0.000025284158
116,0.000116531998,0.000116440936,0.000127818805,0.000122824990,0.000120707486,0.000122404902,0.000131666960,0.000132587170,0.000133794959,0.000068443985,0.000066919425,0.000069856011,0.000072322093,0.000075682142,0.000074244534,0.000077451283,0.000076947711,0.000076556581,0.000042625565,0.000044196495,0.000041916967,0.000045255950,0.000045782028,0.000043213452,0.000047033724,0.000049685115,0.000050510942,0.000035711788,0.000032958732,0.000032686920,0.000035844546,0.000036000637,0.000034647921,0.000038779218,0.000037755035,0.000038640135,0.000023298277,0.000021507568,0.000022512776,0.000025544140,0.000023791831,0.000023518291,0.000026292909,0.000025130480,0.000025349010
117,0.000116531998,0.000116440936,0.000127818805,0.000122824990,0.000120707486,0.000122404902,0.000131666960,0.000132587170,0.000133794959,0.000068470911,0.000066919425,0.000069931485,0.000072322093,0.000075761598,0.000074246854,0.000077451283,0.000076947711,0.000076556581,0.000042742618,0.000044196495,0.000042021679,0.000045255950,0.000045782326,0.000043403757,0.000047033724,0.000049685115,0.000050513733,0.000035768091,0.000032958732,0.000032686920,0.000035906724,0.000036085446,0.000034678463,0.000038789345,0.000037755035,0.000038640135,0.000023298277,0.000021513679,0.000022520165,0.000025649582,0.000023873068,0.000023518291,0.000026297980,0.000025161844,0.000025349010
118,0.000116531998,0.000116449605,0.000127818805,0.000122824990,0.000120707486,0.000122404902,0.000131666960,0.000132587170,0.000133794959,0.000068470911,0.000067008930,0.000069931485,0.000072322093,0.000075761598,0.000074382129,0.000077451283,0.000077381746,0.000076556581,0.000042742618,0.000044196495,0.000042021679,0.000045255950,0.000045975127,0.000043403757,0.000047033724,0.000049685115,0.000050513733,0.000035768091,0.000032958732,0.000032699914,0.000035982784,0.000036102117,0.000034722506,0.000038791918,0.000037755035,0.000038640135,0.000023298277,0.000021513679,0.000022520165,0.000025707686,0.000023873068,0.000023518291,0.000026297980,0.000025161844,0.000025349010
119,0.000116531998,0.000118928049,0.000127933223,0.000122824990,0.000120707486,0.000122404902,0.000131666960,0.000132587170,0.000133794959,0.000068470911,0.000067008930,0.000069977706,0.000072322093,0.000075910120,0.000074382129,0.000077451283,0.000077460888,0.000076556581,0.000042742618,0.000044196495,0.000042021679,0.000045255950,0.000045975127,0.000043527631,0.000047033724,0.000049685115,0.000050513733,0.000035768091,0.000032970534,0.000032699914,0.000035991823,0.000036111781,0.000034815572,0.000038791918,0.000037755035,0.000038640135,0.000023379463,0.000021527419,0.000022539670,0.000025825025,0.000023873068,0.000023518291,0.000026297980,0.000025161844,0.000025349010
120,0.000116531998,0.000119324824,0.000127933223,0.000122824990,0.000120707486,0.000122462782,0.000131666960,0.000132587170,0.000133794959,0.000068470911,0.000067008930,0.000070211790,0.000072322093,0.000075910120,0.000074382129,0.000077451283,0.000077460888,0.000076556581,0.000042742618,0.000044196495,0.000042021679,0.000045255950,0.000046002557,0.000043602663,0.000047048821,0.000049700519,0.000050513733,0.000035932627,0.000032970534,0.000032699914,0.000035993247,0.000036119272,0.000034865984,0.000038791918,0.000037796422,0.000038644332,0.000023380814,0.000021562415,0.000022548187,0.000025825025,0.000024017064,0.000023529739,0.000026297980,0.000025306258,0.000025349010
121,0.000116531998,0.000119324824,0.000127933223,0.000122824990,0.000120707486,0.000122462782,0.000131666960,0.000132587170,0.000133794959,0.000068470911,0.000067008930,0.000070211790,0.000072322093,0.000076036103,0.000074382129,0.000077451283,0.000077460888,0.000076681202,0.000042742618,0.000044196495,0.000042031935,0.000045297018,0.000046012024,0.000043643247,0.000047048821,0.000049757928,0.000050521718,0.000035932627,0.000033016133,0.000032700801,0.000035995713,0.000036126388,0.000034895561,0.000038791918,0.000037845412,0.000038648442,0.000023397968,0.000021562415,0.000022548187,0.000025825025,0.000024042853,0.000023631838,0.000026315039,0.000025357003,0.000025368374
122,0.000116531998,0.000119324824,0.000127933223,0.000122824990,0.000120707486,0.000122462782,0.000131666960,0.000132587170,0.000133794959,0.000068470911,0.000067008930,0.000070211790,0.000072322093,0.000076036103,0.000074382129,0.000077451283,0.000077572230,0.000076681202,0.000042851483,0.000044196495,0.000042031935,0.000045376589,0.000046269651,0.000043652716,0.000047048821,0.000049757928,0.000050521718,0.000035934493,0.000033016133,0.000032700801,0.000035995713,0.000036150935,0.000035370118,0.000038791918,0.000037899657,0.000038648442,0.000023432629,0.000021562415,0.000022589370,0.000025825025,0.000024042853,0.000023641292,0.000026315039,0.000025395885,0.000025368374
123,0.000116531998,0.000119324824,0.000127933223,0.000122824990,0.000120707486,0.000122462782,0.000131666960,0.000132587170,0.000133794959,0.000068470911,0.000067733173,0.000070211790,0.000072322093,0.000076036103,0.000074382129,0.000077451283,0.000077678583,0.000076920396,0.000042944116,0.000044196495,0.000042031935,0.000045376589,0.000046467945,0.000043652716,0.000047048821,0.000049762195,0.000050588383,0.000035934493,0.000033279325,0.000032740556,0.000036003212,0.000036150935,0.000035399764,0.000038791918,0.000037899657,0.000038648612,0.000023467284,0.000021562415,0.000022589370,0.000025825025,0.000024076475,0.000023650481,0.000026330340,0.000025407572,0.000025372884
124,0.000116531998,0.000119324824,0.000127933223,0.000122824990,0.000120707486,0.000122462782,0.000131666960,0.000132587170,0.000133794959,0.000068470911,0.000067743870,0.000070211790,0.000072322093,0.000076036103,0.000074560612,0.000077451283,0.000077883959,0.000076920396,0.000042944116,0.000044196495,0.000042031935,0.000045376589,0.000046467945,0.000043669713,0.000047048821,0.000049762195,0.000050642520,0.000035945393,0.000033279325,0.000032746024,0.000036003212,0.000036258069,0.000035399764,0.000038791918,0.000037929906,0.000038648612,0.000023467284,0.000021562415,0.000022685231,0.000025825025,0.000024076475,0.000023667126,0.000026330340,0.000025407572,0.000025454078
125,0.000116531998,0.000119324824,0.000127933223,0.000122824990,0.000120707486,0.000122462782,0.000131666960,0.000132587170,0.000133794959,0.000068470911,0.000067743870,0.000070248786,0.000072322093,0.000076036103,0.000074791661,0.000077451283,0.000077915942,0.000076920396,0.000042978365,0.000044196495,0.000042033491,0.000045376589,0.000046467945,0.000043688346,0.000047048821,0.000049762195,0.000050642520,0.000035955927,0.000033279325,0.000032746024,0.000036003212,0.000036270515,0.000035462262,0.000038798096,0.000037929906,0.000038674768,0.000023467284,0.000021562415,0.000022685231,0.000025825246,0.000024076475,0.000023667126,0.000026375793,0.000025407572,0.000025454078
126,0.000116531998,0.000119324824,0.000127933223,0.000122824990,0.000120707486,0.000122462782,0.000131666960,0.000132587170,0.000133794959,0.000068470911,0.000067743870,0.000070248786,0.000072322093,0.000076262617,0.000074791661,0.000077451283,0.000077915942,0.000076968349,0.000042982015,0.000044349911,0.000042033491,0.000045376589,0.000046512226,0.000043871001,0.000047048821,0.000049762195,0.000050642520,0.000035955927,0.000033283324,0.000032772444,0.000036003212,0.000036270515,0.000035512083,0.000038798096,0.000037945230,0.000038674768,0.000023532715,0.000021562415,0.000022720658,0.000025861448,0.000024099318,0.000023667126,0.000026375793,0.000025421799,0.000025469894
127,0.000116531998,0.000119324824,0.000127933223,0.000122824990,0.000120707486,0.000122462782,0.000131666960,0.000132587170,0.000133794959,0.000068470911,0.000067743870,0.000070248786,0.000072322093,0.000076505067,0.000074791661,0.000077585521,0.000077915942,0.000077115037,0.000043012438,0.000044349911,0.000042108892,0.000045376589,0.000046554636,0.000043871001,0.000047048821,0.000049762195,0.000050665584,0.000035958718,0.000033294072,0.000032780954,0.000036003212,0.000036270515,0.000035512083,0.000038798096,0.000037981817,0.000038674768,0.000023542810,0.000021567051,0.000022729671,0.000025861448,0.000024099318,0.000023667126,0.000026375793,0.000025421799,0.000025469894
128,0.000116531998,0.000119324824,0.000127933223,0.000122824990,0.000120707486,0.000122462782,0.000131666960,0.000132587170,0.000133794959,0.000068470911,0.000067743870,0.000070255722,0.000072322093,0.000076505067,0.000074816513,0.000077643176,0.000077915942,0.000077267323,0.000043047121,0.000044605336,0.000042108892,0.000045376589,0.000046554636,0.000043882561,0.000047048821,0.000049762195,0.000050665584,0.000035958718,0.000033294072,0.000032780954,0.000036003212,0.000036381119,0.000035537773,0.000038804928,0.000038079846,0.000038674768,0.000023675774,0.000021608410,0.000022730297,0.000025862033,0.000024099722,0.000023669384,0.000026428675,0.000025431165,0.000025486364
129,0.000116531998,0.000119324824,0.000127933223,0.000122824990,0.000120707486,0.000122462782,0.000131666960,0.000132587170,0.000133794959,0.000068470911,0.000067743870,0.000070336617,0.000072322093,0.000076505067,0.000074876656,0.000077643176,0.000077915942,0.000077333715,0.000043047121,0.000044605336,0.000042108892,0.000045376589,0.000047104686,0.000043966397,0.000047048821,0.000049762195,0.000050667278,0.000035958718,0.000033294072,0.000032780954,0.000036003212,0.000036381754,0.000035537773,0.000038804928,0.000038118658,0.000038674768,0.000023675774,0.000021608410,0.000022730297,0.000025862033,0.000024102953,0.000023670132,0.000026435900,0.000025453698,0.000025486364
130,0.000116531998,0.000119324824,0.000127933223,0.000122824990,0.000120707486,0.000122462782,0.000131666960,0.000132587170,0.000133794959,0.000068470911,0.000067790023,0.000070336617,0.000072322093,0.000076505067,0.000074876656,0.000077643176,0.000077915942,0.000077333715,0.000043057720,0.000044605336,0.000042108892,0.000045376589,0.000047130286,0.000043966397,0.000047048821,0.000049762195,0.000050667278,0.000035958718,0.000033294072,0.000032890805,0.000036003212,0.000036421244,0.000035537773,0.000038804928,0.000038122827,0.000038674768,0.000023767121,0.000021620819,0.000022730297,0.000025862033,0.000024122927,0.000023670132,0.000026435900,0.000025567883,0.000025486364
131,0.000116531998,0.000119324824,0.000127933223,0.000122824990,0.000120707486,0.000122462782,0.000131666960,0.000132587170,0.000133794959,0.000068470911,0.000067790023,0.000070336617,0.000072322093,0.000076505067,0.000074912743,0.000077643176,0.000077915942,0.000077362272,0.000043057720,0.000044605336,0.000042108892,0.000045376589,0.000047236985,0.000044059453,0.000047048821,0.000049762195,0.000050667278,0.000035958718,0.000033294072,0.000032952374,0.000036302638,0.000036454604,0.000035537773,0.000038804928,0.000038139898,0.000038675835,0.000023857640,0.000021620819,0.000022732793,0.000025862033,0.000024157218,0.000023715385,0.000026435900,0.000025583515,0.000025486364
132,0.000116531998,0.000119324824,0.000127933223,0.000122824990,0.000120707486,0.000122462782,0.000131666960,0.000132587170,0.000133794959,0.000068470911,0.000067790023,0.000070404820,0.000072322093,0.000076505067,0.000074916858,0.000077643176,0.000078239204,0.000077362272,0.000043057720,0.000044605336,0.000042108892,0.000045376589,0.000047251821,0.000044059453,0.000047048821,0.000049762195,0.000050667278,0.000035958718,0.000033301992,0.000032956998,0.000036302638,0.000036564634,0.000035537773,0.000038804928,0.000038152917,0.000038675835,0.000023875339,0.000021663352,0.000022732793,0.000025862033,0.000024157218,0.000023784433,0.000026435900,0.000025589773,0.000025486364
133,0.000116531998,0.000119324824,0.000127933223,0.000122824990,0.000120707486,0.000122462782,0.000131666960,0.000132587170,0.000133794959,0.000068470911,0.000067790023,0.000070482752,0.000072322093,0.000076505067,0.000074916858,0.000077643176,0.000078239204,0.000077362272,0.000043059589,0.000044613434,0.000042108892,0.000045376589,0.000047251821,0.000044151638,0.000047048821,0.000049762195,0.000050667278,0.000035958718,0.000033327489,0.000033009521,0.000036359349,0.000036573401,0.000035703642,0.000038804928,0.000038152917,0.000038675835,0.000023884732,0.000021663352,0.000022783228,0.000025862033,0.000024179147,0.000023784433,0.000026440030,0.000025612429,0.000025486364
134,0.000116531998,0.000119324824,0.000127933223,0.000122824990,0.000120707486,0.000122462782,0.000131666960,0.000132587170,0.000133794959,0.000068470911,0.000067790023,0.000070525077,0.000072322093,0.000076505067,0.000074969223,0.000077643176,0.000078239204,0.000077362272,0.000043119076,0.000044645064,0.000042122030,0.000045376589,0.000047283192,0.000044237189,0.000047048821,0.000049762195,0.000050667278,0.000035958718,0.000033327489,0.000033009521,0.000036359349,0.000036676998,0.000035703642,0.000038825328,0.000038152917,0.000038684604,0.000023884732,0.000021663352,0.000022783228,0.000025862033,0.000024199936,0.000023791372,0.000026440030,0.000025612429,0.000025491515
135,0.000116531998,0.000119324824,0.000127933223,0.000122824990,0.000120707486,0.000122462782,0.000131666960,0.000132587170,0.000133794959,0.000068470911,0.000067790023,0.000070594317,0.000072322093,0.000076505067,0.000074969223,0.000077761894,0.000078280362,0.000077475749,0.000043119076,0.000044645064,0.000042163069,0.000045376589,0.000047283192,0.000044390659,0.000047048821,0.000049786541,0.000050667278,0.000035958718,0.000033327489,0.000033015524,0.000036382618,0.000036676998,0.000035747150,0.000038825328,0.000038152917,0.000038733342,0.000024043021,0.000021663352,0.000022783228,0.000025869250,0.000024199936,0.000023791372,0.000026443411,0.000025700430,0.000025513434
136,0.000116531998,0.000119324824,0.000127933223,0.000122824990,0.000120707486,0.000122462782,0.000131666960,0.000132587170,0.000133794959,0.000068470911,0.000067790023,0.000070594317,0.000072322093,0.000076505067,0.000074969223,0.000077812959,0.000078280362,0.000077526891,0.000043119076,0.000044645064,0.000042163069,0.000045376589,0.000047345298,0.000044490666,0.000047048821,0.000049786541,0.000050667278,0.000035962634,0.000033328349,0.000033015524,0.000036421168,0.000036812722,0.000035796450,0.000038826921,0.000038155709,0.000038733342,0.000024145413,0.000021764822,0.000022784122,0.000025869250,0.000024215726,0.000023796423,0.000026443411,0.000025700430,0.000025513434
137,0.000116531998,0.000119324824,0.000127933223,0.000122824990,0.000120707486,0.000122462782,0.000131666960,0.000132587170,0.000133794959,0.000068470911,0.000067790023,0.000070594317,0.000072322093,0.000076548464,0.000074969223,0.000077848090,0.000078280362,0.000077526891,0.000043156128,0.000044663905,0.000042167357,0.000045376589,0.000047417402,0.000044490666,0.000047048821,0.000049786541,0.000050667278,0.000035962634,0.000033328349,0.000033015524,0.000036421168,0.000036812722,0.000035818301,0.000038826921,0.000038155709,0.000038733342,0.000024160851,0.000021764822,0.000022784122,0.000025917102,0.000024269891,0.000023809390,0.000026443411,0.000025709563,0.000025513434
138,0.000116531998,0.000119324824,0.000127933223,0.000122824990,0.000120707486,0.000122462782,0.000131666960,0.000132587170,0.000133794959,0.000068470911,0.000067799164,0.000070651509,0.000072322093,0.000076700338,0.000074969223,0.000077848090,0.000078280362,0.000078185624,0.000043156128,0.000044663905,0.000042173336,0.000045376589,0.000047417402,0.000044490666,0.000047048821,0.000049833303,0.000050667278,0.000035962634,0.000033328349,0.000033015524,0.000036421168,0.000036812722,0.000035838931,0.000038826921,0.000038156351,0.000038765171,0.000024174359,0.000021764822,0.000022784122,0.000025926165,0.000024269891,0.000023809390,0.000026476311,0.000025739567,0.000025513434
139,0.000116531998,0.000119324824,0.000127933223,0.000122824990,0.000120707486,0.000122462782,0.000131666960,0.000132587170,0.000133794959,0.000068470911,0.000067799164,0.000070651509,0.000072322093,0.000076700338,0.000074969223,0.000077848090,0.000078280362,0.000078185624,0.000043372185,0.000044663905,0.000042173336,0.000045376589,0.000047417402,0.000044490668,0.000047048821,0.000049833303,0.000050667278,0.000035962634,0.000033330143,0.000033015524,0.000036421168,0.000036914208,0.000035892873,0.000038826921,0.000038204390,0.000038912739,0.000024176104,0.000021778994,0.000022784122,0.000025928798,0.000024275517,0.000023828663,0.000026477420,0.000025739567,0.000025524443
140,0.000116531998,0.000119324824,0.000127933223,0.000122824990,0.000120707486,0.000122462782,0.000131666960,0.000132587170,0.000133794959,0.000068470911,0.000067799164,0.000070663570,0.000072322093,0.000076826145,0.000074969223,0.000077848090,0.000078287958,0.000078185624,0.000043372185,0.000044663905,0.000042173336,0.000045376589,0.000047508812,0.000044604331,0.000047048821,0.000049833303,0.000050700887,0.000035962634,0.000033330143,0.000033020485,0.000036431920,0.000036992945,0.000035908978,0.000038826921,0.000038263886,0.000038912739,0.000024176104,0.000021809593,0.000022784122,0.000025928798,0.000024275517,0.000023828663,0.000026493844,0.000025819222,0.000025524443
141,0.000116531998,0.000119324824,0.000127933223,0.000122824990,0.000120707486,0.000122462782,0.000131666960,0.000132587170,0.000133794959,0.000068470911,0.000067799164,0.000070693612,0.000072322093,0.000076826145,0.000074969223,0.000077861807,0.000078431334,0.000078232162,0.000043373468,0.000044742738,0.000042173336,0.000045376589,0.000047508812,0.000044604331,0.000047048821,0.000049833303,0.000050700887,0.000035971228,0.000033331678,0.000033020485,0.000036488367,0.000037096978,0.000035910310,0.000038826921,0.000038263886,0.000038912739,0.000024176104,0.000021809593,0.000022784122,0.000025928798,0.000024275517,0.000023828663,0.000026493844,0.000025856240,0.000025524443
142,0.000116531998,0.000119324824,0.000127933223,0.000122824990,0.000120707486,0.000122462782,0.000131666960,0.000132587170,0.000133794959,0.000068470911,0.000067799164,0.000070732505,0.000072322093,0.000076826145,0.000074969223,0.000077861807,0.000078431334,0.000078232162,0.000043607722,0.000044742738,0.000042232646,0.000045376589,0.000047508812,0.000044604331,0.000047048821,0.000049833303,0.000050709317,0.000035971228,0.000033342019,0.000033027706,0.000036488367,0.000037103174,0.000035941367,0.000038826921,0.000038349525,0.000038912739,0.000024176104,0.000021809593,0.000022887099,0.000025928798,0.000024287874,0.000023913853,0.000026502073,0.000025856240,0.000025653183
143,0.000116531998,0.000119324824,0.000127933223,0.000122824990,0.000120707486,0.000122462782,0.000131666960,0.000132587170,0.000133794959,0.000068470911,0.000067799164,0.000070744712,0.000072322093,0.000076863895,0.000074969223,0.000077861807,0.000078431334,0.000078232162,0.000043607722,0.000044742738,0.000042309542,0.000045376589,0.000047508812,0.000044605402,0.000047048821,0.000049833303,0.000050709317,0.000035971228,0.000033342019,0.000033027706,0.000036489427,0.000037127302,0.000035941367,0.000038826921,0.000038349525,0.000038912739,0.000024176104,0.000021811408,0.000022887099,0.000025928798,0.000024287874,0.000023913853,0.000026502073,0.000025856240,0.000025663438
144,0.000116531998,0.000119324824,0.000127933223,0.000122824990,0.000120707486,0.000122462782,0.000131666960,0.000132587170,0.000133794959,0.000068470911,0.000067799164,0.000070744712,0.000072322093,0.000076863895,0.000074969223,0.000077861807,0.000078487715,0.000078232162,0.000043682731,0.000044742738,0.000042322145,0.000045376589,0.000047527754,0.000044605402,0.000047048821,0.000049833303,0.000050709317,0.000035971228,0.000033364274,0.000033059948,0.000036489427,0.000037142389,0.000035941367,0.000038826921,0.000038370067,0.000038941073,0.000024176104,0.000021811408,0.000022887930,0.000025928798,0.000024322591,0.000023913853,0.000026523161,0.000025856240,0.000025736649
145,0.000116789350,0.000119324824,0.000127933223,0.000122824990,0.000120707486,0.000122462782,0.000131666960,0.000132587170,0.000133794959,0.000068470911,0.000067858938,0.000070744712,0.000072322093,0.000076913853,0.000074969223,0.000077861807,0.000078507534,0.000078232162,0.000043717922,0.000044742738,0.000042322145,0.000045376589,0.000047527754,0.000044766815,0.000047048821,0.000049833303,0.000050709317,0.000035971228,0.000033364274,0.000033069695,0.000036489427,0.000037204335,0.000035941367,0.000038826921,0.000038382730,0.000038941073,0.000024176104,0.000021827220,0.000022895898,0.000025931896,0.000024322591,0.000023913853,0.000026526976,0.000025856240,0.000025798789
146,0.000116789350,0.000119324824,0.000127933223,0.000122824990,0.000120707486,0.000122462782,0.000131666960,0.000132587170,0.000133794959,0.000068470911,0.000067858938,0.000070943762,0.000072322093,0.000076913853,0.000074969223,0.000078025272,0.000078507534,0.000078232162,0.000043717922,0.000044753902,0.000042343324,0.000045376589,0.000047527754,0.000045135439,0.000047048821,0.000049836032,0.000050711099,0.000035971228,0.000033656005,0.000033069695,0.000036489427,0.000037204335,0.000035941367,0.000038826921,0.000038393233,0.000038941073,0.000024176104,0.000021827220,0.000022901625,0.000025931896,0.000024332902,0.000023927809,0.000026526976,0.000025872357,0.000025798789
147,0.000117075833,0.000119324824,0.000127933223,0.000122824990,0.000120707486,0.000122462782,0.000131666960,0.000132587170,0.000133794959,0.000068470911,0.000067858938,0.000070943762,0.000072322093,0.000076913853,0.000074969223,0.000078025272,0.000078507534,0.000078272401,0.000043719768,0.000044774720,0.000042343324,0.000045376589,0.000047542613,0.000045135439,0.000047048821,0.000049836032,0.000050723413,0.000035971228,0.000033656005,0.000033069695,0.000036489427,0.000037204335,0.000035955750,0.000038826921,0.000038416320,0.000038999800,0.000024176104,0.000021877764,0.000022901625,0.000025934586,0.000024342076,0.000023927809,0.000026526976,0.000025877443,0.000025807943
148,0.000117075833,0.000119324824,0.000127933223,0.000122824990,0.000120707486,0.000122462782,0.000131666960,0.000132587170,0.000133794959,0.000068470911,0.000067858938,0.000070943762,0.000072322093,0.000076963446,0.000075043190,0.000078025272,0.000078507534,0.000078444222,0.000043719768,0.000044774720,0.000042376453,0.000045376589,0.000047542613,0.000045213672,0.000047048821,0.000049836032,0.000050762257,0.000035971228,0.000033656005,0.000033069695,0.000036489427,0.000037204335,0.000035955750,0.000038826921,0.000038436530,0.000039210414,0.000024176104,0.000021894991,0.000022903186,0.000025934586,0.000024342076,0.000023927809,0.000026535099,0.000025884200,0.000025828375
149,0.000117075833,0.000119324824,0.000127933223,0.000122824990,0.000120707486,0.000122462782,0.000131666960,0.000132587170,0.000133794959,0.000068470911,0.000067858938,0.000070944576,0.000072322093,0.000076994795,0.000075043190,0.000078025272,0.000078507534,0.000078499384,0.000043719768,0.000044774720,0.000042376453,0.000045376589,0.000047604493,0.000045213672,0.000047048821,0.000049836032,0.000050778451,0.000035971228,0.000033656005,0.000033069695,0.000036489427,0.000037230715,0.000035961177,0.000038826921,0.000038438902,0.000039210414,0.000024176104,0.000021894991,0.000022905189,0.000025934586,0.000024342076,0.000023927809,0.000026535203,0.000025884200,0.000025828375
150,0.000117075833,0.000119324824,0.000127933223,0.000122824990,0.000120707486,0.000122462782,0.000131666960,0.000132587170,0.000133794959,0.000068470911,0.000067861081,0.000070944576,0.000072322093,0.000076994795,0.000075043190,0.000078025272,0.000078507534,0.000078499384,0.000043719768,0.000044774720,0.000042392585,0.000045376589,0.000047604493,0.000045213672,0.000047048821,0.000049865603,0.000050778451,0.000035976715,0.000033754534,0.000033069695,0.000036489427,0.000037230715,0.000035994430,0.000038826921,0.000038438902,0.000039210414,0.000024176104,0.000021898243,0.000022905189,0.000025934586,0.000024359646,0.000023927809,0.000026536853,0.000025884200,0.000025838753
151,0.000117075833,0.000119324824,0.000127933223,0.000122824990,0.000120707486,0.000122462782,0.000131666960,0.000132587170,0.000133794959,0.000068470911,0.000067861081,0.000070944576,0.000072322093,0.000076994795,0.000075341420,0.000078025272,0.000078613339,0.000078499384,0.000043719768,0.000044774720,0.000042392585,0.000045376589,0.000047604493,0.000045213763,0.000047048821,0.000049865603,0.000050778451,0.000035976715,0.000033754534,0.000033080451,0.000036489427,0.000037230715,0.000035994430,0.000038826921,0.000038438902,0.000039210530,0.000024176104,0.000021898243,0.000022916165,0.000025934586,0.000024359646,0.000023927809,0.000026539048,0.000025892378,0.000025904118
152,0.000117075833,0.000119324824,0.000127933223,0.000122824990,0.000120707486,0.000122462782,0.000131666960,0.000132587170,0.000133794959,0.000068470911,0.000067861081,0.000070944576,0.000072322093,0.000077014114,0.000075341420,0.000078025272,0.000078621324,0.000078520292,0.000043750394,0.000044774720,0.000042394934,0.000045376589,0.000047607989,0.000045213763,0.000047048821,0.000049865603,0.000050793407,0.000035976715,0.000033787961,0.000033085567,0.000036489427,0.000037230715,0.000035994430,0.000038826921,0.000038438902,0.000039210530,0.000024178722,0.000021898243,0.000022916165,0.000025934586,0.000024359646,0.000023942460,0.000026539048,0.000025892378,0.000025904118
153,0.000117075833,0.000119324824,0.000127933223,0.000122824990,0.000120707486,0.000122462782,0.000131666960,0.000132587170,0.000133794959,0.000068470911,0.000067861081,0.000070944576,0.000072341161,0.000077014114,0.000075341420,0.000078025272,0.000078621324,0.000078520292,0.000043902894,0.000044774720,0.000042504306,0.000045376589,0.000047607989,0.000045213763,0.000047048821,0.000049865603,0.000050793407,0.000035976715,0.000033787961,0.000033085567,0.000036506217,0.000037230715,0.000035994430,0.000038826921,0.000038473765,0.000039211878,0.000024178722,0.000021898243,0.000022916165,0.000025934586,0.000024360109,0.000023942460,0.000026539048,0.000025900033,0.000025904118
154,0.000117075833,0.000119324824,0.000127933223,0.000122824990,0.000120707486,0.000122462782,0.000131666960,0.000132587170,0.000133794959,0.000068470911,0.000067892691,0.000070947601,0.000072341161,0.000077024584,0.000075341420,0.000078025272,0.000078668432,0.000078520292,0.000043902894,0.000044774720,0.000042578088,0.000045376589,0.000047607989,0.000045304808,0.000047048821,0.000049875761,0.000050793407,0.000035976715,0.000033793968,0.000033085567,0.000036506217,0.000037230715,0.000035994430,0.000038826921,0.000038473765,0.000039211878,0.000024178722,0.000021906424,0.000022916165,0.000025934586,0.000024503509,0.000023942460,0.000026561894,0.000025937272,0.000025967805
155,0.000117075833,0.000119324824,0.000127933223,0.000122824990,0.000120707486,0.000122462782,0.000131666960,0.000132587170,0.000133794959,0.000068470911,0.000067892691,0.000071061547,0.000072341161,0.000077024584,0.000075396852,0.000078025272,0.000078674197,0.000078520292,0.000043902894,0.000044774720,0.000042607282,0.000045376589,0.000047614429,0.000045321788,0.000047048821,0.000049875761,0.000050793407,0.000035990565,0.000033793968,0.000033085567,0.000036506217,0.000037230715,0.000035994430,0.000038826921,0.000038508563,0.000039211878,0.000024178722,0.000021906424,0.000022916165,0.000025934586,0.000024513797,0.000023942460,0.000026561894,0.000025956749,0.000025967805
156,0.000117075833,0.000119324824,0.000127933223,0.000122824990,0.000120707486,0.000122462782,0.000131666960,0.000132587170,0.000133794959,0.000068470911,0.000067892691,0.000071061547,0.000072341161,0.000077024584,0.000075396852,0.000078025272,0.000078674197,0.000078520292,0.000043902894,0.000044820696,0.000042607282,0.000045376589,0.000047704410,0.000045321788,0.000047048821,0.000049875761,0.000050793407,0.000035990565,0.000033796355,0.000033085567,0.000036548779,0.000037230715,0.000035994430,0.000038826921,0.000038668661,0.000039211878,0.000024178722,0.000021947279,0.000022916994,0.000025934586,0.000024576052,0.000023942460,0.000026599882,0.000025990427,0.000026006938
157,0.000117075833,0.000119324824,0.000127933223,0.000122824990,0.000120707486,0.000122462782,0.000131666960,0.000132587170,0.000133794959,0.000068470911,0.000067892691,0.000071061547,0.000072341161,0.000077024584,0.000075396852,0.000078025272,0.000078674197,0.000078520292,0.000043902894,0.000044850630,0.000042607282,0.000045376589,0.000047831717,0.000045321788,0.000047048821,0.000049875761,0.000050793407,0.000035990565,0.000033796355,0.000033085567,0.000036548779,0.000037270672,0.000035994430,0.000038826921,0.000038668661,0.000039211878,0.000024233245,0.000021947279,0.000022916994,0.000025934586,0.000024576057,0.000024001630,0.000026599882,0.000025990427,0.000026006938
158,0.000117075833,0.000119324824,0.000127933223,0.000122824990,0.000120707486,0.000122462782,0.000131666960,0.000132587170,0.000133794959,0.000068477296,0.000067892691,0.000071187300,0.000072341161,0.000077041080,0.000075396852,0.000078025272,0.000078674197,0.000078520292,0.000043902894,0.000044885677,0.000042607282,0.000045376589,0.000047831717,0.000045428827,0.000047048821,0.000049875761,0.000050793407,0.000035990565,0.000033840954,0.000033085567,0.000036548779,0.000037276544,0.000035994430,0.000038826921,0.000038720081,0.000039232404,0.000024233245,0.000021957805,0.000022955895,0.000025934586,0.000024576057,0.000024001630,0.000026599882,0.000025995121,0.000026013780
159,0.000117075833,0.000119324824,0.000127933223,0.000122824990,0.000120707486,0.000122462782,0.000131666960,0.000132587170,0.000133794959,0.000068477296,0.000067892691,0.000071187300,0.000072341161,0.000077052475,0.000075396852,0.000078025272,0.000078676438,0.000078520292,0.000043902894,0.000044885677,0.000042607282,0.000045376589,0.000047831717,0.000045598868,0.000047048821,0.000049912349,0.000050793747,0.000035990565,0.000033840954,0.000033085567,0.000036583446,0.000037276544,0.000035994430,0.000038826921,0.000038830847,0.000039232404,0.000024247586,0.000021957805,0.000022955895,0.000025934586,0.000024578593,0.000024071046,0.000026599882,0.000025996504,0.000026028973
160,0.000117075833,0.000119324824,0.000127933223,0.000122824990,0.000120707486,0.000122462782,0.000131666960,0.000132587170,0.000133794959,0.000068477296,0.000067892691,0.000071187300,0.000072341161,0.000077241696,0.000075396852,0.000078025272,0.000079031534,0.000078520292,0.000043915136,0.000045157816,0.000042647519,0.000045380571,0.000047831717,0.000045598868,0.000047048821,0.000049912349,0.000050803509,0.000035990565,0.000033840954,0.000033085567,0.000036584627,0.000037309730,0.000035998417,0.000038826921,0.000038863155,0.000039232404,0.000024247586,0.000021957805,0.000022968391,0.000025934586,0.000024598517,0.000024071046,0.000026599882,0.000026001000,0.000026028973
161,0.000117075833,0.000119324824,0.000127933223,0.000122824990,0.000120707486,0.000122462782,0.000131666960,0.000132587170,0.000133794959,0.000068477296,0.000067892691,0.000071187300,0.000072341161,0.000077241696,0.000075396852,0.000078025272,0.000079031534,0.000079667943,0.000043915136,0.000045157816,0.000042832627,0.000045380571,0.000047843914,0.000045598868,0.000047048821,0.000049912349,0.000050812820,0.000035990565,0.000033840954,0.000033085567,0.000036611014,0.000037309730,0.000035998417,0.000038826921,0.000038931711,0.000039232404,0.000024247586,0.000021957805,0.000022968391,0.000025934586,0.000024598517,0.000024071046,0.000026621486,0.000026024832,0.000026046876
162,0.000117075833,0.000119324824,0.000127933223,0.000122824990,0.000120707486,0.000122671155,0.000131666960,0.000132587170,0.000133794959,0.000068477296,0.000067892691,0.000071540890,0.000072341161,0.000077426821,0.000075396852,0.000078025272,0.000079031534,0.000079667943,0.000043915136,0.000045157816,0.000042846666,0.000045380571,0.000047895586,0.000045661226,0.000047048821,0.000049912349,0.000050814293,0.000035990565,0.000033840954,0.000033085567,0.000036611014,0.000037344713,0.000035998417,0.000038826921,0.000038931711,0.000039232404,0.000024247586,0.000021957805,0.000022968391,0.000025940132,0.000024598517,0.000024074830,0.000026644867,0.000026025135,0.000026128963
163,0.000117075833,0.000119324824,0.000127933223,0.000122824990,0.000120707486,0.000122671155,0.000131666960,0.000132587170,0.000133794959,0.000068477296,0.000067892691,0.000071540890,0.000072341161,0.000077617125,0.000075396852,0.000078025272,0.000079031534,0.000079667943,0.000043932499,0.000045185662,0.000042964143,0.000045380571,0.000048030761,0.000045661226,0.000047048821,0.000049982739,0.000050814293,0.000035990565,0.000033840954,0.000033085567,0.000036611014,0.000037344713,0.000035998417,0.000038826921,0.000038931711,0.000039232404,0.000024247586,0.000021957805,0.000022968391,0.000025940132,0.000024598517,0.000024074830,0.000026644867,0.000026025135,0.000026144878
164,0.000117075833,0.000119324824,0.000127933223,0.000122824990,0.000120707486,0.000122671155,0.000131666960,0.000132587170,0.000133794959,0.000068477296,0.000067892691,0.000071540890,0.000072341161,0.000077617125,0.000075396852,0.000078025272,0.000079031534,0.000079667943,0.000043932499,0.000045185662,0.000042964143,0.000045380571,0.000048030761,0.000045669276,0.000047048821,0.000050040793,0.000050814293,0.000035990565,0.000033840954,0.000033085567,0.000036611014,0.000037344713,0.000035998417,0.000038826921,0.000038944232,0.000039232404,0.000024247586,0.000021987835,0.000022968391,0.000025940132,0.000024611119,0.000024095780,0.000026644867,0.000026025135,0.000026144878
165,0.000117075833,0.000119324824,0.000127933223,0.000122824990,0.000120707486,0.000122671155,0.000131666960,0.000132587170,0.000133794959,0.000068477296,0.000067892691,0.000071540890,0.000072341161,0.000077617125,0.000075396852,0.000078025272,0.000079053287,0.000079904398,0.000043938052,0.000045185662,0.000042964143,0.000045380571,0.000048030761,0.000045669276,0.000047048821,0.000050040793,0.000050814293,0.000035990565,0.000033840954,0.000033085567,0.000036611014,0.000037344713,0.000035998417,0.000038826921,0.000039069578,0.000039232404,0.000024247586,0.000022118493,0.000022968391,0.000025940132,0.000024620950,0.000024096144,0.000026644867,0.000026033265,0.000026144878
166,0.000117075833,0.000119324824,0.000127933223,0.000122824990,0.000120707486,0.000122671155,0.000131666960,0.000132587170,0.000133794959,0.000068477296,0.000067892691,0.000071540890,0.000072341161,0.000077617125,0.000075500636,0.000078025272,0.000079053287,0.000079944416,0.000043938052,0.000045185662,0.000042978959,0.000045380571,0.000048030761,0.000045669276,0.000047048821,0.000050051724,0.000050814293,0.000036006715,0.000033840954,0.000033085567,0.000036611014,0.000037394584,0.000035998417,0.000038826921,0.000039103146,0.000039274455,0.000024247586,0.000022118493,0.000022968391,0.000025940132,0.000024620950,0.000024096144,0.000026644867,0.000026033265,0.000026246740
167,0.000117075833,0.000119324824,0.000127933223,0.000122824990,0.000120707486,0.000123339564,0.000131666960,0.000132587170,0.000133794959,0.000068477296,0.000067892691,0.000071540890,0.000072341161,0.000077617125,0.000075500636,0.000078025272,0.000079053287,0.000079944416,0.000043938052,0.000045185662,0.000042978959,0.000045380571,0.000048036481,0.000045702941,0.000047048821,0.000050081531,0.000050818199,0.000036006715,0.000033840954,0.000033102248,0.000036634088,0.000037406267,0.000035998417,0.000038826921,0.000039103375,0.000039283139,0.000024249919,0.000022118493,0.000022970889,0.000025940132,0.000024620950,0.000024096144,0.000026655202,0.000026033265,0.000026250490
168,0.000117075833,0.000119324824,0.000127933223,0.000122824990,0.000120707486,0.000123339564,0.000131666960,0.000132587170,0.000133794959,0.000068477296,0.000067892691,0.000071540890,0.000072341161,0.000077617125,0.000075500636,0.000078025272,0.000079053287,0.000079944416,0.000043938052,0.000045185662,0.000042978959,0.000045380571,0.000048112158,0.000045702941,0.000047048821,0.000050102072,0.000050820181,0.000036006715,0.000033849328,0.000033102248,0.000036634088,0.000037406267,0.000035998417,0.000038826921,0.000039118966,0.000039283139,0.000024249919,0.000022124841,0.000022970889,0.000025940132,0.000024634779,0.000024109811,0.000026655202,0.000026038076,0.000026345948
169,0.000117075833,0.000119324824,0.000127933223,0.000122824990,0.000120707486,0.000123339564,0.000131666960,0.000132587170,0.000133794959,0.000068477296,0.000067892691,0.000071540890,0.000072341161,0.000077622252,0.000075500636,0.000078025272,0.000079053287,0.000079944416,0.000043966069,0.000045191524,0.000042978959,0.000045380571,0.000048112158,0.000045702941,0.000047048821,0.000050124772,0.000050820181,0.000036014299,0.000033849328,0.000033102248,0.000036634088,0.000037406267,0.000035998417,0.000038826921,0.000039123824,0.000039484249,0.000024249919,0.000022132161,0.000022981218,0.000025940132,0.000024657773,0.000024109811,0.000026655202,0.000026158271,0.000026345948
170,0.000117075833,0.000119324824,0.000127933223,0.000122824990,0.000120707486,0.000123339564,0.000131666960,0.000132587170,0.000133794959,0.000068477296,0.000067892691,0.000071565343,0.000072341161,0.000077622252,0.000075500636,0.000078039221,0.000079053287,0.000079944416,0.000044030946,0.000045199482,0.000043223725,0.000045380571,0.000048112158,0.000045803666,0.000047048821,0.000050152903,0.000050820181,0.000036014299,0.000033849328,0.000033102248,0.000036634088,0.000037406267,0.000035998417,0.000038826921,0.000039394306,0.000039484249,0.000024249919,0.000022161232,0.000022981218,0.000025972495,0.000024657773,0.000024120516,0.000026655202,0.000026160564,0.000026345948
171,0.000117075833,0.000119469106,0.000127933223,0.000122824990,0.000120707486,0.000123354906,0.000131666960,0.000132587170,0.000133794959,0.000068477296,0.000067892691,0.000071565343,0.000072341161,0.000077740802,0.000075500636,0.000078039221,0.000079205615,0.000079944416,0.000044030946,0.000045199482,0.000043252119,0.000045380571,0.000048120932,0.000045803666,0.000047048821,0.000050152903,0.000050820181,0.000036014299,0.000033849328,0.000033102248,0.000036634088,0.000037431682,0.000035998417,0.000038826921,0.000039410460,0.000039490276,0.000024249919,0.000022213079,0.000022999001,0.000025972495,0.000024669238,0.000024120516,0.000026655202,0.000026160564,0.000026358502
172,0.000117075833,0.000119469106,0.000127933223,0.000122824990,0.000120707486,0.000123354906,0.000131666960,0.000132587170,0.000133794959,0.000068554044,0.000067892691,0.000071612426,0.000072341161,0.000077740802,0.000075500636,0.000078039221,0.000079449704,0.000079944416,0.000044030946,0.000045202467,0.000043336022,0.000045380571,0.000048124700,0.000045803666,0.000047048821,0.000050152903,0.000050881779,0.000036014299,0.000033950217,0.000033102248,0.000036634088,0.000037431682,0.000035998417,0.000038826921,0.000039456444,0.000039490276,0.000024249919,0.000022213079,0.000023019696,0.000025972495,0.000024684013,0.000024120516,0.000026655202,0.000026160564,0.000026358502
173,0.000117075833,0.000119469106,0.000127933223,0.000122824990,0.000120707486,0.000123354906,0.000131666960,0.000132587170,0.000133794959,0.000068625699,0.000067892691,0.000071612426,0.000072341161,0.000077740802,0.000075500636,0.000078039221,0.000079496987,0.000079944416,0.000044030946,0.000045352326,0.000043447409,0.000045380571,0.000048124700,0.000045813202,0.000047048821,0.000050152903,0.000050881779,0.000036014299,0.000033950853,0.000033147151,0.000036634088,0.000037431682,0.000036006761,0.000038826921,0.000039456444,0.000039635658,0.000024249919,0.000022213079,0.000023072206,0.000025972495,0.000024716667,0.000024194497,0.000026655202,0.000026188318,0.000026376546
174,0.000117075833,0.000119469106,0.000127933223,0.000122824990,0.000120707486,0.000123354906,0.000131666960,0.000132587170,0.000133794959,0.000068625699,0.000067892691,0.000071612426,0.000072341161,0.000077822661,0.000075500636,0.000078039221,0.000079496987,0.000079944416,0.000044084989,0.000045352326,0.000043447409,0.000045380571,0.000048124700,0.000045866201,0.000047048821,0.000050152903,0.000050881779,0.000036014299,0.000033950853,0.000033211127,0.000036634088,0.000037431682,0.000036009503,0.000038826921,0.000039548967,0.000039635658,0.000024249919,0.000022213079,0.000023072206,0.000025972495,0.000024722579,0.000024194497,0.000026661720,0.000026332132,0.000026406807
175,0.000117075833,0.000119469106,0.000127933223,0.000122824990,0.000120707486,0.000123354906,0.000131666960,0.000132587170,0.000133794959,0.000068625699,0.000067892691,0.000071612426,0.000072341161,0.000077822661,0.000075500636,0.000078039221,0.000079496987,0.000079944416,0.000044157563,0.000045390708,0.000043447409,0.000045380571,0.000048124700,0.000045866201,0.000047048821,0.000050152903,0.000050881779,0.000036014299,0.000034252074,0.000033256565,0.000036634088,0.000037431682,0.000036009503,0.000038826921,0.000039548967,0.000039635658,0.000024251170,0.000022213079,0.000023133741,0.000025972495,0.000024722579,0.000024194497,0.000026661720,0.000026332132,0.000026441842
176,0.000117075833,0.000119469106,0.000127933223,0.000122824990,0.000120707486,0.000123354906,0.000131666960,0.000132587170,0.000133794959,0.000068625699,0.000067892691,0.000071612426,0.000072341161,0.000078796742,0.000075500636,0.000078039221,0.000079496987,0.000079944416,0.000044215356,0.000045432492,0.000043447409,0.000045380571,0.000048172335,0.000045866201,0.000047048821,0.000050152903,0.000050881779,0.000036014299,0.000034259684,0.000033261993,0.000036634088,0.000037498583,0.000036037466,0.000038826921,0.000039573901,0.000039635658,0.000024254166,0.000022213079,0.000023133741,0.000025972495,0.000024722916,0.000024227344,0.000026661720,0.000026335575,0.000026545519
177,0.000117075833,0.000119469106,0.000127933223,0.000122824990,0.000120707486,0.000123354906,0.000131666960,0.000132587170,0.000133794959,0.000068625699,0.000067892691,0.000071669330,0.000072341161,0.000079004740,0.000075500636,0.000078039221,0.000079551622,0.000079944416,0.000044373057,0.000045436131,0.000043447409,0.000045380571,0.000048172335,0.000045866201,0.000047048821,0.000050152903,0.000050910116,0.000036014299,0.000034259684,0.000033261993,0.000036634088,0.000037498583,0.000036037466,0.000038826921,0.000039583348,0.000039635658,0.000024254166,0.000022217010,0.000023133741,0.000025972495,0.000024722916,0.000024304984,0.000026661720,0.000026510193,0.000026560153
178,0.000117075833,0.000119469106,0.000127933223,0.000122824990,0.000120707486,0.000123354906,0.000131666960,0.000132587170,0.000133794959,0.000068625699,0.000067892691,0.000071669330,0.000072341161,0.000079004740,0.000075500636,0.000078039221,0.000079580818,0.000079944416,0.000044373057,0.000045436131,0.000043447409,0.000045380571,0.000048172335,0.000045953531,0.000047048821,0.000050167935,0.000050985229,0.000036014299,0.000034259684,0.000033360268,0.000036634088,0.000037498583,0.000036037466,0.000038826921,0.000039583348,0.000039635658,0.000024254166,0.000022231858,0.000023133741,0.000025972495,0.000024723609,0.000024304984,0.000026674993,0.000026548280,0.000026560153
179,0.000117075833,0.000119469106,0.000127933223,0.000122824990,0.000120707486,0.000123354906,0.000131666960,0.000132587170,0.000133794959,0.000068625699,0.000067892691,0.000071722655,0.000072341161,0.000079004740,0.000075500636,0.000078039221,0.000079580818,0.000079944416,0.000044373057,0.000045436131,0.000043447409,0.000045380571,0.000048316440,0.000045953531,0.000047048821,0.000050167935,0.000050985229,0.000036014299,0.000034259684,0.000033360268,0.000036655275,0.000037498583,0.000036040731,0.000038826921,0.000039664822,0.000039653875,0.000024254166,0.000022231858,0.000023133741,0.000025972495,0.000024723609,0.000024532351,0.000026674993,0.000026571430,0.000026560153
180,0.000117075833,0.000119469106,0.000127933223,0.000122824990,0.000120707486,0.000123388169,0.000131666960,0.000132587170,0.000133794959,0.000068625699,0.000067892691,0.000071722655,0.000072341161,0.000079004740,0.000075500636,0.000078039221,0.000079580818,0.000079944416,0.000044373057,0.000045436131,0.000043447409,0.000045380571,0.000048316440,0.000046239778,0.000047048821,0.000050167935,0.000050985229,0.000036014299,0.000034287180,0.000033360268,0.000036655275,0.000037522142,0.000036040731,0.000038826921,0.000039664822,0.000039653875,0.000024254166,0.000022231858,0.000023133741,0.000025972495,0.000024723609,0.000024533356,0.000026674993,0.000026571430,0.000026588819
181,0.000117075833,0.000119469106,0.000127933223,0.000122824990,0.000120707486,0.000123388169,0.000131666960,0.000132587170,0.000133794959,0.000068625699,0.000067892691,0.000071722655,0.000072341161,0.000079004740,0.000075500636,0.000078039221,0.000079612578,0.000079944416,0.000044373057,0.000045436131,0.000043451043,0.000045380571,0.000048324594,0.000046287903,0.000047048821,0.000050187860,0.000051032004,0.000036014299,0.000034287180,0.000033360268,0.000036655275,0.000037561250,0.000036049367,0.000038826921,0.000039664822,0.000039653875,0.000024254166,0.000022231858,0.000023137948,0.000025972495,0.000024723609,0.000024616985,0.000026674993,0.000026582309,0.000026588819
182,0.000117075833,0.000119469106,0.000127933223,0.000122824990,0.000120707486,0.000123388169,0.000131666960,0.000132587170,0.000133794959,0.000068625699,0.000067892691,0.000071722655,0.000072341161,0.000079075915,0.000075500636,0.000078039221,0.000079612578,0.000079944416,0.000044373057,0.000045436131,0.000043451043,0.000045380571,0.000048325735,0.000046293514,0.000047048821,0.000050187860,0.000051032004,0.000036014299,0.000034339532,0.000033360268,0.000036655275,0.000037561250,0.000036056252,0.000038826921,0.000039664822,0.000039653875,0.000024254166,0.000022234148,0.000023137948,0.000025972495,0.000024723609,0.000024629643,0.000026674993,0.000026582309,0.000026603858
183,0.000117075833,0.000119469106,0.000127933223,0.000122824990,0.000120707486,0.000123388169,0.000131666960,0.000132602107,0.000133794959,0.000068625699,0.000067892691,0.000071722655,0.000072341161,0.000079075915,0.000075500636,0.000078039221,0.000079612578,0.000079944416,0.000044373057,0.000045612837,0.000043451043,0.000045380571,0.000048325735,0.000046483899,0.000047048821,0.000050187874,0.000051113728,0.000036014299,0.000034339532,0.000033360268,0.000036655275,0.000037594183,0.000036126823,0.000038826921,0.000039691697,0.000039653875,0.000024254166,0.000022234148,0.000023137948,0.000025972495,0.000024723609,0.000024633221,0.000026674993,0.000026582309,0.000026617928
184,0.000117075833,0.000119469106,0.000127933223,0.000122824990,0.000120707486,0.000123388169,0.000131666960,0.000132975869,0.000133794959,0.000068625699,0.000067892691,0.000071722655,0.000072341161,0.000079088911,0.000075515479,0.000078039221,0.000079612578,0.000079944416,0.000044382033,0.000045613972,0.000043451043,0.000045380571,0.000048325735,0.000046483899,0.000047048821,0.000050187874,0.000051116440,0.000036014299,0.000034364642,0.000033360268,0.000036657938,0.000037594183,0.000036157251,0.000038826921,0.000039691697,0.000039653875,0.000024254166,0.000022234148,0.000023137948,0.000025972495,0.000024724347,0.000024633221,0.000026674993,0.000026584578,0.000026653917
185,0.000117075833,0.000119469106,0.000127933223,0.000122824990,0.000120707486,0.000123388169,0.000131666960,0.000132975869,0.000133794959,0.000068625699,0.000067892691,0.000071730651,0.000072341161,0.000079088911,0.000075515479,0.000078039221,0.000079612578,0.000079944416,0.000044382033,0.000045613972,0.000043451043,0.000045380571,0.000048325735,0.000046483899,0.000047048821,0.000050187874,0.000051116440,0.000036014299,0.000034374669,0.000033554812,0.000036659571,0.000037594183,0.000036157251,0.000038826921,0.000039696709,0.000039653875,0.000024254166,0.000022234148,0.000023137948,0.000025972495,0.000024849838,0.000024633221,0.000026674993,0.000026597552,0.000026703508
186,0.000117075833,0.000119469106,0.000127933223,0.000122824990,0.000120707486,0.000123388169,0.000131666960,0.000132975869,0.000133794959,0.000068625699,0.000067892691,0.000071730651,0.000072341161,0.000079088911,0.000075515479,0.000078039221,0.000079612578,0.000079944416,0.000044594940,0.000045613972,0.000043451043,0.000045380571,0.000048325735,0.000046483899,0.000047048821,0.000050187874,0.000051116440,0.000036014299,0.000034448506,0.000033566128,0.000036659571,0.000037594183,0.000036157251,0.000038826921,0.000039696709,0.000039653875,0.000024254166,0.000022234148,0.000023137948,0.000025972495,0.000024871585,0.000024633221,0.000026674993,0.000026597552,0.000026890833
187,0.000117075833,0.000119469106,0.000127933223,0.000122824990,0.000120707486,0.000123388169,0.000131666960,0.000132975869,0.000133794959,0.000068625699,0.000067892691,0.000071730651,0.000072341161,0.000079258485,0.000075515479,0.000078039221,0.000079612578,0.000079944416,0.000044608360,0.000045613972,0.000043451043,0.000045380571,0.000048325735,0.000046483899,0.000047048821,0.000050220408,0.000051165334,0.000036014299,0.000034448506,0.000033566128,0.000036659571,0.000037602923,0.000036168075,0.000038826921,0.000039696709,0.000039653875,0.000024254166,0.000022234148,0.000023137948,0.000025972495,0.000024962584,0.000024633221,0.000026674993,0.000026639911,0.000027021180
188,0.000117075833,0.000119469106,0.000127933223,0.000122824990,0.000120707486,0.000123388169,0.000131666960,0.000132975869,0.000133794959,0.000068625699,0.000067892691,0.000071730651,0.000072341161,0.000079258485,0.000075515479,0.000078039221,0.000079612578,0.000079944416,0.000044625709,0.000045615826,0.000043451043,0.000045380571,0.000048325735,0.000046483899,0.000047048821,0.000050220408,0.000051176339,0.000036014299,0.000034450752,0.000033660811,0.000036659571,0.000037635357,0.000036223203,0.000038826921,0.000039696709,0.000039653875,0.000024254166,0.000022234148,0.000023137948,0.000025972495,0.000024962584,0.000024633221,0.000026674993,0.000026641649,0.000027026738
189,0.000117163502,0.000119469106,0.000127933223,0.000122824990,0.000120707486,0.000123388169,0.000131666960,0.000132975869,0.000133794959,0.000068625699,0.000067892691,0.000071730651,0.000072341161,0.000079258485,0.000075515479,0.000078039221,0.000079612578,0.000080496429,0.000044625709,0.000045615826,0.000043475742,0.000045380571,0.000048325735,0.000046483899,0.000047048821,0.000050253950,0.000051220145,0.000036014299,0.000034450752,0.000033660811,0.000036659571,0.000037687720,0.000036223203,0.000038826921,0.000039696709,0.000039653875,0.000024254166,0.000022234148,0.000023137948,0.000025972495,0.000025055668,0.000024633221,0.000026674993,0.000026647971,0.000027026738
190,0.000117163502,0.000119469106,0.000127933223,0.000122824990,0.000120707486,0.000123388169,0.000131666960,0.000132975869,0.000133794959,0.000068625699,0.000067892691,0.000071730651,0.000072393582,0.000079428737,0.000075515479,0.000078052737,0.000079612578,0.000080496429,0.000044625709,0.000045615826,0.000043475742,0.000045380571,0.000048325735,0.000046483946,0.000047048821,0.000050256382,0.000051222165,0.000036014299,0.000034450752,0.000034029215,0.000036659571,0.000037696045,0.000036223203,0.000038826921,0.000039696709,0.000039653875,0.000024254166,0.000022234148,0.000023137948,0.000025972495,0.000025056515,0.000024633221,0.000026674993,0.000026658217,0.000027057593
191,0.000117401695,0.000119469106,0.000127933223,0.000122824990,0.000120707486,0.000123388169,0.000131666960,0.000132975869,0.000133794959,0.000068625699,0.000067892691,0.000071730651,0.000072420048,0.000079446019,0.000075515479,0.000078052737,0.000079612578,0.000080496429,0.000044625709,0.000045622395,0.000043475742,0.000045380571,0.000048330603,0.000046499644,0.000047048821,0.000050354218,0.000051222165,0.000036014299,0.000034450752,0.000034029215,0.000036659571,0.000037723576,0.000036223203,0.000038826921,0.000039696709,0.000039653875,0.000024254166,0.000022234148,0.000023147890,0.000025972495,0.000025056515,0.000024655163,0.000026674993,0.000026658217,0.000027057593
192,0.000117401695,0.000119469106,0.000127933223,0.000122824990,0.000120707486,0.000123388169,0.000131666960,0.000132975869,0.000133794959,0.000068625699,0.000067892691,0.000071730651,0.000072420048,0.000079482405,0.000075515479,0.000078052737,0.000079612578,0.000080496429,0.000044625709,0.000045626325,0.000043484745,0.000045380571,0.000048330603,0.000046499644,0.000047048821,0.000050424172,0.000051222165,0.000036014299,0.000034450752,0.000034029215,0.000036659571,0.000037744615,0.000036223701,0.000038826921,0.000039696709,0.000039653875,0.000024254166,0.000022234148,0.000023147890,0.000025972495,0.000025056515,0.000024672401,0.000026674993,0.000026679284,0.000027063410
193,0.000117401695,0.000119469106,0.000127933223,0.000122824990,0.000120707486,0.000123388169,0.000131666960,0.000132975869,0.000133794959,0.000068625699,0.000067892691,0.000071730651,0.000072420048,0.000079606415,0.000075515479,0.000078052737,0.000079642081,0.000080496429,0.000044625709,0.000045626325,0.000043484745,0.000045380571,0.000048330603,0.000046712608,0.000047048821,0.000050424172,0.000051222165,0.000036014299,0.000034450752,0.000034029215,0.000036659571,0.000037744615,0.000036223701,0.000038826921,0.000039696709,0.000039657722,0.000024254166,0.000022234148,0.000023147890,0.000025972495,0.000025056515,0.000024714280,0.000026694203,0.000026733079,0.000027063410
194,0.000117401695,0.000119469106,0.000127933223,0.000122824990,0.000120707486,0.000123459296,0.000131666960,0.000132975869,0.000133794959,0.000068625699,0.000067892691,0.000071730651,0.000072420048,0.000079717215,0.000075515479,0.000078052737,0.000079642081,0.000080528626,0.000044625709,0.000045626325,0.000043488668,0.000045380571,0.000048412819,0.000046713610,0.000047048821,0.000050434747,0.000051222165,0.000036014299,0.000034463405,0.000034070976,0.000036659571,0.000037797433,0.000036223701,0.000038826921,0.000039696709,0.000039657722,0.000024254166,0.000022234148,0.000023180698,0.000025972495,0.000025067333,0.000024743126,0.000026694203,0.000026733079,0.000027063410
195,0.000117401695,0.000119469106,0.000127933223,0.000122824990,0.000120707486,0.000124003130,0.000131666960,0.000132975869,0.000133794959,0.000068625699,0.000067892691,0.000071730651,0.000072420048,0.000079717215,0.000075515479,0.000078052737,0.000079642081,0.000080536150,0.000044625709,0.000045626325,0.000043488668,0.000045380571,0.000048414524,0.000046779585,0.000047060533,0.000050434747,0.000051222165,0.000036014299,0.000034538070,0.000034073269,0.000036659571,0.000037813240,0.000036223701,0.000038826921,0.000039737462,0.000039657722,0.000024254166,0.000022234148,0.000023180698,0.000025972495,0.000025092496,0.000024743126,0.000026694203,0.000026752665,0.000027067828
196,0.000117401695,0.000119469106,0.000127933223,0.000122824990,0.000120707486,0.000124003130,0.000131666960,0.000132975869,0.000133794959,0.000068625699,0.000067892691,0.000071730651,0.000072420048,0.000079717215,0.000075515479,0.000078052737,0.000079642081,0.000080573024,0.000044625709,0.000045790642,0.000043488668,0.000045380571,0.000048414524,0.000046793114,0.000047060533,0.000050435671,0.000051222165,0.000036014299,0.000034640597,0.000034073269,0.000036659571,0.000037816305,0.000036223701,0.000038826921,0.000039737462,0.000039657722,0.000024254166,0.000022234148,0.000023209953,0.000025973232,0.000025121197,0.000024743126,0.000026694203,0.000026766537,0.000027067828
197,0.000117401695,0.000119469106,0.000127933223,0.000122824990,0.000120707486,0.000124003130,0.000131666960,0.000132975869,0.000133794959,0.000068625699,0.000067892691,0.000071730651,0.000072420048,0.000079717215,0.000075515479,0.000078052737,0.000079642081,0.000080573024,0.000044625709,0.000045809975,0.000043488668,0.000045380571,0.000048414524,0.000046798588,0.000047060533,0.000050435671,0.000051240395,0.000036014299,0.000034640597,0.000034073269,0.000036659571,0.000037816305,0.000036223701,0.000038826921,0.000039792125,0.000039657722,0.000024254166,0.000022234148,0.000023209953,0.000025973232,0.000025121278,0.000024743126,0.000026694203,0.000026772384,0.000027067828
198,0.000117401695,0.000119469106,0.000127933223,0.000122824990,0.000120707486,0.000124003130,0.000131666960,0.000132975869,0.000133794959,0.000068625699,0.000067892691,0.000071730651,0.000072420048,0.000079717215,0.000075515479,0.000078052737,0.000079723641,0.000080573024,0.000044625709,0.000045809975,0.000043499939,0.000045380571,0.000048442874,0.000046827074,0.000047060533,0.000050435671,0.000051242144,0.000036014299,0.000034640597,0.000034073269,0.000036659571,0.000037816305,0.000036235318,0.000038826921,0.000039792125,0.000039657722,0.000024254166,0.000022234148,0.000023209953,0.000025973232,0.000025121278,0.000024743126,0.000026694203,0.000026772384,0.000027068724
199,0.000117401695,0.000119469106,0.000127933223,0.000122824990,0.000120707486,0.000124003130,0.000131666960,0.000132975869,0.000133794959,0.000068625699,0.000067892691,0.000071730651,0.000072420048,0.000079717215,0.000075515479,0.000078052737,0.000079723641,0.000080720726,0.000044625709,0.000045904541,0.000043499939,0.000045380571,0.000048456807,0.000046854080,0.000047060533,0.000050435671,0.000051250333,0.000036014299,0.000034640597,0.000034073269,0.000036659571,0.000037816305,0.000036245924,0.000038826921,0.000039827412,0.000039657722,0.000024258821,0.000022234148,0.000023214502,0.000025973232,0.000025121278,0.000024743126,0.000026694203,0.000026772384,0.000027087914
200,0.000117401695,0.000119469106,0.000127933223,0.000122824990,0.000120707486,0.000124003130,0.000131666960,0.000132975869,0.000133794959,0.000068625699,0.000067892691,0.000071788743,0.000072420048,0.000079717215,0.000075515479,0.000078052737,0.000079769400,0.000080720726,0.000044625709,0.000045904541,0.000043499939,0.000045380571,0.000048456807,0.000046869036,0.000047060533,0.000050435671,0.000051269113,0.000036014299,0.000034644486,0.000034073269,0.000036659571,0.000037838059,0.000036262277,0.000038826921,0.000039827412,0.000039657722,0.000024258821,0.000022234148,0.000023214502,0.000025973232,0.000025121278,0.000024743126,0.000026694203,0.000026772384,0.000027087914
201,0.000000000000,0.000119469106,0.000127933223,0.000000000000,0.000120707486,0.000124003130,0.000000000000,0.000132975869,0.000133794959,0.000000000000,0.000067892691,0.000071788743,0.000000000000,0.000079717215,0.000075515479,0.000000000000,0.000079769400,0.000080895272,0.000000000000,0.000045999998,0.000043704333,0.000000000000,0.000048456807,0.000046869036,0.000000000000,0.000050451895,0.000051269113,0.000000000000,0.000034644486,0.000034073269,0.000000000000,0.000037838398,0.000036262277,0.000000000000,0.000039827412,0.000039657722,0.000000000000,0.000022234148,0.000023214502,0.000000000000,0.000025121278,0.000024743126,0.000000000000,0.000026772384,0.000027087914
202,0.000000000000,0.000119469106,0.000127933223,0.000000000000,0.000120707486,0.000124003130,0.000000000000,0.000132975869,0.000133794959,0.000000000000,0.000067892691,0.000071788743,0.000000000000,0.000079717215,0.000075515479,0.000000000000,0.000079769400,0.000080895272,0.000000000000,0.000046006037,0.000043704333,0.000000000000,0.000048456807,0.000046869036,0.000000000000,0.000050451895,0.000051347292,0.000000000000,0.000034644486,0.000034139764,0.000000000000,0.000037848529,0.000036262277,0.000000000000,0.000039827412,0.000039657722,0.000000000000,0.000022234148,0.000023258293,0.000000000000,0.000025121278,0.000024743126,0.000000000000,0.000026772384,0.000027097271
203,0.000000000000,0.000119469106,0.000127933223,0.000000000000,0.000120707486,0.000124003130,0.000000000000,0.000132975869,0.000133794959,0.000000000000,0.000067892691,0.000071788743,0.000000000000,0.000079717215,0.000075515479,0.000000000000,0.000079769400,0.000080895272,0.000000000000,0.000046006037,0.000043704333,0.000000000000,0.000048456807,0.000046886760,0.000000000000,0.000050476003,0.000051365314,0.000000000000,0.000034644486,0.000034139764,0.000000000000,0.000037848529,0.000036286834,0.000000000000,0.000039827412,0.000039657722,0.000000000000,0.000022234148,0.000023258293,0.000000000000,0.000025121628,0.000024750418,0.000000000000,0.000026772384,0.000027249346
204,0.000000000000,0.000119469106,0.000127933223,0.000000000000,0.000120707486,0.000124003130,0.000000000000,0.000132975869,0.000133794959,0.000000000000,0.000067892691,0.000071788743,0.000000000000,0.000079717215,0.000075515479,0.000000000000,0.000079769400,0.000080895272,0.000000000000,0.000046006037,0.000043775234,0.000000000000,0.000048456807,0.000046886760,0.000000000000,0.000050476003,0.000051365314,0.000000000000,0.000034649037,0.000034139764,0.000000000000,0.000037848529,0.000036286834,0.000000000000,0.000039827412,0.000039657722,0.000000000000,0.000022314729,0.000023441740,0.000000000000,0.000025121628,0.000024762948,0.000000000000,0.000026785397,0.000027249346
205,0.000000000000,0.000119469106,0.000127933223,0.000000000000,0.000120707486,0.000124003130,0.000000000000,0.000132975869,0.000133794959,0.000000000000,0.000067892691,0.000071788743,0.000000000000,0.000079717215,0.000075515479,0.000000000000,0.000079769400,0.000080897071,0.000000000000,0.000046153816,0.000043816390,0.000000000000,0.000048456807,0.000046886760,0.000000000000,0.000050476003,0.000051365314,0.000000000000,0.000034649037,0.000034168664,0.000000000000,0.000037848529,0.000036286834,0.000000000000,0.000039844150,0.000039665665,0.000000000000,0.000022314729,0.000023441740,0.000000000000,0.000025121628,0.000024762948,0.000000000000,0.000026785397,0.000027254294
206,0.000000000000,0.000119469106,0.000127933223,0.000000000000,0.000120707486,0.000124003130,0.000000000000,0.000132975869,0.000133794959,0.000000000000,0.000067892691,0.000071788743,0.000000000000,0.000079717215,0.000075515479,0.000000000000,0.000079769400,0.000080897071,0.000000000000,0.000046153816,0.000043816390,0.000000000000,0.000048456807,0.000046962371,0.000000000000,0.000050476003,0.000051365615,0.000000000000,0.000034649037,0.000034178415,0.000000000000,0.000037848529,0.000036286834,0.000000000000,0.000039844150,0.000039665665,0.000000000000,0.000022314729,0.000023457214,0.000000000000,0.000025121628,0.000024763181,0.000000000000,0.000026785397,0.000027263870
207,0.000000000000,0.000119469106,0.000127933223,0.000000000000,0.000120707486,0.000124003130,0.000000000000,0.000132975869,0.000133794959,0.000000000000,0.000068225441,0.000071788743,0.000000000000,0.000079717215,0.000075515479,0.000000000000,0.000079769400,0.000080929093,0.000000000000,0.000046153816,0.000043816390,0.000000000000,0.000048519541,0.000046962371,0.000000000000,0.000050476003,0.000051365615,0.000000000000,0.000034649037,0.000034178415,0.000000000000,0.000037848529,0.000036301356,0.000000000000,0.000039844150,0.000039671383,0.000000000000,0.000022314729,0.000023545790,0.000000000000,0.000025121628,0.000024843327,0.000000000000,0.000026785397,0.000027263870
208,0.000000000000,0.000119469106,0.000127933223,0.000000000000,0.000120707486,0.000124003130,0.000000000000,0.000132975869,0.000133794959,0.000000000000,0.000068225441,0.000071790353,0.000000000000,0.000079777564,0.000075515479,0.000000000000,0.000079769400,0.000080976868,0.000000000000,0.000046153816,0.000043816390,0.000000000000,0.000048519541,0.000047018431,0.000000000000,0.000050476003,0.000051372735,0.000000000000,0.000034649037,0.000034178415,0.000000000000,0.000037913854,0.000036301356,0.000000000000,0.000039880643,0.000039671383,0.000000000000,0.000022314729,0.000023549586,0.000000000000,0.000025121628,0.000024989498,0.000000000000,0.000026785397,0.000027267791
209,0.000000000000,0.000119469106,0.000127933223,0.000000000000,0.000120707486,0.000124003130,0.000000000000,0.000132975869,0.000133794959,0.000000000000,0.000068225441,0.000071790353,0.000000000000,0.000079777564,0.000075515479,0.000000000000,0.000079769400,0.000081050031,0.000000000000,0.000046174957,0.000043816390,0.000000000000,0.000048519541,0.000047045577,0.000000000000,0.000050476003,0.000051381345,0.000000000000,0.000034649037,0.000034178415,0.000000000000,0.000038005540,0.000036336936,0.000000000000,0.000039880643,0.000039671383,0.000000000000,0.000022314729,0.000023549586,0.000000000000,0.000025121628,0.000025090321,0.000000000000,0.000026785397,0.000027287330
210,0.000000000000,0.000119469106,0.000127933223,0.000000000000,0.000120707486,0.000124003130,0.000000000000,0.000132975869,0.000133794959,0.000000000000,0.000068225441,0.000071790353,0.000000000000,0.000079777564,0.000075515479,0.000000000000,0.000079769400,0.000081050031,0.000000000000,0.000046174957,0.000043923698,0.000000000000,0.000048523185,0.000047061503,0.000000000000,0.000050476003,0.000051381345,0.000000000000,0.000034649037,0.000034184945,0.000000000000,0.000038005540,0.000036379564,0.000000000000,0.000039880643,0.000039671383,0.000000000000,0.000022314729,0.000023556313,0.000000000000,0.000025121628,0.000025090321,0.000000000000,0.000026785397,0.000027293884
211,0.000000000000,0.000119469106,0.000127933223,0.000000000000,0.000120707486,0.000124003130,0.000000000000,0.000132975869,0.000133794959,0.000000000000,0.000068225441,0.000071790353,0.000000000000,0.000079840740,0.000075515479,0.000000000000,0.000079769400,0.000081050031,0.000000000000,0.000046174957,0.000044044084,0.000000000000,0.000048523185,0.000047061503,0.000000000000,0.000050476003,0.000051384093,0.000000000000,0.000034836469,0.000034184945,0.000000000000,0.000038018940,0.000036379564,0.000000000000,0.000039895511,0.000039671383,0.000000000000,0.000022314729,0.000023560759,0.000000000000,0.000025130514,0.000025090321,0.000000000000,0.000026785397,0.000027328990
212,0.000000000000,0.000119469106,0.000127933223,0.000000000000,0.000120707486,0.000124003130,0.000000000000,0.000132975869,0.000133794959,0.000000000000,0.000068225441,0.000071790353,0.000000000000,0.000080014119,0.000075515479,0.000000000000,0.000079806131,0.000081050031,0.000000000000,0.000046174957,0.000044044084,0.000000000000,0.000048523185,0.000047096496,0.000000000000,0.000050476003,0.000051556223,0.000000000000,0.000034870786,0.000034189825,0.000000000000,0.000038132281,0.000036379564,0.000000000000,0.000039912725,0.000039671383,0.000000000000,0.000022366718,0.000023560759,0.000000000000,0.000025130514,0.000025090321,0.000000000000,0.000026785397,0.000027397667
213,0.000000000000,0.000119469106,0.000127933223,0.000000000000,0.000120707486,0.000124003130,0.000000000000,0.000132975869,0.000133794959,0.000000000000,0.000068225441,0.000071846521,0.000000000000,0.000080014119,0.000075515479,0.000000000000,0.000079806131,0.000081050031,0.000000000000,0.000046174957,0.000044044084,0.000000000000,0.000048523185,0.000047109512,0.000000000000,0.000050476003,0.000051556223,0.000000000000,0.000034880030,0.000034191417,0.000000000000,0.000038132281,0.000036379564,0.000000000000,0.000039928140,0.000039671383,0.000000000000,0.000022366718,0.000023583693,0.000000000000,0.000025130514,0.000025090321,0.000000000000,0.000026785397,0.000027404040
214,0.000000000000,0.000119469106,0.000127933223,0.000000000000,0.000120707486,0.000124003130,0.000000000000,0.000132975869,0.000133794959,0.000000000000,0.000068225441,0.000071846521,0.000000000000,0.000080014119,0.000075515479,0.000000000000,0.000079806131,0.000081050031,0.000000000000,0.000046198459,0.000044044084,0.000000000000,0.000048523185,0.000047322347,0.000000000000,0.000050476003,0.000051788824,0.000000000000,0.000034889022,0.000034191417,0.000000000000,0.000038141778,0.000036445402,0.000000000000,0.000040015966,0.000039715317,0.000000000000,0.000022366718,0.000023583693,0.000000000000,0.000025130514,0.000025090321,0.000000000000,0.000026785397,0.000027404040
215,0.000000000000,0.000119469106,0.000127933223,0.000000000000,0.000120707486,0.000124003130,0.000000000000,0.000132975869,0.000133794959,0.000000000000,0.000068225441,0.000071846521,0.000000000000,0.000080054623,0.000075515479,0.000000000000,0.000079806131,0.000081050031,0.000000000000,0.000046198459,0.000044044084,0.000000000000,0.000048523185,0.000047322440,0.000000000000,0.000050476003,0.000051788824,0.000000000000,0.000034889022,0.000034191417,0.000000000000,0.000038141778,0.000036445402,0.000000000000,0.000040015966,0.000039742661,0.000000000000,0.000022366718,0.000023583693,0.000000000000,0.000025133391,0.000025090321,0.000000000000,0.000026785397,0.000027404040
216,0.000000000000,0.000119469106,0.000127933223,0.000000000000,0.000120707486,0.000124003130,0.000000000000,0.000132975869,0.000133794959,0.000000000000,0.000068225441,0.000071846521,0.000000000000,0.000080054623,0.000075515479,0.000000000000,0.000079806131,0.000081050031,0.000000000000,0.000046198459,0.000044044084,0.000000000000,0.000048523185,0.000047322440,0.000000000000,0.000050476003,0.000051788824,0.000000000000,0.000034889022,0.000034237858,0.000000000000,0.000038150036,0.000036445402,0.000000000000,0.000040024471,0.000039742661,0.000000000000,0.000022366718,0.000023583693,0.000000000000,0.000025133391,0.000025090321,0.000000000000,0.000026785397,0.000027404040
217,0.000000000000,0.000119469106,0.000127933223,0.000000000000,0.000120707486,0.000124003130,0.000000000000,0.000132975869,0.000133794959,0.000000000000,0.000068225441,0.000071846521,0.000000000000,0.000080054623,0.000075515479,0.000000000000,0.000079806131,0.000081384139,0.000000000000,0.000046198459,0.000044044084,0.000000000000,0.000048523185,0.000047322440,0.000000000000,0.000050476003,0.000051788824,0.000000000000,0.000034891212,0.000034237858,0.000000000000,0.000038150036,0.000036445402,0.000000000000,0.000040024471,0.000039871401,0.000000000000,0.000022366718,0.000023583693,0.000000000000,0.000025159831,0.000025124974,0.000000000000,0.000026785397,0.000027404040
218,0.000000000000,0.000119469106,0.000127933223,0.000000000000,0.000120707486,0.000124003130,0.000000000000,0.000132975869,0.000133794959,0.000000000000,0.000068225441,0.000071846521,0.000000000000,0.000080054623,0.000075515479,0.000000000000,0.000079806131,0.000081384139,0.000000000000,0.000046198459,0.000044044084,0.000000000000,0.000048523185,0.000047322440,0.000000000000,0.000050476003,0.000051788824,0.000000000000,0.000034891212,0.000034237858,0.000000000000,0.000038164885,0.000036445402,0.000000000000,0.000040051292,0.000039872552,0.000000000000,0.000022366718,0.000023583693,0.000000000000,0.000025159831,0.000025134673,0.000000000000,0.000026785397,0.000027404040
219,0.000000000000,0.000119469106,0.000127933223,0.000000000000,0.000120707486,0.000124003130,0.000000000000,0.000132975869,0.000133794959,0.000000000000,0.000068225441,0.000071846521,0.000000000000,0.000080054739,0.000075515479,0.000000000000,0.000079806131,0.000081384139,0.000000000000,0.000046198459,0.000044044084,0.000000000000,0.000048523185,0.000047331814,0.000000000000,0.000050476003,0.000051788824,0.000000000000,0.000034891212,0.000034237858,0.000000000000,0.000038164885,0.000036445402,0.000000000000,0.000040060023,0.000039881512,0.000000000000,0.000022366718,0.000023583693,0.000000000000,0.000025159831,0.000025134673,0.000000000000,0.000026785397,0.000027404040
220,0.000000000000,0.000119469106,0.000127933223,0.000000000000,0.000120707486,0.000124003130,0.000000000000,0.000132975869,0.000133794959,0.000000000000,0.000068225441,0.000071846521,0.000000000000,0.000080054739,0.000075515479,0.000000000000,0.000079806131,0.000081384139,0.000000000000,0.000046198459,0.000044044084,0.000000000000,0.000048559002,0.000047336635,0.000000000000,0.000050476003,0.000051788824,0.000000000000,0.000034891212,0.000034253557,0.000000000000,0.000038164885,0.000036445402,0.000000000000,0.000040060023,0.000040108033,0.000000000000,0.000022366718,0.000023583693,0.000000000000,0.000025159831,0.000025149111,0.000000000000,0.000026785397,0.000027405774
221,0.000000000000,0.000119476059,0.000127933223,0.000000000000,0.000120707486,0.000124003130,0.000000000000,0.000132975869,0.000133794959,0.000000000000,0.000068239484,0.000071846521,0.000000000000,0.000080054739,0.000075515479,0.000000000000,0.000079806131,0.000081384139,0.000000000000,0.000046198459,0.000044044084,0.000000000000,0.000048559002,0.000047349693,0.000000000000,0.000050476003,0.000051829311,0.000000000000,0.000034891212,0.000034253557,0.000000000000,0.000038164885,0.000036445402,0.000000000000,0.000040067075,0.000040108033,0.000000000000,0.000022366718,0.000023583693,0.000000000000,0.000025159831,0.000025276724,0.000000000000,0.000026785397,0.000027405774
222,0.000000000000,0.000119740019,0.000127933223,0.000000000000,0.000120707486,0.000124003130,0.000000000000,0.000132975869,0.000133794959,0.000000000000,0.000068239484,0.000071846521,0.000000000000,0.000080054739,0.000075515479,0.000000000000,0.000079806131,0.000081384139,0.000000000000,0.000046198459,0.000044044084,0.000000000000,0.000048597900,0.000047353617,0.000000000000,0.000050476003,0.000051829311,0.000000000000,0.000034891212,0.000034253557,0.000000000000,0.000038164885,0.000036445858,0.000000000000,0.000040067075,0.000040108033,0.000000000000,0.000022366718,0.000023583693,0.000000000000,0.000025164134,0.000025276724,0.000000000000,0.000026785397,0.000027405774
223,0.000000000000,0.000119740019,0.000127933223,0.000000000000,0.000120707486,0.000124003130,0.000000000000,0.000132975869,0.000133794959,0.000000000000,0.000068239484,0.000071846521,0.000000000000,0.000080054739,0.000075782954,0.000000000000,0.000079806131,0.000081384139,0.000000000000,0.000046198459,0.000044044084,0.000000000000,0.000048597900,0.000047357227,0.000000000000,0.000050476003,0.000051831116,0.000000000000,0.000034891212,0.000034253557,0.000000000000,0.000038164885,0.000036445858,0.000000000000,0.000040067075,0.000040108033,0.000000000000,0.000022366718,0.000023583693,0.000000000000,0.000025164134,0.000025324582,0.000000000000,0.000026785397,0.000027426939
224,0.000000000000,0.000119740019,0.000127933223,0.000000000000,0.000120707486,0.000124003130,0.000000000000,0.000132975869,0.000133794959,0.000000000000,0.000068239484,0.000072204791,0.000000000000,0.000080054739,0.000075782954,0.000000000000,0.000079806131,0.000081384139,0.000000000000,0.000046198459,0.000044044084,0.000000000000,0.000048597900,0.000047357227,0.000000000000,0.000050476003,0.000051831116,0.000000000000,0.000034891212,0.000034262762,0.000000000000,0.000038164885,0.000036445858,0.000000000000,0.000040067075,0.000040108033,0.000000000000,0.000022366718,0.000023622551,0.000000000000,0.000025164215,0.000025364730,0.000000000000,0.000026785397,0.000027429217
225,0.000000000000,0.000119740019,0.000127933223,0.000000000000,0.000120707486,0.000124003130,0.000000000000,0.000132975869,0.000133794959,0.000000000000,0.000068239484,0.000072204791,0.000000000000,0.000080054739,0.000075782954,0.000000000000,0.000079806131,0.000081384139,0.000000000000,0.000046198459,0.000044059917,0.000000000000,0.000048597900,0.000047358807,0.000000000000,0.000050476003,0.000051831116,0.000000000000,0.000034911353,0.000034262762,0.000000000000,0.000038224062,0.000036445858,0.000000000000,0.000040067075,0.000040108033,0.000000000000,0.000022366718,0.000023622551,0.000000000000,0.000025200530,0.000025364730,0.000000000000,0.000026814247,0.000027436238
226,0.000000000000,0.000119740019,0.000127933223,0.000000000000,0.000120707486,0.000124003130,0.000000000000,0.000132975869,0.000133794959,0.000000000000,0.000068239484,0.000072212906,0.000000000000,0.000080054739,0.000075782954,0.000000000000,0.000079806131,0.000081410060,0.000000000000,0.000046198459,0.000044059917,0.000000000000,0.000048597900,0.000047358807,0.000000000000,0.000050476003,0.000051831116,0.000000000000,0.000034911353,0.000034264857,0.000000000000,0.000038229467,0.000036446275,0.000000000000,0.000040067075,0.000040108033,0.000000000000,0.000022366718,0.000023629008,0.000000000000,0.000025200530,0.000025380969,0.000000000000,0.000026834111,0.000027436238
227,0.000000000000,0.000119740019,0.000127933223,0.000000000000,0.000120707486,0.000124003130,0.000000000000,0.000132975869,0.000133794959,0.000000000000,0.000068239484,0.000072212906,0.000000000000,0.000080054739,0.000075782954,0.000000000000,0.000079806131,0.000081410060,0.000000000000,0.000046198459,0.000044059917,0.000000000000,0.000048603526,0.000047377236,0.000000000000,0.000050476003,0.000051839931,0.000000000000,0.000034920473,0.000034264857,0.000000000000,0.000038229467,0.000036446275,0.000000000000,0.000040067075,0.000040108033,0.000000000000,0.000022366718,0.000023629008,0.000000000000,0.000025205633,0.000025380969,0.000000000000,0.000026834111,0.000027454616
228,0.000000000000,0.000119966817,0.000127933223,0.000000000000,0.000120707486,0.000124003130,0.000000000000,0.000132975869,0.000133794959,0.000000000000,0.000068239484,0.000072212906,0.000000000000,0.000080054739,0.000075782954,0.000000000000,0.000079806131,0.000081410060,0.000000000000,0.000046198459,0.000044059917,0.000000000000,0.000048615704,0.000047377236,0.000000000000,0.000050479938,0.000051839931,0.000000000000,0.000034920473,0.000034287403,0.000000000000,0.000038234430,0.000036475684,0.000000000000,0.000040090582,0.000040116162,0.000000000000,0.000022366718,0.000023629008,0.000000000000,0.000025208881,0.000025447172,0.000000000000,0.000026834111,0.000027460733
229,0.000000000000,0.000119966817,0.000127933223,0.000000000000,0.000120707486,0.000124003130,0.000000000000,0.000132975869,0.000133794959,0.000000000000,0.000068239484,0.000072815888,0.000000000000,0.000080054739,0.000075782954,0.000000000000,0.000079806131,0.000081544473,0.000000000000,0.000046198459,0.000044059917,0.000000000000,0.000048714941,0.000047510884,0.000000000000,0.000050486790,0.000051839931,0.000000000000,0.000034920473,0.000034294980,0.000000000000,0.000038234430,0.000036475684,0.000000000000,0.000040090582,0.000040116162,0.000000000000,0.000022366718,0.000023629008,0.000000000000,0.000025211299,0.000025447172,0.000000000000,0.000026847930,0.000027460733
230,0.000000000000,0.000119966817,0.000127933223,0.000000000000,0.000120707486,0.000124003130,0.000000000000,0.000132975869,0.000133794959,0.000000000000,0.000068239484,0.000072815888,0.000000000000,0.000080054739,0.000075782954,0.000000000000,0.000079806131,0.000081544473,0.000000000000,0.000046198459,0.000044059917,0.000000000000,0.000048714941,0.000047518936,0.000000000000,0.000050486790,0.000051997067,0.000000000000,0.000034938689,0.000034296901,0.000000000000,0.000038234430,0.000036475684,0.000000000000,0.000040090582,0.000040116162,0.000000000000,0.000022366718,0.000023632132,0.000000000000,0.000025211299,0.000025447172,0.000000000000,0.000026848309,0.000027460733
231,0.000000000000,0.000119966817,0.000127933223,0.000000000000,0.000120707486,0.000124003130,0.000000000000,0.000132975869,0.000133794959,0.000000000000,0.000068239484,0.000072815888,0.000000000000,0.000080054739,0.000075782954,0.000000000000,0.000079806131,0.000081544473,0.000000000000,0.000046198459,0.000044059917,0.000000000000,0.000048864840,0.000047573832,0.000000000000,0.000050499230,0.000052019087,0.000000000000,0.000034938689,0.000034300595,0.000000000000,0.000038265578,0.000036525261,0.000000000000,0.000040090582,0.000040295041,0.000000000000,0.000022374702,0.000023632132,0.000000000000,0.000025211299,0.000025447172,0.000000000000,0.000026848309,0.000027460733
232,0.000000000000,0.000119966817,0.000127933223,0.000000000000,0.000120707486,0.000124003130,0.000000000000,0.000132975869,0.000133794959,0.000000000000,0.000068239484,0.000072943004,0.000000000000,0.000080054739,0.000075782954,0.000000000000,0.000080070227,0.000081544473,0.000000000000,0.000046198459,0.000044059917,0.000000000000,0.000048864840,0.000047578800,0.000000000000,0.000050501834,0.000052019087,0.000000000000,0.000034986510,0.000034323441,0.000000000000,0.000038265578,0.000036525261,0.000000000000,0.000040090582,0.000040297898,0.000000000000,0.000022374702,0.000023632132,0.000000000000,0.000025211299,0.000025462932,0.000000000000,0.000026848309,0.000027464342
233,0.000000000000,0.000119966817,0.000127933223,0.000000000000,0.000120707486,0.000124003130,0.000000000000,0.000132975869,0.000133794959,0.000000000000,0.000068239484,0.000072943004,0.000000000000,0.000080054739,0.000075782954,0.000000000000,0.000080070227,0.000081544473,0.000000000000,0.000046198459,0.000044059917,0.000000000000,0.000048864840,0.000047587581,0.000000000000,0.000050501886,0.000052019087,0.000000000000,0.000034986510,0.000034325545,0.000000000000,0.000038280345,0.000036538076,0.000000000000,0.000040098483,0.000040297898,0.000000000000,0.000022374702,0.000023674212,0.000000000000,0.000025211299,0.000025522949,0.000000000000,0.000026848309,0.000027464342
234,0.000000000000,0.000119966817,0.000127933223,0.000000000000,0.000120707486,0.000124003130,0.000000000000,0.000132975869,0.000133794959,0.000000000000,0.000068239484,0.000073001092,0.000000000000,0.000080054739,0.000075782954,0.000000000000,0.000080070227,0.000081544473,0.000000000000,0.000046198459,0.000044069613,0.000000000000,0.000048864840,0.000047587581,0.000000000000,0.000050501886,0.000052019087,0.000000000000,0.000034986510,0.000034325545,0.000000000000,0.000038280345,0.000036540783,0.000000000000,0.000040225226,0.000040343725,0.000000000000,0.000022374702,0.000023674212,0.000000000000,0.000025211299,0.000025522949,0.000000000000,0.000026848309,0.000027471821
235,0.000000000000,0.000119966817,0.000127933223,0.000000000000,0.000120707486,0.000124003130,0.000000000000,0.000132975869,0.000133794959,0.000000000000,0.000068239484,0.000073001092,0.000000000000,0.000080054739,0.000075782954,0.000000000000,0.000080070227,0.000081544473,0.000000000000,0.000046198459,0.000044069613,0.000000000000,0.000048864840,0.000047623973,0.000000000000,0.000050501886,0.000052080723,0.000000000000,0.000034986510,0.000034325545,0.000000000000,0.000038280345,0.000036540794,0.000000000000,0.000040225226,0.000040343725,0.000000000000,0.000022399139,0.000023678553,0.000000000000,0.000025211299,0.000025677085,0.000000000000,0.000026848309,0.000027471821
236,0.000000000000,0.000119966817,0.000127933223,0.000000000000,0.000120707486,0.000124003130,0.000000000000,0.000132975869,0.000133794959,0.000000000000,0.000068239484,0.000073001092,0.000000000000,0.000080054739,0.000075782954,0.000000000000,0.000080070227,0.000081544473,0.000000000000,0.000046198459,0.000044069613,0.000000000000,0.000048864840,0.000047675903,0.000000000000,0.000050501886,0.000052159115,0.000000000000,0.000034986510,0.000034357214,0.000000000000,0.000038282117,0.000036540794,0.000000000000,0.000040236825,0.000040369987,0.000000000000,0.000022399139,0.000023687973,0.000000000000,0.000025211299,0.000025680992,0.000000000000,0.000026920103,0.000027471821
237,0.000000000000,0.000119966817,0.000127933223,0.000000000000,0.000120707486,0.000124003130,0.000000000000,0.000132975869,0.000133794959,0.000000000000,0.000068239484,0.000073039342,0.000000000000,0.000080054739,0.000075782954,0.000000000000,0.000080070227,0.000081544473,0.000000000000,0.000046198459,0.000044088973,0.000000000000,0.000048864840,0.000047682138,0.000000000000,0.000050501886,0.000052631682,0.000000000000,0.000034986510,0.000034357214,0.000000000000,0.000038295949,0.000036540794,0.000000000000,0.000040296309,0.000040369987,0.000000000000,0.000022404481,0.000023687973,0.000000000000,0.000025211299,0.000025747221,0.000000000000,0.000026932121,0.000027471821
238,0.000000000000,0.000119966817,0.000127933223,0.000000000000,0.000120707486,0.000124003130,0.000000000000,0.000132975869,0.000134041425,0.000000000000,0.000068239484,0.000073039342,0.000000000000,0.000080054739,0.000075782954,0.000000000000,0.000080070227,0.000081544473,0.000000000000,0.000046198459,0.000044088973,0.000000000000,0.000048874195,0.000047686497,0.000000000000,0.000050501886,0.000052631682,0.000000000000,0.000034986510,0.000034392506,0.000000000000,0.000038295949,0.000036545178,0.000000000000,0.000040296309,0.000040369987,0.000000000000,0.000022430264,0.000023759985,0.000000000000,0.000025211299,0.000025877502,0.000000000000,0.000026932121,0.000027471821
239,0.000000000000,0.000119966817,0.000127933223,0.000000000000,0.000120707486,0.000124003130,0.000000000000,0.000132975869,0.000134327907,0.000000000000,0.000068239484,0.000073039342,0.000000000000,0.000080054739,0.000075782954,0.000000000000,0.000080070227,0.000081544473,0.000000000000,0.000046198459,0.000044099656,0.000000000000,0.000048874195,0.000047686497,0.000000000000,0.000050501886,0.000052631682,0.000000000000,0.000034986510,0.000034392506,0.000000000000,0.000038295949,0.000036545178,0.000000000000,0.000040296309,0.000040378241,0.000000000000,0.000022491311,0.000023759985,0.000000000000,0.000025212214,0.000025877502,0.000000000000,0.000026932121,0.000027471821
240,0.000000000000,0.000119966817,0.000127933223,0.000000000000,0.000120707486,0.000124003130,0.000000000000,0.000132975869,0.000134327907,0.000000000000,0.000068239484,0.000073039342,0.000000000000,0.000080054739,0.000075782954,0.000000000000,0.000080070227,0.000081544473,0.000000000000,0.000046198459,0.000044099656,0.000000000000,0.000048874195,0.000047688077,0.000000000000,0.000050501886,0.000052688560,0.000000000000,0.000034986510,0.000034392506,0.000000000000,0.000038295949,0.000036545178,0.000000000000,0.000040296309,0.000040378241,0.000000000000,0.000022491311,0.000023759985,0.000000000000,0.000025212214,0.000025877502,0.000000000000,0.000026932121,0.000027471821
241,0.000000000000,0.000119966817,0.000127933223,0.000000000000,0.000120707486,0.000124003130,0.000000000000,0.000132975869,0.000134327907,0.000000000000,0.000068239484,0.000073039342,0.000000000000,0.000080054739,0.000075782954,0.000000000000,0.000080070227,0.000081589259,0.000000000000,0.000046270127,0.000044317316,0.000000000000,0.000048874195,0.000047688077,0.000000000000,0.000050501886,0.000052688560,0.000000000000,0.000034986510,0.000034392506,0.000000000000,0.000038295949,0.000036545178,0.000000000000,0.000040334212,0.000040378241,0.000000000000,0.000022512274,0.000023759985,0.000000000000,0.000025212214,0.000025877502,0.000000000000,0.000026932121,0.000027491254
242,0.000000000000,0.000119966817,0.000128526145,0.000000000000,0.000120707486,0.000124003130,0.000000000000,0.000132975869,0.000134327907,0.000000000000,0.000068239484,0.000073039342,0.000000000000,0.000080054739,0.000075782954,0.000000000000,0.000080070227,0.000081651450,0.000000000000,0.000046270127,0.000044317316,0.000000000000,0.000048874195,0.000047688077,0.000000000000,0.000050501886,0.000052801836,0.000000000000,0.000034986510,0.000034392506,0.000000000000,0.000038295949,0.000036545178,0.000000000000,0.000040334212,0.000040378241,0.000000000000,0.000022512274,0.000023759985,0.000000000000,0.000025212214,0.000025940342,0.000000000000,0.000026932121,0.000027491254
243,0.000000000000,0.000119966817,0.000128526145,0.000000000000,0.000120707486,0.000124003130,0.000000000000,0.000132975869,0.000134327907,0.000000000000,0.000068239484,0.000073039342,0.000000000000,0.000080054739,0.000075782954,0.000000000000,0.000080070227,0.000081651450,0.000000000000,0.000046270127,0.000044321609,0.000000000000,0.000048874195,0.000047688077,0.000000000000,0.000050501886,0.000052801836,0.000000000000,0.000034986510,0.000034392506,0.000000000000,0.000038335210,0.000036545700,0.000000000000,0.000040481030,0.000040378241,0.000000000000,0.000022513162,0.000023759985,0.000000000000,0.000025212214,0.000025940342,0.000000000000,0.000026940172,0.000027491254
244,0.000000000000,0.000119966817,0.000128526145,0.000000000000,0.000120707486,0.000124003130,0.000000000000,0.000132975869,0.000134327907,0.000000000000,0.000068239484,0.000073039342,0.000000000000,0.000080054739,0.000075782954,0.000000000000,0.000080070227,0.000081651450,0.000000000000,0.000046270127,0.000044321609,0.000000000000,0.000048874195,0.000047709942,0.000000000000,0.000050501886,0.000052801836,0.000000000000,0.000034986510,0.000034392506,0.000000000000,0.000038335210,0.000036545700,0.000000000000,0.000040487335,0.000040388201,0.000000000000,0.000022515758,0.000023759985,0.000000000000,0.000025212214,0.000025979211,0.000000000000,0.000026940172,0.000027491254
245,0.000000000000,0.000119966817,0.000128526145,0.000000000000,0.000120707486,0.000124003130,0.000000000000,0.000132975869,0.000134327907,0.000000000000,0.000068239484,0.000073054495,0.000000000000,0.000080054739,0.000075782954,0.000000000000,0.000080070227,0.000081651450,0.000000000000,0.000046270127,0.000044321609,0.000000000000,0.000048874195,0.000047709942,0.000000000000,0.000050501886,0.000052801836,0.000000000000,0.000034988229,0.000034394832,0.000000000000,0.000038335210,0.000036545700,0.000000000000,0.000040511789,0.000040397925,0.000000000000,0.000022515758,0.000023759985,0.000000000000,0.000025212214,0.000025979211,0.000000000000,0.000026940172,0.000027491254
246,0.000000000000,0.000119966817,0.000128526145,0.000000000000,0.000120707486,0.000124003130,0.000000000000,0.000132975869,0.000134327907,0.000000000000,0.000068239484,0.000073054495,0.000000000000,0.000080054739,0.000075782954,0.000000000000,0.000080070227,0.000081664139,0.000000000000,0.000046270127,0.000044321609,0.000000000000,0.000048874195,0.000047728774,0.000000000000,0.000050501886,0.000052907436,0.000000000000,0.000035003607,0.000034509416,0.000000000000,0.000038335210,0.000036545700,0.000000000000,0.000040511789,0.000040400831,0.000000000000,0.000022515758,0.000023759985,0.000000000000,0.000025212214,0.000025979211,0.000000000000,0.000026940172,0.000027491254
247,0.000000000000,0.000119966817,0.000128526145,0.000000000000,0.000120707486,0.000124003130,0.000000000000,0.000132975869,0.000134327907,0.000000000000,0.000068239484,0.000073302784,0.000000000000,0.000080054739,0.000075782954,0.000000000000,0.000080070227,0.000081672563,0.000000000000,0.000046270127,0.000044321609,0.000000000000,0.000048874195,0.000047728774,0.000000000000,0.000050501886,0.000052907436,0.000000000000,0.000035003607,0.000034509416,0.000000000000,0.000038335210,0.000036545700,0.000000000000,0.000040511789,0.000040400831,0.000000000000,0.000022556560,0.000023759985,0.000000000000,0.000025212214,0.000026003150,0.000000000000,0.000026992573,0.000027501179
248,0.000000000000,0.000119966817,0.000128526145,0.000000000000,0.000120707486,0.000124003130,0.000000000000,0.000132975869,0.000134327907,0.000000000000,0.000068239484,0.000073302784,0.000000000000,0.000080054739,0.000075782954,0.000000000000,0.000080070227,0.000081672563,0.000000000000,0.000046270127,0.000044321609,0.000000000000,0.000048874195,0.000047728774,0.000000000000,0.000050501886,0.000052907436,0.000000000000,0.000035003607,0.000034509416,0.000000000000,0.000038335210,0.000036545700,0.000000000000,0.000040511789,0.000040428309,0.000000000000,0.000022556560,0.000023759985,0.000000000000,0.000025212214,0.000026003150,0.000000000000,0.000026992573,0.000027501179
249,0.000000000000,0.000119966817,0.000128526145,0.000000000000,0.000120707486,0.000124003130,0.000000000000,0.000132975869,0.000134327907,0.000000000000,0.000068239484,0.000073302784,0.000000000000,0.000080054739,0.000075782954,0.000000000000,0.000080070227,0.000081672563,0.000000000000,0.000046295695,0.000044385209,0.000000000000,0.000048874195,0.000047728774,0.000000000000,0.000050501886,0.000052907436,0.000000000000,0.000035003607,0.000034509416,0.000000000000,0.000038335210,0.000036548691,0.000000000000,0.000040520148,0.000040428309,0.000000000000,0.000022560493,0.000023759985,0.000000000000,0.000025212214,0.000026031616,0.000000000000,0.000026992573,0.000027508926
250,0.000000000000,0.000119966817,0.000128526145,0.000000000000,0.000120707486,0.000124003130,0.000000000000,0.000132975869,0.000134327907,0.000000000000,0.000068239484,0.000073302784,0.000000000000,0.000080054739,0.000075782954,0.000000000000,0.000080070227,0.000081672563,0.000000000000,0.000046295695,0.000044385209,0.000000000000,0.000048874195,0.000047728774,0.000000000000,0.000050501886,0.000052907436,0.000000000000,0.000035010109,0.000034509416,0.000000000000,0.000038335210,0.000036548691,0.000000000000,0.000040520148,0.000040443404,0.000000000000,0.000022560493,0.000023768924,0.000000000000,0.000025212214,0.000026031616,0.000000000000,0.000026994333,0.000027508926
251,0.000000000000,0.000119966817,0.000128526145,0.000000000000,0.000120707486,0.000124003130,0.000000000000,0.000132975869,0.000134327907,0.000000000000,0.000068239484,0.000073429244,0.000000000000,0.000080054739,0.000075782954,0.000000000000,0.000080070227,0.000081672563,0.000000000000,0.000046295695,0.000044449929,0.000000000000,0.000048874195,0.000047728774,0.000000000000,0.000050501886,0.000052907436,0.000000000000,0.000035010109,0.000034509416,0.000000000000,0.000038335210,0.000036548691,0.000000000000,0.000040520148,0.000040443404,0.000000000000,0.000022560493,0.000023768924,0.000000000000,0.000025212214,0.000026031616,0.000000000000,0.000026994333,0.000027508926
252,0.000000000000,0.000119966817,0.000128526145,0.000000000000,0.000120707486,0.000124003130,0.000000000000,0.000132975869,0.000134327907,0.000000000000,0.000068239484,0.000073429244,0.000000000000,0.000080054739,0.000075782954,0.000000000000,0.000080070227,0.000081672563,0.000000000000,0.000046295695,0.000044449929,0.000000000000,0.000048874195,0.000047728774,0.000000000000,0.000050501886,0.000052907436,0.000000000000,0.000035010109,0.000034509416,0.000000000000,0.000038335210,0.000036548691,0.000000000000,0.000040520148,0.000040459480,0.000000000000,0.000022560493,0.000023793603,0.000000000000,0.000025212214,0.000026100429,0.000000000000,0.000026994333,0.000027537901
253,0.000000000000,0.000119966817,0.000128526145,0.000000000000,0.000120707486,0.000124003130,0.000000000000,0.000132975869,0.000134327907,0.000000000000,0.000068296553,0.000073429244,0.000000000000,0.000080054739,0.000075782954,0.000000000000,0.000080070227,0.000081672563,0.000000000000,0.000046295695,0.000044449929,0.000000000000,0.000048874195,0.000047733841,0.000000000000,0.000050501886,0.000052907436,0.000000000000,0.000035010109,0.000034509416,0.000000000000,0.000038335210,0.000036548691,0.000000000000,0.000040520148,0.000040459480,0.000000000000,0.000022616048,0.000023793603,0.000000000000,0.000025212214,0.000026100429,0.000000000000,0.000027005579,0.000027537901
254,0.000000000000,0.000119966817,0.000128526145,0.000000000000,0.000120707486,0.000124003130,0.000000000000,0.000132975869,0.000134327907,0.000000000000,0.000068308287,0.000073429244,0.000000000000,0.000080054739,0.000075782954,0.000000000000,0.000080070227,0.000081753325,0.000000000000,0.000046295695,0.000044449929,0.000000000000,0.000048874195,0.000047733841,0.000000000000,0.000050501886,0.000052907436,0.000000000000,0.000035010109,0.000034511902,0.000000000000,0.000038335210,0.000036548691,0.000000000000,0.000040520148,0.000040459480,0.000000000000,0.000022649730,0.000023805665,0.000000000000,0.000025212214,0.000026106987,0.000000000000,0.000027005579,0.000027618720
255,0.000000000000,0.000119966817,0.000128526145,0.000000000000,0.000120707486,0.000124003130,0.000000000000,0.000132975869,0.000134327907,0.000000000000,0.000068308287,0.000073429244,0.000000000000,0.000080054739,0.000075782954,0.000000000000,0.000080070227,0.000081753325,0.000000000000,0.000046295695,0.000044456562,0.000000000000,0.000048874195,0.000047733841,0.000000000000,0.000050501886,0.000052907436,0.000000000000,0.000035010109,0.000034511902,0.000000000000,0.000038335210,0.000036548691,0.000000000000,0.000040520148,0.000040459480,0.000000000000,0.000022650314,0.000023960711,0.000000000000,0.000025212214,0.000026106987,0.000000000000,0.000027005579,0.000027618720
256,0.000000000000,0.000119966817,0.000128526145,0.000000000000,0.000120707486,0.000124003130,0.000000000000,0.000132975869,0.000134327907,0.000000000000,0.000068308287,0.000073429244,0.000000000000,0.000080054739,0.000075850107,0.000000000000,0.000080070227,0.000081753325,0.000000000000,0.000046305510,0.000044456562,0.000000000000,0.000048874195,0.000047733841,0.000000000000,0.000050501886,0.000052907436,0.000000000000,0.000035010109,0.000034511902,0.000000000000,0.000038339315,0.000036548691,0.000000000000,0.000040520148,0.000040459480,0.000000000000,0.000022650314,0.000023984111,0.000000000000,0.000025212214,0.000026106987,0.000000000000,0.000027005579,0.000027618720
257,0.000000000000,0.000119966817,0.000128526145,0.000000000000,0.000120707486,0.000124003130,0.000000000000,0.000132975869,0.000134327907,0.000000000000,0.000068308287,0.000073429244,0.000000000000,0.000080054739,0.000075850107,0.000000000000,0.000080070227,0.000081753325,0.000000000000,0.000046367481,0.000044456562,0.000000000000,0.000048874195,0.000047733841,0.000000000000,0.000050501886,0.000052907436,0.000000000000,0.000035010109,0.000034512723,0.000000000000,0.000038339315,0.000036548691,0.000000000000,0.000040520148,0.000040459480,0.000000000000,0.000022650314,0.000023984111,0.000000000000,0.000025212214,0.000026106987,0.000000000000,0.000027005579,0.000027618720
258,0.000000000000,0.000119966817,0.000128526145,0.000000000000,0.000120707486,0.000124003130,0.000000000000,0.000132975869,0.000134327907,0.000000000000,0.000068308287,0.000073429244,0.000000000000,0.000080054739,0.000075850107,0.000000000000,0.000080070227,0.000081753325,0.000000000000,0.000046367481,0.000044456562,0.000000000000,0.000048874195,0.000047733841,0.000000000000,0.000050501886,0.000052907436,0.000000000000,0.000035010109,0.000034512723,0.000000000000,0.000038339315,0.000036548691,0.000000000000,0.000040520148,0.000040459480,0.000000000000,0.000022650314,0.000023989678,0.000000000000,0.000025212214,0.000026119090,0.000000000000,0.000027005579,0.000027618720
259,0.000000000000,0.000119966817,0.000128526145,0.000000000000,0.000120707486,0.000124003130,0.000000000000,0.000132975869,0.000134327907,0.000000000000,0.000068308287,0.000073429244,0.000000000000,0.000080054739,0.000075850107,0.000000000000,0.000080070227,0.000081753325,0.000000000000,0.000046367481,0.000044456562,0.000000000000,0.000048874195,0.000047733841,0.000000000000,0.000050501886,0.000052907436,0.000000000000,0.000035010109,0.000034512723,0.000000000000,0.000038339315,0.000036548691,0.000000000000,0.000040520148,0.000040459480,0.000000000000,0.000022652268,0.000023989678,0.000000000000,0.000025212214,0.000026119090,0.000000000000,0.000027005579,0.000027618720
260,0.000000000000,0.000119966817,0.000128526145,0.000000000000,0.000120707486,0.000124003130,0.000000000000,0.000132975869,0.000134327907,0.000000000000,0.000068308287,0.000073429244,0.000000000000,0.000080054739,0.000075850107,0.000000000000,0.000080070227,0.000081759394,0.000000000000,0.000046367481,0.000044486620,0.000000000000,0.000048874195,0.000047733841,0.000000000000,0.000050501886,0.000052907436,0.000000000000,0.000035010109,0.000034512723,0.000000000000,0.000038339315,0.000036548691,0.000000000000,0.000040520148,0.000040461413,0.000000000000,0.000022652268,0.000023989678,0.000000000000,0.000025212214,0.000026126894,0.000000000000,0.000027005579,0.000027639010
261,0.000000000000,0.000119966817,0.000128526145,0.000000000000,0.000120707486,0.000124003130,0.000000000000,0.000132975869,0.000134327907,0.000000000000,0.000068308287,0.000073429244,0.000000000000,0.000080054739,0.000075850107,0.000000000000,0.000080070227,0.000081759394,0.000000000000,0.000046367481,0.000044487146,0.000000000000,0.000048874195,0.000047733841,0.000000000000,0.000050501886,0.000052907436,0.000000000000,0.000035010109,0.000034512723,0.000000000000,0.000038339315,0.000036548691,0.000000000000,0.000040520148,0.000040486040,0.000000000000,0.000022657869,0.000023989678,0.000000000000,0.000025212214,0.000026126894,0.000000000000,0.000027020648,0.000027639845
262,0.000000000000,0.000119966817,0.000128526145,0.000000000000,0.000120707486,0.000124003130,0.000000000000,0.000132975869,0.000134327907,0.000000000000,0.000068308287,0.000073429244,0.000000000000,0.000080054739,0.000075850107,0.000000000000,0.000080070227,0.000081759394,0.000000000000,0.000046367481,0.000044487146,0.000000000000,0.000048874195,0.000047733841,0.000000000000,0.000050501886,0.000052907436,0.000000000000,0.000035010109,0.000034512723,0.000000000000,0.000038341351,0.000036548691,0.000000000000,0.000040520148,0.000040486040,0.000000000000,0.000022662192,0.000023989678,0.000000000000,0.000025212214,0.000026126894,0.000000000000,0.000027021108,0.000027639845
263,0.000000000000,0.000119966817,0.000128526145,0.000000000000,0.000120707486,0.000124003130,0.000000000000,0.000132975869,0.000134327907,0.000000000000,0.000068308287,0.000073429244,0.000000000000,0.000080054739,0.000075850107,0.000000000000,0.000080070227,0.000081759394,0.000000000000,0.000046367481,0.000044487146,0.000000000000,0.000048874195,0.000047733841,0.000000000000,0.000050501886,0.000052907436,0.000000000000,0.000035010109,0.000034512723,0.000000000000,0.000038341351,0.000036548691,0.000000000000,0.000040520148,0.000040486040,0.000000000000,0.000022662192,0.000023999922,0.000000000000,0.000025212214,0.000026151545,0.000000000000,0.000027021108,0.000027640306
264,0.000000000000,0.000119966817,0.000128526145,0.000000000000,0.000120707486,0.000124003130,0.000000000000,0.000132975869,0.000134327907,0.000000000000,0.000068308287,0.000073599718,0.000000000000,0.000080054739,0.000075850107,0.000000000000,0.000080070227,0.000081914937,0.000000000000,0.000046367481,0.000044487146,0.000000000000,0.000048874195,0.000047733841,0.000000000000,0.000050501886,0.000052907436,0.000000000000,0.000035010109,0.000034570376,0.000000000000,0.000038341351,0.000036552492,0.000000000000,0.000040520148,0.000040529008,0.000000000000,0.000022662192,0.000023999922,0.000000000000,0.000025212214,0.000026199136,0.000000000000,0.000027021108,0.000027640306
265,0.000000000000,0.000119966817,0.000128526145,0.000000000000,0.000120707486,0.000124003130,0.000000000000,0.000132975869,0.000134327907,0.000000000000,0.000068308287,0.000073599718,0.000000000000,0.000080054739,0.000075850107,0.000000000000,0.000080070227,0.000081914937,0.000000000000,0.000046367481,0.000044487146,0.000000000000,0.000048874195,0.000047733841,0.000000000000,0.000050501886,0.000052907436,0.000000000000,0.000035010109,0.000034571225,0.000000000000,0.000038341351,0.000036552492,0.000000000000,0.000040520148,0.000040529008,0.000000000000,0.000022662192,0.000023999922,0.000000000000,0.000025212214,0.000026239718,0.000000000000,0.000027023905,0.000027643962
266,0.000000000000,0.000119966817,0.000128548184,0.000000000000,0.000120707486,0.000124003130,0.000000000000,0.000132975869,0.000134327907,0.000000000000,0.000068308287,0.000073599718,0.000000000000,0.000080054739,0.000075850107,0.000000000000,0.000080070227,0.000081914937,0.000000000000,0.000046367481,0.000044487146,0.000000000000,0.000048874195,0.000047790231,0.000000000000,0.000050501886,0.000052913514,0.000000000000,0.000035010109,0.000034635317,0.000000000000,0.000038341351,0.000036552492,0.000000000000,0.000040520148,0.000040529008,0.000000000000,0.000022662192,0.000024003576,0.000000000000,0.000025212214,0.000026249988,0.000000000000,0.000027023905,0.000027665797
267,0.000000000000,0.000119966817,0.000128548184,0.000000000000,0.000120707486,0.000124003130,0.000000000000,0.000132975869,0.000134327907,0.000000000000,0.000068308287,0.000073599718,0.000000000000,0.000080054739,0.000075850107,0.000000000000,0.000080070227,0.000081914937,0.000000000000,0.000046367481,0.000044487146,0.000000000000,0.000048874195,0.000047790231,0.000000000000,0.000050501886,0.000052913514,0.000000000000,0.000035010109,0.000034654537,0.000000000000,0.000038341351,0.000036552492,0.000000000000,0.000040577223,0.000040529008,0.000000000000,0.000022662192,0.000024003576,0.000000000000,0.000025212214,0.000026249988,0.000000000000,0.000027043571,0.000027834529
268,0.000000000000,0.000119966817,0.000128548184,0.000000000000,0.000120707486,0.000124003130,0.000000000000,0.000132975869,0.000134327907,0.000000000000,0.000068308287,0.000073599718,0.000000000000,0.000080054739,0.000075850107,0.000000000000,0.000080070227,0.000081914937,0.000000000000,0.000046367481,0.000044687224,0.000000000000,0.000048874195,0.000047943787,0.000000000000,0.000050501886,0.000052920666,0.000000000000,0.000035010109,0.000034654537,0.000000000000,0.000038341351,0.000036552492,0.000000000000,0.000040577223,0.000040529008,0.000000000000,0.000022662192,0.000024003576,0.000000000000,0.000025212214,0.000026249988,0.000000000000,0.000027052213,0.000027912874
269,0.000000000000,0.000119966817,0.000128548184,0.000000000000,0.000120707486,0.000124003130,0.000000000000,0.000132975869,0.000134327907,0.000000000000,0.000068308287,0.000073604354,0.000000000000,0.000080211655,0.000075850107,0.000000000000,0.000080070227,0.000081914937,0.000000000000,0.000046367481,0.000044755676,0.000000000000,0.000048878101,0.000047943787,0.000000000000,0.000050501886,0.000052920666,0.000000000000,0.000035010109,0.000034654537,0.000000000000,0.000038341351,0.000036552492,0.000000000000,0.000040645653,0.000040529008,0.000000000000,0.000022662192,0.000024003576,0.000000000000,0.000025212214,0.000026255570,0.000000000000,0.000027052213,0.000027912874
270,0.000000000000,0.000119966817,0.000128548184,0.000000000000,0.000120707486,0.000124003130,0.000000000000,0.000132975869,0.000134327907,0.000000000000,0.000068308287,0.000073604354,0.000000000000,0.000080211655,0.000075850107,0.000000000000,0.000080070227,0.000081914937,0.000000000000,0.000046367481,0.000044763904,0.000000000000,0.000048878101,0.000048037649,0.000000000000,0.000050501886,0.000052920666,0.000000000000,0.000035010109,0.000034654537,0.000000000000,0.000038341351,0.000036559738,0.000000000000,0.000040645653,0.000040529008,0.000000000000,0.000022662192,0.000024003576,0.000000000000,0.000025212214,0.000026255570,0.000000000000,0.000027052213,0.000027914867
271,0.000000000000,0.000119966817,0.000128548184,0.000000000000,0.000120707486,0.000124003130,0.000000000000,0.000132975869,0.000134327907,0.000000000000,0.000068308287,0.000073604354,0.000000000000,0.000080211655,0.000075850107,0.000000000000,0.000080070227,0.000081914937,0.000000000000,0.000046367481,0.000044763904,0.000000000000,0.000048878101,0.000048122086,0.000000000000,0.000050501886,0.000052920666,0.000000000000,0.000035010109,0.000034654537,0.000000000000,0.000038341351,0.000036559738,0.000000000000,0.000040645653,0.000040529008,0.000000000000,0.000022662192,0.000024042336,0.000000000000,0.000025212214,0.000026289217,0.000000000000,0.000027052213,0.000027916737
272,0.000000000000,0.000119966817,0.000128548184,0.000000000000,0.000120707486,0.000124003130,0.000000000000,0.000132975869,0.000134327907,0.000000000000,0.000068308287,0.000073604354,0.000000000000,0.000080211655,0.000075850107,0.000000000000,0.000080070227,0.000081914937,0.000000000000,0.000046367481,0.000044788488,0.000000000000,0.000048878101,0.000048440981,0.000000000000,0.000050501886,0.000052920666,0.000000000000,0.000035010109,0.000034736459,0.000000000000,0.000038341351,0.000036559738,0.000000000000,0.000040645653,0.000040534077,0.000000000000,0.000022662192,0.000024042336,0.000000000000,0.000025212214,0.000026289217,0.000000000000,0.000027052213,0.000027916737
273,0.000000000000,0.000119966817,0.000128548184,0.000000000000,0.000120707486,0.000124003130,0.000000000000,0.000132975869,0.000134327907,0.000000000000,0.000068308287,0.000073604354,0.000000000000,0.000080211655,0.000075850107,0.000000000000,0.000080070227,0.000081914937,0.000000000000,0.000046367481,0.000044861553,0.000000000000,0.000048878101,0.000048440981,0.000000000000,0.000050501886,0.000053256902,0.000000000000,0.000035010109,0.000034737940,0.000000000000,0.000038341351,0.000036559738,0.000000000000,0.000040645653,0.000040534077,0.000000000000,0.000022662192,0.000024042336,0.000000000000,0.000025212214,0.000026289217,0.000000000000,0.000027052213,0.000027916737
274,0.000000000000,0.000119966817,0.000128548184,0.000000000000,0.000120707486,0.000124003130,0.000000000000,0.000132975869,0.000134327907,0.000000000000,0.000068308287,0.000073604354,0.000000000000,0.000080211655,0.000075850107,0.000000000000,0.000080070227,0.000081914937,0.000000000000,0.000046367481,0.000044861553,0.000000000000,0.000048878101,0.000048440981,0.000000000000,0.000050501886,0.000053364829,0.000000000000,0.000035010109,0.000034737940,0.000000000000,0.000038341351,0.000036559738,0.000000000000,0.000040673133,0.000040534077,0.000000000000,0.000022662192,0.000024042336,0.000000000000,0.000025212214,0.000026289217,0.000000000000,0.000027052213,0.000027948626
275,0.000000000000,0.000119966817,0.000128548184,0.000000000000,0.000120707486,0.000124003130,0.000000000000,0.000132975869,0.000134327907,0.000000000000,0.000068308287,0.000073604354,0.000000000000,0.000080211655,0.000075850107,0.000000000000,0.000080070227,0.000081914937,0.000000000000,0.000046367481,0.000044861553,0.000000000000,0.000048878101,0.000048440981,0.000000000000,0.000050501886,0.000053386686,0.000000000000,0.000035010109,0.000034737940,0.000000000000,0.000038341351,0.000036559738,0.000000000000,0.000040676104,0.000040600296,0.000000000000,0.000022665270,0.000024042336,0.000000000000,0.000025212214,0.000026289217,0.000000000000,0.000027052213,0.000027948626
276,0.000000000000,0.000119966817,0.000128548184,0.000000000000,0.000120707486,0.000124003130,0.000000000000,0.000132975869,0.000134327907,0.000000000000,0.000068308287,0.000073604354,0.000000000000,0.000080211655,0.000075850107,0.000000000000,0.000080070227,0.000081914937,0.000000000000,0.000046367481,0.000044861553,0.000000000000,0.000048878101,0.000048530734,0.000000000000,0.000050501886,0.000053388797,0.000000000000,0.000035010109,0.000034769796,0.000000000000,0.000038341351,0.000036559738,0.000000000000,0.000040676104,0.000040631513,0.000000000000,0.000022674357,0.000024042336,0.000000000000,0.000025212214,0.000026289217,0.000000000000,0.000027052213,0.000028034000
277,0.000000000000,0.000119966817,0.000128548184,0.000000000000,0.000120707486,0.000124003130,0.000000000000,0.000132975869,0.000134327907,0.000000000000,0.000068308287,0.000073604354,0.000000000000,0.000080211655,0.000075850107,0.000000000000,0.000080070227,0.000081914937,0.000000000000,0.000046367481,0.000044861553,0.000000000000,0.000048878101,0.000048558091,0.000000000000,0.000050501886,0.000053388797,0.000000000000,0.000035010109,0.000034769796,0.000000000000,0.000038341351,0.000036559738,0.000000000000,0.000040683567,0.000040631513,0.000000000000,0.000022674357,0.000024042336,0.000000000000,0.000025232550,0.000026289217,0.000000000000,0.000027052213,0.000028034000
278,0.000000000000,0.000119966817,0.000128548184,0.000000000000,0.000120707486,0.000124003130,0.000000000000,0.000132975869,0.000134327907,0.000000000000,0.000068308287,0.000073604354,0.000000000000,0.000080211655,0.000075850107,0.000000000000,0.000080070227,0.000081914937,0.000000000000,0.000046367481,0.000044910239,0.000000000000,0.000048878101,0.000048558091,0.000000000000,0.000050501886,0.000053388797,0.000000000000,0.000035010109,0.000034769796,0.000000000000,0.000038341351,0.000036559738,0.000000000000,0.000040683567,0.000040631513,0.000000000000,0.000022674357,0.000024042336,0.000000000000,0.000025232550,0.000026304590,0.000000000000,0.000027052213,0.000028104971
279,0.000000000000,0.000119966817,0.000128548184,0.000000000000,0.000120707486,0.000124003130,0.000000000000,0.000132975869,0.000134327907,0.000000000000,0.000068308287,0.000073604354,0.000000000000,0.000080211655,0.000075850107,0.000000000000,0.000080070227,0.000081914937,0.000000000000,0.000046367481,0.000044946810,0.000000000000,0.000048878101,0.000048558091,0.000000000000,0.000050501886,0.000053388797,0.000000000000,0.000035010109,0.000034803253,0.000000000000,0.000038341351,0.000036559738,0.000000000000,0.000040699136,0.000040631513,0.000000000000,0.000022674357,0.000024042336,0.000000000000,0.000025232550,0.000026304590,0.000000000000,0.000027052213,0.000028104971
280,0.000000000000,0.000119966817,0.000128548184,0.000000000000,0.000120707486,0.000124003130,0.000000000000,0.000132975869,0.000134327907,0.000000000000,0.000068308287,0.000073604354,0.000000000000,0.000080211655,0.000075850107,0.000000000000,0.000080070227,0.000081914937,0.000000000000,0.000046367481,0.000044946810,0.000000000000,0.000048878101,0.000048558091,0.000000000000,0.000050501886,0.000053388797,0.000000000000,0.000035010109,0.000034811321,0.000000000000,0.000038341351,0.000036563132,0.000000000000,0.000040699136,0.000040631513,0.000000000000,0.000022674357,0.000024042336,0.000000000000,0.000025232550,0.000026343068,0.000000000000,0.000027052213,0.000028107100
281,0.000000000000,0.000119966817,0.000128548184,0.000000000000,0.000120707486,0.000124003130,0.000000000000,0.000132975869,0.000134327907,0.000000000000,0.000068308287,0.000073604354,0.000000000000,0.000080211655,0.000075850107,0.000000000000,0.000080079135,0.000081914937,0.000000000000,0.000046367481,0.000044946810,0.000000000000,0.000048878101,0.000048558091,0.000000000000,0.000050501886,0.000053388797,0.000000000000,0.000035010109,0.000034811321,0.000000000000,0.000038341351,0.000036567120,0.000000000000,0.000040699136,0.000040631513,0.000000000000,0.000022674357,0.000024042336,0.000000000000,0.000025232550,0.000026343535,0.000000000000,0.000027052213,0.000028107100
282,0.000000000000,0.000119966817,0.000128548184,0.000000000000,0.000120707486,0.000124003130,0.000000000000,0.000132975869,0.000134327907,0.000000000000,0.000068308287,0.000073843997,0.000000000000,0.000080211655,0.000075850107,0.000000000000,0.000080079135,0.000081914937,0.000000000000,0.000046367481,0.000045064035,0.000000000000,0.000048878101,0.000048558091,0.000000000000,0.000050501886,0.000053388797,0.000000000000,0.000035010109,0.000034811321,0.000000000000,0.000038341351,0.000036567120,0.000000000000,0.000040699136,0.000040631513,0.000000000000,0.000022674357,0.000024042336,0.000000000000,0.000025232550,0.000026343535,0.000000000000,0.000027059787,0.000028107100
283,0.000000000000,0.000119966817,0.000128548184,0.000000000000,0.000120707486,0.000124003130,0.000000000000,0.000132975869,0.000134327907,0.000000000000,0.000068308287,0.000073843997,0.000000000000,0.000080211655,0.000075850107,0.000000000000,0.000080079135,0.000081914937,0.000000000000,0.000046367481,0.000045064035,0.000000000000,0.000048878101,0.000048558091,0.000000000000,0.000050501886,0.000053388797,0.000000000000,0.000035013222,0.000034811321,0.000000000000,0.000038341351,0.000036567120,0.000000000000,0.000040699136,0.000040638595,0.000000000000,0.000022674357,0.000024042336,0.000000000000,0.000025232550,0.000026343535,0.000000000000,0.000027059787,0.000028112730
284,0.000000000000,0.000119966817,0.000128548184,0.000000000000,0.000120707486,0.000124003130,0.000000000000,0.000132975869,0.000134327907,0.000000000000,0.000068308287,0.000073843997,0.000000000000,0.000080211655,0.000075850107,0.000000000000,0.000080079135,0.000081914937,0.000000000000,0.000046367481,0.000045064035,0.000000000000,0.000048878101,0.000048558091,0.000000000000,0.000050523015,0.000053388797,0.000000000000,0.000035013222,0.000034811321,0.000000000000,0.000038341351,0.000036567120,0.000000000000,0.000040699136,0.000040638595,0.000000000000,0.000022674357,0.000024042336,0.000000000000,0.000025232550,0.000026343535,0.000000000000,0.000027059787,0.000028112730
285,0.000000000000,0.000119966817,0.000128548184,0.000000000000,0.000120707486,0.000124003130,0.000000000000,0.000132975869,0.000134327907,0.000000000000,0.000068308287,0.000073843997,0.000000000000,0.000080211655,0.000075850107,0.000000000000,0.000080079135,0.000081914937,0.000000000000,0.000046367481,0.000045064035,0.000000000000,0.000048939343,0.000048558091,0.000000000000,0.000050649502,0.000053388797,0.000000000000,0.000035013222,0.000034822521,0.000000000000,0.000038341351,0.000036567120,0.000000000000,0.000040699136,0.000040638595,0.000000000000,0.000022674357,0.000024042336,0.000000000000,0.000025232550,0.000026343535,0.000000000000,0.000027059787,0.000028143373
286,0.000000000000,0.000119966817,0.000128548184,0.000000000000,0.000120707486,0.000124003130,0.000000000000,0.000132975869,0.000134327907,0.000000000000,0.000068308287,0.000073843997,0.000000000000,0.000080211655,0.000075850107,0.000000000000,0.000080079135,0.000081914937,0.000000000000,0.000046367481,0.000045064035,0.000000000000,0.000048939343,0.000048558091,0.000000000000,0.000050649502,0.000053388797,0.000000000000,0.000035013222,0.000034822521,0.000000000000,0.000038341351,0.000036567120,0.000000000000,0.000040699136,0.000040638595,0.000000000000,0.000022680661,0.000024042336,0.000000000000,0.000025232550,0.000026367256,0.000000000000,0.000027059787,0.000028143373
287,0.000000000000,0.000119966817,0.000128548184,0.000000000000,0.000120707486,0.000124003130,0.000000000000,0.000132975869,0.000134327907,0.000000000000,0.000068308287,0.000073913500,0.000000000000,0.000080211655,0.000075903822,0.000000000000,0.000080079135,0.000081914937,0.000000000000,0.000046367481,0.000045064035,0.000000000000,0.000048939343,0.000048558091,0.000000000000,0.000050649502,0.000053388797,0.000000000000,0.000035013222,0.000034822521,0.000000000000,0.000038341351,0.000036568199,0.000000000000,0.000040699136,0.000040646608,0.000000000000,0.000022687730,0.000024042336,0.000000000000,0.000025232550,0.000026367256,0.000000000000,0.000027069644,0.000028143373
288,0.000000000000,0.000119966817,0.000128548184,0.000000000000,0.000120707486,0.000124003130,0.000000000000,0.000132975869,0.000134327907,0.000000000000,0.000068308287,0.000073913500,0.000000000000,0.000080211655,0.000075903822,0.000000000000,0.000080079135,0.000081914937,0.000000000000,0.000046367481,0.000045064035,0.000000000000,0.000048939343,0.000048558091,0.000000000000,0.000050649502,0.000053388797,0.000000000000,0.000035013222,0.000034822521,0.000000000000,0.000038341351,0.000036568199,0.000000000000,0.000040699136,0.000040646608,0.000000000000,0.000022687730,0.000024042336,0.000000000000,0.000025232550,0.000026381176,0.000000000000,0.000027069644,0.000028143373
289,0.000000000000,0.000119966817,0.000128548184,0.000000000000,0.000120707486,0.000124003130,0.000000000000,0.000132975869,0.000134327907,0.000000000000,0.000068308287,0.000073913500,0.000000000000,0.000080211655,0.000075903822,0.000000000000,0.000080079135,0.000081914937,0.000000000000,0.000046367481,0.000045064035,0.000000000000,0.000048939343,0.000048558091,0.000000000000,0.000050649502,0.000053388797,0.000000000000,0.000035013222,0.000034822521,0.000000000000,0.000038341351,0.000036568199,0.000000000000,0.000040699136,0.000040646608,0.000000000000,0.000022687730,0.000024046235,0.000000000000,0.000025313719,0.000026381176,0.000000000000,0.000027111919,0.000028143373
290,0.000000000000,0.000119966817,0.000128548184,0.000000000000,0.000120707486,0.000124003130,0.000000000000,0.000132975869,0.000134327907,0.000000000000,0.000068308287,0.000073913500,0.000000000000,0.000080211655,0.000075903822,0.000000000000,0.000080079135,0.000081914937,0.000000000000,0.000046367481,0.000045064035,0.000000000000,0.000048939343,0.000048627649,0.000000000000,0.000050649502,0.000053388797,0.000000000000,0.000035013222,0.000034822521,0.000000000000,0.000038341351,0.000036568199,0.000000000000,0.000040699136,0.000040646608,0.000000000000,0.000022687730,0.000024046235,0.000000000000,0.000025321319,0.000026381176,0.000000000000,0.000027111919,0.000028158355
291,0.000000000000,0.000119966817,0.000128548184,0.000000000000,0.000120707486,0.000124003130,0.000000000000,0.000132975869,0.000134327907,0.000000000000,0.000068308287,0.000073913500,0.000000000000,0.000080211655,0.000075903822,0.000000000000,0.000080079135,0.000081914937,0.000000000000,0.000046367481,0.000045064035,0.000000000000,0.000048939343,0.000048627649,0.000000000000,0.000050649502,0.000053388797,0.000000000000,0.000035013222,0.000034822521,0.000000000000,0.000038341351,0.000036568199,0.000000000000,0.000040699136,0.000040646608,0.000000000000,0.000022687730,0.000024046235,0.000000000000,0.000025321319,0.000026382951,0.000000000000,0.000027111919,0.000028158355
292,0.000000000000,0.000119966817,0.000128548184,0.000000000000,0.000120707486,0.000124003130,0.000000000000,0.000132975869,0.000134327907,0.000000000000,0.000068308287,0.000073913500,0.000000000000,0.000080211655,0.000075903822,0.000000000000,0.000080079135,0.000081914937,0.000000000000,0.000046367481,0.000045064035,0.000000000000,0.000048939343,0.000048627649,0.000000000000,0.000050649502,0.000053388797,0.000000000000,0.000035013222,0.000034822521,0.000000000000,0.000038341351,0.000036568199,0.000000000000,0.000040699136,0.000040646608,0.000000000000,0.000022687730,0.000024046235,0.000000000000,0.000025321869,0.000026382951,0.000000000000,0.000027124542,0.000028160654
293,0.000000000000,0.000119966817,0.000128548184,0.000000000000,0.000120707486,0.000124003130,0.000000000000,0.000132975869,0.000134327907,0.000000000000,0.000068308287,0.000073913500,0.000000000000,0.000080211655,0.000075903822,0.000000000000,0.000080079135,0.000081914937,0.000000000000,0.000046367481,0.000045064035,0.000000000000,0.000048947881,0.000048627649,0.000000000000,0.000050649502,0.000053388797,0.000000000000,0.000035013222,0.000034822521,0.000000000000,0.000038341351,0.000036568199,0.000000000000,0.000040699136,0.000040646608,0.000000000000,0.000022687730,0.000024046235,0.000000000000,0.000025321869,0.000026463868,0.000000000000,0.000027124542,0.000028162863
294,0.000000000000,0.000119966817,0.000128548184,0.000000000000,0.000120707486,0.000124003130,0.000000000000,0.000132975869,0.000134327907,0.000000000000,0.000068308287,0.000073913500,0.000000000000,0.000080211655,0.000075903822,0.000000000000,0.000080079135,0.000081914937,0.000000000000,0.000046367481,0.000045064035,0.000000000000,0.000048947881,0.000048627649,0.000000000000,0.000050649502,0.000053388797,0.000000000000,0.000035013222,0.000034822521,0.000000000000,0.000038341351,0.000036568395,0.000000000000,0.000040699136,0.000040646608,0.000000000000,0.000022687730,0.000024046235,0.000000000000,0.000025338082,0.000026463868,0.000000000000,0.000027127948,0.000028162863
295,0.000000000000,0.000119966817,0.000128548184,0.000000000000,0.000120707486,0.000124003130,0.000000000000,0.000132975869,0.000134327907,0.000000000000,0.000068308287,0.000073913500,0.000000000000,0.000080211655,0.000075903822,0.000000000000,0.000080079135,0.000081914937,0.000000000000,0.000046367481,0.000045064035,0.000000000000,0.000048947881,0.000048627649,0.000000000000,0.000050649502,0.000053388797,0.000000000000,0.000035013222,0.000034822521,0.000000000000,0.000038341351,0.000036568395,0.000000000000,0.000040699136,0.000040646608,0.000000000000,0.000022692128,0.000024046235,0.000000000000,0.000025338082,0.000026470064,0.000000000000,0.000027127948,0.000028173333
296,0.000000000000,0.000119966817,0.000128548184,0.000000000000,0.000120707486,0.000124003130,0.000000000000,0.000132975869,0.000134327907,0.000000000000,0.000068308287,0.000073913500,0.000000000000,0.000080211655,0.000075903822,0.000000000000,0.000080079135,0.000081914937,0.000000000000,0.000046367481,0.000045064035,0.000000000000,0.000048947881,0.000048747675,0.000000000000,0.000050649502,0.000053388797,0.000000000000,0.000035013222,0.000034822521,0.000000000000,0.000038341351,0.000036569689,0.000000000000,0.000040699136,0.000040646608,0.000000000000,0.000022692128,0.000024053367,0.000000000000,0.000025338082,0.000026470064,0.000000000000,0.000027127948,0.000028233062
297,0.000000000000,0.000119966817,0.000128548184,0.000000000000,0.000120707486,0.000124003130,0.000000000000,0.000132975869,0.000134327907,0.000000000000,0.000068308287,0.000073913500,0.000000000000,0.000080211655,0.000075903822,0.000000000000,0.000080079135,0.000081914937,0.000000000000,0.000046367481,0.000045064035,0.000000000000,0.000048947881,0.000048747675,0.000000000000,0.000050649502,0.000053388797,0.000000000000,0.000035013222,0.000034822521,0.000000000000,0.000038341351,0.000036569689,0.000000000000,0.000040699136,0.000040646608,0.000000000000,0.000022704394,0.000024053367,0.000000000000,0.000025338082,0.000026495232,0.000000000000,0.000027127948,0.000028233062
298,0.000000000000,0.000119966817,0.000128548184,0.000000000000,0.000120707486,0.000124003130,0.000000000000,0.000132975869,0.000134327907,0.000000000000,0.000068308287,0.000073913500,0.000000000000,0.000080211655,0.000075903822,0.000000000000,0.000080079135,0.000081914937,0.000000000000,0.000046367481,0.000045064035,0.000000000000,0.000048947881,0.000048751846,0.000000000000,0.000050649502,0.000053388797,0.000000000000,0.000035013222,0.000034822521,0.000000000000,0.000038341351,0.000036569689,0.000000000000,0.000040699136,0.000040646608,0.000000000000,0.000022704394,0.000024068473,0.000000000000,0.000025338082,0.000026495232,0.000000000000,0.000027127948,0.000028311236
299,0.000000000000,0.000119966817,0.000128548184,0.000000000000,0.000120707486,0.000124003130,0.000000000000,0.000132975869,0.000134327907,0.000000000000,0.000068308287,0.000073913500,0.000000000000,0.000080211655,0.000075903822,0.000000000000,0.000080079135,0.000081914937,0.000000000000,0.000046367481,0.000045064035,0.000000000000,0.000048947881,0.000048806142,0.000000000000,0.000050649502,0.000053388797,0.000000000000,0.000035013222,0.000034851448,0.000000000000,0.000038341351,0.000036569689,0.000000000000,0.000040699136,0.000040646608,0.000000000000,0.000022709426,0.000024068473,0.000000000000,0.000025338082,0.000026495232,0.000000000000,0.000027127948,0.000028311560
300,0.000000000000,0.000119966817,0.000128548184,0.000000000000,0.000120707486,0.000124003130,0.000000000000,0.000132975869,0.000134327907,0.000000000000,0.000068308287,0.000073913500,0.000000000000,0.000080211655,0.000075903822,0.000000000000,0.000080079135,0.000081914937,0.000000000000,0.000046367481,0.000045064035,0.000000000000,0.000048947881,0.000048838910,0.000000000000,0.000050649502,0.000053388797,0.000000000000,0.000035013222,0.000034851448,0.000000000000,0.000038341351,0.000036569689,0.000000000000,0.000040699136,0.000040646608,0.000000000000,0.000022711202,0.000024068473,0.000000000000,0.000025338082,0.000026608258,0.000000000000,0.000027127948,0.000028311560
301,0.000000000000,0.000119966817,0.000128548184,0.000000000000,0.000120707486,0.000124003130,0.000000000000,0.000132975869,0.000134327907,0.000000000000,0.000068308287,0.000073913500,0.000000000000,0.000080211655,0.000075903822,0.000000000000,0.000080079135,0.000081914937,0.000000000000,0.000046367481,0.000045064035,0.000000000000,0.000048947881,0.000048838910,0.000000000000,0.000050649502,0.000053388797,0.000000000000,0.000035013222,0.000034852129,0.000000000000,0.000038341351,0.000036571077,0.000000000000,0.000040699136,0.000040646608,0.000000000000,0.000022760944,0.000024068473,0.000000000000,0.000025338082,0.000026608258,0.000000000000,0.000027127948,0.000028311560
302,0.000000000000,0.000119966817,0.000128548184,0.000000000000,0.000120707486,0.000124003130,0.000000000000,0.000132975869,0.000134327907,0.000000000000,0.000068308287,0.000073913500,0.000000000000,0.000080211655,0.000075903822,0.000000000000,0.000080079135,0.000081914937,0.000000000000,0.000046367481,0.000045064035,0.000000000000,0.000048947881,0.000048915968,0.000000000000,0.000050649502,0.000053388797,0.000000000000,0.000035013222,0.000034852129,0.000000000000,0.000038341351,0.000036581761,0.000000000000,0.000040699136,0.000040646608,0.000000000000,0.000022760944,0.000024068473,0.000000000000,0.000025338082,0.000026631402,0.000000000000,0.000027127948,0.000028315554
303,0.000000000000,0.000119966817,0.000128548184,0.000000000000,0.000120707486,0.000124003130,0.000000000000,0.000132975869,0.000134327907,0.000000000000,0.000068308287,0.000073913500,0.000000000000,0.000080211655,0.000075903822,0.000000000000,0.000080079135,0.000081914937,0.000000000000,0.000046367481,0.000045064035,0.000000000000,0.000048947881,0.000048929869,0.000000000000,0.000050649502,0.000053388797,0.000000000000,0.000035013222,0.000034859886,0.000000000000,0.000038341351,0.000036581761,0.000000000000,0.000040699136,0.000040646608,0.000000000000,0.000022764145,0.000024068473,0.000000000000,0.000025338082,0.000026631402,0.000000000000,0.000027127948,0.000028315554
304,0.000000000000,0.000119966817,0.000128548184,0.000000000000,0.000120707486,0.000124003130,0.000000000000,0.000132975869,0.000134327907,0.000000000000,0.000068308287,0.000073913500,0.000000000000,0.000080211655,0.000075903822,0.000000000000,0.000080079135,0.000081914937,0.000000000000,0.000046367481,0.000045064035,0.000000000000,0.000048947881,0.000048936405,0.000000000000,0.000050649502,0.000053388797,0.000000000000,0.000035013222,0.000034859886,0.000000000000,0.000038341351,0.000036581761,0.000000000000,0.000040699136,0.000040646608,0.000000000000,0.000022764145,0.000024068473,0.000000000000,0.000025338082,0.000026631402,0.000000000000,0.000027127948,0.000028315554
305,0.000000000000,0.000119966817,0.000128548184,0.000000000000,0.000120707486,0.000124003130,0.000000000000,0.000132975869,0.000134327907,0.000000000000,0.000068308287,0.000073913500,0.000000000000,0.000080211655,0.000075903822,0.000000000000,0.000080079135,0.000081914937,0.000000000000,0.000046367481,0.000045064035,0.000000000000,0.000048947881,0.000048950462,0.000000000000,0.000050965793,0.000053388797,0.000000000000,0.000035028758,0.000034859886,0.000000000000,0.000038341351,0.000036587181,0.000000000000,0.000040699136,0.000040646608,0.000000000000,0.000022784013,0.000024068473,0.000000000000,0.000025338082,0.000026631593,0.000000000000,0.000027127948,0.000028399445
306,0.000000000000,0.000119966817,0.000128548184,0.000000000000,0.000120707486,0.000124003130,0.000000000000,0.000132975869,0.000134327907,0.000000000000,0.000068308287,0.000073913500,0.000000000000,0.000080211655,0.000075903822,0.000000000000,0.000080079135,0.000081914937,0.000000000000,0.000046367481,0.000045064035,0.000000000000,0.000048947881,0.000049246817,0.000000000000,0.000050982711,0.000053409274,0.000000000000,0.000035028758,0.000034872309,0.000000000000,0.000038341351,0.000036605946,0.000000000000,0.000040699136,0.000040646608,0.000000000000,0.000022784013,0.000024175368,0.000000000000,0.000025407335,0.000026631593,0.000000000000,0.000027127948,0.000028399445
307,0.000000000000,0.000119966817,0.000128548184,0.000000000000,0.000120707486,0.000124003130,0.000000000000,0.000132975869,0.000134327907,0.000000000000,0.000068308287,0.000073913500,0.000000000000,0.000080211655,0.000075903822,0.000000000000,0.000080079135,0.000081914937,0.000000000000,0.000046367481,0.000045064035,0.000000000000,0.000048947881,0.000049246817,0.000000000000,0.000050982711,0.000053409274,0.000000000000,0.000035028758,0.000034872309,0.000000000000,0.000038415859,0.000036605946,0.000000000000,0.000040699136,0.000040646608,0.000000000000,0.000022794085,0.000024175368,0.000000000000,0.000025407335,0.000026631593,0.000000000000,0.000027127948,0.000028518549
308,0.000000000000,0.000119966817,0.000128548184,0.000000000000,0.000120707486,0.000124003130,0.000000000000,0.000132975869,0.000134327907,0.000000000000,0.000068308287,0.000073913500,0.000000000000,0.000080211655,0.000075903822,0.000000000000,0.000080079135,0.000081914937,0.000000000000,0.000046367481,0.000045064035,0.000000000000,0.000048947881,0.000049246817,0.000000000000,0.000050991445,0.000053409274,0.000000000000,0.000035028758,0.000034878480,0.000000000000,0.000038436749,0.000036644616,0.000000000000,0.000040699136,0.000040646608,0.000000000000,0.000022794085,0.000024175368,0.000000000000,0.000025407335,0.000026633615,0.000000000000,0.000027127948,0.000028518549
309,0.000000000000,0.000119966817,0.000128548184,0.000000000000,0.000120707486,0.000124003130,0.000000000000,0.000132975869,0.000134327907,0.000000000000,0.000068308287,0.000073913500,0.000000000000,0.000080211655,0.000075903822,0.000000000000,0.000080079135,0.000081914937,0.000000000000,0.000046367481,0.000045064035,0.000000000000,0.000048947881,0.000049246817,0.000000000000,0.000050991445,0.000053409274,0.000000000000,0.000035028758,0.000034878480,0.000000000000,0.000038436749,0.000036644616,0.000000000000,0.000040699136,0.000040646608,0.000000000000,0.000022794085,0.000024175368,0.000000000000,0.000025407335,0.000026652030,0.000000000000,0.000027127948,0.000028580437
310,0.000000000000,0.000119966817,0.000128548184,0.000000000000,0.000120707486,0.000124003130,0.000000000000,0.000132975869,0.000134327907,0.000000000000,0.000068308287,0.000073913500,0.000000000000,0.000080211655,0.000075918317,0.000000000000,0.000080079135,0.000081914937,0.000000000000,0.000046367481,0.000045064035,0.000000000000,0.000048947881,0.000049334249,0.000000000000,0.000050991445,0.000053409274,0.000000000000,0.000035028758,0.000034878480,0.000000000000,0.000038436749,0.000036644616,0.000000000000,0.000040699136,0.000040646608,0.000000000000,0.000022809156,0.000024175368,0.000000000000,0.000025407335,0.000026655701,0.000000000000,0.000027127948,0.000028580437
311,0.000000000000,0.000119966817,0.000128548184,0.000000000000,0.000120707486,0.000124003130,0.000000000000,0.000132975869,0.000134327907,0.000000000000,0.000068308287,0.000073913500,0.000000000000,0.000080211655,0.000075918317,0.000000000000,0.000080079135,0.000081914937,0.000000000000,0.000046367481,0.000045064035,0.000000000000,0.000048947881,0.000049334249,0.000000000000,0.000050991445,0.000053409274,0.000000000000,0.000035028758,0.000034878480,0.000000000000,0.000038436749,0.000036644616,0.000000000000,0.000040699136,0.000040646608,0.000000000000,0.000022817800,0.000024175368,0.000000000000,0.000025407335,0.000026655701,0.000000000000,0.000027127948,0.000028580437
312,0.000000000000,0.000119966817,0.000128548184,0.000000000000,0.000120778613,0.000124003130,0.000000000000,0.000132975869,0.000134327907,0.000000000000,0.000068308287,0.000073913500,0.000000000000,0.000080211655,0.000075918317,0.000000000000,0.000080079135,0.000081914937,0.000000000000,0.000046367481,0.000045064035,0.000000000000,0.000048947881,0.000049347778,0.000000000000,0.000050991445,0.000053409274,0.000000000000,0.000035028758,0.000034878480,0.000000000000,0.000038436749,0.000036644616,0.000000000000,0.000040699136,0.000040646608,0.000000000000,0.000022817800,0.000024175368,0.000000000000,0.000025407335,0.000026658987,0.000000000000,0.000027127948,0.000028580437
313,0.000000000000,0.000119966817,0.000128548184,0.000000000000,0.000120778613,0.000124003130,0.000000000000,0.000132975869,0.000134327907,0.000000000000,0.000068308287,0.000073913500,0.000000000000,0.000080211655,0.000075918317,0.000000000000,0.000080079135,0.000081914937,0.000000000000,0.000046367481,0.000045064035,0.000000000000,0.000048947881,0.000049347778,0.000000000000,0.000050991445,0.000053409274,0.000000000000,0.000035028758,0.000034878480,0.000000000000,0.000038451779,0.000036644616,0.000000000000,0.000040699136,0.000040646608,0.000000000000,0.000022817800,0.000024184965,0.000000000000,0.000025417159,0.000026658987,0.000000000000,0.000027127948,0.000028580437
314,0.000000000000,0.000119966817,0.000128548184,0.000000000000,0.000120778613,0.000124003130,0.000000000000,0.000132975869,0.000134327907,0.000000000000,0.000068308287,0.000073913500,0.000000000000,0.000080211655,0.000075918317,0.000000000000,0.000080079135,0.000081914937,0.000000000000,0.000046367481,0.000045064035,0.000000000000,0.000048947881,0.000049347778,0.000000000000,0.000050991445,0.000053409274,0.000000000000,0.000035028758,0.000034935517,0.000000000000,0.000038451779,0.000036644616,0.000000000000,0.000040699136,0.000040646608,0.000000000000,0.000022817800,0.000024184965,0.000000000000,0.000025417159,0.000026658987,0.000000000000,0.000027127948,0.000028581402
315,0.000000000000,0.000119966817,0.000128548184,0.000000000000,0.000120778613,0.000124003130,0.000000000000,0.000132975869,0.000134327907,0.000000000000,0.000068308287,0.000073913500,0.000000000000,0.000080211655,0.000075918317,0.000000000000,0.000080079135,0.000081914937,0.000000000000,0.000046367481,0.000045064035,0.000000000000,0.000048947881,0.000049347778,0.000000000000,0.000050991445,0.000053409274,0.000000000000,0.000035028758,0.000034935517,0.000000000000,0.000038451779,0.000036644616,0.000000000000,0.000040699136,0.000040649480,0.000000000000,0.000022817800,0.000024184965,0.000000000000,0.000025417159,0.000026658987,0.000000000000,0.000027127948,0.000028581402
316,0.000000000000,0.000119966817,0.000128548184,0.000000000000,0.000120778613,0.000124003130,0.000000000000,0.000132975869,0.000134327907,0.000000000000,0.000068308287,0.000073913500,0.000000000000,0.000080211655,0.000075918317,0.000000000000,0.000080079135,0.000081914937,0.000000000000,0.000046367481,0.000045064035,0.000000000000,0.000048947881,0.000049347778,0.000000000000,0.000050991445,0.000053413101,0.000000000000,0.000035028758,0.000034935517,0.000000000000,0.000038451779,0.000036668759,0.000000000000,0.000040699136,0.000040649480,0.000000000000,0.000022817800,0.000024184965,0.000000000000,0.000025417159,0.000026658987,0.000000000000,0.000027127948,0.000028581402
317,0.000000000000,0.000119966817,0.000128548184,0.000000000000,0.000120778613,0.000124003130,0.000000000000,0.000132975869,0.000134327907,0.000000000000,0.000068308287,0.000073913500,0.000000000000,0.000080211655,0.000075918317,0.000000000000,0.000080079135,0.000081914937,0.000000000000,0.000046367481,0.000045070414,0.000000000000,0.000048947881,0.000049351400,0.000000000000,0.000050991445,0.000053413101,0.000000000000,0.000035028758,0.000034935517,0.000000000000,0.000038451779,0.000036668759,0.000000000000,0.000040699136,0.000040649480,0.000000000000,0.000022817800,0.000024190052,0.000000000000,0.000025417159,0.000026682577,0.000000000000,0.000027127948,0.000028581402
318,0.000000000000,0.000119966817,0.000128548184,0.000000000000,0.000120778613,0.000124003130,0.000000000000,0.000132975869,0.000134327907,0.000000000000,0.000068441817,0.000073913500,0.000000000000,0.000080211655,0.000075918317,0.000000000000,0.000080079135,0.000081914937,0.000000000000,0.000046367481,0.000045070414,0.000000000000,0.000048947881,0.000049351400,0.000000000000,0.000050991445,0.000053413101,0.000000000000,0.000035028758,0.000034935517,0.000000000000,0.000038451779,0.000036668759,0.000000000000,0.000040699136,0.000040655128,0.000000000000,0.000022825862,0.000024190052,0.000000000000,0.000025417159,0.000026682577,0.000000000000,0.000027127948,0.000028581402
319,0.000000000000,0.000119966817,0.000128548184,0.000000000000,0.000120778613,0.000124003130,0.000000000000,0.000132975869,0.000134327907,0.000000000000,0.000068441817,0.000073913500,0.000000000000,0.000080211655,0.000075918317,0.000000000000,0.000080079135,0.000081914937,0.000000000000,0.000046367481,0.000045070414,0.000000000000,0.000048947881,0.000049351400,0.000000000000,0.000050991445,0.000053413101,0.000000000000,0.000035028758,0.000034945472,0.000000000000,0.000038451779,0.000036668759,0.000000000000,0.000040699136,0.000040655128,0.000000000000,0.000022829653,0.000024190052,0.000000000000,0.000025417159,0.000026682577,0.000000000000,0.000027127948,0.000028581402
320,0.000000000000,0.000119966817,0.000128548184,0.000000000000,0.000120778613,0.000124003130,0.000000000000,0.000132975869,0.000134327907,0.000000000000,0.000068441817,0.000073913500,0.000000000000,0.000080211655,0.000075918317,0.000000000000,0.000080079135,0.000081914937,0.000000000000,0.000046367481,0.000045070414,0.000000000000,0.000048947881,0.000049399786,0.000000000000,0.000050991445,0.000053413101,0.000000000000,0.000035028758,0.000034945472,0.000000000000,0.000038451779,0.000036668759,0.000000000000,0.000040699136,0.000040663210,0.000000000000,0.000022829653,0.000024190052,0.000000000000,0.000025417159,0.000026682577,0.000000000000,0.000027127948,0.000028581402
321,0.000000000000,0.000119966817,0.000128548184,0.000000000000,0.000120778613,0.000124003130,0.000000000000,0.000132975869,0.000134327907,0.000000000000,0.000068441817,0.000073913500,0.000000000000,0.000080211655,0.000075918317,0.000000000000,0.000080079135,0.000081914937,0.000000000000,0.000046367481,0.000045070414,0.000000000000,0.000048947881,0.000049399786,0.000000000000,0.000050991445,0.000053413101,0.000000000000,0.000035028758,0.000034945472,0.000000000000,0.000038497214,0.000036668759,0.000000000000,0.000040699136,0.000040663210,0.000000000000,0.000022829653,0.000024190052,0.000000000000,0.000025417159,0.000026682577,0.000000000000,0.000027127948,0.000028581402
322,0.000000000000,0.000119966817,0.000128548184,0.000000000000,0.000120778613,0.000124003130,0.000000000000,0.000132975869,0.000134327907,0.000000000000,0.000068441817,0.000073913500,0.000000000000,0.000080211655,0.000075918317,0.000000000000,0.000080079135,0.000081914937,0.000000000000,0.000046367481,0.000045070414,0.000000000000,0.000048947881,0.000049399786,0.000000000000,0.000050991445,0.000053413101,0.000000000000,0.000035028758,0.000034945472,0.000000000000,0.000038497214,0.000036668759,0.000000000000,0.000040699136,0.000040676449,0.000000000000,0.000022829653,0.000024190052,0.000000000000,0.000025417159,0.000026682577,0.000000000000,0.000027127948,0.000028581402
323,0.000000000000,0.000119966817,0.000128548184,0.000000000000,0.000120778613,0.000124003130,0.000000000000,0.000132975869,0.000134327907,0.000000000000,0.000068441817,0.000073913500,0.000000000000,0.000080211655,0.000075918317,0.000000000000,0.000080079135,0.000081914937,0.000000000000,0.000046367481,0.000045070414,0.000000000000,0.000048947881,0.000049399786,0.000000000000,0.000050991445,0.000053413101,0.000000000000,0.000035028758,0.000034945472,0.000000000000,0.000038497214,0.000036668759,0.000000000000,0.000040699136,0.000040676449,0.000000000000,0.000022829653,0.000024198977,0.000000000000,0.000025417159,0.000026682577,0.000000000000,0.000027127948,0.000028581402
324,0.000000000000,0.000119966817,0.000128548184,0.000000000000,0.000120778613,0.000124003130,0.000000000000,0.000132975869,0.000134327907,0.000000000000,0.000068441817,0.000073913500,0.000000000000,0.000080211655,0.000075918317,0.000000000000,0.000080079135,0.000081914937,0.000000000000,0.000046367481,0.000045070414,0.000000000000,0.000048947881,0.000049432106,0.000000000000,0.000050991445,0.000053413101,0.000000000000,0.000035028758,0.000034945472,0.000000000000,0.000038497214,0.000036668759,0.000000000000,0.000040699136,0.000040676449,0.000000000000,0.000022829653,0.000024198977,0.000000000000,0.000025422249,0.000026682577,0.000000000000,0.000027134323,0.000028581402
325,0.000000000000,0.000119966817,0.000128548184,0.000000000000,0.000120778613,0.000124003130,0.000000000000,0.000132975869,0.000134327907,0.000000000000,0.000068441817,0.000073913500,0.000000000000,0.000080211655,0.000075918317,0.000000000000,0.000080079135,0.000081914937,0.000000000000,0.000046367481,0.000045070414,0.000000000000,0.000048947881,0.000049432106,0.000000000000,0.000050991445,0.000053413101,0.000000000000,0.000035028758,0.000034945472,0.000000000000,0.000038497214,0.000036668759,0.000000000000,0.000040699136,0.000040676449,0.000000000000,0.000022829653,0.000024208494,0.000000000000,0.000025422249,0.000026682577,0.000000000000,0.000027152019,0.000028581402
326,0.000000000000,0.000119966817,0.000128548184,0.000000000000,0.000120778613,0.000124003130,0.000000000000,0.000132975869,0.000134327907,0.000000000000,0.000068441817,0.000073913500,0.000000000000,0.000080259115,0.000075918317,0.000000000000,0.000080079135,0.000081914937,0.000000000000,0.000046367481,0.000045070414,0.000000000000,0.000048947881,0.000049432106,0.000000000000,0.000050991445,0.000053413101,0.000000000000,0.000035028758,0.000034945472,0.000000000000,0.000038497214,0.000036698931,0.000000000000,0.000040699136,0.000040676449,0.000000000000,0.000022829653,0.000024208494,0.000000000000,0.000025442684,0.000026682577,0.000000000000,0.000027152019,0.000028581402
327,0.000000000000,0.000119966817,0.000128548184,0.000000000000,0.000120778613,0.000124003130,0.000000000000,0.000132975869,0.000134327907,0.000000000000,0.000068441817,0.000073931896,0.000000000000,0.000080259115,0.000075918317,0.000000000000,0.000080079135,0.000081914937,0.000000000000,0.000046367481,0.000045070414,0.000000000000,0.000048947881,0.000049432106,0.000000000000,0.000050991445,0.000053413101,0.000000000000,0.000035028758,0.000034945472,0.000000000000,0.000038497214,0.000036698931,0.000000000000,0.000040699136,0.000040676449,0.000000000000,0.000022829653,0.000024208494,0.000000000000,0.000025442833,0.000026682577,0.000000000000,0.000027152019,0.000028581402
328,0.000000000000,0.000119966817,0.000128548184,0.000000000000,0.000120778613,0.000124003130,0.000000000000,0.000132975869,0.000134327907,0.000000000000,0.000068441817,0.000073931896,0.000000000000,0.000080259115,0.000075918317,0.000000000000,0.000080079135,0.000081914937,0.000000000000,0.000046367481,0.000045070414,0.000000000000,0.000048947881,0.000049504704,0.000000000000,0.000050991445,0.000053413101,0.000000000000,0.000035028758,0.000034945472,0.000000000000,0.000038497214,0.000036698931,0.000000000000,0.000040699136,0.000040676449,0.000000000000,0.000022829653,0.000024208494,0.000000000000,0.000025442833,0.000026705172,0.000000000000,0.000027152019,0.000028581402
329,0.000000000000,0.000119966817,0.000128548184,0.000000000000,0.000120778613,0.000124003130,0.000000000000,0.000132975869,0.000134327907,0.000000000000,0.000068441817,0.000073931896,0.000000000000,0.000080259115,0.000075918317,0.000000000000,0.000080079135,0.000081914937,0.000000000000,0.000046367481,0.000045070414,0.000000000000,0.000048947881,0.000049526225,0.000000000000,0.000051032562,0.000053413101,0.000000000000,0.000035028758,0.000034945472,0.000000000000,0.000038497214,0.000036698931,0.000000000000,0.000040699136,0.000040676449,0.000000000000,0.000022829653,0.000024208494,0.000000000000,0.000025442833,0.000026705172,0.000000000000,0.000027158483,0.000028595234
330,0.000000000000,0.000119966817,0.000128548184,0.000000000000,0.000121322447,0.000124003130,0.000000000000,0.000132975869,0.000134327907,0.000000000000,0.000068441817,0.000073931896,0.000000000000,0.000080259115,0.000075918317,0.000000000000,0.000080079135,0.000081914937,0.000000000000,0.000046367481,0.000045115735,0.000000000000,0.000048947881,0.000049535486,0.000000000000,0.000051032562,0.000053413101,0.000000000000,0.000035028758,0.000034945472,0.000000000000,0.000038497214,0.000036698931,0.000000000000,0.000040699136,0.000040676449,0.000000000000,0.000022829653,0.000024208494,0.000000000000,0.000025442833,0.000026705172,0.000000000000,0.000027158483,0.000028595234
331,0.000000000000,0.000119966817,0.000128548184,0.000000000000,0.000121322447,0.000124003130,0.000000000000,0.000132975869,0.000134327907,0.000000000000,0.000068441817,0.000073931896,0.000000000000,0.000080259115,0.000075918317,0.000000000000,0.000080079135,0.000081914937,0.000000000000,0.000046367481,0.000045115735,0.000000000000,0.000048947881,0.000049535486,0.000000000000,0.000051032562,0.000053413101,0.000000000000,0.000035028758,0.000034945472,0.000000000000,0.000038497214,0.000036698931,0.000000000000,0.000040699136,0.000040676449,0.000000000000,0.000022829653,0.000024208494,0.000000000000,0.000025446428,0.000026712101,0.000000000000,0.000027158483,0.000028595234
332,0.000000000000,0.000119966817,0.000128548184,0.000000000000,0.000121322447,0.000124003130,0.000000000000,0.000132975869,0.000134327907,0.000000000000,0.000068441817,0.000073931896,0.000000000000,0.000080259115,0.000075918317,0.000000000000,0.000080079135,0.000081914937,0.000000000000,0.000046367481,0.000045115735,0.000000000000,0.000048947881,0.000049535486,0.000000000000,0.000051032562,0.000053413101,0.000000000000,0.000035028758,0.000034945472,0.000000000000,0.000038497214,0.000036698931,0.000000000000,0.000040699136,0.000040676449,0.000000000000,0.000022829653,0.000024211011,0.000000000000,0.000025446428,0.000026712101,0.000000000000,0.000027158483,0.000028595234
333,0.000000000000,0.000119966817,0.000128548184,0.000000000000,0.000121322447,0.000124003130,0.000000000000,0.000132975869,0.000134327907,0.000000000000,0.000068441817,0.000073931896,0.000000000000,0.000080259115,0.000075918317,0.000000000000,0.000080079135,0.000081914937,0.000000000000,0.000046367481,0.000045115735,0.000000000000,0.000048947881,0.000049620988,0.000000000000,0.000051032562,0.000053413101,0.000000000000,0.000035028758,0.000034945472,0.000000000000,0.000038497214,0.000036698931,0.000000000000,0.000040699136,0.000040676449,0.000000000000,0.000022842526,0.000024211011,0.000000000000,0.000025446428,0.000026744457,0.000000000000,0.000027158483,0.000028600201
334,0.000000000000,0.000119966817,0.000128548184,0.000000000000,0.000121322447,0.000124003130,0.000000000000,0.000132975869,0.000134327907,0.000000000000,0.000068452688,0.000073931896,0.000000000000,0.000080259115,0.000075918317,0.000000000000,0.000080079135,0.000081914937,0.000000000000,0.000046367481,0.000045115735,0.000000000000,0.000048947881,0.000049626049,0.000000000000,0.000051032562,0.000053413101,0.000000000000,0.000035028758,0.000034945472,0.000000000000,0.000038497214,0.000036698931,0.000000000000,0.000040699136,0.000040676449,0.000000000000,0.000022842526,0.000024211011,0.000000000000,0.000025446428,0.000026744457,0.000000000000,0.000027158483,0.000028600201
335,0.000000000000,0.000119966817,0.000128548184,0.000000000000,0.000121322447,0.000124003130,0.000000000000,0.000132975869,0.000134327907,0.000000000000,0.000068452688,0.000073931896,0.000000000000,0.000080259115,0.000075918317,0.000000000000,0.000080079135,0.000081914937,0.000000000000,0.000046367481,0.000045115735,0.000000000000,0.000048947881,0.000049626049,0.000000000000,0.000051032562,0.000053413101,0.000000000000,0.000035028758,0.000034945472,0.000000000000,0.000038497214,0.000036698931,0.000000000000,0.000040699136,0.000040676449,0.000000000000,0.000022842526,0.000024211011,0.000000000000,0.000025446428,0.000026756577,0.000000000000,0.000027158483,0.000028600201
336,0.000000000000,0.000119966817,0.000128548184,0.000000000000,0.000121322447,0.000124003130,0.000000000000,0.000132975869,0.000134327907,0.000000000000,0.000068452688,0.000073931896,0.000000000000,0.000080259115,0.000075918317,0.000000000000,0.000080079135,0.000081914937,0.000000000000,0.000046367481,0.000045115735,0.000000000000,0.000048947881,0.000049705126,0.000000000000,0.000051032562,0.000053413101,0.000000000000,0.000035028758,0.000034945472,0.000000000000,0.000038497214,0.000036698931,0.000000000000,0.000040699136,0.000040676449,0.000000000000,0.000022842526,0.000024211011,0.000000000000,0.000025446428,0.000026760789,0.000000000000,0.000027158483,0.000028600201
337,0.000000000000,0.000119966817,0.000128548184,0.000000000000,0.000121322447,0.000124003130,0.000000000000,0.000132975869,0.000134327907,0.000000000000,0.000068452688,0.000073931896,0.000000000000,0.000080259115,0.000075918317,0.000000000000,0.000080079135,0.000081914937,0.000000000000,0.000046367481,0.000045142905,0.000000000000,0.000048947881,0.000049705126,0.000000000000,0.000051032562,0.000053413101,0.000000000000,0.000035028758,0.000034945472,0.000000000000,0.000038497214,0.000036698931,0.000000000000,0.000040701499,0.000040676449,0.000000000000,0.000022842526,0.000024211011,0.000000000000,0.000025446428,0.000026760789,0.000000000000,0.000027158483,0.000028600201
338,0.000000000000,0.000119966817,0.000128548184,0.000000000000,0.000121322447,0.000124003130,0.000000000000,0.000132975869,0.000134327907,0.000000000000,0.000068452688,0.000074073528,0.000000000000,0.000080259115,0.000075918317,0.000000000000,0.000080079135,0.000081914937,0.000000000000,0.000046367481,0.000045195187,0.000000000000,0.000048947881,0.000049705126,0.000000000000,0.000051032562,0.000053413101,0.000000000000,0.000035028758,0.000034945472,0.000000000000,0.000038497214,0.000036698931,0.000000000000,0.000040701499,0.000040676449,0.000000000000,0.000022842526,0.000024212659,0.000000000000,0.000025446428,0.000026760789,0.000000000000,0.000027158483,0.000028600201
339,0.000000000000,0.000119966817,0.000128548184,0.000000000000,0.000121322447,0.000124003130,0.000000000000,0.000132975869,0.000134327907,0.000000000000,0.000068452688,0.000074073528,0.000000000000,0.000080259115,0.000075918317,0.000000000000,0.000080079135,0.000081914937,0.000000000000,0.000046367481,0.000045195187,0.000000000000,0.000048947881,0.000049705126,0.000000000000,0.000051032562,0.000053413101,0.000000000000,0.000035028758,0.000034945472,0.000000000000,0.000038497214,0.000036698931,0.000000000000,0.000040701499,0.000040676449,0.000000000000,0.000022842526,0.000024212659,0.000000000000,0.000025446428,0.000026764483,0.000000000000,0.000027158483,0.000028600201
340,0.000000000000,0.000119966817,0.000128548184,0.000000000000,0.000121322447,0.000124003130,0.000000000000,0.000132975869,0.000134327907,0.000000000000,0.000068452688,0.000074073528,0.000000000000,0.000080259115,0.000075918317,0.000000000000,0.000080079135,0.000081970736,0.000000000000,0.000046367481,0.000045195187,0.000000000000,0.000048947881,0.000049737873,0.000000000000,0.000051032562,0.000053413101,0.000000000000,0.000035028758,0.000034945472,0.000000000000,0.000038497214,0.000036698931,0.000000000000,0.000040703335,0.000040676449,0.000000000000,0.000022842526,0.000024212659,0.000000000000,0.000025446428,0.000026764483,0.000000000000,0.000027158483,0.000028600201
341,0.000000000000,0.000119966817,0.000128548184,0.000000000000,0.000121322447,0.000124003130,0.000000000000,0.000132975869,0.000134327907,0.000000000000,0.000068452688,0.000074073528,0.000000000000,0.000080259115,0.000075918317,0.000000000000,0.000080079135,0.000081970736,0.000000000000,0.000046367481,0.000045195187,0.000000000000,0.000048947881,0.000049737873,0.000000000000,0.000051032562,0.000053413101,0.000000000000,0.000035028758,0.000034945472,0.000000000000,0.000038497487,0.000036698931,0.000000000000,0.000040703335,0.000040676449,0.000000000000,0.000022842526,0.000024212659,0.000000000000,0.000025446428,0.000026769128,0.000000000000,0.000027158483,0.000028600201
342,0.000000000000,0.000119966817,0.000128548184,0.000000000000,0.000121322447,0.000124003130,0.000000000000,0.000132975869,0.000134327907,0.000000000000,0.000068452688,0.000074073528,0.000000000000,0.000080259115,0.000075931918,0.000000000000,0.000080079135,0.000081970736,0.000000000000,0.000046367481,0.000045195187,0.000000000000,0.000048947881,0.000049756011,0.000000000000,0.000051032562,0.000053413101,0.000000000000,0.000035028758,0.000035066253,0.000000000000,0.000038497487,0.000036698931,0.000000000000,0.000040703335,0.000040676449,0.000000000000,0.000022842526,0.000024212659,0.000000000000,0.000025446428,0.000026769128,0.000000000000,0.000027160183,0.000028600596
343,0.000000000000,0.000119966817,0.000128548184,0.000000000000,0.000121322447,0.000124003130,0.000000000000,0.000132975869,0.000134327907,0.000000000000,0.000068452688,0.000074073528,0.000000000000,0.000080259115,0.000076073433,0.000000000000,0.000080079135,0.000081970736,0.000000000000,0.000046367481,0.000045195187,0.000000000000,0.000048947881,0.000049756011,0.000000000000,0.000051032562,0.000053413101,0.000000000000,0.000035028758,0.000035066253,0.000000000000,0.000038497487,0.000036698931,0.000000000000,0.000040703335,0.000040676449,0.000000000000,0.000022842526,0.000024212659,0.000000000000,0.000025446428,0.000026769128,0.000000000000,0.000027160183,0.000028600596
344,0.000000000000,0.000119966817,0.000128548184,0.000000000000,0.000121322447,0.000124003130,0.000000000000,0.000132975869,0.000134327907,0.000000000000,0.000068452688,0.000074073528,0.000000000000,0.000080259115,0.000076073433,0.000000000000,0.000080079135,0.000081970736,0.000000000000,0.000046367481,0.000045195187,0.000000000000,0.000048947881,0.000049851684,0.000000000000,0.000051032562,0.000053413101,0.000000000000,0.000035028758,0.000035066253,0.000000000000,0.000038497487,0.000036698931,0.000000000000,0.000040703335,0.000040686532,0.000000000000,0.000022850136,0.000024221878,0.000000000000,0.000025446428,0.000026769128,0.000000000000,0.000027160183,0.000028600596
345,0.000000000000,0.000119966817,0.000128548184,0.000000000000,0.000121322447,0.000124003130,0.000000000000,0.000132975869,0.000134327907,0.000000000000,0.000068452688,0.000074073528,0.000000000000,0.000080259115,0.000076073433,0.000000000000,0.000080079135,0.000081970736,0.000000000000,0.000046367481,0.000045195187,0.000000000000,0.000048947881,0.000049851684,0.000000000000,0.000051032562,0.000053413101,0.000000000000,0.000035028758,0.000035066253,0.000000000000,0.000038497487,0.000036698931,0.000000000000,0.000040723174,0.000040686532,0.000000000000,0.000022850136,0.000024221878,0.000000000000,0.000025446428,0.000026769128,0.000000000000,0.000027160183,0.000028600596
346,0.000000000000,0.000119966817,0.000128548184,0.000000000000,0.000121322447,0.000124003130,0.000000000000,0.000132975869,0.000134327907,0.000000000000,0.000068452688,0.000074073528,0.000000000000,0.000080259115,0.000076073433,0.000000000000,0.000080079135,0.000082035327,0.000000000000,0.000046367481,0.000045195187,0.000000000000,0.000048947881,0.000049851684,0.000000000000,0.000051032562,0.000053413101,0.000000000000,0.000035028758,0.000035066253,0.000000000000,0.000038497487,0.000036698931,0.000000000000,0.000040911703,0.000040686532,0.000000000000,0.000022850136,0.000024221878,0.000000000000,0.000025446428,0.000026769128,0.000000000000,0.000027160183,0.000028600596
347,0.000000000000,0.000119966817,0.000128548184,0.000000000000,0.000121322447,0.000124003130,0.000000000000,0.000132975869,0.000134327907,0.000000000000,0.000068452688,0.000074073528,0.000000000000,0.000080259115,0.000076073433,0.000000000000,0.000080079135,0.000082035327,0.000000000000,0.000046367481,0.000045195187,0.000000000000,0.000048947881,0.000049851684,0.000000000000,0.000051032562,0.000053413101,0.000000000000,0.000035028758,0.000035066253,0.000000000000,0.000038497487,0.000036698931,0.000000000000,0.000040976812,0.000040686532,0.000000000000,0.000022850136,0.000024254220,0.000000000000,0.000025446428,0.000026842768,0.000000000000,0.000027160183,0.000028600596
348,0.000000000000,0.000119966817,0.000128548184,0.000000000000,0.000121322447,0.000124003130,0.000000000000,0.000132975869,0.000134327907,0.000000000000,0.000068452688,0.000074073528,0.000000000000,0.000080259115,0.000076073433,0.000000000000,0.000080079135,0.000082035327,0.000000000000,0.000046367481,0.000045195187,0.000000000000,0.000048947881,0.000049851684,0.000000000000,0.000051032562,0.000053413101,0.000000000000,0.000035028758,0.000035066253,0.000000000000,0.000038497487,0.000036698931,0.000000000000,0.000040976812,0.000040686532,0.000000000000,0.000022850136,0.000024254220,0.000000000000,0.000025457666,0.000026864293,0.000000000000,0.000027160183,0.000028600596
349,0.000000000000,0.000119966817,0.000128548184,0.000000000000,0.000121322447,0.000124003130,0.000000000000,0.000132975869,0.000134327907,0.000000000000,0.000068452688,0.000074073528,0.000000000000,0.000080259115,0.000076073433,0.000000000000,0.000080079135,0.000082035327,0.000000000000,0.000046367481,0.000045195187,0.000000000000,0.000048947881,0.000049851684,0.000000000000,0.000051032562,0.000053413101,0.000000000000,0.000035028758,0.000035066253,0.000000000000,0.000038497487,0.000036698931,0.000000000000,0.000040976812,0.000040686532,0.000000000000,0.000022850136,0.000024254220,0.000000000000,0.000025457666,0.000026874764,0.000000000000,0.000027160183,0.000028600596
350,0.000000000000,0.000119966817,0.000128548184,0.000000000000,0.000121322447,0.000124003130,0.000000000000,0.000132975869,0.000134327907,0.000000000000,0.000068452688,0.000074073528,0.000000000000,0.000080259115,0.000076073433,0.000000000000,0.000080079135,0.000082035327,0.000000000000,0.000046367481,0.000045195187,0.000000000000,0.000048947881,0.000049851684,0.000000000000,0.000051032562,0.000053413101,0.000000000000,0.000035028758,0.000035066253,0.000000000000,0.000038497487,0.000036698931,0.000000000000,0.000040976812,0.000040686532,0.000000000000,0.000022850136,0.000024254220,0.000000000000,0.000025457666,0.000026877532,0.000000000000,0.000027160183,0.000028600596
351,0.000000000000,0.000119966817,0.000128548184,0.000000000000,0.000121322447,0.000124003130,0.000000000000,0.000132975869,0.000134327907,0.000000000000,0.000068452688,0.000074073528,0.000000000000,0.000080259115,0.000076073433,0.000000000000,0.000080079135,0.000082035327,0.000000000000,0.000046367481,0.000045195187,0.000000000000,0.000048947881,0.000049851684,0.000000000000,0.000051032562,0.000053413101,0.000000000000,0.000035028758,0.000035066253,0.000000000000,0.000038497487,0.000036714854,0.000000000000,0.000040976812,0.000040686532,0.000000000000,0.000022850136,0.000024254220,0.000000000000,0.000025457666,0.000026894653,0.000000000000,0.000027160183,0.000028600596
352,0.000000000000,0.000119966817,0.000128548184,0.000000000000,0.000121322447,0.000124003130,0.000000000000,0.000132975869,0.000134327907,0.000000000000,0.000068452688,0.000074073528,0.000000000000,0.000080259115,0.000076073433,0.000000000000,0.000080079135,0.000082035327,0.000000000000,0.000046367481,0.000045195187,0.000000000000,0.000048947881,0.000049851684,0.000000000000,0.000051032562,0.000053413101,0.000000000000,0.000035028758,0.000035066253,0.000000000000,0.000038497487,0.000036724923,0.000000000000,0.000040978065,0.000040686532,0.000000000000,0.000022850136,0.000024254220,0.000000000000,0.000025457666,0.000026898577,0.000000000000,0.000027160183,0.000028600596
353,0.000000000000,0.000119966817,0.000128548184,0.000000000000,0.000121322447,0.000124003130,0.000000000000,0.000132975869,0.000134327907,0.000000000000,0.000068452688,0.000074073528,0.000000000000,0.000080259115,0.000076073433,0.000000000000,0.000080079135,0.000082035327,0.000000000000,0.000046367481,0.000045195187,0.000000000000,0.000048947881,0.000049851684,0.000000000000,0.000051032562,0.000053413101,0.000000000000,0.000035028758,0.000035066253,0.000000000000,0.000038500920,0.000036724923,0.000000000000,0.000040978065,0.000040686532,0.000000000000,0.000022850136,0.000024254220,0.000000000000,0.000025457666,0.000026919614,0.000000000000,0.000027160183,0.000028600596
354,0.000000000000,0.000119966817,0.000128548184,0.000000000000,0.000121322447,0.000124003130,0.000000000000,0.000132975869,0.000134327907,0.000000000000,0.000068452688,0.000074073528,0.000000000000,0.000080259115,0.000076073433,0.000000000000,0.000080079135,0.000082035327,0.000000000000,0.000046367481,0.000045195187,0.000000000000,0.000048947881,0.000049861371,0.000000000000,0.000051032562,0.000053413101,0.000000000000,0.000035028758,0.000035066253,0.000000000000,0.000038500920,0.000036724923,0.000000000000,0.000040978065,0.000040686532,0.000000000000,0.000022850136,0.000024254220,0.000000000000,0.000025457666,0.000026919614,0.000000000000,0.000027160183,0.000028619493
355,0.000000000000,0.000119966817,0.000128548184,0.000000000000,0.000121322447,0.000124003130,0.000000000000,0.000132975869,0.000134327907,0.000000000000,0.000068452688,0.000074073528,0.000000000000,0.000080259115,0.000076073433,0.000000000000,0.000080079135,0.000082035327,0.000000000000,0.000046367481,0.000045323414,0.000000000000,0.000048947881,0.000049861371,0.000000000000,0.000051032562,0.000053413101,0.000000000000,0.000035028758,0.000035066253,0.000000000000,0.000038500920,0.000036724923,0.000000000000,0.000040978065,0.000040686532,0.000000000000,0.000022850136,0.000024254220,0.000000000000,0.000025457666,0.000026920091,0.000000000000,0.000027160183,0.000028707407
356,0.000000000000,0.000119966817,0.000128548184,0.000000000000,0.000121322447,0.000124003130,0.000000000000,0.000132975869,0.000134327907,0.000000000000,0.000068452688,0.000074073528,0.000000000000,0.000080259115,0.000076073433,0.000000000000,0.000080079135,0.000082035327,0.000000000000,0.000046367481,0.000045323414,0.000000000000,0.000048947881,0.000050002274,0.000000000000,0.000051032562,0.000053413101,0.000000000000,0.000035028758,0.000035066253,0.000000000000,0.000038500920,0.000036724923,0.000000000000,0.000040978065,0.000040686532,0.000000000000,0.000022850136,0.000024254220,0.000000000000,0.000025457666,0.000026920091,0.000000000000,0.000027160183,0.000028707407
357,0.000000000000,0.000119966817,0.000128548184,0.000000000000,0.000121322447,0.000124003130,0.000000000000,0.000132975869,0.000134327907,0.000000000000,0.000068452688,0.000074073528,0.000000000000,0.000080259115,0.000076073433,0.000000000000,0.000080079135,0.000082035327,0.000000000000,0.000046367481,0.000045323414,0.000000000000,0.000048947881,0.000050118632,0.000000000000,0.000051032562,0.000053413101,0.000000000000,0.000035028758,0.000035066253,0.000000000000,0.000038500920,0.000036724923,0.000000000000,0.000040979920,0.000040686532,0.000000000000,0.000022850136,0.000024254220,0.000000000000,0.000025457666,0.000026925726,0.000000000000,0.000027160183,0.000028707407
358,0.000000000000,0.000119966817,0.000128548184,0.000000000000,0.000121322447,0.000124003130,0.000000000000,0.000132975869,0.000134327907,0.000000000000,0.000068452688,0.000074073528,0.000000000000,0.000080259115,0.000076073433,0.000000000000,0.000080079135,0.000082035327,0.000000000000,0.000046367481,0.000045323414,0.000000000000,0.000048947881,0.000050157744,0.000000000000,0.000051032562,0.000053413101,0.000000000000,0.000035028758,0.000035066253,0.000000000000,0.000038500920,0.000036724923,0.000000000000,0.000040979920,0.000040695818,0.000000000000,0.000022850136,0.000024254220,0.000000000000,0.000025457666,0.000026956589,0.000000000000,0.000027160183,0.000028713326
359,0.000000000000,0.000119966817,0.000128548184,0.000000000000,0.000121322447,0.000124003130,0.000000000000,0.000132975869,0.000134327907,0.000000000000,0.000068452688,0.000074073528,0.000000000000,0.000080259115,0.000076134440,0.000000000000,0.000080079135,0.000082035327,0.000000000000,0.000046367481,0.000045323414,0.000000000000,0.000048964668,0.000050158145,0.000000000000,0.000051032562,0.000053413101,0.000000000000,0.000035028758,0.000035066253,0.000000000000,0.000038500920,0.000036727439,0.000000000000,0.000040979920,0.000040695818,0.000000000000,0.000022850136,0.000024254220,0.000000000000,0.000025458577,0.000026956589,0.000000000000,0.000027160183,0.000028745473
360,0.000000000000,0.000119966817,0.000128548184,0.000000000000,0.000121322447,0.000124003130,0.000000000000,0.000132975869,0.000134327907,0.000000000000,0.000068452688,0.000074073528,0.000000000000,0.000080259115,0.000076134440,0.000000000000,0.000080079135,0.000082035327,0.000000000000,0.000046367481,0.000045323414,0.000000000000,0.000048964668,0.000050158145,0.000000000000,0.000051032562,0.000053413101,0.000000000000,0.000035028758,0.000035077961,0.000000000000,0.000038500920,0.000036727439,0.000000000000,0.000040979920,0.000040695818,0.000000000000,0.000022850136,0.000024272788,0.000000000000,0.000025458577,0.000026956589,0.000000000000,0.000027160183,0.000028776637
361,0.000000000000,0.000119966817,0.000128548184,0.000000000000,0.000121322447,0.000124003130,0.000000000000,0.000132975869,0.000134327907,0.000000000000,0.000068452688,0.000074073528,0.000000000000,0.000080259115,0.000076134440,0.000000000000,0.000080079135,0.000082035327,0.000000000000,0.000046367481,0.000045323414,0.000000000000,0.000048964668,0.000050158145,0.000000000000,0.000051032562,0.000053413101,0.000000000000,0.000035028758,0.000035077961,0.000000000000,0.000038500920,0.000036727439,0.000000000000,0.000040979920,0.000040695818,0.000000000000,0.000022850136,0.000024272788,0.000000000000,0.000025458577,0.000026956589,0.000000000000,0.000027160183,0.000028776637
362,0.000000000000,0.000119966817,0.000128548184,0.000000000000,0.000121322447,0.000124003130,0.000000000000,0.000132975869,0.000134327907,0.000000000000,0.000068452688,0.000074073528,0.000000000000,0.000080259115,0.000076134440,0.000000000000,0.000080079135,0.000082035327,0.000000000000,0.000046367481,0.000045323414,0.000000000000,0.000048964668,0.000050188071,0.000000000000,0.000051032562,0.000053413101,0.000000000000,0.000035028758,0.000035077961,0.000000000000,0.000038500920,0.000036727439,0.000000000000,0.000040979920,0.000040695818,0.000000000000,0.000022850136,0.000024272788,0.000000000000,0.000025458577,0.000026956589,0.000000000000,0.000027160183,0.000028874237
363,0.000000000000,0.000119966817,0.000128548184,0.000000000000,0.000121322447,0.000124003130,0.000000000000,0.000132975869,0.000134327907,0.000000000000,0.000068452688,0.000074073528,0.000000000000,0.000080259115,0.000076134440,0.000000000000,0.000080079135,0.000082035327,0.000000000000,0.000046367481,0.000045323414,0.000000000000,0.000048964668,0.000050273121,0.000000000000,0.000051032562,0.000053413101,0.000000000000,0.000035028758,0.000035077961,0.000000000000,0.000038500920,0.000036727439,0.000000000000,0.000040979920,0.000040695818,0.000000000000,0.000022850136,0.000024272788,0.000000000000,0.000025496811,0.000026957776,0.000000000000,0.000027160183,0.000028954186
364,0.000000000000,0.000119966817,0.000128548184,0.000000000000,0.000121322447,0.000124003130,0.000000000000,0.000132975869,0.000134327907,0.000000000000,0.000068452688,0.000074073528,0.000000000000,0.000080259115,0.000076141305,0.000000000000,0.000080079135,0.000082035327,0.000000000000,0.000046367481,0.000045323414,0.000000000000,0.000048964668,0.000050284455,0.000000000000,0.000051032562,0.000053413101,0.000000000000,0.000035028758,0.000035077961,0.000000000000,0.000038500920,0.000036727439,0.000000000000,0.000040979920,0.000040695818,0.000000000000,0.000022850136,0.000024272788,0.000000000000,0.000025496811,0.000026972139,0.000000000000,0.000027160200,0.000028954186
365,0.000000000000,0.000119966817,0.000128548184,0.000000000000,0.000121322447,0.000124003130,0.000000000000,0.000132975869,0.000134327907,0.000000000000,0.000068452688,0.000074073528,0.000000000000,0.000080259115,0.000076141305,0.000000000000,0.000080079135,0.000082035327,0.000000000000,0.000046367481,0.000045323414,0.000000000000,0.000048964668,0.000050284455,0.000000000000,0.000051032562,0.000053413101,0.000000000000,0.000035028758,0.000035077961,0.000000000000,0.000038514902,0.000036727439,0.000000000000,0.000040979920,0.000040695818,0.000000000000,0.000022850136,0.000024272788,0.000000000000,0.000025496811,0.000027019504,0.000000000000,0.000027163838,0.000028954186
366,0.000000000000,0.000119966817,0.000128548184,0.000000000000,0.000121322447,0.000124003130,0.000000000000,0.000132975869,0.000134327907,0.000000000000,0.000068452688,0.000074073528,0.000000000000,0.000080259115,0.000076141305,0.000000000000,0.000080079135,0.000082035327,0.000000000000,0.000046367481,0.000045323414,0.000000000000,0.000048964668,0.000050284455,0.000000000000,0.000051032562,0.000053413101,0.000000000000,0.000035028758,0.000035077961,0.000000000000,0.000038514902,0.000036727439,0.000000000000,0.000040979920,0.000040695818,0.000000000000,0.000022850136,0.000024272788,0.000000000000,0.000025591672,0.000027027199,0.000000000000,0.000027163838,0.000028954186
367,0.000000000000,0.000119966817,0.000128548184,0.000000000000,0.000121322447,0.000124003130,0.000000000000,0.000132975869,0.000134327907,0.000000000000,0.000068452688,0.000074077375,0.000000000000,0.000080259115,0.000076141305,0.000000000000,0.000080079135,0.000082035327,0.000000000000,0.000046367481,0.000045323414,0.000000000000,0.000048964668,0.000050296784,0.000000000000,0.000051032562,0.000053413101,0.000000000000,0.000035028758,0.000035077961,0.000000000000,0.000038514902,0.000036727439,0.000000000000,0.000040979920,0.000040695818,0.000000000000,0.000022850136,0.000024272788,0.000000000000,0.000025591672,0.000027027707,0.000000000000,0.000027163838,0.000028977687
368,0.000000000000,0.000119966817,0.000128548184,0.000000000000,0.000121322447,0.000124003130,0.000000000000,0.000132975869,0.000134327907,0.000000000000,0.000068452688,0.000074077375,0.000000000000,0.000080259115,0.000076141305,0.000000000000,0.000080079135,0.000082035327,0.000000000000,0.000046367481,0.000045323414,0.000000000000,0.000048964668,0.000050296784,0.000000000000,0.000051032562,0.000053413101,0.000000000000,0.000035028758,0.000035077961,0.000000000000,0.000038514902,0.000036727439,0.000000000000,0.000040979920,0.000040695818,0.000000000000,0.000022850136,0.000024272788,0.000000000000,0.000025591672,0.000027027707,0.000000000000,0.000027163838,0.000028977687
369,0.000000000000,0.000119966817,0.000128548184,0.000000000000,0.000121322447,0.000124003130,0.000000000000,0.000132975869,0.000134327907,0.000000000000,0.000068452688,0.000074077375,0.000000000000,0.000080259115,0.000076289937,0.000000000000,0.000080079135,0.000082035327,0.000000000000,0.000046367481,0.000045323414,0.000000000000,0.000048964668,0.000050305089,0.000000000000,0.000051032562,0.000053413101,0.000000000000,0.000035028758,0.000035077961,0.000000000000,0.000038514902,0.000036727439,0.000000000000,0.000040979920,0.000040695818,0.000000000000,0.000022850136,0.000024272788,0.000000000000,0.000025591672,0.000027042763,0.000000000000,0.000027163838,0.000028977687
370,0.000000000000,0.000119966817,0.000128548184,0.000000000000,0.000121322447,0.000124003130,0.000000000000,0.000132975869,0.000134327907,0.000000000000,0.000068452688,0.000074077375,0.000000000000,0.000080259115,0.000076289937,0.000000000000,0.000080079135,0.000082035327,0.000000000000,0.000046367481,0.000045323414,0.000000000000,0.000048964668,0.000050305089,0.000000000000,0.000051032562,0.000053413101,0.000000000000,0.000035028758,0.000035087496,0.000000000000,0.000038514902,0.000036727439,0.000000000000,0.000040979920,0.000040695818,0.000000000000,0.000022850136,0.000024272788,0.000000000000,0.000025591672,0.000027042763,0.000000000000,0.000027163838,0.000028977914
371,0.000000000000,0.000119966817,0.000128548184,0.000000000000,0.000121322447,0.000124003130,0.000000000000,0.000132975869,0.000134327907,0.000000000000,0.000068452688,0.000074077375,0.000000000000,0.000080259115,0.000076289937,0.000000000000,0.000080079135,0.000082035327,0.000000000000,0.000046367481,0.000045323414,0.000000000000,0.000048964668,0.000050334625,0.000000000000,0.000051032562,0.000053413101,0.000000000000,0.000035028758,0.000035087496,0.000000000000,0.000038514902,0.000036727439,0.000000000000,0.000040979920,0.000040695818,0.000000000000,0.000022850136,0.000024272788,0.000000000000,0.000025591672,0.000027042763,0.000000000000,0.000027163838,0.000029019366
372,0.000000000000,0.000119966817,0.000128548184,0.000000000000,0.000121322447,0.000124003130,0.000000000000,0.000132975869,0.000134327907,0.000000000000,0.000068452688,0.000074077375,0.000000000000,0.000080259115,0.000076289937,0.000000000000,0.000080079135,0.000082035327,0.000000000000,0.000046367481,0.000045323414,0.000000000000,0.000048964668,0.000050334625,0.000000000000,0.000051032562,0.000053413101,0.000000000000,0.000035028758,0.000035087496,0.000000000000,0.000038514902,0.000036727439,0.000000000000,0.000040979920,0.000040695818,0.000000000000,0.000022850136,0.000024272788,0.000000000000,0.000025591672,0.000027042763,0.000000000000,0.000027163838,0.000029019366
373,0.000000000000,0.000119966817,0.000128548184,0.000000000000,0.000121322447,0.000124003130,0.000000000000,0.000132975869,0.000134327907,0.000000000000,0.000068452688,0.000074077375,0.000000000000,0.000080259115,0.000076289937,0.000000000000,0.000080079135,0.000082035327,0.000000000000,0.000046367481,0.000045323414,0.000000000000,0.000048964668,0.000050334625,0.000000000000,0.000051032562,0.000053413101,0.000000000000,0.000035028758,0.000035131727,0.000000000000,0.000038514902,0.000036754261,0.000000000000,0.000040979920,0.000040695818,0.000000000000,0.000022850136,0.000024272788,0.000000000000,0.000025591672,0.000027042763,0.000000000000,0.000027163838,0.000029019366
374,0.000000000000,0.000119966817,0.000128548184,0.000000000000,0.000121322447,0.000124003130,0.000000000000,0.000132975869,0.000134327907,0.000000000000,0.000068452688,0.000074077375,0.000000000000,0.000080259115,0.000076289937,0.000000000000,0.000080079135,0.000082035327,0.000000000000,0.000046367481,0.000045323414,0.000000000000,0.000048964668,0.000050334625,0.000000000000,0.000051032562,0.000053413101,0.000000000000,0.000035028758,0.000035131727,0.000000000000,0.000038514902,0.000036754261,0.000000000000,0.000040979920,0.000040695818,0.000000000000,0.000022850136,0.000024272788,0.000000000000,0.000025591672,0.000027042763,0.000000000000,0.000027163838,0.000029019366
375,0.000000000000,0.000119966817,0.000128548184,0.000000000000,0.000121322447,0.000124003130,0.000000000000,0.000132975869,0.000134327907,0.000000000000,0.000068452688,0.000074077375,0.000000000000,0.000080259115,0.000076289937,0.000000000000,0.000080079135,0.000082035327,0.000000000000,0.000046367481,0.000045323414,0.000000000000,0.000048964668,0.000050334625,0.000000000000,0.000051032562,0.000053413101,0.000000000000,0.000035028758,0.000035139414,0.000000000000,0.000038514902,0.000036789655,0.000000000000,0.000040979920,0.000040695818,0.000000000000,0.000022850136,0.000024272788,0.000000000000,0.000025591672,0.000027042763,0.000000000000,0.000027163838,0.000029019366
376,0.000000000000,0.000119966817,0.000128548184,0.000000000000,0.000121322447,0.000124003130,0.000000000000,0.000132975869,0.000134327907,0.000000000000,0.000068452688,0.000074077375,0.000000000000,0.000080259115,0.000076289937,0.000000000000,0.000080079135,0.000082035327,0.000000000000,0.000046367481,0.000045323414,0.000000000000,0.000048964668,0.000050334625,0.000000000000,0.000051032562,0.000053413101,0.000000000000,0.000035028758,0.000035139414,0.000000000000,0.000038514902,0.000036789655,0.000000000000,0.000040979920,0.000040695818,0.000000000000,0.000022850136,0.000024302050,0.000000000000,0.000025591672,0.000027042763,0.000000000000,0.000027163838,0.000029019366
377,0.000000000000,0.000119966817,0.000128548184,0.000000000000,0.000121322447,0.000124003130,0.000000000000,0.000132975869,0.000134327907,0.000000000000,0.000068452688,0.000074077375,0.000000000000,0.000080259115,0.000076289937,0.000000000000,0.000080079135,0.000082035327,0.000000000000,0.000046367481,0.000045323414,0.000000000000,0.000048964668,0.000050334625,0.000000000000,0.000051032562,0.000053413101,0.000000000000,0.000035028758,0.000035139414,0.000000000000,0.000038514902,0.000036807341,0.000000000000,0.000040979920,0.000040695818,0.000000000000,0.000022850136,0.000024302050,0.000000000000,0.000025591672,0.000027042763,0.000000000000,0.000027163838,0.000029019366
378,0.000000000000,0.000119966817,0.000128548184,0.000000000000,0.000121322447,0.000124003130,0.000000000000,0.000132975869,0.000134327907,0.000000000000,0.000068452688,0.000074077375,0.000000000000,0.000080259115,0.000076289937,0.000000000000,0.000080079135,0.000082035327,0.000000000000,0.000046367481,0.000045323414,0.000000000000,0.000048964668,0.000050337924,0.000000000000,0.000051032562,0.000053413101,0.000000000000,0.000035028758,0.000035139414,0.000000000000,0.000038514902,0.000036807341,0.000000000000,0.000040979920,0.000040695818,0.000000000000,0.000022850136,0.000024302050,0.000000000000,0.000025591672,0.000027042763,0.000000000000,0.000027163838,0.000029019366
379,0.000000000000,0.000119966817,0.000128548184,0.000000000000,0.000121322447,0.000124003130,0.000000000000,0.000132975869,0.000134327907,0.000000000000,0.000068452688,0.000074077375,0.000000000000,0.000080259115,0.000076289937,0.000000000000,0.000080079135,0.000082035327,0.000000000000,0.000046367481,0.000045323414,0.000000000000,0.000048964668,0.000050337924,0.000000000000,0.000051032562,0.000053413101,0.000000000000,0.000035028758,0.000035139414,0.000000000000,0.000038514902,0.000036807341,0.000000000000,0.000040979920,0.000040695818,0.000000000000,0.000022850136,0.000024302050,0.000000000000,0.000025591672,0.000027042763,0.000000000000,0.000027163838,0.000029034084
380,0.000000000000,0.000119966817,0.000128548184,0.000000000000,0.000121322447,0.000124003130,0.000000000000,0.000132975869,0.000134327907,0.000000000000,0.000068452688,0.000074077375,0.000000000000,0.000080259115,0.000076289937,0.000000000000,0.000080079135,0.000082035327,0.000000000000,0.000046367481,0.000045323414,0.000000000000,0.000048964668,0.000050337924,0.000000000000,0.000051032562,0.000053413101,0.000000000000,0.000035028758,0.000035139414,0.000000000000,0.000038514902,0.000036807341,0.000000000000,0.000040979920,0.000040695818,0.000000000000,0.000022850136,0.000024302050,0.000000000000,0.000025591672,0.000027042763,0.000000000000,0.000027163838,0.000029034084
381,0.000000000000,0.000119966817,0.000128548184,0.000000000000,0.000121322447,0.000124003130,0.000000000000,0.000132975869,0.000134327907,0.000000000000,0.000068452688,0.000074077375,0.000000000000,0.000080259115,0.000076289937,0.000000000000,0.000080079135,0.000082035327,0.000000000000,0.000046367481,0.000045323414,0.000000000000,0.000048964668,0.000050854783,0.000000000000,0.000051032562,0.000053413101,0.000000000000,0.000035028758,0.000035139874,0.000000000000,0.000038514902,0.000036807341,0.000000000000,0.000040979920,0.000040702244,0.000000000000,0.000022850136,0.000024302050,0.000000000000,0.000025591672,0.000027042763,0.000000000000,0.000027163838,0.000029038537
382,0.000000000000,0.000119966817,0.000128548184,0.000000000000,0.000121322447,0.000124003130,0.000000000000,0.000132975869,0.000134327907,0.000000000000,0.000068452688,0.000074077375,0.000000000000,0.000080259115,0.000076289937,0.000000000000,0.000080079135,0.000082035327,0.000000000000,0.000046367481,0.000045323414,0.000000000000,0.000048964668,0.000050854783,0.000000000000,0.000051032562,0.000053413101,0.000000000000,0.000035028758,0.000035139874,0.000000000000,0.000038514902,0.000036807341,0.000000000000,0.000040979920,0.000040702244,0.000000000000,0.000022850136,0.000024302050,0.000000000000,0.000025591672,0.000027060531,0.000000000000,0.000027163838,0.000029038537
383,0.000000000000,0.000119966817,0.000128548184,0.000000000000,0.000121322447,0.000124003130,0.000000000000,0.000132975869,0.000134327907,0.000000000000,0.000068452688,0.000074077375,0.000000000000,0.000080259115,0.000076289937,0.000000000000,0.000080079135,0.000082035327,0.000000000000,0.000046367481,0.000045323414,0.000000000000,0.000048964668,0.000050854783,0.000000000000,0.000051032562,0.000053413101,0.000000000000,0.000035028758,0.000035139874,0.000000000000,0.000038514902,0.000036807852,0.000000000000,0.000040979920,0.000040702244,0.000000000000,0.000022850136,0.000024302050,0.000000000000,0.000025591672,0.000027060531,0.000000000000,0.000027163838,0.000029041280
384,0.000000000000,0.000119966817,0.000128548184,0.000000000000,0.000121322447,0.000124003130,0.000000000000,0.000132975869,0.000134327907,0.000000000000,0.000068452688,0.000074077375,0.000000000000,0.000080259115,0.000076289937,0.000000000000,0.000080079135,0.000082035327,0.000000000000,0.000046367481,0.000045323414,0.000000000000,0.000048964668,0.000050854783,0.000000000000,0.000051032562,0.000053413101,0.000000000000,0.000035028758,0.000035139874,0.000000000000,0.000038514902,0.000036807852,0.000000000000,0.000040979920,0.000040702244,0.000000000000,0.000022850136,0.000024302050,0.000000000000,0.000025591672,0.000027060531,0.000000000000,0.000027163838,0.000029041280
385,0.000000000000,0.000119966817,0.000128548184,0.000000000000,0.000121322447,0.000124003130,0.000000000000,0.000132975869,0.000134327907,0.000000000000,0.000068452688,0.000074077375,0.000000000000,0.000080259115,0.000076289937,0.000000000000,0.000080079135,0.000082035327,0.000000000000,0.000046367481,0.000045323414,0.000000000000,0.000048964668,0.000050854783,0.000000000000,0.000051032562,0.000053413101,0.000000000000,0.000035028758,0.000035164750,0.000000000000,0.000038514902,0.000036807852,0.000000000000,0.000040979920,0.000040702244,0.000000000000,0.000022850136,0.000024302050,0.000000000000,0.000025591672,0.000027063250,0.000000000000,0.000027163838,0.000029041280
386,0.000000000000,0.000119966817,0.000128548184,0.000000000000,0.000121322447,0.000124003130,0.000000000000,0.000132975869,0.000134327907,0.000000000000,0.000068452688,0.000074077375,0.000000000000,0.000080259115,0.000076289937,0.000000000000,0.000080079135,0.000082035327,0.000000000000,0.000046367481,0.000045323414,0.000000000000,0.000048964668,0.000050854783,0.000000000000,0.000051032562,0.000053413101,0.000000000000,0.000035028758,0.000035164750,0.000000000000,0.000038514902,0.000036821488,0.000000000000,0.000040979920,0.000040702244,0.000000000000,0.000022850136,0.000024302050,0.000000000000,0.000025591672,0.000027063250,0.000000000000,0.000027163838,0.000029041280
387,0.000000000000,0.000119966817,0.000128548184,0.000000000000,0.000121322447,0.000124003130,0.000000000000,0.000132975869,0.000134327907,0.000000000000,0.000068452688,0.000074077375,0.000000000000,0.000080259115,0.000076289937,0.000000000000,0.000080079135,0.000082035327,0.000000000000,0.000046367481,0.000045323414,0.000000000000,0.000048964668,0.000050854783,0.000000000000,0.000051032562,0.000053507679,0.000000000000,0.000035028758,0.000035164750,0.000000000000,0.000038514902,0.000036821488,0.000000000000,0.000040979920,0.000040702244,0.000000000000,0.000022850136,0.000024302050,0.000000000000,0.000025591672,0.000027063250,0.000000000000,0.000027163838,0.000029041280
388,0.000000000000,0.000119966817,0.000128548184,0.000000000000,0.000121322447,0.000124003130,0.000000000000,0.000132975869,0.000134327907,0.000000000000,0.000068452688,0.000074077375,0.000000000000,0.000080259115,0.000076289937,0.000000000000,0.000080079135,0.000082035327,0.000000000000,0.000046367481,0.000045323414,0.000000000000,0.000048964668,0.000050854783,0.000000000000,0.000051032562,0.000053507679,0.000000000000,0.000035028758,0.000035164750,0.000000000000,0.000038514902,0.000036821488,0.000000000000,0.000040979920,0.000040702244,0.000000000000,0.000022850136,0.000024302050,0.000000000000,0.000025591672,0.000027063250,0.000000000000,0.000027163838,0.000029041280
389,0.000000000000,0.000119966817,0.000128548184,0.000000000000,0.000121322447,0.000124003130,0.000000000000,0.000132975869,0.000134327907,0.000000000000,0.000068452688,0.000074077375,0.000000000000,0.000080259115,0.000076289937,0.000000000000,0.000080079135,0.000082035327,0.000000000000,0.000046367481,0.000045323414,0.000000000000,0.000048964668,0.000050854783,0.000000000000,0.000051032562,0.000053507679,0.000000000000,0.000035028758,0.000035164750,0.000000000000,0.000038514902,0.000036821488,0.000000000000,0.000040979920,0.000040702244,0.000000000000,0.000022850136,0.000024302891,0.000000000000,0.000025611749,0.000027063250,0.000000000000,0.000027163838,0.000029041280
390,0.000000000000,0.000119966817,0.000128548184,0.000000000000,0.000121322447,0.000124003130,0.000000000000,0.000132975869,0.000134327907,0.000000000000,0.000068452688,0.000074077375,0.000000000000,0.000080259115,0.000076289937,0.000000000000,0.000080079135,0.000082035327,0.000000000000,0.000046367481,0.000045323414,0.000000000000,0.000048964668,0.000050854783,0.000000000000,0.000051032562,0.000053507679,0.000000000000,0.000035028758,0.000035171321,0.000000000000,0.000038514902,0.000036821488,0.000000000000,0.000040979920,0.000040702244,0.000000000000,0.000022850136,0.000024302891,0.000000000000,0.000025611749,0.000027063250,0.000000000000,0.000027163838,0.000029041280
391,0.000000000000,0.000119966817,0.000128548184,0.000000000000,0.000121322447,0.000124003130,0.000000000000,0.000132975869,0.000134327907,0.000000000000,0.000068452688,0.000074077375,0.000000000000,0.000080259115,0.000076289937,0.000000000000,0.000080079135,0.000082035327,0.000000000000,0.000046367481,0.000045323414,0.000000000000,0.000048964668,0.000050854783,0.000000000000,0.000051032562,0.000053507679,0.000000000000,0.000035028758,0.000035171321,0.000000000000,0.000038514902,0.000036821488,0.000000000000,0.000040979920,0.000040702244,0.000000000000,0.000022850136,0.000024302891,0.000000000000,0.000025611749,0.000027063250,0.000000000000,0.000027163838,0.000029041280
392,0.000000000000,0.000119966817,0.000128548184,0.000000000000,0.000121322447,0.000124003130,0.000000000000,0.000132975869,0.000134327907,0.000000000000,0.000068452688,0.000074077375,0.000000000000,0.000080259115,0.000076289937,0.000000000000,0.000080079135,0.000082035327,0.000000000000,0.000046367481,0.000045323414,0.000000000000,0.000048964668,0.000050854783,0.000000000000,0.000051032562,0.000053507679,0.000000000000,0.000035028758,0.000035171321,0.000000000000,0.000038514902,0.000036821488,0.000000000000,0.000040979920,0.000040702244,0.000000000000,0.000022850136,0.000024302891,0.000000000000,0.000025611749,0.000027063250,0.000000000000,0.000027163838,0.000029041280
393,0.000000000000,0.000119966817,0.000128548184,0.000000000000,0.000121322447,0.000124003130,0.000000000000,0.000132975869,0.000134327907,0.000000000000,0.000068452688,0.000074077375,0.000000000000,0.000080259115,0.000076320717,0.000000000000,0.000080079135,0.000082035327,0.000000000000,0.000046367481,0.000045323414,0.000000000000,0.000048964668,0.000050854783,0.000000000000,0.000051032562,0.000053507679,0.000000000000,0.000035028758,0.000035171321,0.000000000000,0.000038514902,0.000036821488,0.000000000000,0.000040979920,0.000040702244,0.000000000000,0.000022850136,0.000024302891,0.000000000000,0.000025613361,0.000027063250,0.000000000000,0.000027163838,0.000029041280
394,0.000000000000,0.000119966817,0.000128548184,0.000000000000,0.000121322447,0.000124003130,0.000000000000,0.000132975869,0.000134327907,0.000000000000,0.000068452688,0.000074077375,0.000000000000,0.000080259115,0.000076320717,0.000000000000,0.000080079135,0.000082035327,0.000000000000,0.000046387418,0.000045323414,0.000000000000,0.000048964668,0.000050854783,0.000000000000,0.000051032562,0.000053507679,0.000000000000,0.000035028758,0.000035261826,0.000000000000,0.000038514902,0.000036821488,0.000000000000,0.000040979920,0.000040702244,0.000000000000,0.000022850136,0.000024302891,0.000000000000,0.000025613361,0.000027063250,0.000000000000,0.000027163838,0.000029041280
395,0.000000000000,0.000119966817,0.000128548184,0.000000000000,0.000121322447,0.000124003130,0.000000000000,0.000132975869,0.000134327907,0.000000000000,0.000068452688,0.000074077375,0.000000000000,0.000080259115,0.000076376285,0.000000000000,0.000080079135,0.000082035327,0.000000000000,0.000046414614,0.000045323414,0.000000000000,0.000048964668,0.000050854783,0.000000000000,0.000051032562,0.000053507679,0.000000000000,0.000035028758,0.000035261826,0.000000000000,0.000038514902,0.000036821488,0.000000000000,0.000040979920,0.000040702244,0.000000000000,0.000022850136,0.000024302891,0.000000000000,0.000025613361,0.000027063250,0.000000000000,0.000027163838,0.000029041280
396,0.000000000000,0.000119966817,0.000128548184,0.000000000000,0.000121322447,0.000124003130,0.000000000000,0.000132975869,0.000134327907,0.000000000000,0.000068452688,0.000074077375,0.000000000000,0.000080259115,0.000076376285,0.000000000000,0.000080079135,0.000082035327,0.000000000000,0.000046414614,0.000045323414,0.000000000000,0.000048964668,0.000050854783,0.000000000000,0.000051032562,0.000053507679,0.000000000000,0.000035028758,0.000035261826,0.000000000000,0.000038514902,0.000036821488,0.000000000000,0.000040980149,0.000040702244,0.000000000000,0.000022850136,0.000024302891,0.000000000000,0.000025613361,0.000027063250,0.000000000000,0.000027163838,0.000029041280
397,0.000000000000,0.000119966817,0.000128548184,0.000000000000,0.000121322447,0.000124003130,0.000000000000,0.000132975869,0.000134327907,0.000000000000,0.000068452688,0.000074077375,0.000000000000,0.000080259115,0.000076376285,0.000000000000,0.000080079135,0.000082035327,0.000000000000,0.000046414614,0.000045323414,0.000000000000,0.000048964668,0.000050854783,0.000000000000,0.000051032562,0.000053507679,0.000000000000,0.000035028758,0.000035261826,0.000000000000,0.000038514902,0.000036821488,0.000000000000,0.000040980149,0.000040702244,0.000000000000,0.000022850136,0.000024302891,0.000000000000,0.000025613361,0.000027068927,0.000000000000,0.000027163838,0.000029041280
398,0.000000000000,0.000119966817,0.000128548184,0.000000000000,0.000121322447,0.000124003130,0.000000000000,0.000132975869,0.000134327907,0.000000000000,0.000068452688,0.000074077375,0.000000000000,0.000080259115,0.000076376285,0.000000000000,0.000080079135,0.000082035327,0.000000000000,0.000046519696,0.000045323414,0.000000000000,0.000048964668,0.000050854783,0.000000000000,0.000051032562,0.000053507679,0.000000000000,0.000035028758,0.000035261826,0.000000000000,0.000038514902,0.000036821488,0.000000000000,0.000040980149,0.000040702244,0.000000000000,0.000022850136,0.000024302891,0.000000000000,0.000025613361,0.000027068927,0.000000000000,0.000027163838,0.000029041280
399,0.000000000000,0.000119966817,0.000128548184,0.000000000000,0.000121322447,0.000124003130,0.000000000000,0.000132975869,0.000134327907,0.000000000000,0.000068452688,0.000074077375,0.000000000000,0.000080259115,0.000076451641,0.000000000000,0.000080079135,0.000082035327,0.000000000000,0.000046519696,0.000045323414,0.000000000000,0.000048964668,0.000050854783,0.000000000000,0.000051032562,0.000053507679,0.000000000000,0.000035028758,0.000035261826,0.000000000000,0.000038514902,0.000036821488,0.000000000000,0.000040980149,0.000040702244,0.000000000000,0.000022850136,0.000024302891,0.000000000000,0.000025613361,0.000027074318,0.000000000000,0.000027163838,0.000029041280
400,0.000000000000,0.000119966817,0.000128548184,0.000000000000,0.000121322447,0.000124003130,0.000000000000,0.000132975869,0.000134327907,0.000000000000,0.000068452688,0.000074077375,0.000000000000,0.000080259115,0.000076509266,0.000000000000,0.000080079135,0.000082035327,0.000000000000,0.000046519696,0.000045323414,0.000000000000,0.000048964668,0.000050854783,0.000000000000,0.000051032562,0.000053507679,0.000000000000,0.000035028758,0.000035261826,0.000000000000,0.000038514902,0.000036821488,0.000000000000,0.000040980149,0.000040702244,0.000000000000,0.000022850136,0.000024302891,0.000000000000,0.000025613361,0.000027074318,0.000000000000,0.000027163838,0.000029041280
401,0.000000000000,0.000119966817,0.000128548184,0.000000000000,0.000121322447,0.000124003130,0.000000000000,0.000132975869,0.000134327907,0.000000000000,0.000068452688,0.000074077375,0.000000000000,0.000080259115,0.000076509266,0.000000000000,0.000080079135,0.000082035327,0.000000000000,0.000046519696,0.000045323414,0.000000000000,0.000048964668,0.000050854783,0.000000000000,0.000051032562,0.000053507679,0.000000000000,0.000035028758,0.000035273308,0.000000000000,0.000038514902,0.000036821488,0.000000000000,0.000040980149,0.000040702244,0.000000000000,0.000022850136,0.000024302891,0.000000000000,0.000025613361,0.000027089183,0.000000000000,0.000027163838,0.000029041280
402,0.000000000000,0.000119966817,0.000128548184,0.000000000000,0.000121322447,0.000124003130,0.000000000000,0.000132975869,0.000134327907,0.000000000000,0.000068452688,0.000074077375,0.000000000000,0.000080259115,0.000076509266,0.000000000000,0.000080079135,0.000082035327,0.000000000000,0.000046556231,0.000045323414,0.000000000000,0.000048964668,0.000050854783,0.000000000000,0.000051032562,0.000053507679,0.000000000000,0.000035028758,0.000035273308,0.000000000000,0.000038514902,0.000036821488,0.000000000000,0.000040980149,0.000040702244,0.000000000000,0.000022850136,0.000024302891,0.000000000000,0.000025613361,0.000027092593,0.000000000000,0.000027163838,0.000029041280
403,0.000000000000,0.000119966817,0.000128548184,0.000000000000,0.000121322447,0.000124003130,0.000000000000,0.000132975869,0.000134327907,0.000000000000,0.000068452688,0.000074077375,0.000000000000,0.000080259115,0.000076509266,0.000000000000,0.000080079135,0.000082035327,0.000000000000,0.000046556231,0.000045323414,0.000000000000,0.000048964668,0.000050854783,0.000000000000,0.000051032562,0.000053507679,0.000000000000,0.000035028758,0.000035273308,0.000000000000,0.000038514902,0.000036821488,0.000000000000,0.000040980149,0.000040702244,0.000000000000,0.000022850136,0.000024302891,0.000000000000,0.000025613361,0.000027092593,0.000000000000,0.000027163838,0.000029041280
404,0.000000000000,0.000119966817,0.000128548184,0.000000000000,0.000121322447,0.000124003130,0.000000000000,0.000132975869,0.000134327907,0.000000000000,0.000068452688,0.000074077375,0.000000000000,0.000080259115,0.000076509266,0.000000000000,0.000080079135,0.000082035327,0.000000000000,0.000046561940,0.000045323414,0.000000000000,0.000048964668,0.000050854783,0.000000000000,0.000051032562,0.000053507679,0.000000000000,0.000035028758,0.000035273308,0.000000000000,0.000038514902,0.000036821488,0.000000000000,0.000040980149,0.000040702244,0.000000000000,0.000022850136,0.000024302891,0.000000000000,0.000025613361,0.000027092593,0.000000000000,0.000027163838,0.000029041280
405,0.000000000000,0.000119966817,0.000128548184,0.000000000000,0.000121322447,0.000124003130,0.000000000000,0.000132975869,0.000134327907,0.000000000000,0.000068452688,0.000074077375,0.000000000000,0.000080259115,0.000076509266,0.000000000000,0.000080079135,0.000082035327,0.000000000000,0.000046561940,0.000045323414,0.000000000000,0.000048964668,0.000050854783,0.000000000000,0.000051032562,0.000053507679,0.000000000000,0.000035028758,0.000035273308,0.000000000000,0.000038514902,0.000036821488,0.000000000000,0.000040980149,0.000040702244,0.000000000000,0.000022850136,0.000024302891,0.000000000000,0.000025613361,0.000027092593,0.000000000000,0.000027163838,0.000029041280
406,0.000000000000,0.000119966817,0.000128548184,0.000000000000,0.000121322447,0.000124003130,0.000000000000,0.000132975869,0.000134327907,0.000000000000,0.000068452688,0.000074077375,0.000000000000,0.000080259115,0.000076509266,0.000000000000,0.000080079135,0.000082035327,0.000000000000,0.000046561940,0.000045323414,0.000000000000,0.000048964668,0.000050854783,0.000000000000,0.000051032562,0.000053507679,0.000000000000,0.000035028758,0.000035273308,0.000000000000,0.000038514902,0.000036821488,0.000000000000,0.000040980149,0.000040702244,0.000000000000,0.000022850136,0.000024305320,0.000000000000,0.000025613361,0.000027092593,0.000000000000,0.000027163838,0.000029041280
407,0.000000000000,0.000119966817,0.000128548184,0.000000000000,0.000121322447,0.000124003130,0.000000000000,0.000132975869,0.000134327907,0.000000000000,0.000068452688,0.000074077375,0.000000000000,0.000080259115,0.000076509266,0.000000000000,0.000080079135,0.000082035327,0.000000000000,0.000046561940,0.000045323414,0.000000000000,0.000048964668,0.000050854783,0.000000000000,0.000051032562,0.000053507679,0.000000000000,0.000035028758,0.000035273308,0.000000000000,0.000038514902,0.000036859746,0.000000000000,0.000040980149,0.000040702244,0.000000000000,0.000022850136,0.000024305320,0.000000000000,0.000025613361,0.000027092593,0.000000000000,0.000027163838,0.000029041280
408,0.000000000000,0.000119966817,0.000128548184,0.000000000000,0.000121322447,0.000124003130,0.000000000000,0.000132975869,0.000134327907,0.000000000000,0.000068452688,0.000074077375,0.000000000000,0.000080259115,0.000076509266,0.000000000000,0.000080079135,0.000082035327,0.000000000000,0.000046561940,0.000045323414,0.000000000000,0.000048964668,0.000050854783,0.000000000000,0.000051032562,0.000053507679,0.000000000000,0.000035028758,0.000035273308,0.000000000000,0.000038514902,0.000036859746,0.000000000000,0.000040980149,0.000040702244,0.000000000000,0.000022850136,0.000024305320,0.000000000000,0.000025613361,0.000027105522,0.000000000000,0.000027176727,0.000029041280
409,0.000000000000,0.000119966817,0.000128548184,0.000000000000,0.000121322447,0.000124003130,0.000000000000,0.000132975869,0.000134327907,0.000000000000,0.000068452688,0.000074077375,0.000000000000,0.000080259115,0.000076509266,0.000000000000,0.000080079135,0.000082035327,0.000000000000,0.000046561940,0.000045323414,0.000000000000,0.000048964668,0.000050854783,0.000000000000,0.000051032562,0.000053507679,0.000000000000,0.000035028758,0.000035273308,0.000000000000,0.000038514902,0.000036859746,0.000000000000,0.000040980149,0.000040702244,0.000000000000,0.000022850136,0.000024305320,0.000000000000,0.000025613361,0.000027191983,0.000000000000,0.000027176875,0.000029041280
410,0.000000000000,0.000119966817,0.000128548184,0.000000000000,0.000121322447,0.000124003130,0.000000000000,0.000132975869,0.000134327907,0.000000000000,0.000068452688,0.000074077375,0.000000000000,0.000080259115,0.000076509266,0.000000000000,0.000080079135,0.000082035327,0.000000000000,0.000046561940,0.000045337772,0.000000000000,0.000048964668,0.000050854783,0.000000000000,0.000051032562,0.000053507679,0.000000000000,0.000035028758,0.000035291298,0.000000000000,0.000038514902,0.000036859746,0.000000000000,0.000040980149,0.000040702244,0.000000000000,0.000022850136,0.000024305320,0.000000000000,0.000025613361,0.000027193229,0.000000000000,0.000027176875,0.000029041280
411,0.000000000000,0.000119966817,0.000128548184,0.000000000000,0.000121322447,0.000124003130,0.000000000000,0.000132975869,0.000134327907,0.000000000000,0.000068452688,0.000074077375,0.000000000000,0.000080259115,0.000076509266,0.000000000000,0.000080079135,0.000082035327,0.000000000000,0.000046561940,0.000045337772,0.000000000000,0.000048964668,0.000050862431,0.000000000000,0.000051032562,0.000053507679,0.000000000000,0.000035028758,0.000035291298,0.000000000000,0.000038514902,0.000036859746,0.000000000000,0.000040980149,0.000040702244,0.000000000000,0.000022850136,0.000024305320,0.000000000000,0.000025624988,0.000027193229,0.000000000000,0.000027176875,0.000029041280
412,0.000000000000,0.000119966817,0.000128548184,0.000000000000,0.000121322447,0.000124003130,0.000000000000,0.000132975869,0.000134327907,0.000000000000,0.000068452688,0.000074077375,0.000000000000,0.000080259115,0.000076509266,0.000000000000,0.000080079135,0.000082035327,0.000000000000,0.000046561940,0.000045337772,0.000000000000,0.000048964668,0.000050862431,0.000000000000,0.000051032562,0.000053507679,0.000000000000,0.000035028758,0.000035291298,0.000000000000,0.000038514902,0.000036859746,0.000000000000,0.000040980149,0.000040702244,0.000000000000,0.000022850136,0.000024305320,0.000000000000,0.000025624988,0.000027195690,0.000000000000,0.000027176875,0.000029041280
413,0.000000000000,0.000119966817,0.000128548184,0.000000000000,0.000121322447,0.000124003130,0.000000000000,0.000132975869,0.000134327907,0.000000000000,0.000068452688,0.000074077375,0.000000000000,0.000080259115,0.000076509266,0.000000000000,0.000080079135,0.000082035327,0.000000000000,0.000046561940,0.000045337772,0.000000000000,0.000048964668,0.000050862431,0.000000000000,0.000051032562,0.000053507679,0.000000000000,0.000035028758,0.000035291298,0.000000000000,0.000038514902,0.000036860267,0.000000000000,0.000040980149,0.000040702244,0.000000000000,0.000022850136,0.000024305320,0.000000000000,0.000025624988,0.000027196721,0.000000000000,0.000027176875,0.000029041280
414,0.000000000000,0.000119966817,0.000128548184,0.000000000000,0.000121322447,0.000124003130,0.000000000000,0.000132975869,0.000134327907,0.000000000000,0.000068452688,0.000074077375,0.000000000000,0.000080259115,0.000076509266,0.000000000000,0.000080079135,0.000082035327,0.000000000000,0.000046561940,0.000045337772,0.000000000000,0.000048964668,0.000050862431,0.000000000000,0.000051032562,0.000053507679,0.000000000000,0.000035028758,0.000035291298,0.000000000000,0.000038514902,0.000036864355,0.000000000000,0.000040980149,0.000040702244,0.000000000000,0.000022850136,0.000024305320,0.000000000000,0.000025624988,0.000027201982,0.000000000000,0.000027176875,0.000029041280
415,0.000000000000,0.000119966817,0.000128548184,0.000000000000,0.000121322447,0.000124003130,0.000000000000,0.000132975869,0.000134327907,0.000000000000,0.000068452688,0.000074077375,0.000000000000,0.000080259115,0.000076509266,0.000000000000,0.000080079135,0.000082035327,0.000000000000,0.000046561940,0.000045337772,0.000000000000,0.000048964668,0.000050862431,0.000000000000,0.000051032562,0.000053507679,0.000000000000,0.000035028758,0.000035291298,0.000000000000,0.000038514902,0.000036864355,0.000000000000,0.000040980149,0.000040702244,0.000000000000,0.000022850136,0.000024305320,0.000000000000,0.000025624988,0.000027206761,0.000000000000,0.000027176875,0.000029041280
416,0.000000000000,0.000119966817,0.000128548184,0.000000000000,0.000121322447,0.000124003130,0.000000000000,0.000132975869,0.000134327907,0.000000000000,0.000068452688,0.000074077375,0.000000000000,0.000080259115,0.000076509266,0.000000000000,0.000080079135,0.000082035327,0.000000000000,0.000046561940,0.000045337772,0.000000000000,0.000048964668,0.000050862431,0.000000000000,0.000051032562,0.000053507679,0.000000000000,0.000035028758,0.000035293822,0.000000000000,0.000038514902,0.000036864355,0.000000000000,0.000040980149,0.000040702244,0.000000000000,0.000022850136,0.000024305320,0.000000000000,0.000025624988,0.000027219853,0.000000000000,0.000027176875,0.000029041280
417,0.000000000000,0.000119966817,0.000128548184,0.000000000000,0.000121322447,0.000124003130,0.000000000000,0.000132975869,0.000134327907,0.000000000000,0.000068452688,0.000074077375,0.000000000000,0.000080259115,0.000076509266,0.000000000000,0.000080079135,0.000082035327,0.000000000000,0.000046561940,0.000045337772,0.000000000000,0.000048964668,0.000050862431,0.000000000000,0.000051032562,0.000053507679,0.000000000000,0.000035028758,0.000035293822,0.000000000000,0.000038514902,0.000036864355,0.000000000000,0.000040980149,0.000040702244,0.000000000000,0.000022850136,0.000024305320,0.000000000000,0.000025624988,0.000027221438,0.000000000000,0.000027176875,0.000029041280
418,0.000000000000,0.000119966817,0.000128548184,0.000000000000,0.000121322447,0.000124003130,0.000000000000,0.000132975869,0.000134327907,0.000000000000,0.000068452688,0.000074077375,0.000000000000,0.000080259115,0.000076509266,0.000000000000,0.000080079135,0.000082035327,0.000000000000,0.000046561940,0.000045337772,0.000000000000,0.000048964668,0.000050862431,0.000000000000,0.000051032562,0.000053507679,0.000000000000,0.000035028758,0.000035293822,0.000000000000,0.000038514902,0.000036864355,0.000000000000,0.000040980149,0.000040702244,0.000000000000,0.000022850136,0.000024305320,0.000000000000,0.000025624988,0.000027234156,0.000000000000,0.000027176875,0.000029041280
419,0.000000000000,0.000119966817,0.000128548184,0.000000000000,0.000121322447,0.000124003130,0.000000000000,0.000132975869,0.000134327907,0.000000000000,0.000068452688,0.000074077375,0.000000000000,0.000080259115,0.000076509266,0.000000000000,0.000080079135,0.000082035327,0.000000000000,0.000046561940,0.000045337772,0.000000000000,0.000048964668,0.000050862431,0.000000000000,0.000051032562,0.000053507679,0.000000000000,0.000035028758,0.000035293822,0.000000000000,0.000038514902,0.000036871207,0.000000000000,0.000040980149,0.000040702244,0.000000000000,0.000022850136,0.000024305320,0.000000000000,0.000025624988,0.000027234156,0.000000000000,0.000027176875,0.000029041280
420,0.000000000000,0.000119966817,0.000128548184,0.000000000000,0.000121322447,0.000124003130,0.000000000000,0.000132975869,0.000134327907,0.000000000000,0.000068452688,0.000074077375,0.000000000000,0.000080259115,0.000076509266,0.000000000000,0.000080079135,0.000082035327,0.000000000000,0.000046561940,0.000045337772,0.000000000000,0.000048964668,0.000050862431,0.000000000000,0.000051032562,0.000053507679,0.000000000000,0.000035028758,0.000035308239,0.000000000000,0.000038514902,0.000036888582,0.000000000000,0.000040980149,0.000040702244,0.000000000000,0.000022850136,0.000024305320,0.000000000000,0.000025624988,0.000027234156,0.000000000000,0.000027176875,0.000029041280
421,0.000000000000,0.000119966817,0.000128548184,0.000000000000,0.000121322447,0.000124003130,0.000000000000,0.000132975869,0.000134327907,0.000000000000,0.000068452688,0.000074077375,0.000000000000,0.000080259115,0.000076509266,0.000000000000,0.000080079135,0.000082035327,0.000000000000,0.000046561940,0.000045337772,0.000000000000,0.000048964668,0.000050862431,0.000000000000,0.000051032562,0.000053507679,0.000000000000,0.000035028758,0.000035308239,0.000000000000,0.000038514902,0.000036888582,0.000000000000,0.000040980149,0.000040702244,0.000000000000,0.000022850136,0.000024305320,0.000000000000,0.000025624988,0.000027234156,0.000000000000,0.000027176875,0.000029041280
422,0.000000000000,0.000119966817,0.000128548184,0.000000000000,0.000121322447,0.000124003130,0.000000000000,0.000132975869,0.000134327907,0.000000000000,0.000068452688,0.000074077375,0.000000000000,0.000080259115,0.000076509266,0.000000000000,0.000080079135,0.000082035327,0.000000000000,0.000046561940,0.000045337772,0.000000000000,0.000048964668,0.000050862431,0.000000000000,0.000051032562,0.000053507679,0.000000000000,0.000035028758,0.000035417781,0.000000000000,0.000038514902,0.000036888582,0.000000000000,0.000040980149,0.000040702244,0.000000000000,0.000022850136,0.000024305676,0.000000000000,0.000025624988,0.000027234156,0.000000000000,0.000027176875,0.000029044002
423,0.000000000000,0.000119966817,0.000128548184,0.000000000000,0.000121322447,0.000124003130,0.000000000000,0.000132975869,0.000134327907,0.000000000000,0.000068452688,0.000074077375,0.000000000000,0.000080259115,0.000076509266,0.000000000000,0.000080079135,0.000082035327,0.000000000000,0.000046561940,0.000045337772,0.000000000000,0.000048964668,0.000050862431,0.000000000000,0.000051032562,0.000053507679,0.000000000000,0.000035028758,0.000035417781,0.000000000000,0.000038514902,0.000036988787,0.000000000000,0.000040980149,0.000040702244,0.000000000000,0.000022850136,0.000024305704,0.000000000000,0.000025624988,0.000027234156,0.000000000000,0.000027176875,0.000029044002
424,0.000000000000,0.000119966817,0.000128548184,0.000000000000,0.000121322447,0.000124003130,0.000000000000,0.000132975869,0.000134327907,0.000000000000,0.000068452688,0.000074077375,0.000000000000,0.000080259115,0.000076509266,0.000000000000,0.000080079135,0.000082035327,0.000000000000,0.000046561940,0.000045337772,0.000000000000,0.000048964668,0.000050862431,0.000000000000,0.000051032562,0.000053507679,0.000000000000,0.000035028758,0.000035417781,0.000000000000,0.000038514902,0.000036988787,0.000000000000,0.000040980149,0.000040702244,0.000000000000,0.000022850136,0.000024305704,0.000000000000,0.000025624988,0.000027234156,0.000000000000,0.000027176875,0.000029044002
425,0.000000000000,0.000119966817,0.000128548184,0.000000000000,0.000121322447,0.000124003130,0.000000000000,0.000132975869,0.000134327907,0.000000000000,0.000068452688,0.000074077375,0.000000000000,0.000080259115,0.000076509266,0.000000000000,0.000080079135,0.000082035327,0.000000000000,0.000046561940,0.000045337772,0.000000000000,0.000048964668,0.000050862431,0.000000000000,0.000051032562,0.000053507679,0.000000000000,0.000035028758,0.000035417781,0.000000000000,0.000038514902,0.000036988787,0.000000000000,0.000040980149,0.000040702244,0.000000000000,0.000022850136,0.000024305704,0.000000000000,0.000025624988,0.000027234156,0.000000000000,0.000027176875,0.000029044002
426,0.000000000000,0.000119966817,0.000128548184,0.000000000000,0.000121322447,0.000124003130,0.000000000000,0.000132975869,0.000134327907,0.000000000000,0.000068452688,0.000074077375,0.000000000000,0.000080259115,0.000076509266,0.000000000000,0.000080079135,0.000082035327,0.000000000000,0.000046561940,0.000045337772,0.000000000000,0.000048964668,0.000050862431,0.000000000000,0.000051032562,0.000053507679,0.000000000000,0.000035028758,0.000035417781,0.000000000000,0.000038514902,0.000036988787,0.000000000000,0.000040980149,0.000040702244,0.000000000000,0.000022850136,0.000024305704,0.000000000000,0.000025624988,0.000027234156,0.000000000000,0.000027176875,0.000029044002
427,0.000000000000,0.000119966817,0.000128548184,0.000000000000,0.000121322447,0.000124003130,0.000000000000,0.000132975869,0.000134327907,0.000000000000,0.000068452688,0.000074077375,0.000000000000,0.000080259115,0.000076509266,0.000000000000,0.000080079135,0.000082035327,0.000000000000,0.000046561940,0.000045337772,0.000000000000,0.000048964668,0.000050862431,0.000000000000,0.000051032562,0.000053507679,0.000000000000,0.000035028758,0.000035417781,0.000000000000,0.000038514902,0.000036988787,0.000000000000,0.000040980149,0.000040702244,0.000000000000,0.000022850136,0.000024305704,0.000000000000,0.000025624988,0.000027234156,0.000000000000,0.000027176875,0.000029044002
428,0.000000000000,0.000119966817,0.000128548184,0.000000000000,0.000121322447,0.000124003130,0.000000000000,0.000132975869,0.000134327907,0.000000000000,0.000068452688,0.000074077375,0.000000000000,0.000080259115,0.000076509266,0.000000000000,0.000080079135,0.000082035327,0.000000000000,0.000046561940,0.000045337772,0.000000000000,0.000048964668,0.000050862431,0.000000000000,0.000051032562,0.000053507679,0.000000000000,0.000035028758,0.000035417781,0.000000000000,0.000038514902,0.000036988787,0.000000000000,0.000040980149,0.000040702244,0.000000000000,0.000022850136,0.000024305704,0.000000000000,0.000025624988,0.000027234156,0.000000000000,0.000027176875,0.000029044002
429,0.000000000000,0.000119966817,0.000128548184,0.000000000000,0.000121322447,0.000124003130,0.000000000000,0.000132975869,0.000134327907,0.000000000000,0.000068452688,0.000074077375,0.000000000000,0.000080259115,0.000076509266,0.000000000000,0.000080079135,0.000082035327,0.000000000000,0.000046561940,0.000045337772,0.000000000000,0.000048964668,0.000050862431,0.000000000000,0.000051032562,0.000053507679,0.000000000000,0.000035028758,0.000035433017,0.000000000000,0.000038514902,0.000036988787,0.000000000000,0.000040980149,0.000040702244,0.000000000000,0.000022850136,0.000024305704,0.000000000000,0.000025624988,0.000027234156,0.000000000000,0.000027176875,0.000029044002
430,0.000000000000,0.000119966817,0.000128548184,0.000000000000,0.000121322447,0.000124003130,0.000000000000,0.000132975869,0.000134327907,0.000000000000,0.000068452688,0.000074077375,0.000000000000,0.000080259115,0.000076509266,0.000000000000,0.000080079135,0.000082035327,0.000000000000,0.000046561940,0.000045337772,0.000000000000,0.000048964668,0.000050868083,0.000000000000,0.000051032562,0.000053507679,0.000000000000,0.000035028758,0.000035433017,0.000000000000,0.000038514902,0.000036988787,0.000000000000,0.000040980149,0.000040702244,0.000000000000,0.000022850136,0.000024305704,0.000000000000,0.000025624988,0.000027234156,0.000000000000,0.000027176875,0.000029044002
431,0.000000000000,0.000119966817,0.000128548184,0.000000000000,0.000121322447,0.000124003130,0.000000000000,0.000132975869,0.000134327907,0.000000000000,0.000068452688,0.000074077375,0.000000000000,0.000080259115,0.000076509266,0.000000000000,0.000080079135,0.000082035327,0.000000000000,0.000046561940,0.000045337772,0.000000000000,0.000048964668,0.000050870943,0.000000000000,0.000051032562,0.000053507679,0.000000000000,0.000035028758,0.000035439686,0.000000000000,0.000038514902,0.000036988787,0.000000000000,0.000040980149,0.000040702244,0.000000000000,0.000022850136,0.000024305704,0.000000000000,0.000025626985,0.000027234156,0.000000000000,0.000027176875,0.000029044002
432,0.000000000000,0.000119966817,0.000128548184,0.000000000000,0.000121322447,0.000124003130,0.000000000000,0.000132975869,0.000134327907,0.000000000000,0.000068452688,0.000074077375,0.000000000000,0.000080259115,0.000076509266,0.000000000000,0.000080079135,0.000082035327,0.000000000000,0.000046561940,0.000045337772,0.000000000000,0.000048964668,0.000050870943,0.000000000000,0.000051032562,0.000053507679,0.000000000000,0.000035028758,0.000035446825,0.000000000000,0.000038514902,0.000037012062,0.000000000000,0.000040980149,0.000040702244,0.000000000000,0.000022850136,0.000024305704,0.000000000000,0.000025626985,0.000027234156,0.000000000000,0.000027176875,0.000029044002
433,0.000000000000,0.000119966817,0.000128548184,0.000000000000,0.000121322447,0.000124003130,0.000000000000,0.000132975869,0.000134327907,0.000000000000,0.000068452688,0.000074077375,0.000000000000,0.000080259115,0.000076509266,0.000000000000,0.000080079135,0.000082035327,0.000000000000,0.000046561940,0.000045337772,0.000000000000,0.000048964668,0.000050870943,0.000000000000,0.000051032562,0.000053507679,0.000000000000,0.000035028758,0.000035446825,0.000000000000,0.000038514902,0.000037071697,0.000000000000,0.000040980149,0.000040702244,0.000000000000,0.000022850136,0.000024305704,0.000000000000,0.000025626985,0.000027234156,0.000000000000,0.000027176875,0.000029044002
434,0.000000000000,0.000119966817,0.000128548184,0.000000000000,0.000121322447,0.000124003130,0.000000000000,0.000132975869,0.000134327907,0.000000000000,0.000068452688,0.000074077375,0.000000000000,0.000080259115,0.000076509266,0.000000000000,0.000080079135,0.000082035327,0.000000000000,0.000046561940,0.000045337772,0.000000000000,0.000048964668,0.000050870943,0.000000000000,0.000051032562,0.000053507679,0.000000000000,0.000035028758,0.000035446825,0.000000000000,0.000038514902,0.000037071697,0.000000000000,0.000040980149,0.000040702244,0.000000000000,0.000022850136,0.000024305704,0.000000000000,0.000025626985,0.000027234156,0.000000000000,0.000027176875,0.000029059041
435,0.000000000000,0.000119966817,0.000128548184,0.000000000000,0.000121322447,0.000124003130,0.000000000000,0.000132975869,0.000134327907,0.000000000000,0.000068452688,0.000074077375,0.000000000000,0.000080259115,0.000076509266,0.000000000000,0.000080079135,0.000082035327,0.000000000000,0.000046561940,0.000045337772,0.000000000000,0.000048964668,0.000050870943,0.000000000000,0.000051032562,0.000053507679,0.000000000000,0.000035028758,0.000035446825,0.000000000000,0.000038514902,0.000037071697,0.000000000000,0.000040980149,0.000040702244,0.000000000000,0.000022850136,0.000024305704,0.000000000000,0.000025626985,0.000027234156,0.000000000000,0.000027176875,0.000029061042
436,0.000000000000,0.000119966817,0.000128548184,0.000000000000,0.000121322447,0.000124003130,0.000000000000,0.000132975869,0.000134327907,0.000000000000,0.000068452688,0.000074077375,0.000000000000,0.000080259115,0.000076509266,0.000000000000,0.000080079135,0.000082035327,0.000000000000,0.000046561940,0.000045337772,0.000000000000,0.000048964668,0.000050870943,0.000000000000,0.000051032562,0.000053507679,0.000000000000,0.000035028758,0.000035446825,0.000000000000,0.000038514902,0.000037071697,0.000000000000,0.000040980149,0.000040702244,0.000000000000,0.000022850136,0.000024305704,0.000000000000,0.000025626985,0.000027234156,0.000000000000,0.000027176875,0.000029061042
437,0.000000000000,0.000119966817,0.000128548184,0.000000000000,0.000121322447,0.000124003130,0.000000000000,0.000132975869,0.000134327907,0.000000000000,0.000068452688,0.000074077375,0.000000000000,0.000080259115,0.000076509266,0.000000000000,0.000080079135,0.000082035327,0.000000000000,0.000046561940,0.000045337772,0.000000000000,0.000048964668,0.000050870943,0.000000000000,0.000051032562,0.000053507679,0.000000000000,0.000035028758,0.000035446825,0.000000000000,0.000038514902,0.000037071697,0.000000000000,0.000040980149,0.000040702244,0.000000000000,0.000022850136,0.000024305704,0.000000000000,0.000025626985,0.000027234156,0.000000000000,0.000027176875,0.000029061042
438,0.000000000000,0.000119966817,0.000128548184,0.000000000000,0.000121322447,0.000124003130,0.000000000000,0.000132975869,0.000134327907,0.000000000000,0.000068452688,0.000074077375,0.000000000000,0.000080259115,0.000076509266,0.000000000000,0.000080079135,0.000082035327,0.000000000000,0.000046561940,0.000045337772,0.000000000000,0.000048964668,0.000050870943,0.000000000000,0.000051032562,0.000053507679,0.000000000000,0.000035028758,0.000035446825,0.000000000000,0.000038514902,0.000037071697,0.000000000000,0.000040980149,0.000040702244,0.000000000000,0.000022850136,0.000024305704,0.000000000000,0.000025626985,0.000027234156,0.000000000000,0.000027176875,0.000029077182
439,0.000000000000,0.000119966817,0.000128548184,0.000000000000,0.000121322447,0.000124003130,0.000000000000,0.000132975869,0.000134327907,0.000000000000,0.000068452688,0.000074077375,0.000000000000,0.000080259115,0.000076509266,0.000000000000,0.000080079135,0.000082035327,0.000000000000,0.000046561940,0.000045337772,0.000000000000,0.000048964668,0.000050870943,0.000000000000,0.000051032562,0.000053507679,0.000000000000,0.000035044641,0.000035446825,0.000000000000,0.000038514902,0.000037071697,0.000000000000,0.000040980149,0.000040702244,0.000000000000,0.000022850136,0.000024305704,0.000000000000,0.000025626985,0.000027234156,0.000000000000,0.000027176875,0.000029077182
440,0.000000000000,0.000119966817,0.000128548184,0.000000000000,0.000121322447,0.000124003130,0.000000000000,0.000132975869,0.000134327907,0.000000000000,0.000068452688,0.000074077375,0.000000000000,0.000080259115,0.000076509266,0.000000000000,0.000080079135,0.000082035327,0.000000000000,0.000046561940,0.000045337772,0.000000000000,0.000048964668,0.000050870943,0.000000000000,0.000051032562,0.000053507679,0.000000000000,0.000035068604,0.000035446825,0.000000000000,0.000038514902,0.000037071697,0.000000000000,0.000040980149,0.000040702244,0.000000000000,0.000022850136,0.000024309939,0.000000000000,0.000025626985,0.000027234156,0.000000000000,0.000027176875,0.000029077182
441,0.000000000000,0.000119966817,0.000128548184,0.000000000000,0.000121322447,0.000124003130,0.000000000000,0.000132975869,0.000134327907,0.000000000000,0.000068452688,0.000074077375,0.000000000000,0.000080259115,0.000076509266,0.000000000000,0.000080079135,0.000082035327,0.000000000000,0.000046561940,0.000045337772,0.000000000000,0.000048964668,0.000050870943,0.000000000000,0.000051032562,0.000053507679,0.000000000000,0.000035068604,0.000035446825,0.000000000000,0.000038514902,0.000037071697,0.000000000000,0.000040980149,0.000040702244,0.000000000000,0.000022850136,0.000024309939,0.000000000000,0.000025626985,0.000027234156,0.000000000000,0.000027176875,0.000029077182
442,0.000000000000,0.000119966817,0.000128548184,0.000000000000,0.000121322447,0.000124003130,0.000000000000,0.000132975869,0.000134327907,0.000000000000,0.000068452688,0.000074077375,0.000000000000,0.000080259115,0.000076509266,0.000000000000,0.000080079135,0.000082035327,0.000000000000,0.000046561940,0.000045337772,0.000000000000,0.000048964668,0.000050870943,0.000000000000,0.000051032562,0.000053507679,0.000000000000,0.000035068604,0.000035446825,0.000000000000,0.000038514902,0.000037071697,0.000000000000,0.000040980149,0.000040702244,0.000000000000,0.000022850136,0.000024309939,0.000000000000,0.000025626985,0.000027234156,0.000000000000,0.000027176875,0.000029077182
443,0.000000000000,0.000119966817,0.000128548184,0.000000000000,0.000121322447,0.000124003130,0.000000000000,0.000132975869,0.000134327907,0.000000000000,0.000068967408,0.000074077375,0.000000000000,0.000080259115,0.000076570046,0.000000000000,0.000080079135,0.000082035327,0.000000000000,0.000046561940,0.000045337772,0.000000000000,0.000048964668,0.000050870943,0.000000000000,0.000051032562,0.000053507679,0.000000000000,0.000035068604,0.000035446825,0.000000000000,0.000038514902,0.000037071697,0.000000000000,0.000040980149,0.000040702244,0.000000000000,0.000022850136,0.000024309939,0.000000000000,0.000025626985,0.000027234156,0.000000000000,0.000027176875,0.000029077182
444,0.000000000000,0.000119966817,0.000128548184,0.000000000000,0.000121322447,0.000124003130,0.000000000000,0.000132975869,0.000134327907,0.000000000000,0.000068967408,0.000074077375,0.000000000000,0.000080259115,0.000076570046,0.000000000000,0.000080079135,0.000082035327,0.000000000000,0.000046561940,0.000045337772,0.000000000000,0.000048964668,0.000050889795,0.000000000000,0.000051032562,0.000053507679,0.000000000000,0.000035068604,0.000035446825,0.000000000000,0.000038514902,0.000037071697,0.000000000000,0.000040980149,0.000040702244,0.000000000000,0.000022850136,0.000024311209,0.000000000000,0.000025626985,0.000027234156,0.000000000000,0.000027176875,0.000029077182
445,0.000000000000,0.000119966817,0.000128548184,0.000000000000,0.000121322447,0.000124003130,0.000000000000,0.000132975869,0.000134327907,0.000000000000,0.000068967408,0.000074077375,0.000000000000,0.000080259115,0.000076570046,0.000000000000,0.000080079135,0.000082035327,0.000000000000,0.000046561940,0.000045337772,0.000000000000,0.000048964668,0.000050889795,0.000000000000,0.000051032562,0.000053507679,0.000000000000,0.000035068604,0.000035446825,0.000000000000,0.000038514902,0.000037071697,0.000000000000,0.000040980149,0.000040702244,0.000000000000,0.000022850136,0.000024311209,0.000000000000,0.000025626985,0.000027234156,0.000000000000,0.000027176875,0.000029077182
446,0.000000000000,0.000119966817,0.000128548184,0.000000000000,0.000121322447,0.000124003130,0.000000000000,0.000132975869,0.000134327907,0.000000000000,0.000068967408,0.000074077375,0.000000000000,0.000080259115,0.000076570046,0.000000000000,0.000080079135,0.000082035327,0.000000000000,0.000046561940,0.000045337772,0.000000000000,0.000048964668,0.000050889795,0.000000000000,0.000051032562,0.000053507679,0.000000000000,0.000035068604,0.000035446825,0.000000000000,0.000038514902,0.000037071697,0.000000000000,0.000040980149,0.000040702244,0.000000000000,0.000022850136,0.000024317080,0.000000000000,0.000025626985,0.000027234156,0.000000000000,0.000027176875,0.000029077182
447,0.000000000000,0.000119966817,0.000128548184,0.000000000000,0.000121322447,0.000124003130,0.000000000000,0.000132975869,0.000134327907,0.000000000000,0.000068967408,0.000074077375,0.000000000000,0.000080259115,0.000076570046,0.000000000000,0.000080079135,0.000082035327,0.000000000000,0.000046561940,0.000045375345,0.000000000000,0.000048964668,0.000050889795,0.000000000000,0.000051032562,0.000053507679,0.000000000000,0.000035068604,0.000035446825,0.000000000000,0.000038514902,0.000037071697,0.000000000000,0.000040980149,0.000040702244,0.000000000000,0.000022850136,0.000024317080,0.000000000000,0.000025626985,0.000027256329,0.000000000000,0.000027176875,0.000029077182
448,0.000000000000,0.000119966817,0.000128548184,0.000000000000,0.000121322447,0.000124003130,0.000000000000,0.000132975869,0.000134327907,0.000000000000,0.000068967408,0.000074077375,0.000000000000,0.000080259115,0.000076570046,0.000000000000,0.000080079135,0.000082035327,0.000000000000,0.000046561940,0.000045375345,0.000000000000,0.000048964668,0.000050889795,0.000000000000,0.000051032562,0.000053507679,0.000000000000,0.000035068604,0.000035446825,0.000000000000,0.000038514902,0.000037072269,0.000000000000,0.000040980149,0.000040702244,0.000000000000,0.000022850136,0.000024317080,0.000000000000,0.000025626985,0.000027365584,0.000000000000,0.000027176875,0.000029077182
449,0.000000000000,0.000119966817,0.000128548184,0.000000000000,0.000121322447,0.000124003130,0.000000000000,0.000132975869,0.000134327907,0.000000000000,0.000068967408,0.000074077375,0.000000000000,0.000080259115,0.000076570046,0.000000000000,0.000080079135,0.000082035327,0.000000000000,0.000046561940,0.000045375345,0.000000000000,0.000048964668,0.000050889795,0.000000000000,0.000051032562,0.000053507679,0.000000000000,0.000035068604,0.000035446825,0.000000000000,0.000038514902,0.000037072269,0.000000000000,0.000040980149,0.000040702244,0.000000000000,0.000022850136,0.000024317080,0.000000000000,0.000025626985,0.000027369583,0.000000000000,0.000027176875,0.000029077182
450,0.000000000000,0.000119966817,0.000128548184,0.000000000000,0.000121322447,0.000124003130,0.000000000000,0.000132975869,0.000134327907,0.000000000000,0.000068967408,0.000074077375,0.000000000000,0.000080259115,0.000076570046,0.000000000000,0.000080079135,0.000082035327,0.000000000000,0.000046561940,0.000045375345,0.000000000000,0.000048964668,0.000050889795,0.000000000000,0.000051032562,0.000053507679,0.000000000000,0.000035068604,0.000035446825,0.000000000000,0.000038514902,0.000037072269,0.000000000000,0.000040980149,0.000040702244,0.000000000000,0.000022850136,0.000024317080,0.000000000000,0.000025626985,0.000027369583,0.000000000000,0.000027176875,0.000029077182
451,0.000000000000,0.000119966817,0.000128548184,0.000000000000,0.000121322447,0.000124003130,0.000000000000,0.000132975869,0.000134327907,0.000000000000,0.000068967408,0.000074077375,0.000000000000,0.000080259115,0.000076570046,0.000000000000,0.000080079135,0.000082035327,0.000000000000,0.000046561940,0.000045375345,0.000000000000,0.000048964668,0.000050889795,0.000000000000,0.000051032562,0.000053507679,0.000000000000,0.000035068604,0.000035446825,0.000000000000,0.000038514902,0.000037072269,0.000000000000,0.000040980149,0.000040702244,0.000000000000,0.000022850136,0.000024317080,0.000000000000,0.000025626985,0.000027369583,0.000000000000,0.000027176875,0.000029077182
452,0.000000000000,0.000119966817,0.000128548184,0.000000000000,0.000121322447,0.000124003130,0.000000000000,0.000132975869,0.000134327907,0.000000000000,0.000068967408,0.000074077375,0.000000000000,0.000080259115,0.000076570046,0.000000000000,0.000080079135,0.000082035327,0.000000000000,0.000046561940,0.000045375345,0.000000000000,0.000048964668,0.000050889795,0.000000000000,0.000051032562,0.000053507679,0.000000000000,0.000035068604,0.000035446825,0.000000000000,0.000038514902,0.000037073764,0.000000000000,0.000040980149,0.000040702244,0.000000000000,0.000022850136,0.000024317080,0.000000000000,0.000025626985,0.000027369583,0.000000000000,0.000027176875,0.000029077182
453,0.000000000000,0.000119966817,0.000128548184,0.000000000000,0.000121322447,0.000124003130,0.000000000000,0.000132975869,0.000134327907,0.000000000000,0.000068967408,0.000074077375,0.000000000000,0.000080259115,0.000076570046,0.000000000000,0.000080079135,0.000082035327,0.000000000000,0.000046561940,0.000045375345,0.000000000000,0.000048964668,0.000050889795,0.000000000000,0.000051032562,0.000053507679,0.000000000000,0.000035068604,0.000035446825,0.000000000000,0.000038514902,0.000037073764,0.000000000000,0.000040980149,0.000040702244,0.000000000000,0.000022850136,0.000024317080,0.000000000000,0.000025626985,0.000027369583,0.000000000000,0.000027176875,0.000029077182
454,0.000000000000,0.000119966817,0.000128548184,0.000000000000,0.000121322447,0.000124003130,0.000000000000,0.000132975869,0.000134327907,0.000000000000,0.000068967408,0.000074077375,0.000000000000,0.000080259115,0.000076570046,0.000000000000,0.000080079135,0.000082035327,0.000000000000,0.000046561940,0.000045375345,0.000000000000,0.000048964668,0.000050889795,0.000000000000,0.000051032562,0.000053507679,0.000000000000,0.000035068604,0.000035481898,0.000000000000,0.000038514902,0.000037073764,0.000000000000,0.000040980149,0.000040702244,0.000000000000,0.000022850136,0.000024317080,0.000000000000,0.000025626985,0.000027369583,0.000000000000,0.000027176875,0.000029077182
455,0.000000000000,0.000119966817,0.000128548184,0.000000000000,0.000121322447,0.000124003130,0.000000000000,0.000132975869,0.000134327907,0.000000000000,0.000068967408,0.000074077375,0.000000000000,0.000080259115,0.000076570046,0.000000000000,0.000080079135,0.000082035327,0.000000000000,0.000046561940,0.000045375345,0.000000000000,0.000048964668,0.000050889795,0.000000000000,0.000051032562,0.000053697346,0.000000000000,0.000035068604,0.000035481898,0.000000000000,0.000038514902,0.000037073764,0.000000000000,0.000040980149,0.000040702244,0.000000000000,0.000022850136,0.000024317080,0.000000000000,0.000025626985,0.000027401121,0.000000000000,0.000027176875,0.000029077182
456,0.000000000000,0.000119966817,0.000128548184,0.000000000000,0.000121322447,0.000124003130,0.000000000000,0.000132975869,0.000134327907,0.000000000000,0.000068967408,0.000074077375,0.000000000000,0.000080259115,0.000076570046,0.000000000000,0.000080079135,0.000082035327,0.000000000000,0.000046561940,0.000045375345,0.000000000000,0.000048964668,0.000050889795,0.000000000000,0.000051032562,0.000053697346,0.000000000000,0.000035068604,0.000035481898,0.000000000000,0.000038514902,0.000037073764,0.000000000000,0.000040980149,0.000040702244,0.000000000000,0.000022850136,0.000024317080,0.000000000000,0.000025626985,0.000027401121,0.000000000000,0.000027176875,0.000029077182
457,0.000000000000,0.000119966817,0.000128548184,0.000000000000,0.000121322447,0.000124003130,0.000000000000,0.000132975869,0.000134327907,0.000000000000,0.000068967408,0.000074077375,0.000000000000,0.000080259115,0.000076570046,0.000000000000,0.000080079135,0.000082035327,0.000000000000,0.000046561940,0.000045375345,0.000000000000,0.000048964668,0.000050889795,0.000000000000,0.000051032562,0.000053697346,0.000000000000,0.000035068604,0.000035481898,0.000000000000,0.000038514902,0.000037073764,0.000000000000,0.000040980149,0.000040718574,0.000000000000,0.000022850136,0.000024317080,0.000000000000,0.000025626985,0.000027401121,0.000000000000,0.000027176875,0.000029077182
458,0.000000000000,0.000119966817,0.000128548184,0.000000000000,0.000121322447,0.000124003130,0.000000000000,0.000132975869,0.000134327907,0.000000000000,0.000068967408,0.000074077375,0.000000000000,0.000080259115,0.000076570046,0.000000000000,0.000080079135,0.000082035327,0.000000000000,0.000046561940,0.000045375345,0.000000000000,0.000048964668,0.000050889795,0.000000000000,0.000051032562,0.000053697346,0.000000000000,0.000035068604,0.000035587196,0.000000000000,0.000038514902,0.000037073764,0.000000000000,0.000040980149,0.000040718574,0.000000000000,0.000022850136,0.000024329248,0.000000000000,0.000025626985,0.000027401121,0.000000000000,0.000027176875,0.000029077182
459,0.000000000000,0.000119966817,0.000128548184,0.000000000000,0.000121322447,0.000124003130,0.000000000000,0.000132975869,0.000134327907,0.000000000000,0.000068967408,0.000074077375,0.000000000000,0.000080259115,0.000076570046,0.000000000000,0.000080079135,0.000082035327,0.000000000000,0.000046561940,0.000045375345,0.000000000000,0.000048964668,0.000050889795,0.000000000000,0.000051032562,0.000053697346,0.000000000000,0.000035068604,0.000035749070,0.000000000000,0.000038514902,0.000037073764,0.000000000000,0.000040980149,0.000040718574,0.000000000000,0.000022850136,0.000024329248,0.000000000000,0.000025626985,0.000027401121,0.000000000000,0.000027176875,0.000029077182
460,0.000000000000,0.000119966817,0.000128548184,0.000000000000,0.000121322447,0.000124003130,0.000000000000,0.000132975869,0.000134327907,0.000000000000,0.000068967408,0.000074077375,0.000000000000,0.000080259115,0.000076570046,0.000000000000,0.000080079135,0.000082035327,0.000000000000,0.000046561940,0.000045375345,0.000000000000,0.000048964668,0.000050889795,0.000000000000,0.000051032562,0.000053697346,0.000000000000,0.000035068604,0.000035749070,0.000000000000,0.000038514902,0.000037073764,0.000000000000,0.000040980149,0.000040718574,0.000000000000,0.000022850136,0.000024329248,0.000000000000,0.000025626985,0.000027401121,0.000000000000,0.000027176875,0.000029077182
461,0.000000000000,0.000119966817,0.000128548184,0.000000000000,0.000121322447,0.000124003130,0.000000000000,0.000132975869,0.000134327907,0.000000000000,0.000068967408,0.000074077375,0.000000000000,0.000080259115,0.000076570046,0.000000000000,0.000080079135,0.000082035327,0.000000000000,0.000046561940,0.000045375345,0.000000000000,0.000048964668,0.000050889795,0.000000000000,0.000051032562,0.000053697346,0.000000000000,0.000035068604,0.000035749070,0.000000000000,0.000038514902,0.000037073764,0.000000000000,0.000040980149,0.000040718574,0.000000000000,0.000022850136,0.000024329248,0.000000000000,0.000025626985,0.000027401121,0.000000000000,0.000027176875,0.000029077182
462,0.000000000000,0.000119966817,0.000128548184,0.000000000000,0.000121322447,0.000124003130,0.000000000000,0.000132975869,0.000134327907,0.000000000000,0.000068967408,0.000074077375,0.000000000000,0.000080259115,0.000076570046,0.000000000000,0.000080079135,0.000082203723,0.000000000000,0.000046561940,0.000045375345,0.000000000000,0.000048964668,0.000050889795,0.000000000000,0.000051032562,0.000053697346,0.000000000000,0.000035068604,0.000035749070,0.000000000000,0.000038514902,0.000037073764,0.000000000000,0.000040980149,0.000040718574,0.000000000000,0.000022850136,0.000024329248,0.000000000000,0.000025626985,0.000027401121,0.000000000000,0.000027176875,0.000029077182
463,0.000000000000,0.000119966817,0.000128548184,0.000000000000,0.000121322447,0.000124003130,0.000000000000,0.000132975869,0.000134327907,0.000000000000,0.000068967408,0.000074077375,0.000000000000,0.000080259115,0.000076570046,0.000000000000,0.000080079135,0.000082203723,0.000000000000,0.000046561940,0.000045389395,0.000000000000,0.000048964668,0.000050889795,0.000000000000,0.000051032562,0.000053697346,0.000000000000,0.000035068604,0.000035749070,0.000000000000,0.000038514902,0.000037073764,0.000000000000,0.000040980149,0.000040718574,0.000000000000,0.000022850136,0.000024329248,0.000000000000,0.000025626985,0.000027401121,0.000000000000,0.000027176875,0.000029077182
464,0.000000000000,0.000119966817,0.000128548184,0.000000000000,0.000121322447,0.000124003130,0.000000000000,0.000132975869,0.000134327907,0.000000000000,0.000068967408,0.000074077375,0.000000000000,0.000080259115,0.000076570046,0.000000000000,0.000080079135,0.000082203723,0.000000000000,0.000046561940,0.000045389395,0.000000000000,0.000048964668,0.000050889795,0.000000000000,0.000051032562,0.000053697346,0.000000000000,0.000035068604,0.000035749070,0.000000000000,0.000038514902,0.000037073764,0.000000000000,0.000040980149,0.000040718574,0.000000000000,0.000022850136,0.000024329248,0.000000000000,0.000025626985,0.000027401121,0.000000000000,0.000027176875,0.000029077182
465,0.000000000000,0.000119966817,0.000128548184,0.000000000000,0.000121322447,0.000124003130,0.000000000000,0.000132975869,0.000134327907,0.000000000000,0.000068967408,0.000074077375,0.000000000000,0.000080259115,0.000076570046,0.000000000000,0.000080079135,0.000082203723,0.000000000000,0.000046561940,0.000045389395,0.000000000000,0.000048964668,0.000050889795,0.000000000000,0.000051032562,0.000053697346,0.000000000000,0.000035068604,0.000035749070,0.000000000000,0.000038514902,0.000037073764,0.000000000000,0.000040980149,0.000040718574,0.000000000000,0.000022850136,0.000024329248,0.000000000000,0.000025626985,0.000027401121,0.000000000000,0.000027176875,0.000029077182
466,0.000000000000,0.000119966817,0.000128548184,0.000000000000,0.000121322447,0.000124003130,0.000000000000,0.000132975869,0.000134327907,0.000000000000,0.000068967408,0.000074077375,0.000000000000,0.000080259115,0.000076570046,0.000000000000,0.000080079135,0.000082203723,0.000000000000,0.000046561940,0.000045389395,0.000000000000,0.000048964668,0.000050889795,0.000000000000,0.000051032562,0.000053697346,0.000000000000,0.000035068604,0.000035749070,0.000000000000,0.000038514902,0.000037073764,0.000000000000,0.000040980149,0.000040718574,0.000000000000,0.000022850136,0.000024331803,0.000000000000,0.000025626985,0.000027401121,0.000000000000,0.000027176875,0.000029077182
467,0.000000000000,0.000119966817,0.000128548184,0.000000000000,0.000121322447,0.000124003130,0.000000000000,0.000132975869,0.000134327907,0.000000000000,0.000068967408,0.000074077375,0.000000000000,0.000080259115,0.000076570046,0.000000000000,0.000080079135,0.000082203723,0.000000000000,0.000046561940,0.000045389395,0.000000000000,0.000048964668,0.000050889795,0.000000000000,0.000051032562,0.000053697346,0.000000000000,0.000035068604,0.000035749070,0.000000000000,0.000038514902,0.000037073764,0.000000000000,0.000040980149,0.000040718574,0.000000000000,0.000022850136,0.000024331803,0.000000000000,0.000025626985,0.000027439649,0.000000000000,0.000027176875,0.000029077182
468,0.000000000000,0.000119966817,0.000128548184,0.000000000000,0.000121322447,0.000124003130,0.000000000000,0.000132975869,0.000134327907,0.000000000000,0.000068967408,0.000074077375,0.000000000000,0.000080259115,0.000076570046,0.000000000000,0.000080079135,0.000082203723,0.000000000000,0.000046561940,0.000045389395,0.000000000000,0.000048964668,0.000050889795,0.000000000000,0.000051032562,0.000053697346,0.000000000000,0.000035068604,0.000035749070,0.000000000000,0.000038514902,0.000037073764,0.000000000000,0.000040980149,0.000040718574,0.000000000000,0.000022850136,0.000024331803,0.000000000000,0.000025626985,0.000027457916,0.000000000000,0.000027176875,0.000029077182
469,0.000000000000,0.000119966817,0.000128548184,0.000000000000,0.000121322447,0.000124003130,0.000000000000,0.000132975869,0.000134327907,0.000000000000,0.000068967408,0.000074077375,0.000000000000,0.000080259115,0.000076570046,0.000000000000,0.000080079135,0.000082203723,0.000000000000,0.000046561940,0.000045389395,0.000000000000,0.000048964668,0.000050889795,0.000000000000,0.000051032562,0.000053697346,0.000000000000,0.000035068604,0.000035749070,0.000000000000,0.000038514902,0.000037073764,0.000000000000,0.000040980149,0.000040718574,0.000000000000,0.000022850136,0.000024331803,0.000000000000,0.000025626985,0.000027457916,0.000000000000,0.000027185526,0.000029077182
470,0.000000000000,0.000119966817,0.000128548184,0.000000000000,0.000121322447,0.000124003130,0.000000000000,0.000132975869,0.000134327907,0.000000000000,0.000068967408,0.000074077375,0.000000000000,0.000080259115,0.000076570046,0.000000000000,0.000080079135,0.000082203723,0.000000000000,0.000046561940,0.000045389395,0.000000000000,0.000048964668,0.000050889795,0.000000000000,0.000051032562,0.000053697346,0.000000000000,0.000035068604,0.000035749070,0.000000000000,0.000038514902,0.000037073764,0.000000000000,0.000040980149,0.000040718574,0.000000000000,0.000022850136,0.000024331803,0.000000000000,0.000025626985,0.000027457916,0.000000000000,0.000027185675,0.000029077182
471,0.000000000000,0.000119966817,0.000128548184,0.000000000000,0.000121322447,0.000124003130,0.000000000000,0.000132975869,0.000134327907,0.000000000000,0.000068967408,0.000074077375,0.000000000000,0.000080259115,0.000076570046,0.000000000000,0.000080079135,0.000082203723,0.000000000000,0.000046561940,0.000045389395,0.000000000000,0.000048964668,0.000050889795,0.000000000000,0.000051032562,0.000053697346,0.000000000000,0.000035068604,0.000035749070,0.000000000000,0.000038514902,0.000037073764,0.000000000000,0.000040980149,0.000040718574,0.000000000000,0.000022850136,0.000024331803,0.000000000000,0.000025626985,0.000027457916,0.000000000000,0.000027185675,0.000029077182
472,0.000000000000,0.000119966817,0.000128548184,0.000000000000,0.000121322447,0.000124003130,0.000000000000,0.000132975869,0.000134327907,0.000000000000,0.000068967408,0.000074077375,0.000000000000,0.000080259115,0.000076570046,0.000000000000,0.000080079135,0.000082203723,0.000000000000,0.000046561940,0.000045389395,0.000000000000,0.000048964668,0.000050889795,0.000000000000,0.000051032562,0.000053697346,0.000000000000,0.000035068604,0.000035749070,0.000000000000,0.000038514902,0.000037073764,0.000000000000,0.000040980149,0.000040718574,0.000000000000,0.000022850136,0.000024331803,0.000000000000,0.000025626985,0.000027457916,0.000000000000,0.000027185675,0.000029077182
473,0.000000000000,0.000119966817,0.000128548184,0.000000000000,0.000121322447,0.000124003130,0.000000000000,0.000132975869,0.000134327907,0.000000000000,0.000068967408,0.000074077375,0.000000000000,0.000080259115,0.000076570046,0.000000000000,0.000080079135,0.000082203723,0.000000000000,0.000046561940,0.000045389395,0.000000000000,0.000048964668,0.000050889795,0.000000000000,0.000051032562,0.000053697346,0.000000000000,0.000035068604,0.000035755138,0.000000000000,0.000038514902,0.000037073764,0.000000000000,0.000040980149,0.000040718574,0.000000000000,0.000022850136,0.000024331803,0.000000000000,0.000025626985,0.000027457916,0.000000000000,0.000027191534,0.000029077182
474,0.000000000000,0.000119966817,0.000128548184,0.000000000000,0.000121322447,0.000124003130,0.000000000000,0.000132975869,0.000134327907,0.000000000000,0.000068967408,0.000074077375,0.000000000000,0.000080259115,0.000076570046,0.000000000000,0.000080079135,0.000082203723,0.000000000000,0.000046561940,0.000045389395,0.000000000000,0.000048964668,0.000050889795,0.000000000000,0.000051032562,0.000053697346,0.000000000000,0.000035068604,0.000035755138,0.000000000000,0.000038514902,0.000037073764,0.000000000000,0.000040980149,0.000040718574,0.000000000000,0.000022850136,0.000024331803,0.000000000000,0.000025626985,0.000027457916,0.000000000000,0.000027191534,0.000029077182
475,0.000000000000,0.000119966817,0.000128548184,0.000000000000,0.000121322447,0.000124003130,0.000000000000,0.000132975869,0.000134327907,0.000000000000,0.000068967408,0.000074077375,0.000000000000,0.000080259115,0.000076570046,0.000000000000,0.000080079135,0.000082203723,0.000000000000,0.000046561940,0.000045389395,0.000000000000,0.000048964668,0.000050889795,0.000000000000,0.000051032562,0.000053697346,0.000000000000,0.000035068604,0.000035755138,0.000000000000,0.000038514902,0.000037073764,0.000000000000,0.000040980149,0.000040718574,0.000000000000,0.000022850136,0.000024331803,0.000000000000,0.000025626985,0.000027457916,0.000000000000,0.000027213044,0.000029077182
476,0.000000000000,0.000119966817,0.000128548184,0.000000000000,0.000121322447,0.000124003130,0.000000000000,0.000132975869,0.000134327907,0.000000000000,0.000068967408,0.000074077375,0.000000000000,0.000080259115,0.000076570046,0.000000000000,0.000080079135,0.000082203723,0.000000000000,0.000046561940,0.000045389395,0.000000000000,0.000048964668,0.000050889795,0.000000000000,0.000051032562,0.000053697346,0.000000000000,0.000035068604,0.000035755138,0.000000000000,0.000038514902,0.000037073764,0.000000000000,0.000040980149,0.000040718574,0.000000000000,0.000022850136,0.000024331803,0.000000000000,0.000025626985,0.000027457916,0.000000000000,0.000027213044,0.000029077182
477,0.000000000000,0.000119966817,0.000128548184,0.000000000000,0.000121322447,0.000124003130,0.000000000000,0.000132975869,0.000134327907,0.000000000000,0.000068967408,0.000074077375,0.000000000000,0.000080259115,0.000076570046,0.000000000000,0.000080079135,0.000082203723,0.000000000000,0.000046561940,0.000045389395,0.000000000000,0.000048964668,0.000050889795,0.000000000000,0.000051032562,0.000053697346,0.000000000000,0.000035068604,0.000035755138,0.000000000000,0.000038514902,0.000037073764,0.000000000000,0.000040980149,0.000040718574,0.000000000000,0.000022850136,0.000024331803,0.000000000000,0.000025626985,0.000027457916,0.000000000000,0.000027213044,0.000029077182
478,0.000000000000,0.000119966817,0.000128548184,0.000000000000,0.000121322447,0.000124003130,0.000000000000,0.000132975869,0.000134327907,0.000000000000,0.000068967408,0.000074077375,0.000000000000,0.000080259115,0.000076570046,0.000000000000,0.000080079135,0.000082203723,0.000000000000,0.000046561940,0.000045389395,0.000000000000,0.000048964668,0.000050889795,0.000000000000,0.000051032562,0.000053697346,0.000000000000,0.000035068604,0.000035755138,0.000000000000,0.000038514902,0.000037073764,0.000000000000,0.000040980149,0.000040718574,0.000000000000,0.000022850136,0.000024331803,0.000000000000,0.000025626985,0.000027457916,0.000000000000,0.000027222091,0.000029077182
479,0.000000000000,0.000119966817,0.000128548184,0.000000000000,0.000121322447,0.000124003130,0.000000000000,0.000132975869,0.000134327907,0.000000000000,0.000068967408,0.000074077375,0.000000000000,0.000080259115,0.000076570046,0.000000000000,0.000080079135,0.000082203723,0.000000000000,0.000046561940,0.000045389395,0.000000000000,0.000048964668,0.000050889795,0.000000000000,0.000051032562,0.000053697346,0.000000000000,0.000035068604,0.000035755138,0.000000000000,0.000038514902,0.000037073764,0.000000000000,0.000040980149,0.000040718574,0.000000000000,0.000022850136,0.000024331803,0.000000000000,0.000025626985,0.000027457916,0.000000000000,0.000027222091,0.000029077182
480,0.000000000000,0.000119966817,0.000128548184,0.000000000000,0.000121322447,0.000124003130,0.000000000000,0.000132975869,0.000134327907,0.000000000000,0.000068967408,0.000074077375,0.000000000000,0.000080259115,0.000076570046,0.000000000000,0.000080079135,0.000082203723,0.000000000000,0.000046561940,0.000045389395,0.000000000000,0.000048964668,0.000050889795,0.000000000000,0.000051032562,0.000053697346,0.000000000000,0.000035068604,0.000035755138,0.000000000000,0.000038514902,0.000037073764,0.000000000000,0.000040980149,0.000040718574,0.000000000000,0.000022850136,0.000024331803,0.000000000000,0.000025626985,0.000027457916,0.000000000000,0.000027222091,0.000029077182
481,0.000000000000,0.000119966817,0.000128548184,0.000000000000,0.000121322447,0.000124003130,0.000000000000,0.000132975869,0.000134327907,0.000000000000,0.000068967408,0.000074077375,0.000000000000,0.000080259115,0.000076570046,0.000000000000,0.000080079135,0.000082203723,0.000000000000,0.000046561940,0.000045389395,0.000000000000,0.000048964668,0.000050889795,0.000000000000,0.000051032562,0.000053697346,0.000000000000,0.000035068604,0.000035755138,0.000000000000,0.000038514902,0.000037073764,0.000000000000,0.000040980149,0.000040739585,0.000000000000,0.000022850136,0.000024331803,0.000000000000,0.000025626985,0.000027457962,0.000000000000,0.000027222091,0.000029077182
482,0.000000000000,0.000119966817,0.000128548184,0.000000000000,0.000121322447,0.000124003130,0.000000000000,0.000132975869,0.000134327907,0.000000000000,0.000068967408,0.000074077375,0.000000000000,0.000080259115,0.000076570046,0.000000000000,0.000080079135,0.000082203723,0.000000000000,0.000046561940,0.000045389395,0.000000000000,0.000048964668,0.000050889795,0.000000000000,0.000051032562,0.000053697346,0.000000000000,0.000035068604,0.000035808688,0.000000000000,0.000038514902,0.000037073764,0.000000000000,0.000040980149,0.000040739585,0.000000000000,0.000022850136,0.000024331803,0.000000000000,0.000025626985,0.000027457962,0.000000000000,0.000027222091,0.000029077182
483,0.000000000000,0.000119966817,0.000128548184,0.000000000000,0.000121322447,0.000124003130,0.000000000000,0.000132975869,0.000134327907,0.000000000000,0.000068967408,0.000074077375,0.000000000000,0.000080259115,0.000076570046,0.000000000000,0.000080079135,0.000082203723,0.000000000000,0.000046561940,0.000045389395,0.000000000000,0.000048964668,0.000050889795,0.000000000000,0.000051032562,0.000053697346,0.000000000000,0.000035068604,0.000035808688,0.000000000000,0.000038514902,0.000037073764,0.000000000000,0.000040980149,0.000040739585,0.000000000000,0.000022850136,0.000024331803,0.000000000000,0.000025626985,0.000027457962,0.000000000000,0.000027222091,0.000029077182
484,0.000000000000,0.000119966817,0.000128548184,0.000000000000,0.000121322447,0.000124003130,0.000000000000,0.000132975869,0.000134327907,0.000000000000,0.000068967408,0.000074077375,0.000000000000,0.000080259115,0.000076570046,0.000000000000,0.000080079135,0.000082203723,0.000000000000,0.000046561940,0.000045389395,0.000000000000,0.000048964668,0.000050889795,0.000000000000,0.000051032562,0.000053697346,0.000000000000,0.000035068604,0.000035808688,0.000000000000,0.000038514902,0.000037073764,0.000000000000,0.000040980149,0.000040739585,0.000000000000,0.000022850136,0.000024331803,0.000000000000,0.000025626985,0.000027457962,0.000000000000,0.000027222091,0.000029077182
485,0.000000000000,0.000119966817,0.000128548184,0.000000000000,0.000121322447,0.000124003130,0.000000000000,0.000132975869,0.000134327907,0.000000000000,0.000068967408,0.000074077375,0.000000000000,0.000080259115,0.000076570046,0.000000000000,0.000080079135,0.000082203723,0.000000000000,0.000046561940,0.000045389395,0.000000000000,0.000048964668,0.000050889795,0.000000000000,0.000051032562,0.000053697346,0.000000000000,0.000035068604,0.000035813042,0.000000000000,0.000038514902,0.000037073764,0.000000000000,0.000040980149,0.000040739585,0.000000000000,0.000022850136,0.000024331803,0.000000000000,0.000025626985,0.000027457962,0.000000000000,0.000027222091,0.000029077182
486,0.000000000000,0.000119966817,0.000128548184,0.000000000000,0.000121322447,0.000124003130,0.000000000000,0.000132975869,0.000134327907,0.000000000000,0.000068967408,0.000074077375,0.000000000000,0.000080259115,0.000076570046,0.000000000000,0.000080079135,0.000082203723,0.000000000000,0.000046561940,0.000045389395,0.000000000000,0.000048964668,0.000050889795,0.000000000000,0.000051032562,0.000053697346,0.000000000000,0.000035068604,0.000035819329,0.000000000000,0.000038514902,0.000037073764,0.000000000000,0.000040980149,0.000040739585,0.000000000000,0.000022850136,0.000024331803,0.000000000000,0.000025626985,0.000027457962,0.000000000000,0.000027222091,0.000029077182
487,0.000000000000,0.000119966817,0.000128548184,0.000000000000,0.000121322447,0.000124003130,0.000000000000,0.000132975869,0.000134327907,0.000000000000,0.000068967408,0.000074077375,0.000000000000,0.000080259115,0.000076570046,0.000000000000,0.000080079135,0.000082203723,0.000000000000,0.000046561940,0.000045389395,0.000000000000,0.000048964668,0.000050889795,0.000000000000,0.000051032562,0.000053697346,0.000000000000,0.000035068604,0.000035819329,0.000000000000,0.000038514902,0.000037073764,0.000000000000,0.000040980149,0.000040739585,0.000000000000,0.000022850136,0.000024331803,0.000000000000,0.000025626985,0.000027457962,0.000000000000,0.000027222091,0.000029077182
488,0.000000000000,0.000119966817,0.000128548184,0.000000000000,0.000121322447,0.000124003130,0.000000000000,0.000132975869,0.000134327907,0.000000000000,0.000068967408,0.000074077375,0.000000000000,0.000080259115,0.000076570046,0.000000000000,0.000080079135,0.000082203723,0.000000000000,0.000046561940,0.000045389395,0.000000000000,0.000048964668,0.000050895673,0.000000000000,0.000051032562,0.000053697346,0.000000000000,0.000035068604,0.000035819329,0.000000000000,0.000038514902,0.000037073764,0.000000000000,0.000040980149,0.000040739585,0.000000000000,0.000022850136,0.000024331803,0.000000000000,0.000025626985,0.000027457962,0.000000000000,0.000027222091,0.000029077182
489,0.000000000000,0.000119966817,0.000128548184,0.000000000000,0.000121322447,0.000124003130,0.000000000000,0.000132975869,0.000134327907,0.000000000000,0.000068967408,0.000074077375,0.000000000000,0.000080259115,0.000076570046,0.000000000000,0.000080079135,0.000082203723,0.000000000000,0.000046561940,0.000045389395,0.000000000000,0.000048964668,0.000050905577,0.000000000000,0.000051032562,0.000053697346,0.000000000000,0.000035068604,0.000035819329,0.000000000000,0.000038514902,0.000037073764,0.000000000000,0.000040980149,0.000040739585,0.000000000000,0.000022850136,0.000024331803,0.000000000000,0.000025626985,0.000027457962,0.000000000000,0.000027222091,0.000029077182
490,0.000000000000,0.000119966817,0.000128548184,0.000000000000,0.000121322447,0.000124003130,0.000000000000,0.000132975869,0.000134327907,0.000000000000,0.000068967408,0.000074077375,0.000000000000,0.000080259115,0.000076570046,0.000000000000,0.000080079135,0.000082203723,0.000000000000,0.000046561940,0.000045389395,0.000000000000,0.000048964668,0.000050905577,0.000000000000,0.000051032562,0.000053697346,0.000000000000,0.000035068604,0.000035819329,0.000000000000,0.000038514902,0.000037073764,0.000000000000,0.000040980149,0.000040739585,0.000000000000,0.000022850136,0.000024331803,0.000000000000,0.000025626985,0.000027457962,0.000000000000,0.000027222091,0.000029077182
491,0.000000000000,0.000119966817,0.000128548184,0.000000000000,0.000121322447,0.000124003130,0.000000000000,0.000132975869,0.000134327907,0.000000000000,0.000068967408,0.000074077375,0.000000000000,0.000080259115,0.000076570046,0.000000000000,0.000080079135,0.000082203723,0.000000000000,0.000046561940,0.000045389395,0.000000000000,0.000048964668,0.000050905577,0.000000000000,0.000051032562,0.000053697346,0.000000000000,0.000035068604,0.000035819329,0.000000000000,0.000038514902,0.000037086405,0.000000000000,0.000040980149,0.000040739585,0.000000000000,0.000022850136,0.000024342109,0.000000000000,0.000025626985,0.000027457962,0.000000000000,0.000027222091,0.000029077182
492,0.000000000000,0.000119966817,0.000128548184,0.000000000000,0.000121322447,0.000124003130,0.000000000000,0.000132975869,0.000134327907,0.000000000000,0.000068967408,0.000074077375,0.000000000000,0.000080259115,0.000076570046,0.000000000000,0.000080079135,0.000082203723,0.000000000000,0.000046561940,0.000045389395,0.000000000000,0.000048964668,0.000050905577,0.000000000000,0.000051032562,0.000053697346,0.000000000000,0.000035068604,0.000035819329,0.000000000000,0.000038514902,0.000037086405,0.000000000000,0.000040980149,0.000040739585,0.000000000000,0.000022850136,0.000024342109,0.000000000000,0.000025626985,0.000027457962,0.000000000000,0.000027222091,0.000029102880
493,0.000000000000,0.000119966817,0.000128548184,0.000000000000,0.000121322447,0.000124003130,0.000000000000,0.000132975869,0.000134327907,0.000000000000,0.000068967408,0.000074077375,0.000000000000,0.000080259115,0.000076570046,0.000000000000,0.000080079135,0.000082203723,0.000000000000,0.000046561940,0.000045389395,0.000000000000,0.000048964668,0.000050905577,0.000000000000,0.000051032562,0.000053697346,0.000000000000,0.000035068604,0.000035819329,0.000000000000,0.000038514902,0.000037086405,0.000000000000,0.000040980149,0.000040739585,0.000000000000,0.000022850136,0.000024342109,0.000000000000,0.000025626985,0.000027457962,0.000000000000,0.000027222091,0.000029102880
494,0.000000000000,0.000119966817,0.000128548184,0.000000000000,0.000121322447,0.000124003130,0.000000000000,0.000132975869,0.000134327907,0.000000000000,0.000068967408,0.000074077375,0.000000000000,0.000080259115,0.000076570046,0.000000000000,0.000080079135,0.000082203723,0.000000000000,0.000046561940,0.000045389395,0.000000000000,0.000048964668,0.000050905577,0.000000000000,0.000051032562,0.000053697346,0.000000000000,0.000035068604,0.000035819329,0.000000000000,0.000038514902,0.000037086405,0.000000000000,0.000040980149,0.000040739585,0.000000000000,0.000022850136,0.000024342109,0.000000000000,0.000025626985,0.000027457962,0.000000000000,0.000027222091,0.000029102880
495,0.000000000000,0.000119966817,0.000128548184,0.000000000000,0.000121322447,0.000124003130,0.000000000000,0.000132975869,0.000134327907,0.000000000000,0.000068967408,0.000074077375,0.000000000000,0.000080259115,0.000076570046,0.000000000000,0.000080079135,0.000082203723,0.000000000000,0.000046561940,0.000045389395,0.000000000000,0.000048964668,0.000050905577,0.000000000000,0.000051032562,0.000053697346,0.000000000000,0.000035068604,0.000035819329,0.000000000000,0.000038514902,0.000037086405,0.000000000000,0.000040980149,0.000040739585,0.000000000000,0.000022850136,0.000024342109,0.000000000000,0.000025626985,0.000027457962,0.000000000000,0.000027222091,0.000029102880
496,0.000000000000,0.000119966817,0.000128548184,0.000000000000,0.000121322447,0.000124003130,0.000000000000,0.000132975869,0.000134327907,0.000000000000,0.000068967408,0.000074077375,0.000000000000,0.000080259115,0.000076570046,0.000000000000,0.000080079135,0.000082203723,0.000000000000,0.000046561940,0.000045389395,0.000000000000,0.000048964668,0.000050905577,0.000000000000,0.000051032562,0.000053697346,0.000000000000,0.000035068604,0.000035819329,0.000000000000,0.000038514902,0.000037086405,0.000000000000,0.000040980149,0.000040739585,0.000000000000,0.000022850136,0.000024342109,0.000000000000,0.000025626985,0.000027457962,0.000000000000,0.000027222091,0.000029102880
497,0.000000000000,0.000119966817,0.000128548184,0.000000000000,0.000121322447,0.000124003130,0.000000000000,0.000132975869,0.000134327907,0.000000000000,0.000068967408,0.000074077375,0.000000000000,0.000080259115,0.000076570046,0.000000000000,0.000080079135,0.000082203723,0.000000000000,0.000046561940,0.000045389395,0.000000000000,0.000048964668,0.000050905577,0.000000000000,0.000051032562,0.000053697346,0.000000000000,0.000035068604,0.000035819329,0.000000000000,0.000038514902,0.000037086405,0.000000000000,0.000040980149,0.000040739585,0.000000000000,0.000022850136,0.000024342109,0.000000000000,0.000025626985,0.000027457962,0.000000000000,0.000027222091,0.000029102880
498,0.000000000000,0.000119966817,0.000128548184,0.000000000000,0.000121322447,0.000124003130,0.000000000000,0.000132975869,0.000134327907,0.000000000000,0.000068967408,0.000074077375,0.000000000000,0.000080259115,0.000076570046,0.000000000000,0.000080079135,0.000082203723,0.000000000000,0.000046561940,0.000045389395,0.000000000000,0.000048964668,0.000050905577,0.000000000000,0.000051032562,0.000053697346,0.000000000000,0.000035068604,0.000035819329,0.000000000000,0.000038514902,0.000037086405,0.000000000000,0.000040984873,0.000040739585,0.000000000000,0.000022850136,0.000024342109,0.000000000000,0.000025626985,0.000027457962,0.000000000000,0.000027222091,0.000029102880
499,0.000000000000,0.000119966817,0.000128548184,0.000000000000,0.000121322447,0.000124003130,0.000000000000,0.000132975869,0.000134327907,0.000000000000,0.000068967408,0.000074077375,0.000000000000,0.000080259115,0.000076570046,0.000000000000,0.000080079135,0.000082203723,0.000000000000,0.000046561940,0.000045389395,0.000000000000,0.000048964668,0.000050905577,0.000000000000,0.000051032562,0.000053697346,0.000000000000,0.000035068604,0.000035819329,0.000000000000,0.000038514902,0.000037086405,0.000000000000,0.000040984873,0.000040739585,0.000000000000,0.000022850136,0.000024342109,0.000000000000,0.000025626985,0.000027457962,0.000000000000,0.000027222091,0.000029102880
500,0.000000000000,0.000119966817,0.000128548184,0.000000000000,0.000121322447,0.000124003130,0.000000000000,0.000132975869,0.000134327907,0.000000000000,0.000068967408,0.000074077375,0.000000000000,0.000080259115,0.000076570046,0.000000000000,0.000080079135,0.000082203723,0.000000000000,0.000046561940,0.000045389395,0.000000000000,0.000048964668,0.000050905577,0.000000000000,0.000051032562,0.000053697346,0.000000000000,0.000035068604,0.000035819329,0.000000000000,0.000038514902,0.000037086405,0.000000000000,0.000040984873,0.000040739585,0.000000000000,0.000022850136,0.000024342109,0.000000000000,0.000025626985,0.000027465424,0.000000000000,0.000027222091,0.000029102880
501,0.000000000000,0.000000000000,0.000128548184,0.000000000000,0.000000000000,0.000124003130,0.000000000000,0.000000000000,0.000134327907,0.000000000000,0.000000000000,0.000074077375,0.000000000000,0.000000000000,0.000076570046,0.000000000000,0.000000000000,0.000082203723,0.000000000000,0.000000000000,0.000045389395,0.000000000000,0.000000000000,0.000050905577,0.000000000000,0.000000000000,0.000053697346,0.000000000000,0.000000000000,0.000035819329,0.000000000000,0.000000000000,0.000037086405,0.000000000000,0.000000000000,0.000040739585,0.000000000000,0.000000000000,0.000024342109,0.000000000000,0.000000000000,0.000027496616,0.000000000000,0.000000000000,0.000029102880
502,0.000000000000,0.000000000000,0.000128548184,0.000000000000,0.000000000000,0.000124003130,0.000000000000,0.000000000000,0.000134327907,0.000000000000,0.000000000000,0.000074077375,0.000000000000,0.000000000000,0.000076570046,0.000000000000,0.000000000000,0.000082203723,0.000000000000,0.000000000000,0.000045389395,0.000000000000,0.000000000000,0.000050905577,0.000000000000,0.000000000000,0.000053697346,0.000000000000,0.000000000000,0.000035819329,0.000000000000,0.000000000000,0.000037086405,0.000000000000,0.000000000000,0.000040739585,0.000000000000,0.000000000000,0.000024342109,0.000000000000,0.000000000000,0.000027500320,0.000000000000,0.000000000000,0.000029102880
503,0.000000000000,0.000000000000,0.000128548184,0.000000000000,0.000000000000,0.000124003130,0.000000000000,0.000000000000,0.000134327907,0.000000000000,0.000000000000,0.000074077375,0.000000000000,0.000000000000,0.000076570046,0.000000000000,0.000000000000,0.000082203723,0.000000000000,0.000000000000,0.000045389395,0.000000000000,0.000000000000,0.000050905577,0.000000000000,0.000000000000,0.000053697346,0.000000000000,0.000000000000,0.000035819329,0.000000000000,0.000000000000,0.000037086405,0.000000000000,0.000000000000,0.000040739585,0.000000000000,0.000000000000,0.000024342109,0.000000000000,0.000000000000,0.000027500320,0.000000000000,0.000000000000,0.000029102880
504,0.000000000000,0.000000000000,0.000128548184,0.000000000000,0.000000000000,0.000124003130,0.000000000000,0.000000000000,0.000134327907,0.000000000000,0.000000000000,0.000074077375,0.000000000000,0.000000000000,0.000076570046,0.000000000000,0.000000000000,0.000082203723,0.000000000000,0.000000000000,0.000045389395,0.000000000000,0.000000000000,0.000050905577,0.000000000000,0.000000000000,0.000053697346,0.000000000000,0.000000000000,0.000035819329,0.000000000000,0.000000000000,0.000037086405,0.000000000000,0.000000000000,0.000040739585,0.000000000000,0.000000000000,0.000024342109,0.000000000000,0.000000000000,0.000027500320,0.000000000000,0.000000000000,0.000029102880
505,0.000000000000,0.000000000000,0.000128548184,0.000000000000,0.000000000000,0.000124003130,0.000000000000,0.000000000000,0.000134327907,0.000000000000,0.000000000000,0.000074077375,0.000000000000,0.000000000000,0.000076570046,0.000000000000,0.000000000000,0.000082203723,0.000000000000,0.000000000000,0.000045389395,0.000000000000,0.000000000000,0.000050905577,0.000000000000,0.000000000000,0.000053697346,0.000000000000,0.000000000000,0.000035819329,0.000000000000,0.000000000000,0.000037086405,0.000000000000,0.000000000000,0.000040739585,0.000000000000,0.000000000000,0.000024342109,0.000000000000,0.000000000000,0.000027500707,0.000000000000,0.000000000000,0.000029102880
506,0.000000000000,0.000000000000,0.000128548184,0.000000000000,0.000000000000,0.000124003130,0.000000000000,0.000000000000,0.000134327907,0.000000000000,0.000000000000,0.000074077375,0.000000000000,0.000000000000,0.000076570046,0.000000000000,0.000000000000,0.000082203723,0.000000000000,0.000000000000,0.000045389395,0.000000000000,0.000000000000,0.000050905577,0.000000000000,0.000000000000,0.000053697346,0.000000000000,0.000000000000,0.000035819329,0.000000000000,0.000000000000,0.000037086405,0.000000000000,0.000000000000,0.000040739585,0.000000000000,0.000000000000,0.000024342109,0.000000000000,0.000000000000,0.000027500707,0.000000000000,0.000000000000,0.000029102880
507,0.000000000000,0.000000000000,0.000128548184,0.000000000000,0.000000000000,0.000124003130,0.000000000000,0.000000000000,0.000134327907,0.000000000000,0.000000000000,0.000074077375,0.000000000000,0.000000000000,0.000076570046,0.000000000000,0.000000000000,0.000082203723,0.000000000000,0.000000000000,0.000045389395,0.000000000000,0.000000000000,0.000050905577,0.000000000000,0.000000000000,0.000053697346,0.000000000000,0.000000000000,0.000035819329,0.000000000000,0.000000000000,0.000037086405,0.000000000000,0.000000000000,0.000040739585,0.000000000000,0.000000000000,0.000024342109,0.000000000000,0.000000000000,0.000027500707,0.000000000000,0.000000000000,0.000029102880
508,0.000000000000,0.000000000000,0.000128548184,0.000000000000,0.000000000000,0.000124003130,0.000000000000,0.000000000000,0.000134327907,0.000000000000,0.000000000000,0.000074077375,0.000000000000,0.000000000000,0.000076570046,0.000000000000,0.000000000000,0.000082203723,0.000000000000,0.000000000000,0.000045389395,0.000000000000,0.000000000000,0.000050905577,0.000000000000,0.000000000000,0.000053697346,0.000000000000,0.000000000000,0.000035819329,0.000000000000,0.000000000000,0.000037086405,0.000000000000,0.000000000000,0.000040739585,0.000000000000,0.000000000000,0.000024342109,0.000000000000,0.000000000000,0.000027500707,0.000000000000,0.000000000000,0.000029102880
509,0.000000000000,0.000000000000,0.000128548184,0.000000000000,0.000000000000,0.000124003130,0.000000000000,0.000000000000,0.000134327907,0.000000000000,0.000000000000,0.000074077375,0.000000000000,0.000000000000,0.000076570046,0.000000000000,0.000000000000,0.000082203723,0.000000000000,0.000000000000,0.000045389395,0.000000000000,0.000000000000,0.000050905973,0.000000000000,0.000000000000,0.000053697346,0.000000000000,0.000000000000,0.000035819329,0.000000000000,0.000000000000,0.000037086405,0.000000000000,0.000000000000,0.000040739585,0.000000000000,0.000000000000,0.000024342109,0.000000000000,0.000000000000,0.000027500707,0.000000000000,0.000000000000,0.000029102880
510,0.000000000000,0.000000000000,0.000128548184,0.000000000000,0.000000000000,0.000124003130,0.000000000000,0.000000000000,0.000134327907,0.000000000000,0.000000000000,0.000074077375,0.000000000000,0.000000000000,0.000076570046,0.000000000000,0.000000000000,0.000082203723,0.000000000000,0.000000000000,0.000045389395,0.000000000000,0.000000000000,0.000050971546,0.000000000000,0.000000000000,0.000053697346,0.000000000000,0.000000000000,0.000035819329,0.000000000000,0.000000000000,0.000037086405,0.000000000000,0.000000000000,0.000040739585,0.000000000000,0.000000000000,0.000024342109,0.000000000000,0.000000000000,0.000027500707,0.000000000000,0.000000000000,0.000029102880
511,0.000000000000,0.000000000000,0.000128548184,0.000000000000,0.000000000000,0.000124003130,0.000000000000,0.000000000000,0.000134327907,0.000000000000,0.000000000000,0.000074077375,0.000000000000,0.000000000000,0.000076570046,0.000000000000,0.000000000000,0.000082203723,0.000000000000,0.000000000000,0.000045389395,0.000000000000,0.000000000000,0.000050971546,0.000000000000,0.000000000000,0.000053697346,0.000000000000,0.000000000000,0.000035819329,0.000000000000,0.000000000000,0.000037086405,0.000000000000,0.000000000000,0.000040739585,0.000000000000,0.000000000000,0.000024342109,0.000000000000,0.000000000000,0.000027500707,0.000000000000,0.000000000000,0.000029102880
512,0.000000000000,0.000000000000,0.000128548184,0.000000000000,0.000000000000,0.000124003130,0.000000000000,0.000000000000,0.000134327907,0.000000000000,0.000000000000,0.000074077375,0.000000000000,0.000000000000,0.000076570046,0.000000000000,0.000000000000,0.000082203723,0.000000000000,0.000000000000,0.000045389395,0.000000000000,0.000000000000,0.000050992717,0.000000000000,0.000000000000,0.000053697346,0.000000000000,0.000000000000,0.000035819329,0.000000000000,0.000000000000,0.000037086405,0.000000000000,0.000000000000,0.000040739585,0.000000000000,0.000000000000,0.000024342109,0.000000000000,0.000000000000,0.000027500707,0.000000000000,0.000000000000,0.000029102880
513,0.000000000000,0.000000000000,0.000128548184,0.000000000000,0.000000000000,0.000124003130,0.000000000000,0.000000000000,0.000134327907,0.000000000000,0.000000000000,0.000074077375,0.000000000000,0.000000000000,0.000076570046,0.000000000000,0.000000000000,0.000082203723,0.000000000000,0.000000000000,0.000045389395,0.000000000000,0.000000000000,0.000051004186,0.000000000000,0.000000000000,0.000053697346,0.000000000000,0.000000000000,0.000035819329,0.000000000000,0.000000000000,0.000037086405,0.000000000000,0.000000000000,0.000040739585,0.000000000000,0.000000000000,0.000024342109,0.000000000000,0.000000000000,0.000027500707,0.000000000000,0.000000000000,0.000029102880
514,0.000000000000,0.000000000000,0.000128548184,0.000000000000,0.000000000000,0.000124003130,0.000000000000,0.000000000000,0.000134327907,0.000000000000,0.000000000000,0.000074077375,0.000000000000,0.000000000000,0.000076570046,0.000000000000,0.000000000000,0.000082203723,0.000000000000,0.000000000000,0.000045389395,0.000000000000,0.000000000000,0.000051011918,0.000000000000,0.000000000000,0.000053697346,0.000000000000,0.000000000000,0.000035819329,0.000000000000,0.000000000000,0.000037086405,0.000000000000,0.000000000000,0.000040739585,0.000000000000,0.000000000000,0.000024342109,0.000000000000,0.000000000000,0.000027500707,0.000000000000,0.000000000000,0.000029102880
515,0.000000000000,0.000000000000,0.000128548184,0.000000000000,0.000000000000,0.000124003130,0.000000000000,0.000000000000,0.000134327907,0.000000000000,0.000000000000,0.000074077375,0.000000000000,0.000000000000,0.000076570046,0.000000000000,0.000000000000,0.000082203723,0.000000000000,0.000000000000,0.000045389395,0.000000000000,0.000000000000,0.000051011918,0.000000000000,0.000000000000,0.000053697346,0.000000000000,0.000000000000,0.000035819329,0.000000000000,0.000000000000,0.000037086405,0.000000000000,0.000000000000,0.000040739585,0.000000000000,0.000000000000,0.000024342109,0.000000000000,0.000000000000,0.000027500707,0.000000000000,0.000000000000,0.000029102880
516,0.000000000000,0.000000000000,0.000128548184,0.000000000000,0.000000000000,0.000124003130,0.000000000000,0.000000000000,0.000134327907,0.000000000000,0.000000000000,0.000074077375,0.000000000000,0.000000000000,0.000076570046,0.000000000000,0.000000000000,0.000082203723,0.000000000000,0.000000000000,0.000045389395,0.000000000000,0.000000000000,0.000051017599,0.000000000000,0.000000000000,0.000053697346,0.000000000000,0.000000000000,0.000035819329,0.000000000000,0.000000000000,0.000037086405,0.000000000000,0.000000000000,0.000040739585,0.000000000000,0.000000000000,0.000024342109,0.000000000000,0.000000000000,0.000027500707,0.000000000000,0.000000000000,0.000029102880
517,0.000000000000,0.000000000000,0.000128548184,0.000000000000,0.000000000000,0.000124003130,0.000000000000,0.000000000000,0.000134327907,0.000000000000,0.000000000000,0.000074077375,0.000000000000,0.000000000000,0.000076570046,0.000000000000,0.000000000000,0.000082203723,0.000000000000,0.000000000000,0.000045389395,0.000000000000,0.000000000000,0.000051017599,0.000000000000,0.000000000000,0.000053697346,0.000000000000,0.000000000000,0.000035819329,0.000000000000,0.000000000000,0.000037086405,0.000000000000,0.000000000000,0.000040739585,0.000000000000,0.000000000000,0.000024342109,0.000000000000,0.000000000000,0.000027500707,0.000000000000,0.000000000000,0.000029102880
518,0.000000000000,0.000000000000,0.000128548184,0.000000000000,0.000000000000,0.000124003130,0.000000000000,0.000000000000,0.000134327907,0.000000000000,0.000000000000,0.000074077375,0.000000000000,0.000000000000,0.000076570046,0.000000000000,0.000000000000,0.000082203723,0.000000000000,0.000000000000,0.000045389395,0.000000000000,0.000000000000,0.000051017599,0.000000000000,0.000000000000,0.000053697346,0.000000000000,0.000000000000,0.000035819329,0.000000000000,0.000000000000,0.000037086405,0.000000000000,0.000000000000,0.000040739585,0.000000000000,0.000000000000,0.000024342109,0.000000000000,0.000000000000,0.000027500707,0.000000000000,0.000000000000,0.000029102880
519,0.000000000000,0.000000000000,0.000128548184,0.000000000000,0.000000000000,0.000124003130,0.000000000000,0.000000000000,0.000134327907,0.000000000000,0.000000000000,0.000074077375,0.000000000000,0.000000000000,0.000076570046,0.000000000000,0.000000000000,0.000082203723,0.000000000000,0.000000000000,0.000045389395,0.000000000000,0.000000000000,0.000051017599,0.000000000000,0.000000000000,0.000053697346,0.000000000000,0.000000000000,0.000035819329,0.000000000000,0.000000000000,0.000037086405,0.000000000000,0.000000000000,0.000040739585,0.000000000000,0.000000000000,0.000024342109,0.000000000000,0.000000000000,0.000027500707,0.000000000000,0.000000000000,0.000029102880
520,0.000000000000,0.000000000000,0.000128548184,0.000000000000,0.000000000000,0.000124003130,0.000000000000,0.000000000000,0.000134327907,0.000000000000,0.000000000000,0.000074077375,0.000000000000,0.000000000000,0.000076570046,0.000000000000,0.000000000000,0.000082203723,0.000000000000,0.000000000000,0.000045389395,0.000000000000,0.000000000000,0.000051050481,0.000000000000,0.000000000000,0.000053697346,0.000000000000,0.000000000000,0.000035819329,0.000000000000,0.000000000000,0.000037086405,0.000000000000,0.000000000000,0.000040739585,0.000000000000,0.000000000000,0.000024342109,0.000000000000,0.000000000000,0.000027500707,0.000000000000,0.000000000000,0.000029102880
521,0.000000000000,0.000000000000,0.000128548184,0.000000000000,0.000000000000,0.000124003130,0.000000000000,0.000000000000,0.000134327907,0.000000000000,0.000000000000,0.000074077375,0.000000000000,0.000000000000,0.000076570046,0.000000000000,0.000000000000,0.000082203723,0.000000000000,0.000000000000,0.000045389395,0.000000000000,0.000000000000,0.000051050481,0.000000000000,0.000000000000,0.000053697346,0.000000000000,0.000000000000,0.000035819329,0.000000000000,0.000000000000,0.000037086405,0.000000000000,0.000000000000,0.000040739585,0.000000000000,0.000000000000,0.000024342109,0.000000000000,0.000000000000,0.000027500707,0.000000000000,0.000000000000,0.000029102880
522,0.000000000000,0.000000000000,0.000128548184,0.000000000000,0.000000000000,0.000124003130,0.000000000000,0.000000000000,0.000134327907,0.000000000000,0.000000000000,0.000074077375,0.000000000000,0.000000000000,0.000076570046,0.000000000000,0.000000000000,0.000082203723,0.000000000000,0.000000000000,0.000045389395,0.000000000000,0.000000000000,0.000051050481,0.000000000000,0.000000000000,0.000053697346,0.000000000000,0.000000000000,0.000035819329,0.000000000000,0.000000000000,0.000037086405,0.000000000000,0.000000000000,0.000040739585,0.000000000000,0.000000000000,0.000024342109,0.000000000000,0.000000000000,0.000027500707,0.000000000000,0.000000000000,0.000029102880
523,0.000000000000,0.000000000000,0.000128548184,0.000000000000,0.000000000000,0.000124003130,0.000000000000,0.000000000000,0.000134327907,0.000000000000,0.000000000000,0.000074077375,0.000000000000,0.000000000000,0.000076570046,0.000000000000,0.000000000000,0.000082203723,0.000000000000,0.000000000000,0.000045389395,0.000000000000,0.000000000000,0.000051056163,0.000000000000,0.000000000000,0.000053697346,0.000000000000,0.000000000000,0.000035819329,0.000000000000,0.000000000000,0.000037086405,0.000000000000,0.000000000000,0.000040739585,0.000000000000,0.000000000000,0.000024342109,0.000000000000,0.000000000000,0.000027500707,0.000000000000,0.000000000000,0.000029102880
524,0.000000000000,0.000000000000,0.000128548184,0.000000000000,0.000000000000,0.000124003130,0.000000000000,0.000000000000,0.000134327907,0.000000000000,0.000000000000,0.000074077375,0.000000000000,0.000000000000,0.000076570046,0.000000000000,0.000000000000,0.000082203723,0.000000000000,0.000000000000,0.000045389395,0.000000000000,0.000000000000,0.000051056163,0.000000000000,0.000000000000,0.000053697346,0.000000000000,0.000000000000,0.000035819329,0.000000000000,0.000000000000,0.000037086405,0.000000000000,0.000000000000,0.000040739585,0.000000000000,0.000000000000,0.000024342109,0.000000000000,0.000000000000,0.000027500707,0.000000000000,0.000000000000,0.000029102880
525,0.000000000000,0.000000000000,0.000128548184,0.000000000000,0.000000000000,0.000124003130,0.000000000000,0.000000000000,0.000134327907,0.000000000000,0.000000000000,0.000074077375,0.000000000000,0.000000000000,0.000076570046,0.000000000000,0.000000000000,0.000082203723,0.000000000000,0.000000000000,0.000045389395,0.000000000000,0.000000000000,0.000051056163,0.000000000000,0.000000000000,0.000053697346,0.000000000000,0.000000000000,0.000035819329,0.000000000000,0.000000000000,0.000037086405,0.000000000000,0.000000000000,0.000040739585,0.000000000000,0.000000000000,0.000024342109,0.000000000000,0.000000000000,0.000027500707,0.000000000000,0.000000000000,0.000029102880
526,0.000000000000,0.000000000000,0.000128548184,0.000000000000,0.000000000000,0.000124003130,0.000000000000,0.000000000000,0.000134327907,0.000000000000,0.000000000000,0.000074077375,0.000000000000,0.000000000000,0.000076570046,0.000000000000,0.000000000000,0.000082203723,0.000000000000,0.000000000000,0.000045389395,0.000000000000,0.000000000000,0.000051056163,0.000000000000,0.000000000000,0.000053697346,0.000000000000,0.000000000000,0.000035819329,0.000000000000,0.000000000000,0.000037086405,0.000000000000,0.000000000000,0.000040739585,0.000000000000,0.000000000000,0.000024342109,0.000000000000,0.000000000000,0.000027500707,0.000000000000,0.000000000000,0.000029111426
527,0.000000000000,0.000000000000,0.000128548184,0.000000000000,0.000000000000,0.000124003130,0.000000000000,0.000000000000,0.000134327907,0.000000000000,0.000000000000,0.000074077375,0.000000000000,0.000000000000,0.000076570046,0.000000000000,0.000000000000,0.000082203723,0.000000000000,0.000000000000,0.000045389395,0.000000000000,0.000000000000,0.000051056163,0.000000000000,0.000000000000,0.000053697346,0.000000000000,0.000000000000,0.000035819329,0.000000000000,0.000000000000,0.000037086405,0.000000000000,0.000000000000,0.000040739585,0.000000000000,0.000000000000,0.000024342109,0.000000000000,0.000000000000,0.000027500707,0.000000000000,0.000000000000,0.000029111426
528,0.000000000000,0.000000000000,0.000128548184,0.000000000000,0.000000000000,0.000124003130,0.000000000000,0.000000000000,0.000134327907,0.000000000000,0.000000000000,0.000074077375,0.000000000000,0.000000000000,0.000076570046,0.000000000000,0.000000000000,0.000082203723,0.000000000000,0.000000000000,0.000045389395,0.000000000000,0.000000000000,0.000051056163,0.000000000000,0.000000000000,0.000053697346,0.000000000000,0.000000000000,0.000035819329,0.000000000000,0.000000000000,0.000037086405,0.000000000000,0.000000000000,0.000040739585,0.000000000000,0.000000000000,0.000024342109,0.000000000000,0.000000000000,0.000027500707,0.000000000000,0.000000000000,0.000029111426
529,0.000000000000,0.000000000000,0.000128548184,0.000000000000,0.000000000000,0.000124003130,0.000000000000,0.000000000000,0.000134327907,0.000000000000,0.000000000000,0.000074077375,0.000000000000,0.000000000000,0.000076570046,0.000000000000,0.000000000000,0.000082203723,0.000000000000,0.000000000000,0.000045389395,0.000000000000,0.000000000000,0.000051056163,0.000000000000,0.000000000000,0.000053703466,0.000000000000,0.000000000000,0.000035819329,0.000000000000,0.000000000000,0.000037086405,0.000000000000,0.000000000000,0.000040739585,0.000000000000,0.000000000000,0.000024342109,0.000000000000,0.000000000000,0.000027500707,0.000000000000,0.000000000000,0.000029132651
530,0.000000000000,0.000000000000,0.000128548184,0.000000000000,0.000000000000,0.000124003130,0.000000000000,0.000000000000,0.000134327907,0.000000000000,0.000000000000,0.000074077375,0.000000000000,0.000000000000,0.000076570046,0.000000000000,0.000000000000,0.000082203723,0.000000000000,0.000000000000,0.000045389395,0.000000000000,0.000000000000,0.000051056163,0.000000000000,0.000000000000,0.000053703466,0.000000000000,0.000000000000,0.000035819329,0.000000000000,0.000000000000,0.000037086405,0.000000000000,0.000000000000,0.000040739585,0.000000000000,0.000000000000,0.000024342109,0.000000000000,0.000000000000,0.000027500707,0.000000000000,0.000000000000,0.000029132651
531,0.000000000000,0.000000000000,0.000128548184,0.000000000000,0.000000000000,0.000124003130,0.000000000000,0.000000000000,0.000134327907,0.000000000000,0.000000000000,0.000074077375,0.000000000000,0.000000000000,0.000076570046,0.000000000000,0.000000000000,0.000082203723,0.000000000000,0.000000000000,0.000045389395,0.000000000000,0.000000000000,0.000051056163,0.000000000000,0.000000000000,0.000053703466,0.000000000000,0.000000000000,0.000035819329,0.000000000000,0.000000000000,0.000037086405,0.000000000000,0.000000000000,0.000040739585,0.000000000000,0.000000000000,0.000024342109,0.000000000000,0.000000000000,0.000027500707,0.000000000000,0.000000000000,0.000029132651
532,0.000000000000,0.000000000000,0.000128548184,0.000000000000,0.000000000000,0.000124003130,0.000000000000,0.000000000000,0.000134327907,0.000000000000,0.000000000000,0.000074077375,0.000000000000,0.000000000000,0.000076570046,0.000000000000,0.000000000000,0.000082203723,0.000000000000,0.000000000000,0.000045389395,0.000000000000,0.000000000000,0.000051056163,0.000000000000,0.000000000000,0.000053703466,0.000000000000,0.000000000000,0.000035819329,0.000000000000,0.000000000000,0.000037086405,0.000000000000,0.000000000000,0.000040739585,0.000000000000,0.000000000000,0.000024342109,0.000000000000,0.000000000000,0.000027500707,0.000000000000,0.000000000000,0.000029132651
533,0.000000000000,0.000000000000,0.000128548184,0.000000000000,0.000000000000,0.000124003130,0.000000000000,0.000000000000,0.000134327907,0.000000000000,0.000000000000,0.000074077375,0.000000000000,0.000000000000,0.000076570046,0.000000000000,0.000000000000,0.000082203723,0.000000000000,0.000000000000,0.000045389395,0.000000000000,0.000000000000,0.000051056163,0.000000000000,0.000000000000,0.000053703466,0.000000000000,0.000000000000,0.000035819329,0.000000000000,0.000000000000,0.000037086405,0.000000000000,0.000000000000,0.000040739585,0.000000000000,0.000000000000,0.000024342109,0.000000000000,0.000000000000,0.000027500707,0.000000000000,0.000000000000,0.000029138158
534,0.000000000000,0.000000000000,0.000128548184,0.000000000000,0.000000000000,0.000124003130,0.000000000000,0.000000000000,0.000134327907,0.000000000000,0.000000000000,0.000074077375,0.000000000000,0.000000000000,0.000076570046,0.000000000000,0.000000000000,0.000082203723,0.000000000000,0.000000000000,0.000045389395,0.000000000000,0.000000000000,0.000051056163,0.000000000000,0.000000000000,0.000053703466,0.000000000000,0.000000000000,0.000035819329,0.000000000000,0.000000000000,0.000037086405,0.000000000000,0.000000000000,0.000040739585,0.000000000000,0.000000000000,0.000024342109,0.000000000000,0.000000000000,0.000027500707,0.000000000000,0.000000000000,0.000029139328
535,0.000000000000,0.000000000000,0.000128548184,0.000000000000,0.000000000000,0.000124003130,0.000000000000,0.000000000000,0.000134327907,0.000000000000,0.000000000000,0.000074077375,0.000000000000,0.000000000000,0.000076570046,0.000000000000,0.000000000000,0.000082203723,0.000000000000,0.000000000000,0.000045389395,0.000000000000,0.000000000000,0.000051056163,0.000000000000,0.000000000000,0.000053703466,0.000000000000,0.000000000000,0.000035819329,0.000000000000,0.000000000000,0.000037086405,0.000000000000,0.000000000000,0.000040739585,0.000000000000,0.000000000000,0.000024342109,0.000000000000,0.000000000000,0.000027500707,0.000000000000,0.000000000000,0.000029139328
536,0.000000000000,0.000000000000,0.000128548184,0.000000000000,0.000000000000,0.000124003130,0.000000000000,0.000000000000,0.000134327907,0.000000000000,0.000000000000,0.000074077375,0.000000000000,0.000000000000,0.000076570046,0.000000000000,0.000000000000,0.000082203723,0.000000000000,0.000000000000,0.000045389395,0.000000000000,0.000000000000,0.000051056163,0.000000000000,0.000000000000,0.000053705220,0.000000000000,0.000000000000,0.000035819329,0.000000000000,0.000000000000,0.000037086405,0.000000000000,0.000000000000,0.000040739585,0.000000000000,0.000000000000,0.000024342109,0.000000000000,0.000000000000,0.000027500707,0.000000000000,0.000000000000,0.000029139328
537,0.000000000000,0.000000000000,0.000128548184,0.000000000000,0.000000000000,0.000124003130,0.000000000000,0.000000000000,0.000134327907,0.000000000000,0.000000000000,0.000074077375,0.000000000000,0.000000000000,0.000076570046,0.000000000000,0.000000000000,0.000082203723,0.000000000000,0.000000000000,0.000045389395,0.000000000000,0.000000000000,0.000051056163,0.000000000000,0.000000000000,0.000053705220,0.000000000000,0.000000000000,0.000035819329,0.000000000000,0.000000000000,0.000037086405,0.000000000000,0.000000000000,0.000040748472,0.000000000000,0.000000000000,0.000024342109,0.000000000000,0.000000000000,0.000027500707,0.000000000000,0.000000000000,0.000029139328
538,0.000000000000,0.000000000000,0.000128548184,0.000000000000,0.000000000000,0.000124003130,0.000000000000,0.000000000000,0.000134327907,0.000000000000,0.000000000000,0.000074077375,0.000000000000,0.000000000000,0.000076570046,0.000000000000,0.000000000000,0.000082203723,0.000000000000,0.000000000000,0.000045389395,0.000000000000,0.000000000000,0.000051056163,0.000000000000,0.000000000000,0.000053705220,0.000000000000,0.000000000000,0.000035819329,0.000000000000,0.000000000000,0.000037086405,0.000000000000,0.000000000000,0.000040748472,0.000000000000,0.000000000000,0.000024342109,0.000000000000,0.000000000000,0.000027500707,0.000000000000,0.000000000000,0.000029139328
539,0.000000000000,0.000000000000,0.000128548184,0.000000000000,0.000000000000,0.000124003130,0.000000000000,0.000000000000,0.000134327907,0.000000000000,0.000000000000,0.000074077375,0.000000000000,0.000000000000,0.000076570046,0.000000000000,0.000000000000,0.000082203723,0.000000000000,0.000000000000,0.000045389395,0.000000000000,0.000000000000,0.000051056163,0.000000000000,0.000000000000,0.000053705220,0.000000000000,0.000000000000,0.000035819329,0.000000000000,0.000000000000,0.000037086405,0.000000000000,0.000000000000,0.000040748472,0.000000000000,0.000000000000,0.000024342109,0.000000000000,0.000000000000,0.000027500707,0.000000000000,0.000000000000,0.000029139328
540,0.000000000000,0.000000000000,0.000128548184,0.000000000000,0.000000000000,0.000124003130,0.000000000000,0.000000000000,0.000134327907,0.000000000000,0.000000000000,0.000074077375,0.000000000000,0.000000000000,0.000076570046,0.000000000000,0.000000000000,0.000082203723,0.000000000000,0.000000000000,0.000045389395,0.000000000000,0.000000000000,0.000051056163,0.000000000000,0.000000000000,0.000053705220,0.000000000000,0.000000000000,0.000035819329,0.000000000000,0.000000000000,0.000037086405,0.000000000000,0.000000000000,0.000040748472,0.000000000000,0.000000000000,0.000024342109,0.000000000000,0.000000000000,0.000027500707,0.000000000000,0.000000000000,0.000029139328
541,0.000000000000,0.000000000000,0.000128548184,0.000000000000,0.000000000000,0.000124003130,0.000000000000,0.000000000000,0.000134327907,0.000000000000,0.000000000000,0.000074077375,0.000000000000,0.000000000000,0.000076570046,0.000000000000,0.000000000000,0.000082203723,0.000000000000,0.000000000000,0.000045389395,0.000000000000,0.000000000000,0.000051056163,0.000000000000,0.000000000000,0.000053705220,0.000000000000,0.000000000000,0.000035819329,0.000000000000,0.000000000000,0.000037086405,0.000000000000,0.000000000000,0.000040748472,0.000000000000,0.000000000000,0.000024342109,0.000000000000,0.000000000000,0.000027500707,0.000000000000,0.000000000000,0.000029139328
542,0.000000000000,0.000000000000,0.000128548184,0.000000000000,0.000000000000,0.000124003130,0.000000000000,0.000000000000,0.000134327907,0.000000000000,0.000000000000,0.000074077375,0.000000000000,0.000000000000,0.000076570046,0.000000000000,0.000000000000,0.000082203723,0.000000000000,0.000000000000,0.000045389395,0.000000000000,0.000000000000,0.000051056163,0.000000000000,0.000000000000,0.000053705220,0.000000000000,0.000000000000,0.000035819329,0.000000000000,0.000000000000,0.000037086405,0.000000000000,0.000000000000,0.000040748472,0.000000000000,0.000000000000,0.000024342109,0.000000000000,0.000000000000,0.000027500707,0.000000000000,0.000000000000,0.000029139328
543,0.000000000000,0.000000000000,0.000128548184,0.000000000000,0.000000000000,0.000124003130,0.000000000000,0.000000000000,0.000134327907,0.000000000000,0.000000000000,0.000074077375,0.000000000000,0.000000000000,0.000076570046,0.000000000000,0.000000000000,0.000082203723,0.000000000000,0.000000000000,0.000045389395,0.000000000000,0.000000000000,0.000051056163,0.000000000000,0.000000000000,0.000053705220,0.000000000000,0.000000000000,0.000035819329,0.000000000000,0.000000000000,0.000037086405,0.000000000000,0.000000000000,0.000040770913,0.000000000000,0.000000000000,0.000024342109,0.000000000000,0.000000000000,0.000027500707,0.000000000000,0.000000000000,0.000029139328
544,0.000000000000,0.000000000000,0.000128548184,0.000000000000,0.000000000000,0.000124003130,0.000000000000,0.000000000000,0.000134327907,0.000000000000,0.000000000000,0.000074077375,0.000000000000,0.000000000000,0.000076570046,0.000000000000,0.000000000000,0.000082203723,0.000000000000,0.000000000000,0.000045389395,0.000000000000,0.000000000000,0.000051056163,0.000000000000,0.000000000000,0.000053705220,0.000000000000,0.000000000000,0.000035819329,0.000000000000,0.000000000000,0.000037086405,0.000000000000,0.000000000000,0.000040770913,0.000000000000,0.000000000000,0.000024342109,0.000000000000,0.000000000000,0.000027500707,0.000000000000,0.000000000000,0.000029139328
545,0.000000000000,0.000000000000,0.000128548184,0.000000000000,0.000000000000,0.000124003130,0.000000000000,0.000000000000,0.000134327907,0.000000000000,0.000000000000,0.000074077375,0.000000000000,0.000000000000,0.000076570046,0.000000000000,0.000000000000,0.000082203723,0.000000000000,0.000000000000,0.000045389395,0.000000000000,0.000000000000,0.000051056163,0.000000000000,0.000000000000,0.000053705220,0.000000000000,0.000000000000,0.000035819329,0.000000000000,0.000000000000,0.000037086405,0.000000000000,0.000000000000,0.000040770913,0.000000000000,0.000000000000,0.000024342109,0.000000000000,0.000000000000,0.000027500707,0.000000000000,0.000000000000,0.000029139328
546,0.000000000000,0.000000000000,0.000128548184,0.000000000000,0.000000000000,0.000124003130,0.000000000000,0.000000000000,0.000134327907,0.000000000000,0.000000000000,0.000074077375,0.000000000000,0.000000000000,0.000076570046,0.000000000000,0.000000000000,0.000082203723,0.000000000000,0.000000000000,0.000045389395,0.000000000000,0.000000000000,0.000051056163,0.000000000000,0.000000000000,0.000053705220,0.000000000000,0.000000000000,0.000035819329,0.000000000000,0.000000000000,0.000037086405,0.000000000000,0.000000000000,0.000040770913,0.000000000000,0.000000000000,0.000024342109,0.000000000000,0.000000000000,0.000027500707,0.000000000000,0.000000000000,0.000029139328
547,0.000000000000,0.000000000000,0.000128548184,0.000000000000,0.000000000000,0.000124003130,0.000000000000,0.000000000000,0.000134327907,0.000000000000,0.000000000000,0.000074077375,0.000000000000,0.000000000000,0.000076570046,0.000000000000,0.000000000000,0.000082203723,0.000000000000,0.000000000000,0.000045389395,0.000000000000,0.000000000000,0.000051056163,0.000000000000,0.000000000000,0.000053705220,0.000000000000,0.000000000000,0.000035819329,0.000000000000,0.000000000000,0.000037086405,0.000000000000,0.000000000000,0.000040770913,0.000000000000,0.000000000000,0.000024342109,0.000000000000,0.000000000000,0.000027500707,0.000000000000,0.000000000000,0.000029141315
548,0.000000000000,0.000000000000,0.000128548184,0.000000000000,0.000000000000,0.000124003130,0.000000000000,0.000000000000,0.000134327907,0.000000000000,0.000000000000,0.000074077375,0.000000000000,0.000000000000,0.000076570046,0.000000000000,0.000000000000,0.000082203723,0.000000000000,0.000000000000,0.000045389395,0.000000000000,0.000000000000,0.000051056163,0.000000000000,0.000000000000,0.000053705220,0.000000000000,0.000000000000,0.000035819329,0.000000000000,0.000000000000,0.000037086405,0.000000000000,0.000000000000,0.000040770913,0.000000000000,0.000000000000,0.000024342109,0.000000000000,0.000000000000,0.000027500707,0.000000000000,0.000000000000,0.000029141315
549,0.000000000000,0.000000000000,0.000128548184,0.000000000000,0.000000000000,0.000124003130,0.000000000000,0.000000000000,0.000134327907,0.000000000000,0.000000000000,0.000074077375,0.000000000000,0.000000000000,0.000076570046,0.000000000000,0.000000000000,0.000082203723,0.000000000000,0.000000000000,0.000045389395,0.000000000000,0.000000000000,0.000051056163,0.000000000000,0.000000000000,0.000053705220,0.000000000000,0.000000000000,0.000035819329,0.000000000000,0.000000000000,0.000037086405,0.000000000000,0.000000000000,0.000040770913,0.000000000000,0.000000000000,0.000024342109,0.000000000000,0.000000000000,0.000027500707,0.000000000000,0.000000000000,0.000029141315
550,0.000000000000,0.000000000000,0.000128548184,0.000000000000,0.000000000000,0.000124003130,0.000000000000,0.000000000000,0.000134327907,0.000000000000,0.000000000000,0.000074077375,0.000000000000,0.000000000000,0.000076570046,0.000000000000,0.000000000000,0.000082203723,0.000000000000,0.000000000000,0.000045389395,0.000000000000,0.000000000000,0.000051056163,0.000000000000,0.000000000000,0.000053705220,0.000000000000,0.000000000000,0.000035819329,0.000000000000,0.000000000000,0.000037086405,0.000000000000,0.000000000000,0.000040770913,0.000000000000,0.000000000000,0.000024342109,0.000000000000,0.000000000000,0.000027500707,0.000000000000,0.000000000000,0.000029141315
551,0.000000000000,0.000000000000,0.000128548184,0.000000000000,0.000000000000,0.000124003130,0.000000000000,0.000000000000,0.000134327907,0.000000000000,0.000000000000,0.000074077375,0.000000000000,0.000000000000,0.000076570046,0.000000000000,0.000000000000,0.000082203723,0.000000000000,0.000000000000,0.000045389395,0.000000000000,0.000000000000,0.000051089673,0.000000000000,0.000000000000,0.000053705220,0.000000000000,0.000000000000,0.000035819329,0.000000000000,0.000000000000,0.000037086405,0.000000000000,0.000000000000,0.000040770913,0.000000000000,0.000000000000,0.000024342109,0.000000000000,0.000000000000,0.000027500707,0.000000000000,0.000000000000,0.000029141315
552,0.000000000000,0.000000000000,0.000128548184,0.000000000000,0.000000000000,0.000124003130,0.000000000000,0.000000000000,0.000134327907,0.000000000000,0.000000000000,0.000074077375,0.000000000000,0.000000000000,0.000076570046,0.000000000000,0.000000000000,0.000082203723,0.000000000000,0.000000000000,0.000045389395,0.000000000000,0.000000000000,0.000051089673,0.000000000000,0.000000000000,0.000053705220,0.000000000000,0.000000000000,0.000035819329,0.000000000000,0.000000000000,0.000037086405,0.000000000000,0.000000000000,0.000040770913,0.000000000000,0.000000000000,0.000024342109,0.000000000000,0.000000000000,0.000027500707,0.000000000000,0.000000000000,0.000029141315
553,0.000000000000,0.000000000000,0.000128548184,0.000000000000,0.000000000000,0.000124003130,0.000000000000,0.000000000000,0.000134327907,0.000000000000,0.000000000000,0.000074077375,0.000000000000,0.000000000000,0.000076570046,0.000000000000,0.000000000000,0.000082203723,0.000000000000,0.000000000000,0.000045389395,0.000000000000,0.000000000000,0.000051101748,0.000000000000,0.000000000000,0.000053705220,0.000000000000,0.000000000000,0.000035819329,0.000000000000,0.000000000000,0.000037086405,0.000000000000,0.000000000000,0.000040770913,0.000000000000,0.000000000000,0.000024342109,0.000000000000,0.000000000000,0.000027500707,0.000000000000,0.000000000000,0.000029141315
554,0.000000000000,0.000000000000,0.000128548184,0.000000000000,0.000000000000,0.000124003130,0.000000000000,0.000000000000,0.000134327907,0.000000000000,0.000000000000,0.000074077375,0.000000000000,0.000000000000,0.000076570046,0.000000000000,0.000000000000,0.000082203723,0.000000000000,0.000000000000,0.000045389395,0.000000000000,0.000000000000,0.000051101748,0.000000000000,0.000000000000,0.000053705220,0.000000000000,0.000000000000,0.000035819329,0.000000000000,0.000000000000,0.000037086405,0.000000000000,0.000000000000,0.000040770913,0.000000000000,0.000000000000,0.000024342109,0.000000000000,0.000000000000,0.000027500707,0.000000000000,0.000000000000,0.000029141315
555,0.000000000000,0.000000000000,0.000128548184,0.000000000000,0.000000000000,0.000124003130,0.000000000000,0.000000000000,0.000134327907,0.000000000000,0.000000000000,0.000074077375,0.000000000000,0.000000000000,0.000076570046,0.000000000000,0.000000000000,0.000082203723,0.000000000000,0.000000000000,0.000045389395,0.000000000000,0.000000000000,0.000051101748,0.000000000000,0.000000000000,0.000053705220,0.000000000000,0.000000000000,0.000035819329,0.000000000000,0.000000000000,0.000037086405,0.000000000000,0.000000000000,0.000040770913,0.000000000000,0.000000000000,0.000024342109,0.000000000000,0.000000000000,0.000027500707,0.000000000000,0.000000000000,0.000029141315
556,0.000000000000,0.000000000000,0.000128548184,0.000000000000,0.000000000000,0.000124003130,0.000000000000,0.000000000000,0.000134327907,0.000000000000,0.000000000000,0.000074077375,0.000000000000,0.000000000000,0.000076570046,0.000000000000,0.000000000000,0.000082203723,0.000000000000,0.000000000000,0.000045389395,0.000000000000,0.000000000000,0.000051101748,0.000000000000,0.000000000000,0.000053705220,0.000000000000,0.000000000000,0.000035819329,0.000000000000,0.000000000000,0.000037086405,0.000000000000,0.000000000000,0.000040770913,0.000000000000,0.000000000000,0.000024342109,0.000000000000,0.000000000000,0.000027500707,0.000000000000,0.000000000000,0.000029143208
557,0.000000000000,0.000000000000,0.000128548184,0.000000000000,0.000000000000,0.000124003130,0.000000000000,0.000000000000,0.000134327907,0.000000000000,0.000000000000,0.000074077375,0.000000000000,0.000000000000,0.000076570046,0.000000000000,0.000000000000,0.000082203723,0.000000000000,0.000000000000,0.000045389395,0.000000000000,0.000000000000,0.000051101748,0.000000000000,0.000000000000,0.000053705220,0.000000000000,0.000000000000,0.000035819329,0.000000000000,0.000000000000,0.000037086405,0.000000000000,0.000000000000,0.000040770913,0.000000000000,0.000000000000,0.000024342109,0.000000000000,0.000000000000,0.000027500707,0.000000000000,0.000000000000,0.000029143208
558,0.000000000000,0.000000000000,0.000128548184,0.000000000000,0.000000000000,0.000124003130,0.000000000000,0.000000000000,0.000134327907,0.000000000000,0.000000000000,0.000074077375,0.000000000000,0.000000000000,0.000076570046,0.000000000000,0.000000000000,0.000082203723,0.000000000000,0.000000000000,0.000045389395,0.000000000000,0.000000000000,0.000051101748,0.000000000000,0.000000000000,0.000053705220,0.000000000000,0.000000000000,0.000035819329,0.000000000000,0.000000000000,0.000037086405,0.000000000000,0.000000000000,0.000040770913,0.000000000000,0.000000000000,0.000024342109,0.000000000000,0.000000000000,0.000027500707,0.000000000000,0.000000000000,0.000029143208
559,0.000000000000,0.000000000000,0.000128548184,0.000000000000,0.000000000000,0.000124003130,0.000000000000,0.000000000000,0.000134327907,0.000000000000,0.000000000000,0.000074077375,0.000000000000,0.000000000000,0.000076570046,0.000000000000,0.000000000000,0.000082203723,0.000000000000,0.000000000000,0.000045389395,0.000000000000,0.000000000000,0.000051101748,0.000000000000,0.000000000000,0.000053705220,0.000000000000,0.000000000000,0.000035819329,0.000000000000,0.000000000000,0.000037086405,0.000000000000,0.000000000000,0.000040770913,0.000000000000,0.000000000000,0.000024342109,0.000000000000,0.000000000000,0.000027500707,0.000000000000,0.000000000000,0.000029143208
560,0.000000000000,0.000000000000,0.000128548184,0.000000000000,0.000000000000,0.000124003130,0.000000000000,0.000000000000,0.000134327907,0.000000000000,0.000000000000,0.000074077375,0.000000000000,0.000000000000,0.000076570046,0.000000000000,0.000000000000,0.000082203723,0.000000000000,0.000000000000,0.000045389395,0.000000000000,0.000000000000,0.000051101748,0.000000000000,0.000000000000,0.000053705220,0.000000000000,0.000000000000,0.000035819329,0.000000000000,0.000000000000,0.000037086405,0.000000000000,0.000000000000,0.000040770913,0.000000000000,0.000000000000,0.000024342109,0.000000000000,0.000000000000,0.000027500707,0.000000000000,0.000000000000,0.000029150213
561,0.000000000000,0.000000000000,0.000128548184,0.000000000000,0.000000000000,0.000124003130,0.000000000000,0.000000000000,0.000134327907,0.000000000000,0.000000000000,0.000074077375,0.000000000000,0.000000000000,0.000076570046,0.000000000000,0.000000000000,0.000082203723,0.000000000000,0.000000000000,0.000045389395,0.000000000000,0.000000000000,0.000051101748,0.000000000000,0.000000000000,0.000053705220,0.000000000000,0.000000000000,0.000035819329,0.000000000000,0.000000000000,0.000037086405,0.000000000000,0.000000000000,0.000040770913,0.000000000000,0.000000000000,0.000024342109,0.000000000000,0.000000000000,0.000027500707,0.000000000000,0.000000000000,0.000029150213
562,0.000000000000,0.000000000000,0.000128548184,0.000000000000,0.000000000000,0.000124003130,0.000000000000,0.000000000000,0.000134327907,0.000000000000,0.000000000000,0.000074077375,0.000000000000,0.000000000000,0.000076570046,0.000000000000,0.000000000000,0.000082203723,0.000000000000,0.000000000000,0.000045389395,0.000000000000,0.000000000000,0.000051101748,0.000000000000,0.000000000000,0.000053705220,0.000000000000,0.000000000000,0.000035819329,0.000000000000,0.000000000000,0.000037086405,0.000000000000,0.000000000000,0.000040770913,0.000000000000,0.000000000000,0.000024342109,0.000000000000,0.000000000000,0.000027514539,0.000000000000,0.000000000000,0.000029150213
563,0.000000000000,0.000000000000,0.000128548184,0.000000000000,0.000000000000,0.000124003130,0.000000000000,0.000000000000,0.000134327907,0.000000000000,0.000000000000,0.000074077375,0.000000000000,0.000000000000,0.000076570046,0.000000000000,0.000000000000,0.000082203723,0.000000000000,0.000000000000,0.000045389395,0.000000000000,0.000000000000,0.000051101748,0.000000000000,0.000000000000,0.000053705220,0.000000000000,0.000000000000,0.000035819329,0.000000000000,0.000000000000,0.000037086405,0.000000000000,0.000000000000,0.000040770913,0.000000000000,0.000000000000,0.000024342109,0.000000000000,0.000000000000,0.000027514539,0.000000000000,0.000000000000,0.000029150213
564,0.000000000000,0.000000000000,0.000128548184,0.000000000000,0.000000000000,0.000124003130,0.000000000000,0.000000000000,0.000134327907,0.000000000000,0.000000000000,0.000074077375,0.000000000000,0.000000000000,0.000076570046,0.000000000000,0.000000000000,0.000082203723,0.000000000000,0.000000000000,0.000045389395,0.000000000000,0.000000000000,0.000051101748,0.000000000000,0.000000000000,0.000053705220,0.000000000000,0.000000000000,0.000035819329,0.000000000000,0.000000000000,0.000037086405,0.000000000000,0.000000000000,0.000040770913,0.000000000000,0.000000000000,0.000024342109,0.000000000000,0.000000000000,0.000027514539,0.000000000000,0.000000000000,0.000029150213
565,0.000000000000,0.000000000000,0.000128548184,0.000000000000,0.000000000000,0.000124003130,0.000000000000,0.000000000000,0.000134327907,0.000000000000,0.000000000000,0.000074077375,0.000000000000,0.000000000000,0.000076570046,0.000000000000,0.000000000000,0.000082203723,0.000000000000,0.000000000000,0.000045389395,0.000000000000,0.000000000000,0.000051101748,0.000000000000,0.000000000000,0.000053705220,0.000000000000,0.000000000000,0.000035819329,0.000000000000,0.000000000000,0.000037086405,0.000000000000,0.000000000000,0.000040770913,0.000000000000,0.000000000000,0.000024342109,0.000000000000,0.000000000000,0.000027514539,0.000000000000,0.000000000000,0.000029151698
566,0.000000000000,0.000000000000,0.000128548184,0.000000000000,0.000000000000,0.000124003130,0.000000000000,0.000000000000,0.000134327907,0.000000000000,0.000000000000,0.000074077375,0.000000000000,0.000000000000,0.000076570046,0.000000000000,0.000000000000,0.000082285069,0.000000000000,0.000000000000,0.000045389395,0.000000000000,0.000000000000,0.000051101748,0.000000000000,0.000000000000,0.000053705220,0.000000000000,0.000000000000,0.000035819329,0.000000000000,0.000000000000,0.000037086405,0.000000000000,0.000000000000,0.000040770913,0.000000000000,0.000000000000,0.000024342109,0.000000000000,0.000000000000,0.000027514539,0.000000000000,0.000000000000,0.000029151698
567,0.000000000000,0.000000000000,0.000128548184,0.000000000000,0.000000000000,0.000124003130,0.000000000000,0.000000000000,0.000134327907,0.000000000000,0.000000000000,0.000074077375,0.000000000000,0.000000000000,0.000076570046,0.000000000000,0.000000000000,0.000082519773,0.000000000000,0.000000000000,0.000045389395,0.000000000000,0.000000000000,0.000051101748,0.000000000000,0.000000000000,0.000053705220,0.000000000000,0.000000000000,0.000035819329,0.000000000000,0.000000000000,0.000037086405,0.000000000000,0.000000000000,0.000040770913,0.000000000000,0.000000000000,0.000024342109,0.000000000000,0.000000000000,0.000027514539,0.000000000000,0.000000000000,0.000029151698
568,0.000000000000,0.000000000000,0.000128548184,0.000000000000,0.000000000000,0.000124003130,0.000000000000,0.000000000000,0.000134327907,0.000000000000,0.000000000000,0.000074077375,0.000000000000,0.000000000000,0.000076570046,0.000000000000,0.000000000000,0.000082519773,0.000000000000,0.000000000000,0.000045389395,0.000000000000,0.000000000000,0.000051101748,0.000000000000,0.000000000000,0.000053705220,0.000000000000,0.000000000000,0.000035819329,0.000000000000,0.000000000000,0.000037086405,0.000000000000,0.000000000000,0.000040770913,0.000000000000,0.000000000000,0.000024342109,0.000000000000,0.000000000000,0.000027514539,0.000000000000,0.000000000000,0.000029151698
569,0.000000000000,0.000000000000,0.000128548184,0.000000000000,0.000000000000,0.000124003130,0.000000000000,0.000000000000,0.000134327907,0.000000000000,0.000000000000,0.000074077375,0.000000000000,0.000000000000,0.000076570046,0.000000000000,0.000000000000,0.000082519773,0.000000000000,0.000000000000,0.000045389395,0.000000000000,0.000000000000,0.000051101748,0.000000000000,0.000000000000,0.000053705220,0.000000000000,0.000000000000,0.000035819329,0.000000000000,0.000000000000,0.000037086405,0.000000000000,0.000000000000,0.000040770913,0.000000000000,0.000000000000,0.000024342109,0.000000000000,0.000000000000,0.000027514539,0.000000000000,0.000000000000,0.000029151698
570,0.000000000000,0.000000000000,0.000128548184,0.000000000000,0.000000000000,0.000124003130,0.000000000000,0.000000000000,0.000134327907,0.000000000000,0.000000000000,0.000074077375,0.000000000000,0.000000000000,0.000076570046,0.000000000000,0.000000000000,0.000082519773,0.000000000000,0.000000000000,0.000045389395,0.000000000000,0.000000000000,0.000051101748,0.000000000000,0.000000000000,0.000053705220,0.000000000000,0.000000000000,0.000035819329,0.000000000000,0.000000000000,0.000037086405,0.000000000000,0.000000000000,0.000040770913,0.000000000000,0.000000000000,0.000024342109,0.000000000000,0.000000000000,0.000027514539,0.000000000000,0.000000000000,0.000029151698
571,0.000000000000,0.000000000000,0.000128548184,0.000000000000,0.000000000000,0.000124003130,0.000000000000,0.000000000000,0.000134327907,0.000000000000,0.000000000000,0.000074077375,0.000000000000,0.000000000000,0.000076570046,0.000000000000,0.000000000000,0.000082519773,0.000000000000,0.000000000000,0.000045389395,0.000000000000,0.000000000000,0.000051101748,0.000000000000,0.000000000000,0.000053705220,0.000000000000,0.000000000000,0.000035819329,0.000000000000,0.000000000000,0.000037086405,0.000000000000,0.000000000000,0.000040770913,0.000000000000,0.000000000000,0.000024342109,0.000000000000,0.000000000000,0.000027514539,0.000000000000,0.000000000000,0.000029151698
572,0.000000000000,0.000000000000,0.000128548184,0.000000000000,0.000000000000,0.000124003130,0.000000000000,0.000000000000,0.000134327907,0.000000000000,0.000000000000,0.000074077375,0.000000000000,0.000000000000,0.000076570046,0.000000000000,0.000000000000,0.000082571959,0.000000000000,0.000000000000,0.000045389395,0.000000000000,0.000000000000,0.000051101748,0.000000000000,0.000000000000,0.000053705220,0.000000000000,0.000000000000,0.000035819329,0.000000000000,0.000000000000,0.000037086405,0.000000000000,0.000000000000,0.000040770913,0.000000000000,0.000000000000,0.000024342109,0.000000000000,0.000000000000,0.000027514539,0.000000000000,0.000000000000,0.000029151698
573,0.000000000000,0.000000000000,0.000128548184,0.000000000000,0.000000000000,0.000124003130,0.000000000000,0.000000000000,0.000134327907,0.000000000000,0.000000000000,0.000074077375,0.000000000000,0.000000000000,0.000076570046,0.000000000000,0.000000000000,0.000082571959,0.000000000000,0.000000000000,0.000045389395,0.000000000000,0.000000000000,0.000051161862,0.000000000000,0.000000000000,0.000053705220,0.000000000000,0.000000000000,0.000035819329,0.000000000000,0.000000000000,0.000037086405,0.000000000000,0.000000000000,0.000040770913,0.000000000000,0.000000000000,0.000024342109,0.000000000000,0.000000000000,0.000027514539,0.000000000000,0.000000000000,0.000029151698
574,0.000000000000,0.000000000000,0.000128548184,0.000000000000,0.000000000000,0.000124003130,0.000000000000,0.000000000000,0.000134327907,0.000000000000,0.000000000000,0.000074077375,0.000000000000,0.000000000000,0.000076570046,0.000000000000,0.000000000000,0.000082578516,0.000000000000,0.000000000000,0.000045389395,0.000000000000,0.000000000000,0.000051166480,0.000000000000,0.000000000000,0.000053705220,0.000000000000,0.000000000000,0.000035819329,0.000000000000,0.000000000000,0.000037086405,0.000000000000,0.000000000000,0.000040770913,0.000000000000,0.000000000000,0.000024342109,0.000000000000,0.000000000000,0.000027514539,0.000000000000,0.000000000000,0.000029151698
575,0.000000000000,0.000000000000,0.000128548184,0.000000000000,0.000000000000,0.000124003130,0.000000000000,0.000000000000,0.000134327907,0.000000000000,0.000000000000,0.000074077375,0.000000000000,0.000000000000,0.000076570046,0.000000000000,0.000000000000,0.000082578516,0.000000000000,0.000000000000,0.000045389395,0.000000000000,0.000000000000,0.000051166480,0.000000000000,0.000000000000,0.000053705220,0.000000000000,0.000000000000,0.000035819329,0.000000000000,0.000000000000,0.000037086405,0.000000000000,0.000000000000,0.000040770913,0.000000000000,0.000000000000,0.000024342109,0.000000000000,0.000000000000,0.000027514539,0.000000000000,0.000000000000,0.000029151698
576,0.000000000000,0.000000000000,0.000128548184,0.000000000000,0.000000000000,0.000124003130,0.000000000000,0.000000000000,0.000134327907,0.000000000000,0.000000000000,0.000074077375,0.000000000000,0.000000000000,0.000076570046,0.000000000000,0.000000000000,0.000082578516,0.000000000000,0.000000000000,0.000045389395,0.000000000000,0.000000000000,0.000051166480,0.000000000000,0.000000000000,0.000053705220,0.000000000000,0.000000000000,0.000035819329,0.000000000000,0.000000000000,0.000037086405,0.000000000000,0.000000000000,0.000040770913,0.000000000000,0.000000000000,0.000024342109,0.000000000000,0.000000000000,0.000027514539,0.000000000000,0.000000000000,0.000029151698
577,0.000000000000,0.000000000000,0.000128548184,0.000000000000,0.000000000000,0.000124003130,0.000000000000,0.000000000000,0.000134327907,0.000000000000,0.000000000000,0.000074077375,0.000000000000,0.000000000000,0.000076570046,0.000000000000,0.000000000000,0.000082578516,0.000000000000,0.000000000000,0.000045389395,0.000000000000,0.000000000000,0.000051166480,0.000000000000,0.000000000000,0.000053705220,0.000000000000,0.000000000000,0.000035819329,0.000000000000,0.000000000000,0.000037086405,0.000000000000,0.000000000000,0.000040770913,0.000000000000,0.000000000000,0.000024342109,0.000000000000,0.000000000000,0.000027514539,0.000000000000,0.000000000000,0.000029151698
578,0.000000000000,0.000000000000,0.000128548184,0.000000000000,0.000000000000,0.000124003130,0.000000000000,0.000000000000,0.000134327907,0.000000000000,0.000000000000,0.000074077375,0.000000000000,0.000000000000,0.000076570046,0.000000000000,0.000000000000,0.000082578516,0.000000000000,0.000000000000,0.000045389395,0.000000000000,0.000000000000,0.000051166480,0.000000000000,0.000000000000,0.000053705220,0.000000000000,0.000000000000,0.000035819329,0.000000000000,0.000000000000,0.000037086405,0.000000000000,0.000000000000,0.000040770913,0.000000000000,0.000000000000,0.000024342109,0.000000000000,0.000000000000,0.000027514539,0.000000000000,0.000000000000,0.000029151698
579,0.000000000000,0.000000000000,0.000128548184,0.000000000000,0.000000000000,0.000124003130,0.000000000000,0.000000000000,0.000134327907,0.000000000000,0.000000000000,0.000074077375,0.000000000000,0.000000000000,0.000076570046,0.000000000000,0.000000000000,0.000082578516,0.000000000000,0.000000000000,0.000045389395,0.000000000000,0.000000000000,0.000051166480,0.000000000000,0.000000000000,0.000053705220,0.000000000000,0.000000000000,0.000035819329,0.000000000000,0.000000000000,0.000037086405,0.000000000000,0.000000000000,0.000040770913,0.000000000000,0.000000000000,0.000024342109,0.000000000000,0.000000000000,0.000027514539,0.000000000000,0.000000000000,0.000029151698
580,0.000000000000,0.000000000000,0.000128548184,0.000000000000,0.000000000000,0.000124003130,0.000000000000,0.000000000000,0.000134327907,0.000000000000,0.000000000000,0.000074077375,0.000000000000,0.000000000000,0.000076570046,0.000000000000,0.000000000000,0.000082578516,0.000000000000,0.000000000000,0.000045389395,0.000000000000,0.000000000000,0.000051166480,0.000000000000,0.000000000000,0.000053705220,0.000000000000,0.000000000000,0.000035819329,0.000000000000,0.000000000000,0.000037086405,0.000000000000,0.000000000000,0.000040770913,0.000000000000,0.000000000000,0.000024342109,0.000000000000,0.000000000000,0.000027514539,0.000000000000,0.000000000000,0.000029151698
581,0.000000000000,0.000000000000,0.000128548184,0.000000000000,0.000000000000,0.000124003130,0.000000000000,0.000000000000,0.000134327907,0.000000000000,0.000000000000,0.000074077375,0.000000000000,0.000000000000,0.000076570046,0.000000000000,0.000000000000,0.000082578516,0.000000000000,0.000000000000,0.000045389395,0.000000000000,0.000000000000,0.000051166480,0.000000000000,0.000000000000,0.000053705220,0.000000000000,0.000000000000,0.000035819329,0.000000000000,0.000000000000,0.000037086405,0.000000000000,0.000000000000,0.000040770913,0.000000000000,0.000000000000,0.000024342109,0.000000000000,0.000000000000,0.000027514539,0.000000000000,0.000000000000,0.000029151698
582,0.000000000000,0.000000000000,0.000128548184,0.000000000000,0.000000000000,0.000124003130,0.000000000000,0.000000000000,0.000134327907,0.000000000000,0.000000000000,0.000074077375,0.000000000000,0.000000000000,0.000076570046,0.000000000000,0.000000000000,0.000082578516,0.000000000000,0.000000000000,0.000045389395,0.000000000000,0.000000000000,0.000051166480,0.000000000000,0.000000000000,0.000053705220,0.000000000000,0.000000000000,0.000035819329,0.000000000000,0.000000000000,0.000037086405,0.000000000000,0.000000000000,0.000040770913,0.000000000000,0.000000000000,0.000024342109,0.000000000000,0.000000000000,0.000027514539,0.000000000000,0.000000000000,0.000029151698
583,0.000000000000,0.000000000000,0.000128548184,0.000000000000,0.000000000000,0.000124003130,0.000000000000,0.000000000000,0.000134327907,0.000000000000,0.000000000000,0.000074077375,0.000000000000,0.000000000000,0.000076570046,0.000000000000,0.000000000000,0.000082578516,0.000000000000,0.000000000000,0.000045389395,0.000000000000,0.000000000000,0.000051166480,0.000000000000,0.000000000000,0.000053705220,0.000000000000,0.000000000000,0.000035819329,0.000000000000,0.000000000000,0.000037086405,0.000000000000,0.000000000000,0.000040770913,0.000000000000,0.000000000000,0.000024342109,0.000000000000,0.000000000000,0.000027514539,0.000000000000,0.000000000000,0.000029151698
584,0.000000000000,0.000000000000,0.000128548184,0.000000000000,0.000000000000,0.000124003130,0.000000000000,0.000000000000,0.000134327907,0.000000000000,0.000000000000,0.000074077375,0.000000000000,0.000000000000,0.000076570046,0.000000000000,0.000000000000,0.000082578516,0.000000000000,0.000000000000,0.000045389395,0.000000000000,0.000000000000,0.000051166480,0.000000000000,0.000000000000,0.000053705220,0.000000000000,0.000000000000,0.000035819329,0.000000000000,0.000000000000,0.000037086405,0.000000000000,0.000000000000,0.000040770913,0.000000000000,0.000000000000,0.000024342109,0.000000000000,0.000000000000,0.000027514539,0.000000000000,0.000000000000,0.000029151698
585,0.000000000000,0.000000000000,0.000128548184,0.000000000000,0.000000000000,0.000124003130,0.000000000000,0.000000000000,0.000134327907,0.000000000000,0.000000000000,0.000074077375,0.000000000000,0.000000000000,0.000076570046,0.000000000000,0.000000000000,0.000082578516,0.000000000000,0.000000000000,0.000045389395,0.000000000000,0.000000000000,0.000051220876,0.000000000000,0.000000000000,0.000053705220,0.000000000000,0.000000000000,0.000035819329,0.000000000000,0.000000000000,0.000037086405,0.000000000000,0.000000000000,0.000040770913,0.000000000000,0.000000000000,0.000024342109,0.000000000000,0.000000000000,0.000027514539,0.000000000000,0.000000000000,0.000029151698
586,0.000000000000,0.000000000000,0.000128548184,0.000000000000,0.000000000000,0.000124003130,0.000000000000,0.000000000000,0.000134327907,0.000000000000,0.000000000000,0.000074077375,0.000000000000,0.000000000000,0.000076570046,0.000000000000,0.000000000000,0.000082578516,0.000000000000,0.000000000000,0.000045389395,0.000000000000,0.000000000000,0.000051220876,0.000000000000,0.000000000000,0.000053705220,0.000000000000,0.000000000000,0.000035819329,0.000000000000,0.000000000000,0.000037086405,0.000000000000,0.000000000000,0.000040770913,0.000000000000,0.000000000000,0.000024342109,0.000000000000,0.000000000000,0.000027514539,0.000000000000,0.000000000000,0.000029151698
587,0.000000000000,0.000000000000,0.000128548184,0.000000000000,0.000000000000,0.000124003130,0.000000000000,0.000000000000,0.000134327907,0.000000000000,0.000000000000,0.000074077375,0.000000000000,0.000000000000,0.000076570046,0.000000000000,0.000000000000,0.000082578516,0.000000000000,0.000000000000,0.000045389395,0.000000000000,0.000000000000,0.000051324371,0.000000000000,0.000000000000,0.000053705220,0.000000000000,0.000000000000,0.000035819329,0.000000000000,0.000000000000,0.000037086405,0.000000000000,0.000000000000,0.000040770913,0.000000000000,0.000000000000,0.000024342109,0.000000000000,0.000000000000,0.000027514539,0.000000000000,0.000000000000,0.000029151698
588,0.000000000000,0.000000000000,0.000128548184,0.000000000000,0.000000000000,0.000124003130,0.000000000000,0.000000000000,0.000134327907,0.000000000000,0.000000000000,0.000074077375,0.000000000000,0.000000000000,0.000076570046,0.000000000000,0.000000000000,0.000082578516,0.000000000000,0.000000000000,0.000045389395,0.000000000000,0.000000000000,0.000051324371,0.000000000000,0.000000000000,0.000053705220,0.000000000000,0.000000000000,0.000035819329,0.000000000000,0.000000000000,0.000037086405,0.000000000000,0.000000000000,0.000040770913,0.000000000000,0.000000000000,0.000024342109,0.000000000000,0.000000000000,0.000027514539,0.000000000000,0.000000000000,0.000029151698
589,0.000000000000,0.000000000000,0.000128548184,0.000000000000,0.000000000000,0.000124003130,0.000000000000,0.000000000000,0.000134327907,0.000000000000,0.000000000000,0.000074077375,0.000000000000,0.000000000000,0.000076570046,0.000000000000,0.000000000000,0.000082578516,0.000000000000,0.000000000000,0.000045389395,0.000000000000,0.000000000000,0.000051324371,0.000000000000,0.000000000000,0.000053705220,0.000000000000,0.000000000000,0.000035819329,0.000000000000,0.000000000000,0.000037086405,0.000000000000,0.000000000000,0.000040770913,0.000000000000,0.000000000000,0.000024342109,0.000000000000,0.000000000000,0.000027514539,0.000000000000,0.000000000000,0.000029151698
590,0.000000000000,0.000000000000,0.000128548184,0.000000000000,0.000000000000,0.000124003130,0.000000000000,0.000000000000,0.000134327907,0.000000000000,0.000000000000,0.000074077375,0.000000000000,0.000000000000,0.000076570046,0.000000000000,0.000000000000,0.000082578516,0.000000000000,0.000000000000,0.000045389395,0.000000000000,0.000000000000,0.000051324371,0.000000000000,0.000000000000,0.000053705220,0.000000000000,0.000000000000,0.000035819329,0.000000000000,0.000000000000,0.000037086405,0.000000000000,0.000000000000,0.000040770913,0.000000000000,0.000000000000,0.000024342109,0.000000000000,0.000000000000,0.000027514539,0.000000000000,0.000000000000,0.000029151698
591,0.000000000000,0.000000000000,0.000128548184,0.000000000000,0.000000000000,0.000124003130,0.000000000000,0.000000000000,0.000134327907,0.000000000000,0.000000000000,0.000074077375,0.000000000000,0.000000000000,0.000076570046,0.000000000000,0.000000000000,0.000082578516,0.000000000000,0.000000000000,0.000045399484,0.000000000000,0.000000000000,0.000051324371,0.000000000000,0.000000000000,0.000053705220,0.000000000000,0.000000000000,0.000035819329,0.000000000000,0.000000000000,0.000037086405,0.000000000000,0.000000000000,0.000040770913,0.000000000000,0.000000000000,0.000024342109,0.000000000000,0.000000000000,0.000027516499,0.000000000000,0.000000000000,0.000029151698
592,0.000000000000,0.000000000000,0.000128548184,0.000000000000,0.000000000000,0.000124003130,0.000000000000,0.000000000000,0.000134327907,0.000000000000,0.000000000000,0.000074077375,0.000000000000,0.000000000000,0.000076570046,0.000000000000,0.000000000000,0.000082578516,0.000000000000,0.000000000000,0.000045399484,0.000000000000,0.000000000000,0.000051324371,0.000000000000,0.000000000000,0.000053705220,0.000000000000,0.000000000000,0.000035819329,0.000000000000,0.000000000000,0.000037086405,0.000000000000,0.000000000000,0.000040770913,0.000000000000,0.000000000000,0.000024342109,0.000000000000,0.000000000000,0.000027516499,0.000000000000,0.000000000000,0.000029151698
593,0.000000000000,0.000000000000,0.000128548184,0.000000000000,0.000000000000,0.000124003130,0.000000000000,0.000000000000,0.000134327907,0.000000000000,0.000000000000,0.000074077375,0.000000000000,0.000000000000,0.000076570046,0.000000000000,0.000000000000,0.000082578516,0.000000000000,0.000000000000,0.000045399484,0.000000000000,0.000000000000,0.000051324371,0.000000000000,0.000000000000,0.000053705220,0.000000000000,0.000000000000,0.000035819329,0.000000000000,0.000000000000,0.000037086405,0.000000000000,0.000000000000,0.000040770913,0.000000000000,0.000000000000,0.000024342109,0.000000000000,0.000000000000,0.000027516499,0.000000000000,0.000000000000,0.000029151698
594,0.000000000000,0.000000000000,0.000128548184,0.000000000000,0.000000000000,0.000124003130,0.000000000000,0.000000000000,0.000134327907,0.000000000000,0.000000000000,0.000074077375,0.000000000000,0.000000000000,0.000076570046,0.000000000000,0.000000000000,0.000082625601,0.000000000000,0.000000000000,0.000045399484,0.000000000000,0.000000000000,0.000051324371,0.000000000000,0.000000000000,0.000053705220,0.000000000000,0.000000000000,0.000035819329,0.000000000000,0.000000000000,0.000037086405,0.000000000000,0.000000000000,0.000040770913,0.000000000000,0.000000000000,0.000024342109,0.000000000000,0.000000000000,0.000027516499,0.000000000000,0.000000000000,0.000029151698
595,0.000000000000,0.000000000000,0.000128548184,0.000000000000,0.000000000000,0.000124003130,0.000000000000,0.000000000000,0.000134327907,0.000000000000,0.000000000000,0.000074077375,0.000000000000,0.000000000000,0.000076570046,0.000000000000,0.000000000000,0.000082625601,0.000000000000,0.000000000000,0.000045399484,0.000000000000,0.000000000000,0.000051346698,0.000000000000,0.000000000000,0.000053705220,0.000000000000,0.000000000000,0.000035819329,0.000000000000,0.000000000000,0.000037086405,0.000000000000,0.000000000000,0.000040770913,0.000000000000,0.000000000000,0.000024342109,0.000000000000,0.000000000000,0.000027516499,0.000000000000,0.000000000000,0.000029151698
596,0.000000000000,0.000000000000,0.000128548184,0.000000000000,0.000000000000,0.000124003130,0.000000000000,0.000000000000,0.000134327907,0.000000000000,0.000000000000,0.000074077375,0.000000000000,0.000000000000,0.000076570046,0.000000000000,0.000000000000,0.000082625601,0.000000000000,0.000000000000,0.000045399484,0.000000000000,0.000000000000,0.000051346698,0.000000000000,0.000000000000,0.000053705220,0.000000000000,0.000000000000,0.000035819329,0.000000000000,0.000000000000,0.000037086405,0.000000000000,0.000000000000,0.000040770913,0.000000000000,0.000000000000,0.000024342109,0.000000000000,0.000000000000,0.000027516499,0.000000000000,0.000000000000,0.000029151698
597,0.000000000000,0.000000000000,0.000128548184,0.000000000000,0.000000000000,0.000124003130,0.000000000000,0.000000000000,0.000134327907,0.000000000000,0.000000000000,0.000074077375,0.000000000000,0.000000000000,0.000076570046,0.000000000000,0.000000000000,0.000082625601,0.000000000000,0.000000000000,0.000045399484,0.000000000000,0.000000000000,0.000051346698,0.000000000000,0.000000000000,0.000053705958,0.000000000000,0.000000000000,0.000035819329,0.000000000000,0.000000000000,0.000037086405,0.000000000000,0.000000000000,0.000040770913,0.000000000000,0.000000000000,0.000024342109,0.000000000000,0.000000000000,0.000027516499,0.000000000000,0.000000000000,0.000029151698
598,0.000000000000,0.000000000000,0.000128548184,0.000000000000,0.000000000000,0.000124003130,0.000000000000,0.000000000000,0.000134327907,0.000000000000,0.000000000000,0.000074077375,0.000000000000,0.000000000000,0.000076570046,0.000000000000,0.000000000000,0.000082625601,0.000000000000,0.000000000000,0.000045399484,0.000000000000,0.000000000000,0.000051346698,0.000000000000,0.000000000000,0.000053705958,0.000000000000,0.000000000000,0.000035819329,0.000000000000,0.000000000000,0.000037086405,0.000000000000,0.000000000000,0.000040770913,0.000000000000,0.000000000000,0.000024342109,0.000000000000,0.000000000000,0.000027516499,0.000000000000,0.000000000000,0.000029151698
599,0.000000000000,0.000000000000,0.000128548184,0.000000000000,0.000000000000,0.000124003130,0.000000000000,0.000000000000,0.000134327907,0.000000000000,0.000000000000,0.000074077375,0.000000000000,0.000000000000,0.000076570046,0.000000000000,0.000000000000,0.000082625601,0.000000000000,0.000000000000,0.000045399484,0.000000000000,0.000000000000,0.000051346698,0.000000000000,0.000000000000,0.000053705958,0.000000000000,0.000000000000,0.000035819329,0.000000000000,0.000000000000,0.000037086405,0.000000000000,0.000000000000,0.000040770913,0.000000000000,0.000000000000,0.000024342109,0.000000000000,0.000000000000,0.000027516499,0.000000000000,0.000000000000,0.000029151698
600,0.000000000000,0.000000000000,0.000128548184,0.000000000000,0.000000000000,0.000124003130,0.000000000000,0.000000000000,0.000134327907,0.000000000000,0.000000000000,0.000074077375,0.000000000000,0.000000000000,0.000076570046,0.000000000000,0.000000000000,0.000082625601,0.000000000000,0.000000000000,0.000045399484,0.000000000000,0.000000000000,0.000051346698,0.000000000000,0.000000000000,0.000053705958,0.000000000000,0.000000000000,0.000035819329,0.000000000000,0.000000000000,0.000037086405,0.000000000000,0.000000000000,0.000040770913,0.000000000000,0.000000000000,0.000024342109,0.000000000000,0.000000000000,0.000027516499,0.000000000000,0.000000000000,0.000029151698
601,0.000000000000,0.000000000000,0.000128548184,0.000000000000,0.000000000000,0.000124003130,0.000000000000,0.000000000000,0.000134327907,0.000000000000,0.000000000000,0.000074077375,0.000000000000,0.000000000000,0.000076570046,0.000000000000,0.000000000000,0.000082625601,0.000000000000,0.000000000000,0.000045399484,0.000000000000,0.000000000000,0.000051346698,0.000000000000,0.000000000000,0.000053705958,0.000000000000,0.000000000000,0.000035819329,0.000000000000,0.000000000000,0.000037086405,0.000000000000,0.000000000000,0.000040770913,0.000000000000,0.000000000000,0.000024342109,0.000000000000,0.000000000000,0.000027516499,0.000000000000,0.000000000000,0.000029151698
602,0.000000000000,0.000000000000,0.000128548184,0.000000000000,0.000000000000,0.000124003130,0.000000000000,0.000000000000,0.000134327907,0.000000000000,0.000000000000,0.000074077375,0.000000000000,0.000000000000,0.000076570046,0.000000000000,0.000000000000,0.000082625601,0.000000000000,0.000000000000,0.000045399484,0.000000000000,0.000000000000,0.000051346698,0.000000000000,0.000000000000,0.000053705958,0.000000000000,0.000000000000,0.000035819329,0.000000000000,0.000000000000,0.000037086405,0.000000000000,0.000000000000,0.000040770913,0.000000000000,0.000000000000,0.000024342109,0.000000000000,0.000000000000,0.000027516499,0.000000000000,0.000000000000,0.000029151698
603,0.000000000000,0.000000000000,0.000128548184,0.000000000000,0.000000000000,0.000124003130,0.000000000000,0.000000000000,0.000134327907,0.000000000000,0.000000000000,0.000074077375,0.000000000000,0.000000000000,0.000076570046,0.000000000000,0.000000000000,0.000082625601,0.000000000000,0.000000000000,0.000045399484,0.000000000000,0.000000000000,0.000051346698,0.000000000000,0.000000000000,0.000053705958,0.000000000000,0.000000000000,0.000035819329,0.000000000000,0.000000000000,0.000037086405,0.000000000000,0.000000000000,0.000040770913,0.000000000000,0.000000000000,0.000024342109,0.000000000000,0.000000000000,0.000027516499,0.000000000000,0.000000000000,0.000029151698
604,0.000000000000,0.000000000000,0.000128548184,0.000000000000,0.000000000000,0.000124003130,0.000000000000,0.000000000000,0.000134327907,0.000000000000,0.000000000000,0.000074077375,0.000000000000,0.000000000000,0.000076570046,0.000000000000,0.000000000000,0.000082625601,0.000000000000,0.000000000000,0.000045399484,0.000000000000,0.000000000000,0.000051346698,0.000000000000,0.000000000000,0.000053705958,0.000000000000,0.000000000000,0.000035819329,0.000000000000,0.000000000000,0.000037086405,0.000000000000,0.000000000000,0.000040770913,0.000000000000,0.000000000000,0.000024342109,0.000000000000,0.000000000000,0.000027516499,0.000000000000,0.000000000000,0.000029151698
605,0.000000000000,0.000000000000,0.000128548184,0.000000000000,0.000000000000,0.000124003130,0.000000000000,0.000000000000,0.000134327907,0.000000000000,0.000000000000,0.000074077375,0.000000000000,0.000000000000,0.000076570046,0.000000000000,0.000000000000,0.000082625601,0.000000000000,0.000000000000,0.000045399484,0.000000000000,0.000000000000,0.000051346698,0.000000000000,0.000000000000,0.000053705958,0.000000000000,0.000000000000,0.000035819329,0.000000000000,0.000000000000,0.000037086405,0.000000000000,0.000000000000,0.000040770913,0.000000000000,0.000000000000,0.000024342109,0.000000000000,0.000000000000,0.000027516499,0.000000000000,0.000000000000,0.000029151698
606,0.000000000000,0.000000000000,0.000128548184,0.000000000000,0.000000000000,0.000124003130,0.000000000000,0.000000000000,0.000134327907,0.000000000000,0.000000000000,0.000074077375,0.000000000000,0.000000000000,0.000076570046,0.000000000000,0.000000000000,0.000082625601,0.000000000000,0.000000000000,0.000045399484,0.000000000000,0.000000000000,0.000051346698,0.000000000000,0.000000000000,0.000053705958,0.000000000000,0.000000000000,0.000035819329,0.000000000000,0.000000000000,0.000037086405,0.000000000000,0.000000000000,0.000040770913,0.000000000000,0.000000000000,0.000024342109,0.000000000000,0.000000000000,0.000027516499,0.000000000000,0.000000000000,0.000029151698
607,0.000000000000,0.000000000000,0.000128548184,0.000000000000,0.000000000000,0.000124003130,0.000000000000,0.000000000000,0.000134327907,0.000000000000,0.000000000000,0.000074077375,0.000000000000,0.000000000000,0.000076570046,0.000000000000,0.000000000000,0.000082625601,0.000000000000,0.000000000000,0.000045399484,0.000000000000,0.000000000000,0.000051346698,0.000000000000,0.000000000000,0.000053705958,0.000000000000,0.000000000000,0.000035819329,0.000000000000,0.000000000000,0.000037086405,0.000000000000,0.000000000000,0.000040770913,0.000000000000,0.000000000000,0.000024342109,0.000000000000,0.000000000000,0.000027516499,0.000000000000,0.000000000000,0.000029151698
608,0.000000000000,0.000000000000,0.000128548184,0.000000000000,0.000000000000,0.000124003130,0.000000000000,0.000000000000,0.000134327907,0.000000000000,0.000000000000,0.000074077375,0.000000000000,0.000000000000,0.000076570046,0.000000000000,0.000000000000,0.000082625601,0.000000000000,0.000000000000,0.000045399484,0.000000000000,0.000000000000,0.000051346698,0.000000000000,0.000000000000,0.000053705958,0.000000000000,0.000000000000,0.000035819329,0.000000000000,0.000000000000,0.000037086405,0.000000000000,0.000000000000,0.000040770913,0.000000000000,0.000000000000,0.000024342109,0.000000000000,0.000000000000,0.000027516499,0.000000000000,0.000000000000,0.000029151698
609,0.000000000000,0.000000000000,0.000128548184,0.000000000000,0.000000000000,0.000124003130,0.000000000000,0.000000000000,0.000134327907,0.000000000000,0.000000000000,0.000074077375,0.000000000000,0.000000000000,0.000076570046,0.000000000000,0.000000000000,0.000082625601,0.000000000000,0.000000000000,0.000045399484,0.000000000000,0.000000000000,0.000051346698,0.000000000000,0.000000000000,0.000053705958,0.000000000000,0.000000000000,0.000035819329,0.000000000000,0.000000000000,0.000037086405,0.000000000000,0.000000000000,0.000040770913,0.000000000000,0.000000000000,0.000024342109,0.000000000000,0.000000000000,0.000027516499,0.000000000000,0.000000000000,0.000029151698
610,0.000000000000,0.000000000000,0.000128548184,0.000000000000,0.000000000000,0.000124003130,0.000000000000,0.000000000000,0.000134327907,0.000000000000,0.000000000000,0.000074077375,0.000000000000,0.000000000000,0.000076570046,0.000000000000,0.000000000000,0.000082625601,0.000000000000,0.000000000000,0.000045399484,0.000000000000,0.000000000000,0.000051346698,0.000000000000,0.000000000000,0.000053705958,0.000000000000,0.000000000000,0.000035819329,0.000000000000,0.000000000000,0.000037086405,0.000000000000,0.000000000000,0.000040770913,0.000000000000,0.000000000000,0.000024342109,0.000000000000,0.000000000000,0.000027516499,0.000000000000,0.000000000000,0.000029151698
611,0.000000000000,0.000000000000,0.000128548184,0.000000000000,0.000000000000,0.000124003130,0.000000000000,0.000000000000,0.000134327907,0.000000000000,0.000000000000,0.000074077375,0.000000000000,0.000000000000,0.000076570046,0.000000000000,0.000000000000,0.000082625601,0.000000000000,0.000000000000,0.000045399484,0.000000000000,0.000000000000,0.000051346698,0.000000000000,0.000000000000,0.000053705958,0.000000000000,0.000000000000,0.000035819329,0.000000000000,0.000000000000,0.000037086405,0.000000000000,0.000000000000,0.000040770913,0.000000000000,0.000000000000,0.000024342109,0.000000000000,0.000000000000,0.000027516499,0.000000000000,0.000000000000,0.000029151698
612,0.000000000000,0.000000000000,0.000128548184,0.000000000000,0.000000000000,0.000124003130,0.000000000000,0.000000000000,0.000134327907,0.000000000000,0.000000000000,0.000074077375,0.000000000000,0.000000000000,0.000076570046,0.000000000000,0.000000000000,0.000082625601,0.000000000000,0.000000000000,0.000045399484,0.000000000000,0.000000000000,0.000051346698,0.000000000000,0.000000000000,0.000053705958,0.000000000000,0.000000000000,0.000035819329,0.000000000000,0.000000000000,0.000037086405,0.000000000000,0.000000000000,0.000040770913,0.000000000000,0.000000000000,0.000024342109,0.000000000000,0.000000000000,0.000027519452,0.000000000000,0.000000000000,0.000029151698
613,0.000000000000,0.000000000000,0.000128548184,0.000000000000,0.000000000000,0.000124003130,0.000000000000,0.000000000000,0.000134327907,0.000000000000,0.000000000000,0.000074077375,0.000000000000,0.000000000000,0.000076570046,0.000000000000,0.000000000000,0.000082625601,0.000000000000,0.000000000000,0.000045399484,0.000000000000,0.000000000000,0.000051346698,0.000000000000,0.000000000000,0.000053705958,0.000000000000,0.000000000000,0.000035819329,0.000000000000,0.000000000000,0.000037086405,0.000000000000,0.000000000000,0.000040770913,0.000000000000,0.000000000000,0.000024342109,0.000000000000,0.000000000000,0.000027519595,0.000000000000,0.000000000000,0.000029151698
614,0.000000000000,0.000000000000,0.000128548184,0.000000000000,0.000000000000,0.000124003130,0.000000000000,0.000000000000,0.000134327907,0.000000000000,0.000000000000,0.000074077375,0.000000000000,0.000000000000,0.000076570046,0.000000000000,0.000000000000,0.000082625601,0.000000000000,0.000000000000,0.000045399484,0.000000000000,0.000000000000,0.000051346698,0.000000000000,0.000000000000,0.000053705958,0.000000000000,0.000000000000,0.000035819329,0.000000000000,0.000000000000,0.000037086405,0.000000000000,0.000000000000,0.000040770913,0.000000000000,0.000000000000,0.000024342109,0.000000000000,0.000000000000,0.000027519595,0.000000000000,0.000000000000,0.000029151698
615,0.000000000000,0.000000000000,0.000128548184,0.000000000000,0.000000000000,0.000124003130,0.000000000000,0.000000000000,0.000134327907,0.000000000000,0.000000000000,0.000074077375,0.000000000000,0.000000000000,0.000076570046,0.000000000000,0.000000000000,0.000082625601,0.000000000000,0.000000000000,0.000045399484,0.000000000000,0.000000000000,0.000051346698,0.000000000000,0.000000000000,0.000053705958,0.000000000000,0.000000000000,0.000035819329,0.000000000000,0.000000000000,0.000037086405,0.000000000000,0.000000000000,0.000040770913,0.000000000000,0.000000000000,0.000024342109,0.000000000000,0.000000000000,0.000027519595,0.000000000000,0.000000000000,0.000029151698
616,0.000000000000,0.000000000000,0.000128548184,0.000000000000,0.000000000000,0.000124003130,0.000000000000,0.000000000000,0.000134327907,0.000000000000,0.000000000000,0.000074077375,0.000000000000,0.000000000000,0.000076570046,0.000000000000,0.000000000000,0.000082625601,0.000000000000,0.000000000000,0.000045399484,0.000000000000,0.000000000000,0.000051346698,0.000000000000,0.000000000000,0.000053705958,0.000000000000,0.000000000000,0.000035819329,0.000000000000,0.000000000000,0.000037086405,0.000000000000,0.000000000000,0.000040770913,0.000000000000,0.000000000000,0.000024342109,0.000000000000,0.000000000000,0.000027519595,0.000000000000,0.000000000000,0.000029151698
617,0.000000000000,0.000000000000,0.000128548184,0.000000000000,0.000000000000,0.000124003130,0.000000000000,0.000000000000,0.000134327907,0.000000000000,0.000000000000,0.000074077375,0.000000000000,0.000000000000,0.000076570046,0.000000000000,0.000000000000,0.000082625601,0.000000000000,0.000000000000,0.000045399484,0.000000000000,0.000000000000,0.000051346698,0.000000000000,0.000000000000,0.000053705958,0.000000000000,0.000000000000,0.000035819329,0.000000000000,0.000000000000,0.000037086405,0.000000000000,0.000000000000,0.000040770913,0.000000000000,0.000000000000,0.000024342109,0.000000000000,0.000000000000,0.000027519595,0.000000000000,0.000000000000,0.000029156973
618,0.000000000000,0.000000000000,0.000128548184,0.000000000000,0.000000000000,0.000124003130,0.000000000000,0.000000000000,0.000134327907,0.000000000000,0.000000000000,0.000074077375,0.000000000000,0.000000000000,0.000076570046,0.000000000000,0.000000000000,0.000082625601,0.000000000000,0.000000000000,0.000045399484,0.000000000000,0.000000000000,0.000051346698,0.000000000000,0.000000000000,0.000053705958,0.000000000000,0.000000000000,0.000035819329,0.000000000000,0.000000000000,0.000037086405,0.000000000000,0.000000000000,0.000040770913,0.000000000000,0.000000000000,0.000024342109,0.000000000000,0.000000000000,0.000027519595,0.000000000000,0.000000000000,0.000029156973
619,0.000000000000,0.000000000000,0.000128548184,0.000000000000,0.000000000000,0.000124003130,0.000000000000,0.000000000000,0.000134327907,0.000000000000,0.000000000000,0.000074077375,0.000000000000,0.000000000000,0.000076570046,0.000000000000,0.000000000000,0.000082625601,0.000000000000,0.000000000000,0.000045399484,0.000000000000,0.000000000000,0.000051346698,0.000000000000,0.000000000000,0.000053705958,0.000000000000,0.000000000000,0.000035819329,0.000000000000,0.000000000000,0.000037086405,0.000000000000,0.000000000000,0.000040770913,0.000000000000,0.000000000000,0.000024342109,0.000000000000,0.000000000000,0.000027519595,0.000000000000,0.000000000000,0.000029156973
620,0.000000000000,0.000000000000,0.000128548184,0.000000000000,0.000000000000,0.000124003130,0.000000000000,0.000000000000,0.000134327907,0.000000000000,0.000000000000,0.000074077375,0.000000000000,0.000000000000,0.000076570046,0.000000000000,0.000000000000,0.000082625601,0.000000000000,0.000000000000,0.000045399484,0.000000000000,0.000000000000,0.000051346698,0.000000000000,0.000000000000,0.000053705958,0.000000000000,0.000000000000,0.000035819329,0.000000000000,0.000000000000,0.000037086405,0.000000000000,0.000000000000,0.000040770913,0.000000000000,0.000000000000,0.000024342109,0.000000000000,0.000000000000,0.000027519595,0.000000000000,0.000000000000,0.000029156973
621,0.000000000000,0.000000000000,0.000128548184,0.000000000000,0.000000000000,0.000124003130,0.000000000000,0.000000000000,0.000134327907,0.000000000000,0.000000000000,0.000074077375,0.000000000000,0.000000000000,0.000076570046,0.000000000000,0.000000000000,0.000082625601,0.000000000000,0.000000000000,0.000045399484,0.000000000000,0.000000000000,0.000051346698,0.000000000000,0.000000000000,0.000053705958,0.000000000000,0.000000000000,0.000035819329,0.000000000000,0.000000000000,0.000037086405,0.000000000000,0.000000000000,0.000040770913,0.000000000000,0.000000000000,0.000024345356,0.000000000000,0.000000000000,0.000027519595,0.000000000000,0.000000000000,0.000029156973
622,0.000000000000,0.000000000000,0.000128548184,0.000000000000,0.000000000000,0.000124003130,0.000000000000,0.000000000000,0.000134327907,0.000000000000,0.000000000000,0.000074077375,0.000000000000,0.000000000000,0.000076570046,0.000000000000,0.000000000000,0.000082625601,0.000000000000,0.000000000000,0.000045399484,0.000000000000,0.000000000000,0.000051346698,0.000000000000,0.000000000000,0.000053705958,0.000000000000,0.000000000000,0.000035819329,0.000000000000,0.000000000000,0.000037086405,0.000000000000,0.000000000000,0.000040770913,0.000000000000,0.000000000000,0.000024345356,0.000000000000,0.000000000000,0.000027519595,0.000000000000,0.000000000000,0.000029156973
623,0.000000000000,0.000000000000,0.000128548184,0.000000000000,0.000000000000,0.000124003130,0.000000000000,0.000000000000,0.000134327907,0.000000000000,0.000000000000,0.000074077375,0.000000000000,0.000000000000,0.000076570046,0.000000000000,0.000000000000,0.000082625601,0.000000000000,0.000000000000,0.000045399484,0.000000000000,0.000000000000,0.000051346698,0.000000000000,0.000000000000,0.000053705958,0.000000000000,0.000000000000,0.000035819329,0.000000000000,0.000000000000,0.000037086405,0.000000000000,0.000000000000,0.000040770913,0.000000000000,0.000000000000,0.000024345356,0.000000000000,0.000000000000,0.000027519595,0.000000000000,0.000000000000,0.000029156973
624,0.000000000000,0.000000000000,0.000128548184,0.000000000000,0.000000000000,0.000124003130,0.000000000000,0.000000000000,0.000134327907,0.000000000000,0.000000000000,0.000074077375,0.000000000000,0.000000000000,0.000076570046,0.000000000000,0.000000000000,0.000082625601,0.000000000000,0.000000000000,0.000045399484,0.000000000000,0.000000000000,0.000051346698,0.000000000000,0.000000000000,0.000053705958,0.000000000000,0.000000000000,0.000035819329,0.000000000000,0.000000000000,0.000037086405,0.000000000000,0.000000000000,0.000040770913,0.000000000000,0.000000000000,0.000024345356,0.000000000000,0.000000000000,0.000027519595,0.000000000000,0.000000000000,0.000029156973
625,0.000000000000,0.000000000000,0.000128548184,0.000000000000,0.000000000000,0.000124003130,0.000000000000,0.000000000000,0.000134327907,0.000000000000,0.000000000000,0.000074077375,0.000000000000,0.000000000000,0.000076570046,0.000000000000,0.000000000000,0.000082625601,0.000000000000,0.000000000000,0.000045399484,0.000000000000,0.000000000000,0.000051346698,0.000000000000,0.000000000000,0.000053705958,0.000000000000,0.000000000000,0.000035819329,0.000000000000,0.000000000000,0.000037086405,0.000000000000,0.000000000000,0.000040770913,0.000000000000,0.000000000000,0.000024345552,0.000000000000,0.000000000000,0.000027519595,0.000000000000,0.000000000000,0.000029156973
626,0.000000000000,0.000000000000,0.000128548184,0.000000000000,0.000000000000,0.000124003130,0.000000000000,0.000000000000,0.000134327907,0.000000000000,0.000000000000,0.000074077375,0.000000000000,0.000000000000,0.000076570046,0.000000000000,0.000000000000,0.000082625601,0.000000000000,0.000000000000,0.000045399484,0.000000000000,0.000000000000,0.000051346698,0.000000000000,0.000000000000,0.000053705958,0.000000000000,0.000000000000,0.000035819329,0.000000000000,0.000000000000,0.000037086405,0.000000000000,0.000000000000,0.000040770913,0.000000000000,0.000000000000,0.000024345552,0.000000000000,0.000000000000,0.000027519595,0.000000000000,0.000000000000,0.000029161950
627,0.000000000000,0.000000000000,0.000128548184,0.000000000000,0.000000000000,0.000124003130,0.000000000000,0.000000000000,0.000134327907,0.000000000000,0.000000000000,0.000074077375,0.000000000000,0.000000000000,0.000076570046,0.000000000000,0.000000000000,0.000082625601,0.000000000000,0.000000000000,0.000045399484,0.000000000000,0.000000000000,0.000051346698,0.000000000000,0.000000000000,0.000053705958,0.000000000000,0.000000000000,0.000035819329,0.000000000000,0.000000000000,0.000037086405,0.000000000000,0.000000000000,0.000040770913,0.000000000000,0.000000000000,0.000024345552,0.000000000000,0.000000000000,0.000027519595,0.000000000000,0.000000000000,0.000029161950
628,0.000000000000,0.000000000000,0.000128548184,0.000000000000,0.000000000000,0.000124003130,0.000000000000,0.000000000000,0.000134327907,0.000000000000,0.000000000000,0.000074077375,0.000000000000,0.000000000000,0.000076570046,0.000000000000,0.000000000000,0.000082625601,0.000000000000,0.000000000000,0.000045399484,0.000000000000,0.000000000000,0.000051346698,0.000000000000,0.000000000000,0.000053705958,0.000000000000,0.000000000000,0.000035819329,0.000000000000,0.000000000000,0.000037086405,0.000000000000,0.000000000000,0.000040770913,0.000000000000,0.000000000000,0.000024345552,0.000000000000,0.000000000000,0.000027519595,0.000000000000,0.000000000000,0.000029161950
629,0.000000000000,0.000000000000,0.000128548184,0.000000000000,0.000000000000,0.000124003130,0.000000000000,0.000000000000,0.000134327907,0.000000000000,0.000000000000,0.000074077375,0.000000000000,0.000000000000,0.000076570046,0.000000000000,0.000000000000,0.000082625601,0.000000000000,0.000000000000,0.000045399484,0.000000000000,0.000000000000,0.000051346698,0.000000000000,0.000000000000,0.000053705958,0.000000000000,0.000000000000,0.000035819329,0.000000000000,0.000000000000,0.000037086405,0.000000000000,0.000000000000,0.000040770913,0.000000000000,0.000000000000,0.000024345552,0.000000000000,0.000000000000,0.000027519595,0.000000000000,0.000000000000,0.000029161950
630,0.000000000000,0.000000000000,0.000128548184,0.000000000000,0.000000000000,0.000124003130,0.000000000000,0.000000000000,0.000134327907,0.000000000000,0.000000000000,0.000074077375,0.000000000000,0.000000000000,0.000076570046,0.000000000000,0.000000000000,0.000082625601,0.000000000000,0.000000000000,0.000045399484,0.000000000000,0.000000000000,0.000051346698,0.000000000000,0.000000000000,0.000053705958,0.000000000000,0.000000000000,0.000035819329,0.000000000000,0.000000000000,0.000037086405,0.000000000000,0.000000000000,0.000040770913,0.000000000000,0.000000000000,0.000024345552,0.000000000000,0.000000000000,0.000027519595,0.000000000000,0.000000000000,0.000029161950
631,0.000000000000,0.000000000000,0.000128548184,0.000000000000,0.000000000000,0.000124003130,0.000000000000,0.000000000000,0.000134327907,0.000000000000,0.000000000000,0.000074077375,0.000000000000,0.000000000000,0.000076570046,0.000000000000,0.000000000000,0.000082625601,0.000000000000,0.000000000000,0.000045399484,0.000000000000,0.000000000000,0.000051346698,0.000000000000,0.000000000000,0.000053705958,0.000000000000,0.000000000000,0.000035819329,0.000000000000,0.000000000000,0.000037086405,0.000000000000,0.000000000000,0.000040770913,0.000000000000,0.000000000000,0.000024345552,0.000000000000,0.000000000000,0.000027519595,0.000000000000,0.000000000000,0.000029161950
632,0.000000000000,0.000000000000,0.000128548184,0.000000000000,0.000000000000,0.000124003130,0.000000000000,0.000000000000,0.000134327907,0.000000000000,0.000000000000,0.000074077375,0.000000000000,0.000000000000,0.000076570046,0.000000000000,0.000000000000,0.000082625601,0.000000000000,0.000000000000,0.000045399484,0.000000000000,0.000000000000,0.000051346698,0.000000000000,0.000000000000,0.000053705958,0.000000000000,0.000000000000,0.000035819329,0.000000000000,0.000000000000,0.000037086405,0.000000000000,0.000000000000,0.000040770913,0.000000000000,0.000000000000,0.000024345552,0.000000000000,0.000000000000,0.000027519595,0.000000000000,0.000000000000,0.000029161950
633,0.000000000000,0.000000000000,0.000128548184,0.000000000000,0.000000000000,0.000124003130,0.000000000000,0.000000000000,0.000134327907,0.000000000000,0.000000000000,0.000074077375,0.000000000000,0.000000000000,0.000076570046,0.000000000000,0.000000000000,0.000082625601,0.000000000000,0.000000000000,0.000045399484,0.000000000000,0.000000000000,0.000051346698,0.000000000000,0.000000000000,0.000053705958,0.000000000000,0.000000000000,0.000035819329,0.000000000000,0.000000000000,0.000037086405,0.000000000000,0.000000000000,0.000040770913,0.000000000000,0.000000000000,0.000024345552,0.000000000000,0.000000000000,0.000027519595,0.000000000000,0.000000000000,0.000029161950
634,0.000000000000,0.000000000000,0.000128548184,0.000000000000,0.000000000000,0.000124003130,0.000000000000,0.000000000000,0.000134327907,0.000000000000,0.000000000000,0.000074077375,0.000000000000,0.000000000000,0.000076570046,0.000000000000,0.000000000000,0.000082625601,0.000000000000,0.000000000000,0.000045399484,0.000000000000,0.000000000000,0.000051346698,0.000000000000,0.000000000000,0.000053705958,0.000000000000,0.000000000000,0.000035819329,0.000000000000,0.000000000000,0.000037086405,0.000000000000,0.000000000000,0.000040770913,0.000000000000,0.000000000000,0.000024345552,0.000000000000,0.000000000000,0.000027519595,0.000000000000,0.000000000000,0.000029161950
635,0.000000000000,0.000000000000,0.000128548184,0.000000000000,0.000000000000,0.000124003130,0.000000000000,0.000000000000,0.000134327907,0.000000000000,0.000000000000,0.000074077375,0.000000000000,0.000000000000,0.000076570046,0.000000000000,0.000000000000,0.000082625601,0.000000000000,0.000000000000,0.000045399484,0.000000000000,0.000000000000,0.000051346698,0.000000000000,0.000000000000,0.000053705958,0.000000000000,0.000000000000,0.000035819329,0.000000000000,0.000000000000,0.000037086405,0.000000000000,0.000000000000,0.000040770913,0.000000000000,0.000000000000,0.000024345552,0.000000000000,0.000000000000,0.000027519595,0.000000000000,0.000000000000,0.000029161950
636,0.000000000000,0.000000000000,0.000128548184,0.000000000000,0.000000000000,0.000124003130,0.000000000000,0.000000000000,0.000134327907,0.000000000000,0.000000000000,0.000074077375,0.000000000000,0.000000000000,0.000076570046,0.000000000000,0.000000000000,0.000082625601,0.000000000000,0.000000000000,0.000045399484,0.000000000000,0.000000000000,0.000051346698,0.000000000000,0.000000000000,0.000053705958,0.000000000000,0.000000000000,0.000035819329,0.000000000000,0.000000000000,0.000037086405,0.000000000000,0.000000000000,0.000040770913,0.000000000000,0.000000000000,0.000024345552,0.000000000000,0.000000000000,0.000027519595,0.000000000000,0.000000000000,0.000029161950
637,0.000000000000,0.000000000000,0.000128548184,0.000000000000,0.000000000000,0.000124003130,0.000000000000,0.000000000000,0.000134327907,0.000000000000,0.000000000000,0.000074077375,0.000000000000,0.000000000000,0.000076570046,0.000000000000,0.000000000000,0.000082625601,0.000000000000,0.000000000000,0.000045399484,0.000000000000,0.000000000000,0.000051346698,0.000000000000,0.000000000000,0.000053705958,0.000000000000,0.000000000000,0.000035824304,0.000000000000,0.000000000000,0.000037086405,0.000000000000,0.000000000000,0.000040770913,0.000000000000,0.000000000000,0.000024345552,0.000000000000,0.000000000000,0.000027519595,0.000000000000,0.000000000000,0.000029161950
638,0.000000000000,0.000000000000,0.000128548184,0.000000000000,0.000000000000,0.000124003130,0.000000000000,0.000000000000,0.000134327907,0.000000000000,0.000000000000,0.000074077375,0.000000000000,0.000000000000,0.000076570046,0.000000000000,0.000000000000,0.000082625601,0.000000000000,0.000000000000,0.000045399484,0.000000000000,0.000000000000,0.000051346698,0.000000000000,0.000000000000,0.000053705958,0.000000000000,0.000000000000,0.000035824304,0.000000000000,0.000000000000,0.000037086405,0.000000000000,0.000000000000,0.000040770913,0.000000000000,0.000000000000,0.000024345552,0.000000000000,0.000000000000,0.000027519595,0.000000000000,0.000000000000,0.000029161950
639,0.000000000000,0.000000000000,0.000128548184,0.000000000000,0.000000000000,0.000124003130,0.000000000000,0.000000000000,0.000134327907,0.000000000000,0.000000000000,0.000074077375,0.000000000000,0.000000000000,0.000076570046,0.000000000000,0.000000000000,0.000082625601,0.000000000000,0.000000000000,0.000045399484,0.000000000000,0.000000000000,0.000051346698,0.000000000000,0.000000000000,0.000053705958,0.000000000000,0.000000000000,0.000035824304,0.000000000000,0.000000000000,0.000037086405,0.000000000000,0.000000000000,0.000040770913,0.000000000000,0.000000000000,0.000024345552,0.000000000000,0.000000000000,0.000027519595,0.000000000000,0.000000000000,0.000029161950
640,0.000000000000,0.000000000000,0.000128548184,0.000000000000,0.000000000000,0.000124003130,0.000000000000,0.000000000000,0.000134327907,0.000000000000,0.000000000000,0.000074077375,0.000000000000,0.000000000000,0.000076570046,0.000000000000,0.000000000000,0.000082625601,0.000000000000,0.000000000000,0.000045399484,0.000000000000,0.000000000000,0.000051346698,0.000000000000,0.000000000000,0.000053705958,0.000000000000,0.000000000000,0.000035824304,0.000000000000,0.000000000000,0.000037086405,0.000000000000,0.000000000000,0.000040770913,0.000000000000,0.000000000000,0.000024345552,0.000000000000,0.000000000000,0.000027519595,0.000000000000,0.000000000000,0.000029161950
641,0.000000000000,0.000000000000,0.000128548184,0.000000000000,0.000000000000,0.000124003130,0.000000000000,0.000000000000,0.000134327907,0.000000000000,0.000000000000,0.000074077375,0.000000000000,0.000000000000,0.000076570046,0.000000000000,0.000000000000,0.000082625601,0.000000000000,0.000000000000,0.000045399484,0.000000000000,0.000000000000,0.000051346698,0.000000000000,0.000000000000,0.000053705958,0.000000000000,0.000000000000,0.000035824304,0.000000000000,0.000000000000,0.000037086405,0.000000000000,0.000000000000,0.000040770913,0.000000000000,0.000000000000,0.000024345552,0.000000000000,0.000000000000,0.000027519595,0.000000000000,0.000000000000,0.000029161950
642,0.000000000000,0.000000000000,0.000128548184,0.000000000000,0.000000000000,0.000124003130,0.000000000000,0.000000000000,0.000134327907,0.000000000000,0.000000000000,0.000074077375,0.000000000000,0.000000000000,0.000076570046,0.000000000000,0.000000000000,0.000082625601,0.000000000000,0.000000000000,0.000045399484,0.000000000000,0.000000000000,0.000051346698,0.000000000000,0.000000000000,0.000053705958,0.000000000000,0.000000000000,0.000035824304,0.000000000000,0.000000000000,0.000037086405,0.000000000000,0.000000000000,0.000040770913,0.000000000000,0.000000000000,0.000024345552,0.000000000000,0.000000000000,0.000027519595,0.000000000000,0.000000000000,0.000029161950
643,0.000000000000,0.000000000000,0.000128548184,0.000000000000,0.000000000000,0.000124003130,0.000000000000,0.000000000000,0.000134327907,0.000000000000,0.000000000000,0.000074077375,0.000000000000,0.000000000000,0.000076570046,0.000000000000,0.000000000000,0.000082625601,0.000000000000,0.000000000000,0.000045399484,0.000000000000,0.000000000000,0.000051346698,0.000000000000,0.000000000000,0.000053705958,0.000000000000,0.000000000000,0.000035824304,0.000000000000,0.000000000000,0.000037086405,0.000000000000,0.000000000000,0.000040770913,0.000000000000,0.000000000000,0.000024345552,0.000000000000,0.000000000000,0.000027520129,0.000000000000,0.000000000000,0.000029161950
644,0.000000000000,0.000000000000,0.000128548184,0.000000000000,0.000000000000,0.000124003130,0.000000000000,0.000000000000,0.000134327907,0.000000000000,0.000000000000,0.000074077375,0.000000000000,0.000000000000,0.000076570046,0.000000000000,0.000000000000,0.000082625601,0.000000000000,0.000000000000,0.000045399484,0.000000000000,0.000000000000,0.000051346698,0.000000000000,0.000000000000,0.000053705958,0.000000000000,0.000000000000,0.000035824304,0.000000000000,0.000000000000,0.000037086405,0.000000000000,0.000000000000,0.000040770913,0.000000000000,0.000000000000,0.000024345552,0.000000000000,0.000000000000,0.000027520129,0.000000000000,0.000000000000,0.000029161950
645,0.000000000000,0.000000000000,0.000128548184,0.000000000000,0.000000000000,0.000124003130,0.000000000000,0.000000000000,0.000134327907,0.000000000000,0.000000000000,0.000074077375,0.000000000000,0.000000000000,0.000076570046,0.000000000000,0.000000000000,0.000082625601,0.000000000000,0.000000000000,0.000045399484,0.000000000000,0.000000000000,0.000051346698,0.000000000000,0.000000000000,0.000053705958,0.000000000000,0.000000000000,0.000035824304,0.000000000000,0.000000000000,0.000037086405,0.000000000000,0.000000000000,0.000040770913,0.000000000000,0.000000000000,0.000024345552,0.000000000000,0.000000000000,0.000027520129,0.000000000000,0.000000000000,0.000029161950
646,0.000000000000,0.000000000000,0.000128548184,0.000000000000,0.000000000000,0.000124003130,0.000000000000,0.000000000000,0.000134327907,0.000000000000,0.000000000000,0.000074077375,0.000000000000,0.000000000000,0.000076570046,0.000000000000,0.000000000000,0.000082625601,0.000000000000,0.000000000000,0.000045399484,0.000000000000,0.000000000000,0.000051346698,0.000000000000,0.000000000000,0.000053705958,0.000000000000,0.000000000000,0.000035824304,0.000000000000,0.000000000000,0.000037086405,0.000000000000,0.000000000000,0.000040770913,0.000000000000,0.000000000000,0.000024345552,0.000000000000,0.000000000000,0.000027520129,0.000000000000,0.000000000000,0.000029161950
647,0.000000000000,0.000000000000,0.000128548184,0.000000000000,0.000000000000,0.000124003130,0.000000000000,0.000000000000,0.000134327907,0.000000000000,0.000000000000,0.000074077375,0.000000000000,0.000000000000,0.000076570046,0.000000000000,0.000000000000,0.000082625601,0.000000000000,0.000000000000,0.000045399484,0.000000000000,0.000000000000,0.000051346698,0.000000000000,0.000000000000,0.000053705958,0.000000000000,0.000000000000,0.000035824304,0.000000000000,0.000000000000,0.000037086405,0.000000000000,0.000000000000,0.000040770913,0.000000000000,0.000000000000,0.000024345552,0.000000000000,0.000000000000,0.000027520129,0.000000000000,0.000000000000,0.000029161950
648,0.000000000000,0.000000000000,0.000128548184,0.000000000000,0.000000000000,0.000124003130,0.000000000000,0.000000000000,0.000134327907,0.000000000000,0.000000000000,0.000074077375,0.000000000000,0.000000000000,0.000076570046,0.000000000000,0.000000000000,0.000082625601,0.000000000000,0.000000000000,0.000045399484,0.000000000000,0.000000000000,0.000051346698,0.000000000000,0.000000000000,0.000053705958,0.000000000000,0.000000000000,0.000035824304,0.000000000000,0.000000000000,0.000037086405,0.000000000000,0.000000000000,0.000040770913,0.000000000000,0.000000000000,0.000024345552,0.000000000000,0.000000000000,0.000027520129,0.000000000000,0.000000000000,0.000029161950
649,0.000000000000,0.000000000000,0.000128548184,0.000000000000,0.000000000000,0.000124003130,0.000000000000,0.000000000000,0.000134327907,0.000000000000,0.000000000000,0.000074077375,0.000000000000,0.000000000000,0.000076570046,0.000000000000,0.000000000000,0.000082625601,0.000000000000,0.000000000000,0.000045399484,0.000000000000,0.000000000000,0.000051346698,0.000000000000,0.000000000000,0.000053705958,0.000000000000,0.000000000000,0.000035824304,0.000000000000,0.000000000000,0.000037086405,0.000000000000,0.000000000000,0.000040770913,0.000000000000,0.000000000000,0.000024345552,0.000000000000,0.000000000000,0.000027520129,0.000000000000,0.000000000000,0.000029161950
650,0.000000000000,0.000000000000,0.000128548184,0.000000000000,0.000000000000,0.000124003130,0.000000000000,0.000000000000,0.000134327907,0.000000000000,0.000000000000,0.000074077375,0.000000000000,0.000000000000,0.000076570046,0.000000000000,0.000000000000,0.000082625601,0.000000000000,0.000000000000,0.000045399484,0.000000000000,0.000000000000,0.000051346698,0.000000000000,0.000000000000,0.000053705958,0.000000000000,0.000000000000,0.000035824304,0.000000000000,0.000000000000,0.000037086405,0.000000000000,0.000000000000,0.000040770913,0.000000000000,0.000000000000,0.000024345552,0.000000000000,0.000000000000,0.000027520129,0.000000000000,0.000000000000,0.000029161950
651,0.000000000000,0.000000000000,0.000128548184,0.000000000000,0.000000000000,0.000124003130,0.000000000000,0.000000000000,0.000134327907,0.000000000000,0.000000000000,0.000074077375,0.000000000000,0.000000000000,0.000076570046,0.000000000000,0.000000000000,0.000082625601,0.000000000000,0.000000000000,0.000045399484,0.000000000000,0.000000000000,0.000051346698,0.000000000000,0.000000000000,0.000053705958,0.000000000000,0.000000000000,0.000035824304,0.000000000000,0.000000000000,0.000037086405,0.000000000000,0.000000000000,0.000040770913,0.000000000000,0.000000000000,0.000024345552,0.000000000000,0.000000000000,0.000027520129,0.000000000000,0.000000000000,0.000029161950
652,0.000000000000,0.000000000000,0.000128548184,0.000000000000,0.000000000000,0.000124003130,0.000000000000,0.000000000000,0.000134327907,0.000000000000,0.000000000000,0.000074077375,0.000000000000,0.000000000000,0.000076570046,0.000000000000,0.000000000000,0.000082625601,0.000000000000,0.000000000000,0.000045399484,0.000000000000,0.000000000000,0.000051346698,0.000000000000,0.000000000000,0.000053705958,0.000000000000,0.000000000000,0.000035824304,0.000000000000,0.000000000000,0.000037086405,0.000000000000,0.000000000000,0.000040770913,0.000000000000,0.000000000000,0.000024345552,0.000000000000,0.000000000000,0.000027520129,0.000000000000,0.000000000000,0.000029161950
653,0.000000000000,0.000000000000,0.000128548184,0.000000000000,0.000000000000,0.000124003130,0.000000000000,0.000000000000,0.000134327907,0.000000000000,0.000000000000,0.000074077375,0.000000000000,0.000000000000,0.000076570046,0.000000000000,0.000000000000,0.000082625601,0.000000000000,0.000000000000,0.000045399484,0.000000000000,0.000000000000,0.000051346698,0.000000000000,0.000000000000,0.000053705958,0.000000000000,0.000000000000,0.000035824304,0.000000000000,0.000000000000,0.000037086405,0.000000000000,0.000000000000,0.000040770913,0.000000000000,0.000000000000,0.000024345552,0.000000000000,0.000000000000,0.000027520129,0.000000000000,0.000000000000,0.000029161950
654,0.000000000000,0.000000000000,0.000128548184,0.000000000000,0.000000000000,0.000124003130,0.000000000000,0.000000000000,0.000134327907,0.000000000000,0.000000000000,0.000074077375,0.000000000000,0.000000000000,0.000076570046,0.000000000000,0.000000000000,0.000082625601,0.000000000000,0.000000000000,0.000045399484,0.000000000000,0.000000000000,0.000051346698,0.000000000000,0.000000000000,0.000053705958,0.000000000000,0.000000000000,0.000035824304,0.000000000000,0.000000000000,0.000037086405,0.000000000000,0.000000000000,0.000040770913,0.000000000000,0.000000000000,0.000024345552,0.000000000000,0.000000000000,0.000027520129,0.000000000000,0.000000000000,0.000029161950
655,0.000000000000,0.000000000000,0.000128548184,0.000000000000,0.000000000000,0.000124003130,0.000000000000,0.000000000000,0.000134327907,0.000000000000,0.000000000000,0.000074077375,0.000000000000,0.000000000000,0.000076570046,0.000000000000,0.000000000000,0.000082625601,0.000000000000,0.000000000000,0.000045399484,0.000000000000,0.000000000000,0.000051346698,0.000000000000,0.000000000000,0.000053705958,0.000000000000,0.000000000000,0.000035824304,0.000000000000,0.000000000000,0.000037086405,0.000000000000,0.000000000000,0.000040770913,0.000000000000,0.000000000000,0.000024345552,0.000000000000,0.000000000000,0.000027520129,0.000000000000,0.000000000000,0.000029161950
656,0.000000000000,0.000000000000,0.000128548184,0.000000000000,0.000000000000,0.000124003130,0.000000000000,0.000000000000,0.000134327907,0.000000000000,0.000000000000,0.000074077375,0.000000000000,0.000000000000,0.000076570046,0.000000000000,0.000000000000,0.000082625601,0.000000000000,0.000000000000,0.000045399484,0.000000000000,0.000000000000,0.000051346698,0.000000000000,0.000000000000,0.000053705958,0.000000000000,0.000000000000,0.000035824304,0.000000000000,0.000000000000,0.000037086405,0.000000000000,0.000000000000,0.000040770913,0.000000000000,0.000000000000,0.000024345552,0.000000000000,0.000000000000,0.000027529197,0.000000000000,0.000000000000,0.000029161950
657,0.000000000000,0.000000000000,0.000128548184,0.000000000000,0.000000000000,0.000124003130,0.000000000000,0.000000000000,0.000134327907,0.000000000000,0.000000000000,0.000074077375,0.000000000000,0.000000000000,0.000076570046,0.000000000000,0.000000000000,0.000082625601,0.000000000000,0.000000000000,0.000045399484,0.000000000000,0.000000000000,0.000051346698,0.000000000000,0.000000000000,0.000053705958,0.000000000000,0.000000000000,0.000035824304,0.000000000000,0.000000000000,0.000037086405,0.000000000000,0.000000000000,0.000040770913,0.000000000000,0.000000000000,0.000024345552,0.000000000000,0.000000000000,0.000027529197,0.000000000000,0.000000000000,0.000029161950
658,0.000000000000,0.000000000000,0.000128548184,0.000000000000,0.000000000000,0.000124003130,0.000000000000,0.000000000000,0.000134327907,0.000000000000,0.000000000000,0.000074077375,0.000000000000,0.000000000000,0.000076570046,0.000000000000,0.000000000000,0.000082625601,0.000000000000,0.000000000000,0.000045399484,0.000000000000,0.000000000000,0.000051346698,0.000000000000,0.000000000000,0.000053705958,0.000000000000,0.000000000000,0.000035824304,0.000000000000,0.000000000000,0.000037086405,0.000000000000,0.000000000000,0.000040770913,0.000000000000,0.000000000000,0.000024345552,0.000000000000,0.000000000000,0.000027529197,0.000000000000,0.000000000000,0.000029161950
659,0.000000000000,0.000000000000,0.000128548184,0.000000000000,0.000000000000,0.000124003130,0.000000000000,0.000000000000,0.000134327907,0.000000000000,0.000000000000,0.000074077375,0.000000000000,0.000000000000,0.000076570046,0.000000000000,0.000000000000,0.000082625601,0.000000000000,0.000000000000,0.000045399484,0.000000000000,0.000000000000,0.000051346698,0.000000000000,0.000000000000,0.000053705958,0.000000000000,0.000000000000,0.000035824304,0.000000000000,0.000000000000,0.000037086405,0.000000000000,0.000000000000,0.000040770913,0.000000000000,0.000000000000,0.000024345552,0.000000000000,0.000000000000,0.000027529197,0.000000000000,0.000000000000,0.000029161950
660,0.000000000000,0.000000000000,0.000128548184,0.000000000000,0.000000000000,0.000124003130,0.000000000000,0.000000000000,0.000134327907,0.000000000000,0.000000000000,0.000074077375,0.000000000000,0.000000000000,0.000076570046,0.000000000000,0.000000000000,0.000082625601,0.000000000000,0.000000000000,0.000045399484,0.000000000000,0.000000000000,0.000051346698,0.000000000000,0.000000000000,0.000053705958,0.000000000000,0.000000000000,0.000035824304,0.000000000000,0.000000000000,0.000037086405,0.000000000000,0.000000000000,0.000040770913,0.000000000000,0.000000000000,0.000024345552,0.000000000000,0.000000000000,0.000027529197,0.000000000000,0.000000000000,0.000029161950
661,0.000000000000,0.000000000000,0.000128548184,0.000000000000,0.000000000000,0.000124003130,0.000000000000,0.000000000000,0.000134327907,0.000000000000,0.000000000000,0.000074077375,0.000000000000,0.000000000000,0.000076570046,0.000000000000,0.000000000000,0.000082625601,0.000000000000,0.000000000000,0.000045399484,0.000000000000,0.000000000000,0.000051346698,0.000000000000,0.000000000000,0.000053705958,0.000000000000,0.000000000000,0.000035824304,0.000000000000,0.000000000000,0.000037086405,0.000000000000,0.000000000000,0.000040770913,0.000000000000,0.000000000000,0.000024345552,0.000000000000,0.000000000000,0.000027529197,0.000000000000,0.000000000000,0.000029161950
662,0.000000000000,0.000000000000,0.000128548184,0.000000000000,0.000000000000,0.000124003130,0.000000000000,0.000000000000,0.000134327907,0.000000000000,0.000000000000,0.000074077375,0.000000000000,0.000000000000,0.000076570046,0.000000000000,0.000000000000,0.000082625601,0.000000000000,0.000000000000,0.000045399484,0.000000000000,0.000000000000,0.000051346698,0.000000000000,0.000000000000,0.000053705958,0.000000000000,0.000000000000,0.000035824304,0.000000000000,0.000000000000,0.000037086405,0.000000000000,0.000000000000,0.000040770913,0.000000000000,0.000000000000,0.000024345552,0.000000000000,0.000000000000,0.000027529197,0.000000000000,0.000000000000,0.000029161950
663,0.000000000000,0.000000000000,0.000128548184,0.000000000000,0.000000000000,0.000124003130,0.000000000000,0.000000000000,0.000134327907,0.000000000000,0.000000000000,0.000074077375,0.000000000000,0.000000000000,0.000076570046,0.000000000000,0.000000000000,0.000082625601,0.000000000000,0.000000000000,0.000045399484,0.000000000000,0.000000000000,0.000051346698,0.000000000000,0.000000000000,0.000053705958,0.000000000000,0.000000000000,0.000035824304,0.000000000000,0.000000000000,0.000037086405,0.000000000000,0.000000000000,0.000040770913,0.000000000000,0.000000000000,0.000024345552,0.000000000000,0.000000000000,0.000027529197,0.000000000000,0.000000000000,0.000029161950
664,0.000000000000,0.000000000000,0.000128548184,0.000000000000,0.000000000000,0.000124003130,0.000000000000,0.000000000000,0.000134327907,0.000000000000,0.000000000000,0.000074077375,0.000000000000,0.000000000000,0.000076570046,0.000000000000,0.000000000000,0.000082625601,0.000000000000,0.000000000000,0.000045399484,0.000000000000,0.000000000000,0.000051346698,0.000000000000,0.000000000000,0.000053705958,0.000000000000,0.000000000000,0.000035824304,0.000000000000,0.000000000000,0.000037086405,0.000000000000,0.000000000000,0.000040770913,0.000000000000,0.000000000000,0.000024345552,0.000000000000,0.000000000000,0.000027529197,0.000000000000,0.000000000000,0.000029161950
665,0.000000000000,0.000000000000,0.000128548184,0.000000000000,0.000000000000,0.000124003130,0.000000000000,0.000000000000,0.000134327907,0.000000000000,0.000000000000,0.000074077375,0.000000000000,0.000000000000,0.000076570046,0.000000000000,0.000000000000,0.000082625601,0.000000000000,0.000000000000,0.000045399484,0.000000000000,0.000000000000,0.000051346698,0.000000000000,0.000000000000,0.000053705958,0.000000000000,0.000000000000,0.000035824304,0.000000000000,0.000000000000,0.000037086405,0.000000000000,0.000000000000,0.000040770913,0.000000000000,0.000000000000,0.000024345552,0.000000000000,0.000000000000,0.000027529197,0.000000000000,0.000000000000,0.000029161950
666,0.000000000000,0.000000000000,0.000128548184,0.000000000000,0.000000000000,0.000124003130,0.000000000000,0.000000000000,0.000134327907,0.000000000000,0.000000000000,0.000074077375,0.000000000000,0.000000000000,0.000076570046,0.000000000000,0.000000000000,0.000082625601,0.000000000000,0.000000000000,0.000045399484,0.000000000000,0.000000000000,0.000051346698,0.000000000000,0.000000000000,0.000053705958,0.000000000000,0.000000000000,0.000035824304,0.000000000000,0.000000000000,0.000037086405,0.000000000000,0.000000000000,0.000040770913,0.000000000000,0.000000000000,0.000024345552,0.000000000000,0.000000000000,0.000027529197,0.000000000000,0.000000000000,0.000029161950
667,0.000000000000,0.000000000000,0.000128548184,0.000000000000,0.000000000000,0.000124003130,0.000000000000,0.000000000000,0.000134327907,0.000000000000,0.000000000000,0.000074077375,0.000000000000,0.000000000000,0.000076570046,0.000000000000,0.000000000000,0.000082625601,0.000000000000,0.000000000000,0.000045399484,0.000000000000,0.000000000000,0.000051346698,0.000000000000,0.000000000000,0.000053705958,0.000000000000,0.000000000000,0.000035824304,0.000000000000,0.000000000000,0.000037086405,0.000000000000,0.000000000000,0.000040770913,0.000000000000,0.000000000000,0.000024345552,0.000000000000,0.000000000000,0.000027529197,0.000000000000,0.000000000000,0.000029161950
668,0.000000000000,0.000000000000,0.000128548184,0.000000000000,0.000000000000,0.000124003130,0.000000000000,0.000000000000,0.000134327907,0.000000000000,0.000000000000,0.000074077375,0.000000000000,0.000000000000,0.000076570046,0.000000000000,0.000000000000,0.000082625601,0.000000000000,0.000000000000,0.000045399484,0.000000000000,0.000000000000,0.000051346698,0.000000000000,0.000000000000,0.000053705958,0.000000000000,0.000000000000,0.000035824304,0.000000000000,0.000000000000,0.000037086405,0.000000000000,0.000000000000,0.000040770913,0.000000000000,0.000000000000,0.000024345552,0.000000000000,0.000000000000,0.000027529197,0.000000000000,0.000000000000,0.000029161950
669,0.000000000000,0.000000000000,0.000128548184,0.000000000000,0.000000000000,0.000124003130,0.000000000000,0.000000000000,0.000134327907,0.000000000000,0.000000000000,0.000074077375,0.000000000000,0.000000000000,0.000076570046,0.000000000000,0.000000000000,0.000082625601,0.000000000000,0.000000000000,0.000045399484,0.000000000000,0.000000000000,0.000051346698,0.000000000000,0.000000000000,0.000053705958,0.000000000000,0.000000000000,0.000035824304,0.000000000000,0.000000000000,0.000037086405,0.000000000000,0.000000000000,0.000040770913,0.000000000000,0.000000000000,0.000024345552,0.000000000000,0.000000000000,0.000027529197,0.000000000000,0.000000000000,0.000029161950
670,0.000000000000,0.000000000000,0.000128548184,0.000000000000,0.000000000000,0.000124003130,0.000000000000,0.000000000000,0.000134327907,0.000000000000,0.000000000000,0.000074077375,0.000000000000,0.000000000000,0.000076570046,0.000000000000,0.000000000000,0.000082625601,0.000000000000,0.000000000000,0.000045399484,0.000000000000,0.000000000000,0.000051346698,0.000000000000,0.000000000000,0.000053705958,0.000000000000,0.000000000000,0.000035824304,0.000000000000,0.000000000000,0.000037086405,0.000000000000,0.000000000000,0.000040770913,0.000000000000,0.000000000000,0.000024345552,0.000000000000,0.000000000000,0.000027529197,0.000000000000,0.000000000000,0.000029161950
671,0.000000000000,0.000000000000,0.000128548184,0.000000000000,0.000000000000,0.000124003130,0.000000000000,0.000000000000,0.000134327907,0.000000000000,0.000000000000,0.000074077375,0.000000000000,0.000000000000,0.000076570046,0.000000000000,0.000000000000,0.000082625601,0.000000000000,0.000000000000,0.000045399484,0.000000000000,0.000000000000,0.000051346698,0.000000000000,0.000000000000,0.000053705958,0.000000000000,0.000000000000,0.000035824304,0.000000000000,0.000000000000,0.000037086405,0.000000000000,0.000000000000,0.000040770913,0.000000000000,0.000000000000,0.000024345552,0.000000000000,0.000000000000,0.000027529197,0.000000000000,0.000000000000,0.000029161950
672,0.000000000000,0.000000000000,0.000128548184,0.000000000000,0.000000000000,0.000124003130,0.000000000000,0.000000000000,0.000134327907,0.000000000000,0.000000000000,0.000074077375,0.000000000000,0.000000000000,0.000076570046,0.000000000000,0.000000000000,0.000082625601,0.000000000000,0.000000000000,0.000045399484,0.000000000000,0.000000000000,0.000051346698,0.000000000000,0.000000000000,0.000053705958,0.000000000000,0.000000000000,0.000035824304,0.000000000000,0.000000000000,0.000037086405,0.000000000000,0.000000000000,0.000040770913,0.000000000000,0.000000000000,0.000024345552,0.000000000000,0.000000000000,0.000027529197,0.000000000000,0.000000000000,0.000029161950
673,0.000000000000,0.000000000000,0.000128548184,0.000000000000,0.000000000000,0.000124003130,0.000000000000,0.000000000000,0.000134327907,0.000000000000,0.000000000000,0.000074077375,0.000000000000,0.000000000000,0.000076570046,0.000000000000,0.000000000000,0.000082625601,0.000000000000,0.000000000000,0.000045399484,0.000000000000,0.000000000000,0.000051346698,0.000000000000,0.000000000000,0.000053705958,0.000000000000,0.000000000000,0.000035824304,0.000000000000,0.000000000000,0.000037103129,0.000000000000,0.000000000000,0.000040770913,0.000000000000,0.000000000000,0.000024345552,0.000000000000,0.000000000000,0.000027529197,0.000000000000,0.000000000000,0.000029161950
674,0.000000000000,0.000000000000,0.000128548184,0.000000000000,0.000000000000,0.000124003130,0.000000000000,0.000000000000,0.000134327907,0.000000000000,0.000000000000,0.000074077375,0.000000000000,0.000000000000,0.000076570046,0.000000000000,0.000000000000,0.000082625601,0.000000000000,0.000000000000,0.000045399484,0.000000000000,0.000000000000,0.000051346698,0.000000000000,0.000000000000,0.000053705958,0.000000000000,0.000000000000,0.000035824304,0.000000000000,0.000000000000,0.000037103129,0.000000000000,0.000000000000,0.000040770913,0.000000000000,0.000000000000,0.000024345552,0.000000000000,0.000000000000,0.000027529197,0.000000000000,0.000000000000,0.000029161950
675,0.000000000000,0.000000000000,0.000128548184,0.000000000000,0.000000000000,0.000124003130,0.000000000000,0.000000000000,0.000134327907,0.000000000000,0.000000000000,0.000074077375,0.000000000000,0.000000000000,0.000076570046,0.000000000000,0.000000000000,0.000082625601,0.000000000000,0.000000000000,0.000045399484,0.000000000000,0.000000000000,0.000051346698,0.000000000000,0.000000000000,0.000053705958,0.000000000000,0.000000000000,0.000035824304,0.000000000000,0.000000000000,0.000037103707,0.000000000000,0.000000000000,0.000040770913,0.000000000000,0.000000000000,0.000024345552,0.000000000000,0.000000000000,0.000027529197,0.000000000000,0.000000000000,0.000029161950
676,0.000000000000,0.000000000000,0.000128548184,0.000000000000,0.000000000000,0.000124003130,0.000000000000,0.000000000000,0.000134327907,0.000000000000,0.000000000000,0.000074077375,0.000000000000,0.000000000000,0.000076570046,0.000000000000,0.000000000000,0.000082625601,0.000000000000,0.000000000000,0.000045399484,0.000000000000,0.000000000000,0.000051346698,0.000000000000,0.000000000000,0.000053705958,0.000000000000,0.000000000000,0.000035824304,0.000000000000,0.000000000000,0.000037103707,0.000000000000,0.000000000000,0.000040770913,0.000000000000,0.000000000000,0.000024345552,0.000000000000,0.000000000000,0.000027529197,0.000000000000,0.000000000000,0.000029161950
677,0.000000000000,0.000000000000,0.000128548184,0.000000000000,0.000000000000,0.000124003130,0.000000000000,0.000000000000,0.000134327907,0.000000000000,0.000000000000,0.000074077375,0.000000000000,0.000000000000,0.000076570046,0.000000000000,0.000000000000,0.000082625601,0.000000000000,0.000000000000,0.000045399484,0.000000000000,0.000000000000,0.000051346698,0.000000000000,0.000000000000,0.000053705958,0.000000000000,0.000000000000,0.000035824304,0.000000000000,0.000000000000,0.000037103707,0.000000000000,0.000000000000,0.000040770913,0.000000000000,0.000000000000,0.000024345552,0.000000000000,0.000000000000,0.000027529197,0.000000000000,0.000000000000,0.000029161950
678,0.000000000000,0.000000000000,0.000128548184,0.000000000000,0.000000000000,0.000124003130,0.000000000000,0.000000000000,0.000134327907,0.000000000000,0.000000000000,0.000074197304,0.000000000000,0.000000000000,0.000076570046,0.000000000000,0.000000000000,0.000082625601,0.000000000000,0.000000000000,0.000045399484,0.000000000000,0.000000000000,0.000051346698,0.000000000000,0.000000000000,0.000053705958,0.000000000000,0.000000000000,0.000035824304,0.000000000000,0.000000000000,0.000037103707,0.000000000000,0.000000000000,0.000040770913,0.000000000000,0.000000000000,0.000024345552,0.000000000000,0.000000000000,0.000027529197,0.000000000000,0.000000000000,0.000029161950
679,0.000000000000,0.000000000000,0.000128548184,0.000000000000,0.000000000000,0.000124003130,0.000000000000,0.000000000000,0.000134327907,0.000000000000,0.000000000000,0.000074197304,0.000000000000,0.000000000000,0.000076570046,0.000000000000,0.000000000000,0.000082625601,0.000000000000,0.000000000000,0.000045399484,0.000000000000,0.000000000000,0.000051346698,0.000000000000,0.000000000000,0.000053705958,0.000000000000,0.000000000000,0.000035824304,0.000000000000,0.000000000000,0.000037103707,0.000000000000,0.000000000000,0.000040770913,0.000000000000,0.000000000000,0.000024345552,0.000000000000,0.000000000000,0.000027529197,0.000000000000,0.000000000000,0.000029161950
680,0.000000000000,0.000000000000,0.000128548184,0.000000000000,0.000000000000,0.000124003130,0.000000000000,0.000000000000,0.000134327907,0.000000000000,0.000000000000,0.000074197304,0.000000000000,0.000000000000,0.000076570046,0.000000000000,0.000000000000,0.000082625601,0.000000000000,0.000000000000,0.000045399484,0.000000000000,0.000000000000,0.000051346698,0.000000000000,0.000000000000,0.000053705958,0.000000000000,0.000000000000,0.000035824304,0.000000000000,0.000000000000,0.000037103707,0.000000000000,0.000000000000,0.000040770913,0.000000000000,0.000000000000,0.000024345552,0.000000000000,0.000000000000,0.000027529197,0.000000000000,0.000000000000,0.000029161950
681,0.000000000000,0.000000000000,0.000128548184,0.000000000000,0.000000000000,0.000124003130,0.000000000000,0.000000000000,0.000134327907,0.000000000000,0.000000000000,0.000074197304,0.000000000000,0.000000000000,0.000076570046,0.000000000000,0.000000000000,0.000082625601,0.000000000000,0.000000000000,0.000045399484,0.000000000000,0.000000000000,0.000051346698,0.000000000000,0.000000000000,0.000053705958,0.000000000000,0.000000000000,0.000035824304,0.000000000000,0.000000000000,0.000037103707,0.000000000000,0.000000000000,0.000040770913,0.000000000000,0.000000000000,0.000024345552,0.000000000000,0.000000000000,0.000027529197,0.000000000000,0.000000000000,0.000029161950
682,0.000000000000,0.000000000000,0.000128548184,0.000000000000,0.000000000000,0.000124003130,0.000000000000,0.000000000000,0.000134327907,0.000000000000,0.000000000000,0.000074197304,0.000000000000,0.000000000000,0.000076570046,0.000000000000,0.000000000000,0.000082625601,0.000000000000,0.000000000000,0.000045399484,0.000000000000,0.000000000000,0.000051346698,0.000000000000,0.000000000000,0.000053705958,0.000000000000,0.000000000000,0.000035824304,0.000000000000,0.000000000000,0.000037103707,0.000000000000,0.000000000000,0.000040770913,0.000000000000,0.000000000000,0.000024345552,0.000000000000,0.000000000000,0.000027529197,0.000000000000,0.000000000000,0.000029161950
683,0.000000000000,0.000000000000,0.000128548184,0.000000000000,0.000000000000,0.000124003130,0.000000000000,0.000000000000,0.000134327907,0.000000000000,0.000000000000,0.000074197304,0.000000000000,0.000000000000,0.000076570046,0.000000000000,0.000000000000,0.000082625601,0.000000000000,0.000000000000,0.000045399484,0.000000000000,0.000000000000,0.000051346698,0.000000000000,0.000000000000,0.000053705958,0.000000000000,0.000000000000,0.000035824304,0.000000000000,0.000000000000,0.000037103707,0.000000000000,0.000000000000,0.000040770913,0.000000000000,0.000000000000,0.000024345552,0.000000000000,0.000000000000,0.000027529197,0.000000000000,0.000000000000,0.000029161950
684,0.000000000000,0.000000000000,0.000128548184,0.000000000000,0.000000000000,0.000124003130,0.000000000000,0.000000000000,0.000134327907,0.000000000000,0.000000000000,0.000074197304,0.000000000000,0.000000000000,0.000076570046,0.000000000000,0.000000000000,0.000082625601,0.000000000000,0.000000000000,0.000045399484,0.000000000000,0.000000000000,0.000051346698,0.000000000000,0.000000000000,0.000053705958,0.000000000000,0.000000000000,0.000035824304,0.000000000000,0.000000000000,0.000037103707,0.000000000000,0.000000000000,0.000040770913,0.000000000000,0.000000000000,0.000024345552,0.000000000000,0.000000000000,0.000027529197,0.000000000000,0.000000000000,0.000029161950
685,0.000000000000,0.000000000000,0.000128548184,0.000000000000,0.000000000000,0.000124003130,0.000000000000,0.000000000000,0.000134327907,0.000000000000,0.000000000000,0.000074197304,0.000000000000,0.000000000000,0.000076570046,0.000000000000,0.000000000000,0.000082625601,0.000000000000,0.000000000000,0.000045399484,0.000000000000,0.000000000000,0.000051346698,0.000000000000,0.000000000000,0.000053705958,0.000000000000,0.000000000000,0.000035824304,0.000000000000,0.000000000000,0.000037103707,0.000000000000,0.000000000000,0.000040770913,0.000000000000,0.000000000000,0.000024345552,0.000000000000,0.000000000000,0.000027529197,0.000000000000,0.000000000000,0.000029161950
686,0.000000000000,0.000000000000,0.000128548184,0.000000000000,0.000000000000,0.000124003130,0.000000000000,0.000000000000,0.000134327907,0.000000000000,0.000000000000,0.000074197304,0.000000000000,0.000000000000,0.000076570046,0.000000000000,0.000000000000,0.000082625601,0.000000000000,0.000000000000,0.000045399484,0.000000000000,0.000000000000,0.000051346698,0.000000000000,0.000000000000,0.000053705958,0.000000000000,0.000000000000,0.000035824304,0.000000000000,0.000000000000,0.000037103707,0.000000000000,0.000000000000,0.000040770913,0.000000000000,0.000000000000,0.000024345552,0.000000000000,0.000000000000,0.000027529197,0.000000000000,0.000000000000,0.000029161950
687,0.000000000000,0.000000000000,0.000128548184,0.000000000000,0.000000000000,0.000124003130,0.000000000000,0.000000000000,0.000134327907,0.000000000000,0.000000000000,0.000074197304,0.000000000000,0.000000000000,0.000076570046,0.000000000000,0.000000000000,0.000082625601,0.000000000000,0.000000000000,0.000045399484,0.000000000000,0.000000000000,0.000051346698,0.000000000000,0.000000000000,0.000053705958,0.000000000000,0.000000000000,0.000035824304,0.000000000000,0.000000000000,0.000037103707,0.000000000000,0.000000000000,0.000040770913,0.000000000000,0.000000000000,0.000024345552,0.000000000000,0.000000000000,0.000027529197,0.000000000000,0.000000000000,0.000029161950
688,0.000000000000,0.000000000000,0.000128548184,0.000000000000,0.000000000000,0.000124003130,0.000000000000,0.000000000000,0.000134327907,0.000000000000,0.000000000000,0.000074197304,0.000000000000,0.000000000000,0.000076570046,0.000000000000,0.000000000000,0.000082625601,0.000000000000,0.000000000000,0.000045399484,0.000000000000,0.000000000000,0.000051346698,0.000000000000,0.000000000000,0.000053705958,0.000000000000,0.000000000000,0.000035824304,0.000000000000,0.000000000000,0.000037103707,0.000000000000,0.000000000000,0.000040770913,0.000000000000,0.000000000000,0.000024345552,0.000000000000,0.000000000000,0.000027529197,0.000000000000,0.000000000000,0.000029161950
689,0.000000000000,0.000000000000,0.000128548184,0.000000000000,0.000000000000,0.000124003130,0.000000000000,0.000000000000,0.000134327907,0.000000000000,0.000000000000,0.000074197304,0.000000000000,0.000000000000,0.000076570046,0.000000000000,0.000000000000,0.000082625601,0.000000000000,0.000000000000,0.000045399484,0.000000000000,0.000000000000,0.000051346698,0.000000000000,0.000000000000,0.000053705958,0.000000000000,0.000000000000,0.000035824304,0.000000000000,0.000000000000,0.000037103707,0.000000000000,0.000000000000,0.000040770913,0.000000000000,0.000000000000,0.000024345552,0.000000000000,0.000000000000,0.000027529197,0.000000000000,0.000000000000,0.000029161950
690,0.000000000000,0.000000000000,0.000128548184,0.000000000000,0.000000000000,0.000124003130,0.000000000000,0.000000000000,0.000134327907,0.000000000000,0.000000000000,0.000074197304,0.000000000000,0.000000000000,0.000076570046,0.000000000000,0.000000000000,0.000082625601,0.000000000000,0.000000000000,0.000045399484,0.000000000000,0.000000000000,0.000051346698,0.000000000000,0.000000000000,0.000053705958,0.000000000000,0.000000000000,0.000035824304,0.000000000000,0.000000000000,0.000037103707,0.000000000000,0.000000000000,0.000040770913,0.000000000000,0.000000000000,0.000024345552,0.000000000000,0.000000000000,0.000027529197,0.000000000000,0.000000000000,0.000029161950
691,0.000000000000,0.000000000000,0.000128548184,0.000000000000,0.000000000000,0.000124003130,0.000000000000,0.000000000000,0.000134327907,0.000000000000,0.000000000000,0.000074197304,0.000000000000,0.000000000000,0.000076570046,0.000000000000,0.000000000000,0.000082625601,0.000000000000,0.000000000000,0.000045399484,0.000000000000,0.000000000000,0.000051346698,0.000000000000,0.000000000000,0.000053705958,0.000000000000,0.000000000000,0.000035824304,0.000000000000,0.000000000000,0.000037103707,0.000000000000,0.000000000000,0.000040770913,0.000000000000,0.000000000000,0.000024345552,0.000000000000,0.000000000000,0.000027529197,0.000000000000,0.000000000000,0.000029161950
692,0.000000000000,0.000000000000,0.000128548184,0.000000000000,0.000000000000,0.000124003130,0.000000000000,0.000000000000,0.000134327907,0.000000000000,0.000000000000,0.000074197304,0.000000000000,0.000000000000,0.000076570046,0.000000000000,0.000000000000,0.000082625601,0.000000000000,0.000000000000,0.000045399484,0.000000000000,0.000000000000,0.000051346698,0.000000000000,0.000000000000,0.000053705958,0.000000000000,0.000000000000,0.000035824304,0.000000000000,0.000000000000,0.000037103707,0.000000000000,0.000000000000,0.000040770913,0.000000000000,0.000000000000,0.000024345552,0.000000000000,0.000000000000,0.000027529197,0.000000000000,0.000000000000,0.000029161950
693,0.000000000000,0.000000000000,0.000128548184,0.000000000000,0.000000000000,0.000124003130,0.000000000000,0.000000000000,0.000134327907,0.000000000000,0.000000000000,0.000074197304,0.000000000000,0.000000000000,0.000076570046,0.000000000000,0.000000000000,0.000082625601,0.000000000000,0.000000000000,0.000045399484,0.000000000000,0.000000000000,0.000051346698,0.000000000000,0.000000000000,0.000053705958,0.000000000000,0.000000000000,0.000035824304,0.000000000000,0.000000000000,0.000037103707,0.000000000000,0.000000000000,0.000040770913,0.000000000000,0.000000000000,0.000024345552,0.000000000000,0.000000000000,0.000027529197,0.000000000000,0.000000000000,0.000029161950
694,0.000000000000,0.000000000000,0.000128548184,0.000000000000,0.000000000000,0.000124003130,0.000000000000,0.000000000000,0.000134327907,0.000000000000,0.000000000000,0.000074197304,0.000000000000,0.000000000000,0.000076570046,0.000000000000,0.000000000000,0.000082625601,0.000000000000,0.000000000000,0.000045399484,0.000000000000,0.000000000000,0.000051346698,0.000000000000,0.000000000000,0.000053705958,0.000000000000,0.000000000000,0.000035824304,0.000000000000,0.000000000000,0.000037103707,0.000000000000,0.000000000000,0.000040770913,0.000000000000,0.000000000000,0.000024345552,0.000000000000,0.000000000000,0.000027529197,0.000000000000,0.000000000000,0.000029161950
695,0.000000000000,0.000000000000,0.000128548184,0.000000000000,0.000000000000,0.000124003130,0.000000000000,0.000000000000,0.000134327907,0.000000000000,0.000000000000,0.000074197304,0.000000000000,0.000000000000,0.000076570046,0.000000000000,0.000000000000,0.000082625601,0.000000000000,0.000000000000,0.000045399484,0.000000000000,0.000000000000,0.000051346698,0.000000000000,0.000000000000,0.000053705958,0.000000000000,0.000000000000,0.000035824304,0.000000000000,0.000000000000,0.000037103707,0.000000000000,0.000000000000,0.000040770913,0.000000000000,0.000000000000,0.000024345552,0.000000000000,0.000000000000,0.000027529197,0.000000000000,0.000000000000,0.000029161950
696,0.000000000000,0.000000000000,0.000128548184,0.000000000000,0.000000000000,0.000124003130,0.000000000000,0.000000000000,0.000134327907,0.000000000000,0.000000000000,0.000074197304,0.000000000000,0.000000000000,0.000076570046,0.000000000000,0.000000000000,0.000082625601,0.000000000000,0.000000000000,0.000045399484,0.000000000000,0.000000000000,0.000051346698,0.000000000000,0.000000000000,0.000053705958,0.000000000000,0.000000000000,0.000035824304,0.000000000000,0.000000000000,0.000037103707,0.000000000000,0.000000000000,0.000040770913,0.000000000000,0.000000000000,0.000024345552,0.000000000000,0.000000000000,0.000027529197,0.000000000000,0.000000000000,0.000029161950
697,0.000000000000,0.000000000000,0.000128548184,0.000000000000,0.000000000000,0.000124003130,0.000000000000,0.000000000000,0.000134327907,0.000000000000,0.000000000000,0.000074197304,0.000000000000,0.000000000000,0.000076570046,0.000000000000,0.000000000000,0.000082625601,0.000000000000,0.000000000000,0.000045399484,0.000000000000,0.000000000000,0.000051346698,0.000000000000,0.000000000000,0.000053705958,0.000000000000,0.000000000000,0.000035824304,0.000000000000,0.000000000000,0.000037103707,0.000000000000,0.000000000000,0.000040770913,0.000000000000,0.000000000000,0.000024345552,0.000000000000,0.000000000000,0.000027529197,0.000000000000,0.000000000000,0.000029161950
698,0.000000000000,0.000000000000,0.000128548184,0.000000000000,0.000000000000,0.000124003130,0.000000000000,0.000000000000,0.000134327907,0.000000000000,0.000000000000,0.000074197304,0.000000000000,0.000000000000,0.000076570046,0.000000000000,0.000000000000,0.000082625601,0.000000000000,0.000000000000,0.000045399484,0.000000000000,0.000000000000,0.000051346698,0.000000000000,0.000000000000,0.000053705958,0.000000000000,0.000000000000,0.000035824304,0.000000000000,0.000000000000,0.000037103707,0.000000000000,0.000000000000,0.000040770913,0.000000000000,0.000000000000,0.000024345552,0.000000000000,0.000000000000,0.000027529197,0.000000000000,0.000000000000,0.000029161950
699,0.000000000000,0.000000000000,0.000128548184,0.000000000000,0.000000000000,0.000124003130,0.000000000000,0.000000000000,0.000134327907,0.000000000000,0.000000000000,0.000074224904,0.000000000000,0.000000000000,0.000076570046,0.000000000000,0.000000000000,0.000082625601,0.000000000000,0.000000000000,0.000045399484,0.000000000000,0.000000000000,0.000051346698,0.000000000000,0.000000000000,0.000053705958,0.000000000000,0.000000000000,0.000035824304,0.000000000000,0.000000000000,0.000037103707,0.000000000000,0.000000000000,0.000040770913,0.000000000000,0.000000000000,0.000024345552,0.000000000000,0.000000000000,0.000027529197,0.000000000000,0.000000000000,0.000029161950
700,0.000000000000,0.000000000000,0.000128548184,0.000000000000,0.000000000000,0.000124003130,0.000000000000,0.000000000000,0.000134327907,0.000000000000,0.000000000000,0.000074224904,0.000000000000,0.000000000000,0.000076570046,0.000000000000,0.000000000000,0.000082625601,0.000000000000,0.000000000000,0.000045399484,0.000000000000,0.000000000000,0.000051346698,0.000000000000,0.000000000000,0.000053705958,0.000000000000,0.000000000000,0.000035824304,0.000000000000,0.000000000000,0.000037103707,0.000000000000,0.000000000000,0.000040770913,0.000000000000,0.000000000000,0.000024345552,0.000000000000,0.000000000000,0.000027529197,0.000000000000,0.000000000000,0.000029161950
701,0.000000000000,0.000000000000,0.000128548184,0.000000000000,0.000000000000,0.000124003130,0.000000000000,0.000000000000,0.000134327907,0.000000000000,0.000000000000,0.000074224904,0.000000000000,0.000000000000,0.000076570046,0.000000000000,0.000000000000,0.000082625601,0.000000000000,0.000000000000,0.000045399484,0.000000000000,0.000000000000,0.000051346698,0.000000000000,0.000000000000,0.000053705958,0.000000000000,0.000000000000,0.000035824304,0.000000000000,0.000000000000,0.000037103707,0.000000000000,0.000000000000,0.000040770913,0.000000000000,0.000000000000,0.000024345552,0.000000000000,0.000000000000,0.000027532871,0.000000000000,0.000000000000,0.000029161950
702,0.000000000000,0.000000000000,0.000128548184,0.000000000000,0.000000000000,0.000124003130,0.000000000000,0.000000000000,0.000134327907,0.000000000000,0.000000000000,0.000074224904,0.000000000000,0.000000000000,0.000076570046,0.000000000000,0.000000000000,0.000082625601,0.000000000000,0.000000000000,0.000045399484,0.000000000000,0.000000000000,0.000051346698,0.000000000000,0.000000000000,0.000053705958,0.000000000000,0.000000000000,0.000035824304,0.000000000000,0.000000000000,0.000037103707,0.000000000000,0.000000000000,0.000040770913,0.000000000000,0.000000000000,0.000024345552,0.000000000000,0.000000000000,0.000027532871,0.000000000000,0.000000000000,0.000029161950
703,0.000000000000,0.000000000000,0.000128548184,0.000000000000,0.000000000000,0.000124003130,0.000000000000,0.000000000000,0.000134327907,0.000000000000,0.000000000000,0.000074224904,0.000000000000,0.000000000000,0.000076570046,0.000000000000,0.000000000000,0.000082625601,0.000000000000,0.000000000000,0.000045399484,0.000000000000,0.000000000000,0.000051346698,0.000000000000,0.000000000000,0.000053705958,0.000000000000,0.000000000000,0.000035824304,0.000000000000,0.000000000000,0.000037103707,0.000000000000,0.000000000000,0.000040770913,0.000000000000,0.000000000000,0.000024345552,0.000000000000,0.000000000000,0.000027532871,0.000000000000,0.000000000000,0.000029161950
704,0.000000000000,0.000000000000,0.000128548184,0.000000000000,0.000000000000,0.000124003130,0.000000000000,0.000000000000,0.000134327907,0.000000000000,0.000000000000,0.000074224904,0.000000000000,0.000000000000,0.000076570046,0.000000000000,0.000000000000,0.000082625601,0.000000000000,0.000000000000,0.000045399484,0.000000000000,0.000000000000,0.000051346698,0.000000000000,0.000000000000,0.000053705958,0.000000000000,0.000000000000,0.000035824304,0.000000000000,0.000000000000,0.000037103707,0.000000000000,0.000000000000,0.000040770913,0.000000000000,0.000000000000,0.000024345552,0.000000000000,0.000000000000,0.000027532871,0.000000000000,0.000000000000,0.000029161950
705,0.000000000000,0.000000000000,0.000128548184,0.000000000000,0.000000000000,0.000124003130,0.000000000000,0.000000000000,0.000134327907,0.000000000000,0.000000000000,0.000074224904,0.000000000000,0.000000000000,0.000076570046,0.000000000000,0.000000000000,0.000082625601,0.000000000000,0.000000000000,0.000045399484,0.000000000000,0.000000000000,0.000051346698,0.000000000000,0.000000000000,0.000053705958,0.000000000000,0.000000000000,0.000035824304,0.000000000000,0.000000000000,0.000037103707,0.000000000000,0.000000000000,0.000040770913,0.000000000000,0.000000000000,0.000024345552,0.000000000000,0.000000000000,0.000027532871,0.000000000000,0.000000000000,0.000029161950
706,0.000000000000,0.000000000000,0.000128548184,0.000000000000,0.000000000000,0.000124003130,0.000000000000,0.000000000000,0.000134327907,0.000000000000,0.000000000000,0.000074224904,0.000000000000,0.000000000000,0.000076570046,0.000000000000,0.000000000000,0.000082625601,0.000000000000,0.000000000000,0.000045399484,0.000000000000,0.000000000000,0.000051346698,0.000000000000,0.000000000000,0.000053705958,0.000000000000,0.000000000000,0.000035824304,0.000000000000,0.000000000000,0.000037103707,0.000000000000,0.000000000000,0.000040770913,0.000000000000,0.000000000000,0.000024345552,0.000000000000,0.000000000000,0.000027532871,0.000000000000,0.000000000000,0.000029161950
707,0.000000000000,0.000000000000,0.000128548184,0.000000000000,0.000000000000,0.000124003130,0.000000000000,0.000000000000,0.000134327907,0.000000000000,0.000000000000,0.000074224904,0.000000000000,0.000000000000,0.000076570046,0.000000000000,0.000000000000,0.000082625601,0.000000000000,0.000000000000,0.000045399484,0.000000000000,0.000000000000,0.000051346698,0.000000000000,0.000000000000,0.000053705958,0.000000000000,0.000000000000,0.000035824304,0.000000000000,0.000000000000,0.000037103707,0.000000000000,0.000000000000,0.000040770913,0.000000000000,0.000000000000,0.000024345552,0.000000000000,0.000000000000,0.000027532871,0.000000000000,0.000000000000,0.000029161950
708,0.000000000000,0.000000000000,0.000128548184,0.000000000000,0.000000000000,0.000124003130,0.000000000000,0.000000000000,0.000134327907,0.000000000000,0.000000000000,0.000074224904,0.000000000000,0.000000000000,0.000076570046,0.000000000000,0.000000000000,0.000082625601,0.000000000000,0.000000000000,0.000045399484,0.000000000000,0.000000000000,0.000051346698,0.000000000000,0.000000000000,0.000053705958,0.000000000000,0.000000000000,0.000035824304,0.000000000000,0.000000000000,0.000037103707,0.000000000000,0.000000000000,0.000040770913,0.000000000000,0.000000000000,0.000024345552,0.000000000000,0.000000000000,0.000027532871,0.000000000000,0.000000000000,0.000029161950
709,0.000000000000,0.000000000000,0.000128548184,0.000000000000,0.000000000000,0.000124003130,0.000000000000,0.000000000000,0.000134327907,0.000000000000,0.000000000000,0.000074224904,0.000000000000,0.000000000000,0.000076570046,0.000000000000,0.000000000000,0.000082625601,0.000000000000,0.000000000000,0.000045399484,0.000000000000,0.000000000000,0.000051346698,0.000000000000,0.000000000000,0.000053705958,0.000000000000,0.000000000000,0.000035824304,0.000000000000,0.000000000000,0.000037103707,0.000000000000,0.000000000000,0.000040770913,0.000000000000,0.000000000000,0.000024345552,0.000000000000,0.000000000000,0.000027532871,0.000000000000,0.000000000000,0.000029161950
710,0.000000000000,0.000000000000,0.000128548184,0.000000000000,0.000000000000,0.000124003130,0.000000000000,0.000000000000,0.000134327907,0.000000000000,0.000000000000,0.000074224904,0.000000000000,0.000000000000,0.000076570046,0.000000000000,0.000000000000,0.000082625601,0.000000000000,0.000000000000,0.000045399484,0.000000000000,0.000000000000,0.000051346698,0.000000000000,0.000000000000,0.000053705958,0.000000000000,0.000000000000,0.000035824304,0.000000000000,0.000000000000,0.000037103707,0.000000000000,0.000000000000,0.000040770913,0.000000000000,0.000000000000,0.000024345552,0.000000000000,0.000000000000,0.000027532871,0.000000000000,0.000000000000,0.000029161950
711,0.000000000000,0.000000000000,0.000128548184,0.000000000000,0.000000000000,0.000124003130,0.000000000000,0.000000000000,0.000134327907,0.000000000000,0.000000000000,0.000074224904,0.000000000000,0.000000000000,0.000076570046,0.000000000000,0.000000000000,0.000082625601,0.000000000000,0.000000000000,0.000045399484,0.000000000000,0.000000000000,0.000051346698,0.000000000000,0.000000000000,0.000053705958,0.000000000000,0.000000000000,0.000035824304,0.000000000000,0.000000000000,0.000037103707,0.000000000000,0.000000000000,0.000040770913,0.000000000000,0.000000000000,0.000024345552,0.000000000000,0.000000000000,0.000027532871,0.000000000000,0.000000000000,0.000029161950
712,0.000000000000,0.000000000000,0.000128548184,0.000000000000,0.000000000000,0.000124003130,0.000000000000,0.000000000000,0.000134327907,0.000000000000,0.000000000000,0.000074224904,0.000000000000,0.000000000000,0.000076570046,0.000000000000,0.000000000000,0.000082625601,0.000000000000,0.000000000000,0.000045399484,0.000000000000,0.000000000000,0.000051346698,0.000000000000,0.000000000000,0.000053705958,0.000000000000,0.000000000000,0.000035824304,0.000000000000,0.000000000000,0.000037103707,0.000000000000,0.000000000000,0.000040770913,0.000000000000,0.000000000000,0.000024345552,0.000000000000,0.000000000000,0.000027532871,0.000000000000,0.000000000000,0.000029161950
713,0.000000000000,0.000000000000,0.000128548184,0.000000000000,0.000000000000,0.000124003130,0.000000000000,0.000000000000,0.000134327907,0.000000000000,0.000000000000,0.000074224904,0.000000000000,0.000000000000,0.000076570046,0.000000000000,0.000000000000,0.000082625601,0.000000000000,0.000000000000,0.000045399484,0.000000000000,0.000000000000,0.000051346698,0.000000000000,0.000000000000,0.000053705958,0.000000000000,0.000000000000,0.000035824304,0.000000000000,0.000000000000,0.000037103707,0.000000000000,0.000000000000,0.000040770913,0.000000000000,0.000000000000,0.000024345552,0.000000000000,0.000000000000,0.000027532871,0.000000000000,0.000000000000,0.000029161950
714,0.000000000000,0.000000000000,0.000128548184,0.000000000000,0.000000000000,0.000124003130,0.000000000000,0.000000000000,0.000134327907,0.000000000000,0.000000000000,0.000074224904,0.000000000000,0.000000000000,0.000076570046,0.000000000000,0.000000000000,0.000082625601,0.000000000000,0.000000000000,0.000045399484,0.000000000000,0.000000000000,0.000051346698,0.000000000000,0.000000000000,0.000053705958,0.000000000000,0.000000000000,0.000035824304,0.000000000000,0.000000000000,0.000037103707,0.000000000000,0.000000000000,0.000040770913,0.000000000000,0.000000000000,0.000024345552,0.000000000000,0.000000000000,0.000027532871,0.000000000000,0.000000000000,0.000029161950
715,0.000000000000,0.000000000000,0.000128548184,0.000000000000,0.000000000000,0.000124003130,0.000000000000,0.000000000000,0.000134327907,0.000000000000,0.000000000000,0.000074224904,0.000000000000,0.000000000000,0.000076570046,0.000000000000,0.000000000000,0.000082625601,0.000000000000,0.000000000000,0.000045399484,0.000000000000,0.000000000000,0.000051346698,0.000000000000,0.000000000000,0.000053705958,0.000000000000,0.000000000000,0.000035824304,0.000000000000,0.000000000000,0.000037103707,0.000000000000,0.000000000000,0.000040770913,0.000000000000,0.000000000000,0.000024345552,0.000000000000,0.000000000000,0.000027532871,0.000000000000,0.000000000000,0.000029161950
716,0.000000000000,0.000000000000,0.000128548184,0.000000000000,0.000000000000,0.000124003130,0.000000000000,0.000000000000,0.000134327907,0.000000000000,0.000000000000,0.000074224904,0.000000000000,0.000000000000,0.000076570046,0.000000000000,0.000000000000,0.000082625601,0.000000000000,0.000000000000,0.000045399484,0.000000000000,0.000000000000,0.000051346698,0.000000000000,0.000000000000,0.000053705958,0.000000000000,0.000000000000,0.000035824304,0.000000000000,0.000000000000,0.000037103707,0.000000000000,0.000000000000,0.000040770913,0.000000000000,0.000000000000,0.000024345552,0.000000000000,0.000000000000,0.000027532871,0.000000000000,0.000000000000,0.000029161950
717,0.000000000000,0.000000000000,0.000128548184,0.000000000000,0.000000000000,0.000124003130,0.000000000000,0.000000000000,0.000134327907,0.000000000000,0.000000000000,0.000074224904,0.000000000000,0.000000000000,0.000076570046,0.000000000000,0.000000000000,0.000082625601,0.000000000000,0.000000000000,0.000045399484,0.000000000000,0.000000000000,0.000051346698,0.000000000000,0.000000000000,0.000053705958,0.000000000000,0.000000000000,0.000035824304,0.000000000000,0.000000000000,0.000037103707,0.000000000000,0.000000000000,0.000040770913,0.000000000000,0.000000000000,0.000024345552,0.000000000000,0.000000000000,0.000027532871,0.000000000000,0.000000000000,0.000029161950
718,0.000000000000,0.000000000000,0.000128548184,0.000000000000,0.000000000000,0.000124003130,0.000000000000,0.000000000000,0.000134327907,0.000000000000,0.000000000000,0.000074224904,0.000000000000,0.000000000000,0.000076570046,0.000000000000,0.000000000000,0.000082625601,0.000000000000,0.000000000000,0.000045399484,0.000000000000,0.000000000000,0.000051346698,0.000000000000,0.000000000000,0.000053705958,0.000000000000,0.000000000000,0.000035824304,0.000000000000,0.000000000000,0.000037103707,0.000000000000,0.000000000000,0.000040770913,0.000000000000,0.000000000000,0.000024345552,0.000000000000,0.000000000000,0.000027532871,0.000000000000,0.000000000000,0.000029161950
719,0.000000000000,0.000000000000,0.000128548184,0.000000000000,0.000000000000,0.000124003130,0.000000000000,0.000000000000,0.000134327907,0.000000000000,0.000000000000,0.000074224904,0.000000000000,0.000000000000,0.000076570046,0.000000000000,0.000000000000,0.000082625601,0.000000000000,0.000000000000,0.000045399484,0.000000000000,0.000000000000,0.000051346698,0.000000000000,0.000000000000,0.000053705958,0.000000000000,0.000000000000,0.000035824304,0.000000000000,0.000000000000,0.000037103707,0.000000000000,0.000000000000,0.000040770913,0.000000000000,0.000000000000,0.000024345552,0.000000000000,0.000000000000,0.000027532871,0.000000000000,0.000000000000,0.000029161950
720,0.000000000000,0.000000000000,0.000128548184,0.000000000000,0.000000000000,0.000124003130,0.000000000000,0.000000000000,0.000134327907,0.000000000000,0.000000000000,0.000074224904,0.000000000000,0.000000000000,0.000076570046,0.000000000000,0.000000000000,0.000082625601,0.000000000000,0.000000000000,0.000045399484,0.000000000000,0.000000000000,0.000051346698,0.000000000000,0.000000000000,0.000053705958,0.000000000000,0.000000000000,0.000035824304,0.000000000000,0.000000000000,0.000037103707,0.000000000000,0.000000000000,0.000040770913,0.000000000000,0.000000000000,0.000024345552,0.000000000000,0.000000000000,0.000027532871,0.000000000000,0.000000000000,0.000029161950
721,0.000000000000,0.000000000000,0.000128548184,0.000000000000,0.000000000000,0.000124003130,0.000000000000,0.000000000000,0.000134327907,0.000000000000,0.000000000000,0.000074224904,0.000000000000,0.000000000000,0.000076570046,0.000000000000,0.000000000000,0.000082625601,0.000000000000,0.000000000000,0.000045399484,0.000000000000,0.000000000000,0.000051346698,0.000000000000,0.000000000000,0.000053705958,0.000000000000,0.000000000000,0.000035824304,0.000000000000,0.000000000000,0.000037103707,0.000000000000,0.000000000000,0.000040770913,0.000000000000,0.000000000000,0.000024345552,0.000000000000,0.000000000000,0.000027532871,0.000000000000,0.000000000000,0.000029161950
722,0.000000000000,0.000000000000,0.000128548184,0.000000000000,0.000000000000,0.000124003130,0.000000000000,0.000000000000,0.000134327907,0.000000000000,0.000000000000,0.000074224904,0.000000000000,0.000000000000,0.000076570046,0.000000000000,0.000000000000,0.000082625601,0.000000000000,0.000000000000,0.000045399484,0.000000000000,0.000000000000,0.000051346698,0.000000000000,0.000000000000,0.000053705958,0.000000000000,0.000000000000,0.000035824304,0.000000000000,0.000000000000,0.000037103707,0.000000000000,0.000000000000,0.000040770913,0.000000000000,0.000000000000,0.000024345552,0.000000000000,0.000000000000,0.000027532871,0.000000000000,0.000000000000,0.000029161950
723,0.000000000000,0.000000000000,0.000128548184,0.000000000000,0.000000000000,0.000124003130,0.000000000000,0.000000000000,0.000134327907,0.000000000000,0.000000000000,0.000074224904,0.000000000000,0.000000000000,0.000076570046,0.000000000000,0.000000000000,0.000082625601,0.000000000000,0.000000000000,0.000045399484,0.000000000000,0.000000000000,0.000051346698,0.000000000000,0.000000000000,0.000053705958,0.000000000000,0.000000000000,0.000035824304,0.000000000000,0.000000000000,0.000037103707,0.000000000000,0.000000000000,0.000040770913,0.000000000000,0.000000000000,0.000024345552,0.000000000000,0.000000000000,0.000027532871,0.000000000000,0.000000000000,0.000029161950
724,0.000000000000,0.000000000000,0.000128548184,0.000000000000,0.000000000000,0.000124003130,0.000000000000,0.000000000000,0.000134327907,0.000000000000,0.000000000000,0.000074224904,0.000000000000,0.000000000000,0.000076570046,0.000000000000,0.000000000000,0.000082625601,0.000000000000,0.000000000000,0.000045399484,0.000000000000,0.000000000000,0.000051346698,0.000000000000,0.000000000000,0.000053705958,0.000000000000,0.000000000000,0.000035824304,0.000000000000,0.000000000000,0.000037103707,0.000000000000,0.000000000000,0.000040770913,0.000000000000,0.000000000000,0.000024345552,0.000000000000,0.000000000000,0.000027532871,0.000000000000,0.000000000000,0.000029161950
725,0.000000000000,0.000000000000,0.000128548184,0.000000000000,0.000000000000,0.000124003130,0.000000000000,0.000000000000,0.000134327907,0.000000000000,0.000000000000,0.000074224904,0.000000000000,0.000000000000,0.000076570046,0.000000000000,0.000000000000,0.000082625601,0.000000000000,0.000000000000,0.000045399484,0.000000000000,0.000000000000,0.000051346698,0.000000000000,0.000000000000,0.000053705958,0.000000000000,0.000000000000,0.000035824304,0.000000000000,0.000000000000,0.000037103707,0.000000000000,0.000000000000,0.000040770913,0.000000000000,0.000000000000,0.000024345552,0.000000000000,0.000000000000,0.000027532871,0.000000000000,0.000000000000,0.000029161950
726,0.000000000000,0.000000000000,0.000128548184,0.000000000000,0.000000000000,0.000124003130,0.000000000000,0.000000000000,0.000134327907,0.000000000000,0.000000000000,0.000074224904,0.000000000000,0.000000000000,0.000076570046,0.000000000000,0.000000000000,0.000082625601,0.000000000000,0.000000000000,0.000045399484,0.000000000000,0.000000000000,0.000051346698,0.000000000000,0.000000000000,0.000053705958,0.000000000000,0.000000000000,0.000035824304,0.000000000000,0.000000000000,0.000037103707,0.000000000000,0.000000000000,0.000040770913,0.000000000000,0.000000000000,0.000024345552,0.000000000000,0.000000000000,0.000027532871,0.000000000000,0.000000000000,0.000029161950
727,0.000000000000,0.000000000000,0.000128548184,0.000000000000,0.000000000000,0.000124003130,0.000000000000,0.000000000000,0.000134327907,0.000000000000,0.000000000000,0.000074224904,0.000000000000,0.000000000000,0.000076570046,0.000000000000,0.000000000000,0.000082625601,0.000000000000,0.000000000000,0.000045399484,0.000000000000,0.000000000000,0.000051346698,0.000000000000,0.000000000000,0.000053705958,0.000000000000,0.000000000000,0.000035824304,0.000000000000,0.000000000000,0.000037103707,0.000000000000,0.000000000000,0.000040770913,0.000000000000,0.000000000000,0.000024345552,0.000000000000,0.000000000000,0.000027532871,0.000000000000,0.000000000000,0.000029161950
728,0.000000000000,0.000000000000,0.000128548184,0.000000000000,0.000000000000,0.000124003130,0.000000000000,0.000000000000,0.000134327907,0.000000000000,0.000000000000,0.000074224904,0.000000000000,0.000000000000,0.000076570046,0.000000000000,0.000000000000,0.000082625601,0.000000000000,0.000000000000,0.000045399484,0.000000000000,0.000000000000,0.000051346698,0.000000000000,0.000000000000,0.000053705958,0.000000000000,0.000000000000,0.000035824304,0.000000000000,0.000000000000,0.000037103707,0.000000000000,0.000000000000,0.000040770913,0.000000000000,0.000000000000,0.000024345552,0.000000000000,0.000000000000,0.000027532871,0.000000000000,0.000000000000,0.000029161950
729,0.000000000000,0.000000000000,0.000128548184,0.000000000000,0.000000000000,0.000124003130,0.000000000000,0.000000000000,0.000134327907,0.000000000000,0.000000000000,0.000074224904,0.000000000000,0.000000000000,0.000076570046,0.000000000000,0.000000000000,0.000082625601,0.000000000000,0.000000000000,0.000045399484,0.000000000000,0.000000000000,0.000051346698,0.000000000000,0.000000000000,0.000053705958,0.000000000000,0.000000000000,0.000035824304,0.000000000000,0.000000000000,0.000037103707,0.000000000000,0.000000000000,0.000040770913,0.000000000000,0.000000000000,0.000024345552,0.000000000000,0.000000000000,0.000027532871,0.000000000000,0.000000000000,0.000029161950
730,0.000000000000,0.000000000000,0.000128548184,0.000000000000,0.000000000000,0.000124003130,0.000000000000,0.000000000000,0.000134327907,0.000000000000,0.000000000000,0.000074224904,0.000000000000,0.000000000000,0.000076570046,0.000000000000,0.000000000000,0.000082625601,0.000000000000,0.000000000000,0.000045399484,0.000000000000,0.000000000000,0.000051346698,0.000000000000,0.000000000000,0.000053705958,0.000000000000,0.000000000000,0.000035824304,0.000000000000,0.000000000000,0.000037103707,0.000000000000,0.000000000000,0.000040770913,0.000000000000,0.000000000000,0.000024345552,0.000000000000,0.000000000000,0.000027532871,0.000000000000,0.000000000000,0.000029161950
731,0.000000000000,0.000000000000,0.000128548184,0.000000000000,0.000000000000,0.000124003130,0.000000000000,0.000000000000,0.000134327907,0.000000000000,0.000000000000,0.000074224904,0.000000000000,0.000000000000,0.000076570046,0.000000000000,0.000000000000,0.000082625601,0.000000000000,0.000000000000,0.000045399484,0.000000000000,0.000000000000,0.000051346698,0.000000000000,0.000000000000,0.000053705958,0.000000000000,0.000000000000,0.000035824304,0.000000000000,0.000000000000,0.000037103707,0.000000000000,0.000000000000,0.000040770913,0.000000000000,0.000000000000,0.000024345552,0.000000000000,0.000000000000,0.000027532871,0.000000000000,0.000000000000,0.000029161950
732,0.000000000000,0.000000000000,0.000128548184,0.000000000000,0.000000000000,0.000124003130,0.000000000000,0.000000000000,0.000134327907,0.000000000000,0.000000000000,0.000074224904,0.000000000000,0.000000000000,0.000076570046,0.000000000000,0.000000000000,0.000082625601,0.000000000000,0.000000000000,0.000045399484,0.000000000000,0.000000000000,0.000051346698,0.000000000000,0.000000000000,0.000053705958,0.000000000000,0.000000000000,0.000035824304,0.000000000000,0.000000000000,0.000037103707,0.000000000000,0.000000000000,0.000040770913,0.000000000000,0.000000000000,0.000024345552,0.000000000000,0.000000000000,0.000027532871,0.000000000000,0.000000000000,0.000029161950
733,0.000000000000,0.000000000000,0.000128548184,0.000000000000,0.000000000000,0.000124003130,0.000000000000,0.000000000000,0.000134327907,0.000000000000,0.000000000000,0.000074224904,0.000000000000,0.000000000000,0.000076570046,0.000000000000,0.000000000000,0.000082625601,0.000000000000,0.000000000000,0.000045399484,0.000000000000,0.000000000000,0.000051346698,0.000000000000,0.000000000000,0.000053705958,0.000000000000,0.000000000000,0.000035824304,0.000000000000,0.000000000000,0.000037103707,0.000000000000,0.000000000000,0.000040770913,0.000000000000,0.000000000000,0.000024345552,0.000000000000,0.000000000000,0.000027532871,0.000000000000,0.000000000000,0.000029161950
734,0.000000000000,0.000000000000,0.000128548184,0.000000000000,0.000000000000,0.000124003130,0.000000000000,0.000000000000,0.000134327907,0.000000000000,0.000000000000,0.000074224904,0.000000000000,0.000000000000,0.000076570046,0.000000000000,0.000000000000,0.000082625601,0.000000000000,0.000000000000,0.000045399484,0.000000000000,0.000000000000,0.000051346698,0.000000000000,0.000000000000,0.000053705958,0.000000000000,0.000000000000,0.000035824304,0.000000000000,0.000000000000,0.000037103707,0.000000000000,0.000000000000,0.000040770913,0.000000000000,0.000000000000,0.000024345552,0.000000000000,0.000000000000,0.000027532871,0.000000000000,0.000000000000,0.000029161950
735,0.000000000000,0.000000000000,0.000128548184,0.000000000000,0.000000000000,0.000124003130,0.000000000000,0.000000000000,0.000134327907,0.000000000000,0.000000000000,0.000074224904,0.000000000000,0.000000000000,0.000076570046,0.000000000000,0.000000000000,0.000082625601,0.000000000000,0.000000000000,0.000045399484,0.000000000000,0.000000000000,0.000051346698,0.000000000000,0.000000000000,0.000053705958,0.000000000000,0.000000000000,0.000035824304,0.000000000000,0.000000000000,0.000037103707,0.000000000000,0.000000000000,0.000040770913,0.000000000000,0.000000000000,0.000024345552,0.000000000000,0.000000000000,0.000027532871,0.000000000000,0.000000000000,0.000029161950
736,0.000000000000,0.000000000000,0.000128548184,0.000000000000,0.000000000000,0.000124003130,0.000000000000,0.000000000000,0.000134327907,0.000000000000,0.000000000000,0.000074224904,0.000000000000,0.000000000000,0.000076570046,0.000000000000,0.000000000000,0.000082625601,0.000000000000,0.000000000000,0.000045399484,0.000000000000,0.000000000000,0.000051346698,0.000000000000,0.000000000000,0.000053705958,0.000000000000,0.000000000000,0.000035824304,0.000000000000,0.000000000000,0.000037103707,0.000000000000,0.000000000000,0.000040770913,0.000000000000,0.000000000000,0.000024345552,0.000000000000,0.000000000000,0.000027532871,0.000000000000,0.000000000000,0.000029161950
737,0.000000000000,0.000000000000,0.000128548184,0.000000000000,0.000000000000,0.000124003130,0.000000000000,0.000000000000,0.000134327907,0.000000000000,0.000000000000,0.000074224904,0.000000000000,0.000000000000,0.000076570046,0.000000000000,0.000000000000,0.000082625601,0.000000000000,0.000000000000,0.000045399484,0.000000000000,0.000000000000,0.000051346698,0.000000000000,0.000000000000,0.000053705958,0.000000000000,0.000000000000,0.000035824304,0.000000000000,0.000000000000,0.000037103707,0.000000000000,0.000000000000,0.000040770913,0.000000000000,0.000000000000,0.000024345552,0.000000000000,0.000000000000,0.000027532871,0.000000000000,0.000000000000,0.000029161950
738,0.000000000000,0.000000000000,0.000128548184,0.000000000000,0.000000000000,0.000124003130,0.000000000000,0.000000000000,0.000134327907,0.000000000000,0.000000000000,0.000074224904,0.000000000000,0.000000000000,0.000076570046,0.000000000000,0.000000000000,0.000082625601,0.000000000000,0.000000000000,0.000045399484,0.000000000000,0.000000000000,0.000051346698,0.000000000000,0.000000000000,0.000053705958,0.000000000000,0.000000000000,0.000035824304,0.000000000000,0.000000000000,0.000037103707,0.000000000000,0.000000000000,0.000040770913,0.000000000000,0.000000000000,0.000024345552,0.000000000000,0.000000000000,0.000027532871,0.000000000000,0.000000000000,0.000029161950
739,0.000000000000,0.000000000000,0.000128548184,0.000000000000,0.000000000000,0.000124003130,0.000000000000,0.000000000000,0.000134327907,0.000000000000,0.000000000000,0.000074224904,0.000000000000,0.000000000000,0.000076570046,0.000000000000,0.000000000000,0.000082625601,0.000000000000,0.000000000000,0.000045399484,0.000000000000,0.000000000000,0.000051346698,0.000000000000,0.000000000000,0.000053705958,0.000000000000,0.000000000000,0.000035824304,0.000000000000,0.000000000000,0.000037103707,0.000000000000,0.000000000000,0.000040770913,0.000000000000,0.000000000000,0.000024345552,0.000000000000,0.000000000000,0.000027532871,0.000000000000,0.000000000000,0.000029161950
740,0.000000000000,0.000000000000,0.000128548184,0.000000000000,0.000000000000,0.000124003130,0.000000000000,0.000000000000,0.000134327907,0.000000000000,0.000000000000,0.000074224904,0.000000000000,0.000000000000,0.000076570046,0.000000000000,0.000000000000,0.000082625601,0.000000000000,0.000000000000,0.000045399484,0.000000000000,0.000000000000,0.000051346698,0.000000000000,0.000000000000,0.000053705958,0.000000000000,0.000000000000,0.000035824304,0.000000000000,0.000000000000,0.000037103707,0.000000000000,0.000000000000,0.000040770913,0.000000000000,0.000000000000,0.000024345552,0.000000000000,0.000000000000,0.000027532871,0.000000000000,0.000000000000,0.000029161950
741,0.000000000000,0.000000000000,0.000128548184,0.000000000000,0.000000000000,0.000124003130,0.000000000000,0.000000000000,0.000134327907,0.000000000000,0.000000000000,0.000074224904,0.000000000000,0.000000000000,0.000076570046,0.000000000000,0.000000000000,0.000082625601,0.000000000000,0.000000000000,0.000045399484,0.000000000000,0.000000000000,0.000051346698,0.000000000000,0.000000000000,0.000053705958,0.000000000000,0.000000000000,0.000035824304,0.000000000000,0.000000000000,0.000037103707,0.000000000000,0.000000000000,0.000040770913,0.000000000000,0.000000000000,0.000024345552,0.000000000000,0.000000000000,0.000027532871,0.000000000000,0.000000000000,0.000029161950
742,0.000000000000,0.000000000000,0.000128548184,0.000000000000,0.000000000000,0.000124003130,0.000000000000,0.000000000000,0.000134327907,0.000000000000,0.000000000000,0.000074224904,0.000000000000,0.000000000000,0.000076570046,0.000000000000,0.000000000000,0.000082625601,0.000000000000,0.000000000000,0.000045399484,0.000000000000,0.000000000000,0.000051346698,0.000000000000,0.000000000000,0.000053705958,0.000000000000,0.000000000000,0.000035824304,0.000000000000,0.000000000000,0.000037103707,0.000000000000,0.000000000000,0.000040770913,0.000000000000,0.000000000000,0.000024345552,0.000000000000,0.000000000000,0.000027532871,0.000000000000,0.000000000000,0.000029161950
743,0.000000000000,0.000000000000,0.000128548184,0.000000000000,0.000000000000,0.000124003130,0.000000000000,0.000000000000,0.000134327907,0.000000000000,0.000000000000,0.000074224904,0.000000000000,0.000000000000,0.000076570046,0.000000000000,0.000000000000,0.000082625601,0.000000000000,0.000000000000,0.000045399484,0.000000000000,0.000000000000,0.000051346698,0.000000000000,0.000000000000,0.000053705958,0.000000000000,0.000000000000,0.000035824304,0.000000000000,0.000000000000,0.000037103707,0.000000000000,0.000000000000,0.000040770913,0.000000000000,0.000000000000,0.000024345552,0.000000000000,0.000000000000,0.000027532871,0.000000000000,0.000000000000,0.000029161950
744,0.000000000000,0.000000000000,0.000128548184,0.000000000000,0.000000000000,0.000124003130,0.000000000000,0.000000000000,0.000134327907,0.000000000000,0.000000000000,0.000074224904,0.000000000000,0.000000000000,0.000076570046,0.000000000000,0.000000000000,0.000082625601,0.000000000000,0.000000000000,0.000045399484,0.000000000000,0.000000000000,0.000051346698,0.000000000000,0.000000000000,0.000053705958,0.000000000000,0.000000000000,0.000035824304,0.000000000000,0.000000000000,0.000037103707,0.000000000000,0.000000000000,0.000040770913,0.000000000000,0.000000000000,0.000024345552,0.000000000000,0.000000000000,0.000027532871,0.000000000000,0.000000000000,0.000029161950
745,0.000000000000,0.000000000000,0.000128548184,0.000000000000,0.000000000000,0.000124003130,0.000000000000,0.000000000000,0.000134327907,0.000000000000,0.000000000000,0.000074224904,0.000000000000,0.000000000000,0.000076570046,0.000000000000,0.000000000000,0.000082625601,0.000000000000,0.000000000000,0.000045399484,0.000000000000,0.000000000000,0.000051346698,0.000000000000,0.000000000000,0.000053705958,0.000000000000,0.000000000000,0.000035824304,0.000000000000,0.000000000000,0.000037103707,0.000000000000,0.000000000000,0.000040770913,0.000000000000,0.000000000000,0.000024345552,0.000000000000,0.000000000000,0.000027532871,0.000000000000,0.000000000000,0.000029161950
746,0.000000000000,0.000000000000,0.000128548184,0.000000000000,0.000000000000,0.000124003130,0.000000000000,0.000000000000,0.000134327907,0.000000000000,0.000000000000,0.000074224904,0.000000000000,0.000000000000,0.000076570046,0.000000000000,0.000000000000,0.000082625601,0.000000000000,0.000000000000,0.000045399484,0.000000000000,0.000000000000,0.000051346698,0.000000000000,0.000000000000,0.000053705958,0.000000000000,0.000000000000,0.000035824304,0.000000000000,0.000000000000,0.000037103707,0.000000000000,0.000000000000,0.000040770913,0.000000000000,0.000000000000,0.000024345552,0.000000000000,0.000000000000,0.000027532871,0.000000000000,0.000000000000,0.000029161950
747,0.000000000000,0.000000000000,0.000128548184,0.000000000000,0.000000000000,0.000124003130,0.000000000000,0.000000000000,0.000134327907,0.000000000000,0.000000000000,0.000074224904,0.000000000000,0.000000000000,0.000076570046,0.000000000000,0.000000000000,0.000082625601,0.000000000000,0.000000000000,0.000045399484,0.000000000000,0.000000000000,0.000051346698,0.000000000000,0.000000000000,0.000053705958,0.000000000000,0.000000000000,0.000035824304,0.000000000000,0.000000000000,0.000037103707,0.000000000000,0.000000000000,0.000040770913,0.000000000000,0.000000000000,0.000024345552,0.000000000000,0.000000000000,0.000027532871,0.000000000000,0.000000000000,0.000029161950
748,0.000000000000,0.000000000000,0.000128548184,0.000000000000,0.000000000000,0.000124003130,0.000000000000,0.000000000000,0.000134327907,0.000000000000,0.000000000000,0.000074224904,0.000000000000,0.000000000000,0.000076570046,0.000000000000,0.000000000000,0.000082625601,0.000000000000,0.000000000000,0.000045399484,0.000000000000,0.000000000000,0.000051346698,0.000000000000,0.000000000000,0.000053705958,0.000000000000,0.000000000000,0.000035824304,0.000000000000,0.000000000000,0.000037103707,0.000000000000,0.000000000000,0.000040770913,0.000000000000,0.000000000000,0.000024345552,0.000000000000,0.000000000000,0.000027532871,0.000000000000,0.000000000000,0.000029161950
749,0.000000000000,0.000000000000,0.000128548184,0.000000000000,0.000000000000,0.000124003130,0.000000000000,0.000000000000,0.000134327907,0.000000000000,0.000000000000,0.000074224904,0.000000000000,0.000000000000,0.000076570046,0.000000000000,0.000000000000,0.000082625601,0.000000000000,0.000000000000,0.000045399484,0.000000000000,0.000000000000,0.000051346698,0.000000000000,0.000000000000,0.000053705958,0.000000000000,0.000000000000,0.000035824304,0.000000000000,0.000000000000,0.000037103707,0.000000000000,0.000000000000,0.000040770913,0.000000000000,0.000000000000,0.000024345552,0.000000000000,0.000000000000,0.000027532871,0.000000000000,0.000000000000,0.000029161950
750,0.000000000000,0.000000000000,0.000128548184,0.000000000000,0.000000000000,0.000124003130,0.000000000000,0.000000000000,0.000134327907,0.000000000000,0.000000000000,0.000074224904,0.000000000000,0.000000000000,0.000076570046,0.000000000000,0.000000000000,0.000082625601,0.000000000000,0.000000000000,0.000045399484,0.000000000000,0.000000000000,0.000051346698,0.000000000000,0.000000000000,0.000053705958,0.000000000000,0.000000000000,0.000035824304,0.000000000000,0.000000000000,0.000037103707,0.000000000000,0.000000000000,0.000040770913,0.000000000000,0.000000000000,0.000024345552,0.000000000000,0.000000000000,0.000027532871,0.000000000000,0.000000000000,0.000029161950
751,0.000000000000,0.000000000000,0.000128548184,0.000000000000,0.000000000000,0.000124003130,0.000000000000,0.000000000000,0.000134327907,0.000000000000,0.000000000000,0.000074224904,0.000000000000,0.000000000000,0.000076570046,0.000000000000,0.000000000000,0.000082625601,0.000000000000,0.000000000000,0.000045399484,0.000000000000,0.000000000000,0.000051346698,0.000000000000,0.000000000000,0.000053705958,0.000000000000,0.000000000000,0.000035824304,0.000000000000,0.000000000000,0.000037103707,0.000000000000,0.000000000000,0.000040770913,0.000000000000,0.000000000000,0.000024345552,0.000000000000,0.000000000000,0.000027532871,0.000000000000,0.000000000000,0.000029161950
752,0.000000000000,0.000000000000,0.000128548184,0.000000000000,0.000000000000,0.000124003130,0.000000000000,0.000000000000,0.000134327907,0.000000000000,0.000000000000,0.000074224904,0.000000000000,0.000000000000,0.000076570046,0.000000000000,0.000000000000,0.000082625601,0.000000000000,0.000000000000,0.000045399484,0.000000000000,0.000000000000,0.000051346698,0.000000000000,0.000000000000,0.000053705958,0.000000000000,0.000000000000,0.000035824304,0.000000000000,0.000000000000,0.000037103707,0.000000000000,0.000000000000,0.000040770913,0.000000000000,0.000000000000,0.000024345552,0.000000000000,0.000000000000,0.000027532871,0.000000000000,0.000000000000,0.000029161950
753,0.000000000000,0.000000000000,0.000128548184,0.000000000000,0.000000000000,0.000124003130,0.000000000000,0.000000000000,0.000134327907,0.000000000000,0.000000000000,0.000074224904,0.000000000000,0.000000000000,0.000076570046,0.000000000000,0.000000000000,0.000082625601,0.000000000000,0.000000000000,0.000045399484,0.000000000000,0.000000000000,0.000051346698,0.000000000000,0.000000000000,0.000053705958,0.000000000000,0.000000000000,0.000035824304,0.000000000000,0.000000000000,0.000037103707,0.000000000000,0.000000000000,0.000040770913,0.000000000000,0.000000000000,0.000024345552,0.000000000000,0.000000000000,0.000027532871,0.000000000000,0.000000000000,0.000029161950
754,0.000000000000,0.000000000000,0.000128548184,0.000000000000,0.000000000000,0.000124003130,0.000000000000,0.000000000000,0.000134327907,0.000000000000,0.000000000000,0.000074224904,0.000000000000,0.000000000000,0.000076570046,0.000000000000,0.000000000000,0.000082625601,0.000000000000,0.000000000000,0.000045399484,0.000000000000,0.000000000000,0.000051346698,0.000000000000,0.000000000000,0.000053705958,0.000000000000,0.000000000000,0.000035824304,0.000000000000,0.000000000000,0.000037103707,0.000000000000,0.000000000000,0.000040770913,0.000000000000,0.000000000000,0.000024345552,0.000000000000,0.000000000000,0.000027532871,0.000000000000,0.000000000000,0.000029161950
755,0.000000000000,0.000000000000,0.000128548184,0.000000000000,0.000000000000,0.000124003130,0.000000000000,0.000000000000,0.000134327907,0.000000000000,0.000000000000,0.000074224904,0.000000000000,0.000000000000,0.000076570046,0.000000000000,0.000000000000,0.000082625601,0.000000000000,0.000000000000,0.000045399484,0.000000000000,0.000000000000,0.000051346698,0.000000000000,0.000000000000,0.000053705958,0.000000000000,0.000000000000,0.000035824304,0.000000000000,0.000000000000,0.000037103707,0.000000000000,0.000000000000,0.000040770913,0.000000000000,0.000000000000,0.000024345552,0.000000000000,0.000000000000,0.000027532871,0.000000000000,0.000000000000,0.000029161950
756,0.000000000000,0.000000000000,0.000128548184,0.000000000000,0.000000000000,0.000124003130,0.000000000000,0.000000000000,0.000134327907,0.000000000000,0.000000000000,0.000074224904,0.000000000000,0.000000000000,0.000076570046,0.000000000000,0.000000000000,0.000082625601,0.000000000000,0.000000000000,0.000045399484,0.000000000000,0.000000000000,0.000051346698,0.000000000000,0.000000000000,0.000053705958,0.000000000000,0.000000000000,0.000035824304,0.000000000000,0.000000000000,0.000037103707,0.000000000000,0.000000000000,0.000040770913,0.000000000000,0.000000000000,0.000024345552,0.000000000000,0.000000000000,0.000027532871,0.000000000000,0.000000000000,0.000029161950
757,0.000000000000,0.000000000000,0.000128548184,0.000000000000,0.000000000000,0.000124003130,0.000000000000,0.000000000000,0.000134327907,0.000000000000,0.000000000000,0.000074224904,0.000000000000,0.000000000000,0.000076570046,0.000000000000,0.000000000000,0.000082625601,0.000000000000,0.000000000000,0.000045399484,0.000000000000,0.000000000000,0.000051346698,0.000000000000,0.000000000000,0.000053705958,0.000000000000,0.000000000000,0.000035824304,0.000000000000,0.000000000000,0.000037103707,0.000000000000,0.000000000000,0.000040770913,0.000000000000,0.000000000000,0.000024345552,0.000000000000,0.000000000000,0.000027532871,0.000000000000,0.000000000000,0.000029161950
758,0.000000000000,0.000000000000,0.000128548184,0.000000000000,0.000000000000,0.000124003130,0.000000000000,0.000000000000,0.000134327907,0.000000000000,0.000000000000,0.000074224904,0.000000000000,0.000000000000,0.000076570046,0.000000000000,0.000000000000,0.000082625601,0.000000000000,0.000000000000,0.000045399484,0.000000000000,0.000000000000,0.000051346698,0.000000000000,0.000000000000,0.000053705958,0.000000000000,0.000000000000,0.000035824304,0.000000000000,0.000000000000,0.000037103707,0.000000000000,0.000000000000,0.000040770913,0.000000000000,0.000000000000,0.000024345552,0.000000000000,0.000000000000,0.000027532871,0.000000000000,0.000000000000,0.000029161950
759,0.000000000000,0.000000000000,0.000128548184,0.000000000000,0.000000000000,0.000124003130,0.000000000000,0.000000000000,0.000134327907,0.000000000000,0.000000000000,0.000074224904,0.000000000000,0.000000000000,0.000076570046,0.000000000000,0.000000000000,0.000082625601,0.000000000000,0.000000000000,0.000045399484,0.000000000000,0.000000000000,0.000051346698,0.000000000000,0.000000000000,0.000053705958,0.000000000000,0.000000000000,0.000035824304,0.000000000000,0.000000000000,0.000037103707,0.000000000000,0.000000000000,0.000040770913,0.000000000000,0.000000000000,0.000024345552,0.000000000000,0.000000000000,0.000027532871,0.000000000000,0.000000000000,0.000029161950
760,0.000000000000,0.000000000000,0.000128548184,0.000000000000,0.000000000000,0.000124003130,0.000000000000,0.000000000000,0.000134327907,0.000000000000,0.000000000000,0.000074224904,0.000000000000,0.000000000000,0.000076570046,0.000000000000,0.000000000000,0.000082625601,0.000000000000,0.000000000000,0.000045399484,0.000000000000,0.000000000000,0.000051346698,0.000000000000,0.000000000000,0.000053705958,0.000000000000,0.000000000000,0.000035824304,0.000000000000,0.000000000000,0.000037103707,0.000000000000,0.000000000000,0.000040770913,0.000000000000,0.000000000000,0.000024345552,0.000000000000,0.000000000000,0.000027532871,0.000000000000,0.000000000000,0.000029161950
761,0.000000000000,0.000000000000,0.000128548184,0.000000000000,0.000000000000,0.000124003130,0.000000000000,0.000000000000,0.000134327907,0.000000000000,0.000000000000,0.000074224904,0.000000000000,0.000000000000,0.000076570046,0.000000000000,0.000000000000,0.000082625601,0.000000000000,0.000000000000,0.000045399484,0.000000000000,0.000000000000,0.000051346698,0.000000000000,0.000000000000,0.000053705958,0.000000000000,0.000000000000,0.000035824304,0.000000000000,0.000000000000,0.000037103707,0.000000000000,0.000000000000,0.000040770913,0.000000000000,0.000000000000,0.000024345552,0.000000000000,0.000000000000,0.000027532871,0.000000000000,0.000000000000,0.000029161950
762,0.000000000000,0.000000000000,0.000128548184,0.000000000000,0.000000000000,0.000124003130,0.000000000000,0.000000000000,0.000134327907,0.000000000000,0.000000000000,0.000074224904,0.000000000000,0.000000000000,0.000076570046,0.000000000000,0.000000000000,0.000082625601,0.000000000000,0.000000000000,0.000045399484,0.000000000000,0.000000000000,0.000051346698,0.000000000000,0.000000000000,0.000053705958,0.000000000000,0.000000000000,0.000035824304,0.000000000000,0.000000000000,0.000037103707,0.000000000000,0.000000000000,0.000040770913,0.000000000000,0.000000000000,0.000024345552,0.000000000000,0.000000000000,0.000027532871,0.000000000000,0.000000000000,0.000029161950
763,0.000000000000,0.000000000000,0.000128548184,0.000000000000,0.000000000000,0.000124003130,0.000000000000,0.000000000000,0.000134327907,0.000000000000,0.000000000000,0.000074224904,0.000000000000,0.000000000000,0.000076570046,0.000000000000,0.000000000000,0.000082625601,0.000000000000,0.000000000000,0.000045399484,0.000000000000,0.000000000000,0.000051346698,0.000000000000,0.000000000000,0.000053705958,0.000000000000,0.000000000000,0.000035824304,0.000000000000,0.000000000000,0.000037103707,0.000000000000,0.000000000000,0.000040770913,0.000000000000,0.000000000000,0.000024345552,0.000000000000,0.000000000000,0.000027532871,0.000000000000,0.000000000000,0.000029161950
764,0.000000000000,0.000000000000,0.000128548184,0.000000000000,0.000000000000,0.000124003130,0.000000000000,0.000000000000,0.000134327907,0.000000000000,0.000000000000,0.000074224904,0.000000000000,0.000000000000,0.000076570046,0.000000000000,0.000000000000,0.000082625601,0.000000000000,0.000000000000,0.000045399484,0.000000000000,0.000000000000,0.000051346698,0.000000000000,0.000000000000,0.000053705958,0.000000000000,0.000000000000,0.000035824304,0.000000000000,0.000000000000,0.000037103707,0.000000000000,0.000000000000,0.000040770913,0.000000000000,0.000000000000,0.000024345552,0.000000000000,0.000000000000,0.000027532871,0.000000000000,0.000000000000,0.000029161950
765,0.000000000000,0.000000000000,0.000128548184,0.000000000000,0.000000000000,0.000124003130,0.000000000000,0.000000000000,0.000134327907,0.000000000000,0.000000000000,0.000074224904,0.000000000000,0.000000000000,0.000076570046,0.000000000000,0.000000000000,0.000082625601,0.000000000000,0.000000000000,0.000045399484,0.000000000000,0.000000000000,0.000051346698,0.000000000000,0.000000000000,0.000053705958,0.000000000000,0.000000000000,0.000035824304,0.000000000000,0.000000000000,0.000037103707,0.000000000000,0.000000000000,0.000040770913,0.000000000000,0.000000000000,0.000024345552,0.000000000000,0.000000000000,0.000027532871,0.000000000000,0.000000000000,0.000029161950
766,0.000000000000,0.000000000000,0.000128548184,0.000000000000,0.000000000000,0.000124003130,0.000000000000,0.000000000000,0.000134327907,0.000000000000,0.000000000000,0.000074224904,0.000000000000,0.000000000000,0.000076570046,0.000000000000,0.000000000000,0.000082625601,0.000000000000,0.000000000000,0.000045399484,0.000000000000,0.000000000000,0.000051346698,0.000000000000,0.000000000000,0.000053705958,0.000000000000,0.000000000000,0.000035824304,0.000000000000,0.000000000000,0.000037103707,0.000000000000,0.000000000000,0.000040770913,0.000000000000,0.000000000000,0.000024345552,0.000000000000,0.000000000000,0.000027532871,0.000000000000,0.000000000000,0.000029161950
767,0.000000000000,0.000000000000,0.000128548184,0.000000000000,0.000000000000,0.000124003130,0.000000000000,0.000000000000,0.000134327907,0.000000000000,0.000000000000,0.000074224904,0.000000000000,0.000000000000,0.000076570046,0.000000000000,0.000000000000,0.000082625601,0.000000000000,0.000000000000,0.000045399484,0.000000000000,0.000000000000,0.000051346698,0.000000000000,0.000000000000,0.000053705958,0.000000000000,0.000000000000,0.000035824304,0.000000000000,0.000000000000,0.000037103707,0.000000000000,0.000000000000,0.000040770913,0.000000000000,0.000000000000,0.000024345552,0.000000000000,0.000000000000,0.000027532871,0.000000000000,0.000000000000,0.000029161950
768,0.000000000000,0.000000000000,0.000128548184,0.000000000000,0.000000000000,0.000124003130,0.000000000000,0.000000000000,0.000134327907,0.000000000000,0.000000000000,0.000074224904,0.000000000000,0.000000000000,0.000076570046,0.000000000000,0.000000000000,0.000082625601,0.000000000000,0.000000000000,0.000045399484,0.000000000000,0.000000000000,0.000051346698,0.000000000000,0.000000000000,0.000053705958,0.000000000000,0.000000000000,0.000035824304,0.000000000000,0.000000000000,0.000037103707,0.000000000000,0.000000000000,0.000040770913,0.000000000000,0.000000000000,0.000024345552,0.000000000000,0.000000000000,0.000027532871,0.000000000000,0.000000000000,0.000029161950
769,0.000000000000,0.000000000000,0.000128548184,0.000000000000,0.000000000000,0.000124003130,0.000000000000,0.000000000000,0.000134327907,0.000000000000,0.000000000000,0.000074224904,0.000000000000,0.000000000000,0.000076570046,0.000000000000,0.000000000000,0.000082625601,0.000000000000,0.000000000000,0.000045399484,0.000000000000,0.000000000000,0.000051346698,0.000000000000,0.000000000000,0.000053705958,0.000000000000,0.000000000000,0.000035824304,0.000000000000,0.000000000000,0.000037103707,0.000000000000,0.000000000000,0.000040770913,0.000000000000,0.000000000000,0.000024345552,0.000000000000,0.000000000000,0.000027532871,0.000000000000,0.000000000000,0.000029161950
770,0.000000000000,0.000000000000,0.000128548184,0.000000000000,0.000000000000,0.000124003130,0.000000000000,0.000000000000,0.000134327907,0.000000000000,0.000000000000,0.000074224904,0.000000000000,0.000000000000,0.000076570046,0.000000000000,0.000000000000,0.000082625601,0.000000000000,0.000000000000,0.000045399484,0.000000000000,0.000000000000,0.000051346698,0.000000000000,0.000000000000,0.000053705958,0.000000000000,0.000000000000,0.000035824304,0.000000000000,0.000000000000,0.000037103707,0.000000000000,0.000000000000,0.000040770913,0.000000000000,0.000000000000,0.000024345552,0.000000000000,0.000000000000,0.000027532871,0.000000000000,0.000000000000,0.000029161950
771,0.000000000000,0.000000000000,0.000128548184,0.000000000000,0.000000000000,0.000124003130,0.000000000000,0.000000000000,0.000134327907,0.000000000000,0.000000000000,0.000074224904,0.000000000000,0.000000000000,0.000076570046,0.000000000000,0.000000000000,0.000082625601,0.000000000000,0.000000000000,0.000045399484,0.000000000000,0.000000000000,0.000051346698,0.000000000000,0.000000000000,0.000053705958,0.000000000000,0.000000000000,0.000035824304,0.000000000000,0.000000000000,0.000037103707,0.000000000000,0.000000000000,0.000040770913,0.000000000000,0.000000000000,0.000024345552,0.000000000000,0.000000000000,0.000027532871,0.000000000000,0.000000000000,0.000029161950
772,0.000000000000,0.000000000000,0.000128548184,0.000000000000,0.000000000000,0.000124003130,0.000000000000,0.000000000000,0.000134327907,0.000000000000,0.000000000000,0.000074224904,0.000000000000,0.000000000000,0.000076570046,0.000000000000,0.000000000000,0.000082625601,0.000000000000,0.000000000000,0.000045399484,0.000000000000,0.000000000000,0.000051346698,0.000000000000,0.000000000000,0.000053705958,0.000000000000,0.000000000000,0.000035824304,0.000000000000,0.000000000000,0.000037103707,0.000000000000,0.000000000000,0.000040770913,0.000000000000,0.000000000000,0.000024345552,0.000000000000,0.000000000000,0.000027532871,0.000000000000,0.000000000000,0.000029205404
773,0.000000000000,0.000000000000,0.000128548184,0.000000000000,0.000000000000,0.000124003130,0.000000000000,0.000000000000,0.000134327907,0.000000000000,0.000000000000,0.000074224904,0.000000000000,0.000000000000,0.000076570046,0.000000000000,0.000000000000,0.000082625601,0.000000000000,0.000000000000,0.000045399484,0.000000000000,0.000000000000,0.000051346698,0.000000000000,0.000000000000,0.000053705958,0.000000000000,0.000000000000,0.000035824304,0.000000000000,0.000000000000,0.000037103707,0.000000000000,0.000000000000,0.000040770913,0.000000000000,0.000000000000,0.000024345552,0.000000000000,0.000000000000,0.000027532871,0.000000000000,0.000000000000,0.000029235116
774,0.000000000000,0.000000000000,0.000128548184,0.000000000000,0.000000000000,0.000124003130,0.000000000000,0.000000000000,0.000134327907,0.000000000000,0.000000000000,0.000074224904,0.000000000000,0.000000000000,0.000076570046,0.000000000000,0.000000000000,0.000082625601,0.000000000000,0.000000000000,0.000045399484,0.000000000000,0.000000000000,0.000051346698,0.000000000000,0.000000000000,0.000053705958,0.000000000000,0.000000000000,0.000035824304,0.000000000000,0.000000000000,0.000037103707,0.000000000000,0.000000000000,0.000040770913,0.000000000000,0.000000000000,0.000024345552,0.000000000000,0.000000000000,0.000027532871,0.000000000000,0.000000000000,0.000029235116
775,0.000000000000,0.000000000000,0.000128548184,0.000000000000,0.000000000000,0.000124003130,0.000000000000,0.000000000000,0.000134327907,0.000000000000,0.000000000000,0.000074224904,0.000000000000,0.000000000000,0.000076570046,0.000000000000,0.000000000000,0.000082625601,0.000000000000,0.000000000000,0.000045399484,0.000000000000,0.000000000000,0.000051346698,0.000000000000,0.000000000000,0.000053705958,0.000000000000,0.000000000000,0.000035824304,0.000000000000,0.000000000000,0.000037103707,0.000000000000,0.000000000000,0.000040770913,0.000000000000,0.000000000000,0.000024345552,0.000000000000,0.000000000000,0.000027532871,0.000000000000,0.000000000000,0.000029235116
776,0.000000000000,0.000000000000,0.000128548184,0.000000000000,0.000000000000,0.000124003130,0.000000000000,0.000000000000,0.000134327907,0.000000000000,0.000000000000,0.000074224904,0.000000000000,0.000000000000,0.000076570046,0.000000000000,0.000000000000,0.000082625601,0.000000000000,0.000000000000,0.000045399484,0.000000000000,0.000000000000,0.000051346698,0.000000000000,0.000000000000,0.000053705958,0.000000000000,0.000000000000,0.000035824304,0.000000000000,0.000000000000,0.000037103707,0.000000000000,0.000000000000,0.000040770913,0.000000000000,0.000000000000,0.000024345552,0.000000000000,0.000000000000,0.000027532871,0.000000000000,0.000000000000,0.000029235116
777,0.000000000000,0.000000000000,0.000128548184,0.000000000000,0.000000000000,0.000124003130,0.000000000000,0.000000000000,0.000134327907,0.000000000000,0.000000000000,0.000074224904,0.000000000000,0.000000000000,0.000076570046,0.000000000000,0.000000000000,0.000082625601,0.000000000000,0.000000000000,0.000045399484,0.000000000000,0.000000000000,0.000051346698,0.000000000000,0.000000000000,0.000053705958,0.000000000000,0.000000000000,0.000035824304,0.000000000000,0.000000000000,0.000037103707,0.000000000000,0.000000000000,0.000040770913,0.000000000000,0.000000000000,0.000024345552,0.000000000000,0.000000000000,0.000027532871,0.000000000000,0.000000000000,0.000029235116
778,0.000000000000,0.000000000000,0.000128548184,0.000000000000,0.000000000000,0.000124003130,0.000000000000,0.000000000000,0.000134327907,0.000000000000,0.000000000000,0.000074224904,0.000000000000,0.000000000000,0.000076570046,0.000000000000,0.000000000000,0.000082625601,0.000000000000,0.000000000000,0.000045399484,0.000000000000,0.000000000000,0.000051346698,0.000000000000,0.000000000000,0.000053705958,0.000000000000,0.000000000000,0.000035824304,0.000000000000,0.000000000000,0.000037103707,0.000000000000,0.000000000000,0.000040770913,0.000000000000,0.000000000000,0.000024345552,0.000000000000,0.000000000000,0.000027532871,0.000000000000,0.000000000000,0.000029235116
779,0.000000000000,0.000000000000,0.000128548184,0.000000000000,0.000000000000,0.000124003130,0.000000000000,0.000000000000,0.000134327907,0.000000000000,0.000000000000,0.000074224904,0.000000000000,0.000000000000,0.000076570046,0.000000000000,0.000000000000,0.000082625601,0.000000000000,0.000000000000,0.000045399484,0.000000000000,0.000000000000,0.000051346698,0.000000000000,0.000000000000,0.000053705958,0.000000000000,0.000000000000,0.000035824304,0.000000000000,0.000000000000,0.000037103707,0.000000000000,0.000000000000,0.000040770913,0.000000000000,0.000000000000,0.000024345552,0.000000000000,0.000000000000,0.000027532871,0.000000000000,0.000000000000,0.000029235116
780,0.000000000000,0.000000000000,0.000128548184,0.000000000000,0.000000000000,0.000124003130,0.000000000000,0.000000000000,0.000134327907,0.000000000000,0.000000000000,0.000074224904,0.000000000000,0.000000000000,0.000076570046,0.000000000000,0.000000000000,0.000082625601,0.000000000000,0.000000000000,0.000045399484,0.000000000000,0.000000000000,0.000051346698,0.000000000000,0.000000000000,0.000053705958,0.000000000000,0.000000000000,0.000035824304,0.000000000000,0.000000000000,0.000037103707,0.000000000000,0.000000000000,0.000040770913,0.000000000000,0.000000000000,0.000024345552,0.000000000000,0.000000000000,0.000027532871,0.000000000000,0.000000000000,0.000029235116
781,0.000000000000,0.000000000000,0.000128548184,0.000000000000,0.000000000000,0.000124003130,0.000000000000,0.000000000000,0.000134327907,0.000000000000,0.000000000000,0.000074224904,0.000000000000,0.000000000000,0.000076570046,0.000000000000,0.000000000000,0.000082625601,0.000000000000,0.000000000000,0.000045399484,0.000000000000,0.000000000000,0.000051346698,0.000000000000,0.000000000000,0.000053705958,0.000000000000,0.000000000000,0.000035824304,0.000000000000,0.000000000000,0.000037103707,0.000000000000,0.000000000000,0.000040770913,0.000000000000,0.000000000000,0.000024345552,0.000000000000,0.000000000000,0.000027532871,0.000000000000,0.000000000000,0.000029235116
782,0.000000000000,0.000000000000,0.000128548184,0.000000000000,0.000000000000,0.000124003130,0.000000000000,0.000000000000,0.000134327907,0.000000000000,0.000000000000,0.000074224904,0.000000000000,0.000000000000,0.000076570046,0.000000000000,0.000000000000,0.000082625601,0.000000000000,0.000000000000,0.000045399484,0.000000000000,0.000000000000,0.000051346698,0.000000000000,0.000000000000,0.000053705958,0.000000000000,0.000000000000,0.000035824304,0.000000000000,0.000000000000,0.000037103707,0.000000000000,0.000000000000,0.000040770913,0.000000000000,0.000000000000,0.000024345552,0.000000000000,0.000000000000,0.000027532871,0.000000000000,0.000000000000,0.000029235116
783,0.000000000000,0.000000000000,0.000128548184,0.000000000000,0.000000000000,0.000124003130,0.000000000000,0.000000000000,0.000134327907,0.000000000000,0.000000000000,0.000074224904,0.000000000000,0.000000000000,0.000076570046,0.000000000000,0.000000000000,0.000082625601,0.000000000000,0.000000000000,0.000045399484,0.000000000000,0.000000000000,0.000051346698,0.000000000000,0.000000000000,0.000053705958,0.000000000000,0.000000000000,0.000035824304,0.000000000000,0.000000000000,0.000037103707,0.000000000000,0.000000000000,0.000040770913,0.000000000000,0.000000000000,0.000024345552,0.000000000000,0.000000000000,0.000027532871,0.000000000000,0.000000000000,0.000029235116
784,0.000000000000,0.000000000000,0.000128548184,0.000000000000,0.000000000000,0.000124003130,0.000000000000,0.000000000000,0.000134327907,0.000000000000,0.000000000000,0.000074224904,0.000000000000,0.000000000000,0.000076570046,0.000000000000,0.000000000000,0.000082625601,0.000000000000,0.000000000000,0.000045399484,0.000000000000,0.000000000000,0.000051346698,0.000000000000,0.000000000000,0.000053705958,0.000000000000,0.000000000000,0.000035824304,0.000000000000,0.000000000000,0.000037103707,0.000000000000,0.000000000000,0.000040770913,0.000000000000,0.000000000000,0.000024345552,0.000000000000,0.000000000000,0.000027532871,0.000000000000,0.000000000000,0.000029235116
785,0.000000000000,0.000000000000,0.000128548184,0.000000000000,0.000000000000,0.000124003130,0.000000000000,0.000000000000,0.000134327907,0.000000000000,0.000000000000,0.000074224904,0.000000000000,0.000000000000,0.000076570046,0.000000000000,0.000000000000,0.000082625601,0.000000000000,0.000000000000,0.000045399484,0.000000000000,0.000000000000,0.000051346698,0.000000000000,0.000000000000,0.000053705958,0.000000000000,0.000000000000,0.000035824304,0.000000000000,0.000000000000,0.000037103707,0.000000000000,0.000000000000,0.000040770913,0.000000000000,0.000000000000,0.000024345552,0.000000000000,0.000000000000,0.000027532871,0.000000000000,0.000000000000,0.000029235116
786,0.000000000000,0.000000000000,0.000128548184,0.000000000000,0.000000000000,0.000124003130,0.000000000000,0.000000000000,0.000134327907,0.000000000000,0.000000000000,0.000074224904,0.000000000000,0.000000000000,0.000076570046,0.000000000000,0.000000000000,0.000082625601,0.000000000000,0.000000000000,0.000045399484,0.000000000000,0.000000000000,0.000051346698,0.000000000000,0.000000000000,0.000053705958,0.000000000000,0.000000000000,0.000035824304,0.000000000000,0.000000000000,0.000037103707,0.000000000000,0.000000000000,0.000040770913,0.000000000000,0.000000000000,0.000024345552,0.000000000000,0.000000000000,0.000027532871,0.000000000000,0.000000000000,0.000029235116
787,0.000000000000,0.000000000000,0.000128548184,0.000000000000,0.000000000000,0.000124003130,0.000000000000,0.000000000000,0.000134327907,0.000000000000,0.000000000000,0.000074224904,0.000000000000,0.000000000000,0.000076570046,0.000000000000,0.000000000000,0.000082625601,0.000000000000,0.000000000000,0.000045399484,0.000000000000,0.000000000000,0.000051346698,0.000000000000,0.000000000000,0.000053705958,0.000000000000,0.000000000000,0.000035824304,0.000000000000,0.000000000000,0.000037103707,0.000000000000,0.000000000000,0.000040770913,0.000000000000,0.000000000000,0.000024345552,0.000000000000,0.000000000000,0.000027532871,0.000000000000,0.000000000000,0.000029235116
788,0.000000000000,0.000000000000,0.000128548184,0.000000000000,0.000000000000,0.000124003130,0.000000000000,0.000000000000,0.000134327907,0.000000000000,0.000000000000,0.000074224904,0.000000000000,0.000000000000,0.000076570046,0.000000000000,0.000000000000,0.000082625601,0.000000000000,0.000000000000,0.000045399484,0.000000000000,0.000000000000,0.000051346698,0.000000000000,0.000000000000,0.000053705958,0.000000000000,0.000000000000,0.000035824304,0.000000000000,0.000000000000,0.000037103707,0.000000000000,0.000000000000,0.000040770913,0.000000000000,0.000000000000,0.000024345552,0.000000000000,0.000000000000,0.000027532871,0.000000000000,0.000000000000,0.000029235116
789,0.000000000000,0.000000000000,0.000128548184,0.000000000000,0.000000000000,0.000124003130,0.000000000000,0.000000000000,0.000134327907,0.000000000000,0.000000000000,0.000074224904,0.000000000000,0.000000000000,0.000076570046,0.000000000000,0.000000000000,0.000082625601,0.000000000000,0.000000000000,0.000045399484,0.000000000000,0.000000000000,0.000051346698,0.000000000000,0.000000000000,0.000053705958,0.000000000000,0.000000000000,0.000035824304,0.000000000000,0.000000000000,0.000037103707,0.000000000000,0.000000000000,0.000040770913,0.000000000000,0.000000000000,0.000024345552,0.000000000000,0.000000000000,0.000027532871,0.000000000000,0.000000000000,0.000029235116
790,0.000000000000,0.000000000000,0.000128548184,0.000000000000,0.000000000000,0.000124003130,0.000000000000,0.000000000000,0.000134327907,0.000000000000,0.000000000000,0.000074224904,0.000000000000,0.000000000000,0.000076570046,0.000000000000,0.000000000000,0.000082625601,0.000000000000,0.000000000000,0.000045399484,0.000000000000,0.000000000000,0.000051346698,0.000000000000,0.000000000000,0.000053705958,0.000000000000,0.000000000000,0.000035824304,0.000000000000,0.000000000000,0.000037103707,0.000000000000,0.000000000000,0.000040770913,0.000000000000,0.000000000000,0.000024345552,0.000000000000,0.000000000000,0.000027532871,0.000000000000,0.000000000000,0.000029235116
791,0.000000000000,0.000000000000,0.000128548184,0.000000000000,0.000000000000,0.000124003130,0.000000000000,0.000000000000,0.000134327907,0.000000000000,0.000000000000,0.000074224904,0.000000000000,0.000000000000,0.000076570046,0.000000000000,0.000000000000,0.000082625601,0.000000000000,0.000000000000,0.000045399484,0.000000000000,0.000000000000,0.000051346698,0.000000000000,0.000000000000,0.000053705958,0.000000000000,0.000000000000,0.000035824304,0.000000000000,0.000000000000,0.000037103707,0.000000000000,0.000000000000,0.000040770913,0.000000000000,0.000000000000,0.000024345552,0.000000000000,0.000000000000,0.000027532871,0.000000000000,0.000000000000,0.000029235116
792,0.000000000000,0.000000000000,0.000128548184,0.000000000000,0.000000000000,0.000124003130,0.000000000000,0.000000000000,0.000134327907,0.000000000000,0.000000000000,0.000074224904,0.000000000000,0.000000000000,0.000076570046,0.000000000000,0.000000000000,0.000082625601,0.000000000000,0.000000000000,0.000045399484,0.000000000000,0.000000000000,0.000051346698,0.000000000000,0.000000000000,0.000053705958,0.000000000000,0.000000000000,0.000035824304,0.000000000000,0.000000000000,0.000037103707,0.000000000000,0.000000000000,0.000040770913,0.000000000000,0.000000000000,0.000024345552,0.000000000000,0.000000000000,0.000027532871,0.000000000000,0.000000000000,0.000029235116
793,0.000000000000,0.000000000000,0.000128548184,0.000000000000,0.000000000000,0.000124003130,0.000000000000,0.000000000000,0.000134327907,0.000000000000,0.000000000000,0.000074224904,0.000000000000,0.000000000000,0.000076570046,0.000000000000,0.000000000000,0.000082625601,0.000000000000,0.000000000000,0.000045399484,0.000000000000,0.000000000000,0.000051346698,0.000000000000,0.000000000000,0.000053705958,0.000000000000,0.000000000000,0.000035824304,0.000000000000,0.000000000000,0.000037103707,0.000000000000,0.000000000000,0.000040770913,0.000000000000,0.000000000000,0.000024345552,0.000000000000,0.000000000000,0.000027532871,0.000000000000,0.000000000000,0.000029235116
794,0.000000000000,0.000000000000,0.000128548184,0.000000000000,0.000000000000,0.000124003130,0.000000000000,0.000000000000,0.000134327907,0.000000000000,0.000000000000,0.000074224904,0.000000000000,0.000000000000,0.000076570046,0.000000000000,0.000000000000,0.000082625601,0.000000000000,0.000000000000,0.000045399484,0.000000000000,0.000000000000,0.000051346698,0.000000000000,0.000000000000,0.000053705958,0.000000000000,0.000000000000,0.000035824304,0.000000000000,0.000000000000,0.000037103707,0.000000000000,0.000000000000,0.000040770913,0.000000000000,0.000000000000,0.000024345552,0.000000000000,0.000000000000,0.000027532871,0.000000000000,0.000000000000,0.000029235116
795,0.000000000000,0.000000000000,0.000128548184,0.000000000000,0.000000000000,0.000124003130,0.000000000000,0.000000000000,0.000134327907,0.000000000000,0.000000000000,0.000074224904,0.000000000000,0.000000000000,0.000076570046,0.000000000000,0.000000000000,0.000082625601,0.000000000000,0.000000000000,0.000045399484,0.000000000000,0.000000000000,0.000051346698,0.000000000000,0.000000000000,0.000053705958,0.000000000000,0.000000000000,0.000035824304,0.000000000000,0.000000000000,0.000037103707,0.000000000000,0.000000000000,0.000040770913,0.000000000000,0.000000000000,0.000024345552,0.000000000000,0.000000000000,0.000027532871,0.000000000000,0.000000000000,0.000029235116
796,0.000000000000,0.000000000000,0.000128548184,0.000000000000,0.000000000000,0.000124003130,0.000000000000,0.000000000000,0.000134327907,0.000000000000,0.000000000000,0.000074224904,0.000000000000,0.000000000000,0.000076570046,0.000000000000,0.000000000000,0.000082625601,0.000000000000,0.000000000000,0.000045399484,0.000000000000,0.000000000000,0.000051346698,0.000000000000,0.000000000000,0.000053705958,0.000000000000,0.000000000000,0.000035824304,0.000000000000,0.000000000000,0.000037103707,0.000000000000,0.000000000000,0.000040770913,0.000000000000,0.000000000000,0.000024345552,0.000000000000,0.000000000000,0.000027532871,0.000000000000,0.000000000000,0.000029235116
797,0.000000000000,0.000000000000,0.000128548184,0.000000000000,0.000000000000,0.000124003130,0.000000000000,0.000000000000,0.000134327907,0.000000000000,0.000000000000,0.000074224904,0.000000000000,0.000000000000,0.000076570046,0.000000000000,0.000000000000,0.000082625601,0.000000000000,0.000000000000,0.000045399484,0.000000000000,0.000000000000,0.000051346698,0.000000000000,0.000000000000,0.000053705958,0.000000000000,0.000000000000,0.000035824304,0.000000000000,0.000000000000,0.000037103707,0.000000000000,0.000000000000,0.000040770913,0.000000000000,0.000000000000,0.000024345552,0.000000000000,0.000000000000,0.000027532871,0.000000000000,0.000000000000,0.000029235116
798,0.000000000000,0.000000000000,0.000128548184,0.000000000000,0.000000000000,0.000124003130,0.000000000000,0.000000000000,0.000134327907,0.000000000000,0.000000000000,0.000074224904,0.000000000000,0.000000000000,0.000076570046,0.000000000000,0.000000000000,0.000082625601,0.000000000000,0.000000000000,0.000045399484,0.000000000000,0.000000000000,0.000051346698,0.000000000000,0.000000000000,0.000053705958,0.000000000000,0.000000000000,0.000035824304,0.000000000000,0.000000000000,0.000037103707,0.000000000000,0.000000000000,0.000040770913,0.000000000000,0.000000000000,0.000024345552,0.000000000000,0.000000000000,0.000027532871,0.000000000000,0.000000000000,0.000029235116
799,0.000000000000,0.000000000000,0.000128548184,0.000000000000,0.000000000000,0.000124003130,0.000000000000,0.000000000000,0.000134327907,0.000000000000,0.000000000000,0.000074224904,0.000000000000,0.000000000000,0.000076570046,0.000000000000,0.000000000000,0.000082625601,0.000000000000,0.000000000000,0.000045399484,0.000000000000,0.000000000000,0.000051346698,0.000000000000,0.000000000000,0.000053705958,0.000000000000,0.000000000000,0.000035824304,0.000000000000,0.000000000000,0.000037103707,0.000000000000,0.000000000000,0.000040770913,0.000000000000,0.000000000000,0.000024345552,0.000000000000,0.000000000000,0.000027532871,0.000000000000,0.000000000000,0.000029235116
800,0.000000000000,0.000000000000,0.000128548184,0.000000000000,0.000000000000,0.000124003130,0.000000000000,0.000000000000,0.000134327907,0.000000000000,0.000000000000,0.000074224904,0.000000000000,0.000000000000,0.000076570046,0.000000000000,0.000000000000,0.000082625601,0.000000000000,0.000000000000,0.000045399484,0.000000000000,0.000000000000,0.000051346698,0.000000000000,0.000000000000,0.000053705958,0.000000000000,0.000000000000,0.000035824304,0.000000000000,0.000000000000,0.000037103707,0.000000000000,0.000000000000,0.000040770913,0.000000000000,0.000000000000,0.000024345552,0.000000000000,0.000000000000,0.000027532871,0.000000000000,0.000000000000,0.000029235116
801,0.000000000000,0.000000000000,0.000128548184,0.000000000000,0.000000000000,0.000124003130,0.000000000000,0.000000000000,0.000134327907,0.000000000000,0.000000000000,0.000074224904,0.000000000000,0.000000000000,0.000076570046,0.000000000000,0.000000000000,0.000082625601,0.000000000000,0.000000000000,0.000045399484,0.000000000000,0.000000000000,0.000051346698,0.000000000000,0.000000000000,0.000053705958,0.000000000000,0.000000000000,0.000035824304,0.000000000000,0.000000000000,0.000037103707,0.000000000000,0.000000000000,0.000040770913,0.000000000000,0.000000000000,0.000024345552,0.000000000000,0.000000000000,0.000027532871,0.000000000000,0.000000000000,0.000029235116
802,0.000000000000,0.000000000000,0.000128548184,0.000000000000,0.000000000000,0.000124003130,0.000000000000,0.000000000000,0.000134327907,0.000000000000,0.000000000000,0.000074224904,0.000000000000,0.000000000000,0.000076570046,0.000000000000,0.000000000000,0.000082625601,0.000000000000,0.000000000000,0.000045399484,0.000000000000,0.000000000000,0.000051346698,0.000000000000,0.000000000000,0.000053705958,0.000000000000,0.000000000000,0.000035824304,0.000000000000,0.000000000000,0.000037103707,0.000000000000,0.000000000000,0.000040770913,0.000000000000,0.000000000000,0.000024345552,0.000000000000,0.000000000000,0.000027532871,0.000000000000,0.000000000000,0.000029235116
803,0.000000000000,0.000000000000,0.000128548184,0.000000000000,0.000000000000,0.000124003130,0.000000000000,0.000000000000,0.000134327907,0.000000000000,0.000000000000,0.000074224904,0.000000000000,0.000000000000,0.000076570046,0.000000000000,0.000000000000,0.000082625601,0.000000000000,0.000000000000,0.000045399484,0.000000000000,0.000000000000,0.000051346698,0.000000000000,0.000000000000,0.000053705958,0.000000000000,0.000000000000,0.000035824304,0.000000000000,0.000000000000,0.000037103707,0.000000000000,0.000000000000,0.000040770913,0.000000000000,0.000000000000,0.000024345552,0.000000000000,0.000000000000,0.000027532871,0.000000000000,0.000000000000,0.000029235116
804,0.000000000000,0.000000000000,0.000128548184,0.000000000000,0.000000000000,0.000124003130,0.000000000000,0.000000000000,0.000134327907,0.000000000000,0.000000000000,0.000074224904,0.000000000000,0.000000000000,0.000076570046,0.000000000000,0.000000000000,0.000082625601,0.000000000000,0.000000000000,0.000045399484,0.000000000000,0.000000000000,0.000051346698,0.000000000000,0.000000000000,0.000053705958,0.000000000000,0.000000000000,0.000035824304,0.000000000000,0.000000000000,0.000037103707,0.000000000000,0.000000000000,0.000040770913,0.000000000000,0.000000000000,0.000024345552,0.000000000000,0.000000000000,0.000027532871,0.000000000000,0.000000000000,0.000029235116
805,0.000000000000,0.000000000000,0.000128548184,0.000000000000,0.000000000000,0.000124003130,0.000000000000,0.000000000000,0.000134327907,0.000000000000,0.000000000000,0.000074224904,0.000000000000,0.000000000000,0.000076570046,0.000000000000,0.000000000000,0.000082625601,0.000000000000,0.000000000000,0.000045399484,0.000000000000,0.000000000000,0.000051346698,0.000000000000,0.000000000000,0.000053705958,0.000000000000,0.000000000000,0.000035824304,0.000000000000,0.000000000000,0.000037103707,0.000000000000,0.000000000000,0.000040770913,0.000000000000,0.000000000000,0.000024345552,0.000000000000,0.000000000000,0.000027532871,0.000000000000,0.000000000000,0.000029235116
806,0.000000000000,0.000000000000,0.000128548184,0.000000000000,0.000000000000,0.000124003130,0.000000000000,0.000000000000,0.000134327907,0.000000000000,0.000000000000,0.000074224904,0.000000000000,0.000000000000,0.000076570046,0.000000000000,0.000000000000,0.000082625601,0.000000000000,0.000000000000,0.000045399484,0.000000000000,0.000000000000,0.000051346698,0.000000000000,0.000000000000,0.000053705958,0.000000000000,0.000000000000,0.000035824304,0.000000000000,0.000000000000,0.000037103707,0.000000000000,0.000000000000,0.000040770913,0.000000000000,0.000000000000,0.000024345552,0.000000000000,0.000000000000,0.000027532871,0.000000000000,0.000000000000,0.000029235116
807,0.000000000000,0.000000000000,0.000128548184,0.000000000000,0.000000000000,0.000124003130,0.000000000000,0.000000000000,0.000134327907,0.000000000000,0.000000000000,0.000074224904,0.000000000000,0.000000000000,0.000076570046,0.000000000000,0.000000000000,0.000082625601,0.000000000000,0.000000000000,0.000045399484,0.000000000000,0.000000000000,0.000051346698,0.000000000000,0.000000000000,0.000053705958,0.000000000000,0.000000000000,0.000035824304,0.000000000000,0.000000000000,0.000037103707,0.000000000000,0.000000000000,0.000040770913,0.000000000000,0.000000000000,0.000024345552,0.000000000000,0.000000000000,0.000027532871,0.000000000000,0.000000000000,0.000029235116
808,0.000000000000,0.000000000000,0.000128548184,0.000000000000,0.000000000000,0.000124003130,0.000000000000,0.000000000000,0.000134327907,0.000000000000,0.000000000000,0.000074224904,0.000000000000,0.000000000000,0.000076570046,0.000000000000,0.000000000000,0.000082625601,0.000000000000,0.000000000000,0.000045399484,0.000000000000,0.000000000000,0.000051346698,0.000000000000,0.000000000000,0.000053705958,0.000000000000,0.000000000000,0.000035824304,0.000000000000,0.000000000000,0.000037103707,0.000000000000,0.000000000000,0.000040770913,0.000000000000,0.000000000000,0.000024345552,0.000000000000,0.000000000000,0.000027532871,0.000000000000,0.000000000000,0.000029235116
809,0.000000000000,0.000000000000,0.000128548184,0.000000000000,0.000000000000,0.000124003130,0.000000000000,0.000000000000,0.000134327907,0.000000000000,0.000000000000,0.000074224904,0.000000000000,0.000000000000,0.000076570046,0.000000000000,0.000000000000,0.000082625601,0.000000000000,0.000000000000,0.000045399484,0.000000000000,0.000000000000,0.000051346698,0.000000000000,0.000000000000,0.000053705958,0.000000000000,0.000000000000,0.000035824304,0.000000000000,0.000000000000,0.000037103707,0.000000000000,0.000000000000,0.000040770913,0.000000000000,0.000000000000,0.000024345552,0.000000000000,0.000000000000,0.000027532871,0.000000000000,0.000000000000,0.000029235116
810,0.000000000000,0.000000000000,0.000128548184,0.000000000000,0.000000000000,0.000124003130,0.000000000000,0.000000000000,0.000134327907,0.000000000000,0.000000000000,0.000074224904,0.000000000000,0.000000000000,0.000076570046,0.000000000000,0.000000000000,0.000082625601,0.000000000000,0.000000000000,0.000045399484,0.000000000000,0.000000000000,0.000051346698,0.000000000000,0.000000000000,0.000053705958,0.000000000000,0.000000000000,0.000035824304,0.000000000000,0.000000000000,0.000037103707,0.000000000000,0.000000000000,0.000040770913,0.000000000000,0.000000000000,0.000024345552,0.000000000000,0.000000000000,0.000027532871,0.000000000000,0.000000000000,0.000029235116
811,0.000000000000,0.000000000000,0.000128548184,0.000000000000,0.000000000000,0.000124003130,0.000000000000,0.000000000000,0.000134327907,0.000000000000,0.000000000000,0.000074224904,0.000000000000,0.000000000000,0.000076570046,0.000000000000,0.000000000000,0.000082625601,0.000000000000,0.000000000000,0.000045399484,0.000000000000,0.000000000000,0.000051346698,0.000000000000,0.000000000000,0.000053705958,0.000000000000,0.000000000000,0.000035824304,0.000000000000,0.000000000000,0.000037103707,0.000000000000,0.000000000000,0.000040770913,0.000000000000,0.000000000000,0.000024345552,0.000000000000,0.000000000000,0.000027532871,0.000000000000,0.000000000000,0.000029235116
812,0.000000000000,0.000000000000,0.000128548184,0.000000000000,0.000000000000,0.000124003130,0.000000000000,0.000000000000,0.000134327907,0.000000000000,0.000000000000,0.000074224904,0.000000000000,0.000000000000,0.000076570046,0.000000000000,0.000000000000,0.000082625601,0.000000000000,0.000000000000,0.000045399484,0.000000000000,0.000000000000,0.000051346698,0.000000000000,0.000000000000,0.000053705958,0.000000000000,0.000000000000,0.000035824304,0.000000000000,0.000000000000,0.000037103707,0.000000000000,0.000000000000,0.000040770913,0.000000000000,0.000000000000,0.000024345552,0.000000000000,0.000000000000,0.000027532871,0.000000000000,0.000000000000,0.000029235116
813,0.000000000000,0.000000000000,0.000128548184,0.000000000000,0.000000000000,0.000124003130,0.000000000000,0.000000000000,0.000134327907,0.000000000000,0.000000000000,0.000074224904,0.000000000000,0.000000000000,0.000076570046,0.000000000000,0.000000000000,0.000082625601,0.000000000000,0.000000000000,0.000045399484,0.000000000000,0.000000000000,0.000051346698,0.000000000000,0.000000000000,0.000053705958,0.000000000000,0.000000000000,0.000035824304,0.000000000000,0.000000000000,0.000037103707,0.000000000000,0.000000000000,0.000040770913,0.000000000000,0.000000000000,0.000024345552,0.000000000000,0.000000000000,0.000027532871,0.000000000000,0.000000000000,0.000029235116
814,0.000000000000,0.000000000000,0.000128548184,0.000000000000,0.000000000000,0.000124003130,0.000000000000,0.000000000000,0.000134327907,0.000000000000,0.000000000000,0.000074224904,0.000000000000,0.000000000000,0.000076570046,0.000000000000,0.000000000000,0.000082625601,0.000000000000,0.000000000000,0.000045399484,0.000000000000,0.000000000000,0.000051346698,0.000000000000,0.000000000000,0.000053705958,0.000000000000,0.000000000000,0.000035824304,0.000000000000,0.000000000000,0.000037103707,0.000000000000,0.000000000000,0.000040770913,0.000000000000,0.000000000000,0.000024345552,0.000000000000,0.000000000000,0.000027532871,0.000000000000,0.000000000000,0.000029235116
815,0.000000000000,0.000000000000,0.000128548184,0.000000000000,0.000000000000,0.000124003130,0.000000000000,0.000000000000,0.000134327907,0.000000000000,0.000000000000,0.000074224904,0.000000000000,0.000000000000,0.000076570046,0.000000000000,0.000000000000,0.000082625601,0.000000000000,0.000000000000,0.000045399484,0.000000000000,0.000000000000,0.000051346698,0.000000000000,0.000000000000,0.000053705958,0.000000000000,0.000000000000,0.000035824304,0.000000000000,0.000000000000,0.000037103707,0.000000000000,0.000000000000,0.000040770913,0.000000000000,0.000000000000,0.000024345552,0.000000000000,0.000000000000,0.000027532871,0.000000000000,0.000000000000,0.000029235116
816,0.000000000000,0.000000000000,0.000128548184,0.000000000000,0.000000000000,0.000124003130,0.000000000000,0.000000000000,0.000134327907,0.000000000000,0.000000000000,0.000074224904,0.000000000000,0.000000000000,0.000076570046,0.000000000000,0.000000000000,0.000082625601,0.000000000000,0.000000000000,0.000045399484,0.000000000000,0.000000000000,0.000051346698,0.000000000000,0.000000000000,0.000053705958,0.000000000000,0.000000000000,0.000035824304,0.000000000000,0.000000000000,0.000037103707,0.000000000000,0.000000000000,0.000040770913,0.000000000000,0.000000000000,0.000024345552,0.000000000000,0.000000000000,0.000027532871,0.000000000000,0.000000000000,0.000029235116
817,0.000000000000,0.000000000000,0.000128548184,0.000000000000,0.000000000000,0.000124003130,0.000000000000,0.000000000000,0.000134327907,0.000000000000,0.000000000000,0.000074224904,0.000000000000,0.000000000000,0.000076570046,0.000000000000,0.000000000000,0.000082625601,0.000000000000,0.000000000000,0.000045399484,0.000000000000,0.000000000000,0.000051346698,0.000000000000,0.000000000000,0.000053705958,0.000000000000,0.000000000000,0.000035824304,0.000000000000,0.000000000000,0.000037103707,0.000000000000,0.000000000000,0.000040770913,0.000000000000,0.000000000000,0.000024345552,0.000000000000,0.000000000000,0.000027532871,0.000000000000,0.000000000000,0.000029235116
818,0.000000000000,0.000000000000,0.000128548184,0.000000000000,0.000000000000,0.000124003130,0.000000000000,0.000000000000,0.000134327907,0.000000000000,0.000000000000,0.000074224904,0.000000000000,0.000000000000,0.000076570046,0.000000000000,0.000000000000,0.000082625601,0.000000000000,0.000000000000,0.000045399484,0.000000000000,0.000000000000,0.000051346698,0.000000000000,0.000000000000,0.000053705958,0.000000000000,0.000000000000,0.000035824304,0.000000000000,0.000000000000,0.000037103707,0.000000000000,0.000000000000,0.000040770913,0.000000000000,0.000000000000,0.000024345552,0.000000000000,0.000000000000,0.000027532871,0.000000000000,0.000000000000,0.000029235116
819,0.000000000000,0.000000000000,0.000128548184,0.000000000000,0.000000000000,0.000124003130,0.000000000000,0.000000000000,0.000134327907,0.000000000000,0.000000000000,0.000074224904,0.000000000000,0.000000000000,0.000076570046,0.000000000000,0.000000000000,0.000082625601,0.000000000000,0.000000000000,0.000045399484,0.000000000000,0.000000000000,0.000051346698,0.000000000000,0.000000000000,0.000053705958,0.000000000000,0.000000000000,0.000035824304,0.000000000000,0.000000000000,0.000037103707,0.000000000000,0.000000000000,0.000040770913,0.000000000000,0.000000000000,0.000024345552,0.000000000000,0.000000000000,0.000027532871,0.000000000000,0.000000000000,0.000029235116
820,0.000000000000,0.000000000000,0.000128548184,0.000000000000,0.000000000000,0.000124003130,0.000000000000,0.000000000000,0.000134327907,0.000000000000,0.000000000000,0.000074224904,0.000000000000,0.000000000000,0.000076570046,0.000000000000,0.000000000000,0.000082625601,0.000000000000,0.000000000000,0.000045399484,0.000000000000,0.000000000000,0.000051346698,0.000000000000,0.000000000000,0.000053705958,0.000000000000,0.000000000000,0.000035824304,0.000000000000,0.000000000000,0.000037103707,0.000000000000,0.000000000000,0.000040770913,0.000000000000,0.000000000000,0.000024345552,0.000000000000,0.000000000000,0.000027532871,0.000000000000,0.000000000000,0.000029235116
821,0.000000000000,0.000000000000,0.000128548184,0.000000000000,0.000000000000,0.000124003130,0.000000000000,0.000000000000,0.000134327907,0.000000000000,0.000000000000,0.000074224904,0.000000000000,0.000000000000,0.000076570046,0.000000000000,0.000000000000,0.000082625601,0.000000000000,0.000000000000,0.000045399484,0.000000000000,0.000000000000,0.000051346698,0.000000000000,0.000000000000,0.000053705958,0.000000000000,0.000000000000,0.000035824304,0.000000000000,0.000000000000,0.000037103707,0.000000000000,0.000000000000,0.000040770913,0.000000000000,0.000000000000,0.000024345552,0.000000000000,0.000000000000,0.000027532871,0.000000000000,0.000000000000,0.000029235116
822,0.000000000000,0.000000000000,0.000128548184,0.000000000000,0.000000000000,0.000124003130,0.000000000000,0.000000000000,0.000134327907,0.000000000000,0.000000000000,0.000074224904,0.000000000000,0.000000000000,0.000076570046,0.000000000000,0.000000000000,0.000082625601,0.000000000000,0.000000000000,0.000045399484,0.000000000000,0.000000000000,0.000051346698,0.000000000000,0.000000000000,0.000053705958,0.000000000000,0.000000000000,0.000035824304,0.000000000000,0.000000000000,0.000037103707,0.000000000000,0.000000000000,0.000040770913,0.000000000000,0.000000000000,0.000024345552,0.000000000000,0.000000000000,0.000027532871,0.000000000000,0.000000000000,0.000029235116
823,0.000000000000,0.000000000000,0.000128548184,0.000000000000,0.000000000000,0.000124003130,0.000000000000,0.000000000000,0.000134327907,0.000000000000,0.000000000000,0.000074224904,0.000000000000,0.000000000000,0.000076570046,0.000000000000,0.000000000000,0.000082625601,0.000000000000,0.000000000000,0.000045399484,0.000000000000,0.000000000000,0.000051346698,0.000000000000,0.000000000000,0.000053705958,0.000000000000,0.000000000000,0.000035824304,0.000000000000,0.000000000000,0.000037103707,0.000000000000,0.000000000000,0.000040770913,0.000000000000,0.000000000000,0.000024345552,0.000000000000,0.000000000000,0.000027532871,0.000000000000,0.000000000000,0.000029235116
824,0.000000000000,0.000000000000,0.000128548184,0.000000000000,0.000000000000,0.000124003130,0.000000000000,0.000000000000,0.000134327907,0.000000000000,0.000000000000,0.000074224904,0.000000000000,0.000000000000,0.000076570046,0.000000000000,0.000000000000,0.000082625601,0.000000000000,0.000000000000,0.000045399484,0.000000000000,0.000000000000,0.000051346698,0.000000000000,0.000000000000,0.000053705958,0.000000000000,0.000000000000,0.000035824304,0.000000000000,0.000000000000,0.000037103707,0.000000000000,0.000000000000,0.000040770913,0.000000000000,0.000000000000,0.000024345552,0.000000000000,0.000000000000,0.000027532871,0.000000000000,0.000000000000,0.000029235116
825,0.000000000000,0.000000000000,0.000128548184,0.000000000000,0.000000000000,0.000124003130,0.000000000000,0.000000000000,0.000134327907,0.000000000000,0.000000000000,0.000074224904,0.000000000000,0.000000000000,0.000076570046,0.000000000000,0.000000000000,0.000082625601,0.000000000000,0.000000000000,0.000045399484,0.000000000000,0.000000000000,0.000051346698,0.000000000000,0.000000000000,0.000053705958,0.000000000000,0.000000000000,0.000035824304,0.000000000000,0.000000000000,0.000037103707,0.000000000000,0.000000000000,0.000040770913,0.000000000000,0.000000000000,0.000024345552,0.000000000000,0.000000000000,0.000027532871,0.000000000000,0.000000000000,0.000029235116
826,0.000000000000,0.000000000000,0.000128548184,0.000000000000,0.000000000000,0.000124003130,0.000000000000,0.000000000000,0.000134327907,0.000000000000,0.000000000000,0.000074224904,0.000000000000,0.000000000000,0.000076570046,0.000000000000,0.000000000000,0.000082625601,0.000000000000,0.000000000000,0.000045399484,0.000000000000,0.000000000000,0.000051346698,0.000000000000,0.000000000000,0.000053705958,0.000000000000,0.000000000000,0.000035824304,0.000000000000,0.000000000000,0.000037103707,0.000000000000,0.000000000000,0.000040770913,0.000000000000,0.000000000000,0.000024345552,0.000000000000,0.000000000000,0.000027532871,0.000000000000,0.000000000000,0.000029235116
827,0.000000000000,0.000000000000,0.000128548184,0.000000000000,0.000000000000,0.000124003130,0.000000000000,0.000000000000,0.000134327907,0.000000000000,0.000000000000,0.000074224904,0.000000000000,0.000000000000,0.000076570046,0.000000000000,0.000000000000,0.000082625601,0.000000000000,0.000000000000,0.000045399484,0.000000000000,0.000000000000,0.000051346698,0.000000000000,0.000000000000,0.000053705958,0.000000000000,0.000000000000,0.000035824304,0.000000000000,0.000000000000,0.000037103707,0.000000000000,0.000000000000,0.000040770913,0.000000000000,0.000000000000,0.000024345552,0.000000000000,0.000000000000,0.000027532871,0.000000000000,0.000000000000,0.000029235116
828,0.000000000000,0.000000000000,0.000128548184,0.000000000000,0.000000000000,0.000124003130,0.000000000000,0.000000000000,0.000134327907,0.000000000000,0.000000000000,0.000074224904,0.000000000000,0.000000000000,0.000076570046,0.000000000000,0.000000000000,0.000082625601,0.000000000000,0.000000000000,0.000045399484,0.000000000000,0.000000000000,0.000051346698,0.000000000000,0.000000000000,0.000053705958,0.000000000000,0.000000000000,0.000035824304,0.000000000000,0.000000000000,0.000037103707,0.000000000000,0.000000000000,0.000040770913,0.000000000000,0.000000000000,0.000024345552,0.000000000000,0.000000000000,0.000027532871,0.000000000000,0.000000000000,0.000029235116
829,0.000000000000,0.000000000000,0.000128548184,0.000000000000,0.000000000000,0.000124003130,0.000000000000,0.000000000000,0.000134327907,0.000000000000,0.000000000000,0.000074224904,0.000000000000,0.000000000000,0.000076570046,0.000000000000,0.000000000000,0.000082625601,0.000000000000,0.000000000000,0.000045399484,0.000000000000,0.000000000000,0.000051346698,0.000000000000,0.000000000000,0.000053705958,0.000000000000,0.000000000000,0.000035824304,0.000000000000,0.000000000000,0.000037103707,0.000000000000,0.000000000000,0.000040770913,0.000000000000,0.000000000000,0.000024345552,0.000000000000,0.000000000000,0.000027532871,0.000000000000,0.000000000000,0.000029235116
830,0.000000000000,0.000000000000,0.000128548184,0.000000000000,0.000000000000,0.000124003130,0.000000000000,0.000000000000,0.000134327907,0.000000000000,0.000000000000,0.000074224904,0.000000000000,0.000000000000,0.000076570046,0.000000000000,0.000000000000,0.000082625601,0.000000000000,0.000000000000,0.000045399484,0.000000000000,0.000000000000,0.000051346698,0.000000000000,0.000000000000,0.000053705958,0.000000000000,0.000000000000,0.000035824304,0.000000000000,0.000000000000,0.000037103707,0.000000000000,0.000000000000,0.000040770913,0.000000000000,0.000000000000,0.000024345552,0.000000000000,0.000000000000,0.000027532871,0.000000000000,0.000000000000,0.000029235116
831,0.000000000000,0.000000000000,0.000128548184,0.000000000000,0.000000000000,0.000124003130,0.000000000000,0.000000000000,0.000134327907,0.000000000000,0.000000000000,0.000074224904,0.000000000000,0.000000000000,0.000076570046,0.000000000000,0.000000000000,0.000082625601,0.000000000000,0.000000000000,0.000045399484,0.000000000000,0.000000000000,0.000051346698,0.000000000000,0.000000000000,0.000053705958,0.000000000000,0.000000000000,0.000035824304,0.000000000000,0.000000000000,0.000037103707,0.000000000000,0.000000000000,0.000040770913,0.000000000000,0.000000000000,0.000024345552,0.000000000000,0.000000000000,0.000027532871,0.000000000000,0.000000000000,0.000029235116
832,0.000000000000,0.000000000000,0.000128548184,0.000000000000,0.000000000000,0.000124003130,0.000000000000,0.000000000000,0.000134327907,0.000000000000,0.000000000000,0.000074224904,0.000000000000,0.000000000000,0.000076570046,0.000000000000,0.000000000000,0.000082625601,0.000000000000,0.000000000000,0.000045399484,0.000000000000,0.000000000000,0.000051346698,0.000000000000,0.000000000000,0.000053705958,0.000000000000,0.000000000000,0.000035824304,0.000000000000,0.000000000000,0.000037103707,0.000000000000,0.000000000000,0.000040770913,0.000000000000,0.000000000000,0.000024345552,0.000000000000,0.000000000000,0.000027532871,0.000000000000,0.000000000000,0.000029235116
833,0.000000000000,0.000000000000,0.000128548184,0.000000000000,0.000000000000,0.000124003130,0.000000000000,0.000000000000,0.000134327907,0.000000000000,0.000000000000,0.000074224904,0.000000000000,0.000000000000,0.000076570046,0.000000000000,0.000000000000,0.000082625601,0.000000000000,0.000000000000,0.000045399484,0.000000000000,0.000000000000,0.000051346698,0.000000000000,0.000000000000,0.000053705958,0.000000000000,0.000000000000,0.000035824304,0.000000000000,0.000000000000,0.000037103707,0.000000000000,0.000000000000,0.000040770913,0.000000000000,0.000000000000,0.000024345552,0.000000000000,0.000000000000,0.000027532871,0.000000000000,0.000000000000,0.000029235116
834,0.000000000000,0.000000000000,0.000128548184,0.000000000000,0.000000000000,0.000124003130,0.000000000000,0.000000000000,0.000134327907,0.000000000000,0.000000000000,0.000074224904,0.000000000000,0.000000000000,0.000076570046,0.000000000000,0.000000000000,0.000082625601,0.000000000000,0.000000000000,0.000045399484,0.000000000000,0.000000000000,0.000051346698,0.000000000000,0.000000000000,0.000053705958,0.000000000000,0.000000000000,0.000035824304,0.000000000000,0.000000000000,0.000037103707,0.000000000000,0.000000000000,0.000040770913,0.000000000000,0.000000000000,0.000024345552,0.000000000000,0.000000000000,0.000027532871,0.000000000000,0.000000000000,0.000029235116
835,0.000000000000,0.000000000000,0.000128548184,0.000000000000,0.000000000000,0.000124003130,0.000000000000,0.000000000000,0.000134327907,0.000000000000,0.000000000000,0.000074224904,0.000000000000,0.000000000000,0.000076570046,0.000000000000,0.000000000000,0.000082625601,0.000000000000,0.000000000000,0.000045399484,0.000000000000,0.000000000000,0.000051346698,0.000000000000,0.000000000000,0.000053705958,0.000000000000,0.000000000000,0.000035824304,0.000000000000,0.000000000000,0.000037103707,0.000000000000,0.000000000000,0.000040770913,0.000000000000,0.000000000000,0.000024345552,0.000000000000,0.000000000000,0.000027532871,0.000000000000,0.000000000000,0.000029235116
836,0.000000000000,0.000000000000,0.000128548184,0.000000000000,0.000000000000,0.000124003130,0.000000000000,0.000000000000,0.000134327907,0.000000000000,0.000000000000,0.000074224904,0.000000000000,0.000000000000,0.000076570046,0.000000000000,0.000000000000,0.000082625601,0.000000000000,0.000000000000,0.000045399484,0.000000000000,0.000000000000,0.000051346698,0.000000000000,0.000000000000,0.000053705958,0.000000000000,0.000000000000,0.000035824304,0.000000000000,0.000000000000,0.000037103707,0.000000000000,0.000000000000,0.000040770913,0.000000000000,0.000000000000,0.000024345552,0.000000000000,0.000000000000,0.000027532871,0.000000000000,0.000000000000,0.000029235116
837,0.000000000000,0.000000000000,0.000128548184,0.000000000000,0.000000000000,0.000124003130,0.000000000000,0.000000000000,0.000134327907,0.000000000000,0.000000000000,0.000074224904,0.000000000000,0.000000000000,0.000076570046,0.000000000000,0.000000000000,0.000082625601,0.000000000000,0.000000000000,0.000045399484,0.000000000000,0.000000000000,0.000051346698,0.000000000000,0.000000000000,0.000053705958,0.000000000000,0.000000000000,0.000035824304,0.000000000000,0.000000000000,0.000037103707,0.000000000000,0.000000000000,0.000040770913,0.000000000000,0.000000000000,0.000024345552,0.000000000000,0.000000000000,0.000027532871,0.000000000000,0.000000000000,0.000029235116
838,0.000000000000,0.000000000000,0.000128548184,0.000000000000,0.000000000000,0.000124003130,0.000000000000,0.000000000000,0.000134327907,0.000000000000,0.000000000000,0.000074224904,0.000000000000,0.000000000000,0.000076570046,0.000000000000,0.000000000000,0.000082625601,0.000000000000,0.000000000000,0.000045399484,0.000000000000,0.000000000000,0.000051346698,0.000000000000,0.000000000000,0.000053705958,0.000000000000,0.000000000000,0.000035824304,0.000000000000,0.000000000000,0.000037103707,0.000000000000,0.000000000000,0.000040770913,0.000000000000,0.000000000000,0.000024345552,0.000000000000,0.000000000000,0.000027532871,0.000000000000,0.000000000000,0.000029235116
839,0.000000000000,0.000000000000,0.000128548184,0.000000000000,0.000000000000,0.000124003130,0.000000000000,0.000000000000,0.000134327907,0.000000000000,0.000000000000,0.000074224904,0.000000000000,0.000000000000,0.000076570046,0.000000000000,0.000000000000,0.000082625601,0.000000000000,0.000000000000,0.000045399484,0.000000000000,0.000000000000,0.000051346698,0.000000000000,0.000000000000,0.000053705958,0.000000000000,0.000000000000,0.000035824304,0.000000000000,0.000000000000,0.000037103707,0.000000000000,0.000000000000,0.000040770913,0.000000000000,0.000000000000,0.000024345552,0.000000000000,0.000000000000,0.000027532871,0.000000000000,0.000000000000,0.000029235116
840,0.000000000000,0.000000000000,0.000128548184,0.000000000000,0.000000000000,0.000124003130,0.000000000000,0.000000000000,0.000134327907,0.000000000000,0.000000000000,0.000074224904,0.000000000000,0.000000000000,0.000076570046,0.000000000000,0.000000000000,0.000082625601,0.000000000000,0.000000000000,0.000045399484,0.000000000000,0.000000000000,0.000051346698,0.000000000000,0.000000000000,0.000053705958,0.000000000000,0.000000000000,0.000035824304,0.000000000000,0.000000000000,0.000037103707,0.000000000000,0.000000000000,0.000040770913,0.000000000000,0.000000000000,0.000024345552,0.000000000000,0.000000000000,0.000027532871,0.000000000000,0.000000000000,0.000029235116
841,0.000000000000,0.000000000000,0.000128548184,0.000000000000,0.000000000000,0.000124003130,0.000000000000,0.000000000000,0.000134327907,0.000000000000,0.000000000000,0.000074224904,0.000000000000,0.000000000000,0.000076570046,0.000000000000,0.000000000000,0.000082625601,0.000000000000,0.000000000000,0.000045399484,0.000000000000,0.000000000000,0.000051346698,0.000000000000,0.000000000000,0.000053705958,0.000000000000,0.000000000000,0.000035824304,0.000000000000,0.000000000000,0.000037103707,0.000000000000,0.000000000000,0.000040770913,0.000000000000,0.000000000000,0.000024345552,0.000000000000,0.000000000000,0.000027532871,0.000000000000,0.000000000000,0.000029235116
842,0.000000000000,0.000000000000,0.000128548184,0.000000000000,0.000000000000,0.000124003130,0.000000000000,0.000000000000,0.000134327907,0.000000000000,0.000000000000,0.000074224904,0.000000000000,0.000000000000,0.000076570046,0.000000000000,0.000000000000,0.000082625601,0.000000000000,0.000000000000,0.000045399484,0.000000000000,0.000000000000,0.000051346698,0.000000000000,0.000000000000,0.000053705958,0.000000000000,0.000000000000,0.000035824304,0.000000000000,0.000000000000,0.000037103707,0.000000000000,0.000000000000,0.000040770913,0.000000000000,0.000000000000,0.000024345552,0.000000000000,0.000000000000,0.000027532871,0.000000000000,0.000000000000,0.000029235116
843,0.000000000000,0.000000000000,0.000128548184,0.000000000000,0.000000000000,0.000124003130,0.000000000000,0.000000000000,0.000134327907,0.000000000000,0.000000000000,0.000074224904,0.000000000000,0.000000000000,0.000076570046,0.000000000000,0.000000000000,0.000082625601,0.000000000000,0.000000000000,0.000045399484,0.000000000000,0.000000000000,0.000051346698,0.000000000000,0.000000000000,0.000053705958,0.000000000000,0.000000000000,0.000035824304,0.000000000000,0.000000000000,0.000037103707,0.000000000000,0.000000000000,0.000040770913,0.000000000000,0.000000000000,0.000024345552,0.000000000000,0.000000000000,0.000027532871,0.000000000000,0.000000000000,0.000029235116
844,0.000000000000,0.000000000000,0.000128548184,0.000000000000,0.000000000000,0.000124003130,0.000000000000,0.000000000000,0.000134327907,0.000000000000,0.000000000000,0.000074224904,0.000000000000,0.000000000000,0.000076570046,0.000000000000,0.000000000000,0.000082625601,0.000000000000,0.000000000000,0.000045399484,0.000000000000,0.000000000000,0.000051346698,0.000000000000,0.000000000000,0.000053705958,0.000000000000,0.000000000000,0.000035824304,0.000000000000,0.000000000000,0.000037103707,0.000000000000,0.000000000000,0.000040770913,0.000000000000,0.000000000000,0.000024345552,0.000000000000,0.000000000000,0.000027532871,0.000000000000,0.000000000000,0.000029235116
845,0.000000000000,0.000000000000,0.000128548184,0.000000000000,0.000000000000,0.000124003130,0.000000000000,0.000000000000,0.000134327907,0.000000000000,0.000000000000,0.000074224904,0.000000000000,0.000000000000,0.000076570046,0.000000000000,0.000000000000,0.000082625601,0.000000000000,0.000000000000,0.000045399484,0.000000000000,0.000000000000,0.000051346698,0.000000000000,0.000000000000,0.000053705958,0.000000000000,0.000000000000,0.000035824304,0.000000000000,0.000000000000,0.000037103707,0.000000000000,0.000000000000,0.000040770913,0.000000000000,0.000000000000,0.000024345552,0.000000000000,0.000000000000,0.000027532871,0.000000000000,0.000000000000,0.000029235116
846,0.000000000000,0.000000000000,0.000128548184,0.000000000000,0.000000000000,0.000124003130,0.000000000000,0.000000000000,0.000134327907,0.000000000000,0.000000000000,0.000074224904,0.000000000000,0.000000000000,0.000076570046,0.000000000000,0.000000000000,0.000082625601,0.000000000000,0.000000000000,0.000045399484,0.000000000000,0.000000000000,0.000051346698,0.000000000000,0.000000000000,0.000053705958,0.000000000000,0.000000000000,0.000035824304,0.000000000000,0.000000000000,0.000037103707,0.000000000000,0.000000000000,0.000040770913,0.000000000000,0.000000000000,0.000024345552,0.000000000000,0.000000000000,0.000027532871,0.000000000000,0.000000000000,0.000029235116
847,0.000000000000,0.000000000000,0.000128548184,0.000000000000,0.000000000000,0.000124003130,0.000000000000,0.000000000000,0.000134327907,0.000000000000,0.000000000000,0.000074224904,0.000000000000,0.000000000000,0.000076570046,0.000000000000,0.000000000000,0.000082625601,0.000000000000,0.000000000000,0.000045399484,0.000000000000,0.000000000000,0.000051346698,0.000000000000,0.000000000000,0.000053705958,0.000000000000,0.000000000000,0.000035824304,0.000000000000,0.000000000000,0.000037103707,0.000000000000,0.000000000000,0.000040770913,0.000000000000,0.000000000000,0.000024345552,0.000000000000,0.000000000000,0.000027532871,0.000000000000,0.000000000000,0.000029235116
848,0.000000000000,0.000000000000,0.000128548184,0.000000000000,0.000000000000,0.000124003130,0.000000000000,0.000000000000,0.000134327907,0.000000000000,0.000000000000,0.000074224904,0.000000000000,0.000000000000,0.000076570046,0.000000000000,0.000000000000,0.000082625601,0.000000000000,0.000000000000,0.000045399484,0.000000000000,0.000000000000,0.000051346698,0.000000000000,0.000000000000,0.000053705958,0.000000000000,0.000000000000,0.000035824304,0.000000000000,0.000000000000,0.000037103707,0.000000000000,0.000000000000,0.000040770913,0.000000000000,0.000000000000,0.000024345552,0.000000000000,0.000000000000,0.000027532871,0.000000000000,0.000000000000,0.000029235116
849,0.000000000000,0.000000000000,0.000128548184,0.000000000000,0.000000000000,0.000124003130,0.000000000000,0.000000000000,0.000134327907,0.000000000000,0.000000000000,0.000074224904,0.000000000000,0.000000000000,0.000076570046,0.000000000000,0.000000000000,0.000082625601,0.000000000000,0.000000000000,0.000045399484,0.000000000000,0.000000000000,0.000051346698,0.000000000000,0.000000000000,0.000053705958,0.000000000000,0.000000000000,0.000035824304,0.000000000000,0.000000000000,0.000037103707,0.000000000000,0.000000000000,0.000040770913,0.000000000000,0.000000000000,0.000024345552,0.000000000000,0.000000000000,0.000027532871,0.000000000000,0.000000000000,0.000029235116
850,0.000000000000,0.000000000000,0.000128548184,0.000000000000,0.000000000000,0.000124003130,0.000000000000,0.000000000000,0.000134327907,0.000000000000,0.000000000000,0.000074224904,0.000000000000,0.000000000000,0.000076570046,0.000000000000,0.000000000000,0.000082625601,0.000000000000,0.000000000000,0.000045399484,0.000000000000,0.000000000000,0.000051346698,0.000000000000,0.000000000000,0.000053705958,0.000000000000,0.000000000000,0.000035824304,0.000000000000,0.000000000000,0.000037103707,0.000000000000,0.000000000000,0.000040770913,0.000000000000,0.000000000000,0.000024345552,0.000000000000,0.000000000000,0.000027532871,0.000000000000,0.000000000000,0.000029235116
851,0.000000000000,0.000000000000,0.000128548184,0.000000000000,0.000000000000,0.000124003130,0.000000000000,0.000000000000,0.000134327907,0.000000000000,0.000000000000,0.000074224904,0.000000000000,0.000000000000,0.000076570046,0.000000000000,0.000000000000,0.000082625601,0.000000000000,0.000000000000,0.000045399484,0.000000000000,0.000000000000,0.000051346698,0.000000000000,0.000000000000,0.000053705958,0.000000000000,0.000000000000,0.000035824304,0.000000000000,0.000000000000,0.000037103707,0.000000000000,0.000000000000,0.000040770913,0.000000000000,0.000000000000,0.000024345552,0.000000000000,0.000000000000,0.000027532871,0.000000000000,0.000000000000,0.000029235116
852,0.000000000000,0.000000000000,0.000128548184,0.000000000000,0.000000000000,0.000124003130,0.000000000000,0.000000000000,0.000134327907,0.000000000000,0.000000000000,0.000074224904,0.000000000000,0.000000000000,0.000076570046,0.000000000000,0.000000000000,0.000082625601,0.000000000000,0.000000000000,0.000045399484,0.000000000000,0.000000000000,0.000051346698,0.000000000000,0.000000000000,0.000053705958,0.000000000000,0.000000000000,0.000035824304,0.000000000000,0.000000000000,0.000037103707,0.000000000000,0.000000000000,0.000040770913,0.000000000000,0.000000000000,0.000024345552,0.000000000000,0.000000000000,0.000027532871,0.000000000000,0.000000000000,0.000029235116
853,0.000000000000,0.000000000000,0.000128548184,0.000000000000,0.000000000000,0.000124003130,0.000000000000,0.000000000000,0.000134327907,0.000000000000,0.000000000000,0.000074224904,0.000000000000,0.000000000000,0.000076570046,0.000000000000,0.000000000000,0.000082625601,0.000000000000,0.000000000000,0.000045399484,0.000000000000,0.000000000000,0.000051346698,0.000000000000,0.000000000000,0.000053705958,0.000000000000,0.000000000000,0.000035824304,0.000000000000,0.000000000000,0.000037103707,0.000000000000,0.000000000000,0.000040770913,0.000000000000,0.000000000000,0.000024345552,0.000000000000,0.000000000000,0.000027532871,0.000000000000,0.000000000000,0.000029235116
854,0.000000000000,0.000000000000,0.000128548184,0.000000000000,0.000000000000,0.000124003130,0.000000000000,0.000000000000,0.000134327907,0.000000000000,0.000000000000,0.000074224904,0.000000000000,0.000000000000,0.000076570046,0.000000000000,0.000000000000,0.000082625601,0.000000000000,0.000000000000,0.000045399484,0.000000000000,0.000000000000,0.000051346698,0.000000000000,0.000000000000,0.000053705958,0.000000000000,0.000000000000,0.000035824304,0.000000000000,0.000000000000,0.000037103707,0.000000000000,0.000000000000,0.000040770913,0.000000000000,0.000000000000,0.000024345552,0.000000000000,0.000000000000,0.000027532871,0.000000000000,0.000000000000,0.000029236376
855,0.000000000000,0.000000000000,0.000128548184,0.000000000000,0.000000000000,0.000124003130,0.000000000000,0.000000000000,0.000134327907,0.000000000000,0.000000000000,0.000074224904,0.000000000000,0.000000000000,0.000076570046,0.000000000000,0.000000000000,0.000082625601,0.000000000000,0.000000000000,0.000045399484,0.000000000000,0.000000000000,0.000051346698,0.000000000000,0.000000000000,0.000053705958,0.000000000000,0.000000000000,0.000035824304,0.000000000000,0.000000000000,0.000037103707,0.000000000000,0.000000000000,0.000040770913,0.000000000000,0.000000000000,0.000024345552,0.000000000000,0.000000000000,0.000027532871,0.000000000000,0.000000000000,0.000029236376
856,0.000000000000,0.000000000000,0.000128548184,0.000000000000,0.000000000000,0.000124003130,0.000000000000,0.000000000000,0.000134327907,0.000000000000,0.000000000000,0.000074224904,0.000000000000,0.000000000000,0.000076570046,0.000000000000,0.000000000000,0.000082625601,0.000000000000,0.000000000000,0.000045399484,0.000000000000,0.000000000000,0.000051346698,0.000000000000,0.000000000000,0.000053705958,0.000000000000,0.000000000000,0.000035824304,0.000000000000,0.000000000000,0.000037103707,0.000000000000,0.000000000000,0.000040770913,0.000000000000,0.000000000000,0.000024345552,0.000000000000,0.000000000000,0.000027532871,0.000000000000,0.000000000000,0.000029236376
857,0.000000000000,0.000000000000,0.000128548184,0.000000000000,0.000000000000,0.000124003130,0.000000000000,0.000000000000,0.000134327907,0.000000000000,0.000000000000,0.000074224904,0.000000000000,0.000000000000,0.000076570046,0.000000000000,0.000000000000,0.000082625601,0.000000000000,0.000000000000,0.000045399484,0.000000000000,0.000000000000,0.000051346698,0.000000000000,0.000000000000,0.000053705958,0.000000000000,0.000000000000,0.000035824304,0.000000000000,0.000000000000,0.000037103707,0.000000000000,0.000000000000,0.000040770913,0.000000000000,0.000000000000,0.000024345552,0.000000000000,0.000000000000,0.000027532871,0.000000000000,0.000000000000,0.000029236376
858,0.000000000000,0.000000000000,0.000128548184,0.000000000000,0.000000000000,0.000124003130,0.000000000000,0.000000000000,0.000134327907,0.000000000000,0.000000000000,0.000074224904,0.000000000000,0.000000000000,0.000076570046,0.000000000000,0.000000000000,0.000082625601,0.000000000000,0.000000000000,0.000045399484,0.000000000000,0.000000000000,0.000051346698,0.000000000000,0.000000000000,0.000053705958,0.000000000000,0.000000000000,0.000035824304,0.000000000000,0.000000000000,0.000037103707,0.000000000000,0.000000000000,0.000040770913,0.000000000000,0.000000000000,0.000024345552,0.000000000000,0.000000000000,0.000027532871,0.000000000000,0.000000000000,0.000029236376
859,0.000000000000,0.000000000000,0.000128548184,0.000000000000,0.000000000000,0.000124003130,0.000000000000,0.000000000000,0.000134327907,0.000000000000,0.000000000000,0.000074224904,0.000000000000,0.000000000000,0.000076570046,0.000000000000,0.000000000000,0.000082625601,0.000000000000,0.000000000000,0.000045399484,0.000000000000,0.000000000000,0.000051346698,0.000000000000,0.000000000000,0.000053705958,0.000000000000,0.000000000000,0.000035824304,0.000000000000,0.000000000000,0.000037103707,0.000000000000,0.000000000000,0.000040770913,0.000000000000,0.000000000000,0.000024345552,0.000000000000,0.000000000000,0.000027532871,0.000000000000,0.000000000000,0.000029236376
860,0.000000000000,0.000000000000,0.000128548184,0.000000000000,0.000000000000,0.000124003130,0.000000000000,0.000000000000,0.000134327907,0.000000000000,0.000000000000,0.000074224904,0.000000000000,0.000000000000,0.000076570046,0.000000000000,0.000000000000,0.000082625601,0.000000000000,0.000000000000,0.000045399484,0.000000000000,0.000000000000,0.000051346698,0.000000000000,0.000000000000,0.000053705958,0.000000000000,0.000000000000,0.000035824304,0.000000000000,0.000000000000,0.000037103707,0.000000000000,0.000000000000,0.000040770913,0.000000000000,0.000000000000,0.000024345552,0.000000000000,0.000000000000,0.000027532871,0.000000000000,0.000000000000,0.000029236376
861,0.000000000000,0.000000000000,0.000128548184,0.000000000000,0.000000000000,0.000124003130,0.000000000000,0.000000000000,0.000134327907,0.000000000000,0.000000000000,0.000074224904,0.000000000000,0.000000000000,0.000076570046,0.000000000000,0.000000000000,0.000082625601,0.000000000000,0.000000000000,0.000045399484,0.000000000000,0.000000000000,0.000051346698,0.000000000000,0.000000000000,0.000053705958,0.000000000000,0.000000000000,0.000035824304,0.000000000000,0.000000000000,0.000037103707,0.000000000000,0.000000000000,0.000040770913,0.000000000000,0.000000000000,0.000024345552,0.000000000000,0.000000000000,0.000027532871,0.000000000000,0.000000000000,0.000029236376
862,0.000000000000,0.000000000000,0.000128548184,0.000000000000,0.000000000000,0.000124003130,0.000000000000,0.000000000000,0.000134327907,0.000000000000,0.000000000000,0.000074224904,0.000000000000,0.000000000000,0.000076570046,0.000000000000,0.000000000000,0.000082625601,0.000000000000,0.000000000000,0.000045399484,0.000000000000,0.000000000000,0.000051346698,0.000000000000,0.000000000000,0.000053705958,0.000000000000,0.000000000000,0.000035824304,0.000000000000,0.000000000000,0.000037103707,0.000000000000,0.000000000000,0.000040770913,0.000000000000,0.000000000000,0.000024345552,0.000000000000,0.000000000000,0.000027532871,0.000000000000,0.000000000000,0.000029236376
863,0.000000000000,0.000000000000,0.000128548184,0.000000000000,0.000000000000,0.000124003130,0.000000000000,0.000000000000,0.000134327907,0.000000000000,0.000000000000,0.000074224904,0.000000000000,0.000000000000,0.000076570046,0.000000000000,0.000000000000,0.000082625601,0.000000000000,0.000000000000,0.000045399484,0.000000000000,0.000000000000,0.000051346698,0.000000000000,0.000000000000,0.000053705958,0.000000000000,0.000000000000,0.000035824304,0.000000000000,0.000000000000,0.000037103707,0.000000000000,0.000000000000,0.000040770913,0.000000000000,0.000000000000,0.000024345552,0.000000000000,0.000000000000,0.000027532871,0.000000000000,0.000000000000,0.000029236376
864,0.000000000000,0.000000000000,0.000128548184,0.000000000000,0.000000000000,0.000124003130,0.000000000000,0.000000000000,0.000134327907,0.000000000000,0.000000000000,0.000074224904,0.000000000000,0.000000000000,0.000076570046,0.000000000000,0.000000000000,0.000082625601,0.000000000000,0.000000000000,0.000045399484,0.000000000000,0.000000000000,0.000051346698,0.000000000000,0.000000000000,0.000053705958,0.000000000000,0.000000000000,0.000035824304,0.000000000000,0.000000000000,0.000037103707,0.000000000000,0.000000000000,0.000040770913,0.000000000000,0.000000000000,0.000024345552,0.000000000000,0.000000000000,0.000027532871,0.000000000000,0.000000000000,0.000029236376
865,0.000000000000,0.000000000000,0.000128548184,0.000000000000,0.000000000000,0.000124003130,0.000000000000,0.000000000000,0.000134327907,0.000000000000,0.000000000000,0.000074224904,0.000000000000,0.000000000000,0.000076570046,0.000000000000,0.000000000000,0.000082625601,0.000000000000,0.000000000000,0.000045399484,0.000000000000,0.000000000000,0.000051346698,0.000000000000,0.000000000000,0.000053705958,0.000000000000,0.000000000000,0.000035824304,0.000000000000,0.000000000000,0.000037103707,0.000000000000,0.000000000000,0.000040770913,0.000000000000,0.000000000000,0.000024345552,0.000000000000,0.000000000000,0.000027532871,0.000000000000,0.000000000000,0.000029236376
866,0.000000000000,0.000000000000,0.000128548184,0.000000000000,0.000000000000,0.000124003130,0.000000000000,0.000000000000,0.000134327907,0.000000000000,0.000000000000,0.000074224904,0.000000000000,0.000000000000,0.000076570046,0.000000000000,0.000000000000,0.000082625601,0.000000000000,0.000000000000,0.000045399484,0.000000000000,0.000000000000,0.000051346698,0.000000000000,0.000000000000,0.000053705958,0.000000000000,0.000000000000,0.000035824304,0.000000000000,0.000000000000,0.000037103707,0.000000000000,0.000000000000,0.000040770913,0.000000000000,0.000000000000,0.000024345552,0.000000000000,0.000000000000,0.000027532871,0.000000000000,0.000000000000,0.000029236376
867,0.000000000000,0.000000000000,0.000128548184,0.000000000000,0.000000000000,0.000124003130,0.000000000000,0.000000000000,0.000134327907,0.000000000000,0.000000000000,0.000074224904,0.000000000000,0.000000000000,0.000076570046,0.000000000000,0.000000000000,0.000082625601,0.000000000000,0.000000000000,0.000045399484,0.000000000000,0.000000000000,0.000051346698,0.000000000000,0.000000000000,0.000053705958,0.000000000000,0.000000000000,0.000035824304,0.000000000000,0.000000000000,0.000037103707,0.000000000000,0.000000000000,0.000040770913,0.000000000000,0.000000000000,0.000024345552,0.000000000000,0.000000000000,0.000027532871,0.000000000000,0.000000000000,0.000029236376
868,0.000000000000,0.000000000000,0.000128548184,0.000000000000,0.000000000000,0.000124003130,0.000000000000,0.000000000000,0.000134327907,0.000000000000,0.000000000000,0.000074224904,0.000000000000,0.000000000000,0.000076570046,0.000000000000,0.000000000000,0.000082625601,0.000000000000,0.000000000000,0.000045399484,0.000000000000,0.000000000000,0.000051346698,0.000000000000,0.000000000000,0.000053705958,0.000000000000,0.000000000000,0.000035824304,0.000000000000,0.000000000000,0.000037103707,0.000000000000,0.000000000000,0.000040770913,0.000000000000,0.000000000000,0.000024345552,0.000000000000,0.000000000000,0.000027532871,0.000000000000,0.000000000000,0.000029236376
869,0.000000000000,0.000000000000,0.000128548184,0.000000000000,0.000000000000,0.000124003130,0.000000000000,0.000000000000,0.000134327907,0.000000000000,0.000000000000,0.000074224904,0.000000000000,0.000000000000,0.000076570046,0.000000000000,0.000000000000,0.000082625601,0.000000000000,0.000000000000,0.000045399484,0.000000000000,0.000000000000,0.000051346698,0.000000000000,0.000000000000,0.000053705958,0.000000000000,0.000000000000,0.000035824304,0.000000000000,0.000000000000,0.000037103707,0.000000000000,0.000000000000,0.000040770913,0.000000000000,0.000000000000,0.000024345552,0.000000000000,0.000000000000,0.000027532871,0.000000000000,0.000000000000,0.000029236376
870,0.000000000000,0.000000000000,0.000128548184,0.000000000000,0.000000000000,0.000124003130,0.000000000000,0.000000000000,0.000134327907,0.000000000000,0.000000000000,0.000074224904,0.000000000000,0.000000000000,0.000076570046,0.000000000000,0.000000000000,0.000082625601,0.000000000000,0.000000000000,0.000045399484,0.000000000000,0.000000000000,0.000051346698,0.000000000000,0.000000000000,0.000053705958,0.000000000000,0.000000000000,0.000035824304,0.000000000000,0.000000000000,0.000037103707,0.000000000000,0.000000000000,0.000040770913,0.000000000000,0.000000000000,0.000024345552,0.000000000000,0.000000000000,0.000027532871,0.000000000000,0.000000000000,0.000029236376
871,0.000000000000,0.000000000000,0.000128548184,0.000000000000,0.000000000000,0.000124003130,0.000000000000,0.000000000000,0.000134327907,0.000000000000,0.000000000000,0.000074224904,0.000000000000,0.000000000000,0.000076570046,0.000000000000,0.000000000000,0.000082625601,0.000000000000,0.000000000000,0.000045399484,0.000000000000,0.000000000000,0.000051346698,0.000000000000,0.000000000000,0.000053705958,0.000000000000,0.000000000000,0.000035824304,0.000000000000,0.000000000000,0.000037103707,0.000000000000,0.000000000000,0.000040770913,0.000000000000,0.000000000000,0.000024345552,0.000000000000,0.000000000000,0.000027532871,0.000000000000,0.000000000000,0.000029236376
872,0.000000000000,0.000000000000,0.000128548184,0.000000000000,0.000000000000,0.000124003130,0.000000000000,0.000000000000,0.000134327907,0.000000000000,0.000000000000,0.000074224904,0.000000000000,0.000000000000,0.000076570046,0.000000000000,0.000000000000,0.000082625601,0.000000000000,0.000000000000,0.000045399484,0.000000000000,0.000000000000,0.000051346698,0.000000000000,0.000000000000,0.000053705958,0.000000000000,0.000000000000,0.000035824304,0.000000000000,0.000000000000,0.000037103707,0.000000000000,0.000000000000,0.000040770913,0.000000000000,0.000000000000,0.000024345552,0.000000000000,0.000000000000,0.000027532871,0.000000000000,0.000000000000,0.000029236376
873,0.000000000000,0.000000000000,0.000128548184,0.000000000000,0.000000000000,0.000124003130,0.000000000000,0.000000000000,0.000134327907,0.000000000000,0.000000000000,0.000074224904,0.000000000000,0.000000000000,0.000076570046,0.000000000000,0.000000000000,0.000082625601,0.000000000000,0.000000000000,0.000045399484,0.000000000000,0.000000000000,0.000051346698,0.000000000000,0.000000000000,0.000053705958,0.000000000000,0.000000000000,0.000035824304,0.000000000000,0.000000000000,0.000037103707,0.000000000000,0.000000000000,0.000040770913,0.000000000000,0.000000000000,0.000024345552,0.000000000000,0.000000000000,0.000027532871,0.000000000000,0.000000000000,0.000029236376
874,0.000000000000,0.000000000000,0.000128548184,0.000000000000,0.000000000000,0.000124003130,0.000000000000,0.000000000000,0.000134327907,0.000000000000,0.000000000000,0.000074224904,0.000000000000,0.000000000000,0.000076570046,0.000000000000,0.000000000000,0.000082625601,0.000000000000,0.000000000000,0.000045399484,0.000000000000,0.000000000000,0.000051346698,0.000000000000,0.000000000000,0.000053705958,0.000000000000,0.000000000000,0.000035824304,0.000000000000,0.000000000000,0.000037103707,0.000000000000,0.000000000000,0.000040770913,0.000000000000,0.000000000000,0.000024345552,0.000000000000,0.000000000000,0.000027532871,0.000000000000,0.000000000000,0.000029236376
875,0.000000000000,0.000000000000,0.000128548184,0.000000000000,0.000000000000,0.000124003130,0.000000000000,0.000000000000,0.000134327907,0.000000000000,0.000000000000,0.000074224904,0.000000000000,0.000000000000,0.000076570046,0.000000000000,0.000000000000,0.000082625601,0.000000000000,0.000000000000,0.000045399484,0.000000000000,0.000000000000,0.000051346698,0.000000000000,0.000000000000,0.000053705958,0.000000000000,0.000000000000,0.000035824304,0.000000000000,0.000000000000,0.000037103707,0.000000000000,0.000000000000,0.000040770913,0.000000000000,0.000000000000,0.000024345552,0.000000000000,0.000000000000,0.000027532871,0.000000000000,0.000000000000,0.000029236376
876,0.000000000000,0.000000000000,0.000128548184,0.000000000000,0.000000000000,0.000124003130,0.000000000000,0.000000000000,0.000134327907,0.000000000000,0.000000000000,0.000074224904,0.000000000000,0.000000000000,0.000076570046,0.000000000000,0.000000000000,0.000082625601,0.000000000000,0.000000000000,0.000045399484,0.000000000000,0.000000000000,0.000051346698,0.000000000000,0.000000000000,0.000053705958,0.000000000000,0.000000000000,0.000035824304,0.000000000000,0.000000000000,0.000037103707,0.000000000000,0.000000000000,0.000040770913,0.000000000000,0.000000000000,0.000024345552,0.000000000000,0.000000000000,0.000027532871,0.000000000000,0.000000000000,0.000029236376
877,0.000000000000,0.000000000000,0.000128548184,0.000000000000,0.000000000000,0.000124003130,0.000000000000,0.000000000000,0.000134327907,0.000000000000,0.000000000000,0.000074224904,0.000000000000,0.000000000000,0.000076570046,0.000000000000,0.000000000000,0.000082625601,0.000000000000,0.000000000000,0.000045399484,0.000000000000,0.000000000000,0.000051346698,0.000000000000,0.000000000000,0.000053705958,0.000000000000,0.000000000000,0.000035824304,0.000000000000,0.000000000000,0.000037103707,0.000000000000,0.000000000000,0.000040770913,0.000000000000,0.000000000000,0.000024345552,0.000000000000,0.000000000000,0.000027532871,0.000000000000,0.000000000000,0.000029236376
878,0.000000000000,0.000000000000,0.000128548184,0.000000000000,0.000000000000,0.000124003130,0.000000000000,0.000000000000,0.000134327907,0.000000000000,0.000000000000,0.000074224904,0.000000000000,0.000000000000,0.000076570046,0.000000000000,0.000000000000,0.000082625601,0.000000000000,0.000000000000,0.000045399484,0.000000000000,0.000000000000,0.000051346698,0.000000000000,0.000000000000,0.000053705958,0.000000000000,0.000000000000,0.000035824304,0.000000000000,0.000000000000,0.000037103707,0.000000000000,0.000000000000,0.000040770913,0.000000000000,0.000000000000,0.000024345552,0.000000000000,0.000000000000,0.000027532871,0.000000000000,0.000000000000,0.000029236376
879,0.000000000000,0.000000000000,0.000128548184,0.000000000000,0.000000000000,0.000124003130,0.000000000000,0.000000000000,0.000134327907,0.000000000000,0.000000000000,0.000074224904,0.000000000000,0.000000000000,0.000076570046,0.000000000000,0.000000000000,0.000082625601,0.000000000000,0.000000000000,0.000045399484,0.000000000000,0.000000000000,0.000051346698,0.000000000000,0.000000000000,0.000053705958,0.000000000000,0.000000000000,0.000035824304,0.000000000000,0.000000000000,0.000037103707,0.000000000000,0.000000000000,0.000040770913,0.000000000000,0.000000000000,0.000024345552,0.000000000000,0.000000000000,0.000027532871,0.000000000000,0.000000000000,0.000029236376
880,0.000000000000,0.000000000000,0.000128548184,0.000000000000,0.000000000000,0.000124003130,0.000000000000,0.000000000000,0.000134327907,0.000000000000,0.000000000000,0.000074224904,0.000000000000,0.000000000000,0.000076570046,0.000000000000,0.000000000000,0.000082625601,0.000000000000,0.000000000000,0.000045399484,0.000000000000,0.000000000000,0.000051346698,0.000000000000,0.000000000000,0.000053705958,0.000000000000,0.000000000000,0.000035824304,0.000000000000,0.000000000000,0.000037103707,0.000000000000,0.000000000000,0.000040770913,0.000000000000,0.000000000000,0.000024345552,0.000000000000,0.000000000000,0.000027532871,0.000000000000,0.000000000000,0.000029236376
881,0.000000000000,0.000000000000,0.000128548184,0.000000000000,0.000000000000,0.000124003130,0.000000000000,0.000000000000,0.000134327907,0.000000000000,0.000000000000,0.000074224904,0.000000000000,0.000000000000,0.000076570046,0.000000000000,0.000000000000,0.000082625601,0.000000000000,0.000000000000,0.000045399484,0.000000000000,0.000000000000,0.000051346698,0.000000000000,0.000000000000,0.000053705958,0.000000000000,0.000000000000,0.000035824304,0.000000000000,0.000000000000,0.000037103707,0.000000000000,0.000000000000,0.000040770913,0.000000000000,0.000000000000,0.000024345552,0.000000000000,0.000000000000,0.000027532871,0.000000000000,0.000000000000,0.000029236376
882,0.000000000000,0.000000000000,0.000128548184,0.000000000000,0.000000000000,0.000124003130,0.000000000000,0.000000000000,0.000134327907,0.000000000000,0.000000000000,0.000074224904,0.000000000000,0.000000000000,0.000076570046,0.000000000000,0.000000000000,0.000082625601,0.000000000000,0.000000000000,0.000045399484,0.000000000000,0.000000000000,0.000051346698,0.000000000000,0.000000000000,0.000053705958,0.000000000000,0.000000000000,0.000035824304,0.000000000000,0.000000000000,0.000037103707,0.000000000000,0.000000000000,0.000040770913,0.000000000000,0.000000000000,0.000024345552,0.000000000000,0.000000000000,0.000027532871,0.000000000000,0.000000000000,0.000029236376
883,0.000000000000,0.000000000000,0.000128548184,0.000000000000,0.000000000000,0.000124003130,0.000000000000,0.000000000000,0.000134327907,0.000000000000,0.000000000000,0.000074224904,0.000000000000,0.000000000000,0.000076570046,0.000000000000,0.000000000000,0.000082625601,0.000000000000,0.000000000000,0.000045399484,0.000000000000,0.000000000000,0.000051346698,0.000000000000,0.000000000000,0.000053705958,0.000000000000,0.000000000000,0.000035824304,0.000000000000,0.000000000000,0.000037103707,0.000000000000,0.000000000000,0.000040770913,0.000000000000,0.000000000000,0.000024345552,0.000000000000,0.000000000000,0.000027532871,0.000000000000,0.000000000000,0.000029236376
884,0.000000000000,0.000000000000,0.000128548184,0.000000000000,0.000000000000,0.000124003130,0.000000000000,0.000000000000,0.000134327907,0.000000000000,0.000000000000,0.000074224904,0.000000000000,0.000000000000,0.000076570046,0.000000000000,0.000000000000,0.000082625601,0.000000000000,0.000000000000,0.000045399484,0.000000000000,0.000000000000,0.000051346698,0.000000000000,0.000000000000,0.000053705958,0.000000000000,0.000000000000,0.000035824304,0.000000000000,0.000000000000,0.000037103707,0.000000000000,0.000000000000,0.000040770913,0.000000000000,0.000000000000,0.000024345552,0.000000000000,0.000000000000,0.000027532871,0.000000000000,0.000000000000,0.000029236376
885,0.000000000000,0.000000000000,0.000128548184,0.000000000000,0.000000000000,0.000124003130,0.000000000000,0.000000000000,0.000134327907,0.000000000000,0.000000000000,0.000074224904,0.000000000000,0.000000000000,0.000076570046,0.000000000000,0.000000000000,0.000082625601,0.000000000000,0.000000000000,0.000045399484,0.000000000000,0.000000000000,0.000051346698,0.000000000000,0.000000000000,0.000053705958,0.000000000000,0.000000000000,0.000035824304,0.000000000000,0.000000000000,0.000037103707,0.000000000000,0.000000000000,0.000040770913,0.000000000000,0.000000000000,0.000024345552,0.000000000000,0.000000000000,0.000027532871,0.000000000000,0.000000000000,0.000029236376
886,0.000000000000,0.000000000000,0.000128548184,0.000000000000,0.000000000000,0.000124003130,0.000000000000,0.000000000000,0.000134327907,0.000000000000,0.000000000000,0.000074224904,0.000000000000,0.000000000000,0.000076570046,0.000000000000,0.000000000000,0.000082625601,0.000000000000,0.000000000000,0.000045399484,0.000000000000,0.000000000000,0.000051346698,0.000000000000,0.000000000000,0.000053705958,0.000000000000,0.000000000000,0.000035824304,0.000000000000,0.000000000000,0.000037103707,0.000000000000,0.000000000000,0.000040770913,0.000000000000,0.000000000000,0.000024345552,0.000000000000,0.000000000000,0.000027532871,0.000000000000,0.000000000000,0.000029236376
887,0.000000000000,0.000000000000,0.000128548184,0.000000000000,0.000000000000,0.000124003130,0.000000000000,0.000000000000,0.000134327907,0.000000000000,0.000000000000,0.000074224904,0.000000000000,0.000000000000,0.000076570046,0.000000000000,0.000000000000,0.000082625601,0.000000000000,0.000000000000,0.000045399484,0.000000000000,0.000000000000,0.000051346698,0.000000000000,0.000000000000,0.000053705958,0.000000000000,0.000000000000,0.000035824304,0.000000000000,0.000000000000,0.000037103707,0.000000000000,0.000000000000,0.000040770913,0.000000000000,0.000000000000,0.000024345552,0.000000000000,0.000000000000,0.000027532871,0.000000000000,0.000000000000,0.000029236376
888,0.000000000000,0.000000000000,0.000128548184,0.000000000000,0.000000000000,0.000124003130,0.000000000000,0.000000000000,0.000134327907,0.000000000000,0.000000000000,0.000074224904,0.000000000000,0.000000000000,0.000076570046,0.000000000000,0.000000000000,0.000082625601,0.000000000000,0.000000000000,0.000045399484,0.000000000000,0.000000000000,0.000051346698,0.000000000000,0.000000000000,0.000053705958,0.000000000000,0.000000000000,0.000035824304,0.000000000000,0.000000000000,0.000037103707,0.000000000000,0.000000000000,0.000040770913,0.000000000000,0.000000000000,0.000024345552,0.000000000000,0.000000000000,0.000027532871,0.000000000000,0.000000000000,0.000029236376
889,0.000000000000,0.000000000000,0.000128548184,0.000000000000,0.000000000000,0.000124003130,0.000000000000,0.000000000000,0.000134327907,0.000000000000,0.000000000000,0.000074224904,0.000000000000,0.000000000000,0.000076570046,0.000000000000,0.000000000000,0.000082625601,0.000000000000,0.000000000000,0.000045399484,0.000000000000,0.000000000000,0.000051346698,0.000000000000,0.000000000000,0.000053705958,0.000000000000,0.000000000000,0.000035824304,0.000000000000,0.000000000000,0.000037103707,0.000000000000,0.000000000000,0.000040770913,0.000000000000,0.000000000000,0.000024345552,0.000000000000,0.000000000000,0.000027532871,0.000000000000,0.000000000000,0.000029236376
890,0.000000000000,0.000000000000,0.000128548184,0.000000000000,0.000000000000,0.000124003130,0.000000000000,0.000000000000,0.000134327907,0.000000000000,0.000000000000,0.000074224904,0.000000000000,0.000000000000,0.000076570046,0.000000000000,0.000000000000,0.000082625601,0.000000000000,0.000000000000,0.000045399484,0.000000000000,0.000000000000,0.000051346698,0.000000000000,0.000000000000,0.000053705958,0.000000000000,0.000000000000,0.000035824304,0.000000000000,0.000000000000,0.000037103707,0.000000000000,0.000000000000,0.000040770913,0.000000000000,0.000000000000,0.000024345552,0.000000000000,0.000000000000,0.000027532871,0.000000000000,0.000000000000,0.000029236376
891,0.000000000000,0.000000000000,0.000128548184,0.000000000000,0.000000000000,0.000124003130,0.000000000000,0.000000000000,0.000134327907,0.000000000000,0.000000000000,0.000074224904,0.000000000000,0.000000000000,0.000076570046,0.000000000000,0.000000000000,0.000082625601,0.000000000000,0.000000000000,0.000045399484,0.000000000000,0.000000000000,0.000051346698,0.000000000000,0.000000000000,0.000053705958,0.000000000000,0.000000000000,0.000035824304,0.000000000000,0.000000000000,0.000037103707,0.000000000000,0.000000000000,0.000040770913,0.000000000000,0.000000000000,0.000024345552,0.000000000000,0.000000000000,0.000027532871,0.000000000000,0.000000000000,0.000029236376
892,0.000000000000,0.000000000000,0.000128548184,0.000000000000,0.000000000000,0.000124003130,0.000000000000,0.000000000000,0.000134327907,0.000000000000,0.000000000000,0.000074224904,0.000000000000,0.000000000000,0.000076570046,0.000000000000,0.000000000000,0.000082625601,0.000000000000,0.000000000000,0.000045399484,0.000000000000,0.000000000000,0.000051346698,0.000000000000,0.000000000000,0.000053705958,0.000000000000,0.000000000000,0.000035824304,0.000000000000,0.000000000000,0.000037103707,0.000000000000,0.000000000000,0.000040770913,0.000000000000,0.000000000000,0.000024345552,0.000000000000,0.000000000000,0.000027532871,0.000000000000,0.000000000000,0.000029236376
893,0.000000000000,0.000000000000,0.000128548184,0.000000000000,0.000000000000,0.000124003130,0.000000000000,0.000000000000,0.000134327907,0.000000000000,0.000000000000,0.000074224904,0.000000000000,0.000000000000,0.000076570046,0.000000000000,0.000000000000,0.000082625601,0.000000000000,0.000000000000,0.000045399484,0.000000000000,0.000000000000,0.000051346698,0.000000000000,0.000000000000,0.000053705958,0.000000000000,0.000000000000,0.000035824304,0.000000000000,0.000000000000,0.000037103707,0.000000000000,0.000000000000,0.000040770913,0.000000000000,0.000000000000,0.000024345552,0.000000000000,0.000000000000,0.000027532871,0.000000000000,0.000000000000,0.000029236376
894,0.000000000000,0.000000000000,0.000128548184,0.000000000000,0.000000000000,0.000124003130,0.000000000000,0.000000000000,0.000134327907,0.000000000000,0.000000000000,0.000074224904,0.000000000000,0.000000000000,0.000076570046,0.000000000000,0.000000000000,0.000082625601,0.000000000000,0.000000000000,0.000045399484,0.000000000000,0.000000000000,0.000051346698,0.000000000000,0.000000000000,0.000053705958,0.000000000000,0.000000000000,0.000035824304,0.000000000000,0.000000000000,0.000037103707,0.000000000000,0.000000000000,0.000040770913,0.000000000000,0.000000000000,0.000024345552,0.000000000000,0.000000000000,0.000027532871,0.000000000000,0.000000000000,0.000029236376
895,0.000000000000,0.000000000000,0.000128548184,0.000000000000,0.000000000000,0.000124003130,0.000000000000,0.000000000000,0.000134327907,0.000000000000,0.000000000000,0.000074224904,0.000000000000,0.000000000000,0.000076570046,0.000000000000,0.000000000000,0.000082625601,0.000000000000,0.000000000000,0.000045399484,0.000000000000,0.000000000000,0.000051346698,0.000000000000,0.000000000000,0.000053705958,0.000000000000,0.000000000000,0.000035824304,0.000000000000,0.000000000000,0.000037103707,0.000000000000,0.000000000000,0.000040770913,0.000000000000,0.000000000000,0.000024345552,0.000000000000,0.000000000000,0.000027532871,0.000000000000,0.000000000000,0.000029236376
896,0.000000000000,0.000000000000,0.000128548184,0.000000000000,0.000000000000,0.000124003130,0.000000000000,0.000000000000,0.000134327907,0.000000000000,0.000000000000,0.000074224904,0.000000000000,0.000000000000,0.000076570046,0.000000000000,0.000000000000,0.000082625601,0.000000000000,0.000000000000,0.000045399484,0.000000000000,0.000000000000,0.000051346698,0.000000000000,0.000000000000,0.000053705958,0.000000000000,0.000000000000,0.000035824304,0.000000000000,0.000000000000,0.000037103707,0.000000000000,0.000000000000,0.000040770913,0.000000000000,0.000000000000,0.000024345552,0.000000000000,0.000000000000,0.000027532871,0.000000000000,0.000000000000,0.000029236376
897,0.000000000000,0.000000000000,0.000128548184,0.000000000000,0.000000000000,0.000124003130,0.000000000000,0.000000000000,0.000134327907,0.000000000000,0.000000000000,0.000074224904,0.000000000000,0.000000000000,0.000076570046,0.000000000000,0.000000000000,0.000082625601,0.000000000000,0.000000000000,0.000045399484,0.000000000000,0.000000000000,0.000051346698,0.000000000000,0.000000000000,0.000053705958,0.000000000000,0.000000000000,0.000035824304,0.000000000000,0.000000000000,0.000037103707,0.000000000000,0.000000000000,0.000040770913,0.000000000000,0.000000000000,0.000024345552,0.000000000000,0.000000000000,0.000027532871,0.000000000000,0.000000000000,0.000029236376
898,0.000000000000,0.000000000000,0.000128548184,0.000000000000,0.000000000000,0.000124003130,0.000000000000,0.000000000000,0.000134327907,0.000000000000,0.000000000000,0.000074224904,0.000000000000,0.000000000000,0.000076570046,0.000000000000,0.000000000000,0.000082625601,0.000000000000,0.000000000000,0.000045399484,0.000000000000,0.000000000000,0.000051346698,0.000000000000,0.000000000000,0.000053705958,0.000000000000,0.000000000000,0.000035824304,0.000000000000,0.000000000000,0.000037103707,0.000000000000,0.000000000000,0.000040770913,0.000000000000,0.000000000000,0.000024345552,0.000000000000,0.000000000000,0.000027532871,0.000000000000,0.000000000000,0.000029236376
899,0.000000000000,0.000000000000,0.000128548184,0.000000000000,0.000000000000,0.000124003130,0.000000000000,0.000000000000,0.000134327907,0.000000000000,0.000000000000,0.000074224904,0.000000000000,0.000000000000,0.000076570046,0.000000000000,0.000000000000,0.000082625601,0.000000000000,0.000000000000,0.000045399484,0.000000000000,0.000000000000,0.000051346698,0.000000000000,0.000000000000,0.000053705958,0.000000000000,0.000000000000,0.000035824304,0.000000000000,0.000000000000,0.000037103707,0.000000000000,0.000000000000,0.000040770913,0.000000000000,0.000000000000,0.000024345552,0.000000000000,0.000000000000,0.000027532871,0.000000000000,0.000000000000,0.000029236376
900,0.000000000000,0.000000000000,0.000128548184,0.000000000000,0.000000000000,0.000124003130,0.000000000000,0.000000000000,0.000134327907,0.000000000000,0.000000000000,0.000074224904,0.000000000000,0.000000000000,0.000076570046,0.000000000000,0.000000000000,0.000082625601,0.000000000000,0.000000000000,0.000045399484,0.000000000000,0.000000000000,0.000051346698,0.000000000000,0.000000000000,0.000053705958,0.000000000000,0.000000000000,0.000035824304,0.000000000000,0.000000000000,0.000037103707,0.000000000000,0.000000000000,0.000040770913,0.000000000000,0.000000000000,0.000024345552,0.000000000000,0.000000000000,0.000027532871,0.000000000000,0.000000000000,0.000029236376
901,0.000000000000,0.000000000000,0.000128548184,0.000000000000,0.000000000000,0.000124003130,0.000000000000,0.000000000000,0.000134327907,0.000000000000,0.000000000000,0.000074224904,0.000000000000,0.000000000000,0.000076570046,0.000000000000,0.000000000000,0.000082625601,0.000000000000,0.000000000000,0.000045399484,0.000000000000,0.000000000000,0.000051346698,0.000000000000,0.000000000000,0.000053705958,0.000000000000,0.000000000000,0.000035824304,0.000000000000,0.000000000000,0.000037103707,0.000000000000,0.000000000000,0.000040770913,0.000000000000,0.000000000000,0.000024345552,0.000000000000,0.000000000000,0.000027532871,0.000000000000,0.000000000000,0.000029236376
902,0.000000000000,0.000000000000,0.000128548184,0.000000000000,0.000000000000,0.000124003130,0.000000000000,0.000000000000,0.000134327907,0.000000000000,0.000000000000,0.000074224904,0.000000000000,0.000000000000,0.000076570046,0.000000000000,0.000000000000,0.000082625601,0.000000000000,0.000000000000,0.000045399484,0.000000000000,0.000000000000,0.000051346698,0.000000000000,0.000000000000,0.000053705958,0.000000000000,0.000000000000,0.000035824304,0.000000000000,0.000000000000,0.000037103707,0.000000000000,0.000000000000,0.000040770913,0.000000000000,0.000000000000,0.000024345552,0.000000000000,0.000000000000,0.000027532871,0.000000000000,0.000000000000,0.000029236376
903,0.000000000000,0.000000000000,0.000128548184,0.000000000000,0.000000000000,0.000124003130,0.000000000000,0.000000000000,0.000134327907,0.000000000000,0.000000000000,0.000074224904,0.000000000000,0.000000000000,0.000076570046,0.000000000000,0.000000000000,0.000082625601,0.000000000000,0.000000000000,0.000045399484,0.000000000000,0.000000000000,0.000051346698,0.000000000000,0.000000000000,0.000053705958,0.000000000000,0.000000000000,0.000035824304,0.000000000000,0.000000000000,0.000037103707,0.000000000000,0.000000000000,0.000040770913,0.000000000000,0.000000000000,0.000024345552,0.000000000000,0.000000000000,0.000027532871,0.000000000000,0.000000000000,0.000029236376
904,0.000000000000,0.000000000000,0.000128548184,0.000000000000,0.000000000000,0.000124003130,0.000000000000,0.000000000000,0.000134327907,0.000000000000,0.000000000000,0.000074224904,0.000000000000,0.000000000000,0.000076570046,0.000000000000,0.000000000000,0.000082625601,0.000000000000,0.000000000000,0.000045399484,0.000000000000,0.000000000000,0.000051346698,0.000000000000,0.000000000000,0.000053705958,0.000000000000,0.000000000000,0.000035824304,0.000000000000,0.000000000000,0.000037103707,0.000000000000,0.000000000000,0.000040770913,0.000000000000,0.000000000000,0.000024345552,0.000000000000,0.000000000000,0.000027532871,0.000000000000,0.000000000000,0.000029236376
905,0.000000000000,0.000000000000,0.000128548184,0.000000000000,0.000000000000,0.000124003130,0.000000000000,0.000000000000,0.000134327907,0.000000000000,0.000000000000,0.000074224904,0.000000000000,0.000000000000,0.000076570046,0.000000000000,0.000000000000,0.000082625601,0.000000000000,0.000000000000,0.000045399484,0.000000000000,0.000000000000,0.000051346698,0.000000000000,0.000000000000,0.000053705958,0.000000000000,0.000000000000,0.000035824304,0.000000000000,0.000000000000,0.000037103707,0.000000000000,0.000000000000,0.000040770913,0.000000000000,0.000000000000,0.000024345552,0.000000000000,0.000000000000,0.000027532871,0.000000000000,0.000000000000,0.000029236376
906,0.000000000000,0.000000000000,0.000128548184,0.000000000000,0.000000000000,0.000124003130,0.000000000000,0.000000000000,0.000134327907,0.000000000000,0.000000000000,0.000074224904,0.000000000000,0.000000000000,0.000076570046,0.000000000000,0.000000000000,0.000082625601,0.000000000000,0.000000000000,0.000045399484,0.000000000000,0.000000000000,0.000051346698,0.000000000000,0.000000000000,0.000053705958,0.000000000000,0.000000000000,0.000035824304,0.000000000000,0.000000000000,0.000037103707,0.000000000000,0.000000000000,0.000040770913,0.000000000000,0.000000000000,0.000024345552,0.000000000000,0.000000000000,0.000027532871,0.000000000000,0.000000000000,0.000029236376
907,0.000000000000,0.000000000000,0.000128548184,0.000000000000,0.000000000000,0.000124003130,0.000000000000,0.000000000000,0.000134327907,0.000000000000,0.000000000000,0.000074224904,0.000000000000,0.000000000000,0.000076570046,0.000000000000,0.000000000000,0.000082625601,0.000000000000,0.000000000000,0.000045399484,0.000000000000,0.000000000000,0.000051346698,0.000000000000,0.000000000000,0.000053705958,0.000000000000,0.000000000000,0.000035824304,0.000000000000,0.000000000000,0.000037103707,0.000000000000,0.000000000000,0.000040770913,0.000000000000,0.000000000000,0.000024345552,0.000000000000,0.000000000000,0.000027532871,0.000000000000,0.000000000000,0.000029236376
908,0.000000000000,0.000000000000,0.000128548184,0.000000000000,0.000000000000,0.000124003130,0.000000000000,0.000000000000,0.000134327907,0.000000000000,0.000000000000,0.000074224904,0.000000000000,0.000000000000,0.000076570046,0.000000000000,0.000000000000,0.000082625601,0.000000000000,0.000000000000,0.000045399484,0.000000000000,0.000000000000,0.000051346698,0.000000000000,0.000000000000,0.000053705958,0.000000000000,0.000000000000,0.000035824304,0.000000000000,0.000000000000,0.000037103707,0.000000000000,0.000000000000,0.000040770913,0.000000000000,0.000000000000,0.000024345552,0.000000000000,0.000000000000,0.000027532871,0.000000000000,0.000000000000,0.000029236376
909,0.000000000000,0.000000000000,0.000128548184,0.000000000000,0.000000000000,0.000124003130,0.000000000000,0.000000000000,0.000134327907,0.000000000000,0.000000000000,0.000074224904,0.000000000000,0.000000000000,0.000076570046,0.000000000000,0.000000000000,0.000082625601,0.000000000000,0.000000000000,0.000045399484,0.000000000000,0.000000000000,0.000051346698,0.000000000000,0.000000000000,0.000053705958,0.000000000000,0.000000000000,0.000035824304,0.000000000000,0.000000000000,0.000037103707,0.000000000000,0.000000000000,0.000040770913,0.000000000000,0.000000000000,0.000024345552,0.000000000000,0.000000000000,0.000027532871,0.000000000000,0.000000000000,0.000029236376
910,0.000000000000,0.000000000000,0.000128548184,0.000000000000,0.000000000000,0.000124003130,0.000000000000,0.000000000000,0.000134327907,0.000000000000,0.000000000000,0.000074224904,0.000000000000,0.000000000000,0.000076570046,0.000000000000,0.000000000000,0.000082625601,0.000000000000,0.000000000000,0.000045399484,0.000000000000,0.000000000000,0.000051346698,0.000000000000,0.000000000000,0.000053705958,0.000000000000,0.000000000000,0.000035824304,0.000000000000,0.000000000000,0.000037103707,0.000000000000,0.000000000000,0.000040770913,0.000000000000,0.000000000000,0.000024345552,0.000000000000,0.000000000000,0.000027532871,0.000000000000,0.000000000000,0.000029236376
911,0.000000000000,0.000000000000,0.000128548184,0.000000000000,0.000000000000,0.000124003130,0.000000000000,0.000000000000,0.000134327907,0.000000000000,0.000000000000,0.000074224904,0.000000000000,0.000000000000,0.000076570046,0.000000000000,0.000000000000,0.000082625601,0.000000000000,0.000000000000,0.000045399484,0.000000000000,0.000000000000,0.000051346698,0.000000000000,0.000000000000,0.000053705958,0.000000000000,0.000000000000,0.000035824304,0.000000000000,0.000000000000,0.000037103707,0.000000000000,0.000000000000,0.000040770913,0.000000000000,0.000000000000,0.000024345552,0.000000000000,0.000000000000,0.000027532871,0.000000000000,0.000000000000,0.000029236376
912,0.000000000000,0.000000000000,0.000128548184,0.000000000000,0.000000000000,0.000124003130,0.000000000000,0.000000000000,0.000134327907,0.000000000000,0.000000000000,0.000074224904,0.000000000000,0.000000000000,0.000076570046,0.000000000000,0.000000000000,0.000082625601,0.000000000000,0.000000000000,0.000045399484,0.000000000000,0.000000000000,0.000051346698,0.000000000000,0.000000000000,0.000053705958,0.000000000000,0.000000000000,0.000035824304,0.000000000000,0.000000000000,0.000037103707,0.000000000000,0.000000000000,0.000040770913,0.000000000000,0.000000000000,0.000024345552,0.000000000000,0.000000000000,0.000027532871,0.000000000000,0.000000000000,0.000029236376
913,0.000000000000,0.000000000000,0.000128548184,0.000000000000,0.000000000000,0.000124003130,0.000000000000,0.000000000000,0.000134327907,0.000000000000,0.000000000000,0.000074224904,0.000000000000,0.000000000000,0.000076570046,0.000000000000,0.000000000000,0.000082625601,0.000000000000,0.000000000000,0.000045399484,0.000000000000,0.000000000000,0.000051346698,0.000000000000,0.000000000000,0.000053705958,0.000000000000,0.000000000000,0.000035824304,0.000000000000,0.000000000000,0.000037103707,0.000000000000,0.000000000000,0.000040770913,0.000000000000,0.000000000000,0.000024345552,0.000000000000,0.000000000000,0.000027532871,0.000000000000,0.000000000000,0.000029236376
914,0.000000000000,0.000000000000,0.000128548184,0.000000000000,0.000000000000,0.000124003130,0.000000000000,0.000000000000,0.000134327907,0.000000000000,0.000000000000,0.000074224904,0.000000000000,0.000000000000,0.000076570046,0.000000000000,0.000000000000,0.000082625601,0.000000000000,0.000000000000,0.000045399484,0.000000000000,0.000000000000,0.000051346698,0.000000000000,0.000000000000,0.000053705958,0.000000000000,0.000000000000,0.000035824304,0.000000000000,0.000000000000,0.000037103707,0.000000000000,0.000000000000,0.000040770913,0.000000000000,0.000000000000,0.000024345552,0.000000000000,0.000000000000,0.000027532871,0.000000000000,0.000000000000,0.000029236376
915,0.000000000000,0.000000000000,0.000128548184,0.000000000000,0.000000000000,0.000124003130,0.000000000000,0.000000000000,0.000134327907,0.000000000000,0.000000000000,0.000074224904,0.000000000000,0.000000000000,0.000076570046,0.000000000000,0.000000000000,0.000082625601,0.000000000000,0.000000000000,0.000045399484,0.000000000000,0.000000000000,0.000051346698,0.000000000000,0.000000000000,0.000053705958,0.000000000000,0.000000000000,0.000035824304,0.000000000000,0.000000000000,0.000037103707,0.000000000000,0.000000000000,0.000040770913,0.000000000000,0.000000000000,0.000024345552,0.000000000000,0.000000000000,0.000027532871,0.000000000000,0.000000000000,0.000029236376
916,0.000000000000,0.000000000000,0.000128548184,0.000000000000,0.000000000000,0.000124003130,0.000000000000,0.000000000000,0.000134327907,0.000000000000,0.000000000000,0.000074224904,0.000000000000,0.000000000000,0.000076570046,0.000000000000,0.000000000000,0.000082625601,0.000000000000,0.000000000000,0.000045399484,0.000000000000,0.000000000000,0.000051346698,0.000000000000,0.000000000000,0.000053705958,0.000000000000,0.000000000000,0.000035824304,0.000000000000,0.000000000000,0.000037103707,0.000000000000,0.000000000000,0.000040770913,0.000000000000,0.000000000000,0.000024345552,0.000000000000,0.000000000000,0.000027532871,0.000000000000,0.000000000000,0.000029236376
917,0.000000000000,0.000000000000,0.000128548184,0.000000000000,0.000000000000,0.000124003130,0.000000000000,0.000000000000,0.000134327907,0.000000000000,0.000000000000,0.000074224904,0.000000000000,0.000000000000,0.000076570046,0.000000000000,0.000000000000,0.000082625601,0.000000000000,0.000000000000,0.000045399484,0.000000000000,0.000000000000,0.000051346698,0.000000000000,0.000000000000,0.000053705958,0.000000000000,0.000000000000,0.000035824304,0.000000000000,0.000000000000,0.000037103707,0.000000000000,0.000000000000,0.000040770913,0.000000000000,0.000000000000,0.000024345552,0.000000000000,0.000000000000,0.000027532871,0.000000000000,0.000000000000,0.000029236376
918,0.000000000000,0.000000000000,0.000128548184,0.000000000000,0.000000000000,0.000124003130,0.000000000000,0.000000000000,0.000134327907,0.000000000000,0.000000000000,0.000074224904,0.000000000000,0.000000000000,0.000076570046,0.000000000000,0.000000000000,0.000082625601,0.000000000000,0.000000000000,0.000045399484,0.000000000000,0.000000000000,0.000051346698,0.000000000000,0.000000000000,0.000053705958,0.000000000000,0.000000000000,0.000035824304,0.000000000000,0.000000000000,0.000037103707,0.000000000000,0.000000000000,0.000040770913,0.000000000000,0.000000000000,0.000024345552,0.000000000000,0.000000000000,0.000027532871,0.000000000000,0.000000000000,0.000029236376
919,0.000000000000,0.000000000000,0.000128548184,0.000000000000,0.000000000000,0.000124003130,0.000000000000,0.000000000000,0.000134327907,0.000000000000,0.000000000000,0.000074224904,0.000000000000,0.000000000000,0.000076570046,0.000000000000,0.000000000000,0.000082625601,0.000000000000,0.000000000000,0.000045399484,0.000000000000,0.000000000000,0.000051346698,0.000000000000,0.000000000000,0.000053705958,0.000000000000,0.000000000000,0.000035824304,0.000000000000,0.000000000000,0.000037103707,0.000000000000,0.000000000000,0.000040770913,0.000000000000,0.000000000000,0.000024345552,0.000000000000,0.000000000000,0.000027532871,0.000000000000,0.000000000000,0.000029236376
920,0.000000000000,0.000000000000,0.000128548184,0.000000000000,0.000000000000,0.000124003130,0.000000000000,0.000000000000,0.000134327907,0.000000000000,0.000000000000,0.000074224904,0.000000000000,0.000000000000,0.000076570046,0.000000000000,0.000000000000,0.000082625601,0.000000000000,0.000000000000,0.000045399484,0.000000000000,0.000000000000,0.000051346698,0.000000000000,0.000000000000,0.000053705958,0.000000000000,0.000000000000,0.000035824304,0.000000000000,0.000000000000,0.000037103707,0.000000000000,0.000000000000,0.000040770913,0.000000000000,0.000000000000,0.000024345552,0.000000000000,0.000000000000,0.000027532871,0.000000000000,0.000000000000,0.000029236376
921,0.000000000000,0.000000000000,0.000128548184,0.000000000000,0.000000000000,0.000124003130,0.000000000000,0.000000000000,0.000134327907,0.000000000000,0.000000000000,0.000074224904,0.000000000000,0.000000000000,0.000076570046,0.000000000000,0.000000000000,0.000082625601,0.000000000000,0.000000000000,0.000045399484,0.000000000000,0.000000000000,0.000051346698,0.000000000000,0.000000000000,0.000053705958,0.000000000000,0.000000000000,0.000035824304,0.000000000000,0.000000000000,0.000037103707,0.000000000000,0.000000000000,0.000040770913,0.000000000000,0.000000000000,0.000024345552,0.000000000000,0.000000000000,0.000027532871,0.000000000000,0.000000000000,0.000029236376
922,0.000000000000,0.000000000000,0.000128548184,0.000000000000,0.000000000000,0.000124003130,0.000000000000,0.000000000000,0.000134327907,0.000000000000,0.000000000000,0.000074224904,0.000000000000,0.000000000000,0.000076570046,0.000000000000,0.000000000000,0.000082625601,0.000000000000,0.000000000000,0.000045399484,0.000000000000,0.000000000000,0.000051346698,0.000000000000,0.000000000000,0.000053705958,0.000000000000,0.000000000000,0.000035824304,0.000000000000,0.000000000000,0.000037103707,0.000000000000,0.000000000000,0.000040770913,0.000000000000,0.000000000000,0.000024345552,0.000000000000,0.000000000000,0.000027532871,0.000000000000,0.000000000000,0.000029236376
923,0.000000000000,0.000000000000,0.000128548184,0.000000000000,0.000000000000,0.000124003130,0.000000000000,0.000000000000,0.000134327907,0.000000000000,0.000000000000,0.000074224904,0.000000000000,0.000000000000,0.000076570046,0.000000000000,0.000000000000,0.000082625601,0.000000000000,0.000000000000,0.000045399484,0.000000000000,0.000000000000,0.000051346698,0.000000000000,0.000000000000,0.000053705958,0.000000000000,0.000000000000,0.000035824304,0.000000000000,0.000000000000,0.000037103707,0.000000000000,0.000000000000,0.000040770913,0.000000000000,0.000000000000,0.000024345552,0.000000000000,0.000000000000,0.000027532871,0.000000000000,0.000000000000,0.000029236376
924,0.000000000000,0.000000000000,0.000128548184,0.000000000000,0.000000000000,0.000124003130,0.000000000000,0.000000000000,0.000134327907,0.000000000000,0.000000000000,0.000074224904,0.000000000000,0.000000000000,0.000076570046,0.000000000000,0.000000000000,0.000082625601,0.000000000000,0.000000000000,0.000045399484,0.000000000000,0.000000000000,0.000051346698,0.000000000000,0.000000000000,0.000053705958,0.000000000000,0.000000000000,0.000035824304,0.000000000000,0.000000000000,0.000037103707,0.000000000000,0.000000000000,0.000040770913,0.000000000000,0.000000000000,0.000024345552,0.000000000000,0.000000000000,0.000027532871,0.000000000000,0.000000000000,0.000029236376
925,0.000000000000,0.000000000000,0.000128548184,0.000000000000,0.000000000000,0.000124003130,0.000000000000,0.000000000000,0.000134327907,0.000000000000,0.000000000000,0.000074224904,0.000000000000,0.000000000000,0.000076570046,0.000000000000,0.000000000000,0.000082625601,0.000000000000,0.000000000000,0.000045399484,0.000000000000,0.000000000000,0.000051346698,0.000000000000,0.000000000000,0.000053705958,0.000000000000,0.000000000000,0.000035824304,0.000000000000,0.000000000000,0.000037103707,0.000000000000,0.000000000000,0.000040770913,0.000000000000,0.000000000000,0.000024345552,0.000000000000,0.000000000000,0.000027532871,0.000000000000,0.000000000000,0.000029236376
926,0.000000000000,0.000000000000,0.000128548184,0.000000000000,0.000000000000,0.000124003130,0.000000000000,0.000000000000,0.000134327907,0.000000000000,0.000000000000,0.000074224904,0.000000000000,0.000000000000,0.000076570046,0.000000000000,0.000000000000,0.000082625601,0.000000000000,0.000000000000,0.000045399484,0.000000000000,0.000000000000,0.000051346698,0.000000000000,0.000000000000,0.000053705958,0.000000000000,0.000000000000,0.000035824304,0.000000000000,0.000000000000,0.000037103707,0.000000000000,0.000000000000,0.000040770913,0.000000000000,0.000000000000,0.000024345552,0.000000000000,0.000000000000,0.000027532871,0.000000000000,0.000000000000,0.000029236376
927,0.000000000000,0.000000000000,0.000128548184,0.000000000000,0.000000000000,0.000124003130,0.000000000000,0.000000000000,0.000134327907,0.000000000000,0.000000000000,0.000074224904,0.000000000000,0.000000000000,0.000076570046,0.000000000000,0.000000000000,0.000082625601,0.000000000000,0.000000000000,0.000045399484,0.000000000000,0.000000000000,0.000051346698,0.000000000000,0.000000000000,0.000053705958,0.000000000000,0.000000000000,0.000035824304,0.000000000000,0.000000000000,0.000037103707,0.000000000000,0.000000000000,0.000040770913,0.000000000000,0.000000000000,0.000024345552,0.000000000000,0.000000000000,0.000027532871,0.000000000000,0.000000000000,0.000029236376
928,0.000000000000,0.000000000000,0.000128548184,0.000000000000,0.000000000000,0.000124003130,0.000000000000,0.000000000000,0.000134327907,0.000000000000,0.000000000000,0.000074224904,0.000000000000,0.000000000000,0.000076570046,0.000000000000,0.000000000000,0.000082625601,0.000000000000,0.000000000000,0.000045399484,0.000000000000,0.000000000000,0.000051346698,0.000000000000,0.000000000000,0.000053705958,0.000000000000,0.000000000000,0.000035824304,0.000000000000,0.000000000000,0.000037103707,0.000000000000,0.000000000000,0.000040770913,0.000000000000,0.000000000000,0.000024345552,0.000000000000,0.000000000000,0.000027532871,0.000000000000,0.000000000000,0.000029236376
929,0.000000000000,0.000000000000,0.000128548184,0.000000000000,0.000000000000,0.000124003130,0.000000000000,0.000000000000,0.000134327907,0.000000000000,0.000000000000,0.000074224904,0.000000000000,0.000000000000,0.000076570046,0.000000000000,0.000000000000,0.000082625601,0.000000000000,0.000000000000,0.000045399484,0.000000000000,0.000000000000,0.000051346698,0.000000000000,0.000000000000,0.000053705958,0.000000000000,0.000000000000,0.000035824304,0.000000000000,0.000000000000,0.000037103707,0.000000000000,0.000000000000,0.000040770913,0.000000000000,0.000000000000,0.000024345552,0.000000000000,0.000000000000,0.000027532871,0.000000000000,0.000000000000,0.000029236376
930,0.000000000000,0.000000000000,0.000128548184,0.000000000000,0.000000000000,0.000124003130,0.000000000000,0.000000000000,0.000134327907,0.000000000000,0.000000000000,0.000074224904,0.000000000000,0.000000000000,0.000076570046,0.000000000000,0.000000000000,0.000082625601,0.000000000000,0.000000000000,0.000045399484,0.000000000000,0.000000000000,0.000051346698,0.000000000000,0.000000000000,0.000053705958,0.000000000000,0.000000000000,0.000035824304,0.000000000000,0.000000000000,0.000037103707,0.000000000000,0.000000000000,0.000040770913,0.000000000000,0.000000000000,0.000024345552,0.000000000000,0.000000000000,0.000027532871,0.000000000000,0.000000000000,0.000029236376
931,0.000000000000,0.000000000000,0.000128548184,0.000000000000,0.000000000000,0.000124003130,0.000000000000,0.000000000000,0.000134327907,0.000000000000,0.000000000000,0.000074224904,0.000000000000,0.000000000000,0.000076570046,0.000000000000,0.000000000000,0.000082625601,0.000000000000,0.000000000000,0.000045399484,0.000000000000,0.000000000000,0.000051346698,0.000000000000,0.000000000000,0.000053705958,0.000000000000,0.000000000000,0.000035824304,0.000000000000,0.000000000000,0.000037103707,0.000000000000,0.000000000000,0.000040770913,0.000000000000,0.000000000000,0.000024345552,0.000000000000,0.000000000000,0.000027532871,0.000000000000,0.000000000000,0.000029236376
932,0.000000000000,0.000000000000,0.000128548184,0.000000000000,0.000000000000,0.000124003130,0.000000000000,0.000000000000,0.000134327907,0.000000000000,0.000000000000,0.000074224904,0.000000000000,0.000000000000,0.000076570046,0.000000000000,0.000000000000,0.000082625601,0.000000000000,0.000000000000,0.000045399484,0.000000000000,0.000000000000,0.000051346698,0.000000000000,0.000000000000,0.000053705958,0.000000000000,0.000000000000,0.000035824304,0.000000000000,0.000000000000,0.000037103707,0.000000000000,0.000000000000,0.000040770913,0.000000000000,0.000000000000,0.000024345552,0.000000000000,0.000000000000,0.000027532871,0.000000000000,0.000000000000,0.000029236376
933,0.000000000000,0.000000000000,0.000128548184,0.000000000000,0.000000000000,0.000124003130,0.000000000000,0.000000000000,0.000134327907,0.000000000000,0.000000000000,0.000074224904,0.000000000000,0.000000000000,0.000076570046,0.000000000000,0.000000000000,0.000082625601,0.000000000000,0.000000000000,0.000045399484,0.000000000000,0.000000000000,0.000051346698,0.000000000000,0.000000000000,0.000053705958,0.000000000000,0.000000000000,0.000035824304,0.000000000000,0.000000000000,0.000037103707,0.000000000000,0.000000000000,0.000040770913,0.000000000000,0.000000000000,0.000024345552,0.000000000000,0.000000000000,0.000027532871,0.000000000000,0.000000000000,0.000029236376
934,0.000000000000,0.000000000000,0.000128548184,0.000000000000,0.000000000000,0.000124003130,0.000000000000,0.000000000000,0.000134327907,0.000000000000,0.000000000000,0.000074224904,0.000000000000,0.000000000000,0.000076570046,0.000000000000,0.000000000000,0.000082625601,0.000000000000,0.000000000000,0.000045399484,0.000000000000,0.000000000000,0.000051346698,0.000000000000,0.000000000000,0.000053705958,0.000000000000,0.000000000000,0.000035824304,0.000000000000,0.000000000000,0.000037103707,0.000000000000,0.000000000000,0.000040770913,0.000000000000,0.000000000000,0.000024345552,0.000000000000,0.000000000000,0.000027532871,0.000000000000,0.000000000000,0.000029236376
935,0.000000000000,0.000000000000,0.000128548184,0.000000000000,0.000000000000,0.000124003130,0.000000000000,0.000000000000,0.000134327907,0.000000000000,0.000000000000,0.000074224904,0.000000000000,0.000000000000,0.000076570046,0.000000000000,0.000000000000,0.000082625601,0.000000000000,0.000000000000,0.000045399484,0.000000000000,0.000000000000,0.000051346698,0.000000000000,0.000000000000,0.000053705958,0.000000000000,0.000000000000,0.000035824304,0.000000000000,0.000000000000,0.000037103707,0.000000000000,0.000000000000,0.000040770913,0.000000000000,0.000000000000,0.000024345552,0.000000000000,0.000000000000,0.000027532871,0.000000000000,0.000000000000,0.000029236376
936,0.000000000000,0.000000000000,0.000128548184,0.000000000000,0.000000000000,0.000124003130,0.000000000000,0.000000000000,0.000134327907,0.000000000000,0.000000000000,0.000074224904,0.000000000000,0.000000000000,0.000076570046,0.000000000000,0.000000000000,0.000082625601,0.000000000000,0.000000000000,0.000045399484,0.000000000000,0.000000000000,0.000051346698,0.000000000000,0.000000000000,0.000053705958,0.000000000000,0.000000000000,0.000035824304,0.000000000000,0.000000000000,0.000037103707,0.000000000000,0.000000000000,0.000040770913,0.000000000000,0.000000000000,0.000024345552,0.000000000000,0.000000000000,0.000027532871,0.000000000000,0.000000000000,0.000029236376
937,0.000000000000,0.000000000000,0.000128548184,0.000000000000,0.000000000000,0.000124003130,0.000000000000,0.000000000000,0.000134327907,0.000000000000,0.000000000000,0.000074224904,0.000000000000,0.000000000000,0.000076570046,0.000000000000,0.000000000000,0.000082625601,0.000000000000,0.000000000000,0.000045399484,0.000000000000,0.000000000000,0.000051346698,0.000000000000,0.000000000000,0.000053705958,0.000000000000,0.000000000000,0.000035824304,0.000000000000,0.000000000000,0.000037103707,0.000000000000,0.000000000000,0.000040770913,0.000000000000,0.000000000000,0.000024345552,0.000000000000,0.000000000000,0.000027532871,0.000000000000,0.000000000000,0.000029236376
938,0.000000000000,0.000000000000,0.000128548184,0.000000000000,0.000000000000,0.000124003130,0.000000000000,0.000000000000,0.000134327907,0.000000000000,0.000000000000,0.000074224904,0.000000000000,0.000000000000,0.000076570046,0.000000000000,0.000000000000,0.000082625601,0.000000000000,0.000000000000,0.000045399484,0.000000000000,0.000000000000,0.000051346698,0.000000000000,0.000000000000,0.000053705958,0.000000000000,0.000000000000,0.000035824304,0.000000000000,0.000000000000,0.000037103707,0.000000000000,0.000000000000,0.000040770913,0.000000000000,0.000000000000,0.000024345552,0.000000000000,0.000000000000,0.000027532871,0.000000000000,0.000000000000,0.000029236376
939,0.000000000000,0.000000000000,0.000128548184,0.000000000000,0.000000000000,0.000124003130,0.000000000000,0.000000000000,0.000134327907,0.000000000000,0.000000000000,0.000074224904,0.000000000000,0.000000000000,0.000076570046,0.000000000000,0.000000000000,0.000082625601,0.000000000000,0.000000000000,0.000045399484,0.000000000000,0.000000000000,0.000051346698,0.000000000000,0.000000000000,0.000053705958,0.000000000000,0.000000000000,0.000035824304,0.000000000000,0.000000000000,0.000037103707,0.000000000000,0.000000000000,0.000040770913,0.000000000000,0.000000000000,0.000024345552,0.000000000000,0.000000000000,0.000027532871,0.000000000000,0.000000000000,0.000029236376
940,0.000000000000,0.000000000000,0.000128548184,0.000000000000,0.000000000000,0.000124003130,0.000000000000,0.000000000000,0.000134327907,0.000000000000,0.000000000000,0.000074224904,0.000000000000,0.000000000000,0.000076570046,0.000000000000,0.000000000000,0.000082625601,0.000000000000,0.000000000000,0.000045399484,0.000000000000,0.000000000000,0.000051346698,0.000000000000,0.000000000000,0.000053705958,0.000000000000,0.000000000000,0.000035824304,0.000000000000,0.000000000000,0.000037103707,0.000000000000,0.000000000000,0.000040770913,0.000000000000,0.000000000000,0.000024345552,0.000000000000,0.000000000000,0.000027532871,0.000000000000,0.000000000000,0.000029236376
941,0.000000000000,0.000000000000,0.000128548184,0.000000000000,0.000000000000,0.000124003130,0.000000000000,0.000000000000,0.000134327907,0.000000000000,0.000000000000,0.000074224904,0.000000000000,0.000000000000,0.000076570046,0.000000000000,0.000000000000,0.000082625601,0.000000000000,0.000000000000,0.000045399484,0.000000000000,0.000000000000,0.000051346698,0.000000000000,0.000000000000,0.000053705958,0.000000000000,0.000000000000,0.000035824304,0.000000000000,0.000000000000,0.000037103707,0.000000000000,0.000000000000,0.000040770913,0.000000000000,0.000000000000,0.000024345552,0.000000000000,0.000000000000,0.000027532871,0.000000000000,0.000000000000,0.000029236376
942,0.000000000000,0.000000000000,0.000128548184,0.000000000000,0.000000000000,0.000124003130,0.000000000000,0.000000000000,0.000134327907,0.000000000000,0.000000000000,0.000074224904,0.000000000000,0.000000000000,0.000076570046,0.000000000000,0.000000000000,0.000082625601,0.000000000000,0.000000000000,0.000045399484,0.000000000000,0.000000000000,0.000051346698,0.000000000000,0.000000000000,0.000053705958,0.000000000000,0.000000000000,0.000035824304,0.000000000000,0.000000000000,0.000037103707,0.000000000000,0.000000000000,0.000040770913,0.000000000000,0.000000000000,0.000024345552,0.000000000000,0.000000000000,0.000027532871,0.000000000000,0.000000000000,0.000029236376
943,0.000000000000,0.000000000000,0.000128548184,0.000000000000,0.000000000000,0.000124003130,0.000000000000,0.000000000000,0.000134327907,0.000000000000,0.000000000000,0.000074224904,0.000000000000,0.000000000000,0.000076570046,0.000000000000,0.000000000000,0.000082625601,0.000000000000,0.000000000000,0.000045399484,0.000000000000,0.000000000000,0.000051346698,0.000000000000,0.000000000000,0.000053705958,0.000000000000,0.000000000000,0.000035824304,0.000000000000,0.000000000000,0.000037103707,0.000000000000,0.000000000000,0.000040770913,0.000000000000,0.000000000000,0.000024345552,0.000000000000,0.000000000000,0.000027532871,0.000000000000,0.000000000000,0.000029236376
944,0.000000000000,0.000000000000,0.000128548184,0.000000000000,0.000000000000,0.000124003130,0.000000000000,0.000000000000,0.000134327907,0.000000000000,0.000000000000,0.000074224904,0.000000000000,0.000000000000,0.000076570046,0.000000000000,0.000000000000,0.000082625601,0.000000000000,0.000000000000,0.000045399484,0.000000000000,0.000000000000,0.000051346698,0.000000000000,0.000000000000,0.000053705958,0.000000000000,0.000000000000,0.000035824304,0.000000000000,0.000000000000,0.000037103707,0.000000000000,0.000000000000,0.000040770913,0.000000000000,0.000000000000,0.000024345552,0.000000000000,0.000000000000,0.000027532871,0.000000000000,0.000000000000,0.000029236376
945,0.000000000000,0.000000000000,0.000128548184,0.000000000000,0.000000000000,0.000124003130,0.000000000000,0.000000000000,0.000134327907,0.000000000000,0.000000000000,0.000074224904,0.000000000000,0.000000000000,0.000076570046,0.000000000000,0.000000000000,0.000082625601,0.000000000000,0.000000000000,0.000045399484,0.000000000000,0.000000000000,0.000051346698,0.000000000000,0.000000000000,0.000053705958,0.000000000000,0.000000000000,0.000035824304,0.000000000000,0.000000000000,0.000037103707,0.000000000000,0.000000000000,0.000040770913,0.000000000000,0.000000000000,0.000024345552,0.000000000000,0.000000000000,0.000027532871,0.000000000000,0.000000000000,0.000029236376
946,0.000000000000,0.000000000000,0.000128548184,0.000000000000,0.000000000000,0.000124003130,0.000000000000,0.000000000000,0.000134327907,0.000000000000,0.000000000000,0.000074224904,0.000000000000,0.000000000000,0.000076570046,0.000000000000,0.000000000000,0.000082625601,0.000000000000,0.000000000000,0.000045399484,0.000000000000,0.000000000000,0.000051346698,0.000000000000,0.000000000000,0.000053705958,0.000000000000,0.000000000000,0.000035824304,0.000000000000,0.000000000000,0.000037103707,0.000000000000,0.000000000000,0.000040770913,0.000000000000,0.000000000000,0.000024345552,0.000000000000,0.000000000000,0.000027532871,0.000000000000,0.000000000000,0.000029236376
947,0.000000000000,0.000000000000,0.000128548184,0.000000000000,0.000000000000,0.000124003130,0.000000000000,0.000000000000,0.000134327907,0.000000000000,0.000000000000,0.000074224904,0.000000000000,0.000000000000,0.000076570046,0.000000000000,0.000000000000,0.000082625601,0.000000000000,0.000000000000,0.000045399484,0.000000000000,0.000000000000,0.000051346698,0.000000000000,0.000000000000,0.000053705958,0.000000000000,0.000000000000,0.000035824304,0.000000000000,0.000000000000,0.000037103707,0.000000000000,0.000000000000,0.000040770913,0.000000000000,0.000000000000,0.000024345552,0.000000000000,0.000000000000,0.000027532871,0.000000000000,0.000000000000,0.000029236376
948,0.000000000000,0.000000000000,0.000128548184,0.000000000000,0.000000000000,0.000124003130,0.000000000000,0.000000000000,0.000134327907,0.000000000000,0.000000000000,0.000074224904,0.000000000000,0.000000000000,0.000076570046,0.000000000000,0.000000000000,0.000082625601,0.000000000000,0.000000000000,0.000045399484,0.000000000000,0.000000000000,0.000051346698,0.000000000000,0.000000000000,0.000053705958,0.000000000000,0.000000000000,0.000035824304,0.000000000000,0.000000000000,0.000037103707,0.000000000000,0.000000000000,0.000040770913,0.000000000000,0.000000000000,0.000024345552,0.000000000000,0.000000000000,0.000027532871,0.000000000000,0.000000000000,0.000029236376
949,0.000000000000,0.000000000000,0.000128548184,0.000000000000,0.000000000000,0.000124003130,0.000000000000,0.000000000000,0.000134327907,0.000000000000,0.000000000000,0.000074224904,0.000000000000,0.000000000000,0.000076570046,0.000000000000,0.000000000000,0.000082625601,0.000000000000,0.000000000000,0.000045399484,0.000000000000,0.000000000000,0.000051346698,0.000000000000,0.000000000000,0.000053705958,0.000000000000,0.000000000000,0.000035824304,0.000000000000,0.000000000000,0.000037103707,0.000000000000,0.000000000000,0.000040770913,0.000000000000,0.000000000000,0.000024345552,0.000000000000,0.000000000000,0.000027532871,0.000000000000,0.000000000000,0.000029236376
950,0.000000000000,0.000000000000,0.000128548184,0.000000000000,0.000000000000,0.000124003130,0.000000000000,0.000000000000,0.000134327907,0.000000000000,0.000000000000,0.000074224904,0.000000000000,0.000000000000,0.000076570046,0.000000000000,0.000000000000,0.000082625601,0.000000000000,0.000000000000,0.000045399484,0.000000000000,0.000000000000,0.000051346698,0.000000000000,0.000000000000,0.000053705958,0.000000000000,0.000000000000,0.000035824304,0.000000000000,0.000000000000,0.000037103707,0.000000000000,0.000000000000,0.000040770913,0.000000000000,0.000000000000,0.000024345552,0.000000000000,0.000000000000,0.000027532871,0.000000000000,0.000000000000,0.000029236376
951,0.000000000000,0.000000000000,0.000128548184,0.000000000000,0.000000000000,0.000124003130,0.000000000000,0.000000000000,0.000134327907,0.000000000000,0.000000000000,0.000074224904,0.000000000000,0.000000000000,0.000076570046,0.000000000000,0.000000000000,0.000082625601,0.000000000000,0.000000000000,0.000045399484,0.000000000000,0.000000000000,0.000051346698,0.000000000000,0.000000000000,0.000053705958,0.000000000000,0.000000000000,0.000035824304,0.000000000000,0.000000000000,0.000037103707,0.000000000000,0.000000000000,0.000040770913,0.000000000000,0.000000000000,0.000024345552,0.000000000000,0.000000000000,0.000027532871,0.000000000000,0.000000000000,0.000029236376
952,0.000000000000,0.000000000000,0.000128548184,0.000000000000,0.000000000000,0.000124003130,0.000000000000,0.000000000000,0.000134327907,0.000000000000,0.000000000000,0.000074224904,0.000000000000,0.000000000000,0.000076570046,0.000000000000,0.000000000000,0.000082625601,0.000000000000,0.000000000000,0.000045399484,0.000000000000,0.000000000000,0.000051346698,0.000000000000,0.000000000000,0.000053705958,0.000000000000,0.000000000000,0.000035824304,0.000000000000,0.000000000000,0.000037103707,0.000000000000,0.000000000000,0.000040770913,0.000000000000,0.000000000000,0.000024345552,0.000000000000,0.000000000000,0.000027532871,0.000000000000,0.000000000000,0.000029236376
953,0.000000000000,0.000000000000,0.000128548184,0.000000000000,0.000000000000,0.000124003130,0.000000000000,0.000000000000,0.000134327907,0.000000000000,0.000000000000,0.000074224904,0.000000000000,0.000000000000,0.000076570046,0.000000000000,0.000000000000,0.000082625601,0.000000000000,0.000000000000,0.000045399484,0.000000000000,0.000000000000,0.000051346698,0.000000000000,0.000000000000,0.000053705958,0.000000000000,0.000000000000,0.000035824304,0.000000000000,0.000000000000,0.000037103707,0.000000000000,0.000000000000,0.000040770913,0.000000000000,0.000000000000,0.000024345552,0.000000000000,0.000000000000,0.000027532871,0.000000000000,0.000000000000,0.000029236376
954,0.000000000000,0.000000000000,0.000128548184,0.000000000000,0.000000000000,0.000124003130,0.000000000000,0.000000000000,0.000134327907,0.000000000000,0.000000000000,0.000074224904,0.000000000000,0.000000000000,0.000076570046,0.000000000000,0.000000000000,0.000082625601,0.000000000000,0.000000000000,0.000045399484,0.000000000000,0.000000000000,0.000051346698,0.000000000000,0.000000000000,0.000053705958,0.000000000000,0.000000000000,0.000035824304,0.000000000000,0.000000000000,0.000037103707,0.000000000000,0.000000000000,0.000040770913,0.000000000000,0.000000000000,0.000024345552,0.000000000000,0.000000000000,0.000027532871,0.000000000000,0.000000000000,0.000029236376
955,0.000000000000,0.000000000000,0.000128548184,0.000000000000,0.000000000000,0.000124003130,0.000000000000,0.000000000000,0.000134327907,0.000000000000,0.000000000000,0.000074224904,0.000000000000,0.000000000000,0.000076570046,0.000000000000,0.000000000000,0.000082625601,0.000000000000,0.000000000000,0.000045399484,0.000000000000,0.000000000000,0.000051346698,0.000000000000,0.000000000000,0.000053705958,0.000000000000,0.000000000000,0.000035824304,0.000000000000,0.000000000000,0.000037103707,0.000000000000,0.000000000000,0.000040770913,0.000000000000,0.000000000000,0.000024345552,0.000000000000,0.000000000000,0.000027532871,0.000000000000,0.000000000000,0.000029236376
956,0.000000000000,0.000000000000,0.000128548184,0.000000000000,0.000000000000,0.000124003130,0.000000000000,0.000000000000,0.000134327907,0.000000000000,0.000000000000,0.000074224904,0.000000000000,0.000000000000,0.000076570046,0.000000000000,0.000000000000,0.000082625601,0.000000000000,0.000000000000,0.000045399484,0.000000000000,0.000000000000,0.000051346698,0.000000000000,0.000000000000,0.000053705958,0.000000000000,0.000000000000,0.000035824304,0.000000000000,0.000000000000,0.000037103707,0.000000000000,0.000000000000,0.000040770913,0.000000000000,0.000000000000,0.000024345552,0.000000000000,0.000000000000,0.000027532871,0.000000000000,0.000000000000,0.000029236376
957,0.000000000000,0.000000000000,0.000128548184,0.000000000000,0.000000000000,0.000124003130,0.000000000000,0.000000000000,0.000134327907,0.000000000000,0.000000000000,0.000074224904,0.000000000000,0.000000000000,0.000076570046,0.000000000000,0.000000000000,0.000082625601,0.000000000000,0.000000000000,0.000045399484,0.000000000000,0.000000000000,0.000051346698,0.000000000000,0.000000000000,0.000053705958,0.000000000000,0.000000000000,0.000035824304,0.000000000000,0.000000000000,0.000037103707,0.000000000000,0.000000000000,0.000040770913,0.000000000000,0.000000000000,0.000024345552,0.000000000000,0.000000000000,0.000027532871,0.000000000000,0.000000000000,0.000029236376
958,0.000000000000,0.000000000000,0.000128548184,0.000000000000,0.000000000000,0.000124003130,0.000000000000,0.000000000000,0.000134327907,0.000000000000,0.000000000000,0.000074224904,0.000000000000,0.000000000000,0.000076570046,0.000000000000,0.000000000000,0.000082625601,0.000000000000,0.000000000000,0.000045399484,0.000000000000,0.000000000000,0.000051346698,0.000000000000,0.000000000000,0.000053705958,0.000000000000,0.000000000000,0.000035824304,0.000000000000,0.000000000000,0.000037103707,0.000000000000,0.000000000000,0.000040770913,0.000000000000,0.000000000000,0.000024345552,0.000000000000,0.000000000000,0.000027532871,0.000000000000,0.000000000000,0.000029236376
959,0.000000000000,0.000000000000,0.000128548184,0.000000000000,0.000000000000,0.000124003130,0.000000000000,0.000000000000,0.000134327907,0.000000000000,0.000000000000,0.000074224904,0.000000000000,0.000000000000,0.000076570046,0.000000000000,0.000000000000,0.000082625601,0.000000000000,0.000000000000,0.000045399484,0.000000000000,0.000000000000,0.000051346698,0.000000000000,0.000000000000,0.000053705958,0.000000000000,0.000000000000,0.000035824304,0.000000000000,0.000000000000,0.000037103707,0.000000000000,0.000000000000,0.000040770913,0.000000000000,0.000000000000,0.000024345552,0.000000000000,0.000000000000,0.000027532871,0.000000000000,0.000000000000,0.000029236376
960,0.000000000000,0.000000000000,0.000128548184,0.000000000000,0.000000000000,0.000124003130,0.000000000000,0.000000000000,0.000134327907,0.000000000000,0.000000000000,0.000074224904,0.000000000000,0.000000000000,0.000076570046,0.000000000000,0.000000000000,0.000082625601,0.000000000000,0.000000000000,0.000045399484,0.000000000000,0.000000000000,0.000051346698,0.000000000000,0.000000000000,0.000053705958,0.000000000000,0.000000000000,0.000035824304,0.000000000000,0.000000000000,0.000037103707,0.000000000000,0.000000000000,0.000040770913,0.000000000000,0.000000000000,0.000024345552,0.000000000000,0.000000000000,0.000027532871,0.000000000000,0.000000000000,0.000029236376
961,0.000000000000,0.000000000000,0.000128548184,0.000000000000,0.000000000000,0.000124003130,0.000000000000,0.000000000000,0.000134327907,0.000000000000,0.000000000000,0.000074224904,0.000000000000,0.000000000000,0.000076570046,0.000000000000,0.000000000000,0.000082625601,0.000000000000,0.000000000000,0.000045399484,0.000000000000,0.000000000000,0.000051346698,0.000000000000,0.000000000000,0.000053705958,0.000000000000,0.000000000000,0.000035824304,0.000000000000,0.000000000000,0.000037103707,0.000000000000,0.000000000000,0.000040770913,0.000000000000,0.000000000000,0.000024345552,0.000000000000,0.000000000000,0.000027532871,0.000000000000,0.000000000000,0.000029236376
962,0.000000000000,0.000000000000,0.000128548184,0.000000000000,0.000000000000,0.000124003130,0.000000000000,0.000000000000,0.000134327907,0.000000000000,0.000000000000,0.000074224904,0.000000000000,0.000000000000,0.000076570046,0.000000000000,0.000000000000,0.000082625601,0.000000000000,0.000000000000,0.000045399484,0.000000000000,0.000000000000,0.000051346698,0.000000000000,0.000000000000,0.000053705958,0.000000000000,0.000000000000,0.000035824304,0.000000000000,0.000000000000,0.000037103707,0.000000000000,0.000000000000,0.000040770913,0.000000000000,0.000000000000,0.000024345552,0.000000000000,0.000000000000,0.000027532871,0.000000000000,0.000000000000,0.000029236376
963,0.000000000000,0.000000000000,0.000128548184,0.000000000000,0.000000000000,0.000124003130,0.000000000000,0.000000000000,0.000134327907,0.000000000000,0.000000000000,0.000074224904,0.000000000000,0.000000000000,0.000076570046,0.000000000000,0.000000000000,0.000082625601,0.000000000000,0.000000000000,0.000045399484,0.000000000000,0.000000000000,0.000051346698,0.000000000000,0.000000000000,0.000053705958,0.000000000000,0.000000000000,0.000035824304,0.000000000000,0.000000000000,0.000037103707,0.000000000000,0.000000000000,0.000040770913,0.000000000000,0.000000000000,0.000024345552,0.000000000000,0.000000000000,0.000027532871,0.000000000000,0.000000000000,0.000029236376
964,0.000000000000,0.000000000000,0.000128548184,0.000000000000,0.000000000000,0.000124003130,0.000000000000,0.000000000000,0.000134327907,0.000000000000,0.000000000000,0.000074224904,0.000000000000,0.000000000000,0.000076570046,0.000000000000,0.000000000000,0.000082625601,0.000000000000,0.000000000000,0.000045399484,0.000000000000,0.000000000000,0.000051346698,0.000000000000,0.000000000000,0.000053705958,0.000000000000,0.000000000000,0.000035824304,0.000000000000,0.000000000000,0.000037103707,0.000000000000,0.000000000000,0.000040770913,0.000000000000,0.000000000000,0.000024345552,0.000000000000,0.000000000000,0.000027532871,0.000000000000,0.000000000000,0.000029236376
965,0.000000000000,0.000000000000,0.000128548184,0.000000000000,0.000000000000,0.000124003130,0.000000000000,0.000000000000,0.000134327907,0.000000000000,0.000000000000,0.000074224904,0.000000000000,0.000000000000,0.000076570046,0.000000000000,0.000000000000,0.000082625601,0.000000000000,0.000000000000,0.000045399484,0.000000000000,0.000000000000,0.000051346698,0.000000000000,0.000000000000,0.000053705958,0.000000000000,0.000000000000,0.000035824304,0.000000000000,0.000000000000,0.000037103707,0.000000000000,0.000000000000,0.000040770913,0.000000000000,0.000000000000,0.000024345552,0.000000000000,0.000000000000,0.000027532871,0.000000000000,0.000000000000,0.000029236376
966,0.000000000000,0.000000000000,0.000128548184,0.000000000000,0.000000000000,0.000124003130,0.000000000000,0.000000000000,0.000134327907,0.000000000000,0.000000000000,0.000074224904,0.000000000000,0.000000000000,0.000076570046,0.000000000000,0.000000000000,0.000082625601,0.000000000000,0.000000000000,0.000045399484,0.000000000000,0.000000000000,0.000051346698,0.000000000000,0.000000000000,0.000053705958,0.000000000000,0.000000000000,0.000035824304,0.000000000000,0.000000000000,0.000037103707,0.000000000000,0.000000000000,0.000040770913,0.000000000000,0.000000000000,0.000024345552,0.000000000000,0.000000000000,0.000027532871,0.000000000000,0.000000000000,0.000029236376
967,0.000000000000,0.000000000000,0.000128548184,0.000000000000,0.000000000000,0.000124003130,0.000000000000,0.000000000000,0.000134327907,0.000000000000,0.000000000000,0.000074224904,0.000000000000,0.000000000000,0.000076570046,0.000000000000,0.000000000000,0.000082625601,0.000000000000,0.000000000000,0.000045399484,0.000000000000,0.000000000000,0.000051346698,0.000000000000,0.000000000000,0.000053705958,0.000000000000,0.000000000000,0.000035824304,0.000000000000,0.000000000000,0.000037103707,0.000000000000,0.000000000000,0.000040770913,0.000000000000,0.000000000000,0.000024345552,0.000000000000,0.000000000000,0.000027532871,0.000000000000,0.000000000000,0.000029236376
968,0.000000000000,0.000000000000,0.000128548184,0.000000000000,0.000000000000,0.000124003130,0.000000000000,0.000000000000,0.000134327907,0.000000000000,0.000000000000,0.000074224904,0.000000000000,0.000000000000,0.000076570046,0.000000000000,0.000000000000,0.000082625601,0.000000000000,0.000000000000,0.000045399484,0.000000000000,0.000000000000,0.000051346698,0.000000000000,0.000000000000,0.000053705958,0.000000000000,0.000000000000,0.000035824304,0.000000000000,0.000000000000,0.000037103707,0.000000000000,0.000000000000,0.000040770913,0.000000000000,0.000000000000,0.000024345552,0.000000000000,0.000000000000,0.000027532871,0.000000000000,0.000000000000,0.000029236376
969,0.000000000000,0.000000000000,0.000128548184,0.000000000000,0.000000000000,0.000124003130,0.000000000000,0.000000000000,0.000134327907,0.000000000000,0.000000000000,0.000074224904,0.000000000000,0.000000000000,0.000076570046,0.000000000000,0.000000000000,0.000082625601,0.000000000000,0.000000000000,0.000045399484,0.000000000000,0.000000000000,0.000051346698,0.000000000000,0.000000000000,0.000053705958,0.000000000000,0.000000000000,0.000035824304,0.000000000000,0.000000000000,0.000037103707,0.000000000000,0.000000000000,0.000040770913,0.000000000000,0.000000000000,0.000024345552,0.000000000000,0.000000000000,0.000027532871,0.000000000000,0.000000000000,0.000029236376
970,0.000000000000,0.000000000000,0.000128548184,0.000000000000,0.000000000000,0.000124003130,0.000000000000,0.000000000000,0.000134327907,0.000000000000,0.000000000000,0.000074224904,0.000000000000,0.000000000000,0.000076570046,0.000000000000,0.000000000000,0.000082625601,0.000000000000,0.000000000000,0.000045399484,0.000000000000,0.000000000000,0.000051346698,0.000000000000,0.000000000000,0.000053705958,0.000000000000,0.000000000000,0.000035824304,0.000000000000,0.000000000000,0.000037103707,0.000000000000,0.000000000000,0.000040770913,0.000000000000,0.000000000000,0.000024345552,0.000000000000,0.000000000000,0.000027532871,0.000000000000,0.000000000000,0.000029236376
971,0.000000000000,0.000000000000,0.000128548184,0.000000000000,0.000000000000,0.000124003130,0.000000000000,0.000000000000,0.000134327907,0.000000000000,0.000000000000,0.000074224904,0.000000000000,0.000000000000,0.000076570046,0.000000000000,0.000000000000,0.000082625601,0.000000000000,0.000000000000,0.000045399484,0.000000000000,0.000000000000,0.000051346698,0.000000000000,0.000000000000,0.000053705958,0.000000000000,0.000000000000,0.000035824304,0.000000000000,0.000000000000,0.000037103707,0.000000000000,0.000000000000,0.000040770913,0.000000000000,0.000000000000,0.000024345552,0.000000000000,0.000000000000,0.000027532871,0.000000000000,0.000000000000,0.000029236376
972,0.000000000000,0.000000000000,0.000128548184,0.000000000000,0.000000000000,0.000124003130,0.000000000000,0.000000000000,0.000134327907,0.000000000000,0.000000000000,0.000074224904,0.000000000000,0.000000000000,0.000076570046,0.000000000000,0.000000000000,0.000082625601,0.000000000000,0.000000000000,0.000045399484,0.000000000000,0.000000000000,0.000051346698,0.000000000000,0.000000000000,0.000053705958,0.000000000000,0.000000000000,0.000035824304,0.000000000000,0.000000000000,0.000037103707,0.000000000000,0.000000000000,0.000040770913,0.000000000000,0.000000000000,0.000024345552,0.000000000000,0.000000000000,0.000027532871,0.000000000000,0.000000000000,0.000029236376
973,0.000000000000,0.000000000000,0.000128548184,0.000000000000,0.000000000000,0.000124003130,0.000000000000,0.000000000000,0.000134327907,0.000000000000,0.000000000000,0.000074224904,0.000000000000,0.000000000000,0.000076570046,0.000000000000,0.000000000000,0.000082625601,0.000000000000,0.000000000000,0.000045399484,0.000000000000,0.000000000000,0.000051346698,0.000000000000,0.000000000000,0.000053705958,0.000000000000,0.000000000000,0.000035824304,0.000000000000,0.000000000000,0.000037103707,0.000000000000,0.000000000000,0.000040770913,0.000000000000,0.000000000000,0.000024345552,0.000000000000,0.000000000000,0.000027532871,0.000000000000,0.000000000000,0.000029236376
974,0.000000000000,0.000000000000,0.000128548184,0.000000000000,0.000000000000,0.000124003130,0.000000000000,0.000000000000,0.000134327907,0.000000000000,0.000000000000,0.000074224904,0.000000000000,0.000000000000,0.000076570046,0.000000000000,0.000000000000,0.000082625601,0.000000000000,0.000000000000,0.000045399484,0.000000000000,0.000000000000,0.000051346698,0.000000000000,0.000000000000,0.000053705958,0.000000000000,0.000000000000,0.000035824304,0.000000000000,0.000000000000,0.000037103707,0.000000000000,0.000000000000,0.000040770913,0.000000000000,0.000000000000,0.000024345552,0.000000000000,0.000000000000,0.000027532871,0.000000000000,0.000000000000,0.000029236376
975,0.000000000000,0.000000000000,0.000128548184,0.000000000000,0.000000000000,0.000124003130,0.000000000000,0.000000000000,0.000134327907,0.000000000000,0.000000000000,0.000074224904,0.000000000000,0.000000000000,0.000076570046,0.000000000000,0.000000000000,0.000082625601,0.000000000000,0.000000000000,0.000045399484,0.000000000000,0.000000000000,0.000051346698,0.000000000000,0.000000000000,0.000053705958,0.000000000000,0.000000000000,0.000035824304,0.000000000000,0.000000000000,0.000037103707,0.000000000000,0.000000000000,0.000040770913,0.000000000000,0.000000000000,0.000024345552,0.000000000000,0.000000000000,0.000027532871,0.000000000000,0.000000000000,0.000029236376
976,0.000000000000,0.000000000000,0.000128548184,0.000000000000,0.000000000000,0.000124003130,0.000000000000,0.000000000000,0.000134327907,0.000000000000,0.000000000000,0.000074224904,0.000000000000,0.000000000000,0.000076570046,0.000000000000,0.000000000000,0.000082625601,0.000000000000,0.000000000000,0.000045399484,0.000000000000,0.000000000000,0.000051346698,0.000000000000,0.000000000000,0.000053705958,0.000000000000,0.000000000000,0.000035824304,0.000000000000,0.000000000000,0.000037103707,0.000000000000,0.000000000000,0.000040770913,0.000000000000,0.000000000000,0.000024345552,0.000000000000,0.000000000000,0.000027532871,0.000000000000,0.000000000000,0.000029236376
977,0.000000000000,0.000000000000,0.000128548184,0.000000000000,0.000000000000,0.000124003130,0.000000000000,0.000000000000,0.000134327907,0.000000000000,0.000000000000,0.000074224904,0.000000000000,0.000000000000,0.000076570046,0.000000000000,0.000000000000,0.000082625601,0.000000000000,0.000000000000,0.000045399484,0.000000000000,0.000000000000,0.000051346698,0.000000000000,0.000000000000,0.000053705958,0.000000000000,0.000000000000,0.000035824304,0.000000000000,0.000000000000,0.000037103707,0.000000000000,0.000000000000,0.000040770913,0.000000000000,0.000000000000,0.000024345552,0.000000000000,0.000000000000,0.000027532871,0.000000000000,0.000000000000,0.000029236376
978,0.000000000000,0.000000000000,0.000128548184,0.000000000000,0.000000000000,0.000124003130,0.000000000000,0.000000000000,0.000134327907,0.000000000000,0.000000000000,0.000074224904,0.000000000000,0.000000000000,0.000076570046,0.000000000000,0.000000000000,0.000082625601,0.000000000000,0.000000000000,0.000045399484,0.000000000000,0.000000000000,0.000051346698,0.000000000000,0.000000000000,0.000053705958,0.000000000000,0.000000000000,0.000035824304,0.000000000000,0.000000000000,0.000037103707,0.000000000000,0.000000000000,0.000040770913,0.000000000000,0.000000000000,0.000024345552,0.000000000000,0.000000000000,0.000027532871,0.000000000000,0.000000000000,0.000029236376
979,0.000000000000,0.000000000000,0.000128548184,0.000000000000,0.000000000000,0.000124003130,0.000000000000,0.000000000000,0.000134327907,0.000000000000,0.000000000000,0.000074224904,0.000000000000,0.000000000000,0.000076570046,0.000000000000,0.000000000000,0.000082625601,0.000000000000,0.000000000000,0.000045399484,0.000000000000,0.000000000000,0.000051346698,0.000000000000,0.000000000000,0.000053705958,0.000000000000,0.000000000000,0.000035824304,0.000000000000,0.000000000000,0.000037103707,0.000000000000,0.000000000000,0.000040770913,0.000000000000,0.000000000000,0.000024345552,0.000000000000,0.000000000000,0.000027532871,0.000000000000,0.000000000000,0.000029236376
980,0.000000000000,0.000000000000,0.000128548184,0.000000000000,0.000000000000,0.000124003130,0.000000000000,0.000000000000,0.000134327907,0.000000000000,0.000000000000,0.000074224904,0.000000000000,0.000000000000,0.000076570046,0.000000000000,0.000000000000,0.000082625601,0.000000000000,0.000000000000,0.000045399484,0.000000000000,0.000000000000,0.000051346698,0.000000000000,0.000000000000,0.000053705958,0.000000000000,0.000000000000,0.000035824304,0.000000000000,0.000000000000,0.000037103707,0.000000000000,0.000000000000,0.000040770913,0.000000000000,0.000000000000,0.000024345552,0.000000000000,0.000000000000,0.000027532871,0.000000000000,0.000000000000,0.000029236376
981,0.000000000000,0.000000000000,0.000128548184,0.000000000000,0.000000000000,0.000124003130,0.000000000000,0.000000000000,0.000134327907,0.000000000000,0.000000000000,0.000074224904,0.000000000000,0.000000000000,0.000076570046,0.000000000000,0.000000000000,0.000082625601,0.000000000000,0.000000000000,0.000045399484,0.000000000000,0.000000000000,0.000051346698,0.000000000000,0.000000000000,0.000053705958,0.000000000000,0.000000000000,0.000035824304,0.000000000000,0.000000000000,0.000037103707,0.000000000000,0.000000000000,0.000040770913,0.000000000000,0.000000000000,0.000024345552,0.000000000000,0.000000000000,0.000027532871,0.000000000000,0.000000000000,0.000029236376
982,0.000000000000,0.000000000000,0.000128548184,0.000000000000,0.000000000000,0.000124003130,0.000000000000,0.000000000000,0.000134327907,0.000000000000,0.000000000000,0.000074224904,0.000000000000,0.000000000000,0.000076570046,0.000000000000,0.000000000000,0.000082625601,0.000000000000,0.000000000000,0.000045399484,0.000000000000,0.000000000000,0.000051346698,0.000000000000,0.000000000000,0.000053705958,0.000000000000,0.000000000000,0.000035824304,0.000000000000,0.000000000000,0.000037103707,0.000000000000,0.000000000000,0.000040770913,0.000000000000,0.000000000000,0.000024345552,0.000000000000,0.000000000000,0.000027532871,0.000000000000,0.000000000000,0.000029236376
983,0.000000000000,0.000000000000,0.000128548184,0.000000000000,0.000000000000,0.000124003130,0.000000000000,0.000000000000,0.000134327907,0.000000000000,0.000000000000,0.000074224904,0.000000000000,0.000000000000,0.000076570046,0.000000000000,0.000000000000,0.000082625601,0.000000000000,0.000000000000,0.000045399484,0.000000000000,0.000000000000,0.000051346698,0.000000000000,0.000000000000,0.000053705958,0.000000000000,0.000000000000,0.000035824304,0.000000000000,0.000000000000,0.000037103707,0.000000000000,0.000000000000,0.000040770913,0.000000000000,0.000000000000,0.000024345552,0.000000000000,0.000000000000,0.000027532871,0.000000000000,0.000000000000,0.000029236376
984,0.000000000000,0.000000000000,0.000128548184,0.000000000000,0.000000000000,0.000124003130,0.000000000000,0.000000000000,0.000134327907,0.000000000000,0.000000000000,0.000074224904,0.000000000000,0.000000000000,0.000076570046,0.000000000000,0.000000000000,0.000082625601,0.000000000000,0.000000000000,0.000045399484,0.000000000000,0.000000000000,0.000051346698,0.000000000000,0.000000000000,0.000053705958,0.000000000000,0.000000000000,0.000035824304,0.000000000000,0.000000000000,0.000037103707,0.000000000000,0.000000000000,0.000040770913,0.000000000000,0.000000000000,0.000024345552,0.000000000000,0.000000000000,0.000027532871,0.000000000000,0.000000000000,0.000029236376
985,0.000000000000,0.000000000000,0.000128548184,0.000000000000,0.000000000000,0.000124003130,0.000000000000,0.000000000000,0.000134327907,0.000000000000,0.000000000000,0.000074224904,0.000000000000,0.000000000000,0.000076570046,0.000000000000,0.000000000000,0.000082625601,0.000000000000,0.000000000000,0.000045399484,0.000000000000,0.000000000000,0.000051346698,0.000000000000,0.000000000000,0.000053705958,0.000000000000,0.000000000000,0.000035824304,0.000000000000,0.000000000000,0.000037103707,0.000000000000,0.000000000000,0.000040770913,0.000000000000,0.000000000000,0.000024345552,0.000000000000,0.000000000000,0.000027532871,0.000000000000,0.000000000000,0.000029236376
986,0.000000000000,0.000000000000,0.000128548184,0.000000000000,0.000000000000,0.000124003130,0.000000000000,0.000000000000,0.000134327907,0.000000000000,0.000000000000,0.000074224904,0.000000000000,0.000000000000,0.000076570046,0.000000000000,0.000000000000,0.000082625601,0.000000000000,0.000000000000,0.000045399484,0.000000000000,0.000000000000,0.000051346698,0.000000000000,0.000000000000,0.000053705958,0.000000000000,0.000000000000,0.000035824304,0.000000000000,0.000000000000,0.000037103707,0.000000000000,0.000000000000,0.000040770913,0.000000000000,0.000000000000,0.000024345552,0.000000000000,0.000000000000,0.000027532871,0.000000000000,0.000000000000,0.000029236376
987,0.000000000000,0.000000000000,0.000128548184,0.000000000000,0.000000000000,0.000124003130,0.000000000000,0.000000000000,0.000134327907,0.000000000000,0.000000000000,0.000074224904,0.000000000000,0.000000000000,0.000076570046,0.000000000000,0.000000000000,0.000082625601,0.000000000000,0.000000000000,0.000045399484,0.000000000000,0.000000000000,0.000051346698,0.000000000000,0.000000000000,0.000053705958,0.000000000000,0.000000000000,0.000035824304,0.000000000000,0.000000000000,0.000037103707,0.000000000000,0.000000000000,0.000040770913,0.000000000000,0.000000000000,0.000024345552,0.000000000000,0.000000000000,0.000027532871,0.000000000000,0.000000000000,0.000029236376
988,0.000000000000,0.000000000000,0.000128548184,0.000000000000,0.000000000000,0.000124003130,0.000000000000,0.000000000000,0.000134327907,0.000000000000,0.000000000000,0.000074224904,0.000000000000,0.000000000000,0.000076570046,0.000000000000,0.000000000000,0.000082625601,0.000000000000,0.000000000000,0.000045399484,0.000000000000,0.000000000000,0.000051346698,0.000000000000,0.000000000000,0.000053705958,0.000000000000,0.000000000000,0.000035824304,0.000000000000,0.000000000000,0.000037103707,0.000000000000,0.000000000000,0.000040770913,0.000000000000,0.000000000000,0.000024345552,0.000000000000,0.000000000000,0.000027532871,0.000000000000,0.000000000000,0.000029236376
989,0.000000000000,0.000000000000,0.000128548184,0.000000000000,0.000000000000,0.000124003130,0.000000000000,0.000000000000,0.000134327907,0.000000000000,0.000000000000,0.000074224904,0.000000000000,0.000000000000,0.000076570046,0.000000000000,0.000000000000,0.000082625601,0.000000000000,0.000000000000,0.000045399484,0.000000000000,0.000000000000,0.000051346698,0.000000000000,0.000000000000,0.000053705958,0.000000000000,0.000000000000,0.000035824304,0.000000000000,0.000000000000,0.000037103707,0.000000000000,0.000000000000,0.000040770913,0.000000000000,0.000000000000,0.000024345552,0.000000000000,0.000000000000,0.000027532871,0.000000000000,0.000000000000,0.000029236376
990,0.000000000000,0.000000000000,0.000128548184,0.000000000000,0.000000000000,0.000124003130,0.000000000000,0.000000000000,0.000134327907,0.000000000000,0.000000000000,0.000074224904,0.000000000000,0.000000000000,0.000076570046,0.000000000000,0.000000000000,0.000082625601,0.000000000000,0.000000000000,0.000045399484,0.000000000000,0.000000000000,0.000051346698,0.000000000000,0.000000000000,0.000053705958,0.000000000000,0.000000000000,0.000035824304,0.000000000000,0.000000000000,0.000037103707,0.000000000000,0.000000000000,0.000040770913,0.000000000000,0.000000000000,0.000024345552,0.000000000000,0.000000000000,0.000027532871,0.000000000000,0.000000000000,0.000029236376
991,0.000000000000,0.000000000000,0.000128548184,0.000000000000,0.000000000000,0.000124003130,0.000000000000,0.000000000000,0.000134327907,0.000000000000,0.000000000000,0.000074224904,0.000000000000,0.000000000000,0.000076570046,0.000000000000,0.000000000000,0.000082625601,0.000000000000,0.000000000000,0.000045399484,0.000000000000,0.000000000000,0.000051346698,0.000000000000,0.000000000000,0.000053705958,0.000000000000,0.000000000000,0.000035824304,0.000000000000,0.000000000000,0.000037103707,0.000000000000,0.000000000000,0.000040770913,0.000000000000,0.000000000000,0.000024345552,0.000000000000,0.000000000000,0.000027532871,0.000000000000,0.000000000000,0.000029236376
992,0.000000000000,0.000000000000,0.000128548184,0.000000000000,0.000000000000,0.000124003130,0.000000000000,0.000000000000,0.000134327907,0.000000000000,0.000000000000,0.000074224904,0.000000000000,0.000000000000,0.000076570046,0.000000000000,0.000000000000,0.000082625601,0.000000000000,0.000000000000,0.000045399484,0.000000000000,0.000000000000,0.000051346698,0.000000000000,0.000000000000,0.000053705958,0.000000000000,0.000000000000,0.000035824304,0.000000000000,0.000000000000,0.000037103707,0.000000000000,0.000000000000,0.000040770913,0.000000000000,0.000000000000,0.000024345552,0.000000000000,0.000000000000,0.000027532871,0.000000000000,0.000000000000,0.000029236376
993,0.000000000000,0.000000000000,0.000128548184,0.000000000000,0.000000000000,0.000124003130,0.000000000000,0.000000000000,0.000134327907,0.000000000000,0.000000000000,0.000074224904,0.000000000000,0.000000000000,0.000076570046,0.000000000000,0.000000000000,0.000082625601,0.000000000000,0.000000000000,0.000045399484,0.000000000000,0.000000000000,0.000051346698,0.000000000000,0.000000000000,0.000053705958,0.000000000000,0.000000000000,0.000035824304,0.000000000000,0.000000000000,0.000037103707,0.000000000000,0.000000000000,0.000040770913,0.000000000000,0.000000000000,0.000024345552,0.000000000000,0.000000000000,0.000027532871,0.000000000000,0.000000000000,0.000029236376
994,0.000000000000,0.000000000000,0.000128548184,0.000000000000,0.000000000000,0.000124003130,0.000000000000,0.000000000000,0.000134327907,0.000000000000,0.000000000000,0.000074224904,0.000000000000,0.000000000000,0.000076570046,0.000000000000,0.000000000000,0.000082625601,0.000000000000,0.000000000000,0.000045399484,0.000000000000,0.000000000000,0.000051346698,0.000000000000,0.000000000000,0.000053705958,0.000000000000,0.000000000000,0.000035824304,0.000000000000,0.000000000000,0.000037103707,0.000000000000,0.000000000000,0.000040770913,0.000000000000,0.000000000000,0.000024345552,0.000000000000,0.000000000000,0.000027532871,0.000000000000,0.000000000000,0.000029236376
995,0.000000000000,0.000000000000,0.000128548184,0.000000000000,0.000000000000,0.000124003130,0.000000000000,0.000000000000,0.000134327907,0.000000000000,0.000000000000,0.000074224904,0.000000000000,0.000000000000,0.000076570046,0.000000000000,0.000000000000,0.000082625601,0.000000000000,0.000000000000,0.000045399484,0.000000000000,0.000000000000,0.000051346698,0.000000000000,0.000000000000,0.000053705958,0.000000000000,0.000000000000,0.000035824304,0.000000000000,0.000000000000,0.000037103707,0.000000000000,0.000000000000,0.000040770913,0.000000000000,0.000000000000,0.000024345552,0.000000000000,0.000000000000,0.000027532871,0.000000000000,0.000000000000,0.000029236376
996,0.000000000000,0.000000000000,0.000128548184,0.000000000000,0.000000000000,0.000124003130,0.000000000000,0.000000000000,0.000134327907,0.000000000000,0.000000000000,0.000074224904,0.000000000000,0.000000000000,0.000076570046,0.000000000000,0.000000000000,0.000082625601,0.000000000000,0.000000000000,0.000045399484,0.000000000000,0.000000000000,0.000051346698,0.000000000000,0.000000000000,0.000053705958,0.000000000000,0.000000000000,0.000035824304,0.000000000000,0.000000000000,0.000037103707,0.000000000000,0.000000000000,0.000040770913,0.000000000000,0.000000000000,0.000024345552,0.000000000000,0.000000000000,0.000027532871,0.000000000000,0.000000000000,0.000029236376
997,0.000000000000,0.000000000000,0.000128548184,0.000000000000,0.000000000000,0.000124003130,0.000000000000,0.000000000000,0.000134327907,0.000000000000,0.000000000000,0.000074224904,0.000000000000,0.000000000000,0.000076570046,0.000000000000,0.000000000000,0.000082625601,0.000000000000,0.000000000000,0.000045399484,0.000000000000,0.000000000000,0.000051346698,0.000000000000,0.000000000000,0.000053705958,0.000000000000,0.000000000000,0.000035824304,0.000000000000,0.000000000000,0.000037103707,0.000000000000,0.000000000000,0.000040770913,0.000000000000,0.000000000000,0.000024345552,0.000000000000,0.000000000000,0.000027532871,0.000000000000,0.000000000000,0.000029236376
998,0.000000000000,0.000000000000,0.000128548184,0.000000000000,0.000000000000,0.000124003130,0.000000000000,0.000000000000,0.000134327907,0.000000000000,0.000000000000,0.000074224904,0.000000000000,0.000000000000,0.000076570046,0.000000000000,0.000000000000,0.000082625601,0.000000000000,0.000000000000,0.000045399484,0.000000000000,0.000000000000,0.000051346698,0.000000000000,0.000000000000,0.000053705958,0.000000000000,0.000000000000,0.000035824304,0.000000000000,0.000000000000,0.000037103707,0.000000000000,0.000000000000,0.000040770913,0.000000000000,0.000000000000,0.000024345552,0.000000000000,0.000000000000,0.000027532871,0.000000000000,0.000000000000,0.000029236376
999,0.000000000000,0.000000000000,0.000128548184,0.000000000000,0.000000000000,0.000124003130,0.000000000000,0.000000000000,0.000134327907,0.000000000000,0.000000000000,0.000074224904,0.000000000000,0.000000000000,0.000076570046,0.000000000000,0.000000000000,0.000082625601,0.000000000000,0.000000000000,0.000045399484,0.000000000000,0.000000000000,0.000051346698,0.000000000000,0.000000000000,0.000053705958,0.000000000000,0.000000000000,0.000035824304,0.000000000000,0.000000000000,0.000037103707,0.000000000000,0.000000000000,0.000040770913,0.000000000000,0.000000000000,0.000024345552,0.000000000000,0.000000000000,0.000027532871,0.000000000000,0.000000000000,0.000029236376
1000,0.000000000000,0.000000000000,0.000128548184,0.000000000000,0.000000000000,0.000124003130,0.000000000000,0.000000000000,0.000134327907,0.000000000000,0.000000000000,0.000074224904,0.000000000000,0.000000000000,0.000076570046,0.000000000000,0.000000000000,0.000082625601,0.000000000000,0.000000000000,0.000045399484,0.000000000000,0.000000000000,0.000051346698,0.000000000000,0.000000000000,0.000053705958,0.000000000000,0.000000000000,0.000035824304,0.000000000000,0.000000000000,0.000037103707,0.000000000000,0.000000000000,0.000040770913,0.000000000000,0.000000000000,0.000024345552,0.000000000000,0.000000000000,0.000027532871,0.000000000000,0.000000000000,0.000029236376
