Iterasi,P20_G200_10_Customers,P20_G500_10_Customers,P20_G1000_10_Customers,P50_G200_10_Customers,P50_G500_10_Customers,P50_G1000_10_Customers,P100_G200_10_Customers,P100_G500_10_Customers,P100_G1000_10_Customers,P20_G200_20_Customers,P20_G500_20_Customers,P20_G1000_20_Customers,P50_G200_20_Customers,P50_G500_20_Customers,P50_G1000_20_Customers,P100_G200_20_Customers,P100_G500_20_Customers,P100_G1000_20_Customers,P20_G200_30_Customers,P20_G500_30_Customers,P20_G1000_30_Customers,P50_G200_30_Customers,P50_G500_30_Customers,P50_G1000_30_Customers,P100_G200_30_Customers,P100_G500_30_Customers,P100_G1000_30_Customers,P20_G200_40_Customers,P20_G500_40_Customers,P20_G1000_40_Customers,P50_G200_40_Customers,P50_G500_40_Customers,P50_G1000_40_Customers,P100_G200_40_Customers,P100_G500_40_Customers,P100_G1000_40_Customers,P20_G200_50_Customers,P20_G500_50_Customers,P20_G1000_50_Customers,P50_G200_50_Customers,P50_G500_50_Customers,P50_G1000_50_Customers,P100_G200_50_Customers,P100_G500_50_Customers,P100_G1000_50_Customers
1,0.000114986239,0.000113784097,0.000115078345,0.000113841916,0.000121164258,0.000124459212,0.000127232011,0.000122231907,0.000127658745,0.000054547933,0.000056166251,0.000056140441,0.000062684050,0.000057626895,0.000060594165,0.000061601280,0.000061875900,0.000059431560,0.000033053752,0.000034241932,0.000035048590,0.000037097239,0.000037043232,0.000036253134,0.000037477005,0.000037264925,0.000038786700,0.000029558549,0.000029115773,0.000029519557,0.000029853875,0.000030741794,0.000030055483,0.000031679692,0.000031070528,0.000031642271,0.000018969860,0.000019467583,0.000019488225,0.000020006157,0.000019823613,0.000019927134,0.000021216405,0.000020406811,0.000020304472
2,0.000119126856,0.000120285540,0.000128767484,0.000134352239,0.000132224493,0.000133103076,0.000134613951,0.000136442566,0.000136869041,0.000060444669,0.000060597885,0.000060941471,0.000065150924,0.000061484859,0.000066595515,0.000070784187,0.000066363597,0.000065904777,0.000036293052,0.000035761384,0.000035845800,0.000040149899,0.000039422832,0.000037903414,0.000040624907,0.000038936836,0.000042086634,0.000030977291,0.000030061076,0.000031376286,0.000031446209,0.000032141169,0.000031727636,0.000034109250,0.000033478542,0.000033740626,0.000019355671,0.000020123464,0.000019921474,0.000020903144,0.000020599179,0.000020677922,0.000022294338,0.000021642003,0.000021509185
3,0.000128696811,0.000125678353,0.000130975841,0.000136488228,0.000135734653,0.000136402309,0.000137442905,0.000137400987,0.000138771390,0.000062430743,0.000062249338,0.000063562615,0.000068219713,0.000063832828,0.000071043351,0.000073454647,0.000070598109,0.000071966513,0.000039149890,0.000036780166,0.000037341144,0.000041799003,0.000040857583,0.000040966486,0.000043376704,0.000041114932,0.000042739550,0.000032172439,0.000031644448,0.000032179451,0.000033067476,0.000033597329,0.000032778729,0.000035028938,0.000034434574,0.000035535032,0.000020259758,0.000020624739,0.000021061320,0.000021268489,0.000021593817,0.000021278249,0.000023310143,0.000021780058,0.000022415459
4,0.000134433268,0.000128903512,0.000133016136,0.000137250013,0.000136587886,0.000138555422,0.000138630909,0.000137400987,0.000139316996,0.000065515108,0.000064563280,0.000064164069,0.000069210362,0.000066470081,0.000073891763,0.000076263608,0.000075234839,0.000076575699,0.000040036811,0.000038270381,0.000038833113,0.000043157870,0.000042769772,0.000042638216,0.000045960779,0.000044904242,0.000045020601,0.000032308509,0.000033352700,0.000032373448,0.000033894731,0.000034203953,0.000033568946,0.000036373751,0.000035526683,0.000036862047,0.000020686437,0.000020901654,0.000021176389,0.000021925076,0.000022289773,0.000022139959,0.000023995746,0.000022753218,0.000022920815
5,0.000135647023,0.000131658190,0.000133610820,0.000137250013,0.000137250013,0.000138555422,0.000138702035,0.000137993909,0.000139860830,0.000066419401,0.000065506095,0.000068272722,0.000073559626,0.000069884493,0.000075912577,0.000078150052,0.000078442174,0.000080628534,0.000040959794,0.000039489208,0.000039929886,0.000044411895,0.000043709060,0.000043776974,0.000047784320,0.000047815044,0.000046078509,0.000032660236,0.000034508612,0.000033768325,0.000034904152,0.000034802883,0.000034644698,0.000037392900,0.000036565332,0.000038453233,0.000021762158,0.000021041280,0.000021665116,0.000022634899,0.000022662670,0.000022771113,0.000024652427,0.000023003821,0.000023657669
6,0.000136223947,0.000134956685,0.000135888571,0.000137325500,0.000137632833,0.000139223831,0.000139245869,0.000138630909,0.000139860830,0.000068294727,0.000070021726,0.000069862218,0.000076051846,0.000073485326,0.000077057927,0.000082977576,0.000080181156,0.000083129782,0.000042212845,0.000039980315,0.000040555685,0.000045461661,0.000044621840,0.000045080435,0.000048867937,0.000049457543,0.000046970479,0.000034035604,0.000035021573,0.000034047222,0.000035558512,0.000035075587,0.000035811599,0.000037968017,0.000037255258,0.000038907890,0.000021883052,0.000021260477,0.000022278973,0.000023481663,0.000023192723,0.000022935762,0.000025539009,0.000023621047,0.000024221181
7,0.000136786026,0.000136559518,0.000136430583,0.000137400987,0.000137993909,0.000139245869,0.000139245869,0.000138938242,0.000139860830,0.000069061591,0.000071799453,0.000071731414,0.000077757184,0.000075697567,0.000079321666,0.000085247331,0.000082563447,0.000085027473,0.000043154257,0.000042346853,0.000042186865,0.000046121642,0.000046002789,0.000046607084,0.000050886377,0.000050177365,0.000049126536,0.000034228504,0.000035461244,0.000034963577,0.000036382626,0.000035576927,0.000036608076,0.000039041432,0.000038072242,0.000040057490,0.000022187521,0.000021666374,0.000022542489,0.000023721074,0.000023725840,0.000023472904,0.000025841649,0.000024533467,0.000024899638
8,0.000136786026,0.000137438923,0.000137227975,0.000138630909,0.000138015948,0.000139245869,0.000139277848,0.000139245869,0.000139860830,0.000070458718,0.000074254853,0.000072799240,0.000081200359,0.000076707932,0.000081397219,0.000086151978,0.000084472511,0.000086619162,0.000043771545,0.000042889204,0.000043295729,0.000046924710,0.000046779320,0.000047130096,0.000052983645,0.000050954886,0.000050164950,0.000034825367,0.000036078011,0.000035197838,0.000036834986,0.000036811995,0.000037492209,0.000039628976,0.000039594667,0.000040580783,0.000022548014,0.000022091797,0.000022542489,0.000024103136,0.000023746695,0.000023795388,0.000026273907,0.000025399488,0.000025278270
9,0.000136786026,0.000137460962,0.000137250013,0.000138630909,0.000138087074,0.000139245869,0.000139860830,0.000139245869,0.000139860830,0.000073388892,0.000074829900,0.000073954482,0.000082244379,0.000080034437,0.000082013418,0.000087357598,0.000087255131,0.000088641775,0.000044524269,0.000043448404,0.000044830243,0.000047858955,0.000047831576,0.000048192875,0.000054038371,0.000051352209,0.000050931502,0.000034825367,0.000036552726,0.000035558262,0.000037168122,0.000037638000,0.000037880994,0.000040063465,0.000040494677,0.000041204418,0.000022759678,0.000022550737,0.000022733927,0.000024890758,0.000024075216,0.000024306370,0.000026509930,0.000025881826,0.000025899503
10,0.000136786026,0.000137993909,0.000137250013,0.000138630909,0.000138662887,0.000139245869,0.000139860830,0.000139245869,0.000139860830,0.000074392814,0.000076768574,0.000074118778,0.000083557345,0.000080155866,0.000083733871,0.000088840799,0.000090518024,0.000089634453,0.000045695684,0.000044035136,0.000045518450,0.000048899981,0.000049054223,0.000049259354,0.000054789111,0.000052522392,0.000052907542,0.000035853467,0.000036927137,0.000037202138,0.000038365873,0.000037865624,0.000037925919,0.000041404073,0.000041178326,0.000042341325,0.000022991398,0.000022819592,0.000023242226,0.000025101248,0.000024369431,0.000024632649,0.000027190692,0.000026298746,0.000026211961
11,0.000136786026,0.000138015948,0.000137250013,0.000138630909,0.000139223831,0.000139245869,0.000139860830,0.000139245869,0.000139860830,0.000074980285,0.000079692868,0.000075550339,0.000085201118,0.000082131131,0.000085661130,0.000090719515,0.000091390936,0.000092105633,0.000046134209,0.000044667385,0.000046607051,0.000049788123,0.000050249535,0.000049772565,0.000055710455,0.000053722198,0.000054442151,0.000036279198,0.000037389406,0.000037538629,0.000038995402,0.000039124974,0.000038371780,0.000042285343,0.000041861452,0.000042621427,0.000023272690,0.000022819592,0.000023303587,0.000025801146,0.000024857992,0.000024927775,0.000027648584,0.000026425617,0.000026418936
12,0.000136786026,0.000138015948,0.000137250013,0.000138959387,0.000139223831,0.000139245869,0.000139860830,0.000139245869,0.000139860830,0.000077654056,0.000081078394,0.000075983673,0.000086464069,0.000083130033,0.000087313969,0.000092054979,0.000092493981,0.000093556405,0.000046361538,0.000045254822,0.000047050813,0.000050001411,0.000050777873,0.000051000344,0.000056229793,0.000053935192,0.000055808241,0.000036417259,0.000038823577,0.000037897320,0.000039455739,0.000039804593,0.000038969828,0.000042551419,0.000042250806,0.000043228780,0.000023394910,0.000023109114,0.000023664258,0.000026018895,0.000025089068,0.000025019099,0.000028262321,0.000026599691,0.000027154965
13,0.000137400987,0.000138015948,0.000137250013,0.000139245869,0.000139223831,0.000139245869,0.000139860830,0.000139574348,0.000139860830,0.000079261032,0.000081544453,0.000076334460,0.000088697276,0.000085544719,0.000088135238,0.000092722854,0.000094166144,0.000095079340,0.000047812813,0.000045315859,0.000048609994,0.000050354275,0.000052223937,0.000051711853,0.000057079662,0.000054692548,0.000056534542,0.000036714946,0.000038917795,0.000038203384,0.000039936355,0.000040780864,0.000039405720,0.000043015092,0.000042602815,0.000043916333,0.000023557437,0.000023141221,0.000023754086,0.000026298649,0.000025332963,0.000025293775,0.000028946292,0.000027124968,0.000027789193
14,0.000137400987,0.000138630909,0.000137250013,0.000139245869,0.000139245869,0.000139245869,0.000139860830,0.000139860830,0.000139860830,0.000080272995,0.000082188378,0.000077566501,0.000090553539,0.000087123209,0.000089859805,0.000093964776,0.000095493441,0.000096131904,0.000048367924,0.000046708294,0.000048871966,0.000051248431,0.000052966349,0.000052651111,0.000057597773,0.000055969885,0.000057548807,0.000036973263,0.000039370435,0.000038620308,0.000041010992,0.000040964050,0.000040197184,0.000043606581,0.000042868114,0.000044813541,0.000024040557,0.000023246247,0.000024089485,0.000026424792,0.000025639235,0.000025767081,0.000029299747,0.000028064902,0.000028421162
15,0.000137400987,0.000138630909,0.000137325500,0.000139245869,0.000139245869,0.000139245869,0.000139860830,0.000139860830,0.000139860830,0.000083757267,0.000083424417,0.000077909189,0.000092053753,0.000087542242,0.000090662093,0.000095506116,0.000096716398,0.000096748381,0.000048943768,0.000047346007,0.000049499340,0.000051932300,0.000053750881,0.000053293720,0.000058815156,0.000057073839,0.000058068482,0.000037964504,0.000040149525,0.000039198506,0.000041340073,0.000041118324,0.000040664241,0.000044809117,0.000043263820,0.000045542982,0.000024207445,0.000023737366,0.000024366891,0.000026616269,0.000025852262,0.000026393822,0.000029330915,0.000028419151,0.000029085452
16,0.000137400987,0.000138630909,0.000137400987,0.000139245869,0.000139245869,0.000139838792,0.000139860830,0.000139860830,0.000139860830,0.000085339284,0.000083556936,0.000078954469,0.000092925103,0.000091468665,0.000092512280,0.000095956237,0.000097340398,0.000098008706,0.000049116172,0.000047845340,0.000049646184,0.000052194759,0.000054489058,0.000054146155,0.000059817899,0.000057764581,0.000058855476,0.000038429815,0.000040694000,0.000039432079,0.000041871185,0.000041518899,0.000041052775,0.000045620398,0.000044123235,0.000045870924,0.000024248391,0.000023850886,0.000024632067,0.000027184363,0.000026295951,0.000026502661,0.000029762221,0.000028797167,0.000029203108
17,0.000137400987,0.000138630909,0.000137400987,0.000139245869,0.000139245869,0.000139838792,0.000139860830,0.000139860830,0.000139860830,0.000086423908,0.000084888127,0.000079084916,0.000094174659,0.000093292013,0.000092980039,0.000096333748,0.000098367729,0.000098909853,0.000049723053,0.000048254518,0.000050139034,0.000054002594,0.000055110010,0.000055517469,0.000060460682,0.000058305107,0.000059940814,0.000038867015,0.000040767167,0.000040070534,0.000042012514,0.000041805705,0.000041457706,0.000046421774,0.000045104586,0.000046961710,0.000024378563,0.000023998436,0.000024719260,0.000027321169,0.000026597314,0.000026976067,0.000030148864,0.000029243347,0.000029990482
18,0.000137400987,0.000138630909,0.000137400987,0.000139245869,0.000139245869,0.000139860830,0.000139860830,0.000139860830,0.000139860830,0.000087167237,0.000085835069,0.000079180610,0.000094770527,0.000095557303,0.000093389388,0.000097625806,0.000098395579,0.000099436361,0.000049946905,0.000048802067,0.000050739050,0.000054671338,0.000055740048,0.000055825097,0.000060858491,0.000058751445,0.000060768698,0.000039761260,0.000041121530,0.000040255597,0.000043184713,0.000042077517,0.000041682293,0.000047506074,0.000045896360,0.000047312051,0.000024460636,0.000024714072,0.000024940580,0.000027683685,0.000027160673,0.000027134200,0.000030373842,0.000029922187,0.000030300522
19,0.000137400987,0.000138630909,0.000137400987,0.000139245869,0.000139245869,0.000139860830,0.000139860830,0.000139860830,0.000139860830,0.000087234595,0.000086126055,0.000080333388,0.000095583678,0.000096450709,0.000094151948,0.000098256067,0.000098981728,0.000100517229,0.000050527666,0.000049016476,0.000051300376,0.000055598103,0.000056174383,0.000055963043,0.000061843395,0.000059907400,0.000061449174,0.000039918940,0.000041626372,0.000040565765,0.000044018152,0.000043076002,0.000042284695,0.000047703692,0.000046545305,0.000047722117,0.000024627393,0.000024735580,0.000024994718,0.000028333418,0.000027735482,0.000027289990,0.000030707025,0.000030092900,0.000030631016
20,0.000137400987,0.000138630909,0.000137400987,0.000139245869,0.000139245869,0.000139860830,0.000139860830,0.000139860830,0.000139860830,0.000088336682,0.000087688631,0.000080568093,0.000096354521,0.000097558703,0.000094981649,0.000098844980,0.000099224808,0.000101037623,0.000051118034,0.000049904295,0.000051891939,0.000056118907,0.000056835963,0.000056829997,0.000062441540,0.000060214334,0.000062477695,0.000040623277,0.000042049770,0.000041086793,0.000044084896,0.000044167056,0.000042506102,0.000048173421,0.000047282061,0.000047982586,0.000024699836,0.000024922020,0.000024994718,0.000028492426,0.000028118302,0.000027531058,0.000031269999,0.000030198287,0.000030729258
21,0.000137400987,0.000138630909,0.000137400987,0.000139245869,0.000139245869,0.000139860830,0.000139860830,0.000139860830,0.000139860830,0.000088706006,0.000088604020,0.000081482042,0.000096888305,0.000098658806,0.000095899514,0.000098900964,0.000100106879,0.000101487841,0.000051188840,0.000050054683,0.000052015928,0.000057195309,0.000057469761,0.000057309350,0.000063498361,0.000061171931,0.000063136534,0.000040888833,0.000042118097,0.000041750515,0.000044193217,0.000044707630,0.000042858902,0.000048779320,0.000047545966,0.000048517656,0.000025273720,0.000025309527,0.000025136865,0.000028775092,0.000028302728,0.000027786393,0.000031543435,0.000030568223,0.000031338075
22,0.000137400987,0.000138630909,0.000137400987,0.000139245869,0.000139245869,0.000139860830,0.000139860830,0.000139860830,0.000139860830,0.000088899830,0.000090470412,0.000081936339,0.000097875568,0.000099226066,0.000096350351,0.000100350533,0.000100456496,0.000101962999,0.000051510653,0.000050177164,0.000052043055,0.000058138470,0.000057831587,0.000057690908,0.000064076745,0.000061593791,0.000063586036,0.000041049016,0.000042331456,0.000042019876,0.000044700272,0.000045574253,0.000043279668,0.000049379139,0.000048032199,0.000048789697,0.000025471869,0.000025442811,0.000025253513,0.000029262657,0.000028669273,0.000028209095,0.000031665877,0.000030738404,0.000031401490
23,0.000137400987,0.000138630909,0.000137400987,0.000139245869,0.000139245869,0.000139860830,0.000139860830,0.000139860830,0.000139860830,0.000090708149,0.000090643251,0.000081970204,0.000098333416,0.000099550524,0.000096930752,0.000100383702,0.000101549908,0.000101981760,0.000052997120,0.000050838524,0.000052454895,0.000059491447,0.000058761828,0.000058203992,0.000065872543,0.000062678891,0.000063905521,0.000041138659,0.000042807529,0.000043108008,0.000045400615,0.000045989450,0.000043799388,0.000049538218,0.000048544631,0.000050024945,0.000025668209,0.000025611944,0.000025555081,0.000029340417,0.000028760305,0.000028327631,0.000032038710,0.000030967919,0.000031834314
24,0.000137400987,0.000138630909,0.000137400987,0.000139245869,0.000139245869,0.000139860830,0.000139860830,0.000139860830,0.000139860830,0.000090842740,0.000091682474,0.000082085867,0.000098525335,0.000100283147,0.000097692378,0.000100514550,0.000101814304,0.000102257282,0.000053167349,0.000051259406,0.000052498885,0.000060044448,0.000059181423,0.000058917983,0.000066609438,0.000063618741,0.000064291488,0.000041139536,0.000043372024,0.000043571920,0.000046141227,0.000046173341,0.000044102616,0.000050195206,0.000048606258,0.000050540332,0.000025714134,0.000025611944,0.000025641890,0.000029552699,0.000029205439,0.000028438459,0.000032531696,0.000031030077,0.000032093512
25,0.000137472113,0.000138630909,0.000137400987,0.000139245869,0.000139245869,0.000139860830,0.000139860830,0.000139860830,0.000139860830,0.000091010187,0.000092124219,0.000083314599,0.000098627113,0.000101345178,0.000098053819,0.000101184650,0.000102037768,0.000103358281,0.000053867244,0.000052325165,0.000052742224,0.000060406532,0.000059218409,0.000059488149,0.000066766657,0.000064073861,0.000064577298,0.000041855544,0.000044228205,0.000043725029,0.000046536756,0.000046650578,0.000044272119,0.000050603242,0.000048948872,0.000051254601,0.000025798816,0.000025979045,0.000025789205,0.000029844070,0.000029600201,0.000028476633,0.000032767025,0.000031363992,0.000032229153
26,0.000138015948,0.000138630909,0.000137400987,0.000139245869,0.000139245869,0.000139860830,0.000139860830,0.000139860830,0.000139860830,0.000091530075,0.000092725973,0.000084330439,0.000098634305,0.000101637914,0.000098443161,0.000101638608,0.000102179231,0.000103768728,0.000054254987,0.000052901993,0.000053488039,0.000060935465,0.000059409881,0.000059829655,0.000067474705,0.000065112079,0.000065224285,0.000042446474,0.000044272913,0.000043790830,0.000047100148,0.000047002176,0.000044720077,0.000051807867,0.000049207110,0.000051513806,0.000025974105,0.000026542411,0.000026017638,0.000030029498,0.000029791716,0.000029054857,0.000032940588,0.000031559082,0.000032309441
27,0.000138015948,0.000138630909,0.000137400987,0.000139245869,0.000139245869,0.000139860830,0.000139860830,0.000139860830,0.000139860830,0.000092575456,0.000094527611,0.000085235130,0.000098781077,0.000101823227,0.000098772644,0.000101678084,0.000102247951,0.000104512625,0.000054836397,0.000053011282,0.000053580730,0.000062281797,0.000059495162,0.000060280525,0.000067852849,0.000065417823,0.000065893550,0.000042654849,0.000044507764,0.000044617254,0.000047332591,0.000047786277,0.000045072657,0.000052250049,0.000049629732,0.000051650020,0.000026258178,0.000026617381,0.000026366739,0.000030128025,0.000029859181,0.000029208627,0.000033345387,0.000031680573,0.000032577787
28,0.000138015948,0.000138630909,0.000137400987,0.000139245869,0.000139245869,0.000139860830,0.000139860830,0.000139860830,0.000139860830,0.000092866086,0.000094934334,0.000086509129,0.000099271285,0.000102388621,0.000099272410,0.000101882374,0.000102837501,0.000105085359,0.000055281842,0.000053180153,0.000053689008,0.000062704449,0.000060252647,0.000060494833,0.000068155479,0.000066387632,0.000066705471,0.000042914920,0.000044703064,0.000044675905,0.000047595400,0.000048489817,0.000045672393,0.000052976271,0.000050474813,0.000052395750,0.000026502663,0.000026814508,0.000026782195,0.000030172609,0.000030251929,0.000029579397,0.000033541718,0.000031976216,0.000033273782
29,0.000138015948,0.000138630909,0.000137400987,0.000139245869,0.000139245869,0.000139860830,0.000139860830,0.000139860830,0.000139860830,0.000093367561,0.000096464442,0.000087529728,0.000099397321,0.000102858121,0.000099440543,0.000101882374,0.000103177803,0.000105152242,0.000055815749,0.000053344568,0.000053829989,0.000063296433,0.000061145500,0.000060804291,0.000068331505,0.000067350832,0.000067562529,0.000043250555,0.000044807655,0.000044945109,0.000048776999,0.000048595562,0.000046027373,0.000053736791,0.000050725810,0.000052951942,0.000026517909,0.000026905700,0.000026782195,0.000030591865,0.000030379156,0.000029740797,0.000033663929,0.000032360425,0.000033640181
30,0.000138015948,0.000138630909,0.000137400987,0.000139245869,0.000139245869,0.000139860830,0.000139860830,0.000139860830,0.000139860830,0.000094197357,0.000097112179,0.000088924892,0.000099946023,0.000102933375,0.000099911964,0.000102161822,0.000103561828,0.000105207477,0.000056745599,0.000054043159,0.000054023670,0.000063752233,0.000061249319,0.000061084370,0.000069195334,0.000068109377,0.000067793279,0.000043489162,0.000045331017,0.000045219434,0.000049004607,0.000049098286,0.000046409602,0.000053964324,0.000050975140,0.000053049790,0.000026713842,0.000027163545,0.000026783009,0.000030794431,0.000030825617,0.000029930066,0.000033938082,0.000032454140,0.000033859301
31,0.000138015948,0.000138630909,0.000137400987,0.000139245869,0.000139245869,0.000139860830,0.000139860830,0.000139860830,0.000139860830,0.000095089692,0.000097916748,0.000089930259,0.000100105400,0.000102933375,0.000099911964,0.000102557995,0.000103865594,0.000105229939,0.000056989619,0.000054352482,0.000054368027,0.000063937659,0.000061494426,0.000061509486,0.000069815783,0.000069051084,0.000068274245,0.000043668168,0.000045595029,0.000045445924,0.000049313456,0.000049705841,0.000046957983,0.000054581392,0.000050991547,0.000053319619,0.000026787935,0.000027169450,0.000027019096,0.000030874532,0.000031179812,0.000030180586,0.000034234674,0.000032625951,0.000033930234
32,0.000138015948,0.000139223831,0.000137400987,0.000139245869,0.000139245869,0.000139860830,0.000139860830,0.000139860830,0.000139860830,0.000095151088,0.000098669691,0.000090650930,0.000100105400,0.000102933375,0.000100636122,0.000103078027,0.000104061412,0.000105237737,0.000057197048,0.000054946482,0.000054641240,0.000064252842,0.000061897959,0.000061689382,0.000069920123,0.000069123981,0.000068315818,0.000044018161,0.000045796270,0.000045463172,0.000049621082,0.000049811368,0.000047144450,0.000054937803,0.000051375366,0.000053961065,0.000026984303,0.000027735944,0.000027020616,0.000030968570,0.000031243599,0.000030426803,0.000034411795,0.000033003275,0.000034136317
33,0.000138015948,0.000139223831,0.000137400987,0.000139245869,0.000139245869,0.000139860830,0.000139860830,0.000139860830,0.000139860830,0.000095184262,0.000099071812,0.000091374462,0.000100789124,0.000103030839,0.000100737380,0.000103130300,0.000104061412,0.000105260317,0.000057383305,0.000055345104,0.000054955815,0.000064575075,0.000062532702,0.000061800085,0.000070822962,0.000069227184,0.000068440585,0.000044167644,0.000046044161,0.000045756298,0.000050072249,0.000050095098,0.000047488465,0.000055372065,0.000051977719,0.000054823657,0.000027034091,0.000027881287,0.000027282221,0.000031094203,0.000031789851,0.000030840153,0.000034660728,0.000033303138,0.000034350062
34,0.000138015948,0.000139245869,0.000137400987,0.000139245869,0.000139245869,0.000139860830,0.000139860830,0.000139860830,0.000139860830,0.000095287930,0.000099469165,0.000091531017,0.000100789124,0.000103052329,0.000101522470,0.000103444801,0.000104061412,0.000105260317,0.000057499415,0.000055459142,0.000055027142,0.000064911147,0.000062920718,0.000061829872,0.000071458465,0.000069363998,0.000068725396,0.000044833513,0.000046241202,0.000045756298,0.000050740534,0.000050522980,0.000048059540,0.000055974135,0.000052071682,0.000054915550,0.000027645602,0.000028010027,0.000027628821,0.000031143317,0.000031932146,0.000031059586,0.000034867019,0.000033390351,0.000034609157
35,0.000138015948,0.000139245869,0.000137400987,0.000139245869,0.000139245869,0.000139860830,0.000139860830,0.000139860830,0.000139860830,0.000095499590,0.000099786387,0.000091707540,0.000100963067,0.000103052329,0.000102085264,0.000103573997,0.000104127970,0.000105260317,0.000058065481,0.000055602456,0.000055321067,0.000065154782,0.000063174665,0.000061854863,0.000071720530,0.000069582079,0.000068788596,0.000045381947,0.000046365073,0.000046148847,0.000051363786,0.000051199354,0.000048224643,0.000056224423,0.000052251746,0.000055364667,0.000027712278,0.000028188835,0.000027994013,0.000031385314,0.000032094348,0.000031059586,0.000035285232,0.000033575793,0.000034658995
36,0.000138015948,0.000139245869,0.000137400987,0.000139245869,0.000139245869,0.000139860830,0.000139860830,0.000139860830,0.000139860830,0.000095543042,0.000100041788,0.000091707540,0.000101159783,0.000103052329,0.000102781145,0.000103971952,0.000104127970,0.000105260317,0.000058481480,0.000056036073,0.000056031713,0.000065524481,0.000063690820,0.000062761688,0.000071944734,0.000069923019,0.000068936842,0.000045635288,0.000046729008,0.000046170772,0.000051752205,0.000051779349,0.000048925762,0.000056321786,0.000053269908,0.000055727885,0.000027740506,0.000028395460,0.000028299377,0.000031430149,0.000032333499,0.000031327422,0.000035374592,0.000033709993,0.000035781870
37,0.000138015948,0.000139245869,0.000137400987,0.000139245869,0.000139245869,0.000139860830,0.000139860830,0.000139860830,0.000139860830,0.000095861894,0.000100760195,0.000091942604,0.000101514144,0.000103052329,0.000103092988,0.000104181520,0.000104151223,0.000105260317,0.000058923766,0.000056158183,0.000056085368,0.000066111858,0.000064040696,0.000063170547,0.000072103412,0.000070372493,0.000069249972,0.000045763235,0.000047279440,0.000047098561,0.000052292282,0.000052439450,0.000048947425,0.000056484482,0.000053425754,0.000056513034,0.000027888804,0.000028582832,0.000028397459,0.000031496375,0.000032516380,0.000031445370,0.000035470360,0.000033866986,0.000036181896
38,0.000138015948,0.000139245869,0.000137472113,0.000139245869,0.000139245869,0.000139860830,0.000139860830,0.000139860830,0.000139860830,0.000097296276,0.000101177179,0.000092111535,0.000101882600,0.000103052329,0.000103544322,0.000104380590,0.000104151223,0.000105260317,0.000059119251,0.000056338511,0.000056478563,0.000066475270,0.000064092091,0.000064017792,0.000072371082,0.000070437130,0.000069421045,0.000045798787,0.000047549185,0.000047544550,0.000052432371,0.000052699345,0.000049320892,0.000056657760,0.000053716323,0.000057026550,0.000027888804,0.000028686738,0.000028584435,0.000031722505,0.000032653386,0.000031970414,0.000035693214,0.000033991461,0.000036453679
39,0.000138015948,0.000139245869,0.000137472113,0.000139245869,0.000139245869,0.000139860830,0.000139860830,0.000139860830,0.000139860830,0.000097372635,0.000101625336,0.000093606128,0.000102316271,0.000103052329,0.000103598099,0.000105007703,0.000104151223,0.000105260317,0.000059218154,0.000056523456,0.000056840312,0.000066719500,0.000065258188,0.000064642827,0.000073500228,0.000071340523,0.000069618979,0.000045891988,0.000047966547,0.000047987184,0.000052727934,0.000052812990,0.000049684103,0.000056695651,0.000054113356,0.000057511881,0.000027999135,0.000028905114,0.000028620355,0.000031943204,0.000032695864,0.000032267596,0.000036001275,0.000034144383,0.000036578842
40,0.000138015948,0.000139245869,0.000138015948,0.000139245869,0.000139245869,0.000139860830,0.000139860830,0.000139860830,0.000139860830,0.000097690468,0.000101898657,0.000094503723,0.000102441920,0.000103052329,0.000103814729,0.000105378973,0.000104206908,0.000105260317,0.000059278160,0.000056603542,0.000057101501,0.000066731467,0.000065320408,0.000064923703,0.000073825280,0.000071444853,0.000069951190,0.000046365606,0.000047988342,0.000048407805,0.000052994593,0.000052993951,0.000050429230,0.000057161757,0.000054417762,0.000057803368,0.000028475240,0.000028994139,0.000028766631,0.000032555316,0.000032788960,0.000032546004,0.000036599147,0.000034415582,0.000036835700
41,0.000138015948,0.000139245869,0.000138015948,0.000139245869,0.000139245869,0.000139860830,0.000139860830,0.000139860830,0.000139860830,0.000097764532,0.000101898657,0.000094684843,0.000102576440,0.000103052329,0.000104103343,0.000105970081,0.000104206908,0.000105281218,0.000059454075,0.000056665380,0.000057521552,0.000066948726,0.000065399802,0.000065124313,0.000074345122,0.000071777040,0.000070252333,0.000046497898,0.000048191224,0.000048528205,0.000053049122,0.000053546426,0.000050960073,0.000057512763,0.000054569082,0.000058524247,0.000028485289,0.000029131598,0.000028774830,0.000033148908,0.000032879017,0.000032836690,0.000037014097,0.000034858858,0.000036996491
42,0.000138015948,0.000139245869,0.000138015948,0.000139245869,0.000139245869,0.000139860830,0.000139860830,0.000139860830,0.000139860830,0.000099081925,0.000102331041,0.000094706136,0.000102707430,0.000103152129,0.000104600626,0.000106165390,0.000104267927,0.000105281218,0.000059454075,0.000057637602,0.000057565917,0.000067162137,0.000065729269,0.000065726767,0.000074779326,0.000072542971,0.000070547018,0.000047287607,0.000048269679,0.000048793368,0.000053525127,0.000054051837,0.000051269220,0.000057859197,0.000054859748,0.000059131735,0.000028962962,0.000029345461,0.000028929784,0.000033189312,0.000033518345,0.000033066634,0.000037183201,0.000035049564,0.000037352870
43,0.000138015948,0.000139245869,0.000138015948,0.000139245869,0.000139860830,0.000139860830,0.000139860830,0.000139860830,0.000139860830,0.000099239881,0.000102950164,0.000095373103,0.000102797065,0.000103152129,0.000104600626,0.000106173121,0.000104267927,0.000105281218,0.000059673477,0.000057768174,0.000057798928,0.000067260223,0.000065895883,0.000066041587,0.000075411339,0.000072705140,0.000070980320,0.000047475286,0.000048404871,0.000048937432,0.000053684087,0.000054161405,0.000051357091,0.000058034138,0.000054963907,0.000059566934,0.000028969243,0.000029456307,0.000029073966,0.000033386947,0.000033958876,0.000033190047,0.000037539982,0.000035596217,0.000037402342
44,0.000138015948,0.000139245869,0.000138015948,0.000139245869,0.000139860830,0.000139860830,0.000139860830,0.000139860830,0.000139860830,0.000099315827,0.000102968666,0.000095869324,0.000102861087,0.000103274217,0.000104600626,0.000106225222,0.000104267927,0.000105463805,0.000060186099,0.000058061532,0.000057898008,0.000067401281,0.000066155597,0.000066191363,0.000075836312,0.000072849913,0.000071553294,0.000047831244,0.000048778106,0.000049089093,0.000054126880,0.000054727685,0.000051779941,0.000058707739,0.000055205701,0.000059732263,0.000029018631,0.000029499939,0.000029385176,0.000033540624,0.000034121179,0.000033396907,0.000037953581,0.000035668703,0.000037620345
45,0.000138015948,0.000139245869,0.000138015948,0.000139245869,0.000139860830,0.000139860830,0.000139860830,0.000139860830,0.000139860830,0.000099514733,0.000102969640,0.000096464868,0.000103125043,0.000103274217,0.000104681718,0.000106492500,0.000104658750,0.000105463805,0.000060386177,0.000058091352,0.000058264533,0.000067430048,0.000066259646,0.000066324584,0.000075926151,0.000072970419,0.000071614285,0.000048004891,0.000048905207,0.000049205687,0.000054525853,0.000055200232,0.000052153423,0.000059198663,0.000055726241,0.000059777852,0.000029065571,0.000029751809,0.000029400277,0.000033590323,0.000034150999,0.000033471425,0.000038211094,0.000035854033,0.000037901857
46,0.000138015948,0.000139245869,0.000138015948,0.000139245869,0.000139860830,0.000139860830,0.000139860830,0.000139860830,0.000139860830,0.000099684341,0.000103130266,0.000096464868,0.000103390091,0.000103274217,0.000104887007,0.000106496959,0.000104658750,0.000105492892,0.000060736790,0.000058278930,0.000058264533,0.000067458402,0.000066371547,0.000066602949,0.000075944702,0.000073092541,0.000071640554,0.000048244383,0.000049264369,0.000049515474,0.000054600029,0.000055703687,0.000052558662,0.000059315243,0.000056450840,0.000060067949,0.000029091917,0.000029857959,0.000029435075,0.000033679527,0.000034409576,0.000033835819,0.000038396743,0.000036209473,0.000038138684
47,0.000138015948,0.000139245869,0.000138015948,0.000139245869,0.000139860830,0.000139860830,0.000139860830,0.000139860830,0.000139860830,0.000099694741,0.000103159352,0.000096766192,0.000103671714,0.000103334238,0.000104988729,0.000106569226,0.000105147164,0.000105492892,0.000060965974,0.000058671157,0.000058360879,0.000067810751,0.000067122466,0.000066968881,0.000076145835,0.000073805843,0.000071663406,0.000048382975,0.000049283356,0.000049600746,0.000054667487,0.000055743703,0.000052749131,0.000059552626,0.000056718611,0.000060545979,0.000029398586,0.000029878255,0.000029802230,0.000033862405,0.000034443934,0.000034013776,0.000038575201,0.000036752101,0.000038437033
48,0.000138015948,0.000139245869,0.000138015948,0.000139553203,0.000139860830,0.000139860830,0.000139860830,0.000139860830,0.000139860830,0.000099705815,0.000103283246,0.000097346546,0.000103678309,0.000103536670,0.000105120665,0.000106569226,0.000105432038,0.000105514382,0.000061107044,0.000058726886,0.000058436977,0.000067946328,0.000067403381,0.000067072820,0.000076170375,0.000074200071,0.000072151357,0.000048996305,0.000049310550,0.000049703516,0.000055026996,0.000055884203,0.000053004092,0.000059819008,0.000057002502,0.000060708044,0.000029531301,0.000029936251,0.000029868602,0.000033866691,0.000034598672,0.000034245784,0.000038709833,0.000036820502,0.000038803155
49,0.000138015948,0.000139245869,0.000138015948,0.000139860830,0.000139860830,0.000139860830,0.000139860830,0.000139860830,0.000139860830,0.000099804555,0.000103349260,0.000097829462,0.000103748333,0.000103738711,0.000105124661,0.000106569226,0.000105607266,0.000105514382,0.000061204983,0.000058789629,0.000058913851,0.000068274594,0.000067474844,0.000067142231,0.000076397111,0.000074386778,0.000072542674,0.000049307626,0.000049481759,0.000049755178,0.000055398833,0.000056005540,0.000053167688,0.000060035948,0.000057116812,0.000060854058,0.000029725508,0.000030681793,0.000029921791,0.000034174811,0.000034632932,0.000034458431,0.000038793618,0.000037254444,0.000038942049
50,0.000138015948,0.000139245869,0.000138015948,0.000139860830,0.000139860830,0.000139860830,0.000139860830,0.000139860830,0.000139860830,0.000099804555,0.000103450983,0.000098239043,0.000104525612,0.000103922459,0.000105342870,0.000106569226,0.000105614931,0.000105514382,0.000061861564,0.000058954354,0.000059186797,0.000068314403,0.000067491291,0.000067290206,0.000076871914,0.000074530422,0.000073649260,0.000049316754,0.000049878452,0.000049802911,0.000055454161,0.000056304380,0.000053648768,0.000060399373,0.000057488229,0.000061023140,0.000029829883,0.000030713719,0.000030125936,0.000034217422,0.000034846447,0.000034751962,0.000039111124,0.000037496640,0.000039239042
51,0.000138015948,0.000139245869,0.000138015948,0.000139860830,0.000139860830,0.000139860830,0.000139860830,0.000139860830,0.000139860830,0.000099817771,0.000103450983,0.000098239043,0.000104525612,0.000104066901,0.000105660611,0.000106569226,0.000105614931,0.000105514382,0.000061987693,0.000059296236,0.000059592874,0.000068610398,0.000067661865,0.000067475205,0.000076894568,0.000074717850,0.000074141364,0.000050308994,0.000050130199,0.000049967264,0.000055706678,0.000057122459,0.000053842738,0.000060690303,0.000057547088,0.000061269788,0.000030239838,0.000030867075,0.000030292687,0.000034477890,0.000035109841,0.000035163071,0.000039307428,0.000037595369,0.000039339566
52,0.000138015948,0.000139245869,0.000138015948,0.000139860830,0.000139860830,0.000139860830,0.000139860830,0.000139860830,0.000139860830,0.000099817771,0.000103454740,0.000098432378,0.000104710532,0.000104079868,0.000105969316,0.000106682506,0.000105614931,0.000105531479,0.000062004135,0.000059873309,0.000059602235,0.000069597540,0.000067735154,0.000068926091,0.000076894568,0.000074788333,0.000074171635,0.000050468749,0.000050272481,0.000050175312,0.000055860061,0.000057222374,0.000054234669,0.000061078434,0.000057892657,0.000061534611,0.000030280764,0.000030888567,0.000030451528,0.000034746812,0.000035513344,0.000035268316,0.000039455911,0.000037758746,0.000039455895
53,0.000138015948,0.000139245869,0.000138015948,0.000139860830,0.000139860830,0.000139860830,0.000139860830,0.000139860830,0.000139860830,0.000099817771,0.000103454740,0.000098432378,0.000104710532,0.000104083768,0.000105969316,0.000106682506,0.000105614931,0.000105531479,0.000062202563,0.000060001827,0.000059816172,0.000069681654,0.000067735154,0.000069179960,0.000077010068,0.000075005328,0.000074540471,0.000050925341,0.000050397859,0.000050220326,0.000056071389,0.000057638180,0.000054286025,0.000061231799,0.000058138781,0.000061541741,0.000030343909,0.000030956236,0.000030555729,0.000034969751,0.000035525314,0.000035474162,0.000039701438,0.000037940561,0.000039693961
54,0.000138015948,0.000139245869,0.000138015948,0.000139860830,0.000139860830,0.000139860830,0.000139860830,0.000139860830,0.000139860830,0.000099917943,0.000103454740,0.000098593525,0.000105117459,0.000104083768,0.000106017995,0.000106682506,0.000105614931,0.000105531479,0.000063098167,0.000060197939,0.000059878345,0.000069785014,0.000067759141,0.000069267234,0.000077059813,0.000075281830,0.000074922680,0.000050993480,0.000050408501,0.000050395826,0.000056280472,0.000057768508,0.000054734520,0.000061523734,0.000058444642,0.000061692627,0.000030731208,0.000031190151,0.000030587371,0.000035159286,0.000036003733,0.000035561476,0.000040197663,0.000038365988,0.000039792597
55,0.000138015948,0.000139245869,0.000138015948,0.000139860830,0.000139860830,0.000139860830,0.000139860830,0.000139860830,0.000139860830,0.000099925394,0.000103533744,0.000099420102,0.000105193223,0.000104083768,0.000106108874,0.000106682506,0.000105614931,0.000105531479,0.000063213913,0.000060346631,0.000059969899,0.000069807433,0.000067769890,0.000069351797,0.000077059813,0.000075765067,0.000074942593,0.000051891673,0.000050611638,0.000050574306,0.000056292247,0.000057875778,0.000054959040,0.000061686824,0.000058516045,0.000061754352,0.000030927740,0.000031225487,0.000030594167,0.000035297121,0.000036113350,0.000035901450,0.000040526354,0.000038602920,0.000040038550
56,0.000138015948,0.000139245869,0.000138015948,0.000139860830,0.000139860830,0.000139860830,0.000139860830,0.000139860830,0.000139860830,0.000099928074,0.000103533744,0.000099527247,0.000105193223,0.000104083768,0.000106205996,0.000106682506,0.000105614931,0.000105531479,0.000063632279,0.000060386488,0.000060057588,0.000069991189,0.000068192920,0.000069471029,0.000077333368,0.000075947025,0.000075225647,0.000052219392,0.000050755521,0.000051117587,0.000056589797,0.000057936815,0.000055195541,0.000061902988,0.000058706344,0.000061940522,0.000031069369,0.000031337280,0.000030594167,0.000035387337,0.000036145830,0.000036071091,0.000040772278,0.000038876503,0.000040222307
57,0.000138015948,0.000139245869,0.000138015948,0.000139860830,0.000139860830,0.000139860830,0.000139860830,0.000139860830,0.000139860830,0.000099928074,0.000103555944,0.000099926086,0.000105410762,0.000104083768,0.000106346021,0.000106711592,0.000105614931,0.000105531479,0.000063849105,0.000060462356,0.000060349239,0.000070695316,0.000068389626,0.000069828254,0.000077616004,0.000076010297,0.000075225647,0.000052399133,0.000050979209,0.000051261182,0.000056690713,0.000058042862,0.000055481863,0.000062287004,0.000058938759,0.000062270909,0.000031166463,0.000031733864,0.000030594167,0.000035491063,0.000036192397,0.000036331028,0.000041031053,0.000039020388,0.000040253814
58,0.000138015948,0.000139245869,0.000138015948,0.000139860830,0.000139860830,0.000139860830,0.000139860830,0.000139860830,0.000139860830,0.000100421801,0.000103555944,0.000099955994,0.000105752491,0.000104083768,0.000106424516,0.000106711592,0.000105614931,0.000105531479,0.000064050704,0.000060476074,0.000060358871,0.000070832563,0.000068600979,0.000070354082,0.000077829157,0.000076182398,0.000075488186,0.000052631597,0.000051062564,0.000051416272,0.000057052256,0.000058153737,0.000056001431,0.000062846224,0.000058949262,0.000062495612,0.000031166463,0.000031778714,0.000030961704,0.000035904931,0.000036357544,0.000036510761,0.000041066278,0.000039202328,0.000040360161
59,0.000138015948,0.000139245869,0.000138015948,0.000139860830,0.000139860830,0.000139860830,0.000139860830,0.000139860830,0.000139860830,0.000100421801,0.000103555944,0.000100024330,0.000105920677,0.000104083768,0.000106424516,0.000106733082,0.000105614931,0.000105531479,0.000064363883,0.000061054533,0.000060491500,0.000070929695,0.000068685466,0.000070704344,0.000077838406,0.000076284613,0.000075556433,0.000052783469,0.000051174789,0.000051619711,0.000057359133,0.000058378673,0.000056320176,0.000063031530,0.000059332539,0.000062607311,0.000031389406,0.000031819590,0.000030961704,0.000035929924,0.000036380864,0.000036753130,0.000041240881,0.000039342557,0.000040440857
60,0.000138015948,0.000139245869,0.000138015948,0.000139860830,0.000139860830,0.000139860830,0.000139860830,0.000139860830,0.000139860830,0.000100421801,0.000103697572,0.000100340702,0.000106171460,0.000104083768,0.000106424516,0.000106733082,0.000105614931,0.000105531479,0.000064479055,0.000061543105,0.000060522422,0.000071010923,0.000068764929,0.000070873031,0.000078038178,0.000076410292,0.000075593623,0.000052829300,0.000051174789,0.000051647464,0.000057399731,0.000058524575,0.000056507223,0.000063215751,0.000059743866,0.000062773978,0.000031909201,0.000031868381,0.000031023069,0.000036190901,0.000036380864,0.000037026111,0.000041467224,0.000039419259,0.000040647582
61,0.000138015948,0.000139245869,0.000138015948,0.000139860830,0.000139860830,0.000139860830,0.000139860830,0.000139860830,0.000139860830,0.000100445069,0.000103768511,0.000100565774,0.000106190576,0.000104083768,0.000106701585,0.000106733082,0.000105614931,0.000105531479,0.000064692803,0.000061772907,0.000060654510,0.000071117927,0.000068871698,0.000071082918,0.000078777507,0.000076554166,0.000075753986,0.000053196428,0.000051202776,0.000051777163,0.000057627605,0.000058643926,0.000056632888,0.000063359500,0.000059929445,0.000063365538,0.000032019794,0.000031996271,0.000031050134,0.000036283625,0.000036605418,0.000037394072,0.000041643030,0.000039671714,0.000040670767
62,0.000138015948,0.000139245869,0.000138015948,0.000139860830,0.000139860830,0.000139860830,0.000139860830,0.000139860830,0.000139860830,0.000100848989,0.000103768511,0.000100690861,0.000106190576,0.000104105278,0.000106701585,0.000106733082,0.000105614931,0.000105531479,0.000064823322,0.000061870053,0.000060659042,0.000071675209,0.000068878137,0.000071177846,0.000078987701,0.000076695854,0.000075858517,0.000053235107,0.000051353188,0.000051807000,0.000057936582,0.000058707013,0.000056798729,0.000063735620,0.000060217093,0.000063584139,0.000032091491,0.000032018102,0.000031121548,0.000036353939,0.000036837869,0.000037791118,0.000041999553,0.000039957573,0.000040817117
63,0.000138015948,0.000139245869,0.000138015948,0.000139860830,0.000139860830,0.000139860830,0.000139860830,0.000139860830,0.000139860830,0.000100848989,0.000103768511,0.000101048610,0.000106398837,0.000104395302,0.000106701585,0.000106733082,0.000105614931,0.000105531479,0.000064922264,0.000062336375,0.000060953752,0.000071804714,0.000068880893,0.000071188507,0.000079239671,0.000076926485,0.000075874269,0.000053606001,0.000051356187,0.000051807000,0.000058048719,0.000058707013,0.000056833374,0.000063835313,0.000060451464,0.000063862925,0.000032137058,0.000032212000,0.000031125944,0.000036438472,0.000037093403,0.000038077927,0.000042117426,0.000040178627,0.000040839721
64,0.000138015948,0.000139245869,0.000138015948,0.000139860830,0.000139860830,0.000139860830,0.000139860830,0.000139860830,0.000139860830,0.000100909547,0.000103768511,0.000101048610,0.000106555795,0.000104416236,0.000106723075,0.000106733082,0.000105614931,0.000105591776,0.000065256744,0.000062336375,0.000061092403,0.000071813301,0.000069421584,0.000071404477,0.000079513278,0.000076974615,0.000075970182,0.000053738245,0.000051698691,0.000051921682,0.000058083765,0.000058853832,0.000056948134,0.000063929624,0.000060775797,0.000064158908,0.000032353968,0.000032221820,0.000031192274,0.000036659076,0.000037228023,0.000038153353,0.000042188730,0.000040443677,0.000040995532
65,0.000138015948,0.000139245869,0.000138015948,0.000139860830,0.000139860830,0.000139860830,0.000139860830,0.000139860830,0.000139860830,0.000101066221,0.000103768511,0.000101367761,0.000106555795,0.000104416236,0.000106723075,0.000106799762,0.000105614931,0.000105591776,0.000065326186,0.000062533721,0.000061472137,0.000071854895,0.000069752481,0.000071514672,0.000079635528,0.000077042719,0.000076166968,0.000053898121,0.000051974183,0.000052070144,0.000058199125,0.000059135885,0.000057086376,0.000064210913,0.000061204969,0.000064535257,0.000032475661,0.000032273882,0.000031201633,0.000036668476,0.000037370631,0.000038338190,0.000042723470,0.000040610524,0.000041098712
66,0.000138015948,0.000139245869,0.000138015948,0.000139860830,0.000139860830,0.000139860830,0.000139860830,0.000139860830,0.000139860830,0.000101066221,0.000103847191,0.000101367761,0.000106686809,0.000104457723,0.000106752359,0.000106799762,0.000105614931,0.000105591776,0.000065568778,0.000062616374,0.000061710897,0.000071890589,0.000070180228,0.000071518142,0.000079708072,0.000077166716,0.000076268961,0.000054035033,0.000052123012,0.000052287115,0.000058378293,0.000059277284,0.000057240278,0.000064474192,0.000061655243,0.000064559701,0.000032624647,0.000032299377,0.000031253656,0.000036906625,0.000037488146,0.000038524534,0.000042994236,0.000040749347,0.000041400858
67,0.000138015948,0.000139245869,0.000138015948,0.000139860830,0.000139860830,0.000139860830,0.000139860830,0.000139860830,0.000139860830,0.000101232785,0.000103847191,0.000101367761,0.000106686809,0.000104457723,0.000106886251,0.000106799762,0.000105614931,0.000105607338,0.000065752610,0.000062651509,0.000061961203,0.000072036424,0.000070282116,0.000071518142,0.000079869294,0.000077166716,0.000076351739,0.000054280678,0.000052385750,0.000052361831,0.000058688861,0.000059632695,0.000057317264,0.000064497458,0.000061994348,0.000064957645,0.000032882805,0.000032416584,0.000031400839,0.000037425901,0.000037609910,0.000038767001,0.000043124263,0.000040910997,0.000041622110
68,0.000138015948,0.000139245869,0.000138015948,0.000139860830,0.000139860830,0.000139860830,0.000139860830,0.000139860830,0.000139860830,0.000101250550,0.000103847191,0.000101367761,0.000106686809,0.000104559834,0.000106886251,0.000106982768,0.000105614931,0.000105607338,0.000066099324,0.000062658464,0.000061998575,0.000072049544,0.000070338163,0.000071519518,0.000080234078,0.000077214023,0.000076506132,0.000054732715,0.000052385750,0.000052409425,0.000058887953,0.000059765728,0.000057466272,0.000064820530,0.000062209031,0.000065118307,0.000033359108,0.000032416584,0.000031635058,0.000037425901,0.000037678603,0.000038882730,0.000043250525,0.000041137259,0.000041990683
69,0.000138344426,0.000139245869,0.000138015948,0.000139860830,0.000139860830,0.000139860830,0.000139860830,0.000139860830,0.000139860830,0.000101250550,0.000103847191,0.000101367761,0.000106686809,0.000104559834,0.000106961940,0.000107048609,0.000105614931,0.000105740712,0.000066222554,0.000062746114,0.000062155103,0.000072096895,0.000070555156,0.000071782210,0.000080347394,0.000077259691,0.000076575884,0.000054851738,0.000052416910,0.000052883497,0.000059086196,0.000059825415,0.000057531458,0.000065033626,0.000062532107,0.000065262548,0.000033561028,0.000032498675,0.000031834731,0.000037460060,0.000037750093,0.000038964466,0.000043321782,0.000041310395,0.000042126663
70,0.000138630909,0.000139245869,0.000138015948,0.000139860830,0.000139860830,0.000139860830,0.000139860830,0.000139860830,0.000139860830,0.000101843788,0.000103969417,0.000101408139,0.000106686809,0.000104559834,0.000106961940,0.000107048609,0.000105614931,0.000106192460,0.000066299996,0.000063443448,0.000062155103,0.000072098986,0.000070555156,0.000071792828,0.000080364637,0.000077314315,0.000076601129,0.000055306542,0.000052514687,0.000053049360,0.000059377453,0.000059960994,0.000057568672,0.000065201859,0.000062969536,0.000065532905,0.000033846365,0.000032591727,0.000031971091,0.000037583902,0.000037904566,0.000039187405,0.000043439284,0.000041611237,0.000042201967
71,0.000138630909,0.000139245869,0.000138015948,0.000139860830,0.000139860830,0.000139860830,0.000139860830,0.000139860830,0.000139860830,0.000101952398,0.000104191579,0.000101408139,0.000106776945,0.000104559834,0.000106961940,0.000107048609,0.000105614931,0.000106192460,0.000066600505,0.000064139643,0.000062435054,0.000072162306,0.000070763952,0.000072150024,0.000080617599,0.000077427460,0.000076723408,0.000055469782,0.000052632875,0.000053129211,0.000059799290,0.000060122661,0.000057762554,0.000065208361,0.000063369545,0.000065945154,0.000033910357,0.000032869988,0.000031992957,0.000037630216,0.000037975831,0.000039246118,0.000043593611,0.000041696023,0.000042550920
72,0.000138630909,0.000139245869,0.000138015948,0.000139860830,0.000139860830,0.000139860830,0.000139860830,0.000139860830,0.000139860830,0.000101952398,0.000104191579,0.000101408139,0.000106776945,0.000104559834,0.000106961940,0.000107048609,0.000105614931,0.000106192460,0.000067050333,0.000064387334,0.000062687747,0.000072226777,0.000070763952,0.000072270337,0.000081331852,0.000077573263,0.000076766610,0.000055555490,0.000052785479,0.000053336863,0.000060066087,0.000060391276,0.000058691760,0.000065477767,0.000063816320,0.000066193881,0.000034196702,0.000032996058,0.000032099067,0.000038057390,0.000038276489,0.000039341163,0.000043790195,0.000041778370,0.000042635891
73,0.000138630909,0.000139245869,0.000138015948,0.000139860830,0.000139860830,0.000139860830,0.000139860830,0.000139860830,0.000139860830,0.000101976767,0.000104191579,0.000101408139,0.000106776945,0.000104559834,0.000106974568,0.000107048609,0.000105614931,0.000106192460,0.000067386735,0.000064559165,0.000062781439,0.000072291836,0.000070773619,0.000072357069,0.000081455393,0.000077593082,0.000076923163,0.000055939704,0.000052926410,0.000053388804,0.000060303981,0.000060898449,0.000058752390,0.000065830277,0.000063992884,0.000066273619,0.000034208503,0.000033081554,0.000032100679,0.000038234195,0.000038338604,0.000039549378,0.000043871243,0.000041817668,0.000042974373
74,0.000138630909,0.000139245869,0.000138630909,0.000139860830,0.000139860830,0.000139860830,0.000139860830,0.000139860830,0.000139860830,0.000102013618,0.000104191579,0.000101408139,0.000106776945,0.000104576964,0.000106974568,0.000107048609,0.000105614931,0.000106192460,0.000067572079,0.000064964779,0.000063189359,0.000072487290,0.000071008898,0.000072464672,0.000081503491,0.000077630791,0.000076964654,0.000056166627,0.000052984632,0.000053388804,0.000060509134,0.000061345205,0.000058841150,0.000066039406,0.000064649238,0.000066276639,0.000034287575,0.000033183597,0.000032135829,0.000038543307,0.000038512384,0.000039615098,0.000044570081,0.000041862641,0.000043106985
75,0.000138630909,0.000139245869,0.000138630909,0.000139860830,0.000139860830,0.000139860830,0.000139860830,0.000139860830,0.000139860830,0.000102013618,0.000104191579,0.000101408139,0.000106776945,0.000104709656,0.000106974568,0.000107048609,0.000105614931,0.000106192460,0.000067608540,0.000065075465,0.000063231362,0.000072487290,0.000071123483,0.000072649498,0.000081519589,0.000077804586,0.000077054521,0.000056376499,0.000053156850,0.000053473058,0.000060632226,0.000061373039,0.000059190196,0.000066101949,0.000065342188,0.000066593933,0.000034510489,0.000033183597,0.000032219122,0.000038679562,0.000038585994,0.000039719523,0.000044822247,0.000042031425,0.000043157841
76,0.000138630909,0.000139245869,0.000138630909,0.000139860830,0.000139860830,0.000139860830,0.000139860830,0.000139860830,0.000139860830,0.000102062516,0.000104273476,0.000101408139,0.000106776945,0.000104864286,0.000106974568,0.000107048609,0.000105614931,0.000106192460,0.000067612433,0.000065164463,0.000063400836,0.000072651307,0.000071281244,0.000072653074,0.000081779272,0.000077861643,0.000077077406,0.000056530943,0.000053387389,0.000053473058,0.000060929102,0.000061878091,0.000059317063,0.000066190796,0.000065344597,0.000067097837,0.000034669229,0.000033186387,0.000032622724,0.000038953742,0.000038697767,0.000039726159,0.000045340889,0.000042235514,0.000043248267
77,0.000138630909,0.000139245869,0.000138630909,0.000139860830,0.000139860830,0.000139860830,0.000139860830,0.000139860830,0.000139860830,0.000102067378,0.000104294967,0.000101408139,0.000106776945,0.000104864286,0.000106974568,0.000107048609,0.000105614931,0.000106192460,0.000067619471,0.000065640596,0.000063726601,0.000073126053,0.000071733376,0.000072795622,0.000081988225,0.000077892412,0.000077124197,0.000056688641,0.000053440305,0.000053553093,0.000061148064,0.000062120042,0.000059463892,0.000066211746,0.000065447776,0.000067324320,0.000034758918,0.000033207076,0.000032673519,0.000039002778,0.000038870049,0.000039781045,0.000045396663,0.000042515086,0.000043530591
78,0.000138630909,0.000139245869,0.000138630909,0.000139860830,0.000139860830,0.000139860830,0.000139860830,0.000139860830,0.000139860830,0.000102072108,0.000104294967,0.000101408139,0.000106776945,0.000104864286,0.000106974568,0.000107048609,0.000105614931,0.000106192460,0.000068059098,0.000065640596,0.000064099925,0.000073261331,0.000071789264,0.000072861515,0.000082274171,0.000078081852,0.000077124197,0.000056772775,0.000053909802,0.000053718941,0.000061276039,0.000062513710,0.000059551521,0.000066299005,0.000065546388,0.000067434737,0.000034993186,0.000033237498,0.000033012675,0.000039190093,0.000038947690,0.000039847618,0.000045494650,0.000042658310,0.000043615901
79,0.000138630909,0.000139245869,0.000138630909,0.000139860830,0.000139860830,0.000139860830,0.000139860830,0.000139860830,0.000139860830,0.000102072108,0.000104486316,0.000101408139,0.000106776945,0.000104864286,0.000107024088,0.000107048609,0.000105614931,0.000106192460,0.000068265477,0.000065664733,0.000064269671,0.000073483115,0.000071903939,0.000072861515,0.000082307931,0.000078195329,0.000077140520,0.000056885433,0.000054081789,0.000053735013,0.000061556543,0.000063008802,0.000059737301,0.000066302261,0.000065896249,0.000067774513,0.000035197514,0.000033317791,0.000033186952,0.000039373871,0.000039137641,0.000039850653,0.000045508517,0.000042821471,0.000044151041
80,0.000138630909,0.000139245869,0.000138630909,0.000139860830,0.000139860830,0.000139860830,0.000139860830,0.000139860830,0.000139860830,0.000102128020,0.000104486316,0.000101408139,0.000106776945,0.000104864286,0.000107024088,0.000107048609,0.000105942685,0.000106192460,0.000068489176,0.000065771767,0.000064307190,0.000073484480,0.000071939225,0.000072926906,0.000082427136,0.000078195329,0.000077198174,0.000056893687,0.000054200393,0.000053922350,0.000061728733,0.000063282994,0.000059811434,0.000066505446,0.000066117477,0.000068084072,0.000035285397,0.000033435188,0.000033361647,0.000039543930,0.000039472412,0.000040029413,0.000045668574,0.000042904795,0.000044235180
81,0.000138630909,0.000139245869,0.000138630909,0.000139860830,0.000139860830,0.000139860830,0.000139860830,0.000139860830,0.000139860830,0.000102128020,0.000104486316,0.000101606348,0.000106776945,0.000104864286,0.000107024088,0.000107048609,0.000105942685,0.000106192460,0.000068593368,0.000065871256,0.000064377906,0.000073559432,0.000072010920,0.000073084262,0.000082486376,0.000078337769,0.000077198174,0.000056947063,0.000054564882,0.000053971189,0.000061933584,0.000063351748,0.000060123150,0.000066531165,0.000066291789,0.000068137655,0.000035832853,0.000033480359,0.000033570885,0.000039685287,0.000039611603,0.000040125576,0.000046173943,0.000043293510,0.000044410837
82,0.000138630909,0.000139245869,0.000138630909,0.000139860830,0.000139860830,0.000139860830,0.000139860830,0.000139860830,0.000139860830,0.000102128020,0.000104700259,0.000101635736,0.000106776945,0.000104864286,0.000107024088,0.000107048609,0.000106121397,0.000106596526,0.000068595542,0.000065946789,0.000064531699,0.000073729714,0.000072010920,0.000073185425,0.000082866083,0.000078337769,0.000077225966,0.000057025500,0.000054571722,0.000053975940,0.000062132895,0.000063390283,0.000060359443,0.000066682674,0.000067383264,0.000068143960,0.000035891614,0.000033574930,0.000033615690,0.000039901355,0.000039877615,0.000040180884,0.000046205299,0.000043496495,0.000044495897
83,0.000138630909,0.000139245869,0.000138630909,0.000139860830,0.000139860830,0.000139860830,0.000139860830,0.000139860830,0.000139860830,0.000102128020,0.000104700259,0.000101714064,0.000106776945,0.000104864286,0.000107024088,0.000107048609,0.000106145081,0.000106596526,0.000068915876,0.000066095438,0.000064566180,0.000073739825,0.000072063239,0.000073372421,0.000083333519,0.000078364712,0.000077225966,0.000057234374,0.000054596745,0.000054013225,0.000062441532,0.000063390283,0.000060497902,0.000066706568,0.000068177422,0.000068253464,0.000035946767,0.000033723290,0.000033751081,0.000040069002,0.000039935613,0.000040224465,0.000046328416,0.000043632963,0.000044671834
84,0.000138630909,0.000139245869,0.000138630909,0.000139860830,0.000139860830,0.000139860830,0.000139860830,0.000139860830,0.000139860830,0.000102128020,0.000104700259,0.000101714064,0.000106776945,0.000104864286,0.000107024088,0.000107048609,0.000106229580,0.000106698954,0.000068919652,0.000066175275,0.000064898637,0.000073864253,0.000072271888,0.000073400619,0.000083395770,0.000078397122,0.000077261185,0.000057314953,0.000054845803,0.000054035599,0.000062758926,0.000063405202,0.000060619895,0.000067025843,0.000068445994,0.000068353966,0.000036097156,0.000033774701,0.000033819823,0.000040193859,0.000040003505,0.000040441833,0.000046485449,0.000043721301,0.000044736817
85,0.000138630909,0.000139245869,0.000138630909,0.000139860830,0.000139860830,0.000139860830,0.000139860830,0.000139860830,0.000139860830,0.000102128020,0.000104700259,0.000101714064,0.000106776945,0.000104864286,0.000107064116,0.000107048609,0.000106445166,0.000106698954,0.000069083386,0.000066220748,0.000065081753,0.000073940283,0.000072271888,0.000073621673,0.000083746869,0.000078397122,0.000077261185,0.000057463972,0.000054903267,0.000054064760,0.000062989750,0.000063730652,0.000060953610,0.000067168942,0.000068702667,0.000068457137,0.000036296781,0.000033835935,0.000033974469,0.000040322892,0.000040081299,0.000040571122,0.000046529438,0.000043964746,0.000044829299
86,0.000138630909,0.000139245869,0.000138630909,0.000139860830,0.000139860830,0.000139860830,0.000139860830,0.000139860830,0.000139860830,0.000102128020,0.000104826850,0.000101714064,0.000106776945,0.000104864286,0.000107064116,0.000107048609,0.000106445166,0.000106698954,0.000069187780,0.000066276547,0.000065653715,0.000073947964,0.000072277253,0.000073621673,0.000083908296,0.000078530998,0.000077463922,0.000057820727,0.000055638885,0.000054158180,0.000063268405,0.000064154400,0.000061154020,0.000067640410,0.000068866457,0.000068491284,0.000036408738,0.000033884707,0.000034006042,0.000040601680,0.000040271745,0.000040709927,0.000046689897,0.000044031889,0.000044861340
87,0.000138630909,0.000139245869,0.000138630909,0.000139860830,0.000139860830,0.000139860830,0.000139860830,0.000139860830,0.000139860830,0.000102207024,0.000104826850,0.000101714064,0.000106776945,0.000104864286,0.000107064116,0.000107048609,0.000106445166,0.000106698954,0.000069314252,0.000066276547,0.000065732294,0.000074119627,0.000072317709,0.000074119437,0.000084258020,0.000078610122,0.000077554663,0.000057921426,0.000055827808,0.000054317263,0.000063550174,0.000064341303,0.000061201645,0.000067733944,0.000069072047,0.000068702259,0.000036528185,0.000033950430,0.000034685832,0.000040712333,0.000040533729,0.000041201947,0.000046810802,0.000044089244,0.000045289200
88,0.000138630909,0.000139245869,0.000138630909,0.000139860830,0.000139860830,0.000139860830,0.000139860830,0.000139860830,0.000139860830,0.000102207024,0.000104826850,0.000101714064,0.000106776945,0.000104864286,0.000107064116,0.000107048609,0.000106445166,0.000106698954,0.000069609678,0.000066368894,0.000065878305,0.000074121281,0.000072382881,0.000074664933,0.000084368663,0.000078641870,0.000077554663,0.000057968632,0.000056017350,0.000054621086,0.000063646533,0.000064371995,0.000061519667,0.000067860716,0.000069672711,0.000068747177,0.000036645741,0.000033976945,0.000034746547,0.000040767390,0.000040664840,0.000041271374,0.000046887248,0.000044202108,0.000045360716
89,0.000138630909,0.000139245869,0.000138630909,0.000139860830,0.000139860830,0.000139860830,0.000139860830,0.000139860830,0.000139860830,0.000102207024,0.000104826850,0.000101714064,0.000106776945,0.000104864286,0.000107073138,0.000107048609,0.000106618462,0.000106698954,0.000069878507,0.000066371960,0.000065981987,0.000074140879,0.000072382881,0.000075009194,0.000084584228,0.000078932103,0.000077554663,0.000058018308,0.000056143366,0.000054621086,0.000063671182,0.000064603171,0.000061610749,0.000067864901,0.000069782717,0.000068914022,0.000036915199,0.000033976945,0.000034876063,0.000040926052,0.000040741379,0.000041332991,0.000047244035,0.000044471986,0.000045465815
90,0.000138630909,0.000139245869,0.000138630909,0.000139860830,0.000139860830,0.000139860830,0.000139860830,0.000139860830,0.000139860830,0.000102207024,0.000104980430,0.000101714064,0.000106776945,0.000104864286,0.000107073138,0.000107048609,0.000106813704,0.000106698954,0.000069880188,0.000066371960,0.000066163421,0.000074162268,0.000072382881,0.000075174417,0.000084695793,0.000078969122,0.000077554663,0.000058033612,0.000056215622,0.000054896648,0.000064361607,0.000064935676,0.000061642762,0.000068217893,0.000070234053,0.000068923746,0.000036972379,0.000034050081,0.000034982882,0.000041068016,0.000040847598,0.000041504541,0.000047669846,0.000044603329,0.000045578437
91,0.000138630909,0.000139245869,0.000138630909,0.000139860830,0.000139860830,0.000139860830,0.000139860830,0.000139860830,0.000139860830,0.000102207024,0.000104980430,0.000101714064,0.000106776945,0.000104864286,0.000107073138,0.000107048609,0.000106915427,0.000106698954,0.000069886205,0.000066444114,0.000066270126,0.000074175025,0.000072382881,0.000075273887,0.000084695793,0.000078969122,0.000077554663,0.000058228414,0.000056300965,0.000054905753,0.000064470997,0.000065084008,0.000061682389,0.000068254852,0.000070303810,0.000069055640,0.000037274529,0.000034053800,0.000035062375,0.000041250551,0.000041016497,0.000041541855,0.000047761870,0.000044685056,0.000045875472
92,0.000138630909,0.000139245869,0.000138630909,0.000139860830,0.000139860830,0.000139860830,0.000139860830,0.000139860830,0.000139860830,0.000102207024,0.000104980430,0.000101748489,0.000106776945,0.000104864286,0.000107113298,0.000107048609,0.000106915427,0.000106698954,0.000069986611,0.000066598373,0.000066270126,0.000074261060,0.000072404308,0.000075387442,0.000084695793,0.000078969122,0.000077607537,0.000058341987,0.000056647135,0.000054981524,0.000064733699,0.000065120154,0.000061986320,0.000068357960,0.000070417361,0.000069076515,0.000037372206,0.000034113568,0.000035067821,0.000041295215,0.000041360873,0.000041763983,0.000047942485,0.000044725717,0.000045938695
93,0.000138630909,0.000139245869,0.000138630909,0.000139860830,0.000139860830,0.000139860830,0.000139860830,0.000139860830,0.000139860830,0.000102207024,0.000104986876,0.000101748489,0.000106776945,0.000104864286,0.000107113298,0.000107048609,0.000106915427,0.000106698954,0.000070014710,0.000066598373,0.000066270126,0.000074431555,0.000072447003,0.000075645472,0.000084924362,0.000079247907,0.000077681335,0.000058396716,0.000056735855,0.000054981524,0.000065008046,0.000065625873,0.000062124723,0.000068486882,0.000070535979,0.000069674973,0.000037835064,0.000034158686,0.000035080634,0.000041443726,0.000041548653,0.000041812154,0.000048517876,0.000044730270,0.000046003616
94,0.000138630909,0.000139245869,0.000138630909,0.000139860830,0.000139860830,0.000139860830,0.000139860830,0.000139860830,0.000139860830,0.000102207024,0.000105002145,0.000101748489,0.000106776945,0.000104864286,0.000107113298,0.000107048609,0.000106915427,0.000106698954,0.000070077783,0.000066662048,0.000066284303,0.000074507631,0.000072447003,0.000076027852,0.000084924362,0.000079408594,0.000077681335,0.000058428860,0.000056804742,0.000055024071,0.000065561852,0.000065670451,0.000062320041,0.000068486882,0.000070760679,0.000069745828,0.000038012248,0.000034160081,0.000035203839,0.000041702925,0.000041576948,0.000041897522,0.000048930558,0.000044824476,0.000046137340
95,0.000138630909,0.000139245869,0.000138630909,0.000139860830,0.000139860830,0.000139860830,0.000139860830,0.000139860830,0.000139860830,0.000102207024,0.000105127461,0.000101748489,0.000106776945,0.000104864286,0.000107145444,0.000107048609,0.000106915427,0.000106698954,0.000070245890,0.000067055611,0.000066284303,0.000074627882,0.000072447003,0.000076084939,0.000084935532,0.000079613148,0.000077786232,0.000058796901,0.000057043431,0.000055051800,0.000065795831,0.000065947002,0.000062503254,0.000068557277,0.000070831954,0.000070003329,0.000038354972,0.000034249959,0.000035245040,0.000041862106,0.000041659344,0.000042089693,0.000049246852,0.000044974856,0.000046164671
96,0.000138630909,0.000139245869,0.000138630909,0.000139860830,0.000139860830,0.000139860830,0.000139860830,0.000139860830,0.000139860830,0.000102207024,0.000105127461,0.000101748489,0.000106776945,0.000104864286,0.000107150174,0.000107048609,0.000106915427,0.000106698954,0.000070322832,0.000067221882,0.000066452251,0.000074627882,0.000072743573,0.000076084939,0.000084935532,0.000079895011,0.000077790857,0.000058800756,0.000057078874,0.000055051800,0.000065907790,0.000066432064,0.000062766470,0.000068557277,0.000070983358,0.000070180173,0.000038481536,0.000034490181,0.000035643360,0.000041924864,0.000041685555,0.000042232063,0.000049593759,0.000045163337,0.000046289347
97,0.000138630909,0.000139245869,0.000138630909,0.000139860830,0.000139860830,0.000139860830,0.000139860830,0.000139860830,0.000139860830,0.000102207024,0.000105127461,0.000101748489,0.000106776945,0.000104864286,0.000107150174,0.000107048609,0.000106915427,0.000106698954,0.000070709853,0.000067248447,0.000067386962,0.000074627882,0.000072758118,0.000076086358,0.000084942070,0.000079938121,0.000077790857,0.000058909302,0.000058048897,0.000055383827,0.000066178464,0.000066720183,0.000063197734,0.000068580128,0.000071036585,0.000070236159,0.000038857550,0.000034570210,0.000035650893,0.000042142307,0.000041754516,0.000042445997,0.000049779890,0.000045344672,0.000046437366
98,0.000138630909,0.000139245869,0.000138630909,0.000139860830,0.000139860830,0.000139860830,0.000139860830,0.000139860830,0.000139860830,0.000102207024,0.000105127461,0.000101748489,0.000106776945,0.000104864286,0.000107150174,0.000107048609,0.000106915427,0.000106698954,0.000071030047,0.000067686367,0.000067549418,0.000074627882,0.000072893572,0.000076443062,0.000084942070,0.000080034978,0.000077906896,0.000059006674,0.000058095892,0.000055383827,0.000066244946,0.000066823045,0.000063495576,0.000068703394,0.000071257209,0.000070721571,0.000039087009,0.000034681496,0.000035950691,0.000042407824,0.000042026222,0.000042594771,0.000050026296,0.000045526865,0.000046484406
99,0.000138630909,0.000139245869,0.000138630909,0.000139860830,0.000139860830,0.000139860830,0.000139860830,0.000139860830,0.000139860830,0.000102207024,0.000105197235,0.000101748489,0.000106776945,0.000104864286,0.000107150174,0.000107048609,0.000106915427,0.000106698954,0.000071143358,0.000067840112,0.000067553614,0.000074627882,0.000073241269,0.000076835483,0.000084942070,0.000080243149,0.000078101415,0.000059120241,0.000058099830,0.000055409316,0.000066259193,0.000067242675,0.000063522124,0.000068773530,0.000071311758,0.000070740868,0.000039345181,0.000034699149,0.000036012953,0.000042466226,0.000042303401,0.000042766370,0.000050137085,0.000045597340,0.000046548351
100,0.000138630909,0.000139245869,0.000138630909,0.000139860830,0.000139860830,0.000139860830,0.000139860830,0.000139860830,0.000139860830,0.000102207024,0.000105226321,0.000101748489,0.000106776945,0.000104864286,0.000107150174,0.000107048609,0.000106915427,0.000106698954,0.000071427520,0.000067912222,0.000067642722,0.000074957914,0.000073316959,0.000077040850,0.000084968697,0.000080356926,0.000078101415,0.000059236298,0.000058102096,0.000055412662,0.000066324991,0.000067472286,0.000063522124,0.000068795997,0.000071325326,0.000071201619,0.000039357543,0.000035297765,0.000036161192,0.000042699406,0.000042422089,0.000042792808,0.000050252513,0.000045773705,0.000046742349
101,0.000138630909,0.000139245869,0.000138630909,0.000139860830,0.000139860830,0.000139860830,0.000139860830,0.000139860830,0.000139860830,0.000102207024,0.000105226321,0.000101748489,0.000106776945,0.000104864286,0.000107150174,0.000107048609,0.000106915427,0.000106698954,0.000071641297,0.000068026158,0.000067695903,0.000075122706,0.000073506061,0.000077054559,0.000084968697,0.000080356926,0.000078101415,0.000059443567,0.000058655399,0.000055721722,0.000066440867,0.000067569929,0.000063840206,0.000069108675,0.000071344428,0.000071595237,0.000039471385,0.000035297765,0.000036345720,0.000042799485,0.000042521397,0.000042848285,0.000050617002,0.000045874712,0.000046822695
102,0.000138630909,0.000139245869,0.000138630909,0.000139860830,0.000139860830,0.000139860830,0.000139860830,0.000139860830,0.000139860830,0.000102207024,0.000105226321,0.000101789064,0.000106776945,0.000104864286,0.000107150174,0.000107048609,0.000106915427,0.000106698954,0.000071827838,0.000068055512,0.000067885347,0.000075190847,0.000073639337,0.000077153040,0.000084968697,0.000080371848,0.000078101415,0.000059443567,0.000058764229,0.000055779742,0.000066500522,0.000067645359,0.000064100200,0.000069127425,0.000071452430,0.000071672031,0.000039526184,0.000035358300,0.000036400989,0.000043004656,0.000042590037,0.000042878418,0.000050646112,0.000045881537,0.000046825812
103,0.000138630909,0.000139245869,0.000138630909,0.000139860830,0.000139860830,0.000139860830,0.000139860830,0.000139860830,0.000139860830,0.000102207024,0.000105226321,0.000101789064,0.000106776945,0.000104864286,0.000107159941,0.000107048609,0.000106915427,0.000106698954,0.000071954706,0.000068121305,0.000068105326,0.000075190847,0.000073653026,0.000077198614,0.000084968697,0.000080448743,0.000078101415,0.000059760830,0.000058878402,0.000055779742,0.000066602600,0.000067893687,0.000064193245,0.000069151290,0.000071508269,0.000071929176,0.000039576709,0.000035359529,0.000036817509,0.000043210940,0.000042657712,0.000042899826,0.000050820484,0.000046068448,0.000047048473
104,0.000138630909,0.000139245869,0.000138630909,0.000139860830,0.000139860830,0.000139860830,0.000139860830,0.000139860830,0.000139860830,0.000102207024,0.000105226321,0.000101888918,0.000106776945,0.000104864286,0.000107159941,0.000107048609,0.000106915427,0.000106698954,0.000072129515,0.000068769677,0.000068105326,0.000075261168,0.000073653026,0.000077273560,0.000085073585,0.000080448743,0.000078101415,0.000059787613,0.000059028474,0.000056001719,0.000066707738,0.000068398458,0.000064198875,0.000069226532,0.000071522733,0.000072186464,0.000039654544,0.000035359529,0.000036850475,0.000043249440,0.000042719743,0.000042992396,0.000050878437,0.000046186795,0.000047095361
105,0.000138630909,0.000139245869,0.000138630909,0.000139860830,0.000139860830,0.000139860830,0.000139860830,0.000139860830,0.000139860830,0.000102207024,0.000105226321,0.000101888918,0.000106776945,0.000104864286,0.000107159941,0.000107048609,0.000106915427,0.000106698954,0.000072129515,0.000068780085,0.000068353919,0.000075338943,0.000073653026,0.000077585414,0.000085073585,0.000080698302,0.000078143445,0.000059901775,0.000059057381,0.000056092959,0.000067115597,0.000068468529,0.000064371889,0.000069288465,0.000071655773,0.000072345631,0.000039737376,0.000035382442,0.000036860231,0.000043371177,0.000042875929,0.000043256559,0.000050914075,0.000046335848,0.000047148817
106,0.000138630909,0.000139245869,0.000138630909,0.000139860830,0.000139860830,0.000139860830,0.000139860830,0.000139860830,0.000139860830,0.000102207024,0.000105226321,0.000101888918,0.000106776945,0.000104954253,0.000107159941,0.000107048609,0.000106915427,0.000106698954,0.000072268489,0.000068880167,0.000069094583,0.000075338943,0.000073653026,0.000077585414,0.000085073585,0.000080961408,0.000078227872,0.000059976580,0.000059083103,0.000056114220,0.000067135769,0.000068576664,0.000064545204,0.000069939043,0.000071670445,0.000072443299,0.000039929340,0.000035401588,0.000036860231,0.000043720262,0.000042973936,0.000043394284,0.000051265468,0.000046559494,0.000047198143
107,0.000138630909,0.000139245869,0.000138630909,0.000139860830,0.000139860830,0.000139860830,0.000139860830,0.000139860830,0.000139860830,0.000102207024,0.000105226321,0.000101927033,0.000106776945,0.000104954253,0.000107159941,0.000107048609,0.000106915427,0.000106698954,0.000072290020,0.000068978368,0.000069239861,0.000075474533,0.000073653026,0.000077711248,0.000085073585,0.000080961408,0.000078227872,0.000060335216,0.000059197763,0.000056114220,0.000067337787,0.000068634230,0.000064713335,0.000070059254,0.000071697810,0.000072637339,0.000040113859,0.000035401588,0.000036947028,0.000043727798,0.000043064592,0.000043587004,0.000051363245,0.000046648076,0.000047288782
108,0.000138630909,0.000139245869,0.000138630909,0.000139860830,0.000139860830,0.000139860830,0.000139860830,0.000139860830,0.000139860830,0.000102207024,0.000105226321,0.000101927033,0.000106776945,0.000104954253,0.000107159941,0.000107048609,0.000106915427,0.000106698954,0.000072291044,0.000069063385,0.000069239861,0.000075695063,0.000073703267,0.000077884325,0.000085073585,0.000081075203,0.000078279765,0.000060469496,0.000059317677,0.000056183429,0.000067549010,0.000068970241,0.000064750133,0.000070205512,0.000071878509,0.000072925042,0.000040308615,0.000035567340,0.000036947028,0.000044102570,0.000043177323,0.000043600671,0.000051475397,0.000046680601,0.000047376326
109,0.000138630909,0.000139245869,0.000138630909,0.000139860830,0.000139860830,0.000139860830,0.000139860830,0.000139860830,0.000139860830,0.000102207024,0.000105247811,0.000101927033,0.000106776945,0.000104954253,0.000107159941,0.000107048609,0.000106915427,0.000106698954,0.000072371458,0.000069157648,0.000069511670,0.000075718524,0.000073703267,0.000077986325,0.000085073585,0.000081075203,0.000078279765,0.000060469496,0.000059585205,0.000056491495,0.000067620265,0.000068986159,0.000064944473,0.000070268624,0.000071891398,0.000072976310,0.000040349370,0.000035638833,0.000037171872,0.000044581608,0.000043283872,0.000043744536,0.000051711184,0.000046819761,0.000047502530
110,0.000138630909,0.000139245869,0.000138630909,0.000139860830,0.000139860830,0.000139860830,0.000139860830,0.000139860830,0.000139860830,0.000102207024,0.000105247811,0.000101927033,0.000106776945,0.000104954253,0.000107159941,0.000107048609,0.000106915427,0.000106698954,0.000072411592,0.000069157648,0.000069913783,0.000075785441,0.000073718429,0.000078003627,0.000085073585,0.000081091719,0.000078279765,0.000060811226,0.000059621027,0.000056685381,0.000067620265,0.000069011388,0.000064990739,0.000070268624,0.000071973904,0.000073070366,0.000040605886,0.000035696079,0.000037201087,0.000044818041,0.000043336213,0.000043744536,0.000051898158,0.000046847805,0.000047614831
111,0.000138630909,0.000139245869,0.000138630909,0.000139860830,0.000139860830,0.000139860830,0.000139860830,0.000139860830,0.000139860830,0.000102207024,0.000105304552,0.000102385391,0.000106776945,0.000104954253,0.000107159941,0.000107048609,0.000106915427,0.000106698954,0.000072433870,0.000069157648,0.000069913783,0.000076207963,0.000073747140,0.000078003627,0.000085073585,0.000081158463,0.000078279765,0.000060814931,0.000059624750,0.000056975755,0.000067783197,0.000069028538,0.000065337603,0.000070268624,0.000072127235,0.000073302242,0.000040754646,0.000035753493,0.000037411555,0.000045322728,0.000043339293,0.000043878016,0.000052097355,0.000046908019,0.000047749658
112,0.000138630909,0.000139245869,0.000138630909,0.000139860830,0.000139860830,0.000139860830,0.000139860830,0.000139860830,0.000139860830,0.000102207024,0.000105304552,0.000102834338,0.000106776945,0.000104954253,0.000107159941,0.000107048609,0.000106915427,0.000106698954,0.000072433870,0.000069321150,0.000069930503,0.000076215371,0.000073811858,0.000078003627,0.000085073585,0.000081184883,0.000078279765,0.000060876315,0.000059624750,0.000057111180,0.000067854216,0.000069053469,0.000065710030,0.000070268624,0.000072149821,0.000073988007,0.000040856340,0.000035862607,0.000037531689,0.000045414166,0.000043364722,0.000043878016,0.000052603542,0.000046949056,0.000047852620
113,0.000138630909,0.000139860830,0.000138630909,0.000139860830,0.000139860830,0.000139860830,0.000139860830,0.000139860830,0.000139860830,0.000102207024,0.000105304552,0.000102834338,0.000106776945,0.000104954253,0.000107159941,0.000107048609,0.000106915427,0.000106698954,0.000072609575,0.000069674292,0.000070040025,0.000076261097,0.000073864278,0.000078134987,0.000085073585,0.000081227198,0.000078279765,0.000060896211,0.000059659588,0.000057433619,0.000067993273,0.000069251311,0.000065850188,0.000070365643,0.000072338113,0.000074219310,0.000040893162,0.000035950933,0.000037568464,0.000045565735,0.000043619547,0.000043887657,0.000052643552,0.000047000749,0.000047898122
114,0.000138630909,0.000139860830,0.000138630909,0.000139860830,0.000139860830,0.000139860830,0.000139860830,0.000139860830,0.000139860830,0.000102207024,0.000105304552,0.000102834338,0.000106776945,0.000104954253,0.000107159941,0.000107048609,0.000106915427,0.000106698954,0.000072619048,0.000069958996,0.000070154098,0.000076291285,0.000073864278,0.000078212693,0.000085073585,0.000081227198,0.000078279765,0.000061340178,0.000059693750,0.000057683181,0.000068439132,0.000069351697,0.000065892217,0.000070566360,0.000072338113,0.000074287551,0.000040949313,0.000035979389,0.000037592949,0.000045761913,0.000043738576,0.000043955558,0.000052771771,0.000047111699,0.000048004507
115,0.000138630909,0.000139860830,0.000138630909,0.000139860830,0.000139860830,0.000139860830,0.000139860830,0.000139860830,0.000139860830,0.000102207024,0.000105304552,0.000103102231,0.000106776945,0.000104954253,0.000107159941,0.000107048609,0.000106915427,0.000106698954,0.000072926012,0.000070040353,0.000070249872,0.000076358210,0.000073867925,0.000078276012,0.000085073585,0.000081295102,0.000078279765,0.000061561361,0.000059827451,0.000057691704,0.000068514927,0.000069437971,0.000065926056,0.000070782885,0.000072446631,0.000074414564,0.000041045035,0.000036100525,0.000037685283,0.000045839342,0.000043810462,0.000044016237,0.000053325433,0.000047235778,0.000048051998
116,0.000138630909,0.000139860830,0.000138630909,0.000139860830,0.000139860830,0.000139860830,0.000139860830,0.000139860830,0.000139860830,0.000102207024,0.000105304552,0.000103102231,0.000106776945,0.000104954253,0.000107159941,0.000107048609,0.000106915427,0.000106698954,0.000072926012,0.000070203493,0.000070309513,0.000076394654,0.000074043097,0.000078276012,0.000085073585,0.000081295102,0.000078279765,0.000061605111,0.000059876136,0.000057850526,0.000068709020,0.000069442815,0.000066077567,0.000070844748,0.000072646034,0.000074510298,0.000041379757,0.000036225887,0.000037710928,0.000045885657,0.000044089643,0.000044129597,0.000053526035,0.000047271612,0.000048129949
117,0.000138630909,0.000139860830,0.000138630909,0.000139860830,0.000139860830,0.000139860830,0.000139860830,0.000139860830,0.000139860830,0.000102207024,0.000105592444,0.000103102231,0.000106776945,0.000104954253,0.000107159941,0.000107048609,0.000106915427,0.000106698954,0.000072926012,0.000070540500,0.000070364111,0.000076461961,0.000074043097,0.000078277194,0.000085073585,0.000081447278,0.000078279765,0.000061713200,0.000059939386,0.000057850526,0.000068863753,0.000069721135,0.000066119854,0.000070916263,0.000073502652,0.000074510298,0.000041457542,0.000036413479,0.000037790675,0.000046076971,0.000044298656,0.000044267545,0.000053637372,0.000047278679,0.000048423681
118,0.000138630909,0.000139860830,0.000138630909,0.000139860830,0.000139860830,0.000139860830,0.000139860830,0.000139860830,0.000139860830,0.000102207024,0.000105592444,0.000103265525,0.000106776945,0.000104954253,0.000107159941,0.000107048609,0.000106915427,0.000106698954,0.000073020535,0.000070659055,0.000070501556,0.000076461961,0.000074043097,0.000078300869,0.000085073585,0.000081528774,0.000078279765,0.000061732839,0.000059975406,0.000058033113,0.000069026104,0.000069817790,0.000066125912,0.000070916263,0.000073663823,0.000074517753,0.000041575614,0.000036445331,0.000037893369,0.000046260723,0.000044833582,0.000044335122,0.000053710014,0.000047352002,0.000048736143
119,0.000138630909,0.000139860830,0.000138630909,0.000139860830,0.000139860830,0.000139860830,0.000139860830,0.000139860830,0.000139860830,0.000102207024,0.000105966599,0.000103265525,0.000106776945,0.000104954253,0.000107159941,0.000107048609,0.000106915427,0.000106698954,0.000073370949,0.000070659055,0.000070501556,0.000076816285,0.000074258755,0.000078364245,0.000085073585,0.000081528774,0.000078279765,0.000061779428,0.000060164635,0.000058274273,0.000069055548,0.000070075359,0.000066161841,0.000070924492,0.000073725740,0.000074564640,0.000041812566,0.000036553856,0.000037893369,0.000046369685,0.000044835795,0.000044341105,0.000053843532,0.000047362189,0.000048737176
120,0.000138630909,0.000139860830,0.000138630909,0.000139860830,0.000139860830,0.000139860830,0.000139860830,0.000139860830,0.000139860830,0.000102207024,0.000105966599,0.000103265525,0.000106776945,0.000104954253,0.000107159941,0.000107048609,0.000106915427,0.000106698954,0.000073605710,0.000070706396,0.000070575393,0.000076816285,0.000074541414,0.000078412668,0.000085073585,0.000081544128,0.000078279765,0.000061814902,0.000060223758,0.000058584478,0.000069194218,0.000070213454,0.000066486087,0.000070928344,0.000073732300,0.000074571203,0.000041995717,0.000036724013,0.000037898639,0.000046559612,0.000045137885,0.000044388853,0.000053901600,0.000047700704,0.000048864219
121,0.000138630909,0.000139860830,0.000138630909,0.000139860830,0.000139860830,0.000139860830,0.000139860830,0.000139860830,0.000139860830,0.000102207024,0.000105983696,0.000103265525,0.000106776945,0.000104954253,0.000107159941,0.000107048609,0.000106915427,0.000106698954,0.000073769029,0.000070706396,0.000070931599,0.000076869242,0.000074583880,0.000078588182,0.000085073585,0.000081544128,0.000078279765,0.000061845754,0.000060234879,0.000058622493,0.000069342247,0.000070361881,0.000066606785,0.000071122374,0.000073963070,0.000074696907,0.000042082700,0.000036959743,0.000038045850,0.000046799943,0.000045270384,0.000044571639,0.000053969706,0.000047986735,0.000048957515
122,0.000138630909,0.000139860830,0.000138630909,0.000139860830,0.000139860830,0.000139860830,0.000139860830,0.000139860830,0.000139860830,0.000102207024,0.000105983696,0.000103265525,0.000106776945,0.000104954253,0.000107159941,0.000107048609,0.000106915427,0.000106698954,0.000073769029,0.000070706396,0.000071052811,0.000076897810,0.000074962063,0.000078734519,0.000085073585,0.000081544128,0.000078279765,0.000062376903,0.000060537389,0.000058710843,0.000069564814,0.000070473225,0.000066689352,0.000071258323,0.000074058513,0.000074696907,0.000042216415,0.000036961201,0.000038062697,0.000047111262,0.000045459658,0.000044639562,0.000054057840,0.000048344068,0.000049122464
123,0.000138630909,0.000139860830,0.000138630909,0.000139860830,0.000139860830,0.000139860830,0.000139860830,0.000139860830,0.000139860830,0.000102207024,0.000105983696,0.000103265525,0.000106776945,0.000104954253,0.000107159941,0.000107048609,0.000106915427,0.000106698954,0.000073971384,0.000070802022,0.000071278690,0.000077052589,0.000075005767,0.000078791206,0.000085073585,0.000081544128,0.000078279765,0.000062548548,0.000060541318,0.000059157991,0.000069591476,0.000070529401,0.000066827543,0.000071330186,0.000074238947,0.000074819396,0.000042476375,0.000036973115,0.000038062697,0.000047200548,0.000045459658,0.000044667663,0.000054119092,0.000048510735,0.000049246791
124,0.000138630909,0.000139860830,0.000138630909,0.000139860830,0.000139860830,0.000139860830,0.000139860830,0.000139860830,0.000139860830,0.000102293457,0.000106172733,0.000103265525,0.000106776945,0.000104954253,0.000107159941,0.000107048609,0.000106915427,0.000106698954,0.000074092746,0.000070876883,0.000071368020,0.000077057182,0.000075005767,0.000078873711,0.000085073585,0.000081544128,0.000078318536,0.000062670875,0.000060568549,0.000059262357,0.000069595040,0.000070669210,0.000067047881,0.000071552446,0.000074238947,0.000074859088,0.000042503314,0.000036997145,0.000038105825,0.000047343881,0.000045495011,0.000044728660,0.000054205373,0.000048586722,0.000049308204
125,0.000138630909,0.000139860830,0.000138630909,0.000139860830,0.000139860830,0.000139860830,0.000139860830,0.000139860830,0.000139860830,0.000102293457,0.000106172733,0.000103265525,0.000106776945,0.000104954253,0.000107159941,0.000107048609,0.000106915427,0.000106698954,0.000074103015,0.000070992370,0.000071379762,0.000077085426,0.000075054217,0.000078873711,0.000085073585,0.000081625078,0.000078318536,0.000062670875,0.000060587133,0.000059599980,0.000069650250,0.000070669210,0.000067193830,0.000071753287,0.000074259505,0.000074859088,0.000042576890,0.000036997145,0.000038125303,0.000047744613,0.000045702049,0.000044881038,0.000054559750,0.000048840606,0.000049377323
126,0.000138630909,0.000139860830,0.000138630909,0.000139860830,0.000139860830,0.000139860830,0.000139860830,0.000139860830,0.000139860830,0.000102293457,0.000106172733,0.000103265525,0.000106776945,0.000104954253,0.000107159941,0.000107048609,0.000106915427,0.000106698954,0.000074151363,0.000071705025,0.000071457066,0.000077345095,0.000075054217,0.000079012592,0.000085073585,0.000081699720,0.000078318536,0.000062852939,0.000060587133,0.000059803512,0.000069680650,0.000070906935,0.000067225985,0.000071761867,0.000074261245,0.000074876908,0.000042712854,0.000037230861,0.000038408095,0.000047990889,0.000046002957,0.000044935019,0.000054656350,0.000048840606,0.000049451000
127,0.000138630909,0.000139860830,0.000138630909,0.000139860830,0.000139860830,0.000139860830,0.000139860830,0.000139860830,0.000139860830,0.000102293457,0.000106172733,0.000103265525,0.000106776945,0.000104954253,0.000107159941,0.000107048609,0.000106915427,0.000106698954,0.000074358068,0.000071851247,0.000071457066,0.000077476332,0.000075054217,0.000079012592,0.000085196593,0.000081699720,0.000078349309,0.000062858400,0.000060614372,0.000059852678,0.000069733199,0.000071080923,0.000067268362,0.000071875819,0.000074316315,0.000074878489,0.000042997738,0.000037299546,0.000038483769,0.000048661369,0.000046203880,0.000045097140,0.000054910317,0.000048935707,0.000049648238
128,0.000138630909,0.000139860830,0.000138630909,0.000139860830,0.000139860830,0.000139860830,0.000139860830,0.000139860830,0.000139860830,0.000102293457,0.000106172733,0.000103265525,0.000106776945,0.000104954253,0.000107159941,0.000107048609,0.000106915427,0.000106698954,0.000074754318,0.000071981051,0.000071479068,0.000077572742,0.000075237046,0.000079105360,0.000085203225,0.000081699720,0.000078349309,0.000062943908,0.000060614372,0.000059852678,0.000070170138,0.000071163507,0.000067367897,0.000072195134,0.000074520730,0.000074917756,0.000042999445,0.000037312333,0.000038518543,0.000048690198,0.000046375294,0.000045106368,0.000054946737,0.000048947397,0.000049732008
129,0.000138630909,0.000139860830,0.000138630909,0.000139860830,0.000139860830,0.000139860830,0.000139860830,0.000139860830,0.000139860830,0.000102293457,0.000106172733,0.000103620371,0.000106776945,0.000104954253,0.000107159941,0.000107048609,0.000106915427,0.000106698954,0.000074897015,0.000071981051,0.000071479068,0.000077730544,0.000075237046,0.000079109110,0.000085203225,0.000081717833,0.000078349309,0.000063189746,0.000060977589,0.000059960271,0.000070430151,0.000071237706,0.000067367897,0.000072271926,0.000074554874,0.000074989953,0.000043243678,0.000037359034,0.000038615131,0.000048726254,0.000046791162,0.000045150415,0.000055058867,0.000049019502,0.000049755951
130,0.000138630909,0.000139860830,0.000138630909,0.000139860830,0.000139860830,0.000139860830,0.000139860830,0.000139860830,0.000139860830,0.000102323218,0.000106172733,0.000104010794,0.000106776945,0.000104954253,0.000107159941,0.000107048609,0.000106915427,0.000106698954,0.000074985727,0.000072412121,0.000071484787,0.000077730544,0.000075237046,0.000079116271,0.000085203225,0.000081756976,0.000078349309,0.000063194028,0.000060993609,0.000060033442,0.000070786907,0.000071359121,0.000067652326,0.000072406237,0.000074700025,0.000075036318,0.000043291655,0.000037474704,0.000038716542,0.000048959945,0.000046934805,0.000045213756,0.000055123703,0.000049128385,0.000049847591
131,0.000138630909,0.000139860830,0.000138630909,0.000139860830,0.000139860830,0.000139860830,0.000139860830,0.000139860830,0.000139860830,0.000102323218,0.000106172733,0.000104010794,0.000106776945,0.000104954253,0.000107159941,0.000107048609,0.000106961111,0.000106698954,0.000075069101,0.000072447416,0.000071770981,0.000077730544,0.000075304435,0.000079162137,0.000085203225,0.000081756976,0.000078349309,0.000063262202,0.000061008988,0.000060166823,0.000070924694,0.000071513677,0.000067652326,0.000072426980,0.000074700025,0.000075080991,0.000043633925,0.000037513171,0.000038836246,0.000049396190,0.000047178126,0.000045595029,0.000055392573,0.000049152032,0.000049965784
132,0.000138630909,0.000139860830,0.000138630909,0.000139860830,0.000139860830,0.000139860830,0.000139860830,0.000139860830,0.000139860830,0.000102323218,0.000106172733,0.000104010794,0.000106776945,0.000104954253,0.000107159941,0.000107048609,0.000106961111,0.000106698954,0.000075263315,0.000072647804,0.000071794578,0.000077730544,0.000075321227,0.000079215357,0.000085251651,0.000081773425,0.000078350863,0.000063295051,0.000061271139,0.000060482713,0.000071425438,0.000071718522,0.000067813181,0.000072549712,0.000074774373,0.000075080991,0.000043844290,0.000037514525,0.000039087469,0.000049537616,0.000047239950,0.000045701135,0.000055459373,0.000049354405,0.000050174409
133,0.000138630909,0.000139860830,0.000138630909,0.000139860830,0.000139860830,0.000139860830,0.000139860830,0.000139860830,0.000139860830,0.000102323218,0.000106232535,0.000104010794,0.000106776945,0.000104954253,0.000107159941,0.000107048609,0.000106961111,0.000106698954,0.000075263315,0.000072647804,0.000071864794,0.000077762792,0.000075321227,0.000079277749,0.000085251651,0.000081801431,0.000078350863,0.000063327045,0.000061271139,0.000060757513,0.000071429247,0.000071808934,0.000068246856,0.000072766435,0.000074776262,0.000075209565,0.000043990126,0.000037593892,0.000039145258,0.000049602570,0.000047398358,0.000045702026,0.000055535204,0.000049540369,0.000050477231
134,0.000138630909,0.000139860830,0.000138630909,0.000139860830,0.000139860830,0.000139860830,0.000139860830,0.000139860830,0.000139860830,0.000102323218,0.000106331890,0.000104010794,0.000106776945,0.000104954253,0.000107159941,0.000107048609,0.000106961111,0.000106698954,0.000075396415,0.000072647804,0.000071911115,0.000077925469,0.000075321227,0.000079381988,0.000085305448,0.000081801431,0.000078350863,0.000063475891,0.000061271139,0.000060888081,0.000072037947,0.000071882523,0.000068414023,0.000072841361,0.000074847723,0.000075295553,0.000043998126,0.000037638240,0.000039230319,0.000049779722,0.000047428961,0.000045968567,0.000055586225,0.000049648064,0.000050599293
135,0.000138630909,0.000139860830,0.000138630909,0.000139860830,0.000139860830,0.000139860830,0.000139860830,0.000139860830,0.000139860830,0.000102323218,0.000106331890,0.000104010794,0.000106776945,0.000104954253,0.000107177038,0.000107048609,0.000106961111,0.000106698954,0.000075567840,0.000072753151,0.000071911115,0.000077955510,0.000075403641,0.000079577890,0.000085305448,0.000081801431,0.000078350863,0.000063603739,0.000061271139,0.000060938986,0.000072047927,0.000071882523,0.000068573579,0.000072880876,0.000075069760,0.000075350621,0.000044022692,0.000037675161,0.000039305427,0.000050008606,0.000047477197,0.000046093033,0.000055679872,0.000049881133,0.000050661002
136,0.000138630909,0.000139860830,0.000138630909,0.000139860830,0.000139860830,0.000139860830,0.000139860830,0.000139860830,0.000139860830,0.000102323218,0.000106385893,0.000104010794,0.000106776945,0.000104954253,0.000107177038,0.000107048609,0.000106961111,0.000106698954,0.000076026117,0.000072753441,0.000071940460,0.000077993958,0.000075403641,0.000079679018,0.000085326237,0.000081822709,0.000078350863,0.000063663672,0.000061349005,0.000061197058,0.000072050106,0.000071930644,0.000068713890,0.000072953007,0.000075331235,0.000075374625,0.000044517073,0.000037698840,0.000039349140,0.000050013066,0.000047627484,0.000046466523,0.000056320588,0.000049966741,0.000050742989
137,0.000138630909,0.000139860830,0.000138630909,0.000139860830,0.000139860830,0.000139860830,0.000139860830,0.000139860830,0.000139860830,0.000102323218,0.000106385893,0.000104010794,0.000106776945,0.000104954253,0.000107177038,0.000107048609,0.000106961111,0.000106698954,0.000076173456,0.000072821159,0.000071999103,0.000077993958,0.000075403641,0.000079679018,0.000085717268,0.000081903552,0.000078514631,0.000063714350,0.000061515811,0.000061262929,0.000072218784,0.000072086663,0.000068986106,0.000073097217,0.000075331235,0.000075416130,0.000044869206,0.000037736902,0.000039414827,0.000050096683,0.000047748136,0.000046590884,0.000056449938,0.000050027060,0.000050833674
138,0.000138630909,0.000139860830,0.000138630909,0.000139860830,0.000139860830,0.000139860830,0.000139860830,0.000139860830,0.000139860830,0.000102323218,0.000106385893,0.000104010794,0.000106776945,0.000104954253,0.000107177038,0.000107048609,0.000106961111,0.000106698954,0.000076269397,0.000072882502,0.000071999103,0.000078189786,0.000075467109,0.000079783077,0.000085746939,0.000081918083,0.000078514631,0.000063765461,0.000061586270,0.000061295980,0.000072237426,0.000072149901,0.000069106546,0.000073154668,0.000075331235,0.000075416130,0.000044983486,0.000037736902,0.000039451981,0.000050212190,0.000047817612,0.000046709040,0.000056901223,0.000050086684,0.000050896363
139,0.000138630909,0.000139860830,0.000138630909,0.000139860830,0.000139860830,0.000139860830,0.000139860830,0.000139860830,0.000139860830,0.000102323218,0.000106506186,0.000104010794,0.000106776945,0.000104954253,0.000107177038,0.000107048609,0.000106961111,0.000106698954,0.000076274174,0.000072940146,0.000072372676,0.000078189786,0.000075706078,0.000079783077,0.000085746939,0.000081918083,0.000078514631,0.000064030807,0.000061668295,0.000061307545,0.000072237426,0.000072149901,0.000069188916,0.000073280310,0.000075507317,0.000075590600,0.000045141432,0.000037736902,0.000039719753,0.000050313750,0.000047843049,0.000046735275,0.000057044729,0.000050128481,0.000051084003
140,0.000138630909,0.000139860830,0.000138630909,0.000139860830,0.000139860830,0.000139860830,0.000139860830,0.000139860830,0.000139860830,0.000102323218,0.000106654200,0.000104010794,0.000106776945,0.000104954253,0.000107177038,0.000107048609,0.000106961111,0.000106698954,0.000076274174,0.000072974601,0.000072379910,0.000078221385,0.000075706078,0.000079916494,0.000085746939,0.000081918083,0.000078514631,0.000064321292,0.000062032459,0.000061467972,0.000072340419,0.000072161144,0.000069558337,0.000073324977,0.000075539970,0.000075594856,0.000045218981,0.000037744016,0.000039934763,0.000050315076,0.000047984920,0.000046801288,0.000057427097,0.000050161326,0.000051084743
141,0.000138630909,0.000139860830,0.000138630909,0.000139860830,0.000139860830,0.000139860830,0.000139860830,0.000139860830,0.000139860830,0.000102323218,0.000106654200,0.000104010794,0.000106776945,0.000104954253,0.000107177038,0.000107048609,0.000106961111,0.000106698954,0.000076676362,0.000073050823,0.000072548518,0.000078245830,0.000075706078,0.000079916494,0.000085746939,0.000082040410,0.000078763252,0.000064379319,0.000062112159,0.000061661084,0.000072362552,0.000072203162,0.000069736720,0.000073539003,0.000075616725,0.000075804969,0.000045495192,0.000037896389,0.000040073736,0.000050331953,0.000048134005,0.000046801288,0.000057573714,0.000050328350,0.000051183722
142,0.000138630909,0.000139860830,0.000138630909,0.000139860830,0.000139860830,0.000139860830,0.000139860830,0.000139860830,0.000139860830,0.000102323218,0.000106654200,0.000104010794,0.000106776945,0.000104954253,0.000107177038,0.000107048609,0.000106961111,0.000106698954,0.000076837545,0.000073194931,0.000072809946,0.000078278433,0.000075706078,0.000080053617,0.000085746939,0.000082040410,0.000078763252,0.000064475344,0.000062303894,0.000061674844,0.000072410191,0.000072229680,0.000070053606,0.000073539003,0.000075682730,0.000075868984,0.000045495192,0.000037962316,0.000040217241,0.000050441864,0.000048203155,0.000046802998,0.000057742834,0.000050359451,0.000051254388
143,0.000138630909,0.000139860830,0.000138630909,0.000139860830,0.000139860830,0.000139860830,0.000139860830,0.000139860830,0.000139860830,0.000102323218,0.000106654200,0.000104010794,0.000106776945,0.000104954253,0.000107177038,0.000107048609,0.000106961111,0.000106698954,0.000077039208,0.000073348862,0.000072839937,0.000078278433,0.000075716685,0.000080076104,0.000085746939,0.000082040410,0.000078763252,0.000064475344,0.000062324476,0.000061781179,0.000072484139,0.000072229680,0.000070262849,0.000074220540,0.000075731392,0.000076026126,0.000045801114,0.000038029140,0.000040317009,0.000050494112,0.000048337499,0.000046847888,0.000058096134,0.000050518192,0.000051287178
144,0.000138630909,0.000139860830,0.000138630909,0.000139860830,0.000139860830,0.000139860830,0.000139860830,0.000139860830,0.000139860830,0.000102323218,0.000106654200,0.000104010794,0.000106776945,0.000104954253,0.000107177038,0.000107048609,0.000106961111,0.000106698954,0.000077102988,0.000073349131,0.000072839937,0.000078338125,0.000075716685,0.000080195474,0.000085746939,0.000082040410,0.000078804564,0.000064545186,0.000062329269,0.000061850289,0.000072600213,0.000072278570,0.000070347213,0.000074274189,0.000075782321,0.000076135048,0.000045962287,0.000038287549,0.000040347986,0.000050627815,0.000048397783,0.000046868822,0.000058236061,0.000050518192,0.000051577177
145,0.000138630909,0.000139860830,0.000138630909,0.000139860830,0.000139860830,0.000139860830,0.000139860830,0.000139860830,0.000139860830,0.000102323218,0.000106654200,0.000104010794,0.000106776945,0.000104954253,0.000107177038,0.000107048609,0.000106961111,0.000106698954,0.000077541973,0.000073453389,0.000072917995,0.000078450079,0.000075724548,0.000080195474,0.000085746939,0.000082040410,0.000078804564,0.000064776010,0.000062405271,0.000062183387,0.000072654855,0.000072285832,0.000070352847,0.000074488463,0.000075917483,0.000076135048,0.000046133757,0.000038574788,0.000040435282,0.000050754565,0.000048442790,0.000046912313,0.000058452496,0.000050765721,0.000051861956
146,0.000138630909,0.000139860830,0.000138630909,0.000139860830,0.000139860830,0.000139860830,0.000139860830,0.000139860830,0.000139860830,0.000102323218,0.000106701070,0.000104010794,0.000106776945,0.000104954253,0.000107177038,0.000107048609,0.000106961111,0.000106698954,0.000077772070,0.000073575278,0.000072917995,0.000078512587,0.000075724548,0.000080195474,0.000085746939,0.000082040410,0.000078804564,0.000064928525,0.000062422440,0.000062192997,0.000072667637,0.000072319836,0.000070489908,0.000074763928,0.000076113851,0.000076142047,0.000046588819,0.000038574788,0.000040506120,0.000051540622,0.000048614162,0.000046912313,0.000058590572,0.000051164316,0.000052180168
147,0.000138630909,0.000139860830,0.000138630909,0.000139860830,0.000139860830,0.000139860830,0.000139860830,0.000139860830,0.000139860830,0.000102323218,0.000106701070,0.000104010794,0.000106776945,0.000104954253,0.000107177038,0.000107048609,0.000106961111,0.000106698954,0.000077846134,0.000073578530,0.000072917995,0.000078512747,0.000075830492,0.000080195474,0.000085746939,0.000082040410,0.000078804564,0.000064929289,0.000062497939,0.000062386166,0.000073331429,0.000072346687,0.000070607510,0.000074772871,0.000076266829,0.000076146337,0.000046603158,0.000039035271,0.000040556631,0.000052080429,0.000049135301,0.000046936989,0.000059004786,0.000051266332,0.000052364675
148,0.000138630909,0.000139860830,0.000138630909,0.000139860830,0.000139860830,0.000139860830,0.000139860830,0.000139860830,0.000139860830,0.000102323218,0.000106713895,0.000104010794,0.000106776945,0.000104954253,0.000107177038,0.000107048609,0.000106961111,0.000106698954,0.000077854028,0.000073641469,0.000072937038,0.000078512747,0.000075830492,0.000080206952,0.000085746939,0.000082040410,0.000078804564,0.000065031291,0.000062599373,0.000062455708,0.000073497156,0.000072350197,0.000070607510,0.000074864567,0.000076427887,0.000076264080,0.000046708560,0.000039104040,0.000040574418,0.000052202053,0.000049238005,0.000046982985,0.000059587699,0.000051490116,0.000052392628
149,0.000138630909,0.000139860830,0.000138630909,0.000139860830,0.000139860830,0.000139860830,0.000139860830,0.000139860830,0.000139860830,0.000102323218,0.000106713895,0.000104010794,0.000106776945,0.000104954253,0.000107177038,0.000107048609,0.000106961111,0.000106698954,0.000077964025,0.000073641469,0.000072937038,0.000078526208,0.000075863110,0.000080206952,0.000085746939,0.000082270711,0.000078804564,0.000065281436,0.000062599373,0.000062455708,0.000073658082,0.000072426215,0.000070687745,0.000075064971,0.000076667091,0.000076264080,0.000046768774,0.000039104040,0.000040627786,0.000052229015,0.000049238005,0.000047033918,0.000059937472,0.000051516467,0.000052466830
150,0.000138630909,0.000139860830,0.000138630909,0.000139860830,0.000139860830,0.000139860830,0.000139860830,0.000139860830,0.000139860830,0.000102323218,0.000106713895,0.000104010794,0.000106776945,0.000104954253,0.000107177038,0.000107048609,0.000106961111,0.000106698954,0.000078045347,0.000073674519,0.000072937038,0.000078526208,0.000075863110,0.000080206952,0.000085746939,0.000082270711,0.000078821186,0.000065350949,0.000062837834,0.000062594780,0.000074000301,0.000073175993,0.000070720474,0.000075083967,0.000077230671,0.000076264080,0.000046783534,0.000039174858,0.000040731642,0.000052330170,0.000049243502,0.000047034832,0.000060092039,0.000051687779,0.000052711312
151,0.000138630909,0.000139860830,0.000138630909,0.000139860830,0.000139860830,0.000139860830,0.000139860830,0.000139860830,0.000139860830,0.000102323218,0.000106713895,0.000104010794,0.000106776945,0.000104954253,0.000107177038,0.000107048609,0.000106961111,0.000106698954,0.000078284352,0.000073691666,0.000072937038,0.000078526208,0.000075863110,0.000080206952,0.000085746939,0.000082270711,0.000078821186,0.000065469456,0.000062837834,0.000062609671,0.000074235526,0.000073492082,0.000071020348,0.000075265155,0.000077240324,0.000076631828,0.000046954553,0.000039325740,0.000040833458,0.000052553996,0.000049408159,0.000047185336,0.000060248836,0.000051730630,0.000052865134
152,0.000138630909,0.000139860830,0.000138630909,0.000139860830,0.000139860830,0.000139860830,0.000139860830,0.000139860830,0.000139860830,0.000102323218,0.000106713895,0.000104010794,0.000106776945,0.000104954253,0.000107177038,0.000107048609,0.000106961111,0.000106698954,0.000078445160,0.000073880134,0.000072937038,0.000078526208,0.000075863110,0.000080233089,0.000085746939,0.000082270711,0.000078856026,0.000065498533,0.000062918240,0.000062724916,0.000074327031,0.000073523103,0.000071021038,0.000075359675,0.000077305034,0.000076766224,0.000047127145,0.000039326723,0.000040968568,0.000052694226,0.000049496776,0.000047235336,0.000060467512,0.000051867299,0.000052898598
153,0.000138630909,0.000139860830,0.000138630909,0.000139860830,0.000139860830,0.000139860830,0.000139860830,0.000139860830,0.000139860830,0.000102323218,0.000106713895,0.000104010794,0.000106776945,0.000104954253,0.000107177038,0.000107048609,0.000106961111,0.000106698954,0.000078602929,0.000073880134,0.000073276401,0.000078526208,0.000075863110,0.000080233089,0.000085746939,0.000082270711,0.000078856026,0.000065512098,0.000063036991,0.000062749699,0.000074464452,0.000073539565,0.000071316595,0.000075359675,0.000077363175,0.000076876675,0.000047177718,0.000039732314,0.000041024204,0.000052789483,0.000049539662,0.000047259526,0.000060551228,0.000051974696,0.000053172203
154,0.000138630909,0.000139860830,0.000138630909,0.000139860830,0.000139860830,0.000139860830,0.000139860830,0.000139860830,0.000139860830,0.000102323218,0.000106742025,0.000104010794,0.000106776945,0.000104954253,0.000107177038,0.000107048609,0.000106961111,0.000106698954,0.000078721894,0.000073959413,0.000073373104,0.000078585981,0.000075863110,0.000080233089,0.000085746939,0.000082270711,0.000078856026,0.000065818089,0.000063320880,0.000063114448,0.000074466613,0.000073661460,0.000071521643,0.000075401355,0.000077414754,0.000076876675,0.000047288871,0.000039738911,0.000041074927,0.000052904178,0.000049638485,0.000047280813,0.000060730639,0.000052240332,0.000053181027
155,0.000138630909,0.000139860830,0.000138630909,0.000139860830,0.000139860830,0.000139860830,0.000139860830,0.000139860830,0.000139860830,0.000102323218,0.000106742025,0.000104010794,0.000106776945,0.000104954253,0.000107177038,0.000107048609,0.000106961111,0.000106698954,0.000078939533,0.000074252495,0.000073493131,0.000078585981,0.000075863110,0.000080235964,0.000085746939,0.000082270711,0.000078856026,0.000065980571,0.000063422077,0.000063257787,0.000074495302,0.000073687554,0.000071633593,0.000075409678,0.000077504078,0.000076876675,0.000047605051,0.000040039092,0.000041184633,0.000052942291,0.000049641392,0.000047295741,0.000060981707,0.000052321784,0.000053324977
156,0.000138630909,0.000139860830,0.000138630909,0.000139860830,0.000139860830,0.000139860830,0.000139860830,0.000139860830,0.000139860830,0.000102323218,0.000106742025,0.000104010794,0.000106776945,0.000104954253,0.000107177038,0.000107048609,0.000106961111,0.000106698954,0.000078997669,0.000074252495,0.000073493131,0.000078585981,0.000075863110,0.000080235964,0.000085746939,0.000082270711,0.000078856026,0.000065994131,0.000063792251,0.000063257787,0.000074643226,0.000073834691,0.000071654942,0.000075616630,0.000077532899,0.000076912620,0.000047666824,0.000040103439,0.000041264965,0.000053197629,0.000049647917,0.000047295741,0.000061179840,0.000052857935,0.000053421944
157,0.000138630909,0.000139860830,0.000138630909,0.000139860830,0.000139860830,0.000139860830,0.000139860830,0.000139860830,0.000139860830,0.000102323218,0.000106742025,0.000104010794,0.000106776945,0.000104954253,0.000107177038,0.000107065706,0.000106961111,0.000106698954,0.000078997669,0.000074252495,0.000073501010,0.000078585981,0.000075881229,0.000080235964,0.000085746939,0.000082308726,0.000078856026,0.000066103009,0.000063885923,0.000063298337,0.000074847120,0.000073872571,0.000071715749,0.000075757700,0.000077568084,0.000076933832,0.000047903601,0.000040253241,0.000041478077,0.000053343486,0.000049649176,0.000047317944,0.000061231224,0.000053039874,0.000053547581
158,0.000138630909,0.000139860830,0.000138630909,0.000139860830,0.000139860830,0.000139860830,0.000139860830,0.000139860830,0.000139860830,0.000102323218,0.000106742025,0.000104010794,0.000106776945,0.000104954253,0.000107177038,0.000107065706,0.000106961111,0.000106698954,0.000079060640,0.000074252495,0.000073562529,0.000078585981,0.000075918899,0.000080274269,0.000085746939,0.000082308726,0.000078856026,0.000066196672,0.000063968356,0.000063317730,0.000074955645,0.000074052341,0.000071853677,0.000075793025,0.000077615974,0.000076997156,0.000047917588,0.000040475422,0.000041519286,0.000053821106,0.000049809064,0.000047380799,0.000061360068,0.000053078149,0.000053564789
159,0.000138630909,0.000139860830,0.000138630909,0.000139860830,0.000139860830,0.000139860830,0.000139860830,0.000139860830,0.000139860830,0.000102323218,0.000106742025,0.000104010794,0.000106776945,0.000104954253,0.000107177038,0.000107065706,0.000106961111,0.000106698954,0.000079060640,0.000074266009,0.000073563877,0.000078585981,0.000075918899,0.000080274269,0.000085746939,0.000082380765,0.000078856026,0.000066298439,0.000064011674,0.000063429082,0.000074959124,0.000074069599,0.000071915448,0.000075793025,0.000077996768,0.000077078366,0.000048012966,0.000040625818,0.000041642636,0.000054206881,0.000049847970,0.000047450379,0.000061622162,0.000053087813,0.000053684647
160,0.000138630909,0.000139860830,0.000138630909,0.000139860830,0.000139860830,0.000139860830,0.000139860830,0.000139860830,0.000139860830,0.000102323218,0.000106742025,0.000104010794,0.000106776945,0.000104954253,0.000107177038,0.000107065706,0.000106961111,0.000106698954,0.000079107249,0.000074266009,0.000073707612,0.000078720205,0.000075918899,0.000080274269,0.000085746939,0.000082380765,0.000078910822,0.000066306202,0.000064102629,0.000063454024,0.000074983834,0.000074182803,0.000071915448,0.000075804528,0.000077996768,0.000077078366,0.000048103228,0.000040625818,0.000041986199,0.000054397655,0.000049963828,0.000047502666,0.000061693242,0.000053295178,0.000053779638
161,0.000138630909,0.000139860830,0.000138630909,0.000139860830,0.000139860830,0.000139860830,0.000139860830,0.000139860830,0.000139860830,0.000102323218,0.000106742025,0.000104010794,0.000106776945,0.000104954253,0.000107177038,0.000107065706,0.000106961111,0.000106698954,0.000079110396,0.000074266009,0.000073707612,0.000078825682,0.000075918899,0.000080328903,0.000085746939,0.000082380765,0.000078910822,0.000066405198,0.000064450216,0.000063507963,0.000075047164,0.000074391629,0.000071960290,0.000075861549,0.000078228429,0.000077091128,0.000048141027,0.000040661804,0.000042385153,0.000054742942,0.000049967328,0.000047515248,0.000061729960,0.000053409359,0.000053913687
162,0.000138630909,0.000139860830,0.000138630909,0.000139860830,0.000139860830,0.000139860830,0.000139860830,0.000139860830,0.000139860830,0.000102323218,0.000106742025,0.000104010794,0.000106776945,0.000104954253,0.000107177038,0.000107065706,0.000106961111,0.000106698954,0.000079112419,0.000074266009,0.000073707612,0.000078825682,0.000076025893,0.000080415905,0.000085746939,0.000082380765,0.000078910822,0.000066405198,0.000064590206,0.000063801931,0.000075075696,0.000074391629,0.000071962874,0.000075935203,0.000078354681,0.000077191561,0.000048185686,0.000040930705,0.000042385153,0.000055091892,0.000049989612,0.000047624860,0.000061860167,0.000053524998,0.000053927322
163,0.000138630909,0.000139860830,0.000138630909,0.000139860830,0.000139860830,0.000139860830,0.000139860830,0.000139860830,0.000139860830,0.000102323218,0.000106742025,0.000104010794,0.000106776945,0.000104954253,0.000107177038,0.000107065706,0.000106961111,0.000106698954,0.000079129626,0.000074281359,0.000073952863,0.000078825682,0.000076025893,0.000080415905,0.000085746939,0.000082380765,0.000078910822,0.000066429657,0.000064695391,0.000063801931,0.000075075696,0.000074412357,0.000072106821,0.000076107732,0.000078396532,0.000077191561,0.000048238150,0.000040992440,0.000042429109,0.000055196501,0.000050088449,0.000047662982,0.000062255752,0.000053524998,0.000054116325
164,0.000138630909,0.000139860830,0.000138630909,0.000139860830,0.000139860830,0.000139860830,0.000139860830,0.000139860830,0.000139860830,0.000102323218,0.000106742025,0.000104010794,0.000106776945,0.000104954253,0.000107177038,0.000107082804,0.000106961111,0.000106698954,0.000079129626,0.000074281359,0.000073954817,0.000078825682,0.000076056705,0.000080415905,0.000085746939,0.000082380765,0.000078910822,0.000066666956,0.000064956700,0.000063801931,0.000075112621,0.000074421684,0.000072111468,0.000076147711,0.000078404600,0.000077337160,0.000048302181,0.000041096648,0.000042431249,0.000055360842,0.000050385243,0.000047663808,0.000062427399,0.000054102593,0.000054305385
165,0.000138630909,0.000139860830,0.000138630909,0.000139860830,0.000139860830,0.000139860830,0.000139860830,0.000139860830,0.000139860830,0.000102323218,0.000106742025,0.000104010794,0.000106776945,0.000104954253,0.000107177038,0.000107082804,0.000106961111,0.000106698954,0.000079205229,0.000074302339,0.000074216978,0.000078825682,0.000076056705,0.000080481578,0.000085746939,0.000082380765,0.000078910822,0.000066881701,0.000064980714,0.000063801931,0.000075282658,0.000074428883,0.000072719730,0.000076147711,0.000078486016,0.000077454654,0.000048367130,0.000041166927,0.000042542862,0.000055470289,0.000050402511,0.000047709203,0.000062467762,0.000054148215,0.000054422272
166,0.000138630909,0.000139860830,0.000138630909,0.000139860830,0.000139860830,0.000139860830,0.000139860830,0.000139860830,0.000139860830,0.000102323218,0.000106759122,0.000104010794,0.000106776945,0.000104954253,0.000107177038,0.000107082804,0.000106961111,0.000106698954,0.000079210535,0.000074302339,0.000074455889,0.000078831555,0.000076075230,0.000080481578,0.000085746939,0.000082380765,0.000079022802,0.000066901351,0.000065003151,0.000064334764,0.000075282658,0.000074499922,0.000072775871,0.000076216840,0.000078512420,0.000077454654,0.000048538537,0.000041168221,0.000042559073,0.000055651731,0.000050492669,0.000048070705,0.000062677944,0.000054161709,0.000054517708
167,0.000138630909,0.000139860830,0.000138630909,0.000139860830,0.000139860830,0.000139860830,0.000139860830,0.000139860830,0.000139860830,0.000102323218,0.000106759122,0.000104010794,0.000106776945,0.000104954253,0.000107177038,0.000107082804,0.000106961111,0.000106698954,0.000079399910,0.000074302339,0.000074614172,0.000078831555,0.000076075230,0.000080481578,0.000085746939,0.000082380765,0.000079170148,0.000067021593,0.000065082308,0.000064363524,0.000075388586,0.000074515439,0.000072775871,0.000076216840,0.000078533396,0.000077488693,0.000048679980,0.000041222312,0.000042660500,0.000055651731,0.000050536883,0.000048142209,0.000062746626,0.000054196762,0.000054547269
168,0.000138630909,0.000139860830,0.000138630909,0.000139860830,0.000139860830,0.000139860830,0.000139860830,0.000139860830,0.000139860830,0.000102323218,0.000106759122,0.000104010794,0.000106776945,0.000104954253,0.000107177038,0.000107082804,0.000106961111,0.000106698954,0.000079510690,0.000074406279,0.000074631227,0.000079163235,0.000076075230,0.000080481578,0.000085746939,0.000082380765,0.000079170148,0.000067098275,0.000065327614,0.000064479446,0.000075402907,0.000074653988,0.000072775871,0.000076216840,0.000078550564,0.000077598965,0.000048720273,0.000041243662,0.000043117403,0.000055939372,0.000050689555,0.000048222673,0.000063197173,0.000054201909,0.000054964412
169,0.000138630909,0.000139860830,0.000138630909,0.000139860830,0.000139860830,0.000139860830,0.000139860830,0.000139860830,0.000139860830,0.000102323218,0.000106759122,0.000104010794,0.000106776945,0.000104954253,0.000107177038,0.000107082804,0.000106961111,0.000106698954,0.000079510837,0.000074467384,0.000074631227,0.000079163235,0.000076075230,0.000080481578,0.000085746939,0.000082380765,0.000079194583,0.000067119879,0.000065425209,0.000064479446,0.000075478496,0.000074653988,0.000072814953,0.000076237346,0.000078602619,0.000077598965,0.000048871261,0.000041282497,0.000043199790,0.000056042164,0.000050952487,0.000048224179,0.000063353695,0.000054508355,0.000055045681
170,0.000138630909,0.000139860830,0.000138630909,0.000139860830,0.000139860830,0.000139860830,0.000139860830,0.000139860830,0.000139860830,0.000102323218,0.000106759122,0.000104010794,0.000106776945,0.000104954253,0.000107177038,0.000107082804,0.000106961111,0.000106698954,0.000079529956,0.000074487453,0.000074738410,0.000079163235,0.000076075230,0.000080481578,0.000085746939,0.000082380765,0.000079194583,0.000067193058,0.000065483445,0.000064790342,0.000075580837,0.000074657420,0.000072941736,0.000076300520,0.000078604015,0.000077598965,0.000048941137,0.000041547781,0.000043211635,0.000056095383,0.000050964487,0.000048236898,0.000063591109,0.000054514759,0.000055225479
171,0.000138630909,0.000139860830,0.000138630909,0.000139860830,0.000139860830,0.000139860830,0.000139860830,0.000139860830,0.000139860830,0.000102323218,0.000106759122,0.000104010794,0.000106776945,0.000104954253,0.000107177038,0.000107082804,0.000106961111,0.000106698954,0.000079529956,0.000074583550,0.000074738410,0.000079163235,0.000076075230,0.000080481578,0.000085746939,0.000082380765,0.000079195946,0.000067275309,0.000065796150,0.000064790342,0.000075626011,0.000074657420,0.000073089363,0.000076300520,0.000078604015,0.000077598965,0.000049087423,0.000041577590,0.000043266785,0.000056100129,0.000050994360,0.000048236898,0.000063731996,0.000054535706,0.000055323394
172,0.000138630909,0.000139860830,0.000138630909,0.000139860830,0.000139860830,0.000139860830,0.000139860830,0.000139860830,0.000139860830,0.000102323218,0.000106759122,0.000104010794,0.000106776945,0.000104954253,0.000107177038,0.000107082804,0.000106961111,0.000106698954,0.000079533017,0.000074583550,0.000074764234,0.000079163235,0.000076075230,0.000080511367,0.000085746939,0.000082394880,0.000079216171,0.000067375017,0.000065832448,0.000064875248,0.000075712474,0.000074705858,0.000073185033,0.000076395711,0.000078604015,0.000077599389,0.000049119632,0.000041605045,0.000043384236,0.000056279418,0.000051129295,0.000048573828,0.000063846040,0.000054619791,0.000055390501
173,0.000138630909,0.000139860830,0.000138630909,0.000139860830,0.000139860830,0.000139860830,0.000139860830,0.000139860830,0.000139860830,0.000102323218,0.000106759122,0.000104010794,0.000106776945,0.000104954253,0.000107177038,0.000107082804,0.000106961111,0.000106698954,0.000079533017,0.000074781189,0.000074791852,0.000079163235,0.000076075230,0.000080511367,0.000085746939,0.000082394880,0.000079228860,0.000067742383,0.000065890766,0.000064905964,0.000076119784,0.000074811111,0.000073268832,0.000076397666,0.000078604015,0.000077669395,0.000049235575,0.000041656381,0.000043390893,0.000056473221,0.000051212284,0.000048631156,0.000063980545,0.000054784978,0.000055446090
174,0.000138630909,0.000139860830,0.000138630909,0.000139860830,0.000139860830,0.000139860830,0.000139860830,0.000139860830,0.000139860830,0.000102323218,0.000106759122,0.000104010794,0.000106776945,0.000104954253,0.000107177038,0.000107082804,0.000106961111,0.000106698954,0.000079539826,0.000074781189,0.000074791852,0.000079163235,0.000076075230,0.000080558589,0.000085746939,0.000082394880,0.000079228860,0.000068021219,0.000065924200,0.000064928211,0.000076213456,0.000074895737,0.000073392019,0.000076419953,0.000078625729,0.000077669395,0.000049360289,0.000041702084,0.000043391761,0.000056670074,0.000051316670,0.000048631156,0.000064131721,0.000055126073,0.000055777241
175,0.000138630909,0.000139860830,0.000138630909,0.000139860830,0.000139860830,0.000139860830,0.000139860830,0.000139860830,0.000139860830,0.000102323218,0.000106759122,0.000104010794,0.000106776945,0.000104954253,0.000107177038,0.000107082804,0.000106961111,0.000106698954,0.000079539826,0.000074825875,0.000074791852,0.000079213140,0.000076075230,0.000080558589,0.000085746939,0.000082394880,0.000079228860,0.000068050863,0.000066241693,0.000065246788,0.000076228551,0.000074962757,0.000073394849,0.000076420928,0.000078625729,0.000077669896,0.000049461049,0.000041813969,0.000043392716,0.000056798083,0.000051359001,0.000048631156,0.000064248933,0.000055210556,0.000055913652
176,0.000138630909,0.000139860830,0.000138630909,0.000139860830,0.000139860830,0.000139860830,0.000139860830,0.000139860830,0.000139860830,0.000102323218,0.000106759122,0.000104010794,0.000106776945,0.000104954253,0.000107177038,0.000107099901,0.000106961111,0.000106698954,0.000079539826,0.000075252057,0.000074791852,0.000079213140,0.000076127374,0.000080558589,0.000085746939,0.000082394880,0.000079228860,0.000068110897,0.000066241693,0.000065246788,0.000076289283,0.000074962757,0.000073394849,0.000076420928,0.000078679936,0.000077669896,0.000049585684,0.000041829669,0.000043549394,0.000056868960,0.000051571727,0.000048671807,0.000064499588,0.000055299381,0.000055949414
177,0.000138630909,0.000139860830,0.000138630909,0.000139860830,0.000139860830,0.000139860830,0.000139860830,0.000139860830,0.000139860830,0.000102323218,0.000106759122,0.000104010794,0.000106776945,0.000104954253,0.000107177038,0.000107099901,0.000106961111,0.000106698954,0.000079539826,0.000075563413,0.000074791852,0.000079230557,0.000076127374,0.000080698554,0.000085746939,0.000082394880,0.000079230221,0.000068881926,0.000066473715,0.000065346150,0.000076336948,0.000074962757,0.000073521542,0.000076433004,0.000078721613,0.000077733186,0.000049586132,0.000041954855,0.000043674205,0.000056916207,0.000051668932,0.000048683288,0.000064518362,0.000055375675,0.000056065074
178,0.000138630909,0.000139860830,0.000138630909,0.000139860830,0.000139860830,0.000139860830,0.000139860830,0.000139860830,0.000139860830,0.000102323218,0.000106759122,0.000104010794,0.000106776945,0.000104954253,0.000107177038,0.000107099901,0.000106961111,0.000106698954,0.000079603052,0.000075709126,0.000074791852,0.000079230557,0.000076127374,0.000080714686,0.000085746939,0.000082413323,0.000079230221,0.000069106275,0.000066485155,0.000065410513,0.000076336948,0.000075006664,0.000073521542,0.000076433004,0.000078777962,0.000077733186,0.000049657705,0.000041977212,0.000043741015,0.000056953359,0.000051923278,0.000048756438,0.000064714446,0.000055623359,0.000056228883
179,0.000138630909,0.000139860830,0.000138630909,0.000139860830,0.000139860830,0.000139860830,0.000139860830,0.000139860830,0.000139860830,0.000102323218,0.000106759122,0.000104010794,0.000106776945,0.000104954253,0.000107177038,0.000107099901,0.000106961111,0.000106698954,0.000079603052,0.000075784422,0.000074829900,0.000079367371,0.000076127374,0.000080714686,0.000085746939,0.000082413323,0.000079230920,0.000069117417,0.000066490949,0.000065490316,0.000076336948,0.000075185753,0.000073533904,0.000076447096,0.000078777962,0.000077754279,0.000049849438,0.000041989474,0.000044051972,0.000057039604,0.000051968425,0.000048863312,0.000064921504,0.000055702569,0.000056228883
180,0.000138630909,0.000139860830,0.000138630909,0.000139860830,0.000139860830,0.000139860830,0.000139860830,0.000139860830,0.000139860830,0.000102323218,0.000106759122,0.000104081799,0.000106776945,0.000104954253,0.000107177038,0.000107099901,0.000106961111,0.000106698954,0.000079612643,0.000075872904,0.000074960166,0.000079688823,0.000076127374,0.000080714686,0.000085746939,0.000082573461,0.000079230920,0.000069227010,0.000066490949,0.000065490316,0.000076574064,0.000075342285,0.000073821325,0.000076447096,0.000078777962,0.000077754279,0.000049975197,0.000042145688,0.000044174999,0.000057188972,0.000052143425,0.000048883234,0.000064940236,0.000055825976,0.000056306790
181,0.000138630909,0.000139860830,0.000138630909,0.000139860830,0.000139860830,0.000139860830,0.000139860830,0.000139860830,0.000139860830,0.000102323218,0.000106759122,0.000104081799,0.000106776945,0.000104954253,0.000107177038,0.000107099901,0.000106961111,0.000106698954,0.000079612643,0.000076119369,0.000075104843,0.000079688823,0.000076159344,0.000080714686,0.000085746939,0.000082615352,0.000079230920,0.000069377051,0.000066604819,0.000065633540,0.000076574064,0.000075393000,0.000073821325,0.000076459151,0.000078777962,0.000077767425,0.000049990443,0.000042354206,0.000044237352,0.000057259486,0.000052172888,0.000048938759,0.000065130351,0.000056046106,0.000056369253
182,0.000138630909,0.000139860830,0.000138630909,0.000139860830,0.000139860830,0.000139860830,0.000139860830,0.000139860830,0.000139860830,0.000102323218,0.000106759122,0.000104081799,0.000106776945,0.000104954253,0.000107177038,0.000107099901,0.000106961111,0.000106698954,0.000079612643,0.000076119369,0.000075117587,0.000079688823,0.000076206048,0.000080714686,0.000085746939,0.000082705774,0.000079230920,0.000069715197,0.000066617845,0.000065633540,0.000076610399,0.000075470285,0.000073821325,0.000076459151,0.000078777962,0.000077767425,0.000049990443,0.000042440533,0.000044438927,0.000057420975,0.000052295718,0.000048938759,0.000065185158,0.000056158498,0.000056377221
183,0.000138630909,0.000139860830,0.000138630909,0.000139860830,0.000139860830,0.000139860830,0.000139860830,0.000139860830,0.000139860830,0.000102323218,0.000106759122,0.000104081799,0.000106776945,0.000104954253,0.000107177038,0.000107099901,0.000106961111,0.000106698954,0.000079612643,0.000076133473,0.000075117587,0.000079693590,0.000076206048,0.000080913395,0.000085746939,0.000082738061,0.000079230920,0.000069791323,0.000066633850,0.000065663796,0.000076656968,0.000075488068,0.000073821325,0.000076459151,0.000078916894,0.000077774077,0.000050085009,0.000042556301,0.000044508309,0.000057523121,0.000052295739,0.000048948078,0.000065558437,0.000056339107,0.000056734377
184,0.000138630909,0.000139860830,0.000138630909,0.000139860830,0.000139860830,0.000139860830,0.000139860830,0.000139860830,0.000139860830,0.000102323218,0.000106759122,0.000104149082,0.000106776945,0.000104954253,0.000107177038,0.000107158381,0.000106961111,0.000106698954,0.000079613678,0.000076135046,0.000075157153,0.000079693590,0.000076206048,0.000080913395,0.000085746939,0.000082738061,0.000079230920,0.000069883032,0.000066633850,0.000065663796,0.000076662244,0.000075522762,0.000073821325,0.000076459151,0.000078916894,0.000077774077,0.000050131789,0.000042667614,0.000044688005,0.000057664968,0.000052362702,0.000048969980,0.000065827834,0.000056472667,0.000056779610
185,0.000138630909,0.000139860830,0.000138630909,0.000139860830,0.000139860830,0.000139860830,0.000139860830,0.000139860830,0.000139860830,0.000102323218,0.000106759122,0.000104149082,0.000106776945,0.000104954253,0.000107177038,0.000107158381,0.000106961111,0.000106698954,0.000079613678,0.000076340837,0.000075200478,0.000079709743,0.000076206048,0.000080913395,0.000085746939,0.000082738061,0.000079230920,0.000069920574,0.000066671307,0.000065926728,0.000076662244,0.000075522762,0.000073952787,0.000076459151,0.000079032343,0.000077782963,0.000050221845,0.000042752264,0.000044912067,0.000057857248,0.000052376350,0.000049015491,0.000066132831,0.000056472752,0.000056989902
186,0.000138630909,0.000139860830,0.000138630909,0.000139860830,0.000139860830,0.000139860830,0.000139860830,0.000139860830,0.000139860830,0.000102323218,0.000106759122,0.000104149082,0.000106776945,0.000104954253,0.000107177038,0.000107158381,0.000106961111,0.000106698954,0.000079613678,0.000076344761,0.000075208097,0.000079709743,0.000076206048,0.000080913395,0.000085746939,0.000082738061,0.000079230920,0.000070073111,0.000066722796,0.000066017324,0.000076662244,0.000075530584,0.000074036340,0.000076459151,0.000079075675,0.000077807384,0.000050362148,0.000043057620,0.000045009148,0.000057976808,0.000052376601,0.000049071634,0.000066286376,0.000056644874,0.000057093634
187,0.000138630909,0.000139860830,0.000138630909,0.000139860830,0.000139860830,0.000139860830,0.000139860830,0.000139860830,0.000139860830,0.000102323218,0.000106759122,0.000104149082,0.000106776945,0.000104954253,0.000107177038,0.000107158381,0.000106961111,0.000106698954,0.000079613678,0.000076400106,0.000075208097,0.000079709743,0.000076206048,0.000080913395,0.000085746939,0.000082738061,0.000079230920,0.000070123505,0.000066795623,0.000066017324,0.000076852669,0.000075569538,0.000074073459,0.000076459151,0.000079112970,0.000077851745,0.000050383214,0.000043095496,0.000045244027,0.000058116917,0.000052457645,0.000049094343,0.000066427982,0.000056730431,0.000057245752
188,0.000138630909,0.000139860830,0.000138630909,0.000139860830,0.000139860830,0.000139860830,0.000139860830,0.000139860830,0.000139860830,0.000102323218,0.000106759122,0.000104216016,0.000106776945,0.000104954253,0.000107177038,0.000107158381,0.000106961111,0.000106698954,0.000079613678,0.000076679739,0.000075226699,0.000079709743,0.000076208101,0.000081339910,0.000085746939,0.000082799162,0.000079230920,0.000070247363,0.000066820060,0.000066164132,0.000077179501,0.000075872486,0.000074073459,0.000076459151,0.000079162219,0.000077934827,0.000050413460,0.000043226206,0.000045338930,0.000058221572,0.000052593437,0.000049130622,0.000066714209,0.000056816685,0.000057321741
189,0.000138630909,0.000139860830,0.000138630909,0.000139860830,0.000139860830,0.000139860830,0.000139860830,0.000139860830,0.000139860830,0.000102323218,0.000106759122,0.000104284879,0.000106776945,0.000104954253,0.000107177038,0.000107158381,0.000106961111,0.000106698954,0.000079613678,0.000076826349,0.000075233593,0.000079709743,0.000076208101,0.000081339910,0.000085746939,0.000082832224,0.000079230920,0.000070247363,0.000066822798,0.000066180660,0.000077281622,0.000075956037,0.000074073459,0.000076459151,0.000079227230,0.000077997664,0.000050440183,0.000043341474,0.000045412587,0.000058575235,0.000052612241,0.000049236566,0.000066960842,0.000056820811,0.000057325987
190,0.000138630909,0.000139860830,0.000138630909,0.000139860830,0.000139860830,0.000139860830,0.000139860830,0.000139860830,0.000139860830,0.000102323218,0.000106759122,0.000104284879,0.000106776945,0.000104954253,0.000107177038,0.000107158381,0.000106961111,0.000106698954,0.000079613678,0.000077058394,0.000075332292,0.000079709743,0.000076208101,0.000081339910,0.000085746939,0.000082832224,0.000079230920,0.000070266564,0.000067107698,0.000066195683,0.000077357961,0.000075998288,0.000074097010,0.000076471807,0.000079260181,0.000078006595,0.000050457859,0.000043691430,0.000045451217,0.000058733954,0.000052683620,0.000049257642,0.000067139524,0.000056892898,0.000057337578
191,0.000138630909,0.000139860830,0.000138630909,0.000139860830,0.000139860830,0.000139860830,0.000139860830,0.000139860830,0.000139860830,0.000102323218,0.000106759122,0.000104284879,0.000106776945,0.000104954253,0.000107177038,0.000107158381,0.000106961111,0.000106698954,0.000079613678,0.000077067382,0.000075507669,0.000079709743,0.000076208101,0.000081339910,0.000085746939,0.000082832224,0.000079230920,0.000070334044,0.000067167771,0.000066277755,0.000077494951,0.000076109950,0.000074254461,0.000076508675,0.000079284007,0.000078112198,0.000050489968,0.000043836522,0.000045491551,0.000058775574,0.000052737673,0.000049278378,0.000067260409,0.000056899425,0.000057408540
192,0.000138630909,0.000139860830,0.000138630909,0.000139860830,0.000139860830,0.000139860830,0.000139860830,0.000139860830,0.000139860830,0.000102323218,0.000106759122,0.000104358576,0.000106776945,0.000104954253,0.000107177038,0.000107158381,0.000106961111,0.000106698954,0.000079613678,0.000077067382,0.000075510400,0.000079709743,0.000076208101,0.000081339910,0.000085746939,0.000082832224,0.000079230920,0.000070338589,0.000067207344,0.000066302842,0.000077662769,0.000076112362,0.000074254461,0.000076508675,0.000079447519,0.000078124269,0.000050634668,0.000043873298,0.000045584420,0.000058812842,0.000053067185,0.000049333708,0.000067466169,0.000057122158,0.000057586645
193,0.000138630909,0.000139860830,0.000138630909,0.000139860830,0.000139860830,0.000139860830,0.000139860830,0.000139860830,0.000139860830,0.000102323218,0.000106759122,0.000104358576,0.000106776945,0.000104954253,0.000107177038,0.000107158381,0.000106961111,0.000106698954,0.000079613678,0.000077141263,0.000075510400,0.000079709743,0.000076208101,0.000081339910,0.000085746939,0.000082832224,0.000079241828,0.000070600045,0.000067359524,0.000066302842,0.000077662769,0.000076162864,0.000074382761,0.000076508675,0.000079658407,0.000078132378,0.000050716754,0.000043962842,0.000045927776,0.000059001301,0.000053081166,0.000049452881,0.000067544479,0.000057161763,0.000057812705
194,0.000138630909,0.000139860830,0.000138630909,0.000139860830,0.000139860830,0.000139860830,0.000139860830,0.000139860830,0.000139860830,0.000102323218,0.000106759122,0.000104605497,0.000106776945,0.000104954253,0.000107177038,0.000107158381,0.000106961111,0.000106698954,0.000079613678,0.000077183095,0.000075510400,0.000079709743,0.000076208101,0.000081345095,0.000085746939,0.000082832224,0.000079241828,0.000070682478,0.000067380662,0.000066347794,0.000077662769,0.000076172740,0.000074382761,0.000076508675,0.000079822176,0.000078147468,0.000050762541,0.000043964251,0.000045998526,0.000059087044,0.000053184716,0.000049452881,0.000067699394,0.000057166362,0.000057932533
195,0.000138630909,0.000139860830,0.000138630909,0.000139860830,0.000139860830,0.000139860830,0.000139860830,0.000139860830,0.000139860830,0.000102323218,0.000106759122,0.000104605497,0.000106776945,0.000104954253,0.000107177038,0.000107158381,0.000106961111,0.000106698954,0.000079613678,0.000077187560,0.000075510400,0.000079709743,0.000076208101,0.000081345095,0.000085746939,0.000082832224,0.000079241828,0.000070926856,0.000067557150,0.000066628557,0.000077738702,0.000076198239,0.000074382761,0.000076508675,0.000079822176,0.000078179673,0.000050801256,0.000044065045,0.000046027594,0.000059201501,0.000053254267,0.000049470589,0.000067724447,0.000057337391,0.000058003188
196,0.000138630909,0.000139860830,0.000138630909,0.000139860830,0.000139860830,0.000139860830,0.000139860830,0.000139860830,0.000139860830,0.000102323218,0.000106759122,0.000104645344,0.000106776945,0.000104954253,0.000107177038,0.000107158381,0.000106961111,0.000106698954,0.000079613678,0.000077187560,0.000075510400,0.000079709743,0.000076208101,0.000081345095,0.000085746939,0.000082872808,0.000079241828,0.000070968771,0.000067557150,0.000066628557,0.000077738702,0.000076345725,0.000074382761,0.000076508675,0.000079822176,0.000078179673,0.000050923905,0.000044084306,0.000046449949,0.000059326352,0.000053282729,0.000049527527,0.000067843429,0.000057407301,0.000058526665
197,0.000138630909,0.000139860830,0.000138630909,0.000139860830,0.000139860830,0.000139860830,0.000139860830,0.000139860830,0.000139860830,0.000102373229,0.000106759122,0.000104645344,0.000106776945,0.000104954253,0.000107177038,0.000107158381,0.000106961111,0.000106698954,0.000079613678,0.000077187560,0.000075530290,0.000079709743,0.000076208101,0.000081345095,0.000085746939,0.000082872808,0.000079241828,0.000071118000,0.000067877379,0.000066705709,0.000077778844,0.000076411466,0.000074382761,0.000076508675,0.000079822176,0.000078205745,0.000050952164,0.000044131969,0.000046521289,0.000059488123,0.000053294392,0.000049538905,0.000067916291,0.000057448028,0.000058608275
198,0.000138630909,0.000139860830,0.000138630909,0.000139860830,0.000139860830,0.000139860830,0.000139860830,0.000139860830,0.000139860830,0.000102373229,0.000106759122,0.000104762609,0.000106776945,0.000104954253,0.000107177038,0.000107158381,0.000106961111,0.000106698954,0.000079629787,0.000077291914,0.000075569160,0.000079709743,0.000076208101,0.000081379097,0.000085746939,0.000082876487,0.000079241828,0.000071122409,0.000067986216,0.000066773118,0.000077803519,0.000076605607,0.000074490384,0.000076508675,0.000079823193,0.000078334294,0.000051086603,0.000044289408,0.000046522760,0.000060064585,0.000053341243,0.000049742200,0.000068000535,0.000057582393,0.000058846469
199,0.000138630909,0.000139860830,0.000138630909,0.000139860830,0.000139860830,0.000139860830,0.000139860830,0.000139860830,0.000139860830,0.000102373229,0.000106759122,0.000104822997,0.000106776945,0.000104954253,0.000107177038,0.000107158381,0.000106961111,0.000106698954,0.000079629787,0.000077291914,0.000075586453,0.000079709743,0.000076208101,0.000081401643,0.000085746939,0.000082876487,0.000079241828,0.000071122409,0.000068078117,0.000066817616,0.000077806932,0.000076656965,0.000074490384,0.000076508675,0.000079862047,0.000078365570,0.000051133019,0.000044347541,0.000046525679,0.000060064585,0.000053487227,0.000049792211,0.000068083822,0.000057582393,0.000058846469
200,0.000138630909,0.000139860830,0.000138630909,0.000139860830,0.000139860830,0.000139860830,0.000139860830,0.000139860830,0.000139860830,0.000102373229,0.000106759122,0.000104822997,0.000106776945,0.000104954253,0.000107177038,0.000107158381,0.000106961111,0.000106698954,0.000079629787,0.000077490027,0.000075725167,0.000079709743,0.000076208101,0.000081401643,0.000085746939,0.000082876487,0.000079241828,0.000071182865,0.000068078117,0.000066817616,0.000077848025,0.000076656965,0.000074490384,0.000076521104,0.000079862047,0.000078365570,0.000051228521,0.000044347541,0.000046525679,0.000060122919,0.000053499005,0.000049807020,0.000068154541,0.000057646961,0.000058853319
201,0.000000000000,0.000139860830,0.000138630909,0.000000000000,0.000139860830,0.000139860830,0.000000000000,0.000139860830,0.000139860830,0.000000000000,0.000106759122,0.000104822997,0.000000000000,0.000104954253,0.000107177038,0.000000000000,0.000106961111,0.000106698954,0.000000000000,0.000077562580,0.000075725167,0.000000000000,0.000076208101,0.000081434197,0.000000000000,0.000082876487,0.000079241828,0.000000000000,0.000068098085,0.000066844741,0.000000000000,0.000076656965,0.000074901716,0.000000000000,0.000079901425,0.000078365570,0.000000000000,0.000044357151,0.000046525679,0.000000000000,0.000053658094,0.000049841666,0.000000000000,0.000057653422,0.000058910084
202,0.000000000000,0.000139860830,0.000138630909,0.000000000000,0.000139860830,0.000139860830,0.000000000000,0.000139860830,0.000139860830,0.000000000000,0.000106759122,0.000104893960,0.000000000000,0.000104954253,0.000107177038,0.000000000000,0.000106961111,0.000106698954,0.000000000000,0.000077636186,0.000075860259,0.000000000000,0.000076208101,0.000081447188,0.000000000000,0.000082876487,0.000079241828,0.000000000000,0.000068194729,0.000066866968,0.000000000000,0.000076726440,0.000074901716,0.000000000000,0.000079901425,0.000078365570,0.000000000000,0.000044419043,0.000046752264,0.000000000000,0.000053685772,0.000049844835,0.000000000000,0.000057718104,0.000058910202
203,0.000000000000,0.000139860830,0.000138630909,0.000000000000,0.000139860830,0.000139860830,0.000000000000,0.000139860830,0.000139860830,0.000000000000,0.000106759122,0.000104966135,0.000000000000,0.000104954253,0.000107177038,0.000000000000,0.000106961111,0.000106698954,0.000000000000,0.000077674452,0.000075860259,0.000000000000,0.000076208101,0.000081447188,0.000000000000,0.000082876487,0.000079241959,0.000000000000,0.000068341848,0.000066866968,0.000000000000,0.000076824028,0.000074932762,0.000000000000,0.000079928378,0.000078365570,0.000000000000,0.000044489496,0.000046949777,0.000000000000,0.000053686749,0.000049884246,0.000000000000,0.000057749973,0.000058910202
204,0.000000000000,0.000139860830,0.000138630909,0.000000000000,0.000139860830,0.000139860830,0.000000000000,0.000139860830,0.000139860830,0.000000000000,0.000106759122,0.000104966135,0.000000000000,0.000104954253,0.000107177038,0.000000000000,0.000106961111,0.000106698954,0.000000000000,0.000077878543,0.000075935942,0.000000000000,0.000076236182,0.000081447188,0.000000000000,0.000082876487,0.000079241959,0.000000000000,0.000068426522,0.000066866968,0.000000000000,0.000076836582,0.000075065334,0.000000000000,0.000080016394,0.000078365570,0.000000000000,0.000044576214,0.000047096453,0.000000000000,0.000053759304,0.000049892098,0.000000000000,0.000058339274,0.000058986030
205,0.000000000000,0.000139860830,0.000138630909,0.000000000000,0.000139860830,0.000139860830,0.000000000000,0.000139860830,0.000139860830,0.000000000000,0.000106759122,0.000105240818,0.000000000000,0.000104954253,0.000107177038,0.000000000000,0.000106961111,0.000106698954,0.000000000000,0.000077878543,0.000076012266,0.000000000000,0.000076236182,0.000081456639,0.000000000000,0.000082876487,0.000079241959,0.000000000000,0.000068426522,0.000066869880,0.000000000000,0.000076905267,0.000075105493,0.000000000000,0.000080050855,0.000078389476,0.000000000000,0.000044576214,0.000047096453,0.000000000000,0.000053882879,0.000049892098,0.000000000000,0.000058624228,0.000058986137
206,0.000000000000,0.000139860830,0.000138630909,0.000000000000,0.000139860830,0.000139860830,0.000000000000,0.000139860830,0.000139860830,0.000000000000,0.000106759122,0.000105240818,0.000000000000,0.000104954253,0.000107177038,0.000000000000,0.000106961111,0.000106698954,0.000000000000,0.000077878543,0.000076012266,0.000000000000,0.000076236182,0.000081456639,0.000000000000,0.000082883740,0.000079241959,0.000000000000,0.000068472524,0.000066869880,0.000000000000,0.000076933859,0.000075175684,0.000000000000,0.000080146531,0.000078389476,0.000000000000,0.000044592473,0.000047142712,0.000000000000,0.000053965280,0.000049909416,0.000000000000,0.000058686351,0.000059088970
207,0.000000000000,0.000139860830,0.000138630909,0.000000000000,0.000139860830,0.000139860830,0.000000000000,0.000139860830,0.000139860830,0.000000000000,0.000106759122,0.000105240818,0.000000000000,0.000104954253,0.000107177038,0.000000000000,0.000106961111,0.000106698954,0.000000000000,0.000077878543,0.000076095235,0.000000000000,0.000076253213,0.000081456639,0.000000000000,0.000082883740,0.000079241959,0.000000000000,0.000068536718,0.000066869880,0.000000000000,0.000076933859,0.000075182989,0.000000000000,0.000080146531,0.000078389476,0.000000000000,0.000044678948,0.000047292647,0.000000000000,0.000053993462,0.000049915086,0.000000000000,0.000058767879,0.000059251337
208,0.000000000000,0.000139860830,0.000138630909,0.000000000000,0.000139860830,0.000139860830,0.000000000000,0.000139860830,0.000139860830,0.000000000000,0.000106759122,0.000105240818,0.000000000000,0.000104954253,0.000107177038,0.000000000000,0.000106961111,0.000106698954,0.000000000000,0.000077878543,0.000076135260,0.000000000000,0.000076280493,0.000081475734,0.000000000000,0.000082883740,0.000079241959,0.000000000000,0.000068581952,0.000066869880,0.000000000000,0.000076933859,0.000075182989,0.000000000000,0.000080153417,0.000078389476,0.000000000000,0.000044729543,0.000047392223,0.000000000000,0.000054142000,0.000050260044,0.000000000000,0.000058781517,0.000059251440
209,0.000000000000,0.000139860830,0.000138630909,0.000000000000,0.000139860830,0.000139860830,0.000000000000,0.000139860830,0.000139860830,0.000000000000,0.000106759122,0.000105240818,0.000000000000,0.000104954253,0.000107177038,0.000000000000,0.000106961111,0.000106698954,0.000000000000,0.000078564610,0.000076135260,0.000000000000,0.000076280493,0.000081475734,0.000000000000,0.000082883740,0.000079310772,0.000000000000,0.000068650429,0.000066870218,0.000000000000,0.000076933859,0.000075313788,0.000000000000,0.000080153417,0.000078389476,0.000000000000,0.000044760696,0.000047416606,0.000000000000,0.000054142000,0.000050311936,0.000000000000,0.000058978126,0.000059362948
210,0.000000000000,0.000139860830,0.000138630909,0.000000000000,0.000139860830,0.000139860830,0.000000000000,0.000139860830,0.000139860830,0.000000000000,0.000106759122,0.000105240818,0.000000000000,0.000104954253,0.000107177038,0.000000000000,0.000106961111,0.000106698954,0.000000000000,0.000078564610,0.000076766860,0.000000000000,0.000076280493,0.000081475734,0.000000000000,0.000082883740,0.000079310772,0.000000000000,0.000068820764,0.000066870944,0.000000000000,0.000077009562,0.000075336601,0.000000000000,0.000080228149,0.000078389476,0.000000000000,0.000044820894,0.000047416606,0.000000000000,0.000054204178,0.000050323732,0.000000000000,0.000059117169,0.000059413210
211,0.000000000000,0.000139860830,0.000138630909,0.000000000000,0.000139860830,0.000139860830,0.000000000000,0.000139860830,0.000139860830,0.000000000000,0.000106759122,0.000105240818,0.000000000000,0.000104954253,0.000107177038,0.000000000000,0.000106961111,0.000106698954,0.000000000000,0.000078664530,0.000076826153,0.000000000000,0.000076280493,0.000081492083,0.000000000000,0.000082883740,0.000079310772,0.000000000000,0.000068833425,0.000066870944,0.000000000000,0.000077053238,0.000075363464,0.000000000000,0.000080228149,0.000078389476,0.000000000000,0.000044894533,0.000047509420,0.000000000000,0.000054309693,0.000050479139,0.000000000000,0.000059162466,0.000059413210
212,0.000000000000,0.000139860830,0.000138630909,0.000000000000,0.000139860830,0.000139860830,0.000000000000,0.000139860830,0.000139860830,0.000000000000,0.000106759122,0.000105800732,0.000000000000,0.000104954253,0.000107177038,0.000000000000,0.000106961111,0.000106698954,0.000000000000,0.000078664530,0.000076826153,0.000000000000,0.000076280493,0.000081492083,0.000000000000,0.000082883740,0.000079310772,0.000000000000,0.000068918473,0.000066884341,0.000000000000,0.000077053238,0.000075416818,0.000000000000,0.000080228149,0.000078389476,0.000000000000,0.000045024966,0.000047513982,0.000000000000,0.000054476925,0.000050493587,0.000000000000,0.000059196030,0.000059460991
213,0.000000000000,0.000139860830,0.000138630909,0.000000000000,0.000139860830,0.000139860830,0.000000000000,0.000139860830,0.000139860830,0.000000000000,0.000106759122,0.000105800732,0.000000000000,0.000104954253,0.000107177038,0.000000000000,0.000106961111,0.000106698954,0.000000000000,0.000078782712,0.000076901050,0.000000000000,0.000076290826,0.000081492083,0.000000000000,0.000082883740,0.000079310772,0.000000000000,0.000068936858,0.000067312381,0.000000000000,0.000077086589,0.000075576359,0.000000000000,0.000080286820,0.000078389476,0.000000000000,0.000045277619,0.000047621068,0.000000000000,0.000054711994,0.000050700269,0.000000000000,0.000059203621,0.000059461252
214,0.000000000000,0.000139860830,0.000138630909,0.000000000000,0.000139860830,0.000139860830,0.000000000000,0.000139860830,0.000139860830,0.000000000000,0.000106759122,0.000105800732,0.000000000000,0.000104954253,0.000107177038,0.000000000000,0.000106961111,0.000106698954,0.000000000000,0.000078782712,0.000076901050,0.000000000000,0.000076356111,0.000081492083,0.000000000000,0.000082883740,0.000079310772,0.000000000000,0.000068936858,0.000067436084,0.000000000000,0.000077153155,0.000075831438,0.000000000000,0.000080286820,0.000078395690,0.000000000000,0.000045319196,0.000047770816,0.000000000000,0.000054843828,0.000050756970,0.000000000000,0.000059495100,0.000059461529
215,0.000000000000,0.000139860830,0.000138630909,0.000000000000,0.000139860830,0.000139860830,0.000000000000,0.000139860830,0.000139860830,0.000000000000,0.000106759122,0.000105800732,0.000000000000,0.000104954253,0.000107177038,0.000000000000,0.000106961111,0.000106698954,0.000000000000,0.000079125854,0.000076901050,0.000000000000,0.000076356111,0.000081492083,0.000000000000,0.000082883740,0.000079310772,0.000000000000,0.000068936858,0.000067893202,0.000000000000,0.000077276613,0.000075845020,0.000000000000,0.000080286820,0.000078395690,0.000000000000,0.000045319196,0.000047770816,0.000000000000,0.000054992634,0.000050784697,0.000000000000,0.000059518365,0.000059463437
216,0.000000000000,0.000139860830,0.000138630909,0.000000000000,0.000139860830,0.000139860830,0.000000000000,0.000139860830,0.000139860830,0.000000000000,0.000106759122,0.000105800732,0.000000000000,0.000104954253,0.000107177038,0.000000000000,0.000106961111,0.000106698954,0.000000000000,0.000079125854,0.000076901050,0.000000000000,0.000076356111,0.000081492083,0.000000000000,0.000082883740,0.000079310772,0.000000000000,0.000069070336,0.000067925436,0.000000000000,0.000077276613,0.000075845020,0.000000000000,0.000080373775,0.000078422946,0.000000000000,0.000045473913,0.000047770994,0.000000000000,0.000055042686,0.000050801976,0.000000000000,0.000059553328,0.000059499302
217,0.000000000000,0.000139860830,0.000138630909,0.000000000000,0.000139860830,0.000139860830,0.000000000000,0.000139860830,0.000139860830,0.000000000000,0.000106759122,0.000105800732,0.000000000000,0.000104954253,0.000107177038,0.000000000000,0.000106961111,0.000106698954,0.000000000000,0.000079125854,0.000076958870,0.000000000000,0.000076356111,0.000081492083,0.000000000000,0.000082883740,0.000079310772,0.000000000000,0.000069070336,0.000067925436,0.000000000000,0.000077321265,0.000075845020,0.000000000000,0.000080373775,0.000078422946,0.000000000000,0.000045495715,0.000047871360,0.000000000000,0.000055150056,0.000050805915,0.000000000000,0.000059691876,0.000059544711
218,0.000000000000,0.000139860830,0.000138630909,0.000000000000,0.000139860830,0.000139860830,0.000000000000,0.000139860830,0.000139860830,0.000000000000,0.000106759122,0.000105800732,0.000000000000,0.000104954253,0.000107177038,0.000000000000,0.000106961111,0.000106698954,0.000000000000,0.000079125854,0.000076981453,0.000000000000,0.000076357193,0.000081492083,0.000000000000,0.000082883740,0.000079310772,0.000000000000,0.000069070336,0.000067925436,0.000000000000,0.000077378915,0.000075908587,0.000000000000,0.000080425108,0.000078422946,0.000000000000,0.000045572286,0.000048282807,0.000000000000,0.000055172075,0.000050860449,0.000000000000,0.000060055323,0.000059558280
219,0.000000000000,0.000139860830,0.000138630909,0.000000000000,0.000139860830,0.000139860830,0.000000000000,0.000139860830,0.000139860830,0.000000000000,0.000106759122,0.000106003209,0.000000000000,0.000104954253,0.000107177038,0.000000000000,0.000106961111,0.000106698954,0.000000000000,0.000079178070,0.000076981453,0.000000000000,0.000076357193,0.000081492083,0.000000000000,0.000082883740,0.000079310772,0.000000000000,0.000069083000,0.000067971153,0.000000000000,0.000077378915,0.000075908587,0.000000000000,0.000080425108,0.000078422946,0.000000000000,0.000045623229,0.000048282900,0.000000000000,0.000055249782,0.000050892745,0.000000000000,0.000060127405,0.000059590552
220,0.000000000000,0.000139860830,0.000138630909,0.000000000000,0.000139860830,0.000139860830,0.000000000000,0.000139860830,0.000139860830,0.000000000000,0.000106759122,0.000106003209,0.000000000000,0.000104954253,0.000107177038,0.000000000000,0.000106961111,0.000106698954,0.000000000000,0.000079210174,0.000076981453,0.000000000000,0.000076357193,0.000081492083,0.000000000000,0.000082883740,0.000079310772,0.000000000000,0.000069107233,0.000068028556,0.000000000000,0.000077378915,0.000075978395,0.000000000000,0.000080425108,0.000078422946,0.000000000000,0.000045738631,0.000048282900,0.000000000000,0.000055287537,0.000050921253,0.000000000000,0.000060182126,0.000059590552
221,0.000000000000,0.000139860830,0.000138630909,0.000000000000,0.000139860830,0.000139860830,0.000000000000,0.000139860830,0.000139860830,0.000000000000,0.000106759122,0.000106003209,0.000000000000,0.000104954253,0.000107177038,0.000000000000,0.000106961111,0.000106698954,0.000000000000,0.000079583568,0.000076981453,0.000000000000,0.000076357193,0.000081492083,0.000000000000,0.000082883740,0.000079310772,0.000000000000,0.000069213908,0.000068056732,0.000000000000,0.000077497873,0.000075981035,0.000000000000,0.000080425108,0.000078422946,0.000000000000,0.000045800272,0.000048282900,0.000000000000,0.000055368606,0.000051075178,0.000000000000,0.000060349918,0.000059600178
222,0.000000000000,0.000139860830,0.000138630909,0.000000000000,0.000139860830,0.000139860830,0.000000000000,0.000139860830,0.000139860830,0.000000000000,0.000106759122,0.000106003209,0.000000000000,0.000104954253,0.000107177038,0.000000000000,0.000106961111,0.000106698954,0.000000000000,0.000079772380,0.000076981453,0.000000000000,0.000076357193,0.000081492083,0.000000000000,0.000082883740,0.000079310772,0.000000000000,0.000069244720,0.000068056732,0.000000000000,0.000077497873,0.000075981035,0.000000000000,0.000080425108,0.000078422946,0.000000000000,0.000045815431,0.000048400975,0.000000000000,0.000055508657,0.000051131333,0.000000000000,0.000060349918,0.000059616160
223,0.000000000000,0.000139860830,0.000138630909,0.000000000000,0.000139860830,0.000139860830,0.000000000000,0.000139860830,0.000139860830,0.000000000000,0.000106759122,0.000106003209,0.000000000000,0.000104954253,0.000107177038,0.000000000000,0.000106961111,0.000106698954,0.000000000000,0.000079772380,0.000076981453,0.000000000000,0.000076357193,0.000081492083,0.000000000000,0.000082883740,0.000079310772,0.000000000000,0.000069260798,0.000068170886,0.000000000000,0.000077497873,0.000075981035,0.000000000000,0.000080425108,0.000078422946,0.000000000000,0.000045815505,0.000048565654,0.000000000000,0.000055590904,0.000051131333,0.000000000000,0.000060432139,0.000059670708
224,0.000000000000,0.000139860830,0.000138630909,0.000000000000,0.000139860830,0.000139860830,0.000000000000,0.000139860830,0.000139860830,0.000000000000,0.000106759122,0.000106090039,0.000000000000,0.000104954253,0.000107177038,0.000000000000,0.000106961111,0.000106698954,0.000000000000,0.000079772380,0.000076981453,0.000000000000,0.000076357193,0.000081497313,0.000000000000,0.000082883740,0.000079310772,0.000000000000,0.000069282502,0.000068178854,0.000000000000,0.000077666739,0.000076604613,0.000000000000,0.000080447787,0.000078422946,0.000000000000,0.000045855933,0.000048669708,0.000000000000,0.000055623403,0.000051131333,0.000000000000,0.000060474396,0.000059732642
225,0.000000000000,0.000139860830,0.000138630909,0.000000000000,0.000139860830,0.000139860830,0.000000000000,0.000139860830,0.000139860830,0.000000000000,0.000106759122,0.000106090039,0.000000000000,0.000104954253,0.000107177038,0.000000000000,0.000106961111,0.000106698954,0.000000000000,0.000079815222,0.000076985523,0.000000000000,0.000076357193,0.000081497313,0.000000000000,0.000082883740,0.000079310772,0.000000000000,0.000069340990,0.000068189051,0.000000000000,0.000077675618,0.000076648982,0.000000000000,0.000080447787,0.000078422946,0.000000000000,0.000045991033,0.000048734637,0.000000000000,0.000055662634,0.000051187659,0.000000000000,0.000060555341,0.000059783539
226,0.000000000000,0.000139860830,0.000138630909,0.000000000000,0.000139860830,0.000139860830,0.000000000000,0.000139860830,0.000139860830,0.000000000000,0.000106759122,0.000106090039,0.000000000000,0.000104954253,0.000107177038,0.000000000000,0.000106961111,0.000106698954,0.000000000000,0.000079832764,0.000077039702,0.000000000000,0.000076357193,0.000081497313,0.000000000000,0.000082883740,0.000079310772,0.000000000000,0.000069340990,0.000068224033,0.000000000000,0.000077749629,0.000076648982,0.000000000000,0.000080447787,0.000078422946,0.000000000000,0.000046082968,0.000048738346,0.000000000000,0.000055825936,0.000051194424,0.000000000000,0.000060628900,0.000059783539
227,0.000000000000,0.000139860830,0.000138630909,0.000000000000,0.000139860830,0.000139860830,0.000000000000,0.000139860830,0.000139860830,0.000000000000,0.000106759122,0.000106090039,0.000000000000,0.000104954253,0.000107177038,0.000000000000,0.000106961111,0.000106698954,0.000000000000,0.000079832764,0.000077039702,0.000000000000,0.000076357193,0.000081497313,0.000000000000,0.000082883740,0.000079310772,0.000000000000,0.000069351382,0.000068260457,0.000000000000,0.000077799896,0.000076648982,0.000000000000,0.000080447787,0.000078507157,0.000000000000,0.000046128559,0.000048773964,0.000000000000,0.000056078782,0.000051360069,0.000000000000,0.000060844442,0.000059783539
228,0.000000000000,0.000139860830,0.000138630909,0.000000000000,0.000139860830,0.000139860830,0.000000000000,0.000139860830,0.000139860830,0.000000000000,0.000106759122,0.000106090039,0.000000000000,0.000105003723,0.000107177038,0.000000000000,0.000106961111,0.000106698954,0.000000000000,0.000079832764,0.000077039702,0.000000000000,0.000076357193,0.000081509296,0.000000000000,0.000082883740,0.000079310772,0.000000000000,0.000069572124,0.000068548855,0.000000000000,0.000077799896,0.000076648982,0.000000000000,0.000080447787,0.000078507157,0.000000000000,0.000046285787,0.000048777792,0.000000000000,0.000056078782,0.000051642739,0.000000000000,0.000060889562,0.000059999417
229,0.000000000000,0.000139860830,0.000138630909,0.000000000000,0.000139860830,0.000139860830,0.000000000000,0.000139860830,0.000139860830,0.000000000000,0.000106759122,0.000106090039,0.000000000000,0.000105015987,0.000107177038,0.000000000000,0.000106961111,0.000106698954,0.000000000000,0.000079878595,0.000077039702,0.000000000000,0.000076357193,0.000081509296,0.000000000000,0.000082883740,0.000079310772,0.000000000000,0.000069814835,0.000068771449,0.000000000000,0.000077799896,0.000076648982,0.000000000000,0.000080482059,0.000078507157,0.000000000000,0.000046285787,0.000048909444,0.000000000000,0.000056152009,0.000051698902,0.000000000000,0.000060982487,0.000060016560
230,0.000000000000,0.000139860830,0.000138630909,0.000000000000,0.000139860830,0.000139860830,0.000000000000,0.000139860830,0.000139860830,0.000000000000,0.000106759122,0.000106090039,0.000000000000,0.000105015987,0.000107177038,0.000000000000,0.000106961111,0.000106698954,0.000000000000,0.000079878595,0.000077039702,0.000000000000,0.000076357193,0.000081509296,0.000000000000,0.000082883740,0.000079310772,0.000000000000,0.000070015094,0.000068834342,0.000000000000,0.000077799896,0.000076648982,0.000000000000,0.000080495825,0.000078507157,0.000000000000,0.000046336849,0.000048935317,0.000000000000,0.000056323142,0.000051738891,0.000000000000,0.000061013067,0.000060141835
231,0.000000000000,0.000139860830,0.000138630909,0.000000000000,0.000139860830,0.000139860830,0.000000000000,0.000139860830,0.000139860830,0.000000000000,0.000106759122,0.000106090039,0.000000000000,0.000105015987,0.000107177038,0.000000000000,0.000106961111,0.000106698954,0.000000000000,0.000079878595,0.000077039702,0.000000000000,0.000076357193,0.000081509296,0.000000000000,0.000082883740,0.000079310772,0.000000000000,0.000070120498,0.000069187136,0.000000000000,0.000077799896,0.000076648982,0.000000000000,0.000080495825,0.000078507157,0.000000000000,0.000046350369,0.000048939348,0.000000000000,0.000056515510,0.000051814625,0.000000000000,0.000061090016,0.000060144892
232,0.000000000000,0.000139860830,0.000138938242,0.000000000000,0.000139860830,0.000139860830,0.000000000000,0.000139860830,0.000139860830,0.000000000000,0.000106759122,0.000106090039,0.000000000000,0.000105015987,0.000107177038,0.000000000000,0.000106961111,0.000106698954,0.000000000000,0.000079878595,0.000077039702,0.000000000000,0.000076357193,0.000081733509,0.000000000000,0.000082883740,0.000079310772,0.000000000000,0.000070285644,0.000069560545,0.000000000000,0.000077799896,0.000076651500,0.000000000000,0.000080495825,0.000078701812,0.000000000000,0.000046364033,0.000048939348,0.000000000000,0.000056635317,0.000051870456,0.000000000000,0.000061153632,0.000060163044
233,0.000000000000,0.000139860830,0.000138959387,0.000000000000,0.000139860830,0.000139860830,0.000000000000,0.000139860830,0.000139860830,0.000000000000,0.000106759122,0.000106090039,0.000000000000,0.000105102018,0.000107177038,0.000000000000,0.000106961111,0.000106698954,0.000000000000,0.000079878595,0.000077077218,0.000000000000,0.000076357193,0.000081733848,0.000000000000,0.000082883740,0.000079310772,0.000000000000,0.000070292527,0.000069560545,0.000000000000,0.000077835486,0.000076663214,0.000000000000,0.000080495825,0.000078726319,0.000000000000,0.000046652343,0.000048977484,0.000000000000,0.000056825816,0.000051961747,0.000000000000,0.000061321110,0.000060164410
234,0.000000000000,0.000139860830,0.000139245869,0.000000000000,0.000139860830,0.000139860830,0.000000000000,0.000139860830,0.000139860830,0.000000000000,0.000106759122,0.000106090039,0.000000000000,0.000105279724,0.000107177038,0.000000000000,0.000106961111,0.000106864664,0.000000000000,0.000079878595,0.000077077218,0.000000000000,0.000076357193,0.000081733848,0.000000000000,0.000082883740,0.000079310772,0.000000000000,0.000070292527,0.000069687625,0.000000000000,0.000077835486,0.000076663214,0.000000000000,0.000080495825,0.000078726319,0.000000000000,0.000046667755,0.000049041285,0.000000000000,0.000057052274,0.000051961747,0.000000000000,0.000061445111,0.000060235292
235,0.000000000000,0.000139860830,0.000139245869,0.000000000000,0.000139860830,0.000139860830,0.000000000000,0.000139860830,0.000139860830,0.000000000000,0.000106759122,0.000106090039,0.000000000000,0.000105398690,0.000107177038,0.000000000000,0.000106961111,0.000106942835,0.000000000000,0.000079896872,0.000077077218,0.000000000000,0.000076357193,0.000081743144,0.000000000000,0.000082883740,0.000079310772,0.000000000000,0.000070292527,0.000069759894,0.000000000000,0.000077835486,0.000076837067,0.000000000000,0.000080495825,0.000078836532,0.000000000000,0.000046694940,0.000049057556,0.000000000000,0.000057132202,0.000051961747,0.000000000000,0.000061527240,0.000060312872
236,0.000000000000,0.000139860830,0.000139245869,0.000000000000,0.000139860830,0.000139860830,0.000000000000,0.000139860830,0.000139860830,0.000000000000,0.000106759122,0.000106178492,0.000000000000,0.000105398690,0.000107177038,0.000000000000,0.000106961111,0.000107080355,0.000000000000,0.000079896872,0.000077077218,0.000000000000,0.000076357193,0.000082034762,0.000000000000,0.000082883740,0.000079310772,0.000000000000,0.000070305229,0.000069771981,0.000000000000,0.000077835486,0.000076982192,0.000000000000,0.000080495825,0.000078836532,0.000000000000,0.000046753624,0.000049173675,0.000000000000,0.000057391213,0.000052027053,0.000000000000,0.000061593042,0.000060338419
237,0.000000000000,0.000139860830,0.000139245869,0.000000000000,0.000139860830,0.000139860830,0.000000000000,0.000139860830,0.000139860830,0.000000000000,0.000106759122,0.000106178492,0.000000000000,0.000105445337,0.000107177038,0.000000000000,0.000106961111,0.000107114523,0.000000000000,0.000079896872,0.000077077218,0.000000000000,0.000076357193,0.000082034762,0.000000000000,0.000082883740,0.000079310772,0.000000000000,0.000070322573,0.000069859521,0.000000000000,0.000077861208,0.000077212165,0.000000000000,0.000080515946,0.000078836532,0.000000000000,0.000046753624,0.000049173675,0.000000000000,0.000057415412,0.000052027053,0.000000000000,0.000061612767,0.000060363723
238,0.000000000000,0.000139860830,0.000139245869,0.000000000000,0.000139860830,0.000139860830,0.000000000000,0.000139860830,0.000139860830,0.000000000000,0.000106759122,0.000106178492,0.000000000000,0.000105605191,0.000107177038,0.000000000000,0.000106961111,0.000107114523,0.000000000000,0.000079896872,0.000077077218,0.000000000000,0.000076357193,0.000082073443,0.000000000000,0.000082883740,0.000079310772,0.000000000000,0.000070485640,0.000070060776,0.000000000000,0.000077923491,0.000077324169,0.000000000000,0.000080522449,0.000078836532,0.000000000000,0.000046759399,0.000049216748,0.000000000000,0.000057421230,0.000052098371,0.000000000000,0.000061676067,0.000060386399
239,0.000000000000,0.000139860830,0.000139245869,0.000000000000,0.000139860830,0.000139860830,0.000000000000,0.000139860830,0.000139860830,0.000000000000,0.000106759122,0.000106178492,0.000000000000,0.000105605191,0.000107177038,0.000000000000,0.000106961111,0.000107114523,0.000000000000,0.000080013258,0.000077077218,0.000000000000,0.000076357193,0.000082133416,0.000000000000,0.000082883740,0.000079310772,0.000000000000,0.000070516657,0.000070173130,0.000000000000,0.000077923491,0.000077324169,0.000000000000,0.000080529384,0.000078836532,0.000000000000,0.000046846128,0.000049369426,0.000000000000,0.000057560156,0.000052098371,0.000000000000,0.000061855603,0.000060386399
240,0.000000000000,0.000139860830,0.000139245869,0.000000000000,0.000139860830,0.000139860830,0.000000000000,0.000139860830,0.000139860830,0.000000000000,0.000106759122,0.000106178492,0.000000000000,0.000105605191,0.000107177038,0.000000000000,0.000106961111,0.000107114523,0.000000000000,0.000080230203,0.000077077218,0.000000000000,0.000076357193,0.000082133416,0.000000000000,0.000082883740,0.000079310772,0.000000000000,0.000070528054,0.000070335551,0.000000000000,0.000077923491,0.000077453000,0.000000000000,0.000080573986,0.000078836532,0.000000000000,0.000046938247,0.000049432420,0.000000000000,0.000057602044,0.000052164037,0.000000000000,0.000062011764,0.000060408518
241,0.000000000000,0.000139860830,0.000139245869,0.000000000000,0.000139860830,0.000139860830,0.000000000000,0.000139860830,0.000139860830,0.000000000000,0.000106759122,0.000106178492,0.000000000000,0.000105605191,0.000107177038,0.000000000000,0.000106961111,0.000107114523,0.000000000000,0.000080315448,0.000077077218,0.000000000000,0.000076357193,0.000082133416,0.000000000000,0.000082883740,0.000079310772,0.000000000000,0.000070532651,0.000070379972,0.000000000000,0.000077966396,0.000077466531,0.000000000000,0.000080573986,0.000078927145,0.000000000000,0.000046957456,0.000049432420,0.000000000000,0.000057726775,0.000052177256,0.000000000000,0.000062161303,0.000060408518
242,0.000000000000,0.000139860830,0.000139245869,0.000000000000,0.000139860830,0.000139860830,0.000000000000,0.000139860830,0.000139860830,0.000000000000,0.000106759122,0.000106178492,0.000000000000,0.000105605191,0.000107177038,0.000000000000,0.000106961111,0.000107114523,0.000000000000,0.000080315448,0.000077077218,0.000000000000,0.000076357193,0.000082133416,0.000000000000,0.000082883740,0.000079310772,0.000000000000,0.000070532651,0.000070394866,0.000000000000,0.000077966396,0.000077474622,0.000000000000,0.000080573986,0.000078937802,0.000000000000,0.000047062347,0.000049475421,0.000000000000,0.000057829175,0.000052319668,0.000000000000,0.000062220706,0.000060408518
243,0.000000000000,0.000139860830,0.000139245869,0.000000000000,0.000139860830,0.000139860830,0.000000000000,0.000139860830,0.000139860830,0.000000000000,0.000106759122,0.000106178492,0.000000000000,0.000105605191,0.000107177038,0.000000000000,0.000106961111,0.000107114523,0.000000000000,0.000080478230,0.000077105882,0.000000000000,0.000076357193,0.000082133416,0.000000000000,0.000082883740,0.000079310772,0.000000000000,0.000070569444,0.000070429861,0.000000000000,0.000077966396,0.000077640119,0.000000000000,0.000080573986,0.000078937802,0.000000000000,0.000047093643,0.000049553420,0.000000000000,0.000057829175,0.000052380069,0.000000000000,0.000062277917,0.000060428561
244,0.000000000000,0.000139860830,0.000139245869,0.000000000000,0.000139860830,0.000139860830,0.000000000000,0.000139860830,0.000139860830,0.000000000000,0.000106759122,0.000106178492,0.000000000000,0.000105605191,0.000107177038,0.000000000000,0.000106961111,0.000107114523,0.000000000000,0.000080478230,0.000077105882,0.000000000000,0.000076357193,0.000082133416,0.000000000000,0.000082883740,0.000079310772,0.000000000000,0.000070569444,0.000070441810,0.000000000000,0.000077966396,0.000077640119,0.000000000000,0.000080652516,0.000079037139,0.000000000000,0.000047126028,0.000049635950,0.000000000000,0.000057983432,0.000052415607,0.000000000000,0.000062314146,0.000060428561
245,0.000000000000,0.000139860830,0.000139245869,0.000000000000,0.000139860830,0.000139860830,0.000000000000,0.000139860830,0.000139860830,0.000000000000,0.000106759122,0.000106220809,0.000000000000,0.000105605191,0.000107177038,0.000000000000,0.000106961111,0.000107114523,0.000000000000,0.000080542543,0.000077105882,0.000000000000,0.000076357193,0.000082360651,0.000000000000,0.000082883740,0.000079310772,0.000000000000,0.000070569444,0.000070441810,0.000000000000,0.000077972488,0.000077752561,0.000000000000,0.000080652516,0.000079037139,0.000000000000,0.000047255737,0.000049686827,0.000000000000,0.000058148666,0.000052535852,0.000000000000,0.000062321629,0.000060428561
246,0.000000000000,0.000139860830,0.000139245869,0.000000000000,0.000139860830,0.000139860830,0.000000000000,0.000139860830,0.000139860830,0.000000000000,0.000106759122,0.000106220809,0.000000000000,0.000105605191,0.000107177038,0.000000000000,0.000106961111,0.000107114523,0.000000000000,0.000080542543,0.000077105882,0.000000000000,0.000076357193,0.000082360651,0.000000000000,0.000082883740,0.000079310772,0.000000000000,0.000070582592,0.000070441810,0.000000000000,0.000078000665,0.000077764343,0.000000000000,0.000080652516,0.000079037139,0.000000000000,0.000047314143,0.000049724964,0.000000000000,0.000058228594,0.000052861426,0.000000000000,0.000062421585,0.000060471179
247,0.000000000000,0.000139860830,0.000139245869,0.000000000000,0.000139860830,0.000139860830,0.000000000000,0.000139860830,0.000139860830,0.000000000000,0.000106759122,0.000106220809,0.000000000000,0.000105605191,0.000107177038,0.000000000000,0.000106961111,0.000107114523,0.000000000000,0.000080568818,0.000077154092,0.000000000000,0.000076357193,0.000082360651,0.000000000000,0.000082883740,0.000079310772,0.000000000000,0.000070604789,0.000070441810,0.000000000000,0.000078000665,0.000077764343,0.000000000000,0.000080652516,0.000079037139,0.000000000000,0.000047504185,0.000049731961,0.000000000000,0.000058412924,0.000052884762,0.000000000000,0.000062425122,0.000060505145
248,0.000000000000,0.000139860830,0.000139245869,0.000000000000,0.000139860830,0.000139860830,0.000000000000,0.000139860830,0.000139860830,0.000000000000,0.000106759122,0.000106220809,0.000000000000,0.000105605191,0.000107177038,0.000000000000,0.000106961111,0.000107114523,0.000000000000,0.000080587530,0.000077154092,0.000000000000,0.000076357193,0.000082360651,0.000000000000,0.000082883740,0.000079310772,0.000000000000,0.000070604789,0.000070441810,0.000000000000,0.000078000665,0.000077783615,0.000000000000,0.000080652516,0.000079037139,0.000000000000,0.000047508530,0.000049755480,0.000000000000,0.000058412924,0.000052884762,0.000000000000,0.000062461706,0.000060707132
249,0.000000000000,0.000139860830,0.000139245869,0.000000000000,0.000139860830,0.000139860830,0.000000000000,0.000139860830,0.000139860830,0.000000000000,0.000106759122,0.000106220809,0.000000000000,0.000105605191,0.000107177038,0.000000000000,0.000106961111,0.000107114523,0.000000000000,0.000080741102,0.000077154092,0.000000000000,0.000076357193,0.000082360651,0.000000000000,0.000082883740,0.000079310772,0.000000000000,0.000070712190,0.000070551389,0.000000000000,0.000078008713,0.000077826223,0.000000000000,0.000080652516,0.000079037139,0.000000000000,0.000047753270,0.000049824834,0.000000000000,0.000058608019,0.000052918671,0.000000000000,0.000062463563,0.000060718922
250,0.000000000000,0.000139860830,0.000139245869,0.000000000000,0.000139860830,0.000139860830,0.000000000000,0.000139860830,0.000139860830,0.000000000000,0.000106759122,0.000106220809,0.000000000000,0.000105605191,0.000107177038,0.000000000000,0.000106961111,0.000107114523,0.000000000000,0.000080834656,0.000077210576,0.000000000000,0.000076357193,0.000082371689,0.000000000000,0.000082883740,0.000079310772,0.000000000000,0.000070776962,0.000070556689,0.000000000000,0.000078008713,0.000077826223,0.000000000000,0.000080652516,0.000079037139,0.000000000000,0.000047756227,0.000049838124,0.000000000000,0.000058808465,0.000053117020,0.000000000000,0.000062470916,0.000060754966
251,0.000000000000,0.000139860830,0.000139245869,0.000000000000,0.000139860830,0.000139860830,0.000000000000,0.000139860830,0.000139860830,0.000000000000,0.000106759122,0.000106220809,0.000000000000,0.000105605191,0.000107177038,0.000000000000,0.000106961111,0.000107114523,0.000000000000,0.000080900091,0.000077210576,0.000000000000,0.000076357193,0.000082371689,0.000000000000,0.000082883740,0.000079310772,0.000000000000,0.000070897122,0.000070603383,0.000000000000,0.000078028111,0.000077826223,0.000000000000,0.000080652516,0.000079037139,0.000000000000,0.000047764007,0.000050209004,0.000000000000,0.000058826971,0.000053150289,0.000000000000,0.000062470916,0.000060788241
252,0.000000000000,0.000139860830,0.000139245869,0.000000000000,0.000139860830,0.000139860830,0.000000000000,0.000139860830,0.000139860830,0.000000000000,0.000106759122,0.000106220809,0.000000000000,0.000105605191,0.000107177038,0.000000000000,0.000106961111,0.000107114523,0.000000000000,0.000080900091,0.000077210576,0.000000000000,0.000076357193,0.000082371689,0.000000000000,0.000082883740,0.000079310772,0.000000000000,0.000070906764,0.000070603383,0.000000000000,0.000078028111,0.000077897117,0.000000000000,0.000080652516,0.000079088526,0.000000000000,0.000047771586,0.000050211201,0.000000000000,0.000058865366,0.000053157829,0.000000000000,0.000062496883,0.000060795488
253,0.000000000000,0.000139860830,0.000139245869,0.000000000000,0.000139860830,0.000139860830,0.000000000000,0.000139860830,0.000139860830,0.000000000000,0.000106759122,0.000106220809,0.000000000000,0.000105605191,0.000107177038,0.000000000000,0.000106961111,0.000107114523,0.000000000000,0.000081022325,0.000077210576,0.000000000000,0.000076357193,0.000082371689,0.000000000000,0.000082883740,0.000079310772,0.000000000000,0.000071070134,0.000070634574,0.000000000000,0.000078028111,0.000077929251,0.000000000000,0.000080652516,0.000079088526,0.000000000000,0.000047856399,0.000050361413,0.000000000000,0.000058875085,0.000053176146,0.000000000000,0.000062541405,0.000060805281
254,0.000000000000,0.000139860830,0.000139245869,0.000000000000,0.000139860830,0.000139860830,0.000000000000,0.000139860830,0.000139860830,0.000000000000,0.000106759122,0.000106220809,0.000000000000,0.000105605191,0.000107177038,0.000000000000,0.000106961111,0.000107114523,0.000000000000,0.000081040119,0.000077251513,0.000000000000,0.000076357193,0.000082371689,0.000000000000,0.000082883740,0.000079310772,0.000000000000,0.000071080788,0.000070634574,0.000000000000,0.000078028111,0.000077929251,0.000000000000,0.000080652516,0.000079088526,0.000000000000,0.000048053281,0.000050416845,0.000000000000,0.000058959609,0.000053273931,0.000000000000,0.000062581545,0.000060886079
255,0.000000000000,0.000139860830,0.000139245869,0.000000000000,0.000139860830,0.000139860830,0.000000000000,0.000139860830,0.000139860830,0.000000000000,0.000106759122,0.000106220809,0.000000000000,0.000105605191,0.000107177038,0.000000000000,0.000106961111,0.000107114523,0.000000000000,0.000081075911,0.000077251513,0.000000000000,0.000076357193,0.000082371689,0.000000000000,0.000082883740,0.000079310772,0.000000000000,0.000071373913,0.000070634574,0.000000000000,0.000078028111,0.000077929251,0.000000000000,0.000080652516,0.000079088526,0.000000000000,0.000048091066,0.000050696959,0.000000000000,0.000059089784,0.000053334164,0.000000000000,0.000062581545,0.000060889110
256,0.000000000000,0.000139860830,0.000139245869,0.000000000000,0.000139860830,0.000139860830,0.000000000000,0.000139860830,0.000139860830,0.000000000000,0.000106759122,0.000106220809,0.000000000000,0.000105605191,0.000107177038,0.000000000000,0.000106961111,0.000107114523,0.000000000000,0.000081075911,0.000077251513,0.000000000000,0.000076357193,0.000082373054,0.000000000000,0.000082883740,0.000079310772,0.000000000000,0.000071373913,0.000070791920,0.000000000000,0.000078033781,0.000077929251,0.000000000000,0.000080652516,0.000079088526,0.000000000000,0.000048098848,0.000050941326,0.000000000000,0.000059093505,0.000053334164,0.000000000000,0.000062735707,0.000060889110
257,0.000000000000,0.000139860830,0.000139245869,0.000000000000,0.000139860830,0.000139860830,0.000000000000,0.000139860830,0.000139860830,0.000000000000,0.000106759122,0.000106220809,0.000000000000,0.000105605191,0.000107177038,0.000000000000,0.000106961111,0.000107114523,0.000000000000,0.000081075911,0.000077264326,0.000000000000,0.000076357193,0.000082455853,0.000000000000,0.000082883740,0.000079310772,0.000000000000,0.000071527006,0.000070791920,0.000000000000,0.000078033781,0.000077929251,0.000000000000,0.000080652516,0.000079131775,0.000000000000,0.000048140099,0.000050976252,0.000000000000,0.000059093505,0.000053391510,0.000000000000,0.000062750667,0.000060889110
258,0.000000000000,0.000139860830,0.000139245869,0.000000000000,0.000139860830,0.000139860830,0.000000000000,0.000139860830,0.000139860830,0.000000000000,0.000106759122,0.000106220809,0.000000000000,0.000105605191,0.000107177038,0.000000000000,0.000106961111,0.000107114523,0.000000000000,0.000081075911,0.000077264326,0.000000000000,0.000076357193,0.000082455853,0.000000000000,0.000082883740,0.000079310772,0.000000000000,0.000071604790,0.000070889563,0.000000000000,0.000078033781,0.000077929251,0.000000000000,0.000080652516,0.000079131775,0.000000000000,0.000048189339,0.000051067652,0.000000000000,0.000059093505,0.000053468627,0.000000000000,0.000062832044,0.000061012389
259,0.000000000000,0.000139860830,0.000139245869,0.000000000000,0.000139860830,0.000139860830,0.000000000000,0.000139860830,0.000139860830,0.000000000000,0.000106759122,0.000106220809,0.000000000000,0.000105605191,0.000107177038,0.000000000000,0.000106961111,0.000107114523,0.000000000000,0.000081075911,0.000077264991,0.000000000000,0.000076357193,0.000082455853,0.000000000000,0.000082883740,0.000079310772,0.000000000000,0.000071621914,0.000070893161,0.000000000000,0.000078033781,0.000077929251,0.000000000000,0.000080721546,0.000079131775,0.000000000000,0.000048303417,0.000051192283,0.000000000000,0.000059093505,0.000053484253,0.000000000000,0.000062832044,0.000061033599
260,0.000000000000,0.000139860830,0.000139245869,0.000000000000,0.000139860830,0.000139860830,0.000000000000,0.000139860830,0.000139860830,0.000000000000,0.000106759122,0.000106220809,0.000000000000,0.000105605191,0.000107177038,0.000000000000,0.000106961111,0.000107114523,0.000000000000,0.000081134200,0.000077264991,0.000000000000,0.000076357193,0.000082455853,0.000000000000,0.000082883740,0.000079310772,0.000000000000,0.000071621914,0.000070893161,0.000000000000,0.000078033781,0.000077929251,0.000000000000,0.000080721546,0.000079131775,0.000000000000,0.000048399035,0.000051205224,0.000000000000,0.000059129531,0.000053537013,0.000000000000,0.000062919786,0.000061063773
261,0.000000000000,0.000139860830,0.000139245869,0.000000000000,0.000139860830,0.000139860830,0.000000000000,0.000139860830,0.000139860830,0.000000000000,0.000106759122,0.000106220809,0.000000000000,0.000105605191,0.000107177038,0.000000000000,0.000106961111,0.000107114523,0.000000000000,0.000081134200,0.000077264991,0.000000000000,0.000076357193,0.000082455853,0.000000000000,0.000082883740,0.000079310772,0.000000000000,0.000072009964,0.000070893161,0.000000000000,0.000078033781,0.000077929251,0.000000000000,0.000080721546,0.000079131775,0.000000000000,0.000048400537,0.000051339749,0.000000000000,0.000059129531,0.000053575444,0.000000000000,0.000062960036,0.000061064448
262,0.000000000000,0.000139860830,0.000139245869,0.000000000000,0.000139860830,0.000139860830,0.000000000000,0.000139860830,0.000139860830,0.000000000000,0.000106759122,0.000106220809,0.000000000000,0.000105605191,0.000107177038,0.000000000000,0.000106961111,0.000107114523,0.000000000000,0.000081134200,0.000077264991,0.000000000000,0.000076357193,0.000082455853,0.000000000000,0.000082883740,0.000079310772,0.000000000000,0.000072107068,0.000071064498,0.000000000000,0.000078033781,0.000077967692,0.000000000000,0.000080721546,0.000079237515,0.000000000000,0.000048411139,0.000051372161,0.000000000000,0.000059258185,0.000053607586,0.000000000000,0.000063025532,0.000061079184
263,0.000000000000,0.000139860830,0.000139245869,0.000000000000,0.000139860830,0.000139860830,0.000000000000,0.000139860830,0.000139860830,0.000000000000,0.000106759122,0.000106220809,0.000000000000,0.000105605191,0.000107177038,0.000000000000,0.000106961111,0.000107114523,0.000000000000,0.000081134200,0.000077264991,0.000000000000,0.000076357193,0.000082455853,0.000000000000,0.000082883740,0.000079310772,0.000000000000,0.000072110996,0.000071069105,0.000000000000,0.000078033781,0.000078075587,0.000000000000,0.000080759714,0.000079268285,0.000000000000,0.000048462476,0.000051386282,0.000000000000,0.000059344992,0.000053646483,0.000000000000,0.000063058377,0.000061142609
264,0.000000000000,0.000139860830,0.000139245869,0.000000000000,0.000139860830,0.000139860830,0.000000000000,0.000139860830,0.000139860830,0.000000000000,0.000106759122,0.000106220809,0.000000000000,0.000105605191,0.000107177038,0.000000000000,0.000106961111,0.000107114523,0.000000000000,0.000081134200,0.000077264991,0.000000000000,0.000076357193,0.000082455853,0.000000000000,0.000082883740,0.000079310772,0.000000000000,0.000072117076,0.000071069105,0.000000000000,0.000078033781,0.000078099939,0.000000000000,0.000080804898,0.000079268285,0.000000000000,0.000048612864,0.000051410293,0.000000000000,0.000059412242,0.000053689105,0.000000000000,0.000063078912,0.000061142609
265,0.000000000000,0.000139860830,0.000139245869,0.000000000000,0.000139860830,0.000139860830,0.000000000000,0.000139860830,0.000139860830,0.000000000000,0.000106759122,0.000106220809,0.000000000000,0.000105605191,0.000107177038,0.000000000000,0.000106961111,0.000107114523,0.000000000000,0.000081134200,0.000077264991,0.000000000000,0.000076357193,0.000082455853,0.000000000000,0.000082883740,0.000079310772,0.000000000000,0.000072139397,0.000071069105,0.000000000000,0.000078033781,0.000078163674,0.000000000000,0.000080858243,0.000079297763,0.000000000000,0.000048638388,0.000051410293,0.000000000000,0.000059412242,0.000053705665,0.000000000000,0.000063282536,0.000061144798
266,0.000000000000,0.000139860830,0.000139245869,0.000000000000,0.000139860830,0.000139860830,0.000000000000,0.000139860830,0.000139860830,0.000000000000,0.000106759122,0.000106220809,0.000000000000,0.000105605191,0.000107177038,0.000000000000,0.000106961111,0.000107114523,0.000000000000,0.000081134200,0.000077264991,0.000000000000,0.000076357193,0.000082455853,0.000000000000,0.000082883740,0.000079310772,0.000000000000,0.000072373036,0.000071069105,0.000000000000,0.000078033781,0.000078285112,0.000000000000,0.000080901863,0.000079459937,0.000000000000,0.000048679707,0.000051892625,0.000000000000,0.000059475771,0.000053705665,0.000000000000,0.000063386617,0.000061159852
267,0.000000000000,0.000139860830,0.000139245869,0.000000000000,0.000139860830,0.000139860830,0.000000000000,0.000139860830,0.000139860830,0.000000000000,0.000106759122,0.000106220809,0.000000000000,0.000105605191,0.000107177038,0.000000000000,0.000106961111,0.000107114523,0.000000000000,0.000081211748,0.000077264991,0.000000000000,0.000076357193,0.000082455853,0.000000000000,0.000082883740,0.000079310772,0.000000000000,0.000072373036,0.000071376388,0.000000000000,0.000078033781,0.000078285112,0.000000000000,0.000080901863,0.000079459937,0.000000000000,0.000048809877,0.000051901840,0.000000000000,0.000059482025,0.000053844138,0.000000000000,0.000063423454,0.000061159852
268,0.000000000000,0.000139860830,0.000139245869,0.000000000000,0.000139860830,0.000139860830,0.000000000000,0.000139860830,0.000139860830,0.000000000000,0.000106759122,0.000106220809,0.000000000000,0.000105605191,0.000107177038,0.000000000000,0.000106961111,0.000107114523,0.000000000000,0.000081211748,0.000077264991,0.000000000000,0.000076357193,0.000082455853,0.000000000000,0.000082883740,0.000079310772,0.000000000000,0.000072379259,0.000071440082,0.000000000000,0.000078033781,0.000078285677,0.000000000000,0.000080906192,0.000079459937,0.000000000000,0.000048820671,0.000052008334,0.000000000000,0.000059520997,0.000053907713,0.000000000000,0.000063442759,0.000061161678
269,0.000000000000,0.000139860830,0.000139245869,0.000000000000,0.000139860830,0.000139860830,0.000000000000,0.000139860830,0.000139860830,0.000000000000,0.000106759122,0.000106220809,0.000000000000,0.000105605191,0.000107177038,0.000000000000,0.000106961111,0.000107114523,0.000000000000,0.000081211748,0.000077264991,0.000000000000,0.000076357193,0.000082455853,0.000000000000,0.000082883740,0.000079310772,0.000000000000,0.000072379259,0.000071504968,0.000000000000,0.000078033781,0.000078285677,0.000000000000,0.000080906192,0.000079459937,0.000000000000,0.000048854193,0.000052064486,0.000000000000,0.000059524237,0.000053912988,0.000000000000,0.000063836503,0.000061183634
270,0.000000000000,0.000139860830,0.000139245869,0.000000000000,0.000139860830,0.000139860830,0.000000000000,0.000139860830,0.000139860830,0.000000000000,0.000106759122,0.000106220809,0.000000000000,0.000105605191,0.000107177038,0.000000000000,0.000106961111,0.000107114523,0.000000000000,0.000081211748,0.000077267700,0.000000000000,0.000076357193,0.000082455853,0.000000000000,0.000082883740,0.000079310772,0.000000000000,0.000072412603,0.000071576025,0.000000000000,0.000078033781,0.000078285677,0.000000000000,0.000080906192,0.000079516983,0.000000000000,0.000048996462,0.000052262212,0.000000000000,0.000059602646,0.000053915322,0.000000000000,0.000063944318,0.000061201316
271,0.000000000000,0.000139860830,0.000139245869,0.000000000000,0.000139860830,0.000139860830,0.000000000000,0.000139860830,0.000139860830,0.000000000000,0.000106759122,0.000106220809,0.000000000000,0.000105605191,0.000107177038,0.000000000000,0.000106961111,0.000107114523,0.000000000000,0.000081211748,0.000077267700,0.000000000000,0.000076357193,0.000082455853,0.000000000000,0.000082883740,0.000079310772,0.000000000000,0.000072443581,0.000071677023,0.000000000000,0.000078033781,0.000078285677,0.000000000000,0.000080906192,0.000079516983,0.000000000000,0.000049345879,0.000052331790,0.000000000000,0.000059602646,0.000053915322,0.000000000000,0.000063944318,0.000061201316
272,0.000000000000,0.000139860830,0.000139245869,0.000000000000,0.000139860830,0.000139860830,0.000000000000,0.000139860830,0.000139860830,0.000000000000,0.000106759122,0.000106220809,0.000000000000,0.000105605191,0.000107177038,0.000000000000,0.000106961111,0.000107114523,0.000000000000,0.000081211748,0.000077270463,0.000000000000,0.000076357193,0.000082455853,0.000000000000,0.000082883740,0.000079310772,0.000000000000,0.000072511887,0.000071709761,0.000000000000,0.000078033781,0.000078285677,0.000000000000,0.000080906192,0.000079516983,0.000000000000,0.000049358527,0.000052354046,0.000000000000,0.000059636593,0.000053946854,0.000000000000,0.000064056927,0.000061357513
273,0.000000000000,0.000139860830,0.000139245869,0.000000000000,0.000139860830,0.000139860830,0.000000000000,0.000139860830,0.000139860830,0.000000000000,0.000106759122,0.000106220809,0.000000000000,0.000105605191,0.000107177038,0.000000000000,0.000106961111,0.000107114523,0.000000000000,0.000081211748,0.000077270463,0.000000000000,0.000076357193,0.000082455853,0.000000000000,0.000082883740,0.000079310772,0.000000000000,0.000072511887,0.000072108017,0.000000000000,0.000078033781,0.000078285677,0.000000000000,0.000080906192,0.000079516983,0.000000000000,0.000049598545,0.000052366364,0.000000000000,0.000059636593,0.000054012155,0.000000000000,0.000064144697,0.000061357513
274,0.000000000000,0.000139860830,0.000139245869,0.000000000000,0.000139860830,0.000139860830,0.000000000000,0.000139860830,0.000139860830,0.000000000000,0.000106759122,0.000106220809,0.000000000000,0.000105605191,0.000107177038,0.000000000000,0.000106961111,0.000107114523,0.000000000000,0.000081211748,0.000077291433,0.000000000000,0.000076357193,0.000082455853,0.000000000000,0.000082883740,0.000079310772,0.000000000000,0.000072511887,0.000072195954,0.000000000000,0.000078033781,0.000078285677,0.000000000000,0.000080906192,0.000079596841,0.000000000000,0.000049625570,0.000052453477,0.000000000000,0.000059706052,0.000054028724,0.000000000000,0.000064153689,0.000061382322
275,0.000000000000,0.000139860830,0.000139245869,0.000000000000,0.000139860830,0.000139860830,0.000000000000,0.000139860830,0.000139860830,0.000000000000,0.000106759122,0.000106220809,0.000000000000,0.000105605191,0.000107177038,0.000000000000,0.000106961111,0.000107114523,0.000000000000,0.000081211748,0.000077291433,0.000000000000,0.000076357193,0.000082455853,0.000000000000,0.000082883740,0.000079310772,0.000000000000,0.000072525424,0.000072197527,0.000000000000,0.000078033781,0.000078675500,0.000000000000,0.000080906192,0.000079596841,0.000000000000,0.000049723050,0.000052682601,0.000000000000,0.000059733324,0.000054037907,0.000000000000,0.000064153689,0.000061571026
276,0.000000000000,0.000139860830,0.000139245869,0.000000000000,0.000139860830,0.000139860830,0.000000000000,0.000139860830,0.000139860830,0.000000000000,0.000106759122,0.000106220809,0.000000000000,0.000105605191,0.000107177038,0.000000000000,0.000106961111,0.000107114523,0.000000000000,0.000081211748,0.000077305452,0.000000000000,0.000076357193,0.000082455853,0.000000000000,0.000082883740,0.000079310772,0.000000000000,0.000072525424,0.000072197527,0.000000000000,0.000078058329,0.000078675500,0.000000000000,0.000080906192,0.000079608455,0.000000000000,0.000049730725,0.000052694390,0.000000000000,0.000059784131,0.000054051829,0.000000000000,0.000064319760,0.000061571026
277,0.000000000000,0.000139860830,0.000139245869,0.000000000000,0.000139860830,0.000139860830,0.000000000000,0.000139860830,0.000139860830,0.000000000000,0.000106759122,0.000106220809,0.000000000000,0.000105605191,0.000107177038,0.000000000000,0.000106961111,0.000107114523,0.000000000000,0.000081211748,0.000077305452,0.000000000000,0.000076357193,0.000082455853,0.000000000000,0.000082883740,0.000079310772,0.000000000000,0.000072532654,0.000072248187,0.000000000000,0.000078058329,0.000078781848,0.000000000000,0.000080906192,0.000079608455,0.000000000000,0.000049736413,0.000052737618,0.000000000000,0.000059873020,0.000054090061,0.000000000000,0.000064379549,0.000061761752
278,0.000000000000,0.000139860830,0.000139245869,0.000000000000,0.000139860830,0.000139860830,0.000000000000,0.000139860830,0.000139860830,0.000000000000,0.000106759122,0.000106220809,0.000000000000,0.000105605191,0.000107177038,0.000000000000,0.000106961111,0.000107114523,0.000000000000,0.000081211748,0.000077305452,0.000000000000,0.000076357193,0.000082455853,0.000000000000,0.000082883740,0.000079310772,0.000000000000,0.000072532654,0.000072328650,0.000000000000,0.000078059010,0.000078781848,0.000000000000,0.000080906192,0.000079608455,0.000000000000,0.000049951583,0.000052808468,0.000000000000,0.000059873020,0.000054119800,0.000000000000,0.000064408496,0.000061822073
279,0.000000000000,0.000139860830,0.000139245869,0.000000000000,0.000139860830,0.000139860830,0.000000000000,0.000139860830,0.000139860830,0.000000000000,0.000106759122,0.000106220809,0.000000000000,0.000105605191,0.000107177038,0.000000000000,0.000106961111,0.000107114523,0.000000000000,0.000081211748,0.000077305452,0.000000000000,0.000076357193,0.000082455853,0.000000000000,0.000082883740,0.000079310772,0.000000000000,0.000072590477,0.000072328650,0.000000000000,0.000078169094,0.000078784823,0.000000000000,0.000080906192,0.000079608455,0.000000000000,0.000049951583,0.000052922128,0.000000000000,0.000059873020,0.000054126351,0.000000000000,0.000064428924,0.000061829495
280,0.000000000000,0.000139860830,0.000139245869,0.000000000000,0.000139860830,0.000139860830,0.000000000000,0.000139860830,0.000139860830,0.000000000000,0.000106759122,0.000106220809,0.000000000000,0.000105605191,0.000107177038,0.000000000000,0.000106961111,0.000107114523,0.000000000000,0.000081225465,0.000077305452,0.000000000000,0.000076357193,0.000082455853,0.000000000000,0.000082883740,0.000079310772,0.000000000000,0.000072749893,0.000072373040,0.000000000000,0.000078169094,0.000078784823,0.000000000000,0.000080906192,0.000079631400,0.000000000000,0.000050144240,0.000052961701,0.000000000000,0.000059921035,0.000054240252,0.000000000000,0.000064428924,0.000061906644
281,0.000000000000,0.000139860830,0.000139245869,0.000000000000,0.000139860830,0.000139860830,0.000000000000,0.000139860830,0.000139860830,0.000000000000,0.000106759122,0.000106220809,0.000000000000,0.000105605191,0.000107177038,0.000000000000,0.000106961111,0.000107114523,0.000000000000,0.000081225465,0.000077348039,0.000000000000,0.000076357193,0.000082455853,0.000000000000,0.000082883740,0.000079310772,0.000000000000,0.000072749893,0.000072446599,0.000000000000,0.000078169094,0.000078788504,0.000000000000,0.000080906192,0.000079631400,0.000000000000,0.000050259086,0.000052961701,0.000000000000,0.000059921035,0.000054250397,0.000000000000,0.000064458220,0.000061920232
282,0.000000000000,0.000139860830,0.000139245869,0.000000000000,0.000139860830,0.000139860830,0.000000000000,0.000139860830,0.000139860830,0.000000000000,0.000106759122,0.000106220809,0.000000000000,0.000105605191,0.000107177038,0.000000000000,0.000106961111,0.000107114523,0.000000000000,0.000081225465,0.000077348039,0.000000000000,0.000076357193,0.000082455853,0.000000000000,0.000082883740,0.000079310772,0.000000000000,0.000072800669,0.000072446599,0.000000000000,0.000078169094,0.000078788504,0.000000000000,0.000080906192,0.000079631400,0.000000000000,0.000050259086,0.000052972169,0.000000000000,0.000059921035,0.000054324701,0.000000000000,0.000064692561,0.000061956378
283,0.000000000000,0.000139860830,0.000139245869,0.000000000000,0.000139860830,0.000139860830,0.000000000000,0.000139860830,0.000139860830,0.000000000000,0.000106759122,0.000106220809,0.000000000000,0.000105605191,0.000107177038,0.000000000000,0.000106961111,0.000107114523,0.000000000000,0.000081225465,0.000077348039,0.000000000000,0.000076357193,0.000082455853,0.000000000000,0.000082883740,0.000079310772,0.000000000000,0.000072847562,0.000072446599,0.000000000000,0.000078169094,0.000078902367,0.000000000000,0.000080906192,0.000079631400,0.000000000000,0.000050265751,0.000052978190,0.000000000000,0.000060070357,0.000054429803,0.000000000000,0.000064811494,0.000062458974
284,0.000000000000,0.000139860830,0.000139245869,0.000000000000,0.000139860830,0.000139860830,0.000000000000,0.000139860830,0.000139860830,0.000000000000,0.000106759122,0.000106220809,0.000000000000,0.000105605191,0.000107177038,0.000000000000,0.000106961111,0.000107114523,0.000000000000,0.000081275444,0.000077348039,0.000000000000,0.000076357193,0.000082455853,0.000000000000,0.000082883740,0.000079310772,0.000000000000,0.000072847562,0.000072534385,0.000000000000,0.000078169094,0.000078902367,0.000000000000,0.000080906192,0.000079631400,0.000000000000,0.000050266552,0.000053080703,0.000000000000,0.000060084656,0.000054470023,0.000000000000,0.000064840352,0.000062585232
285,0.000000000000,0.000139860830,0.000139245869,0.000000000000,0.000139860830,0.000139860830,0.000000000000,0.000139860830,0.000139860830,0.000000000000,0.000106759122,0.000106220809,0.000000000000,0.000105605191,0.000107177038,0.000000000000,0.000106961111,0.000107114523,0.000000000000,0.000081275444,0.000077348039,0.000000000000,0.000076357193,0.000082455853,0.000000000000,0.000082883740,0.000079310772,0.000000000000,0.000072950792,0.000072534385,0.000000000000,0.000078169094,0.000078909122,0.000000000000,0.000080906192,0.000079631400,0.000000000000,0.000050266552,0.000053232308,0.000000000000,0.000060086696,0.000054497747,0.000000000000,0.000064849525,0.000062731499
286,0.000000000000,0.000139860830,0.000139245869,0.000000000000,0.000139860830,0.000139860830,0.000000000000,0.000139860830,0.000139860830,0.000000000000,0.000106759122,0.000106220809,0.000000000000,0.000105605191,0.000107177038,0.000000000000,0.000106961111,0.000107114523,0.000000000000,0.000081275444,0.000077348039,0.000000000000,0.000076357193,0.000082455853,0.000000000000,0.000082883740,0.000079310772,0.000000000000,0.000072963773,0.000072548931,0.000000000000,0.000078169094,0.000079057261,0.000000000000,0.000080906192,0.000079631400,0.000000000000,0.000050382995,0.000053324989,0.000000000000,0.000060158544,0.000054546825,0.000000000000,0.000064924503,0.000062732187
287,0.000000000000,0.000139860830,0.000139245869,0.000000000000,0.000139860830,0.000139860830,0.000000000000,0.000139860830,0.000139860830,0.000000000000,0.000106759122,0.000106220809,0.000000000000,0.000105605191,0.000107177038,0.000000000000,0.000106961111,0.000107114523,0.000000000000,0.000081275444,0.000077348039,0.000000000000,0.000076357193,0.000082455853,0.000000000000,0.000082883740,0.000079310772,0.000000000000,0.000072992814,0.000072548931,0.000000000000,0.000078169094,0.000079057261,0.000000000000,0.000080906192,0.000079631400,0.000000000000,0.000050382995,0.000053346591,0.000000000000,0.000060233985,0.000054546825,0.000000000000,0.000064945962,0.000062732187
288,0.000000000000,0.000139860830,0.000139245869,0.000000000000,0.000139860830,0.000139860830,0.000000000000,0.000139860830,0.000139860830,0.000000000000,0.000106759122,0.000106220809,0.000000000000,0.000105605191,0.000107177038,0.000000000000,0.000106961111,0.000107114523,0.000000000000,0.000081275444,0.000077348039,0.000000000000,0.000076357193,0.000082455853,0.000000000000,0.000082883740,0.000079310772,0.000000000000,0.000072998272,0.000072590904,0.000000000000,0.000078169094,0.000079172796,0.000000000000,0.000080906192,0.000079631400,0.000000000000,0.000050459675,0.000053410195,0.000000000000,0.000060542067,0.000054727661,0.000000000000,0.000064945962,0.000062756121
289,0.000000000000,0.000139860830,0.000139245869,0.000000000000,0.000139860830,0.000139860830,0.000000000000,0.000139860830,0.000139860830,0.000000000000,0.000106759122,0.000106220809,0.000000000000,0.000105605191,0.000107177038,0.000000000000,0.000106961111,0.000107114523,0.000000000000,0.000081275444,0.000077348039,0.000000000000,0.000076357193,0.000082455853,0.000000000000,0.000082883740,0.000079310772,0.000000000000,0.000073034863,0.000072590904,0.000000000000,0.000078169094,0.000079318201,0.000000000000,0.000080906192,0.000079631400,0.000000000000,0.000050518231,0.000053410195,0.000000000000,0.000060635890,0.000054746406,0.000000000000,0.000064945962,0.000062809940
290,0.000000000000,0.000139860830,0.000139245869,0.000000000000,0.000139860830,0.000139860830,0.000000000000,0.000139860830,0.000139860830,0.000000000000,0.000106759122,0.000106220809,0.000000000000,0.000105605191,0.000107177038,0.000000000000,0.000106961111,0.000107114523,0.000000000000,0.000081275444,0.000077348039,0.000000000000,0.000076357193,0.000082455853,0.000000000000,0.000082883740,0.000079310772,0.000000000000,0.000073062863,0.000072590904,0.000000000000,0.000078169094,0.000079331379,0.000000000000,0.000080906192,0.000079690824,0.000000000000,0.000050703266,0.000053557709,0.000000000000,0.000060717927,0.000054788227,0.000000000000,0.000065059321,0.000062809940
291,0.000000000000,0.000139860830,0.000139574348,0.000000000000,0.000139860830,0.000139860830,0.000000000000,0.000139860830,0.000139860830,0.000000000000,0.000106759122,0.000106220809,0.000000000000,0.000105605191,0.000107177038,0.000000000000,0.000106961111,0.000107114523,0.000000000000,0.000081293069,0.000077348039,0.000000000000,0.000076357193,0.000082455853,0.000000000000,0.000082883740,0.000079310772,0.000000000000,0.000073144360,0.000072618317,0.000000000000,0.000078169094,0.000079755758,0.000000000000,0.000080906192,0.000079690824,0.000000000000,0.000050799051,0.000053608523,0.000000000000,0.000060822658,0.000054790059,0.000000000000,0.000065191925,0.000062831468
292,0.000000000000,0.000139860830,0.000139574348,0.000000000000,0.000139860830,0.000139860830,0.000000000000,0.000139860830,0.000139860830,0.000000000000,0.000106759122,0.000106220809,0.000000000000,0.000105605191,0.000107177038,0.000000000000,0.000106961111,0.000107114523,0.000000000000,0.000081293069,0.000077348039,0.000000000000,0.000076357193,0.000082455853,0.000000000000,0.000082883740,0.000079310772,0.000000000000,0.000073144360,0.000072690730,0.000000000000,0.000078169094,0.000079755758,0.000000000000,0.000080906192,0.000079690824,0.000000000000,0.000050812477,0.000053663459,0.000000000000,0.000060822658,0.000054822858,0.000000000000,0.000065191925,0.000062853989
293,0.000000000000,0.000139860830,0.000139860830,0.000000000000,0.000139860830,0.000139860830,0.000000000000,0.000139860830,0.000139860830,0.000000000000,0.000106759122,0.000106220809,0.000000000000,0.000105605191,0.000107177038,0.000000000000,0.000106961111,0.000107114523,0.000000000000,0.000081293069,0.000077348039,0.000000000000,0.000076357193,0.000082455853,0.000000000000,0.000082883740,0.000079310772,0.000000000000,0.000073144360,0.000072690730,0.000000000000,0.000078169094,0.000079899475,0.000000000000,0.000080906192,0.000079690824,0.000000000000,0.000050864964,0.000053688546,0.000000000000,0.000060834878,0.000054822858,0.000000000000,0.000065195850,0.000062915653
294,0.000000000000,0.000139860830,0.000139860830,0.000000000000,0.000139860830,0.000139860830,0.000000000000,0.000139860830,0.000139860830,0.000000000000,0.000106759122,0.000106220809,0.000000000000,0.000105605191,0.000107177038,0.000000000000,0.000106961111,0.000107114523,0.000000000000,0.000081293069,0.000077348039,0.000000000000,0.000076357193,0.000082455853,0.000000000000,0.000082883740,0.000079310772,0.000000000000,0.000073144360,0.000072766792,0.000000000000,0.000078169094,0.000079912940,0.000000000000,0.000080906192,0.000079690824,0.000000000000,0.000051029926,0.000053754710,0.000000000000,0.000060834878,0.000054822858,0.000000000000,0.000065209973,0.000062939421
295,0.000000000000,0.000139860830,0.000139860830,0.000000000000,0.000139860830,0.000139860830,0.000000000000,0.000139860830,0.000139860830,0.000000000000,0.000106759122,0.000106220809,0.000000000000,0.000105605191,0.000107177038,0.000000000000,0.000106961111,0.000107114523,0.000000000000,0.000081293069,0.000077348039,0.000000000000,0.000076357193,0.000082455853,0.000000000000,0.000082883740,0.000079310772,0.000000000000,0.000073144360,0.000072796831,0.000000000000,0.000078169094,0.000079973414,0.000000000000,0.000080906192,0.000079690824,0.000000000000,0.000051038853,0.000053837181,0.000000000000,0.000060834878,0.000054829300,0.000000000000,0.000065212236,0.000062984016
296,0.000000000000,0.000139860830,0.000139860830,0.000000000000,0.000139860830,0.000139860830,0.000000000000,0.000139860830,0.000139860830,0.000000000000,0.000106759122,0.000106220809,0.000000000000,0.000105605191,0.000107177038,0.000000000000,0.000106961111,0.000107114523,0.000000000000,0.000081293069,0.000077348039,0.000000000000,0.000076357193,0.000082455853,0.000000000000,0.000082883740,0.000079310772,0.000000000000,0.000073184715,0.000072895539,0.000000000000,0.000078169094,0.000079973414,0.000000000000,0.000080906192,0.000079690824,0.000000000000,0.000051038853,0.000053841961,0.000000000000,0.000060883404,0.000054829300,0.000000000000,0.000065480432,0.000063040403
297,0.000000000000,0.000139860830,0.000139860830,0.000000000000,0.000139860830,0.000139860830,0.000000000000,0.000139860830,0.000139860830,0.000000000000,0.000106759122,0.000106220809,0.000000000000,0.000105605191,0.000107177038,0.000000000000,0.000106961111,0.000107114523,0.000000000000,0.000081334456,0.000077348039,0.000000000000,0.000076357193,0.000082455853,0.000000000000,0.000082883740,0.000079310772,0.000000000000,0.000073184715,0.000072929392,0.000000000000,0.000078169094,0.000080003665,0.000000000000,0.000080906192,0.000079690824,0.000000000000,0.000051047749,0.000053914406,0.000000000000,0.000061017718,0.000055157233,0.000000000000,0.000065491240,0.000063043635
298,0.000000000000,0.000139860830,0.000139860830,0.000000000000,0.000139860830,0.000139860830,0.000000000000,0.000139860830,0.000139860830,0.000000000000,0.000106759122,0.000106220809,0.000000000000,0.000105605191,0.000107177038,0.000000000000,0.000106961111,0.000107114523,0.000000000000,0.000081334456,0.000077376125,0.000000000000,0.000076357193,0.000082455853,0.000000000000,0.000082883740,0.000079310772,0.000000000000,0.000073184715,0.000072929392,0.000000000000,0.000078169094,0.000080029600,0.000000000000,0.000080906192,0.000079690824,0.000000000000,0.000051245657,0.000053941976,0.000000000000,0.000061131857,0.000055157233,0.000000000000,0.000065551388,0.000063094402
299,0.000000000000,0.000139860830,0.000139860830,0.000000000000,0.000139860830,0.000139860830,0.000000000000,0.000139860830,0.000139860830,0.000000000000,0.000106759122,0.000106220809,0.000000000000,0.000105605191,0.000107177038,0.000000000000,0.000106961111,0.000107114523,0.000000000000,0.000081338617,0.000077376125,0.000000000000,0.000076357193,0.000082455853,0.000000000000,0.000082883740,0.000079310772,0.000000000000,0.000073191802,0.000072984289,0.000000000000,0.000078169094,0.000080030429,0.000000000000,0.000080906192,0.000079690824,0.000000000000,0.000051264793,0.000054045397,0.000000000000,0.000061135981,0.000055169010,0.000000000000,0.000065584528,0.000063274236
300,0.000000000000,0.000139860830,0.000139860830,0.000000000000,0.000139860830,0.000139860830,0.000000000000,0.000139860830,0.000139860830,0.000000000000,0.000106759122,0.000106220809,0.000000000000,0.000105605191,0.000107177038,0.000000000000,0.000106961111,0.000107114523,0.000000000000,0.000081338617,0.000077376125,0.000000000000,0.000076357193,0.000082455853,0.000000000000,0.000082883740,0.000079310772,0.000000000000,0.000073191802,0.000072985849,0.000000000000,0.000078169094,0.000080081958,0.000000000000,0.000080906192,0.000079690824,0.000000000000,0.000051274765,0.000054045397,0.000000000000,0.000061145033,0.000055184414,0.000000000000,0.000065731959,0.000063276883
301,0.000000000000,0.000139860830,0.000139860830,0.000000000000,0.000139860830,0.000139860830,0.000000000000,0.000139860830,0.000139860830,0.000000000000,0.000106759122,0.000106220809,0.000000000000,0.000105605191,0.000107177038,0.000000000000,0.000106961111,0.000107114523,0.000000000000,0.000081338617,0.000077376125,0.000000000000,0.000076357193,0.000082455853,0.000000000000,0.000082883740,0.000079310772,0.000000000000,0.000073191802,0.000072985849,0.000000000000,0.000078169094,0.000080099714,0.000000000000,0.000080906192,0.000079690824,0.000000000000,0.000051561422,0.000054249219,0.000000000000,0.000061145033,0.000055185019,0.000000000000,0.000065731959,0.000063317468
302,0.000000000000,0.000139860830,0.000139860830,0.000000000000,0.000139860830,0.000139860830,0.000000000000,0.000139860830,0.000139860830,0.000000000000,0.000106759122,0.000106220809,0.000000000000,0.000105605191,0.000107177038,0.000000000000,0.000106961111,0.000107114523,0.000000000000,0.000081338617,0.000077376125,0.000000000000,0.000076357193,0.000082455853,0.000000000000,0.000082883740,0.000079310772,0.000000000000,0.000073191802,0.000072985849,0.000000000000,0.000078169094,0.000080099714,0.000000000000,0.000080906192,0.000079690824,0.000000000000,0.000051599334,0.000054249219,0.000000000000,0.000061145033,0.000055223740,0.000000000000,0.000065738487,0.000063451516
303,0.000000000000,0.000139860830,0.000139860830,0.000000000000,0.000139860830,0.000139860830,0.000000000000,0.000139860830,0.000139860830,0.000000000000,0.000106759122,0.000106220809,0.000000000000,0.000105605191,0.000107177038,0.000000000000,0.000106961111,0.000107114523,0.000000000000,0.000081338617,0.000077376125,0.000000000000,0.000076357193,0.000082455853,0.000000000000,0.000082883740,0.000079310772,0.000000000000,0.000073191802,0.000072985849,0.000000000000,0.000078212660,0.000080124058,0.000000000000,0.000080906192,0.000079690824,0.000000000000,0.000051924430,0.000054405138,0.000000000000,0.000061158474,0.000055259125,0.000000000000,0.000065738487,0.000063477377
304,0.000000000000,0.000139860830,0.000139860830,0.000000000000,0.000139860830,0.000139860830,0.000000000000,0.000139860830,0.000139860830,0.000000000000,0.000106759122,0.000106220809,0.000000000000,0.000105605191,0.000107177038,0.000000000000,0.000106961111,0.000107114523,0.000000000000,0.000081338617,0.000077376125,0.000000000000,0.000076357193,0.000082455853,0.000000000000,0.000082883740,0.000079310772,0.000000000000,0.000073260102,0.000072985849,0.000000000000,0.000078212660,0.000080124058,0.000000000000,0.000080906192,0.000079690824,0.000000000000,0.000051924430,0.000054408544,0.000000000000,0.000061178440,0.000055385251,0.000000000000,0.000065738487,0.000063563970
305,0.000000000000,0.000139860830,0.000139860830,0.000000000000,0.000139860830,0.000139860830,0.000000000000,0.000139860830,0.000139860830,0.000000000000,0.000106759122,0.000106220809,0.000000000000,0.000105605191,0.000107177038,0.000000000000,0.000106961111,0.000107114523,0.000000000000,0.000081338617,0.000077376125,0.000000000000,0.000076357193,0.000082455853,0.000000000000,0.000082883740,0.000079310772,0.000000000000,0.000073260102,0.000073084369,0.000000000000,0.000078212660,0.000080124058,0.000000000000,0.000080906192,0.000079690824,0.000000000000,0.000051942396,0.000054469604,0.000000000000,0.000061553430,0.000055553311,0.000000000000,0.000065750068,0.000063566172
306,0.000000000000,0.000139860830,0.000139860830,0.000000000000,0.000139860830,0.000139860830,0.000000000000,0.000139860830,0.000139860830,0.000000000000,0.000106759122,0.000106220809,0.000000000000,0.000105605191,0.000107177038,0.000000000000,0.000106961111,0.000107114523,0.000000000000,0.000081536357,0.000077376125,0.000000000000,0.000076357193,0.000082455853,0.000000000000,0.000082883740,0.000079310772,0.000000000000,0.000073260102,0.000073084369,0.000000000000,0.000078212660,0.000080124058,0.000000000000,0.000080906192,0.000079690824,0.000000000000,0.000051944500,0.000054481649,0.000000000000,0.000061671601,0.000055578751,0.000000000000,0.000065750068,0.000063566172
307,0.000000000000,0.000139860830,0.000139860830,0.000000000000,0.000139860830,0.000139860830,0.000000000000,0.000139860830,0.000139860830,0.000000000000,0.000106759122,0.000106220809,0.000000000000,0.000105605191,0.000107177038,0.000000000000,0.000106961111,0.000107114523,0.000000000000,0.000081536357,0.000077376125,0.000000000000,0.000076357193,0.000082455853,0.000000000000,0.000082883740,0.000079310772,0.000000000000,0.000073260102,0.000073084369,0.000000000000,0.000078213073,0.000080127745,0.000000000000,0.000080906192,0.000079768189,0.000000000000,0.000051966556,0.000054553965,0.000000000000,0.000061671601,0.000055578751,0.000000000000,0.000065755143,0.000063803556
308,0.000000000000,0.000139860830,0.000139860830,0.000000000000,0.000139860830,0.000139860830,0.000000000000,0.000139860830,0.000139860830,0.000000000000,0.000106759122,0.000106220809,0.000000000000,0.000105605191,0.000107177038,0.000000000000,0.000106961111,0.000107114523,0.000000000000,0.000081536357,0.000077382507,0.000000000000,0.000076357193,0.000082455853,0.000000000000,0.000082883740,0.000079310772,0.000000000000,0.000073260102,0.000073084369,0.000000000000,0.000078213073,0.000080127745,0.000000000000,0.000080906192,0.000079768189,0.000000000000,0.000051972798,0.000054619785,0.000000000000,0.000061686001,0.000055592208,0.000000000000,0.000065755143,0.000063812833
309,0.000000000000,0.000139860830,0.000139860830,0.000000000000,0.000139860830,0.000139860830,0.000000000000,0.000139860830,0.000139860830,0.000000000000,0.000106759122,0.000106220809,0.000000000000,0.000105605191,0.000107177038,0.000000000000,0.000106961111,0.000107114523,0.000000000000,0.000081536357,0.000077382507,0.000000000000,0.000076357193,0.000082455853,0.000000000000,0.000082883740,0.000079310772,0.000000000000,0.000073260102,0.000073087204,0.000000000000,0.000078213073,0.000080127745,0.000000000000,0.000080906192,0.000079817538,0.000000000000,0.000052022868,0.000054619785,0.000000000000,0.000061686001,0.000055592208,0.000000000000,0.000065755143,0.000063825632
310,0.000000000000,0.000139860830,0.000139860830,0.000000000000,0.000139860830,0.000139860830,0.000000000000,0.000139860830,0.000139860830,0.000000000000,0.000106759122,0.000106220809,0.000000000000,0.000105605191,0.000107177038,0.000000000000,0.000106961111,0.000107114523,0.000000000000,0.000081536357,0.000077382507,0.000000000000,0.000076357193,0.000082455853,0.000000000000,0.000082883740,0.000079310772,0.000000000000,0.000073262621,0.000073087204,0.000000000000,0.000078213073,0.000080236433,0.000000000000,0.000080906192,0.000079817538,0.000000000000,0.000052157279,0.000054623040,0.000000000000,0.000061819117,0.000055646243,0.000000000000,0.000065759733,0.000063844295
311,0.000000000000,0.000139860830,0.000139860830,0.000000000000,0.000139860830,0.000139860830,0.000000000000,0.000139860830,0.000139860830,0.000000000000,0.000106759122,0.000106220809,0.000000000000,0.000105605191,0.000107177038,0.000000000000,0.000106961111,0.000107114523,0.000000000000,0.000081536357,0.000077382507,0.000000000000,0.000076357193,0.000082455853,0.000000000000,0.000082883740,0.000079310772,0.000000000000,0.000073307573,0.000073087204,0.000000000000,0.000078213073,0.000080236433,0.000000000000,0.000080906192,0.000079817538,0.000000000000,0.000052163697,0.000054685457,0.000000000000,0.000062107483,0.000055697246,0.000000000000,0.000065817206,0.000063875532
312,0.000000000000,0.000139860830,0.000139860830,0.000000000000,0.000139860830,0.000139860830,0.000000000000,0.000139860830,0.000139860830,0.000000000000,0.000106759122,0.000106220809,0.000000000000,0.000105605191,0.000107177038,0.000000000000,0.000106961111,0.000107114523,0.000000000000,0.000081536357,0.000077382507,0.000000000000,0.000076357193,0.000082455853,0.000000000000,0.000082883740,0.000079310772,0.000000000000,0.000073307573,0.000073087204,0.000000000000,0.000078213073,0.000080236433,0.000000000000,0.000080906192,0.000079817538,0.000000000000,0.000052174008,0.000054701354,0.000000000000,0.000062145505,0.000055701519,0.000000000000,0.000065817206,0.000063964993
313,0.000000000000,0.000139860830,0.000139860830,0.000000000000,0.000139860830,0.000139860830,0.000000000000,0.000139860830,0.000139860830,0.000000000000,0.000106759122,0.000106220809,0.000000000000,0.000105605191,0.000107177038,0.000000000000,0.000106961111,0.000107114523,0.000000000000,0.000081536357,0.000077382507,0.000000000000,0.000076357193,0.000082455853,0.000000000000,0.000082883740,0.000079310772,0.000000000000,0.000073333421,0.000073197686,0.000000000000,0.000078227046,0.000080236433,0.000000000000,0.000080906192,0.000079817538,0.000000000000,0.000052193307,0.000054736495,0.000000000000,0.000062188161,0.000055701519,0.000000000000,0.000065817206,0.000064388056
314,0.000000000000,0.000139860830,0.000139860830,0.000000000000,0.000139860830,0.000139860830,0.000000000000,0.000139860830,0.000139860830,0.000000000000,0.000106759122,0.000106220809,0.000000000000,0.000105605191,0.000107177038,0.000000000000,0.000106961111,0.000107114523,0.000000000000,0.000081536357,0.000077382507,0.000000000000,0.000076357193,0.000082455853,0.000000000000,0.000082883740,0.000079310772,0.000000000000,0.000073333421,0.000073197686,0.000000000000,0.000078227046,0.000080238023,0.000000000000,0.000080906192,0.000079817538,0.000000000000,0.000052193307,0.000054881766,0.000000000000,0.000062202516,0.000055738934,0.000000000000,0.000065817206,0.000064399645
315,0.000000000000,0.000139860830,0.000139860830,0.000000000000,0.000139860830,0.000139860830,0.000000000000,0.000139860830,0.000139860830,0.000000000000,0.000106759122,0.000106220809,0.000000000000,0.000105605191,0.000107177038,0.000000000000,0.000106961111,0.000107114523,0.000000000000,0.000081558436,0.000077382507,0.000000000000,0.000076357193,0.000082455853,0.000000000000,0.000082883740,0.000079310772,0.000000000000,0.000073333421,0.000073197686,0.000000000000,0.000078227046,0.000080260688,0.000000000000,0.000080906192,0.000079817538,0.000000000000,0.000052193307,0.000054883789,0.000000000000,0.000062202516,0.000055855209,0.000000000000,0.000065826457,0.000064425933
316,0.000000000000,0.000139860830,0.000139860830,0.000000000000,0.000139860830,0.000139860830,0.000000000000,0.000139860830,0.000139860830,0.000000000000,0.000106759122,0.000106220809,0.000000000000,0.000105605191,0.000107177038,0.000000000000,0.000106961111,0.000107114523,0.000000000000,0.000081558436,0.000077406432,0.000000000000,0.000076357193,0.000082455853,0.000000000000,0.000082883740,0.000079310772,0.000000000000,0.000073333421,0.000073203060,0.000000000000,0.000078227046,0.000080284788,0.000000000000,0.000080906192,0.000079817538,0.000000000000,0.000052409772,0.000054951178,0.000000000000,0.000062320149,0.000055857534,0.000000000000,0.000065847097,0.000064490355
317,0.000000000000,0.000139860830,0.000139860830,0.000000000000,0.000139860830,0.000139860830,0.000000000000,0.000139860830,0.000139860830,0.000000000000,0.000106759122,0.000106220809,0.000000000000,0.000105605191,0.000107177038,0.000000000000,0.000106961111,0.000107114523,0.000000000000,0.000081558436,0.000077406432,0.000000000000,0.000076357193,0.000082455853,0.000000000000,0.000082883740,0.000079310772,0.000000000000,0.000073333421,0.000073203060,0.000000000000,0.000078227046,0.000080298417,0.000000000000,0.000080906192,0.000079817538,0.000000000000,0.000052565363,0.000054951178,0.000000000000,0.000062324725,0.000055857534,0.000000000000,0.000065847097,0.000064490355
318,0.000000000000,0.000139860830,0.000139860830,0.000000000000,0.000139860830,0.000139860830,0.000000000000,0.000139860830,0.000139860830,0.000000000000,0.000106759122,0.000106220809,0.000000000000,0.000105605191,0.000107177038,0.000000000000,0.000106961111,0.000107114523,0.000000000000,0.000081558436,0.000077406432,0.000000000000,0.000076357193,0.000082455853,0.000000000000,0.000082883740,0.000079310772,0.000000000000,0.000073333421,0.000073291403,0.000000000000,0.000078227046,0.000080625488,0.000000000000,0.000080906192,0.000079817538,0.000000000000,0.000052594854,0.000054964458,0.000000000000,0.000062324725,0.000056025253,0.000000000000,0.000065847097,0.000064490355
319,0.000000000000,0.000139860830,0.000139860830,0.000000000000,0.000139860830,0.000139860830,0.000000000000,0.000139860830,0.000139860830,0.000000000000,0.000106759122,0.000106220809,0.000000000000,0.000105605191,0.000107177038,0.000000000000,0.000106961111,0.000107114523,0.000000000000,0.000081558436,0.000077406432,0.000000000000,0.000076357193,0.000082455853,0.000000000000,0.000082883740,0.000079310772,0.000000000000,0.000073333421,0.000073291403,0.000000000000,0.000078227046,0.000080625488,0.000000000000,0.000080906192,0.000079817538,0.000000000000,0.000052615383,0.000055025094,0.000000000000,0.000062338058,0.000056087762,0.000000000000,0.000065849399,0.000064499793
320,0.000000000000,0.000139860830,0.000139860830,0.000000000000,0.000139860830,0.000139860830,0.000000000000,0.000139860830,0.000139860830,0.000000000000,0.000106759122,0.000106220809,0.000000000000,0.000105605191,0.000107177038,0.000000000000,0.000106961111,0.000107114523,0.000000000000,0.000081579784,0.000077406432,0.000000000000,0.000076357193,0.000082455853,0.000000000000,0.000082883740,0.000079310772,0.000000000000,0.000073333421,0.000073310327,0.000000000000,0.000078227046,0.000080625488,0.000000000000,0.000080906192,0.000079874125,0.000000000000,0.000052615383,0.000055033233,0.000000000000,0.000062365479,0.000056174033,0.000000000000,0.000065849399,0.000064515752
321,0.000000000000,0.000139860830,0.000139860830,0.000000000000,0.000139860830,0.000139860830,0.000000000000,0.000139860830,0.000139860830,0.000000000000,0.000106759122,0.000106220809,0.000000000000,0.000105605191,0.000107177038,0.000000000000,0.000106961111,0.000107114523,0.000000000000,0.000081579784,0.000077406432,0.000000000000,0.000076357193,0.000082455853,0.000000000000,0.000082883740,0.000079310772,0.000000000000,0.000073333421,0.000073310327,0.000000000000,0.000078227046,0.000080711883,0.000000000000,0.000080906192,0.000079874125,0.000000000000,0.000052656687,0.000055033233,0.000000000000,0.000062365479,0.000056236925,0.000000000000,0.000065849399,0.000064515752
322,0.000000000000,0.000139860830,0.000139860830,0.000000000000,0.000139860830,0.000139860830,0.000000000000,0.000139860830,0.000139860830,0.000000000000,0.000106759122,0.000106220809,0.000000000000,0.000105605191,0.000107177038,0.000000000000,0.000106961111,0.000107114523,0.000000000000,0.000081579784,0.000077406432,0.000000000000,0.000076357193,0.000082455853,0.000000000000,0.000082883740,0.000079310772,0.000000000000,0.000073333421,0.000073313006,0.000000000000,0.000078227046,0.000080711883,0.000000000000,0.000080906192,0.000079874125,0.000000000000,0.000052711342,0.000055054319,0.000000000000,0.000062385388,0.000056263677,0.000000000000,0.000065849399,0.000064589150
323,0.000000000000,0.000139860830,0.000139860830,0.000000000000,0.000139860830,0.000139860830,0.000000000000,0.000139860830,0.000139860830,0.000000000000,0.000106759122,0.000106220809,0.000000000000,0.000105605191,0.000107177038,0.000000000000,0.000106961111,0.000107114523,0.000000000000,0.000081579784,0.000077406432,0.000000000000,0.000076357193,0.000082455853,0.000000000000,0.000082883740,0.000079310772,0.000000000000,0.000073333421,0.000073397207,0.000000000000,0.000078227046,0.000080711883,0.000000000000,0.000080906192,0.000079874125,0.000000000000,0.000052759928,0.000055055573,0.000000000000,0.000062385388,0.000056278257,0.000000000000,0.000065849399,0.000064589150
324,0.000000000000,0.000139860830,0.000139860830,0.000000000000,0.000139860830,0.000139860830,0.000000000000,0.000139860830,0.000139860830,0.000000000000,0.000106759122,0.000106220809,0.000000000000,0.000105605191,0.000107177038,0.000000000000,0.000106961111,0.000107114523,0.000000000000,0.000081579784,0.000077430471,0.000000000000,0.000076357193,0.000082455853,0.000000000000,0.000082883740,0.000079310772,0.000000000000,0.000073333421,0.000073397207,0.000000000000,0.000078227046,0.000080746164,0.000000000000,0.000080906192,0.000079874125,0.000000000000,0.000052773207,0.000055163106,0.000000000000,0.000062414841,0.000056284823,0.000000000000,0.000065849399,0.000064594437
325,0.000000000000,0.000139860830,0.000139860830,0.000000000000,0.000139860830,0.000139860830,0.000000000000,0.000139860830,0.000139860830,0.000000000000,0.000106759122,0.000106220809,0.000000000000,0.000105605191,0.000107177038,0.000000000000,0.000106961111,0.000107114523,0.000000000000,0.000081579784,0.000077442699,0.000000000000,0.000076357193,0.000082455853,0.000000000000,0.000082883740,0.000079310772,0.000000000000,0.000073333421,0.000073402168,0.000000000000,0.000078227046,0.000080757376,0.000000000000,0.000080906192,0.000079905407,0.000000000000,0.000052773207,0.000055265106,0.000000000000,0.000062534129,0.000056546221,0.000000000000,0.000065849399,0.000064594437
326,0.000000000000,0.000139860830,0.000139860830,0.000000000000,0.000139860830,0.000139860830,0.000000000000,0.000139860830,0.000139860830,0.000000000000,0.000106759122,0.000106220809,0.000000000000,0.000105605191,0.000107177038,0.000000000000,0.000106961111,0.000107114523,0.000000000000,0.000081579784,0.000077442699,0.000000000000,0.000076357193,0.000082455853,0.000000000000,0.000082883740,0.000079310772,0.000000000000,0.000073347364,0.000073402168,0.000000000000,0.000078227046,0.000080757376,0.000000000000,0.000080906192,0.000079905407,0.000000000000,0.000052791732,0.000055265106,0.000000000000,0.000062534129,0.000056546839,0.000000000000,0.000065849399,0.000064693653
327,0.000000000000,0.000139860830,0.000139860830,0.000000000000,0.000139860830,0.000139860830,0.000000000000,0.000139860830,0.000139860830,0.000000000000,0.000106759122,0.000106220809,0.000000000000,0.000105605191,0.000107177038,0.000000000000,0.000106961111,0.000107114523,0.000000000000,0.000081579784,0.000077442699,0.000000000000,0.000076357193,0.000082455853,0.000000000000,0.000082883740,0.000079310772,0.000000000000,0.000073361838,0.000073461105,0.000000000000,0.000078227046,0.000080757376,0.000000000000,0.000080906192,0.000079905407,0.000000000000,0.000052791732,0.000055381933,0.000000000000,0.000062554257,0.000056546839,0.000000000000,0.000065849399,0.000064737595
328,0.000000000000,0.000139860830,0.000139860830,0.000000000000,0.000139860830,0.000139860830,0.000000000000,0.000139860830,0.000139860830,0.000000000000,0.000106759122,0.000106220809,0.000000000000,0.000105605191,0.000107177038,0.000000000000,0.000106961111,0.000107114523,0.000000000000,0.000081579784,0.000077692845,0.000000000000,0.000076357193,0.000082455853,0.000000000000,0.000082883740,0.000079310772,0.000000000000,0.000073361838,0.000073461105,0.000000000000,0.000078227046,0.000080809204,0.000000000000,0.000080906192,0.000079905407,0.000000000000,0.000052791732,0.000055398618,0.000000000000,0.000062554257,0.000056567149,0.000000000000,0.000065849399,0.000064780088
329,0.000000000000,0.000139860830,0.000139860830,0.000000000000,0.000139860830,0.000139860830,0.000000000000,0.000139860830,0.000139860830,0.000000000000,0.000106759122,0.000106220809,0.000000000000,0.000105605191,0.000107177038,0.000000000000,0.000106961111,0.000107114523,0.000000000000,0.000081579784,0.000077784177,0.000000000000,0.000076357193,0.000082455853,0.000000000000,0.000082883740,0.000079310772,0.000000000000,0.000073361838,0.000073461105,0.000000000000,0.000078227046,0.000080815617,0.000000000000,0.000080906192,0.000079905407,0.000000000000,0.000052847588,0.000055421819,0.000000000000,0.000062582727,0.000056577772,0.000000000000,0.000065849399,0.000064780088
330,0.000000000000,0.000139860830,0.000139860830,0.000000000000,0.000139860830,0.000139860830,0.000000000000,0.000139860830,0.000139860830,0.000000000000,0.000106759122,0.000106220809,0.000000000000,0.000105605191,0.000107177038,0.000000000000,0.000106961111,0.000107114523,0.000000000000,0.000081579784,0.000077784177,0.000000000000,0.000076357193,0.000082455853,0.000000000000,0.000082883740,0.000079310772,0.000000000000,0.000073361838,0.000073461105,0.000000000000,0.000078227046,0.000080815617,0.000000000000,0.000080906192,0.000079905407,0.000000000000,0.000052879726,0.000055473099,0.000000000000,0.000062582727,0.000056610482,0.000000000000,0.000065849399,0.000064780088
331,0.000000000000,0.000139860830,0.000139860830,0.000000000000,0.000139860830,0.000139860830,0.000000000000,0.000139860830,0.000139860830,0.000000000000,0.000106759122,0.000106220809,0.000000000000,0.000105605191,0.000107177038,0.000000000000,0.000106961111,0.000107114523,0.000000000000,0.000081579784,0.000077784177,0.000000000000,0.000076357193,0.000082455853,0.000000000000,0.000082883740,0.000079310772,0.000000000000,0.000073383097,0.000073465292,0.000000000000,0.000078227046,0.000080815617,0.000000000000,0.000080906192,0.000079905407,0.000000000000,0.000052879726,0.000055474739,0.000000000000,0.000062624089,0.000056625168,0.000000000000,0.000065902501,0.000064804356
332,0.000000000000,0.000139860830,0.000139860830,0.000000000000,0.000139860830,0.000139860830,0.000000000000,0.000139860830,0.000139860830,0.000000000000,0.000106759122,0.000106220809,0.000000000000,0.000105605191,0.000107177038,0.000000000000,0.000106961111,0.000107114523,0.000000000000,0.000081579784,0.000077784177,0.000000000000,0.000076357193,0.000082455853,0.000000000000,0.000082883740,0.000079310772,0.000000000000,0.000073394601,0.000073489879,0.000000000000,0.000078227046,0.000080834843,0.000000000000,0.000080906192,0.000079905407,0.000000000000,0.000052879726,0.000055584818,0.000000000000,0.000062624089,0.000056625168,0.000000000000,0.000065950853,0.000064814908
333,0.000000000000,0.000139860830,0.000139860830,0.000000000000,0.000139860830,0.000139860830,0.000000000000,0.000139860830,0.000139860830,0.000000000000,0.000106759122,0.000106220809,0.000000000000,0.000105605191,0.000107177038,0.000000000000,0.000106961111,0.000107114523,0.000000000000,0.000081579784,0.000077784177,0.000000000000,0.000076357193,0.000082455853,0.000000000000,0.000082883740,0.000079310772,0.000000000000,0.000073394601,0.000073504439,0.000000000000,0.000078227046,0.000080834843,0.000000000000,0.000080906192,0.000079905407,0.000000000000,0.000052879726,0.000055720970,0.000000000000,0.000062624089,0.000056652110,0.000000000000,0.000066012467,0.000064887336
334,0.000000000000,0.000139860830,0.000139860830,0.000000000000,0.000139860830,0.000139860830,0.000000000000,0.000139860830,0.000139860830,0.000000000000,0.000106759122,0.000106220809,0.000000000000,0.000105605191,0.000107177038,0.000000000000,0.000106961111,0.000107114523,0.000000000000,0.000081579784,0.000077811626,0.000000000000,0.000076357193,0.000082455853,0.000000000000,0.000082883740,0.000079310772,0.000000000000,0.000073394601,0.000073504439,0.000000000000,0.000078227046,0.000080834843,0.000000000000,0.000080906192,0.000079905407,0.000000000000,0.000053021988,0.000055782493,0.000000000000,0.000062652126,0.000056677965,0.000000000000,0.000066162413,0.000064916645
335,0.000000000000,0.000139860830,0.000139860830,0.000000000000,0.000139860830,0.000139860830,0.000000000000,0.000139860830,0.000139860830,0.000000000000,0.000106759122,0.000106220809,0.000000000000,0.000105605191,0.000107177038,0.000000000000,0.000106961111,0.000107114523,0.000000000000,0.000081579784,0.000077811626,0.000000000000,0.000076357193,0.000082455853,0.000000000000,0.000082883740,0.000079310772,0.000000000000,0.000073406124,0.000073523268,0.000000000000,0.000078227046,0.000080834843,0.000000000000,0.000080906192,0.000079929030,0.000000000000,0.000053081970,0.000055818769,0.000000000000,0.000062694748,0.000056685575,0.000000000000,0.000066213131,0.000064916645
336,0.000000000000,0.000139860830,0.000139860830,0.000000000000,0.000139860830,0.000139860830,0.000000000000,0.000139860830,0.000139860830,0.000000000000,0.000106759122,0.000106220809,0.000000000000,0.000105605191,0.000107177038,0.000000000000,0.000106961111,0.000107114523,0.000000000000,0.000081579784,0.000077820306,0.000000000000,0.000076357193,0.000082455853,0.000000000000,0.000082883740,0.000079310772,0.000000000000,0.000073427739,0.000073523268,0.000000000000,0.000078227046,0.000080834843,0.000000000000,0.000080906192,0.000079979782,0.000000000000,0.000053105099,0.000055850848,0.000000000000,0.000062694748,0.000056685575,0.000000000000,0.000066213131,0.000064951932
337,0.000000000000,0.000139860830,0.000139860830,0.000000000000,0.000139860830,0.000139860830,0.000000000000,0.000139860830,0.000139860830,0.000000000000,0.000106759122,0.000106220809,0.000000000000,0.000105605191,0.000107177038,0.000000000000,0.000106961111,0.000107114523,0.000000000000,0.000081579784,0.000077820306,0.000000000000,0.000076357193,0.000082455853,0.000000000000,0.000082883740,0.000079310772,0.000000000000,0.000073427739,0.000073523268,0.000000000000,0.000078227046,0.000080839934,0.000000000000,0.000080906192,0.000080036962,0.000000000000,0.000053131047,0.000055892878,0.000000000000,0.000062733019,0.000056704458,0.000000000000,0.000066213131,0.000064953482
338,0.000000000000,0.000139860830,0.000139860830,0.000000000000,0.000139860830,0.000139860830,0.000000000000,0.000139860830,0.000139860830,0.000000000000,0.000106759122,0.000106220809,0.000000000000,0.000105605191,0.000107177038,0.000000000000,0.000106961111,0.000107114523,0.000000000000,0.000081579784,0.000077820306,0.000000000000,0.000076357193,0.000082455853,0.000000000000,0.000082883740,0.000079310772,0.000000000000,0.000073427739,0.000073526282,0.000000000000,0.000078227046,0.000080839934,0.000000000000,0.000080906192,0.000080036962,0.000000000000,0.000053218783,0.000055919787,0.000000000000,0.000062752672,0.000056707295,0.000000000000,0.000066246915,0.000064953482
339,0.000000000000,0.000139860830,0.000139860830,0.000000000000,0.000139860830,0.000139860830,0.000000000000,0.000139860830,0.000139860830,0.000000000000,0.000106759122,0.000106220809,0.000000000000,0.000105605191,0.000107177038,0.000000000000,0.000106961111,0.000107114523,0.000000000000,0.000081579784,0.000077820306,0.000000000000,0.000076357193,0.000082455853,0.000000000000,0.000082883740,0.000079310772,0.000000000000,0.000073427739,0.000073532828,0.000000000000,0.000078227046,0.000080862946,0.000000000000,0.000080906192,0.000080036962,0.000000000000,0.000053218783,0.000055926918,0.000000000000,0.000062769578,0.000056740597,0.000000000000,0.000066342275,0.000064985374
340,0.000000000000,0.000139860830,0.000139860830,0.000000000000,0.000139860830,0.000139860830,0.000000000000,0.000139860830,0.000139860830,0.000000000000,0.000106759122,0.000106220809,0.000000000000,0.000105605191,0.000107177038,0.000000000000,0.000106961111,0.000107114523,0.000000000000,0.000081579784,0.000077820306,0.000000000000,0.000076357193,0.000082455853,0.000000000000,0.000082883740,0.000079310772,0.000000000000,0.000073432253,0.000073606353,0.000000000000,0.000078227046,0.000080862946,0.000000000000,0.000080906192,0.000080036962,0.000000000000,0.000053218783,0.000055990149,0.000000000000,0.000062769578,0.000056761439,0.000000000000,0.000066355322,0.000065006283
341,0.000000000000,0.000139860830,0.000139860830,0.000000000000,0.000139860830,0.000139860830,0.000000000000,0.000139860830,0.000139860830,0.000000000000,0.000106759122,0.000106220809,0.000000000000,0.000105605191,0.000107177038,0.000000000000,0.000106961111,0.000107114523,0.000000000000,0.000081579784,0.000077832104,0.000000000000,0.000076357193,0.000082455853,0.000000000000,0.000082883740,0.000079310772,0.000000000000,0.000073432253,0.000073606353,0.000000000000,0.000078227046,0.000080862946,0.000000000000,0.000080906192,0.000080037456,0.000000000000,0.000053218783,0.000056033545,0.000000000000,0.000062774831,0.000056761439,0.000000000000,0.000066465810,0.000065006283
342,0.000000000000,0.000139860830,0.000139860830,0.000000000000,0.000139860830,0.000139860830,0.000000000000,0.000139860830,0.000139860830,0.000000000000,0.000106759122,0.000106220809,0.000000000000,0.000105605191,0.000107177038,0.000000000000,0.000106961111,0.000107114523,0.000000000000,0.000081579784,0.000077832104,0.000000000000,0.000076357193,0.000082455853,0.000000000000,0.000082883740,0.000079310772,0.000000000000,0.000073478666,0.000073671413,0.000000000000,0.000078227046,0.000080862946,0.000000000000,0.000080906192,0.000080037456,0.000000000000,0.000053267519,0.000056243197,0.000000000000,0.000062777963,0.000057075375,0.000000000000,0.000066465810,0.000065006283
343,0.000000000000,0.000139860830,0.000139860830,0.000000000000,0.000139860830,0.000139860830,0.000000000000,0.000139860830,0.000139860830,0.000000000000,0.000106759122,0.000106220809,0.000000000000,0.000105605191,0.000107177038,0.000000000000,0.000106961111,0.000107114523,0.000000000000,0.000081669848,0.000077832104,0.000000000000,0.000076357193,0.000082455853,0.000000000000,0.000082883740,0.000079310772,0.000000000000,0.000073478666,0.000073671413,0.000000000000,0.000078227046,0.000080862946,0.000000000000,0.000080906192,0.000080037456,0.000000000000,0.000053321996,0.000056274713,0.000000000000,0.000062777963,0.000057075375,0.000000000000,0.000066465810,0.000065067495
344,0.000000000000,0.000139860830,0.000139860830,0.000000000000,0.000139860830,0.000139860830,0.000000000000,0.000139860830,0.000139860830,0.000000000000,0.000106759122,0.000106220809,0.000000000000,0.000105605191,0.000107177038,0.000000000000,0.000106961111,0.000107114523,0.000000000000,0.000081669848,0.000077832104,0.000000000000,0.000076357193,0.000082455853,0.000000000000,0.000082883740,0.000079310772,0.000000000000,0.000073571876,0.000073671413,0.000000000000,0.000078227046,0.000080862946,0.000000000000,0.000080906192,0.000080037456,0.000000000000,0.000053333395,0.000056461237,0.000000000000,0.000062779398,0.000057085747,0.000000000000,0.000066470181,0.000065070910
345,0.000000000000,0.000139860830,0.000139860830,0.000000000000,0.000139860830,0.000139860830,0.000000000000,0.000139860830,0.000139860830,0.000000000000,0.000106759122,0.000106220809,0.000000000000,0.000105605191,0.000107177038,0.000000000000,0.000106961111,0.000107114523,0.000000000000,0.000081669848,0.000077832104,0.000000000000,0.000076357193,0.000082455853,0.000000000000,0.000082883740,0.000079310772,0.000000000000,0.000073571876,0.000073822207,0.000000000000,0.000078227046,0.000080862946,0.000000000000,0.000080906192,0.000080037456,0.000000000000,0.000053339254,0.000056547160,0.000000000000,0.000062815972,0.000057122287,0.000000000000,0.000066546895,0.000065107930
346,0.000000000000,0.000139860830,0.000139860830,0.000000000000,0.000139860830,0.000139860830,0.000000000000,0.000139860830,0.000139860830,0.000000000000,0.000106759122,0.000106220809,0.000000000000,0.000105605191,0.000107177038,0.000000000000,0.000106961111,0.000107114523,0.000000000000,0.000081689103,0.000077832104,0.000000000000,0.000076357193,0.000082455853,0.000000000000,0.000082883740,0.000079310772,0.000000000000,0.000073571876,0.000073840162,0.000000000000,0.000078227046,0.000080864578,0.000000000000,0.000080906192,0.000080037456,0.000000000000,0.000053714519,0.000056547160,0.000000000000,0.000062815972,0.000057122287,0.000000000000,0.000066595735,0.000065112497
347,0.000000000000,0.000139860830,0.000139860830,0.000000000000,0.000139860830,0.000139860830,0.000000000000,0.000139860830,0.000139860830,0.000000000000,0.000106759122,0.000106220809,0.000000000000,0.000105605191,0.000107177038,0.000000000000,0.000106961111,0.000107114523,0.000000000000,0.000081689103,0.000077832104,0.000000000000,0.000076357193,0.000082455853,0.000000000000,0.000082883740,0.000079310772,0.000000000000,0.000073571876,0.000073863381,0.000000000000,0.000078227046,0.000080864578,0.000000000000,0.000080906192,0.000080111157,0.000000000000,0.000053714519,0.000056618166,0.000000000000,0.000062820833,0.000057231254,0.000000000000,0.000066719241,0.000065120594
348,0.000000000000,0.000139860830,0.000139860830,0.000000000000,0.000139860830,0.000139860830,0.000000000000,0.000139860830,0.000139860830,0.000000000000,0.000106759122,0.000106220809,0.000000000000,0.000105605191,0.000107177038,0.000000000000,0.000106961111,0.000107114523,0.000000000000,0.000081729086,0.000077832104,0.000000000000,0.000076357193,0.000082455853,0.000000000000,0.000082883740,0.000079310772,0.000000000000,0.000073571876,0.000073863381,0.000000000000,0.000078227046,0.000080864578,0.000000000000,0.000080906192,0.000080111157,0.000000000000,0.000053733654,0.000056637842,0.000000000000,0.000062832436,0.000057231254,0.000000000000,0.000066868496,0.000065120594
349,0.000000000000,0.000139860830,0.000139860830,0.000000000000,0.000139860830,0.000139860830,0.000000000000,0.000139860830,0.000139860830,0.000000000000,0.000106759122,0.000106220809,0.000000000000,0.000105605191,0.000107177038,0.000000000000,0.000106961111,0.000107114523,0.000000000000,0.000082145657,0.000077832104,0.000000000000,0.000076357193,0.000082455853,0.000000000000,0.000082883740,0.000079310772,0.000000000000,0.000073571876,0.000073863381,0.000000000000,0.000078227046,0.000080864578,0.000000000000,0.000080906192,0.000080111157,0.000000000000,0.000053733654,0.000056637842,0.000000000000,0.000062846862,0.000057237175,0.000000000000,0.000066868496,0.000065176924
350,0.000000000000,0.000139860830,0.000139860830,0.000000000000,0.000139860830,0.000139860830,0.000000000000,0.000139860830,0.000139860830,0.000000000000,0.000106759122,0.000106220809,0.000000000000,0.000105605191,0.000107177038,0.000000000000,0.000106961111,0.000107114523,0.000000000000,0.000082145657,0.000077832104,0.000000000000,0.000076357193,0.000082455853,0.000000000000,0.000082883740,0.000079310772,0.000000000000,0.000073618390,0.000073869234,0.000000000000,0.000078227046,0.000080864578,0.000000000000,0.000080906192,0.000080111157,0.000000000000,0.000053748677,0.000056641553,0.000000000000,0.000062846862,0.000057237175,0.000000000000,0.000066941907,0.000065176924
351,0.000000000000,0.000139860830,0.000139860830,0.000000000000,0.000139860830,0.000139860830,0.000000000000,0.000139860830,0.000139860830,0.000000000000,0.000106759122,0.000106220809,0.000000000000,0.000105605191,0.000107379693,0.000000000000,0.000106961111,0.000107114523,0.000000000000,0.000082145657,0.000077832104,0.000000000000,0.000076357193,0.000082455853,0.000000000000,0.000082883740,0.000079310772,0.000000000000,0.000073618390,0.000073869234,0.000000000000,0.000078227046,0.000080864578,0.000000000000,0.000080906192,0.000080111157,0.000000000000,0.000053751261,0.000056748255,0.000000000000,0.000062852104,0.000057237175,0.000000000000,0.000066961644,0.000065176924
352,0.000000000000,0.000139860830,0.000139860830,0.000000000000,0.000139860830,0.000139860830,0.000000000000,0.000139860830,0.000139860830,0.000000000000,0.000106759122,0.000106220809,0.000000000000,0.000105605191,0.000107379693,0.000000000000,0.000106961111,0.000107114523,0.000000000000,0.000082145657,0.000077832104,0.000000000000,0.000076357193,0.000082455853,0.000000000000,0.000082883740,0.000079310772,0.000000000000,0.000073663279,0.000073872603,0.000000000000,0.000078227046,0.000080864578,0.000000000000,0.000080906192,0.000080111157,0.000000000000,0.000053766626,0.000056748255,0.000000000000,0.000062852104,0.000057237175,0.000000000000,0.000066998311,0.000065176924
353,0.000000000000,0.000139860830,0.000139860830,0.000000000000,0.000139860830,0.000139860830,0.000000000000,0.000139860830,0.000139860830,0.000000000000,0.000106759122,0.000106220809,0.000000000000,0.000105605191,0.000107379693,0.000000000000,0.000106961111,0.000107114523,0.000000000000,0.000082145657,0.000077832104,0.000000000000,0.000076357193,0.000082455853,0.000000000000,0.000082883740,0.000079310772,0.000000000000,0.000073663279,0.000073876237,0.000000000000,0.000078227046,0.000080864578,0.000000000000,0.000080906192,0.000080111157,0.000000000000,0.000053783244,0.000056805982,0.000000000000,0.000062852104,0.000057266076,0.000000000000,0.000067027996,0.000065176924
354,0.000000000000,0.000139860830,0.000139860830,0.000000000000,0.000139860830,0.000139860830,0.000000000000,0.000139860830,0.000139860830,0.000000000000,0.000106759122,0.000106220809,0.000000000000,0.000105605191,0.000107379693,0.000000000000,0.000106961111,0.000107114523,0.000000000000,0.000082145657,0.000077832104,0.000000000000,0.000076357193,0.000082455853,0.000000000000,0.000082883740,0.000079310772,0.000000000000,0.000073675729,0.000073876237,0.000000000000,0.000078227046,0.000080864578,0.000000000000,0.000080906192,0.000080142947,0.000000000000,0.000053851813,0.000057043511,0.000000000000,0.000062881853,0.000057314056,0.000000000000,0.000067027996,0.000065183418
355,0.000000000000,0.000139860830,0.000139860830,0.000000000000,0.000139860830,0.000139860830,0.000000000000,0.000139860830,0.000139860830,0.000000000000,0.000106759122,0.000106220809,0.000000000000,0.000105605191,0.000107379693,0.000000000000,0.000106961111,0.000107114523,0.000000000000,0.000082145657,0.000077832104,0.000000000000,0.000076357193,0.000082455853,0.000000000000,0.000082883740,0.000079310772,0.000000000000,0.000073685872,0.000074012664,0.000000000000,0.000078227046,0.000080864578,0.000000000000,0.000080906192,0.000080142947,0.000000000000,0.000053858180,0.000057074584,0.000000000000,0.000062881853,0.000057315843,0.000000000000,0.000067163064,0.000065183418
356,0.000000000000,0.000139860830,0.000139860830,0.000000000000,0.000139860830,0.000139860830,0.000000000000,0.000139860830,0.000139860830,0.000000000000,0.000106759122,0.000106220809,0.000000000000,0.000105605191,0.000107379693,0.000000000000,0.000106961111,0.000107114523,0.000000000000,0.000082150123,0.000077832104,0.000000000000,0.000076357193,0.000082455853,0.000000000000,0.000082883740,0.000079310772,0.000000000000,0.000073685872,0.000074012664,0.000000000000,0.000078227046,0.000080864578,0.000000000000,0.000080906192,0.000080142947,0.000000000000,0.000053879985,0.000057074584,0.000000000000,0.000062881853,0.000057315843,0.000000000000,0.000067181509,0.000065183418
357,0.000000000000,0.000139860830,0.000139860830,0.000000000000,0.000139860830,0.000139860830,0.000000000000,0.000139860830,0.000139860830,0.000000000000,0.000106759122,0.000106220809,0.000000000000,0.000105605191,0.000107379693,0.000000000000,0.000106961111,0.000107114523,0.000000000000,0.000082150123,0.000077832104,0.000000000000,0.000076357193,0.000082455853,0.000000000000,0.000082883740,0.000079310772,0.000000000000,0.000073886216,0.000074069824,0.000000000000,0.000078227046,0.000080864578,0.000000000000,0.000080906192,0.000080142947,0.000000000000,0.000053951048,0.000057098283,0.000000000000,0.000062881853,0.000057315843,0.000000000000,0.000067203452,0.000065372376
358,0.000000000000,0.000139860830,0.000139860830,0.000000000000,0.000139860830,0.000139860830,0.000000000000,0.000139860830,0.000139860830,0.000000000000,0.000106759122,0.000106220809,0.000000000000,0.000105605191,0.000107379693,0.000000000000,0.000106961111,0.000107114523,0.000000000000,0.000082150123,0.000077832104,0.000000000000,0.000076357193,0.000082455853,0.000000000000,0.000082883740,0.000079310772,0.000000000000,0.000073886216,0.000074080703,0.000000000000,0.000078227046,0.000080864578,0.000000000000,0.000080906192,0.000080142947,0.000000000000,0.000054055032,0.000057104567,0.000000000000,0.000062881853,0.000057361902,0.000000000000,0.000067217448,0.000065372376
359,0.000000000000,0.000139860830,0.000139860830,0.000000000000,0.000139860830,0.000139860830,0.000000000000,0.000139860830,0.000139860830,0.000000000000,0.000106759122,0.000106220809,0.000000000000,0.000105605191,0.000107379693,0.000000000000,0.000106961111,0.000107114523,0.000000000000,0.000082150123,0.000077832104,0.000000000000,0.000076357193,0.000082455853,0.000000000000,0.000082883740,0.000079310772,0.000000000000,0.000073886216,0.000074080703,0.000000000000,0.000078227046,0.000080892407,0.000000000000,0.000080906192,0.000080142947,0.000000000000,0.000054089035,0.000057129763,0.000000000000,0.000062881853,0.000057570954,0.000000000000,0.000067217448,0.000065455051
360,0.000000000000,0.000139860830,0.000139860830,0.000000000000,0.000139860830,0.000139860830,0.000000000000,0.000139860830,0.000139860830,0.000000000000,0.000106759122,0.000106220809,0.000000000000,0.000105605191,0.000107379693,0.000000000000,0.000106961111,0.000107114523,0.000000000000,0.000082150123,0.000077832104,0.000000000000,0.000076357193,0.000082455853,0.000000000000,0.000082883740,0.000079310772,0.000000000000,0.000073888280,0.000074080703,0.000000000000,0.000078227046,0.000080892407,0.000000000000,0.000080906192,0.000080205175,0.000000000000,0.000054089035,0.000057129763,0.000000000000,0.000062881853,0.000057570954,0.000000000000,0.000067236926,0.000065552934
361,0.000000000000,0.000139860830,0.000139860830,0.000000000000,0.000139860830,0.000139860830,0.000000000000,0.000139860830,0.000139860830,0.000000000000,0.000106759122,0.000106220809,0.000000000000,0.000105605191,0.000107379693,0.000000000000,0.000106961111,0.000107114523,0.000000000000,0.000082150123,0.000077832104,0.000000000000,0.000076357193,0.000082455853,0.000000000000,0.000082883740,0.000079310772,0.000000000000,0.000073888280,0.000074080703,0.000000000000,0.000078227046,0.000080892407,0.000000000000,0.000080906192,0.000080222260,0.000000000000,0.000054089035,0.000057129763,0.000000000000,0.000062894244,0.000057570954,0.000000000000,0.000067236926,0.000065552934
362,0.000000000000,0.000139860830,0.000139860830,0.000000000000,0.000139860830,0.000139860830,0.000000000000,0.000139860830,0.000139860830,0.000000000000,0.000106759122,0.000106220809,0.000000000000,0.000105605191,0.000107379693,0.000000000000,0.000106961111,0.000107114523,0.000000000000,0.000082150123,0.000077832104,0.000000000000,0.000076357193,0.000082455853,0.000000000000,0.000082883740,0.000079310772,0.000000000000,0.000073888280,0.000074090489,0.000000000000,0.000078227046,0.000080892407,0.000000000000,0.000080906192,0.000080222260,0.000000000000,0.000054089035,0.000057129763,0.000000000000,0.000062909152,0.000057588078,0.000000000000,0.000067249587,0.000065554703
363,0.000000000000,0.000139860830,0.000139860830,0.000000000000,0.000139860830,0.000139860830,0.000000000000,0.000139860830,0.000139860830,0.000000000000,0.000106759122,0.000106220809,0.000000000000,0.000105605191,0.000107379693,0.000000000000,0.000106961111,0.000107114523,0.000000000000,0.000082150123,0.000077832104,0.000000000000,0.000076357193,0.000082455853,0.000000000000,0.000082883740,0.000079310772,0.000000000000,0.000073888280,0.000074128686,0.000000000000,0.000078227046,0.000080892407,0.000000000000,0.000080906192,0.000080535791,0.000000000000,0.000054189294,0.000057154881,0.000000000000,0.000062909152,0.000057593453,0.000000000000,0.000067249587,0.000065554703
364,0.000000000000,0.000139860830,0.000139860830,0.000000000000,0.000139860830,0.000139860830,0.000000000000,0.000139860830,0.000139860830,0.000000000000,0.000106759122,0.000106220809,0.000000000000,0.000105605191,0.000107379693,0.000000000000,0.000106961111,0.000107114523,0.000000000000,0.000082150123,0.000077832104,0.000000000000,0.000076357193,0.000082455853,0.000000000000,0.000082883740,0.000079310772,0.000000000000,0.000073888280,0.000074128686,0.000000000000,0.000078227046,0.000080892407,0.000000000000,0.000080906192,0.000080535791,0.000000000000,0.000054232207,0.000057183861,0.000000000000,0.000062909152,0.000057602905,0.000000000000,0.000067249587,0.000065554703
365,0.000000000000,0.000139860830,0.000139860830,0.000000000000,0.000139860830,0.000139860830,0.000000000000,0.000139860830,0.000139860830,0.000000000000,0.000106759122,0.000106220809,0.000000000000,0.000105605191,0.000107379693,0.000000000000,0.000106961111,0.000107114523,0.000000000000,0.000082150123,0.000077832104,0.000000000000,0.000076357193,0.000082455853,0.000000000000,0.000082883740,0.000079310772,0.000000000000,0.000073888280,0.000074133117,0.000000000000,0.000078227046,0.000080892407,0.000000000000,0.000080906192,0.000080573767,0.000000000000,0.000054243161,0.000057223750,0.000000000000,0.000062909152,0.000057655118,0.000000000000,0.000067394311,0.000065612006
366,0.000000000000,0.000139860830,0.000139860830,0.000000000000,0.000139860830,0.000139860830,0.000000000000,0.000139860830,0.000139860830,0.000000000000,0.000106759122,0.000106220809,0.000000000000,0.000105605191,0.000107379693,0.000000000000,0.000106961111,0.000107114523,0.000000000000,0.000082150123,0.000077832104,0.000000000000,0.000076357193,0.000082455853,0.000000000000,0.000082883740,0.000079310772,0.000000000000,0.000073893472,0.000074241733,0.000000000000,0.000078227046,0.000080892407,0.000000000000,0.000080906192,0.000080573767,0.000000000000,0.000054324957,0.000057223750,0.000000000000,0.000062934166,0.000057676301,0.000000000000,0.000067463083,0.000065658792
367,0.000000000000,0.000139860830,0.000139860830,0.000000000000,0.000139860830,0.000139860830,0.000000000000,0.000139860830,0.000139860830,0.000000000000,0.000106759122,0.000106220809,0.000000000000,0.000105605191,0.000107379693,0.000000000000,0.000106961111,0.000107114523,0.000000000000,0.000082150123,0.000077832104,0.000000000000,0.000076357193,0.000082455853,0.000000000000,0.000082883740,0.000079310772,0.000000000000,0.000074068978,0.000074241733,0.000000000000,0.000078227046,0.000080892407,0.000000000000,0.000080906192,0.000080573767,0.000000000000,0.000054375634,0.000057223750,0.000000000000,0.000062934166,0.000057676301,0.000000000000,0.000067463083,0.000065754963
368,0.000000000000,0.000139860830,0.000139860830,0.000000000000,0.000139860830,0.000139860830,0.000000000000,0.000139860830,0.000139860830,0.000000000000,0.000106759122,0.000106220809,0.000000000000,0.000105605191,0.000107379693,0.000000000000,0.000106961111,0.000107114523,0.000000000000,0.000082150123,0.000077832104,0.000000000000,0.000076357193,0.000082455853,0.000000000000,0.000082883740,0.000079310772,0.000000000000,0.000074068978,0.000074252185,0.000000000000,0.000078227046,0.000080892407,0.000000000000,0.000080906192,0.000080623085,0.000000000000,0.000054375634,0.000057223750,0.000000000000,0.000062948191,0.000057691976,0.000000000000,0.000067463083,0.000065754963
369,0.000000000000,0.000139860830,0.000139860830,0.000000000000,0.000139860830,0.000139860830,0.000000000000,0.000139860830,0.000139860830,0.000000000000,0.000106759122,0.000106220809,0.000000000000,0.000105605191,0.000107379693,0.000000000000,0.000106961111,0.000107114523,0.000000000000,0.000082150123,0.000077832104,0.000000000000,0.000076357193,0.000082455853,0.000000000000,0.000082883740,0.000079310772,0.000000000000,0.000074068978,0.000074275308,0.000000000000,0.000078227046,0.000080892407,0.000000000000,0.000080906192,0.000080623085,0.000000000000,0.000054448930,0.000057223750,0.000000000000,0.000062948191,0.000057691976,0.000000000000,0.000067463083,0.000065859849
370,0.000000000000,0.000139860830,0.000139860830,0.000000000000,0.000139860830,0.000139860830,0.000000000000,0.000139860830,0.000139860830,0.000000000000,0.000106759122,0.000106220809,0.000000000000,0.000105605191,0.000107379693,0.000000000000,0.000106961111,0.000107114523,0.000000000000,0.000082150123,0.000077832104,0.000000000000,0.000076357193,0.000082455853,0.000000000000,0.000082883740,0.000079310772,0.000000000000,0.000074174391,0.000074275308,0.000000000000,0.000078227046,0.000080892407,0.000000000000,0.000080906192,0.000080623085,0.000000000000,0.000054480855,0.000057319655,0.000000000000,0.000062952228,0.000057691976,0.000000000000,0.000067463083,0.000065889615
371,0.000000000000,0.000139860830,0.000139860830,0.000000000000,0.000139860830,0.000139860830,0.000000000000,0.000139860830,0.000139860830,0.000000000000,0.000106759122,0.000106220809,0.000000000000,0.000105605191,0.000107379693,0.000000000000,0.000106961111,0.000107114523,0.000000000000,0.000082150123,0.000077832104,0.000000000000,0.000076357193,0.000082455853,0.000000000000,0.000082883740,0.000079310772,0.000000000000,0.000074174391,0.000074280599,0.000000000000,0.000078227046,0.000080892407,0.000000000000,0.000080906192,0.000080623085,0.000000000000,0.000054484500,0.000057329141,0.000000000000,0.000062964895,0.000057723656,0.000000000000,0.000067463083,0.000066054745
372,0.000000000000,0.000139860830,0.000139860830,0.000000000000,0.000139860830,0.000139860830,0.000000000000,0.000139860830,0.000139860830,0.000000000000,0.000106759122,0.000106220809,0.000000000000,0.000105605191,0.000107379693,0.000000000000,0.000106961111,0.000107114523,0.000000000000,0.000082150123,0.000077832104,0.000000000000,0.000076357193,0.000082455853,0.000000000000,0.000082883740,0.000079310772,0.000000000000,0.000074214143,0.000074280599,0.000000000000,0.000078227046,0.000080892407,0.000000000000,0.000080906192,0.000080623085,0.000000000000,0.000054613511,0.000057341355,0.000000000000,0.000063031782,0.000057852898,0.000000000000,0.000067463083,0.000066054745
373,0.000000000000,0.000139860830,0.000139860830,0.000000000000,0.000139860830,0.000139860830,0.000000000000,0.000139860830,0.000139860830,0.000000000000,0.000106759122,0.000106220809,0.000000000000,0.000105605191,0.000107379693,0.000000000000,0.000106961111,0.000107114523,0.000000000000,0.000082150123,0.000077832104,0.000000000000,0.000076357193,0.000082455853,0.000000000000,0.000082883740,0.000079310772,0.000000000000,0.000074303064,0.000074280599,0.000000000000,0.000078227046,0.000080892407,0.000000000000,0.000080906192,0.000080623085,0.000000000000,0.000054682507,0.000057341355,0.000000000000,0.000063060438,0.000057930285,0.000000000000,0.000067463083,0.000066054745
374,0.000000000000,0.000139860830,0.000139860830,0.000000000000,0.000139860830,0.000139860830,0.000000000000,0.000139860830,0.000139860830,0.000000000000,0.000106759122,0.000106220809,0.000000000000,0.000105605191,0.000107379693,0.000000000000,0.000106961111,0.000107114523,0.000000000000,0.000082150123,0.000077832104,0.000000000000,0.000076357193,0.000082455853,0.000000000000,0.000082883740,0.000079310772,0.000000000000,0.000074322978,0.000074280599,0.000000000000,0.000078227046,0.000080892407,0.000000000000,0.000080906192,0.000080657209,0.000000000000,0.000054788631,0.000057368831,0.000000000000,0.000063060438,0.000057930285,0.000000000000,0.000067463083,0.000066054745
375,0.000000000000,0.000139860830,0.000139860830,0.000000000000,0.000139860830,0.000139860830,0.000000000000,0.000139860830,0.000139860830,0.000000000000,0.000106759122,0.000106220809,0.000000000000,0.000105605191,0.000107379693,0.000000000000,0.000106961111,0.000107114523,0.000000000000,0.000082150123,0.000077832104,0.000000000000,0.000076357193,0.000082455853,0.000000000000,0.000082883740,0.000079310772,0.000000000000,0.000074343926,0.000074289722,0.000000000000,0.000078227046,0.000080892407,0.000000000000,0.000080906192,0.000080657209,0.000000000000,0.000054808469,0.000057382216,0.000000000000,0.000063060438,0.000057931403,0.000000000000,0.000067463083,0.000066054745
376,0.000000000000,0.000139860830,0.000139860830,0.000000000000,0.000139860830,0.000139860830,0.000000000000,0.000139860830,0.000139860830,0.000000000000,0.000106759122,0.000106220809,0.000000000000,0.000105605191,0.000107379693,0.000000000000,0.000106961111,0.000107114523,0.000000000000,0.000082150123,0.000077832104,0.000000000000,0.000076357193,0.000082455853,0.000000000000,0.000082883740,0.000079310772,0.000000000000,0.000074343926,0.000074289722,0.000000000000,0.000078227046,0.000080986944,0.000000000000,0.000080906192,0.000080657209,0.000000000000,0.000054844002,0.000057385986,0.000000000000,0.000063060438,0.000057937788,0.000000000000,0.000067543424,0.000066076313
377,0.000000000000,0.000139860830,0.000139860830,0.000000000000,0.000139860830,0.000139860830,0.000000000000,0.000139860830,0.000139860830,0.000000000000,0.000106759122,0.000106220809,0.000000000000,0.000105605191,0.000107379693,0.000000000000,0.000106961111,0.000107114523,0.000000000000,0.000082150123,0.000077832104,0.000000000000,0.000076357193,0.000082455853,0.000000000000,0.000082883740,0.000079310772,0.000000000000,0.000074343926,0.000074398550,0.000000000000,0.000078227046,0.000080986944,0.000000000000,0.000080906192,0.000080700442,0.000000000000,0.000055001787,0.000057385986,0.000000000000,0.000063066329,0.000057956250,0.000000000000,0.000067552769,0.000066077558
378,0.000000000000,0.000139860830,0.000139860830,0.000000000000,0.000139860830,0.000139860830,0.000000000000,0.000139860830,0.000139860830,0.000000000000,0.000106759122,0.000106220809,0.000000000000,0.000105605191,0.000107379693,0.000000000000,0.000106961111,0.000107114523,0.000000000000,0.000082150123,0.000077832104,0.000000000000,0.000076357193,0.000082455853,0.000000000000,0.000082883740,0.000079310772,0.000000000000,0.000074345155,0.000074398550,0.000000000000,0.000078227046,0.000080986944,0.000000000000,0.000080906192,0.000080766991,0.000000000000,0.000055001787,0.000057385986,0.000000000000,0.000063115020,0.000057956250,0.000000000000,0.000067552769,0.000066077558
379,0.000000000000,0.000139860830,0.000139860830,0.000000000000,0.000139860830,0.000139860830,0.000000000000,0.000139860830,0.000139860830,0.000000000000,0.000106759122,0.000106220809,0.000000000000,0.000105605191,0.000107379693,0.000000000000,0.000106961111,0.000107114523,0.000000000000,0.000082150123,0.000077832104,0.000000000000,0.000076357193,0.000082455853,0.000000000000,0.000082883740,0.000079310772,0.000000000000,0.000074345155,0.000074431756,0.000000000000,0.000078227046,0.000080986944,0.000000000000,0.000080906192,0.000080766991,0.000000000000,0.000055162497,0.000057414620,0.000000000000,0.000063129272,0.000057983135,0.000000000000,0.000067552769,0.000066077558
380,0.000000000000,0.000139860830,0.000139860830,0.000000000000,0.000139860830,0.000139860830,0.000000000000,0.000139860830,0.000139860830,0.000000000000,0.000106759122,0.000106220809,0.000000000000,0.000105605191,0.000107379693,0.000000000000,0.000106961111,0.000107114523,0.000000000000,0.000082150123,0.000077832104,0.000000000000,0.000076357193,0.000082455853,0.000000000000,0.000082883740,0.000079310772,0.000000000000,0.000074345155,0.000074574506,0.000000000000,0.000078227046,0.000080986944,0.000000000000,0.000080906192,0.000080766991,0.000000000000,0.000055347700,0.000057450167,0.000000000000,0.000063129272,0.000057983135,0.000000000000,0.000067552769,0.000066077558
381,0.000000000000,0.000139860830,0.000139860830,0.000000000000,0.000139860830,0.000139860830,0.000000000000,0.000139860830,0.000139860830,0.000000000000,0.000106759122,0.000106220809,0.000000000000,0.000105605191,0.000107379693,0.000000000000,0.000106961111,0.000107114523,0.000000000000,0.000082150123,0.000077832104,0.000000000000,0.000076357193,0.000082455853,0.000000000000,0.000082883740,0.000079310772,0.000000000000,0.000074345155,0.000074615245,0.000000000000,0.000078227046,0.000080986944,0.000000000000,0.000080906192,0.000080766991,0.000000000000,0.000055347700,0.000057455852,0.000000000000,0.000063129272,0.000057985537,0.000000000000,0.000067601560,0.000066077558
382,0.000000000000,0.000139860830,0.000139860830,0.000000000000,0.000139860830,0.000139860830,0.000000000000,0.000139860830,0.000139860830,0.000000000000,0.000106759122,0.000106220809,0.000000000000,0.000105605191,0.000107379693,0.000000000000,0.000106961111,0.000107114523,0.000000000000,0.000082150123,0.000077832104,0.000000000000,0.000076357193,0.000082455853,0.000000000000,0.000082883740,0.000079310772,0.000000000000,0.000074345155,0.000074640914,0.000000000000,0.000078227046,0.000080986944,0.000000000000,0.000080906192,0.000080766991,0.000000000000,0.000055355102,0.000057501077,0.000000000000,0.000063225712,0.000058051616,0.000000000000,0.000067601560,0.000066108295
383,0.000000000000,0.000139860830,0.000139860830,0.000000000000,0.000139860830,0.000139860830,0.000000000000,0.000139860830,0.000139860830,0.000000000000,0.000106759122,0.000106220809,0.000000000000,0.000105605191,0.000107379693,0.000000000000,0.000106961111,0.000107114523,0.000000000000,0.000082150123,0.000077832104,0.000000000000,0.000076357193,0.000082455853,0.000000000000,0.000082883740,0.000079310772,0.000000000000,0.000074347635,0.000074640914,0.000000000000,0.000078227046,0.000080986944,0.000000000000,0.000080906192,0.000080766991,0.000000000000,0.000055363251,0.000057505157,0.000000000000,0.000063225712,0.000058084656,0.000000000000,0.000067601560,0.000066108295
384,0.000000000000,0.000139860830,0.000139860830,0.000000000000,0.000139860830,0.000139860830,0.000000000000,0.000139860830,0.000139860830,0.000000000000,0.000106759122,0.000106220809,0.000000000000,0.000105605191,0.000107379693,0.000000000000,0.000106961111,0.000107115144,0.000000000000,0.000082150123,0.000077832104,0.000000000000,0.000076357193,0.000082455853,0.000000000000,0.000082883740,0.000079310772,0.000000000000,0.000074367765,0.000074651994,0.000000000000,0.000078227046,0.000080986944,0.000000000000,0.000080906192,0.000080789040,0.000000000000,0.000055363251,0.000057505157,0.000000000000,0.000063225712,0.000058084656,0.000000000000,0.000067601560,0.000066108295
385,0.000000000000,0.000139860830,0.000139860830,0.000000000000,0.000139860830,0.000139860830,0.000000000000,0.000139860830,0.000139860830,0.000000000000,0.000106759122,0.000106220809,0.000000000000,0.000105605191,0.000107379693,0.000000000000,0.000106961111,0.000107621016,0.000000000000,0.000082150123,0.000077832104,0.000000000000,0.000076357193,0.000082455853,0.000000000000,0.000082883740,0.000079310772,0.000000000000,0.000074388655,0.000074724807,0.000000000000,0.000078227046,0.000080986944,0.000000000000,0.000080906192,0.000080789040,0.000000000000,0.000055376106,0.000057515100,0.000000000000,0.000063225712,0.000058089754,0.000000000000,0.000067601560,0.000066138455
386,0.000000000000,0.000139860830,0.000139860830,0.000000000000,0.000139860830,0.000139860830,0.000000000000,0.000139860830,0.000139860830,0.000000000000,0.000106759122,0.000106220809,0.000000000000,0.000105605191,0.000107379693,0.000000000000,0.000106961111,0.000107621016,0.000000000000,0.000082150123,0.000077832104,0.000000000000,0.000076357193,0.000082455853,0.000000000000,0.000082883740,0.000079310772,0.000000000000,0.000074388655,0.000074724807,0.000000000000,0.000078227046,0.000080986944,0.000000000000,0.000080906192,0.000080789040,0.000000000000,0.000055437301,0.000057515100,0.000000000000,0.000063225712,0.000058089754,0.000000000000,0.000067601560,0.000066195971
387,0.000000000000,0.000139860830,0.000139860830,0.000000000000,0.000139860830,0.000139860830,0.000000000000,0.000139860830,0.000139860830,0.000000000000,0.000106759122,0.000106220809,0.000000000000,0.000105605191,0.000107379693,0.000000000000,0.000106961111,0.000107621016,0.000000000000,0.000082150123,0.000077965197,0.000000000000,0.000076357193,0.000082455853,0.000000000000,0.000082883740,0.000079310772,0.000000000000,0.000074415642,0.000074724807,0.000000000000,0.000078227046,0.000080986944,0.000000000000,0.000080906192,0.000080789040,0.000000000000,0.000055578654,0.000057515100,0.000000000000,0.000063271937,0.000058089754,0.000000000000,0.000067601560,0.000066195971
388,0.000000000000,0.000139860830,0.000139860830,0.000000000000,0.000139860830,0.000139860830,0.000000000000,0.000139860830,0.000139860830,0.000000000000,0.000106759122,0.000106220809,0.000000000000,0.000105605191,0.000107379693,0.000000000000,0.000106961111,0.000107621016,0.000000000000,0.000082150123,0.000077965197,0.000000000000,0.000076357193,0.000082455853,0.000000000000,0.000082883740,0.000079310772,0.000000000000,0.000074415642,0.000074724807,0.000000000000,0.000078227046,0.000080986944,0.000000000000,0.000080906192,0.000080789040,0.000000000000,0.000055749813,0.000057524763,0.000000000000,0.000063271937,0.000058089754,0.000000000000,0.000067601560,0.000066218334
389,0.000000000000,0.000139860830,0.000139860830,0.000000000000,0.000139860830,0.000139860830,0.000000000000,0.000139860830,0.000139860830,0.000000000000,0.000106759122,0.000106220809,0.000000000000,0.000105605191,0.000107379693,0.000000000000,0.000106961111,0.000107621016,0.000000000000,0.000082150123,0.000078011382,0.000000000000,0.000076357193,0.000082455853,0.000000000000,0.000082883740,0.000079310772,0.000000000000,0.000074415642,0.000074734252,0.000000000000,0.000078227046,0.000080986944,0.000000000000,0.000080906192,0.000080868534,0.000000000000,0.000055848631,0.000057565912,0.000000000000,0.000063292057,0.000058089754,0.000000000000,0.000067601560,0.000066342389
390,0.000000000000,0.000139860830,0.000139860830,0.000000000000,0.000139860830,0.000139860830,0.000000000000,0.000139860830,0.000139860830,0.000000000000,0.000106759122,0.000106220809,0.000000000000,0.000105605191,0.000107379693,0.000000000000,0.000106961111,0.000107621016,0.000000000000,0.000082150123,0.000078367552,0.000000000000,0.000076357193,0.000082455853,0.000000000000,0.000082883740,0.000079310772,0.000000000000,0.000074415642,0.000075064387,0.000000000000,0.000078227046,0.000080986944,0.000000000000,0.000080906192,0.000080868534,0.000000000000,0.000056394951,0.000057607383,0.000000000000,0.000063292057,0.000058089754,0.000000000000,0.000067601560,0.000066517320
391,0.000000000000,0.000139860830,0.000139860830,0.000000000000,0.000139860830,0.000139860830,0.000000000000,0.000139860830,0.000139860830,0.000000000000,0.000106759122,0.000106220809,0.000000000000,0.000105605191,0.000107379693,0.000000000000,0.000106961111,0.000107621016,0.000000000000,0.000082150123,0.000078367552,0.000000000000,0.000076357193,0.000082455853,0.000000000000,0.000082883740,0.000079310772,0.000000000000,0.000074415642,0.000075064387,0.000000000000,0.000078227046,0.000080986944,0.000000000000,0.000080906192,0.000080868534,0.000000000000,0.000056538599,0.000057607383,0.000000000000,0.000063292057,0.000058089754,0.000000000000,0.000067656786,0.000066517320
392,0.000000000000,0.000139860830,0.000139860830,0.000000000000,0.000139860830,0.000139860830,0.000000000000,0.000139860830,0.000139860830,0.000000000000,0.000106759122,0.000106220809,0.000000000000,0.000105605191,0.000107379693,0.000000000000,0.000106961111,0.000107621016,0.000000000000,0.000082150123,0.000078367552,0.000000000000,0.000076357193,0.000082455853,0.000000000000,0.000082883740,0.000079310772,0.000000000000,0.000074415642,0.000075064387,0.000000000000,0.000078227046,0.000080986944,0.000000000000,0.000080906192,0.000080868534,0.000000000000,0.000056574710,0.000057607383,0.000000000000,0.000063292057,0.000058116741,0.000000000000,0.000067656786,0.000066630461
393,0.000000000000,0.000139860830,0.000139860830,0.000000000000,0.000139860830,0.000139860830,0.000000000000,0.000139860830,0.000139860830,0.000000000000,0.000106759122,0.000106220809,0.000000000000,0.000105605191,0.000107379693,0.000000000000,0.000106961111,0.000107621016,0.000000000000,0.000082150123,0.000078367552,0.000000000000,0.000076357193,0.000082455853,0.000000000000,0.000082883740,0.000079310772,0.000000000000,0.000074415642,0.000075272748,0.000000000000,0.000078227046,0.000080986944,0.000000000000,0.000080906192,0.000080868534,0.000000000000,0.000056574710,0.000057627648,0.000000000000,0.000063292057,0.000058125961,0.000000000000,0.000067675678,0.000066630461
394,0.000000000000,0.000139860830,0.000139860830,0.000000000000,0.000139860830,0.000139860830,0.000000000000,0.000139860830,0.000139860830,0.000000000000,0.000106759122,0.000106220809,0.000000000000,0.000105605191,0.000107379693,0.000000000000,0.000106961111,0.000107621016,0.000000000000,0.000082150123,0.000078367552,0.000000000000,0.000076357193,0.000082455853,0.000000000000,0.000082883740,0.000079310772,0.000000000000,0.000074415642,0.000075278993,0.000000000000,0.000078227046,0.000080986944,0.000000000000,0.000080906192,0.000080868534,0.000000000000,0.000056574710,0.000057632590,0.000000000000,0.000063292057,0.000058125961,0.000000000000,0.000067676016,0.000066630461
395,0.000000000000,0.000139860830,0.000139860830,0.000000000000,0.000139860830,0.000139860830,0.000000000000,0.000139860830,0.000139860830,0.000000000000,0.000106759122,0.000106220809,0.000000000000,0.000105605191,0.000107379693,0.000000000000,0.000106961111,0.000107621016,0.000000000000,0.000082150123,0.000078705772,0.000000000000,0.000076357193,0.000082455853,0.000000000000,0.000082883740,0.000079310772,0.000000000000,0.000074415642,0.000075278993,0.000000000000,0.000078227046,0.000080986944,0.000000000000,0.000080906192,0.000080868534,0.000000000000,0.000056603515,0.000057659589,0.000000000000,0.000063292057,0.000058383799,0.000000000000,0.000067676016,0.000066660013
396,0.000000000000,0.000139860830,0.000139860830,0.000000000000,0.000139860830,0.000139860830,0.000000000000,0.000139860830,0.000139860830,0.000000000000,0.000106759122,0.000106220809,0.000000000000,0.000105605191,0.000107379693,0.000000000000,0.000106961111,0.000107621016,0.000000000000,0.000082150123,0.000078705772,0.000000000000,0.000076357193,0.000082455853,0.000000000000,0.000082883740,0.000079310772,0.000000000000,0.000074415642,0.000075278993,0.000000000000,0.000078227046,0.000080986944,0.000000000000,0.000080906192,0.000080868534,0.000000000000,0.000056641489,0.000057682756,0.000000000000,0.000063292057,0.000058383799,0.000000000000,0.000067711251,0.000066660013
397,0.000000000000,0.000139860830,0.000139860830,0.000000000000,0.000139860830,0.000139860830,0.000000000000,0.000139860830,0.000139860830,0.000000000000,0.000106759122,0.000106220809,0.000000000000,0.000105605191,0.000107379693,0.000000000000,0.000106961111,0.000107621016,0.000000000000,0.000082150123,0.000078714557,0.000000000000,0.000076357193,0.000082455853,0.000000000000,0.000082883740,0.000079310772,0.000000000000,0.000074415642,0.000075360364,0.000000000000,0.000078227046,0.000080986944,0.000000000000,0.000080906192,0.000080868534,0.000000000000,0.000056665803,0.000057728657,0.000000000000,0.000063310868,0.000058412013,0.000000000000,0.000067750937,0.000066660013
398,0.000000000000,0.000139860830,0.000139860830,0.000000000000,0.000139860830,0.000139860830,0.000000000000,0.000139860830,0.000139860830,0.000000000000,0.000106759122,0.000106220809,0.000000000000,0.000105605191,0.000107379693,0.000000000000,0.000106961111,0.000107621016,0.000000000000,0.000082150123,0.000078860763,0.000000000000,0.000076357193,0.000082455853,0.000000000000,0.000082909605,0.000079310772,0.000000000000,0.000074415642,0.000075775220,0.000000000000,0.000078227046,0.000080986944,0.000000000000,0.000080906192,0.000080868534,0.000000000000,0.000056665803,0.000057728657,0.000000000000,0.000063310868,0.000058412013,0.000000000000,0.000067750937,0.000066660013
399,0.000000000000,0.000139860830,0.000139860830,0.000000000000,0.000139860830,0.000139860830,0.000000000000,0.000139860830,0.000139860830,0.000000000000,0.000106759122,0.000106220809,0.000000000000,0.000105605191,0.000107379693,0.000000000000,0.000106961111,0.000107621016,0.000000000000,0.000082150123,0.000078860763,0.000000000000,0.000076357193,0.000082455853,0.000000000000,0.000082955015,0.000079310772,0.000000000000,0.000074415642,0.000075912866,0.000000000000,0.000078227046,0.000080986944,0.000000000000,0.000080906192,0.000080868534,0.000000000000,0.000056671856,0.000057728657,0.000000000000,0.000063310868,0.000058412013,0.000000000000,0.000067750937,0.000066677656
400,0.000000000000,0.000139860830,0.000139860830,0.000000000000,0.000139860830,0.000139860830,0.000000000000,0.000139860830,0.000139860830,0.000000000000,0.000106759122,0.000106220809,0.000000000000,0.000105605191,0.000107379693,0.000000000000,0.000106961111,0.000107621016,0.000000000000,0.000082150123,0.000078991252,0.000000000000,0.000076357193,0.000082455853,0.000000000000,0.000082965628,0.000079310772,0.000000000000,0.000074415642,0.000075912866,0.000000000000,0.000078227046,0.000080986944,0.000000000000,0.000080906192,0.000080868534,0.000000000000,0.000056984550,0.000057728657,0.000000000000,0.000063310868,0.000058542411,0.000000000000,0.000067750937,0.000066750312
401,0.000000000000,0.000139860830,0.000139860830,0.000000000000,0.000139860830,0.000139860830,0.000000000000,0.000139860830,0.000139860830,0.000000000000,0.000106759122,0.000106220809,0.000000000000,0.000105605191,0.000107379693,0.000000000000,0.000106961111,0.000107621016,0.000000000000,0.000082150123,0.000079073649,0.000000000000,0.000076357193,0.000082455853,0.000000000000,0.000082965628,0.000079310772,0.000000000000,0.000074415642,0.000075931582,0.000000000000,0.000078227046,0.000080986944,0.000000000000,0.000080906192,0.000080868534,0.000000000000,0.000057012317,0.000057790339,0.000000000000,0.000063314709,0.000058542411,0.000000000000,0.000067750937,0.000066885162
402,0.000000000000,0.000139860830,0.000139860830,0.000000000000,0.000139860830,0.000139860830,0.000000000000,0.000139860830,0.000139860830,0.000000000000,0.000106759122,0.000106220809,0.000000000000,0.000105605191,0.000107379693,0.000000000000,0.000106961111,0.000107621016,0.000000000000,0.000082150123,0.000079073649,0.000000000000,0.000076357193,0.000082455853,0.000000000000,0.000082965628,0.000079310772,0.000000000000,0.000074415642,0.000075931582,0.000000000000,0.000078227046,0.000080986944,0.000000000000,0.000080906192,0.000080868534,0.000000000000,0.000057055836,0.000057801185,0.000000000000,0.000063314709,0.000058542411,0.000000000000,0.000067750937,0.000066970077
403,0.000000000000,0.000139860830,0.000139860830,0.000000000000,0.000139860830,0.000139860830,0.000000000000,0.000139860830,0.000139860830,0.000000000000,0.000106759122,0.000106220809,0.000000000000,0.000105605191,0.000107379693,0.000000000000,0.000106961111,0.000107621016,0.000000000000,0.000082150123,0.000079266150,0.000000000000,0.000076357193,0.000082455853,0.000000000000,0.000082965628,0.000079310772,0.000000000000,0.000074415642,0.000075931582,0.000000000000,0.000078227046,0.000080986944,0.000000000000,0.000080906192,0.000080873499,0.000000000000,0.000057145948,0.000057801185,0.000000000000,0.000063314709,0.000058632903,0.000000000000,0.000067778062,0.000066970077
404,0.000000000000,0.000139860830,0.000139860830,0.000000000000,0.000139860830,0.000139860830,0.000000000000,0.000139860830,0.000139860830,0.000000000000,0.000106759122,0.000106220809,0.000000000000,0.000105605191,0.000107379693,0.000000000000,0.000106961111,0.000107621016,0.000000000000,0.000082150123,0.000079266150,0.000000000000,0.000076357193,0.000082455853,0.000000000000,0.000082965628,0.000079310772,0.000000000000,0.000074415649,0.000076023089,0.000000000000,0.000078227046,0.000080986944,0.000000000000,0.000080906192,0.000080873499,0.000000000000,0.000057160220,0.000057937419,0.000000000000,0.000063314709,0.000058649289,0.000000000000,0.000067819703,0.000066970077
405,0.000000000000,0.000139860830,0.000139860830,0.000000000000,0.000139860830,0.000139860830,0.000000000000,0.000139860830,0.000139860830,0.000000000000,0.000106759122,0.000106220809,0.000000000000,0.000105605191,0.000107379693,0.000000000000,0.000106961111,0.000107621016,0.000000000000,0.000082150123,0.000079266150,0.000000000000,0.000076357193,0.000082455853,0.000000000000,0.000082967226,0.000079310772,0.000000000000,0.000074415649,0.000076023089,0.000000000000,0.000078227046,0.000080986944,0.000000000000,0.000080906192,0.000080873499,0.000000000000,0.000057160220,0.000057997288,0.000000000000,0.000063314709,0.000058649289,0.000000000000,0.000067911711,0.000066981972
406,0.000000000000,0.000139860830,0.000139860830,0.000000000000,0.000139860830,0.000139860830,0.000000000000,0.000139860830,0.000139860830,0.000000000000,0.000106759122,0.000106220809,0.000000000000,0.000105605191,0.000107379693,0.000000000000,0.000106961111,0.000107621016,0.000000000000,0.000082150123,0.000079266150,0.000000000000,0.000076357193,0.000082455853,0.000000000000,0.000082973482,0.000079310772,0.000000000000,0.000074415649,0.000076023089,0.000000000000,0.000078227046,0.000081030505,0.000000000000,0.000080906192,0.000080873499,0.000000000000,0.000057160220,0.000058341883,0.000000000000,0.000063314709,0.000058675385,0.000000000000,0.000067974985,0.000067074992
407,0.000000000000,0.000139860830,0.000139860830,0.000000000000,0.000139860830,0.000139860830,0.000000000000,0.000139860830,0.000139860830,0.000000000000,0.000106759122,0.000106220809,0.000000000000,0.000105605191,0.000107379693,0.000000000000,0.000106961111,0.000107621016,0.000000000000,0.000082150123,0.000079266150,0.000000000000,0.000076357193,0.000082455853,0.000000000000,0.000083040402,0.000079310772,0.000000000000,0.000074415649,0.000076037287,0.000000000000,0.000078227046,0.000081030505,0.000000000000,0.000080906192,0.000080873499,0.000000000000,0.000057185650,0.000058341883,0.000000000000,0.000063357525,0.000058676093,0.000000000000,0.000067974985,0.000067294839
408,0.000000000000,0.000139860830,0.000139860830,0.000000000000,0.000139860830,0.000139860830,0.000000000000,0.000139860830,0.000139860830,0.000000000000,0.000106759122,0.000106220809,0.000000000000,0.000105605191,0.000107379693,0.000000000000,0.000106961111,0.000107621016,0.000000000000,0.000082150123,0.000079266150,0.000000000000,0.000076357193,0.000082455853,0.000000000000,0.000083043014,0.000079310772,0.000000000000,0.000074415649,0.000076040716,0.000000000000,0.000078227046,0.000081030505,0.000000000000,0.000080906192,0.000080873499,0.000000000000,0.000057214899,0.000058341883,0.000000000000,0.000063357577,0.000058676093,0.000000000000,0.000067987928,0.000067294839
409,0.000000000000,0.000139860830,0.000139860830,0.000000000000,0.000139860830,0.000139860830,0.000000000000,0.000139860830,0.000139860830,0.000000000000,0.000106759122,0.000106434560,0.000000000000,0.000105605191,0.000107379693,0.000000000000,0.000106961111,0.000107621016,0.000000000000,0.000082150123,0.000079283136,0.000000000000,0.000076357193,0.000082455853,0.000000000000,0.000083227438,0.000079310772,0.000000000000,0.000074415649,0.000076154220,0.000000000000,0.000078227046,0.000081030505,0.000000000000,0.000080906192,0.000080873499,0.000000000000,0.000057237738,0.000058341883,0.000000000000,0.000063392359,0.000058676093,0.000000000000,0.000067995913,0.000067632636
410,0.000000000000,0.000139860830,0.000139860830,0.000000000000,0.000139860830,0.000139860830,0.000000000000,0.000139860830,0.000139860830,0.000000000000,0.000106759122,0.000106434560,0.000000000000,0.000105605191,0.000107379693,0.000000000000,0.000106961111,0.000107621016,0.000000000000,0.000082150123,0.000079283136,0.000000000000,0.000076357193,0.000082455853,0.000000000000,0.000083274015,0.000079310772,0.000000000000,0.000074415649,0.000076154220,0.000000000000,0.000078227046,0.000081030505,0.000000000000,0.000080906192,0.000080873499,0.000000000000,0.000057237738,0.000058346193,0.000000000000,0.000063404765,0.000058676093,0.000000000000,0.000067995913,0.000067632636
411,0.000000000000,0.000139860830,0.000139860830,0.000000000000,0.000139860830,0.000139860830,0.000000000000,0.000139860830,0.000139860830,0.000000000000,0.000106759122,0.000106434560,0.000000000000,0.000105605191,0.000107379693,0.000000000000,0.000106961111,0.000107621016,0.000000000000,0.000082150123,0.000079505334,0.000000000000,0.000076357193,0.000082455853,0.000000000000,0.000083289703,0.000079310772,0.000000000000,0.000074439676,0.000076175544,0.000000000000,0.000078227046,0.000081030505,0.000000000000,0.000080906192,0.000080873499,0.000000000000,0.000057249075,0.000058346193,0.000000000000,0.000063404765,0.000058676093,0.000000000000,0.000067995913,0.000067632636
412,0.000000000000,0.000139860830,0.000139860830,0.000000000000,0.000139860830,0.000139860830,0.000000000000,0.000139860830,0.000139860830,0.000000000000,0.000106759122,0.000106434560,0.000000000000,0.000105605191,0.000107379693,0.000000000000,0.000106961111,0.000107621016,0.000000000000,0.000082150123,0.000079505334,0.000000000000,0.000076357193,0.000082455853,0.000000000000,0.000083289703,0.000079310772,0.000000000000,0.000074439676,0.000076198052,0.000000000000,0.000078227046,0.000081030505,0.000000000000,0.000080906192,0.000080873499,0.000000000000,0.000057249075,0.000058403586,0.000000000000,0.000063404765,0.000058705710,0.000000000000,0.000068122662,0.000067653436
413,0.000000000000,0.000139860830,0.000139860830,0.000000000000,0.000139860830,0.000139860830,0.000000000000,0.000139860830,0.000139860830,0.000000000000,0.000106759122,0.000106434560,0.000000000000,0.000105605191,0.000107379693,0.000000000000,0.000106961111,0.000107621016,0.000000000000,0.000082150123,0.000079525233,0.000000000000,0.000076357193,0.000082455853,0.000000000000,0.000083316949,0.000079310772,0.000000000000,0.000074439676,0.000076200234,0.000000000000,0.000078227046,0.000081030505,0.000000000000,0.000080906192,0.000080873499,0.000000000000,0.000057249075,0.000058403586,0.000000000000,0.000063415563,0.000058705710,0.000000000000,0.000068122662,0.000067653436
414,0.000000000000,0.000139860830,0.000139860830,0.000000000000,0.000139860830,0.000139860830,0.000000000000,0.000139860830,0.000139860830,0.000000000000,0.000106759122,0.000106434560,0.000000000000,0.000105605191,0.000107379693,0.000000000000,0.000106961111,0.000107621016,0.000000000000,0.000082150123,0.000079538490,0.000000000000,0.000076357193,0.000082455853,0.000000000000,0.000083318113,0.000079310772,0.000000000000,0.000074439676,0.000076200234,0.000000000000,0.000078227046,0.000081030505,0.000000000000,0.000080906192,0.000080873499,0.000000000000,0.000057261777,0.000058676468,0.000000000000,0.000063415563,0.000058710467,0.000000000000,0.000068122662,0.000067653436
415,0.000000000000,0.000139860830,0.000139860830,0.000000000000,0.000139860830,0.000139860830,0.000000000000,0.000139860830,0.000139860830,0.000000000000,0.000106759122,0.000106434560,0.000000000000,0.000105605191,0.000107379693,0.000000000000,0.000106961111,0.000107621016,0.000000000000,0.000082150123,0.000079538490,0.000000000000,0.000076357193,0.000082455853,0.000000000000,0.000083420037,0.000079310772,0.000000000000,0.000074439676,0.000076200234,0.000000000000,0.000078227046,0.000081030505,0.000000000000,0.000080906192,0.000080873499,0.000000000000,0.000057287087,0.000058692625,0.000000000000,0.000063415563,0.000058712974,0.000000000000,0.000068122662,0.000067653436
416,0.000000000000,0.000139860830,0.000139860830,0.000000000000,0.000139860830,0.000139860830,0.000000000000,0.000139860830,0.000139860830,0.000000000000,0.000106759122,0.000106434560,0.000000000000,0.000105605191,0.000107379693,0.000000000000,0.000106961111,0.000107621016,0.000000000000,0.000082150123,0.000079737234,0.000000000000,0.000076357193,0.000082455853,0.000000000000,0.000083420037,0.000079310772,0.000000000000,0.000074439676,0.000076320333,0.000000000000,0.000078227046,0.000081030505,0.000000000000,0.000080906192,0.000080873499,0.000000000000,0.000057348593,0.000058717838,0.000000000000,0.000063420395,0.000058717273,0.000000000000,0.000068122662,0.000067653436
417,0.000000000000,0.000139860830,0.000139860830,0.000000000000,0.000139860830,0.000139860830,0.000000000000,0.000139860830,0.000139860830,0.000000000000,0.000106759122,0.000106434560,0.000000000000,0.000105605191,0.000107379693,0.000000000000,0.000106961111,0.000107621016,0.000000000000,0.000082150123,0.000079737234,0.000000000000,0.000076357193,0.000082455853,0.000000000000,0.000083420037,0.000079310772,0.000000000000,0.000074439676,0.000076320333,0.000000000000,0.000078227046,0.000081030505,0.000000000000,0.000080906192,0.000080873499,0.000000000000,0.000057365366,0.000058758172,0.000000000000,0.000063495514,0.000058758025,0.000000000000,0.000068348665,0.000067653436
418,0.000000000000,0.000139860830,0.000139860830,0.000000000000,0.000139860830,0.000139860830,0.000000000000,0.000139860830,0.000139860830,0.000000000000,0.000106759122,0.000106434560,0.000000000000,0.000105605191,0.000107379693,0.000000000000,0.000106961111,0.000107659160,0.000000000000,0.000082150123,0.000079737234,0.000000000000,0.000076357193,0.000082455853,0.000000000000,0.000083420037,0.000079310772,0.000000000000,0.000074439676,0.000076320333,0.000000000000,0.000078227046,0.000081030505,0.000000000000,0.000080906192,0.000080873499,0.000000000000,0.000057398574,0.000058825232,0.000000000000,0.000063504024,0.000058758414,0.000000000000,0.000068364464,0.000067733509
419,0.000000000000,0.000139860830,0.000139860830,0.000000000000,0.000139860830,0.000139860830,0.000000000000,0.000139860830,0.000139860830,0.000000000000,0.000106759122,0.000106434560,0.000000000000,0.000105605191,0.000107379693,0.000000000000,0.000106961111,0.000107659160,0.000000000000,0.000082150123,0.000079742235,0.000000000000,0.000076357193,0.000082455853,0.000000000000,0.000083420037,0.000079310772,0.000000000000,0.000074439676,0.000076320333,0.000000000000,0.000078227046,0.000081030505,0.000000000000,0.000080906192,0.000080873499,0.000000000000,0.000057398574,0.000058825232,0.000000000000,0.000063504024,0.000058758414,0.000000000000,0.000068364464,0.000067733509
420,0.000000000000,0.000139860830,0.000139860830,0.000000000000,0.000139860830,0.000139860830,0.000000000000,0.000139860830,0.000139860830,0.000000000000,0.000106759122,0.000106434560,0.000000000000,0.000105605191,0.000107379693,0.000000000000,0.000106961111,0.000107659160,0.000000000000,0.000082150123,0.000079742235,0.000000000000,0.000076357193,0.000082455853,0.000000000000,0.000083420037,0.000079310772,0.000000000000,0.000074439676,0.000076332043,0.000000000000,0.000078227046,0.000081030505,0.000000000000,0.000080906192,0.000080873499,0.000000000000,0.000057405969,0.000058825232,0.000000000000,0.000063504024,0.000058758414,0.000000000000,0.000068411875,0.000067733809
421,0.000000000000,0.000139860830,0.000139860830,0.000000000000,0.000139860830,0.000139860830,0.000000000000,0.000139860830,0.000139860830,0.000000000000,0.000106759122,0.000106794377,0.000000000000,0.000105605191,0.000107379693,0.000000000000,0.000106961111,0.000107659160,0.000000000000,0.000082150123,0.000079742235,0.000000000000,0.000076357193,0.000082455853,0.000000000000,0.000083420037,0.000079310772,0.000000000000,0.000074439676,0.000076339292,0.000000000000,0.000078227046,0.000081030505,0.000000000000,0.000080906192,0.000080873499,0.000000000000,0.000057405969,0.000058825232,0.000000000000,0.000063504024,0.000058758414,0.000000000000,0.000068500957,0.000067776620
422,0.000000000000,0.000139860830,0.000139860830,0.000000000000,0.000139860830,0.000139860830,0.000000000000,0.000139860830,0.000139860830,0.000000000000,0.000106759122,0.000106794377,0.000000000000,0.000105605191,0.000107379693,0.000000000000,0.000106961111,0.000107659160,0.000000000000,0.000082150123,0.000079742235,0.000000000000,0.000076357193,0.000082455853,0.000000000000,0.000083420037,0.000079310772,0.000000000000,0.000074439676,0.000076356419,0.000000000000,0.000078227046,0.000081030505,0.000000000000,0.000080906192,0.000080873499,0.000000000000,0.000057523977,0.000058832809,0.000000000000,0.000063504024,0.000058758414,0.000000000000,0.000068500957,0.000067881870
423,0.000000000000,0.000139860830,0.000139860830,0.000000000000,0.000139860830,0.000139860830,0.000000000000,0.000139860830,0.000139860830,0.000000000000,0.000106759122,0.000106794377,0.000000000000,0.000105605191,0.000107379693,0.000000000000,0.000106961111,0.000107659160,0.000000000000,0.000082150123,0.000079742235,0.000000000000,0.000076357193,0.000082455853,0.000000000000,0.000083420037,0.000079310772,0.000000000000,0.000074439676,0.000076356419,0.000000000000,0.000078227046,0.000081030505,0.000000000000,0.000080906192,0.000080873499,0.000000000000,0.000057527388,0.000058832809,0.000000000000,0.000063617456,0.000058758414,0.000000000000,0.000068500957,0.000067881870
424,0.000000000000,0.000139860830,0.000139860830,0.000000000000,0.000139860830,0.000139860830,0.000000000000,0.000139860830,0.000139860830,0.000000000000,0.000106759122,0.000106794377,0.000000000000,0.000105605191,0.000107379693,0.000000000000,0.000106961111,0.000107659160,0.000000000000,0.000082150123,0.000079742235,0.000000000000,0.000076357193,0.000082455853,0.000000000000,0.000083420037,0.000079310772,0.000000000000,0.000074439676,0.000076356419,0.000000000000,0.000078227046,0.000081030505,0.000000000000,0.000080906192,0.000080873499,0.000000000000,0.000057527388,0.000058901571,0.000000000000,0.000063617725,0.000058768813,0.000000000000,0.000068500957,0.000067881870
425,0.000000000000,0.000139860830,0.000139860830,0.000000000000,0.000139860830,0.000139860830,0.000000000000,0.000139860830,0.000139860830,0.000000000000,0.000106759122,0.000106794377,0.000000000000,0.000105605191,0.000107379693,0.000000000000,0.000106961111,0.000107659160,0.000000000000,0.000082150123,0.000079742235,0.000000000000,0.000076357193,0.000082455853,0.000000000000,0.000083420037,0.000079310772,0.000000000000,0.000074439676,0.000076427725,0.000000000000,0.000078227046,0.000081030505,0.000000000000,0.000080906192,0.000080873499,0.000000000000,0.000057527388,0.000059326631,0.000000000000,0.000063617725,0.000058769903,0.000000000000,0.000068524820,0.000067938080
426,0.000000000000,0.000139860830,0.000139860830,0.000000000000,0.000139860830,0.000139860830,0.000000000000,0.000139860830,0.000139860830,0.000000000000,0.000106759122,0.000106794377,0.000000000000,0.000105605191,0.000107379693,0.000000000000,0.000106961111,0.000107659160,0.000000000000,0.000082150123,0.000079742235,0.000000000000,0.000076357193,0.000082455853,0.000000000000,0.000083420037,0.000079310772,0.000000000000,0.000074439676,0.000076519308,0.000000000000,0.000078227046,0.000081030505,0.000000000000,0.000080906192,0.000080873499,0.000000000000,0.000057527388,0.000059368640,0.000000000000,0.000063617725,0.000058774561,0.000000000000,0.000068524820,0.000067938080
427,0.000000000000,0.000139860830,0.000139860830,0.000000000000,0.000139860830,0.000139860830,0.000000000000,0.000139860830,0.000139860830,0.000000000000,0.000106759122,0.000107025053,0.000000000000,0.000105605191,0.000107379693,0.000000000000,0.000106961111,0.000107659160,0.000000000000,0.000082150123,0.000079742235,0.000000000000,0.000076357193,0.000082455853,0.000000000000,0.000083420037,0.000079310772,0.000000000000,0.000074439676,0.000076519308,0.000000000000,0.000078227046,0.000081030505,0.000000000000,0.000080906192,0.000080873499,0.000000000000,0.000057527461,0.000059392673,0.000000000000,0.000063639044,0.000058774561,0.000000000000,0.000068524820,0.000067938080
428,0.000000000000,0.000139860830,0.000139860830,0.000000000000,0.000139860830,0.000139860830,0.000000000000,0.000139860830,0.000139860830,0.000000000000,0.000106759122,0.000107223200,0.000000000000,0.000105605191,0.000107379693,0.000000000000,0.000106961111,0.000107659160,0.000000000000,0.000082150123,0.000079742235,0.000000000000,0.000076357193,0.000082455853,0.000000000000,0.000083420037,0.000079310772,0.000000000000,0.000074439676,0.000076547982,0.000000000000,0.000078227046,0.000081030505,0.000000000000,0.000080906192,0.000080873499,0.000000000000,0.000057659129,0.000059392673,0.000000000000,0.000063640606,0.000058774561,0.000000000000,0.000068555688,0.000067938080
429,0.000000000000,0.000139860830,0.000139860830,0.000000000000,0.000139860830,0.000139860830,0.000000000000,0.000139860830,0.000139860830,0.000000000000,0.000106759122,0.000107223200,0.000000000000,0.000105605191,0.000107379693,0.000000000000,0.000106961111,0.000107659160,0.000000000000,0.000082150123,0.000079742235,0.000000000000,0.000076357193,0.000082455853,0.000000000000,0.000083420037,0.000079310772,0.000000000000,0.000074439676,0.000076547982,0.000000000000,0.000078227046,0.000081030505,0.000000000000,0.000080906192,0.000080873499,0.000000000000,0.000057659129,0.000059476406,0.000000000000,0.000063645234,0.000058823094,0.000000000000,0.000068555688,0.000067938080
430,0.000000000000,0.000139860830,0.000139860830,0.000000000000,0.000139860830,0.000139860830,0.000000000000,0.000139860830,0.000139860830,0.000000000000,0.000106759122,0.000107223200,0.000000000000,0.000105605191,0.000107379693,0.000000000000,0.000106961111,0.000107659160,0.000000000000,0.000082150123,0.000079742235,0.000000000000,0.000076357193,0.000082455853,0.000000000000,0.000083420037,0.000079310772,0.000000000000,0.000074439676,0.000076548970,0.000000000000,0.000078227046,0.000081030505,0.000000000000,0.000080906192,0.000080873499,0.000000000000,0.000057660271,0.000059498509,0.000000000000,0.000063667278,0.000058823094,0.000000000000,0.000068555688,0.000067938080
431,0.000000000000,0.000139860830,0.000139860830,0.000000000000,0.000139860830,0.000139860830,0.000000000000,0.000139860830,0.000139860830,0.000000000000,0.000106759122,0.000107223200,0.000000000000,0.000105605191,0.000107379693,0.000000000000,0.000106961111,0.000107659160,0.000000000000,0.000082163889,0.000079758849,0.000000000000,0.000076357193,0.000082455853,0.000000000000,0.000083420037,0.000079310772,0.000000000000,0.000074439676,0.000076769802,0.000000000000,0.000078227046,0.000081030505,0.000000000000,0.000080906192,0.000080873499,0.000000000000,0.000057669670,0.000059779868,0.000000000000,0.000063667278,0.000058823094,0.000000000000,0.000068555688,0.000067938080
432,0.000000000000,0.000139860830,0.000139860830,0.000000000000,0.000139860830,0.000139860830,0.000000000000,0.000139860830,0.000139860830,0.000000000000,0.000106759122,0.000107223200,0.000000000000,0.000105605191,0.000107379693,0.000000000000,0.000106961111,0.000107659160,0.000000000000,0.000082163889,0.000079758849,0.000000000000,0.000076357193,0.000082455853,0.000000000000,0.000083420037,0.000079310772,0.000000000000,0.000074439676,0.000076774296,0.000000000000,0.000078227046,0.000081030505,0.000000000000,0.000080906192,0.000080873499,0.000000000000,0.000057755399,0.000059803014,0.000000000000,0.000063667278,0.000058826259,0.000000000000,0.000068555688,0.000067939593
433,0.000000000000,0.000139860830,0.000139860830,0.000000000000,0.000139860830,0.000139860830,0.000000000000,0.000139860830,0.000139860830,0.000000000000,0.000106759122,0.000107223200,0.000000000000,0.000105605191,0.000107379693,0.000000000000,0.000106961111,0.000107659160,0.000000000000,0.000082190536,0.000079758849,0.000000000000,0.000076357193,0.000082455853,0.000000000000,0.000083420037,0.000079310772,0.000000000000,0.000074439676,0.000076789041,0.000000000000,0.000078227046,0.000081030505,0.000000000000,0.000080906192,0.000080873499,0.000000000000,0.000057859791,0.000059835548,0.000000000000,0.000063675702,0.000058855038,0.000000000000,0.000068555688,0.000067939593
434,0.000000000000,0.000139860830,0.000139860830,0.000000000000,0.000139860830,0.000139860830,0.000000000000,0.000139860830,0.000139860830,0.000000000000,0.000106759122,0.000107223200,0.000000000000,0.000105605191,0.000107379693,0.000000000000,0.000106961111,0.000107659160,0.000000000000,0.000082190536,0.000079758849,0.000000000000,0.000076357193,0.000082455853,0.000000000000,0.000083420037,0.000079310772,0.000000000000,0.000074439676,0.000076789041,0.000000000000,0.000078227046,0.000081030505,0.000000000000,0.000080906192,0.000080873499,0.000000000000,0.000057859791,0.000059835548,0.000000000000,0.000063675702,0.000058855038,0.000000000000,0.000068555688,0.000067949705
435,0.000000000000,0.000139860830,0.000139860830,0.000000000000,0.000139860830,0.000139860830,0.000000000000,0.000139860830,0.000139860830,0.000000000000,0.000106759122,0.000107223200,0.000000000000,0.000105605191,0.000107379693,0.000000000000,0.000106961111,0.000107659160,0.000000000000,0.000082190536,0.000079822607,0.000000000000,0.000076357193,0.000082455853,0.000000000000,0.000083420037,0.000079310772,0.000000000000,0.000074439676,0.000076789041,0.000000000000,0.000078227046,0.000081030505,0.000000000000,0.000080906192,0.000080873499,0.000000000000,0.000057859791,0.000059953553,0.000000000000,0.000063675702,0.000058855038,0.000000000000,0.000068555688,0.000067949705
436,0.000000000000,0.000139860830,0.000139860830,0.000000000000,0.000139860830,0.000139860830,0.000000000000,0.000139860830,0.000139860830,0.000000000000,0.000106759122,0.000107223200,0.000000000000,0.000105605191,0.000107379693,0.000000000000,0.000106961111,0.000107659160,0.000000000000,0.000082190536,0.000079873177,0.000000000000,0.000076357193,0.000082455853,0.000000000000,0.000083420037,0.000079310772,0.000000000000,0.000074439676,0.000076789041,0.000000000000,0.000078227046,0.000081030505,0.000000000000,0.000080906192,0.000080873499,0.000000000000,0.000057859791,0.000060004915,0.000000000000,0.000063676909,0.000058986504,0.000000000000,0.000068555688,0.000067949705
437,0.000000000000,0.000139860830,0.000139860830,0.000000000000,0.000139860830,0.000139860830,0.000000000000,0.000139860830,0.000139860830,0.000000000000,0.000106759122,0.000107223200,0.000000000000,0.000105605191,0.000107379693,0.000000000000,0.000106961111,0.000107659160,0.000000000000,0.000082190536,0.000079873177,0.000000000000,0.000076357193,0.000082455853,0.000000000000,0.000083420037,0.000079310772,0.000000000000,0.000074439676,0.000076789041,0.000000000000,0.000078227046,0.000081030505,0.000000000000,0.000080906192,0.000080873499,0.000000000000,0.000057859791,0.000060014965,0.000000000000,0.000063794581,0.000058986504,0.000000000000,0.000068555688,0.000067949705
438,0.000000000000,0.000139860830,0.000139860830,0.000000000000,0.000139860830,0.000139860830,0.000000000000,0.000139860830,0.000139860830,0.000000000000,0.000106759122,0.000107223200,0.000000000000,0.000105605191,0.000107379693,0.000000000000,0.000106961111,0.000107659160,0.000000000000,0.000082190536,0.000079873177,0.000000000000,0.000076357193,0.000082455853,0.000000000000,0.000083420037,0.000079310772,0.000000000000,0.000074439676,0.000076789041,0.000000000000,0.000078227046,0.000081030505,0.000000000000,0.000080906192,0.000080873499,0.000000000000,0.000057859791,0.000060049879,0.000000000000,0.000063883599,0.000058999638,0.000000000000,0.000068555688,0.000067949705
439,0.000000000000,0.000139860830,0.000139860830,0.000000000000,0.000139860830,0.000139860830,0.000000000000,0.000139860830,0.000139860830,0.000000000000,0.000106759122,0.000107223200,0.000000000000,0.000105605191,0.000107379693,0.000000000000,0.000106961111,0.000107659160,0.000000000000,0.000082190536,0.000079873177,0.000000000000,0.000076357193,0.000082455853,0.000000000000,0.000083420037,0.000079310772,0.000000000000,0.000074439676,0.000076789041,0.000000000000,0.000078227046,0.000081030505,0.000000000000,0.000080906192,0.000080873499,0.000000000000,0.000057859791,0.000060268260,0.000000000000,0.000063883599,0.000058999638,0.000000000000,0.000068649512,0.000067971745
440,0.000000000000,0.000139860830,0.000139860830,0.000000000000,0.000139860830,0.000139860830,0.000000000000,0.000139860830,0.000139860830,0.000000000000,0.000106759122,0.000107223200,0.000000000000,0.000105605191,0.000107379693,0.000000000000,0.000106961111,0.000107659160,0.000000000000,0.000082190536,0.000079873177,0.000000000000,0.000076357193,0.000082455853,0.000000000000,0.000083420037,0.000079310772,0.000000000000,0.000074439676,0.000076789041,0.000000000000,0.000078227046,0.000081030505,0.000000000000,0.000080906192,0.000080873499,0.000000000000,0.000057861205,0.000060268260,0.000000000000,0.000063883599,0.000059018485,0.000000000000,0.000068660103,0.000067977578
441,0.000000000000,0.000139860830,0.000139860830,0.000000000000,0.000139860830,0.000139860830,0.000000000000,0.000139860830,0.000139860830,0.000000000000,0.000106759122,0.000107223200,0.000000000000,0.000105605191,0.000107379693,0.000000000000,0.000106961111,0.000107659160,0.000000000000,0.000082190536,0.000079883171,0.000000000000,0.000076357193,0.000082455853,0.000000000000,0.000083420037,0.000079310772,0.000000000000,0.000074439676,0.000076789041,0.000000000000,0.000078227046,0.000081030505,0.000000000000,0.000080906192,0.000080873499,0.000000000000,0.000057861205,0.000060310975,0.000000000000,0.000063915080,0.000059023128,0.000000000000,0.000068848314,0.000067977578
442,0.000000000000,0.000139860830,0.000139860830,0.000000000000,0.000139860830,0.000139860830,0.000000000000,0.000139860830,0.000139860830,0.000000000000,0.000106759122,0.000107223200,0.000000000000,0.000105605191,0.000107379693,0.000000000000,0.000106961111,0.000107659160,0.000000000000,0.000082190536,0.000079883171,0.000000000000,0.000076357193,0.000082455853,0.000000000000,0.000083420037,0.000079310772,0.000000000000,0.000074439676,0.000076789041,0.000000000000,0.000078227046,0.000081030505,0.000000000000,0.000080906192,0.000080873499,0.000000000000,0.000057861205,0.000060322107,0.000000000000,0.000063953273,0.000059023128,0.000000000000,0.000068848314,0.000067977578
443,0.000000000000,0.000139860830,0.000139860830,0.000000000000,0.000139860830,0.000139860830,0.000000000000,0.000139860830,0.000139860830,0.000000000000,0.000106759122,0.000107223200,0.000000000000,0.000105605191,0.000107379693,0.000000000000,0.000106961111,0.000107659160,0.000000000000,0.000082190536,0.000080108693,0.000000000000,0.000076357193,0.000082455853,0.000000000000,0.000083420037,0.000079310772,0.000000000000,0.000074439676,0.000076789041,0.000000000000,0.000078227046,0.000081030505,0.000000000000,0.000080906192,0.000080873499,0.000000000000,0.000057861205,0.000060322107,0.000000000000,0.000064091303,0.000059023128,0.000000000000,0.000068848314,0.000067977578
444,0.000000000000,0.000139860830,0.000139860830,0.000000000000,0.000139860830,0.000139860830,0.000000000000,0.000139860830,0.000139860830,0.000000000000,0.000106759122,0.000107223200,0.000000000000,0.000105605191,0.000107379693,0.000000000000,0.000106961111,0.000107659160,0.000000000000,0.000082190536,0.000080108693,0.000000000000,0.000076357193,0.000082455853,0.000000000000,0.000083420037,0.000079310772,0.000000000000,0.000074439676,0.000076945666,0.000000000000,0.000078227046,0.000081030505,0.000000000000,0.000080906192,0.000080873499,0.000000000000,0.000057861205,0.000060322107,0.000000000000,0.000064091303,0.000059039910,0.000000000000,0.000068848314,0.000067977578
445,0.000000000000,0.000139860830,0.000139860830,0.000000000000,0.000139860830,0.000139860830,0.000000000000,0.000139860830,0.000139860830,0.000000000000,0.000106759122,0.000107223200,0.000000000000,0.000105605191,0.000107379693,0.000000000000,0.000106961111,0.000107659160,0.000000000000,0.000082190536,0.000080108693,0.000000000000,0.000076357193,0.000082455853,0.000000000000,0.000083420037,0.000079310772,0.000000000000,0.000074439676,0.000076945666,0.000000000000,0.000078227046,0.000081030505,0.000000000000,0.000080906192,0.000080873499,0.000000000000,0.000057861205,0.000060346282,0.000000000000,0.000064091303,0.000059137260,0.000000000000,0.000068848314,0.000068033242
446,0.000000000000,0.000139860830,0.000139860830,0.000000000000,0.000139860830,0.000139860830,0.000000000000,0.000139860830,0.000139860830,0.000000000000,0.000106759122,0.000107223200,0.000000000000,0.000105605191,0.000107379693,0.000000000000,0.000106961111,0.000107659160,0.000000000000,0.000082190536,0.000080108693,0.000000000000,0.000076357193,0.000082455853,0.000000000000,0.000083420037,0.000079310772,0.000000000000,0.000074439676,0.000077059268,0.000000000000,0.000078227046,0.000081030505,0.000000000000,0.000080906192,0.000080873499,0.000000000000,0.000057890559,0.000060346966,0.000000000000,0.000064251787,0.000059137260,0.000000000000,0.000068911687,0.000068033242
447,0.000000000000,0.000139860830,0.000139860830,0.000000000000,0.000139860830,0.000139860830,0.000000000000,0.000139860830,0.000139860830,0.000000000000,0.000106759122,0.000107223200,0.000000000000,0.000105605191,0.000107379693,0.000000000000,0.000106961111,0.000107659160,0.000000000000,0.000082190536,0.000080108693,0.000000000000,0.000076357193,0.000082455853,0.000000000000,0.000083420037,0.000079310772,0.000000000000,0.000074439676,0.000077065521,0.000000000000,0.000078227046,0.000081030505,0.000000000000,0.000080906192,0.000080873499,0.000000000000,0.000057890559,0.000060346966,0.000000000000,0.000064275577,0.000059137260,0.000000000000,0.000068911687,0.000068033242
448,0.000000000000,0.000139860830,0.000139860830,0.000000000000,0.000139860830,0.000139860830,0.000000000000,0.000139860830,0.000139860830,0.000000000000,0.000106759122,0.000107223200,0.000000000000,0.000105605191,0.000107379693,0.000000000000,0.000106961111,0.000107659160,0.000000000000,0.000082190536,0.000080108693,0.000000000000,0.000076357193,0.000082455853,0.000000000000,0.000083420037,0.000079310772,0.000000000000,0.000074439676,0.000077065521,0.000000000000,0.000078227046,0.000081030505,0.000000000000,0.000080906192,0.000080873499,0.000000000000,0.000057890559,0.000060367455,0.000000000000,0.000064285593,0.000059276809,0.000000000000,0.000068911687,0.000068033242
449,0.000000000000,0.000139860830,0.000139860830,0.000000000000,0.000139860830,0.000139860830,0.000000000000,0.000139860830,0.000139860830,0.000000000000,0.000106759122,0.000107223200,0.000000000000,0.000105605191,0.000107379693,0.000000000000,0.000106961111,0.000107659160,0.000000000000,0.000082190536,0.000080111692,0.000000000000,0.000076357193,0.000082455853,0.000000000000,0.000083420037,0.000079310772,0.000000000000,0.000074439676,0.000077104002,0.000000000000,0.000078227046,0.000081030505,0.000000000000,0.000080906192,0.000080873499,0.000000000000,0.000057928644,0.000060367455,0.000000000000,0.000064285593,0.000059317914,0.000000000000,0.000068911687,0.000068033242
450,0.000000000000,0.000139860830,0.000139860830,0.000000000000,0.000139860830,0.000139860830,0.000000000000,0.000139860830,0.000139860830,0.000000000000,0.000106759122,0.000107223200,0.000000000000,0.000105605191,0.000107379693,0.000000000000,0.000106961111,0.000107659160,0.000000000000,0.000082190536,0.000080111692,0.000000000000,0.000076357193,0.000082455853,0.000000000000,0.000083420037,0.000079310772,0.000000000000,0.000074439676,0.000077104002,0.000000000000,0.000078227046,0.000081030505,0.000000000000,0.000080906192,0.000080873499,0.000000000000,0.000057989948,0.000060601186,0.000000000000,0.000064285688,0.000059317914,0.000000000000,0.000068911687,0.000068033242
451,0.000000000000,0.000139860830,0.000139860830,0.000000000000,0.000139860830,0.000139860830,0.000000000000,0.000139860830,0.000139860830,0.000000000000,0.000106759122,0.000107223200,0.000000000000,0.000105605191,0.000107379693,0.000000000000,0.000106961111,0.000107659160,0.000000000000,0.000082190536,0.000080111692,0.000000000000,0.000076357193,0.000082455853,0.000000000000,0.000083420037,0.000079310772,0.000000000000,0.000074439676,0.000077126126,0.000000000000,0.000078227046,0.000081030505,0.000000000000,0.000080906192,0.000080873499,0.000000000000,0.000058023574,0.000060615520,0.000000000000,0.000064336538,0.000059317914,0.000000000000,0.000068911687,0.000068033242
452,0.000000000000,0.000139860830,0.000139860830,0.000000000000,0.000139860830,0.000139860830,0.000000000000,0.000139860830,0.000139860830,0.000000000000,0.000106759122,0.000107223200,0.000000000000,0.000105605191,0.000107379693,0.000000000000,0.000106961111,0.000107659160,0.000000000000,0.000082190536,0.000080111692,0.000000000000,0.000076357193,0.000082455853,0.000000000000,0.000083420037,0.000079310772,0.000000000000,0.000074439676,0.000077126126,0.000000000000,0.000078227046,0.000081030505,0.000000000000,0.000080906192,0.000080873499,0.000000000000,0.000058023574,0.000060691303,0.000000000000,0.000064336538,0.000059369752,0.000000000000,0.000068911687,0.000068058727
453,0.000000000000,0.000139860830,0.000139860830,0.000000000000,0.000139860830,0.000139860830,0.000000000000,0.000139860830,0.000139860830,0.000000000000,0.000106759122,0.000107223200,0.000000000000,0.000105605191,0.000107379693,0.000000000000,0.000106961111,0.000107659160,0.000000000000,0.000082190536,0.000080112073,0.000000000000,0.000076357193,0.000082455853,0.000000000000,0.000083420037,0.000079310772,0.000000000000,0.000074439676,0.000077169657,0.000000000000,0.000078227046,0.000081030505,0.000000000000,0.000080906192,0.000080873499,0.000000000000,0.000058023574,0.000060691303,0.000000000000,0.000064336538,0.000059369752,0.000000000000,0.000068911687,0.000068078955
454,0.000000000000,0.000139860830,0.000139860830,0.000000000000,0.000139860830,0.000139860830,0.000000000000,0.000139860830,0.000139860830,0.000000000000,0.000106759122,0.000107223200,0.000000000000,0.000105605191,0.000107379693,0.000000000000,0.000106961111,0.000107659160,0.000000000000,0.000082190536,0.000080112847,0.000000000000,0.000076357193,0.000082455853,0.000000000000,0.000083420037,0.000079310772,0.000000000000,0.000074439676,0.000077169657,0.000000000000,0.000078227046,0.000081030505,0.000000000000,0.000080906192,0.000080873499,0.000000000000,0.000058023574,0.000060691303,0.000000000000,0.000064336538,0.000059369752,0.000000000000,0.000068911687,0.000068078955
455,0.000000000000,0.000139860830,0.000139860830,0.000000000000,0.000139860830,0.000139860830,0.000000000000,0.000139860830,0.000139860830,0.000000000000,0.000106759122,0.000107223200,0.000000000000,0.000105605191,0.000107379693,0.000000000000,0.000106961111,0.000107659160,0.000000000000,0.000082190536,0.000080112847,0.000000000000,0.000076357193,0.000082455853,0.000000000000,0.000083420037,0.000079310772,0.000000000000,0.000074439676,0.000077169657,0.000000000000,0.000078227046,0.000081030505,0.000000000000,0.000080906192,0.000080873499,0.000000000000,0.000058080748,0.000060707170,0.000000000000,0.000064358361,0.000059369752,0.000000000000,0.000068911687,0.000068078955
456,0.000000000000,0.000139860830,0.000139860830,0.000000000000,0.000139860830,0.000139860830,0.000000000000,0.000139860830,0.000139860830,0.000000000000,0.000106759122,0.000107223200,0.000000000000,0.000105605191,0.000107379693,0.000000000000,0.000106961111,0.000107659160,0.000000000000,0.000082190536,0.000080112847,0.000000000000,0.000076357193,0.000082455853,0.000000000000,0.000083420037,0.000079310772,0.000000000000,0.000074439676,0.000077169657,0.000000000000,0.000078227046,0.000081030505,0.000000000000,0.000080906192,0.000080873499,0.000000000000,0.000058105873,0.000060733696,0.000000000000,0.000064380898,0.000059369752,0.000000000000,0.000068911687,0.000068078955
457,0.000000000000,0.000139860830,0.000139860830,0.000000000000,0.000139860830,0.000139860830,0.000000000000,0.000139860830,0.000139860830,0.000000000000,0.000106759122,0.000107223200,0.000000000000,0.000105605191,0.000107379693,0.000000000000,0.000106961111,0.000107659160,0.000000000000,0.000082190536,0.000080112847,0.000000000000,0.000076357193,0.000082455853,0.000000000000,0.000083420037,0.000079310772,0.000000000000,0.000074439676,0.000077169657,0.000000000000,0.000078227046,0.000081030505,0.000000000000,0.000080906192,0.000080873499,0.000000000000,0.000058108988,0.000060735842,0.000000000000,0.000064468039,0.000059383775,0.000000000000,0.000068911687,0.000068078955
458,0.000000000000,0.000139860830,0.000139860830,0.000000000000,0.000139860830,0.000139860830,0.000000000000,0.000139860830,0.000139860830,0.000000000000,0.000106759122,0.000107223200,0.000000000000,0.000105605191,0.000107379693,0.000000000000,0.000106961111,0.000107659160,0.000000000000,0.000082190536,0.000080112847,0.000000000000,0.000076357193,0.000082455853,0.000000000000,0.000083420037,0.000079310772,0.000000000000,0.000074439676,0.000077189954,0.000000000000,0.000078227046,0.000081030505,0.000000000000,0.000080906192,0.000080873499,0.000000000000,0.000058108988,0.000060769051,0.000000000000,0.000064468039,0.000059396609,0.000000000000,0.000068911687,0.000068103334
459,0.000000000000,0.000139860830,0.000139860830,0.000000000000,0.000139860830,0.000139860830,0.000000000000,0.000139860830,0.000139860830,0.000000000000,0.000106759122,0.000107223200,0.000000000000,0.000105605191,0.000107379693,0.000000000000,0.000106961111,0.000107659160,0.000000000000,0.000082190536,0.000080112847,0.000000000000,0.000076357193,0.000082455853,0.000000000000,0.000083420037,0.000079310772,0.000000000000,0.000074439676,0.000077189954,0.000000000000,0.000078227046,0.000081030505,0.000000000000,0.000080906192,0.000080873499,0.000000000000,0.000058110644,0.000060799313,0.000000000000,0.000064524750,0.000059396609,0.000000000000,0.000068911687,0.000068137286
460,0.000000000000,0.000139860830,0.000139860830,0.000000000000,0.000139860830,0.000139860830,0.000000000000,0.000139860830,0.000139860830,0.000000000000,0.000106759122,0.000107223200,0.000000000000,0.000105605191,0.000107379693,0.000000000000,0.000106961111,0.000107659160,0.000000000000,0.000082190536,0.000080112847,0.000000000000,0.000076357193,0.000082455853,0.000000000000,0.000083420037,0.000079310772,0.000000000000,0.000074439676,0.000077424829,0.000000000000,0.000078227046,0.000081030505,0.000000000000,0.000080906192,0.000080873499,0.000000000000,0.000058110644,0.000060898579,0.000000000000,0.000064524750,0.000059406829,0.000000000000,0.000068911687,0.000068137286
461,0.000000000000,0.000139860830,0.000139860830,0.000000000000,0.000139860830,0.000139860830,0.000000000000,0.000139860830,0.000139860830,0.000000000000,0.000106759122,0.000107223200,0.000000000000,0.000105605191,0.000107379693,0.000000000000,0.000106961111,0.000107659160,0.000000000000,0.000082190536,0.000080112847,0.000000000000,0.000076357193,0.000082455853,0.000000000000,0.000083420037,0.000079310772,0.000000000000,0.000074439676,0.000077438074,0.000000000000,0.000078227046,0.000081030505,0.000000000000,0.000080906192,0.000080873499,0.000000000000,0.000058118019,0.000060915844,0.000000000000,0.000064545859,0.000059406829,0.000000000000,0.000068911687,0.000068137286
462,0.000000000000,0.000139860830,0.000139860830,0.000000000000,0.000139860830,0.000139860830,0.000000000000,0.000139860830,0.000139860830,0.000000000000,0.000106759122,0.000107223200,0.000000000000,0.000105605191,0.000107379693,0.000000000000,0.000106961111,0.000107659160,0.000000000000,0.000082190536,0.000080112847,0.000000000000,0.000076357193,0.000082455853,0.000000000000,0.000083420037,0.000079310772,0.000000000000,0.000074510417,0.000077438074,0.000000000000,0.000078227046,0.000081030505,0.000000000000,0.000080906192,0.000080873499,0.000000000000,0.000058118019,0.000060915977,0.000000000000,0.000064588257,0.000059406829,0.000000000000,0.000068911687,0.000068152750
463,0.000000000000,0.000139860830,0.000139860830,0.000000000000,0.000139860830,0.000139860830,0.000000000000,0.000139860830,0.000139860830,0.000000000000,0.000106759122,0.000107223200,0.000000000000,0.000105605191,0.000107379693,0.000000000000,0.000106961111,0.000107659160,0.000000000000,0.000082190536,0.000080112847,0.000000000000,0.000076357193,0.000082455853,0.000000000000,0.000083420037,0.000079310772,0.000000000000,0.000074510417,0.000077514868,0.000000000000,0.000078227046,0.000081030505,0.000000000000,0.000080906192,0.000080873499,0.000000000000,0.000058130278,0.000060915977,0.000000000000,0.000064627810,0.000059418970,0.000000000000,0.000068911687,0.000068152750
464,0.000000000000,0.000139860830,0.000139860830,0.000000000000,0.000139860830,0.000139860830,0.000000000000,0.000139860830,0.000139860830,0.000000000000,0.000106759122,0.000107223200,0.000000000000,0.000105605191,0.000107379693,0.000000000000,0.000106961111,0.000107659160,0.000000000000,0.000082190536,0.000080128999,0.000000000000,0.000076357193,0.000082455853,0.000000000000,0.000083420037,0.000079310772,0.000000000000,0.000074510417,0.000077514868,0.000000000000,0.000078227046,0.000081030505,0.000000000000,0.000080906192,0.000080873499,0.000000000000,0.000058130278,0.000060915977,0.000000000000,0.000064635457,0.000059456877,0.000000000000,0.000068911687,0.000068152750
465,0.000000000000,0.000139860830,0.000139860830,0.000000000000,0.000139860830,0.000139860830,0.000000000000,0.000139860830,0.000139860830,0.000000000000,0.000106759122,0.000107223200,0.000000000000,0.000105605191,0.000107379693,0.000000000000,0.000106961111,0.000107659160,0.000000000000,0.000082190536,0.000080128999,0.000000000000,0.000076357193,0.000082455853,0.000000000000,0.000083420037,0.000079310772,0.000000000000,0.000074510417,0.000077514868,0.000000000000,0.000078227046,0.000081030505,0.000000000000,0.000080906192,0.000080873499,0.000000000000,0.000058130278,0.000060947195,0.000000000000,0.000064720818,0.000059478158,0.000000000000,0.000068911687,0.000068152750
466,0.000000000000,0.000139860830,0.000139860830,0.000000000000,0.000139860830,0.000139860830,0.000000000000,0.000139860830,0.000139860830,0.000000000000,0.000106759122,0.000107223200,0.000000000000,0.000105605191,0.000107379693,0.000000000000,0.000106961111,0.000107659160,0.000000000000,0.000082190536,0.000080128999,0.000000000000,0.000076357193,0.000082455853,0.000000000000,0.000083420037,0.000079310772,0.000000000000,0.000074510417,0.000077514868,0.000000000000,0.000078227046,0.000081030505,0.000000000000,0.000080906192,0.000080873499,0.000000000000,0.000058272520,0.000060947195,0.000000000000,0.000064720818,0.000059488452,0.000000000000,0.000068911687,0.000068152750
467,0.000000000000,0.000139860830,0.000139860830,0.000000000000,0.000139860830,0.000139860830,0.000000000000,0.000139860830,0.000139860830,0.000000000000,0.000106759122,0.000107223200,0.000000000000,0.000105605191,0.000107379693,0.000000000000,0.000106961111,0.000107659160,0.000000000000,0.000082190536,0.000080128999,0.000000000000,0.000076357193,0.000082455853,0.000000000000,0.000083420037,0.000079310772,0.000000000000,0.000074510417,0.000077514868,0.000000000000,0.000078227046,0.000081030505,0.000000000000,0.000080906192,0.000080873499,0.000000000000,0.000058309642,0.000060947195,0.000000000000,0.000064720818,0.000059506818,0.000000000000,0.000068911687,0.000068152750
468,0.000000000000,0.000139860830,0.000139860830,0.000000000000,0.000139860830,0.000139860830,0.000000000000,0.000139860830,0.000139860830,0.000000000000,0.000106759122,0.000107223200,0.000000000000,0.000105605191,0.000107379693,0.000000000000,0.000106961111,0.000107659160,0.000000000000,0.000082190536,0.000080128999,0.000000000000,0.000076357193,0.000082455853,0.000000000000,0.000083420037,0.000079310772,0.000000000000,0.000074510417,0.000077514868,0.000000000000,0.000078227046,0.000081030505,0.000000000000,0.000080906192,0.000080873499,0.000000000000,0.000058309642,0.000060947195,0.000000000000,0.000064720818,0.000059506818,0.000000000000,0.000068911687,0.000068152750
469,0.000000000000,0.000139860830,0.000139860830,0.000000000000,0.000139860830,0.000139860830,0.000000000000,0.000139860830,0.000139860830,0.000000000000,0.000106759122,0.000107223200,0.000000000000,0.000105605191,0.000107379693,0.000000000000,0.000106961111,0.000107659160,0.000000000000,0.000082190536,0.000080128999,0.000000000000,0.000076357193,0.000082455853,0.000000000000,0.000083420037,0.000079310772,0.000000000000,0.000074510417,0.000077542532,0.000000000000,0.000078227046,0.000081030505,0.000000000000,0.000080906192,0.000080873499,0.000000000000,0.000058380401,0.000060947195,0.000000000000,0.000064720818,0.000059507813,0.000000000000,0.000068911687,0.000068152750
470,0.000000000000,0.000139860830,0.000139860830,0.000000000000,0.000139860830,0.000139860830,0.000000000000,0.000139860830,0.000139860830,0.000000000000,0.000106759122,0.000107223200,0.000000000000,0.000105605191,0.000107379693,0.000000000000,0.000106961111,0.000107659160,0.000000000000,0.000082190536,0.000080128999,0.000000000000,0.000076357193,0.000082455853,0.000000000000,0.000083420037,0.000079310772,0.000000000000,0.000074510417,0.000077542532,0.000000000000,0.000078227046,0.000081030505,0.000000000000,0.000080906192,0.000080873499,0.000000000000,0.000058380401,0.000060947195,0.000000000000,0.000064720818,0.000059507813,0.000000000000,0.000068911687,0.000068152750
471,0.000000000000,0.000139860830,0.000139860830,0.000000000000,0.000139860830,0.000139860830,0.000000000000,0.000139860830,0.000139860830,0.000000000000,0.000106759122,0.000107223200,0.000000000000,0.000105605191,0.000107379693,0.000000000000,0.000106961111,0.000107659160,0.000000000000,0.000082190536,0.000080128999,0.000000000000,0.000076357193,0.000082455853,0.000000000000,0.000083420037,0.000079310772,0.000000000000,0.000074510417,0.000077550811,0.000000000000,0.000078227046,0.000081030505,0.000000000000,0.000080906192,0.000080873499,0.000000000000,0.000058408649,0.000060947195,0.000000000000,0.000064720818,0.000059590154,0.000000000000,0.000068911687,0.000068152750
472,0.000000000000,0.000139860830,0.000139860830,0.000000000000,0.000139860830,0.000139860830,0.000000000000,0.000139860830,0.000139860830,0.000000000000,0.000106759122,0.000107223200,0.000000000000,0.000105605191,0.000107379693,0.000000000000,0.000106961111,0.000107659160,0.000000000000,0.000082190536,0.000080128999,0.000000000000,0.000076357193,0.000082455853,0.000000000000,0.000083420037,0.000079310772,0.000000000000,0.000074510417,0.000077550811,0.000000000000,0.000078227046,0.000081030505,0.000000000000,0.000080906192,0.000080873499,0.000000000000,0.000058408649,0.000060947195,0.000000000000,0.000064755259,0.000059590154,0.000000000000,0.000068911687,0.000068152750
473,0.000000000000,0.000139860830,0.000139860830,0.000000000000,0.000139860830,0.000139860830,0.000000000000,0.000139860830,0.000139860830,0.000000000000,0.000106759122,0.000107223200,0.000000000000,0.000105605191,0.000107379693,0.000000000000,0.000106961111,0.000107659160,0.000000000000,0.000082190536,0.000080128999,0.000000000000,0.000076357193,0.000082455853,0.000000000000,0.000083420037,0.000079310772,0.000000000000,0.000074510417,0.000077597726,0.000000000000,0.000078227046,0.000081030505,0.000000000000,0.000080906192,0.000080873499,0.000000000000,0.000058442579,0.000060951008,0.000000000000,0.000064755259,0.000059611820,0.000000000000,0.000068911687,0.000068152750
474,0.000000000000,0.000139860830,0.000139860830,0.000000000000,0.000139860830,0.000139860830,0.000000000000,0.000139860830,0.000139860830,0.000000000000,0.000106759122,0.000107223200,0.000000000000,0.000105605191,0.000107379693,0.000000000000,0.000106961111,0.000107659160,0.000000000000,0.000082190536,0.000080128999,0.000000000000,0.000076357193,0.000082455853,0.000000000000,0.000083420037,0.000079310772,0.000000000000,0.000074510417,0.000077597726,0.000000000000,0.000078227046,0.000081030505,0.000000000000,0.000080906192,0.000080873499,0.000000000000,0.000058459421,0.000060951008,0.000000000000,0.000064772201,0.000059611820,0.000000000000,0.000068911687,0.000068152750
475,0.000000000000,0.000139860830,0.000139860830,0.000000000000,0.000139860830,0.000139860830,0.000000000000,0.000139860830,0.000139860830,0.000000000000,0.000106759122,0.000107223200,0.000000000000,0.000105605191,0.000107379693,0.000000000000,0.000106961111,0.000107659160,0.000000000000,0.000082190536,0.000080128999,0.000000000000,0.000076357193,0.000082455853,0.000000000000,0.000083420037,0.000079310772,0.000000000000,0.000074510417,0.000077597726,0.000000000000,0.000078227046,0.000081030505,0.000000000000,0.000080906192,0.000080873499,0.000000000000,0.000058459421,0.000060951008,0.000000000000,0.000064772201,0.000059632780,0.000000000000,0.000068911687,0.000068152750
476,0.000000000000,0.000139860830,0.000139860830,0.000000000000,0.000139860830,0.000139860830,0.000000000000,0.000139860830,0.000139860830,0.000000000000,0.000106759122,0.000107223200,0.000000000000,0.000105605191,0.000107379693,0.000000000000,0.000106961111,0.000107659160,0.000000000000,0.000082190536,0.000080128999,0.000000000000,0.000076357193,0.000082455853,0.000000000000,0.000083420037,0.000079310772,0.000000000000,0.000074510417,0.000077597726,0.000000000000,0.000078227046,0.000081030505,0.000000000000,0.000080906192,0.000080873499,0.000000000000,0.000058459421,0.000060956207,0.000000000000,0.000064773463,0.000059632780,0.000000000000,0.000068911687,0.000068152750
477,0.000000000000,0.000139860830,0.000139860830,0.000000000000,0.000139860830,0.000139860830,0.000000000000,0.000139860830,0.000139860830,0.000000000000,0.000106759122,0.000107223200,0.000000000000,0.000105605191,0.000107379693,0.000000000000,0.000106961111,0.000107659160,0.000000000000,0.000082190536,0.000080128999,0.000000000000,0.000076357193,0.000082455853,0.000000000000,0.000083420037,0.000079310772,0.000000000000,0.000074510417,0.000077597726,0.000000000000,0.000078227046,0.000081030505,0.000000000000,0.000080906192,0.000080873499,0.000000000000,0.000058459421,0.000060956207,0.000000000000,0.000064773463,0.000059632780,0.000000000000,0.000068911687,0.000068164280
478,0.000000000000,0.000139860830,0.000139860830,0.000000000000,0.000139860830,0.000139860830,0.000000000000,0.000139860830,0.000139860830,0.000000000000,0.000106759122,0.000107223200,0.000000000000,0.000105605191,0.000107379693,0.000000000000,0.000106961111,0.000107659160,0.000000000000,0.000082190536,0.000080128999,0.000000000000,0.000076357193,0.000082455853,0.000000000000,0.000083420037,0.000079310772,0.000000000000,0.000074510417,0.000077602913,0.000000000000,0.000078227046,0.000081030505,0.000000000000,0.000080906192,0.000080873499,0.000000000000,0.000058459421,0.000061016247,0.000000000000,0.000064888985,0.000059632780,0.000000000000,0.000068911687,0.000068164280
479,0.000000000000,0.000139860830,0.000139860830,0.000000000000,0.000139860830,0.000139860830,0.000000000000,0.000139860830,0.000139860830,0.000000000000,0.000106759122,0.000107223200,0.000000000000,0.000105605191,0.000107379693,0.000000000000,0.000106961111,0.000107659160,0.000000000000,0.000082190536,0.000080128999,0.000000000000,0.000076357193,0.000082455853,0.000000000000,0.000083420037,0.000079310772,0.000000000000,0.000074510417,0.000077602913,0.000000000000,0.000078227046,0.000081030505,0.000000000000,0.000080906192,0.000080873499,0.000000000000,0.000058472344,0.000061145009,0.000000000000,0.000064888985,0.000059647912,0.000000000000,0.000068911687,0.000068164280
480,0.000000000000,0.000139860830,0.000139860830,0.000000000000,0.000139860830,0.000139860830,0.000000000000,0.000139860830,0.000139860830,0.000000000000,0.000106759122,0.000107223200,0.000000000000,0.000105605191,0.000107379693,0.000000000000,0.000107033379,0.000107659160,0.000000000000,0.000082190536,0.000080128999,0.000000000000,0.000076357193,0.000082455853,0.000000000000,0.000083420037,0.000079310772,0.000000000000,0.000074510417,0.000077602913,0.000000000000,0.000078227046,0.000081030505,0.000000000000,0.000080906192,0.000080873499,0.000000000000,0.000058473551,0.000061145009,0.000000000000,0.000064888985,0.000059647912,0.000000000000,0.000068911687,0.000068164280
481,0.000000000000,0.000139860830,0.000139860830,0.000000000000,0.000139860830,0.000139860830,0.000000000000,0.000139860830,0.000139860830,0.000000000000,0.000106759122,0.000107223200,0.000000000000,0.000105605191,0.000107379693,0.000000000000,0.000107033379,0.000107659160,0.000000000000,0.000082190536,0.000080128999,0.000000000000,0.000076357193,0.000082455853,0.000000000000,0.000083420037,0.000079310772,0.000000000000,0.000074511506,0.000077602913,0.000000000000,0.000078227046,0.000081030505,0.000000000000,0.000080906192,0.000080873499,0.000000000000,0.000058473551,0.000061145009,0.000000000000,0.000064956978,0.000059647912,0.000000000000,0.000068945537,0.000068164280
482,0.000000000000,0.000139860830,0.000139860830,0.000000000000,0.000139860830,0.000139860830,0.000000000000,0.000139860830,0.000139860830,0.000000000000,0.000106759122,0.000107223200,0.000000000000,0.000105605191,0.000107379693,0.000000000000,0.000107033379,0.000107659160,0.000000000000,0.000082190536,0.000080128999,0.000000000000,0.000076357193,0.000082455853,0.000000000000,0.000083420037,0.000079310772,0.000000000000,0.000074511506,0.000077717080,0.000000000000,0.000078227046,0.000081030505,0.000000000000,0.000080906192,0.000080873499,0.000000000000,0.000058473551,0.000061145009,0.000000000000,0.000065118253,0.000059647912,0.000000000000,0.000068945537,0.000068164280
483,0.000000000000,0.000139860830,0.000139860830,0.000000000000,0.000139860830,0.000139860830,0.000000000000,0.000139860830,0.000139860830,0.000000000000,0.000106759122,0.000107223200,0.000000000000,0.000105605191,0.000107379693,0.000000000000,0.000107062465,0.000107659160,0.000000000000,0.000082190536,0.000080128999,0.000000000000,0.000076357193,0.000082455853,0.000000000000,0.000083420037,0.000079310772,0.000000000000,0.000074511506,0.000077719447,0.000000000000,0.000078227046,0.000081030505,0.000000000000,0.000080906192,0.000080873499,0.000000000000,0.000058535071,0.000061145009,0.000000000000,0.000065118253,0.000059647912,0.000000000000,0.000068945537,0.000068164280
484,0.000000000000,0.000139860830,0.000139860830,0.000000000000,0.000139860830,0.000139860830,0.000000000000,0.000139860830,0.000139860830,0.000000000000,0.000106759122,0.000107223200,0.000000000000,0.000105605191,0.000107379693,0.000000000000,0.000107083955,0.000107659160,0.000000000000,0.000082190536,0.000080128999,0.000000000000,0.000076357193,0.000082455853,0.000000000000,0.000083420037,0.000079310772,0.000000000000,0.000074511506,0.000077719447,0.000000000000,0.000078227046,0.000081030505,0.000000000000,0.000080906192,0.000080873499,0.000000000000,0.000058535071,0.000061223588,0.000000000000,0.000065118253,0.000059647912,0.000000000000,0.000068945537,0.000068164280
485,0.000000000000,0.000139860830,0.000139860830,0.000000000000,0.000139860830,0.000139860830,0.000000000000,0.000139860830,0.000139860830,0.000000000000,0.000106759122,0.000107223200,0.000000000000,0.000105605191,0.000107379693,0.000000000000,0.000107083955,0.000107659160,0.000000000000,0.000082190536,0.000080128999,0.000000000000,0.000076357193,0.000082455853,0.000000000000,0.000083420037,0.000079310772,0.000000000000,0.000074511506,0.000077719447,0.000000000000,0.000078227046,0.000081030505,0.000000000000,0.000080906192,0.000080873499,0.000000000000,0.000058535071,0.000061223588,0.000000000000,0.000065118253,0.000059706206,0.000000000000,0.000068945537,0.000068164280
486,0.000000000000,0.000139860830,0.000139860830,0.000000000000,0.000139860830,0.000139860830,0.000000000000,0.000139860830,0.000139860830,0.000000000000,0.000106759122,0.000107223200,0.000000000000,0.000105605191,0.000107379693,0.000000000000,0.000107083955,0.000107659160,0.000000000000,0.000082190536,0.000080128999,0.000000000000,0.000076357193,0.000082455853,0.000000000000,0.000083420037,0.000079310772,0.000000000000,0.000074511506,0.000077719447,0.000000000000,0.000078227046,0.000081030505,0.000000000000,0.000080906192,0.000080873499,0.000000000000,0.000058535071,0.000061236520,0.000000000000,0.000065118253,0.000059706206,0.000000000000,0.000068945537,0.000068164280
487,0.000000000000,0.000139860830,0.000139860830,0.000000000000,0.000139860830,0.000139860830,0.000000000000,0.000139860830,0.000139860830,0.000000000000,0.000106759122,0.000107223200,0.000000000000,0.000105605191,0.000107379693,0.000000000000,0.000107083955,0.000107659160,0.000000000000,0.000082190536,0.000080128999,0.000000000000,0.000076357193,0.000082455853,0.000000000000,0.000083420037,0.000079310772,0.000000000000,0.000074564165,0.000077719447,0.000000000000,0.000078227046,0.000081030505,0.000000000000,0.000080906192,0.000080873499,0.000000000000,0.000058535071,0.000061266613,0.000000000000,0.000065118253,0.000059706206,0.000000000000,0.000068945537,0.000068164280
488,0.000000000000,0.000139860830,0.000139860830,0.000000000000,0.000139860830,0.000139860830,0.000000000000,0.000139860830,0.000139860830,0.000000000000,0.000106759122,0.000107223200,0.000000000000,0.000105605191,0.000107379693,0.000000000000,0.000107083955,0.000107659160,0.000000000000,0.000082190536,0.000080128999,0.000000000000,0.000076357193,0.000082455853,0.000000000000,0.000083420037,0.000079310772,0.000000000000,0.000074564165,0.000077719447,0.000000000000,0.000078227046,0.000081030505,0.000000000000,0.000080906192,0.000080873499,0.000000000000,0.000058614856,0.000061311720,0.000000000000,0.000065180307,0.000059706206,0.000000000000,0.000068945537,0.000068164280
489,0.000000000000,0.000139860830,0.000139860830,0.000000000000,0.000139860830,0.000139860830,0.000000000000,0.000139860830,0.000139860830,0.000000000000,0.000106759122,0.000107223200,0.000000000000,0.000105605191,0.000107379693,0.000000000000,0.000107083955,0.000107659160,0.000000000000,0.000082190536,0.000080128999,0.000000000000,0.000076357193,0.000082455853,0.000000000000,0.000083420037,0.000079310772,0.000000000000,0.000074564165,0.000077719447,0.000000000000,0.000078227046,0.000081030505,0.000000000000,0.000080906192,0.000080873499,0.000000000000,0.000058627158,0.000061329633,0.000000000000,0.000065180307,0.000059707957,0.000000000000,0.000068945537,0.000068164280
490,0.000000000000,0.000139860830,0.000139860830,0.000000000000,0.000139860830,0.000139860830,0.000000000000,0.000139860830,0.000139860830,0.000000000000,0.000106759122,0.000107223200,0.000000000000,0.000105605191,0.000107379693,0.000000000000,0.000107083955,0.000107659160,0.000000000000,0.000082190536,0.000080128999,0.000000000000,0.000076357193,0.000082455853,0.000000000000,0.000083420037,0.000079310772,0.000000000000,0.000074564165,0.000077732687,0.000000000000,0.000078227046,0.000081030505,0.000000000000,0.000080906192,0.000080873499,0.000000000000,0.000058646426,0.000061329633,0.000000000000,0.000065182118,0.000059707957,0.000000000000,0.000068945537,0.000068164280
491,0.000000000000,0.000139860830,0.000139860830,0.000000000000,0.000139860830,0.000139860830,0.000000000000,0.000139860830,0.000139860830,0.000000000000,0.000106759122,0.000107223200,0.000000000000,0.000105605191,0.000107379693,0.000000000000,0.000107083955,0.000107659160,0.000000000000,0.000082190536,0.000080128999,0.000000000000,0.000076357193,0.000082455853,0.000000000000,0.000083420037,0.000079310772,0.000000000000,0.000074564165,0.000077732687,0.000000000000,0.000078227046,0.000081030505,0.000000000000,0.000080906192,0.000080873499,0.000000000000,0.000058657101,0.000061348621,0.000000000000,0.000065264471,0.000059756237,0.000000000000,0.000068945537,0.000068164280
492,0.000000000000,0.000139860830,0.000139860830,0.000000000000,0.000139860830,0.000139860830,0.000000000000,0.000139860830,0.000139860830,0.000000000000,0.000106759122,0.000107223200,0.000000000000,0.000105605191,0.000107379693,0.000000000000,0.000107083955,0.000107659160,0.000000000000,0.000082190536,0.000080128999,0.000000000000,0.000076357193,0.000082455853,0.000000000000,0.000083420037,0.000079310772,0.000000000000,0.000074564165,0.000077835676,0.000000000000,0.000078227046,0.000081030505,0.000000000000,0.000080906192,0.000080873499,0.000000000000,0.000058747243,0.000061387259,0.000000000000,0.000065264471,0.000059756237,0.000000000000,0.000068945537,0.000068164280
493,0.000000000000,0.000139860830,0.000139860830,0.000000000000,0.000139860830,0.000139860830,0.000000000000,0.000139860830,0.000139860830,0.000000000000,0.000106759122,0.000107223200,0.000000000000,0.000105605191,0.000107379693,0.000000000000,0.000107083955,0.000107659160,0.000000000000,0.000082190536,0.000080128999,0.000000000000,0.000076357193,0.000082455853,0.000000000000,0.000083420037,0.000079310772,0.000000000000,0.000074564165,0.000077835676,0.000000000000,0.000078227046,0.000081030505,0.000000000000,0.000080906192,0.000080873499,0.000000000000,0.000058747243,0.000061424492,0.000000000000,0.000065264471,0.000059756237,0.000000000000,0.000068945537,0.000068164280
494,0.000000000000,0.000139860830,0.000139860830,0.000000000000,0.000139860830,0.000139860830,0.000000000000,0.000139860830,0.000139860830,0.000000000000,0.000106759122,0.000107223200,0.000000000000,0.000105605191,0.000107379693,0.000000000000,0.000107083955,0.000107659160,0.000000000000,0.000082190536,0.000080128999,0.000000000000,0.000076357193,0.000082455853,0.000000000000,0.000083420037,0.000079310772,0.000000000000,0.000074564165,0.000077835676,0.000000000000,0.000078227046,0.000081030505,0.000000000000,0.000080906192,0.000080873499,0.000000000000,0.000058763265,0.000061428479,0.000000000000,0.000065264471,0.000059862287,0.000000000000,0.000068945537,0.000068164280
495,0.000000000000,0.000139860830,0.000139860830,0.000000000000,0.000139860830,0.000139860830,0.000000000000,0.000139860830,0.000139860830,0.000000000000,0.000106759122,0.000107223200,0.000000000000,0.000105605191,0.000107379693,0.000000000000,0.000107083955,0.000107659160,0.000000000000,0.000082190536,0.000080128999,0.000000000000,0.000076357193,0.000082455853,0.000000000000,0.000083420037,0.000079310772,0.000000000000,0.000074564165,0.000077856554,0.000000000000,0.000078227046,0.000081030505,0.000000000000,0.000080906192,0.000080873499,0.000000000000,0.000058763265,0.000061428479,0.000000000000,0.000065264471,0.000059862287,0.000000000000,0.000068945537,0.000068164280
496,0.000000000000,0.000139860830,0.000139860830,0.000000000000,0.000139860830,0.000139860830,0.000000000000,0.000139860830,0.000139860830,0.000000000000,0.000106759122,0.000107223200,0.000000000000,0.000105605191,0.000107379693,0.000000000000,0.000107083955,0.000107659160,0.000000000000,0.000082190536,0.000080128999,0.000000000000,0.000076357193,0.000082455853,0.000000000000,0.000083420037,0.000079310772,0.000000000000,0.000074564165,0.000077856554,0.000000000000,0.000078227046,0.000081030505,0.000000000000,0.000081012133,0.000080873499,0.000000000000,0.000058763265,0.000061450417,0.000000000000,0.000065306996,0.000059862287,0.000000000000,0.000068945537,0.000068164280
497,0.000000000000,0.000139860830,0.000139860830,0.000000000000,0.000139860830,0.000139860830,0.000000000000,0.000139860830,0.000139860830,0.000000000000,0.000106759122,0.000107223200,0.000000000000,0.000105605191,0.000107379693,0.000000000000,0.000107083955,0.000107659160,0.000000000000,0.000082190536,0.000080128999,0.000000000000,0.000076357193,0.000082455853,0.000000000000,0.000083420037,0.000079310772,0.000000000000,0.000074564165,0.000077856554,0.000000000000,0.000078227046,0.000081030505,0.000000000000,0.000081013034,0.000080873499,0.000000000000,0.000058793164,0.000061461264,0.000000000000,0.000065371172,0.000059865889,0.000000000000,0.000068945537,0.000068164280
498,0.000000000000,0.000139860830,0.000139860830,0.000000000000,0.000139860830,0.000139860830,0.000000000000,0.000139860830,0.000139860830,0.000000000000,0.000106759122,0.000107223200,0.000000000000,0.000105605191,0.000107379693,0.000000000000,0.000107083955,0.000107659160,0.000000000000,0.000082190536,0.000080128999,0.000000000000,0.000076357193,0.000082455853,0.000000000000,0.000083420037,0.000079310772,0.000000000000,0.000074564165,0.000077856554,0.000000000000,0.000078227046,0.000081030505,0.000000000000,0.000081042316,0.000080873499,0.000000000000,0.000058793164,0.000061461264,0.000000000000,0.000065380560,0.000059941106,0.000000000000,0.000068945537,0.000068164280
499,0.000000000000,0.000139860830,0.000139860830,0.000000000000,0.000139860830,0.000139860830,0.000000000000,0.000139860830,0.000139860830,0.000000000000,0.000106759122,0.000107223200,0.000000000000,0.000105605191,0.000107379693,0.000000000000,0.000107083955,0.000107659160,0.000000000000,0.000082190536,0.000080128999,0.000000000000,0.000076357193,0.000082455853,0.000000000000,0.000083420037,0.000079310772,0.000000000000,0.000074564165,0.000077856554,0.000000000000,0.000078227046,0.000081030505,0.000000000000,0.000081042316,0.000080873499,0.000000000000,0.000058805939,0.000061464981,0.000000000000,0.000065429111,0.000060000415,0.000000000000,0.000068945537,0.000068164280
500,0.000000000000,0.000139860830,0.000139860830,0.000000000000,0.000139860830,0.000139860830,0.000000000000,0.000139860830,0.000139860830,0.000000000000,0.000106759122,0.000107223200,0.000000000000,0.000105605191,0.000107379693,0.000000000000,0.000107083955,0.000107659160,0.000000000000,0.000082190536,0.000080128999,0.000000000000,0.000076357193,0.000082455853,0.000000000000,0.000083420037,0.000079310772,0.000000000000,0.000074564165,0.000077856554,0.000000000000,0.000078227046,0.000081030505,0.000000000000,0.000081042316,0.000080873499,0.000000000000,0.000058805939,0.000061464981,0.000000000000,0.000065429111,0.000060000415,0.000000000000,0.000068945537,0.000068164280
501,0.000000000000,0.000000000000,0.000139860830,0.000000000000,0.000000000000,0.000139860830,0.000000000000,0.000000000000,0.000139860830,0.000000000000,0.000000000000,0.000107223200,0.000000000000,0.000000000000,0.000107379693,0.000000000000,0.000000000000,0.000107659160,0.000000000000,0.000000000000,0.000080128999,0.000000000000,0.000000000000,0.000082455853,0.000000000000,0.000000000000,0.000079310772,0.000000000000,0.000000000000,0.000077856554,0.000000000000,0.000000000000,0.000081030505,0.000000000000,0.000000000000,0.000080873499,0.000000000000,0.000000000000,0.000061464981,0.000000000000,0.000000000000,0.000060000790,0.000000000000,0.000000000000,0.000068164280
502,0.000000000000,0.000000000000,0.000139860830,0.000000000000,0.000000000000,0.000139860830,0.000000000000,0.000000000000,0.000139860830,0.000000000000,0.000000000000,0.000107223200,0.000000000000,0.000000000000,0.000107379693,0.000000000000,0.000000000000,0.000107659160,0.000000000000,0.000000000000,0.000080128999,0.000000000000,0.000000000000,0.000082455853,0.000000000000,0.000000000000,0.000079310772,0.000000000000,0.000000000000,0.000077856554,0.000000000000,0.000000000000,0.000081030505,0.000000000000,0.000000000000,0.000080873499,0.000000000000,0.000000000000,0.000061484837,0.000000000000,0.000000000000,0.000060000790,0.000000000000,0.000000000000,0.000068164280
503,0.000000000000,0.000000000000,0.000139860830,0.000000000000,0.000000000000,0.000139860830,0.000000000000,0.000000000000,0.000139860830,0.000000000000,0.000000000000,0.000107223200,0.000000000000,0.000000000000,0.000107379693,0.000000000000,0.000000000000,0.000107659160,0.000000000000,0.000000000000,0.000080128999,0.000000000000,0.000000000000,0.000082455853,0.000000000000,0.000000000000,0.000079310772,0.000000000000,0.000000000000,0.000077856554,0.000000000000,0.000000000000,0.000081030505,0.000000000000,0.000000000000,0.000080873499,0.000000000000,0.000000000000,0.000061484837,0.000000000000,0.000000000000,0.000060000790,0.000000000000,0.000000000000,0.000068164280
504,0.000000000000,0.000000000000,0.000139860830,0.000000000000,0.000000000000,0.000139860830,0.000000000000,0.000000000000,0.000139860830,0.000000000000,0.000000000000,0.000107223200,0.000000000000,0.000000000000,0.000107379693,0.000000000000,0.000000000000,0.000107659160,0.000000000000,0.000000000000,0.000080128999,0.000000000000,0.000000000000,0.000082455853,0.000000000000,0.000000000000,0.000079310772,0.000000000000,0.000000000000,0.000077856554,0.000000000000,0.000000000000,0.000081030505,0.000000000000,0.000000000000,0.000080873499,0.000000000000,0.000000000000,0.000061495691,0.000000000000,0.000000000000,0.000060044022,0.000000000000,0.000000000000,0.000068164280
505,0.000000000000,0.000000000000,0.000139860830,0.000000000000,0.000000000000,0.000139860830,0.000000000000,0.000000000000,0.000139860830,0.000000000000,0.000000000000,0.000107223200,0.000000000000,0.000000000000,0.000107379693,0.000000000000,0.000000000000,0.000107659160,0.000000000000,0.000000000000,0.000080128999,0.000000000000,0.000000000000,0.000082455853,0.000000000000,0.000000000000,0.000079310772,0.000000000000,0.000000000000,0.000077856554,0.000000000000,0.000000000000,0.000081030505,0.000000000000,0.000000000000,0.000080873499,0.000000000000,0.000000000000,0.000061498679,0.000000000000,0.000000000000,0.000060047959,0.000000000000,0.000000000000,0.000068164280
506,0.000000000000,0.000000000000,0.000139860830,0.000000000000,0.000000000000,0.000139860830,0.000000000000,0.000000000000,0.000139860830,0.000000000000,0.000000000000,0.000107223200,0.000000000000,0.000000000000,0.000107379693,0.000000000000,0.000000000000,0.000107659160,0.000000000000,0.000000000000,0.000080128999,0.000000000000,0.000000000000,0.000082455853,0.000000000000,0.000000000000,0.000079310772,0.000000000000,0.000000000000,0.000077856554,0.000000000000,0.000000000000,0.000081030505,0.000000000000,0.000000000000,0.000080873499,0.000000000000,0.000000000000,0.000061602267,0.000000000000,0.000000000000,0.000060094508,0.000000000000,0.000000000000,0.000068164280
507,0.000000000000,0.000000000000,0.000139860830,0.000000000000,0.000000000000,0.000139860830,0.000000000000,0.000000000000,0.000139860830,0.000000000000,0.000000000000,0.000107223200,0.000000000000,0.000000000000,0.000107379693,0.000000000000,0.000000000000,0.000107659160,0.000000000000,0.000000000000,0.000080128999,0.000000000000,0.000000000000,0.000082455853,0.000000000000,0.000000000000,0.000079310772,0.000000000000,0.000000000000,0.000077856554,0.000000000000,0.000000000000,0.000081030505,0.000000000000,0.000000000000,0.000080873499,0.000000000000,0.000000000000,0.000061602267,0.000000000000,0.000000000000,0.000060094508,0.000000000000,0.000000000000,0.000068164280
508,0.000000000000,0.000000000000,0.000139860830,0.000000000000,0.000000000000,0.000139860830,0.000000000000,0.000000000000,0.000139860830,0.000000000000,0.000000000000,0.000107223200,0.000000000000,0.000000000000,0.000107379693,0.000000000000,0.000000000000,0.000107659160,0.000000000000,0.000000000000,0.000080128999,0.000000000000,0.000000000000,0.000082455853,0.000000000000,0.000000000000,0.000079310772,0.000000000000,0.000000000000,0.000077856554,0.000000000000,0.000000000000,0.000081030505,0.000000000000,0.000000000000,0.000080873499,0.000000000000,0.000000000000,0.000061602267,0.000000000000,0.000000000000,0.000060232973,0.000000000000,0.000000000000,0.000068164280
509,0.000000000000,0.000000000000,0.000139860830,0.000000000000,0.000000000000,0.000139860830,0.000000000000,0.000000000000,0.000139860830,0.000000000000,0.000000000000,0.000107223200,0.000000000000,0.000000000000,0.000107379693,0.000000000000,0.000000000000,0.000107659160,0.000000000000,0.000000000000,0.000080128999,0.000000000000,0.000000000000,0.000082455853,0.000000000000,0.000000000000,0.000079310772,0.000000000000,0.000000000000,0.000077856554,0.000000000000,0.000000000000,0.000081030505,0.000000000000,0.000000000000,0.000080873499,0.000000000000,0.000000000000,0.000061630770,0.000000000000,0.000000000000,0.000060256334,0.000000000000,0.000000000000,0.000068164280
510,0.000000000000,0.000000000000,0.000139860830,0.000000000000,0.000000000000,0.000139860830,0.000000000000,0.000000000000,0.000139860830,0.000000000000,0.000000000000,0.000107223200,0.000000000000,0.000000000000,0.000107379693,0.000000000000,0.000000000000,0.000107659160,0.000000000000,0.000000000000,0.000080128999,0.000000000000,0.000000000000,0.000082455853,0.000000000000,0.000000000000,0.000079310772,0.000000000000,0.000000000000,0.000077856554,0.000000000000,0.000000000000,0.000081030505,0.000000000000,0.000000000000,0.000080873499,0.000000000000,0.000000000000,0.000061631881,0.000000000000,0.000000000000,0.000060256334,0.000000000000,0.000000000000,0.000068164280
511,0.000000000000,0.000000000000,0.000139860830,0.000000000000,0.000000000000,0.000139860830,0.000000000000,0.000000000000,0.000139860830,0.000000000000,0.000000000000,0.000107223200,0.000000000000,0.000000000000,0.000107379693,0.000000000000,0.000000000000,0.000107659160,0.000000000000,0.000000000000,0.000080128999,0.000000000000,0.000000000000,0.000082455853,0.000000000000,0.000000000000,0.000079310772,0.000000000000,0.000000000000,0.000077856554,0.000000000000,0.000000000000,0.000081030505,0.000000000000,0.000000000000,0.000080873499,0.000000000000,0.000000000000,0.000061631881,0.000000000000,0.000000000000,0.000060256334,0.000000000000,0.000000000000,0.000068164280
512,0.000000000000,0.000000000000,0.000139860830,0.000000000000,0.000000000000,0.000139860830,0.000000000000,0.000000000000,0.000139860830,0.000000000000,0.000000000000,0.000107223200,0.000000000000,0.000000000000,0.000107379693,0.000000000000,0.000000000000,0.000107659160,0.000000000000,0.000000000000,0.000080128999,0.000000000000,0.000000000000,0.000082455853,0.000000000000,0.000000000000,0.000079310772,0.000000000000,0.000000000000,0.000077856554,0.000000000000,0.000000000000,0.000081030505,0.000000000000,0.000000000000,0.000080873499,0.000000000000,0.000000000000,0.000061640137,0.000000000000,0.000000000000,0.000060256334,0.000000000000,0.000000000000,0.000068164280
513,0.000000000000,0.000000000000,0.000139860830,0.000000000000,0.000000000000,0.000139860830,0.000000000000,0.000000000000,0.000139860830,0.000000000000,0.000000000000,0.000107223200,0.000000000000,0.000000000000,0.000107379693,0.000000000000,0.000000000000,0.000107659160,0.000000000000,0.000000000000,0.000080128999,0.000000000000,0.000000000000,0.000082455853,0.000000000000,0.000000000000,0.000079310772,0.000000000000,0.000000000000,0.000077870692,0.000000000000,0.000000000000,0.000081030505,0.000000000000,0.000000000000,0.000080873499,0.000000000000,0.000000000000,0.000061640137,0.000000000000,0.000000000000,0.000060256334,0.000000000000,0.000000000000,0.000068164280
514,0.000000000000,0.000000000000,0.000139860830,0.000000000000,0.000000000000,0.000139860830,0.000000000000,0.000000000000,0.000139860830,0.000000000000,0.000000000000,0.000107223200,0.000000000000,0.000000000000,0.000107379693,0.000000000000,0.000000000000,0.000107659160,0.000000000000,0.000000000000,0.000080128999,0.000000000000,0.000000000000,0.000082455853,0.000000000000,0.000000000000,0.000079310772,0.000000000000,0.000000000000,0.000077870692,0.000000000000,0.000000000000,0.000081030505,0.000000000000,0.000000000000,0.000080873499,0.000000000000,0.000000000000,0.000061660562,0.000000000000,0.000000000000,0.000060299178,0.000000000000,0.000000000000,0.000068164280
515,0.000000000000,0.000000000000,0.000139860830,0.000000000000,0.000000000000,0.000139860830,0.000000000000,0.000000000000,0.000139860830,0.000000000000,0.000000000000,0.000107223200,0.000000000000,0.000000000000,0.000107379693,0.000000000000,0.000000000000,0.000107659160,0.000000000000,0.000000000000,0.000080128999,0.000000000000,0.000000000000,0.000082455853,0.000000000000,0.000000000000,0.000079310772,0.000000000000,0.000000000000,0.000077870692,0.000000000000,0.000000000000,0.000081030505,0.000000000000,0.000000000000,0.000080873499,0.000000000000,0.000000000000,0.000061660562,0.000000000000,0.000000000000,0.000060299178,0.000000000000,0.000000000000,0.000068164280
516,0.000000000000,0.000000000000,0.000139860830,0.000000000000,0.000000000000,0.000139860830,0.000000000000,0.000000000000,0.000139860830,0.000000000000,0.000000000000,0.000107223200,0.000000000000,0.000000000000,0.000107379693,0.000000000000,0.000000000000,0.000107659160,0.000000000000,0.000000000000,0.000080128999,0.000000000000,0.000000000000,0.000082455853,0.000000000000,0.000000000000,0.000079310772,0.000000000000,0.000000000000,0.000077870692,0.000000000000,0.000000000000,0.000081030505,0.000000000000,0.000000000000,0.000080873499,0.000000000000,0.000000000000,0.000061674586,0.000000000000,0.000000000000,0.000060299178,0.000000000000,0.000000000000,0.000068164280
517,0.000000000000,0.000000000000,0.000139860830,0.000000000000,0.000000000000,0.000139860830,0.000000000000,0.000000000000,0.000139860830,0.000000000000,0.000000000000,0.000107223200,0.000000000000,0.000000000000,0.000107379693,0.000000000000,0.000000000000,0.000107659160,0.000000000000,0.000000000000,0.000080128999,0.000000000000,0.000000000000,0.000082455853,0.000000000000,0.000000000000,0.000079310772,0.000000000000,0.000000000000,0.000077870692,0.000000000000,0.000000000000,0.000081030505,0.000000000000,0.000000000000,0.000080873499,0.000000000000,0.000000000000,0.000061674586,0.000000000000,0.000000000000,0.000060313358,0.000000000000,0.000000000000,0.000068164280
518,0.000000000000,0.000000000000,0.000139860830,0.000000000000,0.000000000000,0.000139860830,0.000000000000,0.000000000000,0.000139860830,0.000000000000,0.000000000000,0.000107223200,0.000000000000,0.000000000000,0.000107379693,0.000000000000,0.000000000000,0.000107659160,0.000000000000,0.000000000000,0.000080128999,0.000000000000,0.000000000000,0.000082455853,0.000000000000,0.000000000000,0.000079310772,0.000000000000,0.000000000000,0.000077870692,0.000000000000,0.000000000000,0.000081030505,0.000000000000,0.000000000000,0.000080873499,0.000000000000,0.000000000000,0.000061740443,0.000000000000,0.000000000000,0.000060313358,0.000000000000,0.000000000000,0.000068164280
519,0.000000000000,0.000000000000,0.000139860830,0.000000000000,0.000000000000,0.000139860830,0.000000000000,0.000000000000,0.000139860830,0.000000000000,0.000000000000,0.000107223200,0.000000000000,0.000000000000,0.000107379693,0.000000000000,0.000000000000,0.000107659160,0.000000000000,0.000000000000,0.000080128999,0.000000000000,0.000000000000,0.000082455853,0.000000000000,0.000000000000,0.000079310772,0.000000000000,0.000000000000,0.000077870692,0.000000000000,0.000000000000,0.000081030505,0.000000000000,0.000000000000,0.000080873499,0.000000000000,0.000000000000,0.000061763976,0.000000000000,0.000000000000,0.000060313358,0.000000000000,0.000000000000,0.000068164280
520,0.000000000000,0.000000000000,0.000139860830,0.000000000000,0.000000000000,0.000139860830,0.000000000000,0.000000000000,0.000139860830,0.000000000000,0.000000000000,0.000107223200,0.000000000000,0.000000000000,0.000107379693,0.000000000000,0.000000000000,0.000107659160,0.000000000000,0.000000000000,0.000080128999,0.000000000000,0.000000000000,0.000082455853,0.000000000000,0.000000000000,0.000079310772,0.000000000000,0.000000000000,0.000077870692,0.000000000000,0.000000000000,0.000081030505,0.000000000000,0.000000000000,0.000080873499,0.000000000000,0.000000000000,0.000061794445,0.000000000000,0.000000000000,0.000060319913,0.000000000000,0.000000000000,0.000068164280
521,0.000000000000,0.000000000000,0.000139860830,0.000000000000,0.000000000000,0.000139860830,0.000000000000,0.000000000000,0.000139860830,0.000000000000,0.000000000000,0.000107223200,0.000000000000,0.000000000000,0.000107379693,0.000000000000,0.000000000000,0.000107659160,0.000000000000,0.000000000000,0.000080128999,0.000000000000,0.000000000000,0.000082455853,0.000000000000,0.000000000000,0.000079310772,0.000000000000,0.000000000000,0.000077870692,0.000000000000,0.000000000000,0.000081030505,0.000000000000,0.000000000000,0.000080873499,0.000000000000,0.000000000000,0.000061794445,0.000000000000,0.000000000000,0.000060323464,0.000000000000,0.000000000000,0.000068164280
522,0.000000000000,0.000000000000,0.000139860830,0.000000000000,0.000000000000,0.000139860830,0.000000000000,0.000000000000,0.000139860830,0.000000000000,0.000000000000,0.000107223200,0.000000000000,0.000000000000,0.000107379693,0.000000000000,0.000000000000,0.000107659160,0.000000000000,0.000000000000,0.000080128999,0.000000000000,0.000000000000,0.000082455853,0.000000000000,0.000000000000,0.000079310772,0.000000000000,0.000000000000,0.000077870692,0.000000000000,0.000000000000,0.000081030505,0.000000000000,0.000000000000,0.000080873499,0.000000000000,0.000000000000,0.000061794445,0.000000000000,0.000000000000,0.000060323464,0.000000000000,0.000000000000,0.000068164280
523,0.000000000000,0.000000000000,0.000139860830,0.000000000000,0.000000000000,0.000139860830,0.000000000000,0.000000000000,0.000139860830,0.000000000000,0.000000000000,0.000107223200,0.000000000000,0.000000000000,0.000107379693,0.000000000000,0.000000000000,0.000107659160,0.000000000000,0.000000000000,0.000080128999,0.000000000000,0.000000000000,0.000082455853,0.000000000000,0.000000000000,0.000079310772,0.000000000000,0.000000000000,0.000077870692,0.000000000000,0.000000000000,0.000081030505,0.000000000000,0.000000000000,0.000080873499,0.000000000000,0.000000000000,0.000061840544,0.000000000000,0.000000000000,0.000060348216,0.000000000000,0.000000000000,0.000068164280
524,0.000000000000,0.000000000000,0.000139860830,0.000000000000,0.000000000000,0.000139860830,0.000000000000,0.000000000000,0.000139860830,0.000000000000,0.000000000000,0.000107223200,0.000000000000,0.000000000000,0.000107379693,0.000000000000,0.000000000000,0.000107659160,0.000000000000,0.000000000000,0.000080128999,0.000000000000,0.000000000000,0.000082455853,0.000000000000,0.000000000000,0.000079310772,0.000000000000,0.000000000000,0.000077870692,0.000000000000,0.000000000000,0.000081030505,0.000000000000,0.000000000000,0.000080873499,0.000000000000,0.000000000000,0.000061840544,0.000000000000,0.000000000000,0.000060348216,0.000000000000,0.000000000000,0.000068164280
525,0.000000000000,0.000000000000,0.000139860830,0.000000000000,0.000000000000,0.000139860830,0.000000000000,0.000000000000,0.000139860830,0.000000000000,0.000000000000,0.000107223200,0.000000000000,0.000000000000,0.000107379693,0.000000000000,0.000000000000,0.000107659160,0.000000000000,0.000000000000,0.000080128999,0.000000000000,0.000000000000,0.000082455853,0.000000000000,0.000000000000,0.000079310772,0.000000000000,0.000000000000,0.000077870692,0.000000000000,0.000000000000,0.000081030505,0.000000000000,0.000000000000,0.000080873499,0.000000000000,0.000000000000,0.000061864723,0.000000000000,0.000000000000,0.000060360750,0.000000000000,0.000000000000,0.000068164280
526,0.000000000000,0.000000000000,0.000139860830,0.000000000000,0.000000000000,0.000139860830,0.000000000000,0.000000000000,0.000139860830,0.000000000000,0.000000000000,0.000107223200,0.000000000000,0.000000000000,0.000107379693,0.000000000000,0.000000000000,0.000107659160,0.000000000000,0.000000000000,0.000080128999,0.000000000000,0.000000000000,0.000082455853,0.000000000000,0.000000000000,0.000079310772,0.000000000000,0.000000000000,0.000077870692,0.000000000000,0.000000000000,0.000081030505,0.000000000000,0.000000000000,0.000080873499,0.000000000000,0.000000000000,0.000061864723,0.000000000000,0.000000000000,0.000060371821,0.000000000000,0.000000000000,0.000068164280
527,0.000000000000,0.000000000000,0.000139860830,0.000000000000,0.000000000000,0.000139860830,0.000000000000,0.000000000000,0.000139860830,0.000000000000,0.000000000000,0.000107223200,0.000000000000,0.000000000000,0.000107379693,0.000000000000,0.000000000000,0.000107676258,0.000000000000,0.000000000000,0.000080128999,0.000000000000,0.000000000000,0.000082455853,0.000000000000,0.000000000000,0.000079310772,0.000000000000,0.000000000000,0.000077870692,0.000000000000,0.000000000000,0.000081030505,0.000000000000,0.000000000000,0.000080873499,0.000000000000,0.000000000000,0.000061864723,0.000000000000,0.000000000000,0.000060371821,0.000000000000,0.000000000000,0.000068164280
528,0.000000000000,0.000000000000,0.000139860830,0.000000000000,0.000000000000,0.000139860830,0.000000000000,0.000000000000,0.000139860830,0.000000000000,0.000000000000,0.000107223200,0.000000000000,0.000000000000,0.000107379693,0.000000000000,0.000000000000,0.000107676258,0.000000000000,0.000000000000,0.000080128999,0.000000000000,0.000000000000,0.000082455853,0.000000000000,0.000000000000,0.000079310772,0.000000000000,0.000000000000,0.000077870692,0.000000000000,0.000000000000,0.000081030505,0.000000000000,0.000000000000,0.000080873499,0.000000000000,0.000000000000,0.000061864723,0.000000000000,0.000000000000,0.000060371821,0.000000000000,0.000000000000,0.000068164280
529,0.000000000000,0.000000000000,0.000139860830,0.000000000000,0.000000000000,0.000139860830,0.000000000000,0.000000000000,0.000139860830,0.000000000000,0.000000000000,0.000107223200,0.000000000000,0.000000000000,0.000107379693,0.000000000000,0.000000000000,0.000107676258,0.000000000000,0.000000000000,0.000080128999,0.000000000000,0.000000000000,0.000082455853,0.000000000000,0.000000000000,0.000079310772,0.000000000000,0.000000000000,0.000077870692,0.000000000000,0.000000000000,0.000081030505,0.000000000000,0.000000000000,0.000080873499,0.000000000000,0.000000000000,0.000061873265,0.000000000000,0.000000000000,0.000060561522,0.000000000000,0.000000000000,0.000068164280
530,0.000000000000,0.000000000000,0.000139860830,0.000000000000,0.000000000000,0.000139860830,0.000000000000,0.000000000000,0.000139860830,0.000000000000,0.000000000000,0.000107223200,0.000000000000,0.000000000000,0.000107379693,0.000000000000,0.000000000000,0.000107676258,0.000000000000,0.000000000000,0.000080128999,0.000000000000,0.000000000000,0.000082455853,0.000000000000,0.000000000000,0.000079310772,0.000000000000,0.000000000000,0.000077870692,0.000000000000,0.000000000000,0.000081030505,0.000000000000,0.000000000000,0.000080873499,0.000000000000,0.000000000000,0.000061885434,0.000000000000,0.000000000000,0.000060561522,0.000000000000,0.000000000000,0.000068164280
531,0.000000000000,0.000000000000,0.000139860830,0.000000000000,0.000000000000,0.000139860830,0.000000000000,0.000000000000,0.000139860830,0.000000000000,0.000000000000,0.000107223200,0.000000000000,0.000000000000,0.000107379693,0.000000000000,0.000000000000,0.000107676258,0.000000000000,0.000000000000,0.000080128999,0.000000000000,0.000000000000,0.000082455853,0.000000000000,0.000000000000,0.000079310772,0.000000000000,0.000000000000,0.000077870692,0.000000000000,0.000000000000,0.000081030505,0.000000000000,0.000000000000,0.000080873499,0.000000000000,0.000000000000,0.000061885434,0.000000000000,0.000000000000,0.000060561522,0.000000000000,0.000000000000,0.000068164280
532,0.000000000000,0.000000000000,0.000139860830,0.000000000000,0.000000000000,0.000139860830,0.000000000000,0.000000000000,0.000139860830,0.000000000000,0.000000000000,0.000107223200,0.000000000000,0.000000000000,0.000107379693,0.000000000000,0.000000000000,0.000107676258,0.000000000000,0.000000000000,0.000080128999,0.000000000000,0.000000000000,0.000082455853,0.000000000000,0.000000000000,0.000079310772,0.000000000000,0.000000000000,0.000077870692,0.000000000000,0.000000000000,0.000081030505,0.000000000000,0.000000000000,0.000080873499,0.000000000000,0.000000000000,0.000061895851,0.000000000000,0.000000000000,0.000060561522,0.000000000000,0.000000000000,0.000068164280
533,0.000000000000,0.000000000000,0.000139860830,0.000000000000,0.000000000000,0.000139860830,0.000000000000,0.000000000000,0.000139860830,0.000000000000,0.000000000000,0.000107223200,0.000000000000,0.000000000000,0.000107379693,0.000000000000,0.000000000000,0.000107676258,0.000000000000,0.000000000000,0.000080128999,0.000000000000,0.000000000000,0.000082455853,0.000000000000,0.000000000000,0.000079310772,0.000000000000,0.000000000000,0.000077870692,0.000000000000,0.000000000000,0.000081030505,0.000000000000,0.000000000000,0.000080873499,0.000000000000,0.000000000000,0.000061895851,0.000000000000,0.000000000000,0.000060561522,0.000000000000,0.000000000000,0.000068164280
534,0.000000000000,0.000000000000,0.000139860830,0.000000000000,0.000000000000,0.000139860830,0.000000000000,0.000000000000,0.000139860830,0.000000000000,0.000000000000,0.000107223200,0.000000000000,0.000000000000,0.000107379693,0.000000000000,0.000000000000,0.000107676258,0.000000000000,0.000000000000,0.000080128999,0.000000000000,0.000000000000,0.000082455853,0.000000000000,0.000000000000,0.000079310772,0.000000000000,0.000000000000,0.000077870692,0.000000000000,0.000000000000,0.000081030505,0.000000000000,0.000000000000,0.000080873499,0.000000000000,0.000000000000,0.000062010342,0.000000000000,0.000000000000,0.000060561522,0.000000000000,0.000000000000,0.000068164280
535,0.000000000000,0.000000000000,0.000139860830,0.000000000000,0.000000000000,0.000139860830,0.000000000000,0.000000000000,0.000139860830,0.000000000000,0.000000000000,0.000107223200,0.000000000000,0.000000000000,0.000107379693,0.000000000000,0.000000000000,0.000107676258,0.000000000000,0.000000000000,0.000080128999,0.000000000000,0.000000000000,0.000082455853,0.000000000000,0.000000000000,0.000079310772,0.000000000000,0.000000000000,0.000077879591,0.000000000000,0.000000000000,0.000081030505,0.000000000000,0.000000000000,0.000080873499,0.000000000000,0.000000000000,0.000062010342,0.000000000000,0.000000000000,0.000060561522,0.000000000000,0.000000000000,0.000068164280
536,0.000000000000,0.000000000000,0.000139860830,0.000000000000,0.000000000000,0.000139860830,0.000000000000,0.000000000000,0.000139860830,0.000000000000,0.000000000000,0.000107223200,0.000000000000,0.000000000000,0.000107379693,0.000000000000,0.000000000000,0.000107676258,0.000000000000,0.000000000000,0.000080128999,0.000000000000,0.000000000000,0.000082455853,0.000000000000,0.000000000000,0.000079310772,0.000000000000,0.000000000000,0.000077879591,0.000000000000,0.000000000000,0.000081030505,0.000000000000,0.000000000000,0.000080873499,0.000000000000,0.000000000000,0.000062064269,0.000000000000,0.000000000000,0.000060585595,0.000000000000,0.000000000000,0.000068164280
537,0.000000000000,0.000000000000,0.000139860830,0.000000000000,0.000000000000,0.000139860830,0.000000000000,0.000000000000,0.000139860830,0.000000000000,0.000000000000,0.000107223200,0.000000000000,0.000000000000,0.000107379693,0.000000000000,0.000000000000,0.000107676258,0.000000000000,0.000000000000,0.000080128999,0.000000000000,0.000000000000,0.000082455853,0.000000000000,0.000000000000,0.000079310772,0.000000000000,0.000000000000,0.000077879591,0.000000000000,0.000000000000,0.000081030505,0.000000000000,0.000000000000,0.000080873499,0.000000000000,0.000000000000,0.000062064269,0.000000000000,0.000000000000,0.000060596548,0.000000000000,0.000000000000,0.000068164280
538,0.000000000000,0.000000000000,0.000139860830,0.000000000000,0.000000000000,0.000139860830,0.000000000000,0.000000000000,0.000139860830,0.000000000000,0.000000000000,0.000107223200,0.000000000000,0.000000000000,0.000107379693,0.000000000000,0.000000000000,0.000107676258,0.000000000000,0.000000000000,0.000080128999,0.000000000000,0.000000000000,0.000082455853,0.000000000000,0.000000000000,0.000079310772,0.000000000000,0.000000000000,0.000077879591,0.000000000000,0.000000000000,0.000081030505,0.000000000000,0.000000000000,0.000080873499,0.000000000000,0.000000000000,0.000062064269,0.000000000000,0.000000000000,0.000060645608,0.000000000000,0.000000000000,0.000068164280
539,0.000000000000,0.000000000000,0.000139860830,0.000000000000,0.000000000000,0.000139860830,0.000000000000,0.000000000000,0.000139860830,0.000000000000,0.000000000000,0.000107223200,0.000000000000,0.000000000000,0.000107379693,0.000000000000,0.000000000000,0.000107676258,0.000000000000,0.000000000000,0.000080128999,0.000000000000,0.000000000000,0.000082455853,0.000000000000,0.000000000000,0.000079310772,0.000000000000,0.000000000000,0.000077879591,0.000000000000,0.000000000000,0.000081030505,0.000000000000,0.000000000000,0.000080873499,0.000000000000,0.000000000000,0.000062140668,0.000000000000,0.000000000000,0.000060803125,0.000000000000,0.000000000000,0.000068164280
540,0.000000000000,0.000000000000,0.000139860830,0.000000000000,0.000000000000,0.000139860830,0.000000000000,0.000000000000,0.000139860830,0.000000000000,0.000000000000,0.000107223200,0.000000000000,0.000000000000,0.000107379693,0.000000000000,0.000000000000,0.000107676258,0.000000000000,0.000000000000,0.000080128999,0.000000000000,0.000000000000,0.000082455853,0.000000000000,0.000000000000,0.000079310772,0.000000000000,0.000000000000,0.000077879591,0.000000000000,0.000000000000,0.000081030505,0.000000000000,0.000000000000,0.000080873499,0.000000000000,0.000000000000,0.000062140668,0.000000000000,0.000000000000,0.000060803125,0.000000000000,0.000000000000,0.000068164280
541,0.000000000000,0.000000000000,0.000139860830,0.000000000000,0.000000000000,0.000139860830,0.000000000000,0.000000000000,0.000139860830,0.000000000000,0.000000000000,0.000107223200,0.000000000000,0.000000000000,0.000107379693,0.000000000000,0.000000000000,0.000107676258,0.000000000000,0.000000000000,0.000080128999,0.000000000000,0.000000000000,0.000082455853,0.000000000000,0.000000000000,0.000079310772,0.000000000000,0.000000000000,0.000077879591,0.000000000000,0.000000000000,0.000081030505,0.000000000000,0.000000000000,0.000080873499,0.000000000000,0.000000000000,0.000062140668,0.000000000000,0.000000000000,0.000060837681,0.000000000000,0.000000000000,0.000068164280
542,0.000000000000,0.000000000000,0.000139860830,0.000000000000,0.000000000000,0.000139860830,0.000000000000,0.000000000000,0.000139860830,0.000000000000,0.000000000000,0.000107223200,0.000000000000,0.000000000000,0.000107379693,0.000000000000,0.000000000000,0.000107676258,0.000000000000,0.000000000000,0.000080128999,0.000000000000,0.000000000000,0.000082455853,0.000000000000,0.000000000000,0.000079310772,0.000000000000,0.000000000000,0.000077879591,0.000000000000,0.000000000000,0.000081030505,0.000000000000,0.000000000000,0.000080873499,0.000000000000,0.000000000000,0.000062140668,0.000000000000,0.000000000000,0.000060837681,0.000000000000,0.000000000000,0.000068164280
543,0.000000000000,0.000000000000,0.000139860830,0.000000000000,0.000000000000,0.000139860830,0.000000000000,0.000000000000,0.000139860830,0.000000000000,0.000000000000,0.000107223200,0.000000000000,0.000000000000,0.000107379693,0.000000000000,0.000000000000,0.000107676258,0.000000000000,0.000000000000,0.000080128999,0.000000000000,0.000000000000,0.000082455853,0.000000000000,0.000000000000,0.000079310772,0.000000000000,0.000000000000,0.000077879591,0.000000000000,0.000000000000,0.000081030505,0.000000000000,0.000000000000,0.000080873499,0.000000000000,0.000000000000,0.000062140668,0.000000000000,0.000000000000,0.000060837681,0.000000000000,0.000000000000,0.000068164280
544,0.000000000000,0.000000000000,0.000139860830,0.000000000000,0.000000000000,0.000139860830,0.000000000000,0.000000000000,0.000139860830,0.000000000000,0.000000000000,0.000107223200,0.000000000000,0.000000000000,0.000107379693,0.000000000000,0.000000000000,0.000107676258,0.000000000000,0.000000000000,0.000080128999,0.000000000000,0.000000000000,0.000082455853,0.000000000000,0.000000000000,0.000079310772,0.000000000000,0.000000000000,0.000077879591,0.000000000000,0.000000000000,0.000081030505,0.000000000000,0.000000000000,0.000080873499,0.000000000000,0.000000000000,0.000062153182,0.000000000000,0.000000000000,0.000060882238,0.000000000000,0.000000000000,0.000068164280
545,0.000000000000,0.000000000000,0.000139860830,0.000000000000,0.000000000000,0.000139860830,0.000000000000,0.000000000000,0.000139860830,0.000000000000,0.000000000000,0.000107223200,0.000000000000,0.000000000000,0.000107379693,0.000000000000,0.000000000000,0.000107676258,0.000000000000,0.000000000000,0.000080128999,0.000000000000,0.000000000000,0.000082455853,0.000000000000,0.000000000000,0.000079310772,0.000000000000,0.000000000000,0.000077879591,0.000000000000,0.000000000000,0.000081030505,0.000000000000,0.000000000000,0.000080873499,0.000000000000,0.000000000000,0.000062153182,0.000000000000,0.000000000000,0.000060882238,0.000000000000,0.000000000000,0.000068164280
546,0.000000000000,0.000000000000,0.000139860830,0.000000000000,0.000000000000,0.000139860830,0.000000000000,0.000000000000,0.000139860830,0.000000000000,0.000000000000,0.000107223200,0.000000000000,0.000000000000,0.000107379693,0.000000000000,0.000000000000,0.000107676258,0.000000000000,0.000000000000,0.000080128999,0.000000000000,0.000000000000,0.000082455853,0.000000000000,0.000000000000,0.000079310772,0.000000000000,0.000000000000,0.000077879591,0.000000000000,0.000000000000,0.000081030505,0.000000000000,0.000000000000,0.000080873499,0.000000000000,0.000000000000,0.000062171695,0.000000000000,0.000000000000,0.000060882238,0.000000000000,0.000000000000,0.000068164280
547,0.000000000000,0.000000000000,0.000139860830,0.000000000000,0.000000000000,0.000139860830,0.000000000000,0.000000000000,0.000139860830,0.000000000000,0.000000000000,0.000107223200,0.000000000000,0.000000000000,0.000107379693,0.000000000000,0.000000000000,0.000107676258,0.000000000000,0.000000000000,0.000080128999,0.000000000000,0.000000000000,0.000082455853,0.000000000000,0.000000000000,0.000079310772,0.000000000000,0.000000000000,0.000077879591,0.000000000000,0.000000000000,0.000081030505,0.000000000000,0.000000000000,0.000080873499,0.000000000000,0.000000000000,0.000062173589,0.000000000000,0.000000000000,0.000060889365,0.000000000000,0.000000000000,0.000068164280
548,0.000000000000,0.000000000000,0.000139860830,0.000000000000,0.000000000000,0.000139860830,0.000000000000,0.000000000000,0.000139860830,0.000000000000,0.000000000000,0.000107223200,0.000000000000,0.000000000000,0.000107379693,0.000000000000,0.000000000000,0.000107676258,0.000000000000,0.000000000000,0.000080128999,0.000000000000,0.000000000000,0.000082455853,0.000000000000,0.000000000000,0.000079310772,0.000000000000,0.000000000000,0.000077979736,0.000000000000,0.000000000000,0.000081030505,0.000000000000,0.000000000000,0.000080873499,0.000000000000,0.000000000000,0.000062173589,0.000000000000,0.000000000000,0.000060889365,0.000000000000,0.000000000000,0.000068164280
549,0.000000000000,0.000000000000,0.000139860830,0.000000000000,0.000000000000,0.000139860830,0.000000000000,0.000000000000,0.000139860830,0.000000000000,0.000000000000,0.000107223200,0.000000000000,0.000000000000,0.000107379693,0.000000000000,0.000000000000,0.000107676258,0.000000000000,0.000000000000,0.000080128999,0.000000000000,0.000000000000,0.000082455853,0.000000000000,0.000000000000,0.000079310772,0.000000000000,0.000000000000,0.000077979736,0.000000000000,0.000000000000,0.000081030505,0.000000000000,0.000000000000,0.000080873499,0.000000000000,0.000000000000,0.000062208508,0.000000000000,0.000000000000,0.000060889365,0.000000000000,0.000000000000,0.000068164280
550,0.000000000000,0.000000000000,0.000139860830,0.000000000000,0.000000000000,0.000139860830,0.000000000000,0.000000000000,0.000139860830,0.000000000000,0.000000000000,0.000107223200,0.000000000000,0.000000000000,0.000107379693,0.000000000000,0.000000000000,0.000107676258,0.000000000000,0.000000000000,0.000080128999,0.000000000000,0.000000000000,0.000082455853,0.000000000000,0.000000000000,0.000079310772,0.000000000000,0.000000000000,0.000077979736,0.000000000000,0.000000000000,0.000081030505,0.000000000000,0.000000000000,0.000080873499,0.000000000000,0.000000000000,0.000062208508,0.000000000000,0.000000000000,0.000060959708,0.000000000000,0.000000000000,0.000068164280
551,0.000000000000,0.000000000000,0.000139860830,0.000000000000,0.000000000000,0.000139860830,0.000000000000,0.000000000000,0.000139860830,0.000000000000,0.000000000000,0.000107223200,0.000000000000,0.000000000000,0.000107379693,0.000000000000,0.000000000000,0.000107676258,0.000000000000,0.000000000000,0.000080128999,0.000000000000,0.000000000000,0.000082455853,0.000000000000,0.000000000000,0.000079310772,0.000000000000,0.000000000000,0.000077979736,0.000000000000,0.000000000000,0.000081030505,0.000000000000,0.000000000000,0.000080873499,0.000000000000,0.000000000000,0.000062208508,0.000000000000,0.000000000000,0.000060982279,0.000000000000,0.000000000000,0.000068164280
552,0.000000000000,0.000000000000,0.000139860830,0.000000000000,0.000000000000,0.000139860830,0.000000000000,0.000000000000,0.000139860830,0.000000000000,0.000000000000,0.000107223200,0.000000000000,0.000000000000,0.000107379693,0.000000000000,0.000000000000,0.000107676258,0.000000000000,0.000000000000,0.000080128999,0.000000000000,0.000000000000,0.000082455853,0.000000000000,0.000000000000,0.000079310772,0.000000000000,0.000000000000,0.000077979736,0.000000000000,0.000000000000,0.000081030505,0.000000000000,0.000000000000,0.000080873499,0.000000000000,0.000000000000,0.000062223554,0.000000000000,0.000000000000,0.000060995703,0.000000000000,0.000000000000,0.000068164280
553,0.000000000000,0.000000000000,0.000139860830,0.000000000000,0.000000000000,0.000139860830,0.000000000000,0.000000000000,0.000139860830,0.000000000000,0.000000000000,0.000107223200,0.000000000000,0.000000000000,0.000107379693,0.000000000000,0.000000000000,0.000107676258,0.000000000000,0.000000000000,0.000080128999,0.000000000000,0.000000000000,0.000082455853,0.000000000000,0.000000000000,0.000079310772,0.000000000000,0.000000000000,0.000077979736,0.000000000000,0.000000000000,0.000081030505,0.000000000000,0.000000000000,0.000080873499,0.000000000000,0.000000000000,0.000062279890,0.000000000000,0.000000000000,0.000060995703,0.000000000000,0.000000000000,0.000068164280
554,0.000000000000,0.000000000000,0.000139860830,0.000000000000,0.000000000000,0.000139860830,0.000000000000,0.000000000000,0.000139860830,0.000000000000,0.000000000000,0.000107223200,0.000000000000,0.000000000000,0.000107379693,0.000000000000,0.000000000000,0.000107676258,0.000000000000,0.000000000000,0.000080128999,0.000000000000,0.000000000000,0.000082455853,0.000000000000,0.000000000000,0.000079310772,0.000000000000,0.000000000000,0.000077979736,0.000000000000,0.000000000000,0.000081030505,0.000000000000,0.000000000000,0.000080873499,0.000000000000,0.000000000000,0.000062300087,0.000000000000,0.000000000000,0.000060995703,0.000000000000,0.000000000000,0.000068164280
555,0.000000000000,0.000000000000,0.000139860830,0.000000000000,0.000000000000,0.000139860830,0.000000000000,0.000000000000,0.000139860830,0.000000000000,0.000000000000,0.000107223200,0.000000000000,0.000000000000,0.000107379693,0.000000000000,0.000000000000,0.000107676258,0.000000000000,0.000000000000,0.000080128999,0.000000000000,0.000000000000,0.000082455853,0.000000000000,0.000000000000,0.000079310772,0.000000000000,0.000000000000,0.000077979736,0.000000000000,0.000000000000,0.000081030505,0.000000000000,0.000000000000,0.000080873499,0.000000000000,0.000000000000,0.000062300087,0.000000000000,0.000000000000,0.000061033815,0.000000000000,0.000000000000,0.000068164280
556,0.000000000000,0.000000000000,0.000139860830,0.000000000000,0.000000000000,0.000139860830,0.000000000000,0.000000000000,0.000139860830,0.000000000000,0.000000000000,0.000107223200,0.000000000000,0.000000000000,0.000107379693,0.000000000000,0.000000000000,0.000107676258,0.000000000000,0.000000000000,0.000080128999,0.000000000000,0.000000000000,0.000082455853,0.000000000000,0.000000000000,0.000079310772,0.000000000000,0.000000000000,0.000077979736,0.000000000000,0.000000000000,0.000081030505,0.000000000000,0.000000000000,0.000080873499,0.000000000000,0.000000000000,0.000062365591,0.000000000000,0.000000000000,0.000061041252,0.000000000000,0.000000000000,0.000068164280
557,0.000000000000,0.000000000000,0.000139860830,0.000000000000,0.000000000000,0.000139860830,0.000000000000,0.000000000000,0.000139860830,0.000000000000,0.000000000000,0.000107223200,0.000000000000,0.000000000000,0.000107379693,0.000000000000,0.000000000000,0.000107676258,0.000000000000,0.000000000000,0.000080128999,0.000000000000,0.000000000000,0.000082455853,0.000000000000,0.000000000000,0.000079310772,0.000000000000,0.000000000000,0.000077979736,0.000000000000,0.000000000000,0.000081030505,0.000000000000,0.000000000000,0.000080873499,0.000000000000,0.000000000000,0.000062403147,0.000000000000,0.000000000000,0.000061041252,0.000000000000,0.000000000000,0.000068164280
558,0.000000000000,0.000000000000,0.000139860830,0.000000000000,0.000000000000,0.000139860830,0.000000000000,0.000000000000,0.000139860830,0.000000000000,0.000000000000,0.000107223200,0.000000000000,0.000000000000,0.000107379693,0.000000000000,0.000000000000,0.000107676258,0.000000000000,0.000000000000,0.000080128999,0.000000000000,0.000000000000,0.000082455853,0.000000000000,0.000000000000,0.000079310772,0.000000000000,0.000000000000,0.000077979736,0.000000000000,0.000000000000,0.000081030505,0.000000000000,0.000000000000,0.000080873499,0.000000000000,0.000000000000,0.000062442243,0.000000000000,0.000000000000,0.000061041252,0.000000000000,0.000000000000,0.000068164280
559,0.000000000000,0.000000000000,0.000139860830,0.000000000000,0.000000000000,0.000139860830,0.000000000000,0.000000000000,0.000139860830,0.000000000000,0.000000000000,0.000107578031,0.000000000000,0.000000000000,0.000107379693,0.000000000000,0.000000000000,0.000107676258,0.000000000000,0.000000000000,0.000080128999,0.000000000000,0.000000000000,0.000082455853,0.000000000000,0.000000000000,0.000079310772,0.000000000000,0.000000000000,0.000077979736,0.000000000000,0.000000000000,0.000081030505,0.000000000000,0.000000000000,0.000080873499,0.000000000000,0.000000000000,0.000062442243,0.000000000000,0.000000000000,0.000061041252,0.000000000000,0.000000000000,0.000068164280
560,0.000000000000,0.000000000000,0.000139860830,0.000000000000,0.000000000000,0.000139860830,0.000000000000,0.000000000000,0.000139860830,0.000000000000,0.000000000000,0.000107578031,0.000000000000,0.000000000000,0.000107379693,0.000000000000,0.000000000000,0.000107676258,0.000000000000,0.000000000000,0.000080128999,0.000000000000,0.000000000000,0.000082455853,0.000000000000,0.000000000000,0.000079310772,0.000000000000,0.000000000000,0.000077979736,0.000000000000,0.000000000000,0.000081030505,0.000000000000,0.000000000000,0.000080873499,0.000000000000,0.000000000000,0.000062445607,0.000000000000,0.000000000000,0.000061041252,0.000000000000,0.000000000000,0.000068164280
561,0.000000000000,0.000000000000,0.000139860830,0.000000000000,0.000000000000,0.000139860830,0.000000000000,0.000000000000,0.000139860830,0.000000000000,0.000000000000,0.000107578031,0.000000000000,0.000000000000,0.000107379693,0.000000000000,0.000000000000,0.000107676258,0.000000000000,0.000000000000,0.000080128999,0.000000000000,0.000000000000,0.000082455853,0.000000000000,0.000000000000,0.000079310772,0.000000000000,0.000000000000,0.000077979736,0.000000000000,0.000000000000,0.000081030505,0.000000000000,0.000000000000,0.000080873499,0.000000000000,0.000000000000,0.000062445607,0.000000000000,0.000000000000,0.000061041252,0.000000000000,0.000000000000,0.000068164280
562,0.000000000000,0.000000000000,0.000139860830,0.000000000000,0.000000000000,0.000139860830,0.000000000000,0.000000000000,0.000139860830,0.000000000000,0.000000000000,0.000107764680,0.000000000000,0.000000000000,0.000107379693,0.000000000000,0.000000000000,0.000107676258,0.000000000000,0.000000000000,0.000080128999,0.000000000000,0.000000000000,0.000082455853,0.000000000000,0.000000000000,0.000079310772,0.000000000000,0.000000000000,0.000078018998,0.000000000000,0.000000000000,0.000081030505,0.000000000000,0.000000000000,0.000080873499,0.000000000000,0.000000000000,0.000062498248,0.000000000000,0.000000000000,0.000061046263,0.000000000000,0.000000000000,0.000068164280
563,0.000000000000,0.000000000000,0.000139860830,0.000000000000,0.000000000000,0.000139860830,0.000000000000,0.000000000000,0.000139860830,0.000000000000,0.000000000000,0.000107764680,0.000000000000,0.000000000000,0.000107379693,0.000000000000,0.000000000000,0.000107676258,0.000000000000,0.000000000000,0.000080128999,0.000000000000,0.000000000000,0.000082455853,0.000000000000,0.000000000000,0.000079310772,0.000000000000,0.000000000000,0.000078018998,0.000000000000,0.000000000000,0.000081030505,0.000000000000,0.000000000000,0.000080873499,0.000000000000,0.000000000000,0.000062546200,0.000000000000,0.000000000000,0.000061046263,0.000000000000,0.000000000000,0.000068164280
564,0.000000000000,0.000000000000,0.000139860830,0.000000000000,0.000000000000,0.000139860830,0.000000000000,0.000000000000,0.000139860830,0.000000000000,0.000000000000,0.000107764680,0.000000000000,0.000000000000,0.000107379693,0.000000000000,0.000000000000,0.000107676258,0.000000000000,0.000000000000,0.000080128999,0.000000000000,0.000000000000,0.000082455853,0.000000000000,0.000000000000,0.000079310772,0.000000000000,0.000000000000,0.000078018998,0.000000000000,0.000000000000,0.000081030505,0.000000000000,0.000000000000,0.000080873499,0.000000000000,0.000000000000,0.000062751234,0.000000000000,0.000000000000,0.000061046263,0.000000000000,0.000000000000,0.000068164280
565,0.000000000000,0.000000000000,0.000139860830,0.000000000000,0.000000000000,0.000139860830,0.000000000000,0.000000000000,0.000139860830,0.000000000000,0.000000000000,0.000107819667,0.000000000000,0.000000000000,0.000107379693,0.000000000000,0.000000000000,0.000107676258,0.000000000000,0.000000000000,0.000080128999,0.000000000000,0.000000000000,0.000082455853,0.000000000000,0.000000000000,0.000079310772,0.000000000000,0.000000000000,0.000078018998,0.000000000000,0.000000000000,0.000081030505,0.000000000000,0.000000000000,0.000080873499,0.000000000000,0.000000000000,0.000062751234,0.000000000000,0.000000000000,0.000061046263,0.000000000000,0.000000000000,0.000068164280
566,0.000000000000,0.000000000000,0.000139860830,0.000000000000,0.000000000000,0.000139860830,0.000000000000,0.000000000000,0.000139860830,0.000000000000,0.000000000000,0.000107819667,0.000000000000,0.000000000000,0.000107379693,0.000000000000,0.000000000000,0.000107676258,0.000000000000,0.000000000000,0.000080128999,0.000000000000,0.000000000000,0.000082455853,0.000000000000,0.000000000000,0.000079310772,0.000000000000,0.000000000000,0.000078018998,0.000000000000,0.000000000000,0.000081030505,0.000000000000,0.000000000000,0.000080873499,0.000000000000,0.000000000000,0.000062751234,0.000000000000,0.000000000000,0.000061046263,0.000000000000,0.000000000000,0.000068164280
567,0.000000000000,0.000000000000,0.000139860830,0.000000000000,0.000000000000,0.000139860830,0.000000000000,0.000000000000,0.000139860830,0.000000000000,0.000000000000,0.000107819667,0.000000000000,0.000000000000,0.000107379693,0.000000000000,0.000000000000,0.000107676258,0.000000000000,0.000000000000,0.000080128999,0.000000000000,0.000000000000,0.000082455853,0.000000000000,0.000000000000,0.000079310772,0.000000000000,0.000000000000,0.000078018998,0.000000000000,0.000000000000,0.000081030505,0.000000000000,0.000000000000,0.000080873499,0.000000000000,0.000000000000,0.000062751234,0.000000000000,0.000000000000,0.000061046263,0.000000000000,0.000000000000,0.000068164280
568,0.000000000000,0.000000000000,0.000139860830,0.000000000000,0.000000000000,0.000139860830,0.000000000000,0.000000000000,0.000139860830,0.000000000000,0.000000000000,0.000107930826,0.000000000000,0.000000000000,0.000107379693,0.000000000000,0.000000000000,0.000107676258,0.000000000000,0.000000000000,0.000080128999,0.000000000000,0.000000000000,0.000082455853,0.000000000000,0.000000000000,0.000079310772,0.000000000000,0.000000000000,0.000078018998,0.000000000000,0.000000000000,0.000081030505,0.000000000000,0.000000000000,0.000080873499,0.000000000000,0.000000000000,0.000062751234,0.000000000000,0.000000000000,0.000061169325,0.000000000000,0.000000000000,0.000068164280
569,0.000000000000,0.000000000000,0.000139860830,0.000000000000,0.000000000000,0.000139860830,0.000000000000,0.000000000000,0.000139860830,0.000000000000,0.000000000000,0.000107930826,0.000000000000,0.000000000000,0.000107379693,0.000000000000,0.000000000000,0.000107676258,0.000000000000,0.000000000000,0.000080128999,0.000000000000,0.000000000000,0.000082455853,0.000000000000,0.000000000000,0.000079310772,0.000000000000,0.000000000000,0.000078018998,0.000000000000,0.000000000000,0.000081030505,0.000000000000,0.000000000000,0.000080873499,0.000000000000,0.000000000000,0.000062751234,0.000000000000,0.000000000000,0.000061177057,0.000000000000,0.000000000000,0.000068164280
570,0.000000000000,0.000000000000,0.000139860830,0.000000000000,0.000000000000,0.000139860830,0.000000000000,0.000000000000,0.000139860830,0.000000000000,0.000000000000,0.000107930826,0.000000000000,0.000000000000,0.000107379693,0.000000000000,0.000000000000,0.000107676258,0.000000000000,0.000000000000,0.000080128999,0.000000000000,0.000000000000,0.000082455853,0.000000000000,0.000000000000,0.000079310772,0.000000000000,0.000000000000,0.000078018998,0.000000000000,0.000000000000,0.000081030505,0.000000000000,0.000000000000,0.000080873499,0.000000000000,0.000000000000,0.000062751234,0.000000000000,0.000000000000,0.000061177057,0.000000000000,0.000000000000,0.000068164280
571,0.000000000000,0.000000000000,0.000139860830,0.000000000000,0.000000000000,0.000139860830,0.000000000000,0.000000000000,0.000139860830,0.000000000000,0.000000000000,0.000107930826,0.000000000000,0.000000000000,0.000107379693,0.000000000000,0.000000000000,0.000107676258,0.000000000000,0.000000000000,0.000080128999,0.000000000000,0.000000000000,0.000082455853,0.000000000000,0.000000000000,0.000079310772,0.000000000000,0.000000000000,0.000078018998,0.000000000000,0.000000000000,0.000081030505,0.000000000000,0.000000000000,0.000080873499,0.000000000000,0.000000000000,0.000062751234,0.000000000000,0.000000000000,0.000061177057,0.000000000000,0.000000000000,0.000068164280
572,0.000000000000,0.000000000000,0.000139860830,0.000000000000,0.000000000000,0.000139860830,0.000000000000,0.000000000000,0.000139860830,0.000000000000,0.000000000000,0.000107930826,0.000000000000,0.000000000000,0.000107379693,0.000000000000,0.000000000000,0.000107676258,0.000000000000,0.000000000000,0.000080128999,0.000000000000,0.000000000000,0.000082455853,0.000000000000,0.000000000000,0.000079310772,0.000000000000,0.000000000000,0.000078018998,0.000000000000,0.000000000000,0.000081030505,0.000000000000,0.000000000000,0.000080873499,0.000000000000,0.000000000000,0.000062751234,0.000000000000,0.000000000000,0.000061177057,0.000000000000,0.000000000000,0.000068164280
573,0.000000000000,0.000000000000,0.000139860830,0.000000000000,0.000000000000,0.000139860830,0.000000000000,0.000000000000,0.000139860830,0.000000000000,0.000000000000,0.000107930826,0.000000000000,0.000000000000,0.000107379693,0.000000000000,0.000000000000,0.000107676258,0.000000000000,0.000000000000,0.000080128999,0.000000000000,0.000000000000,0.000082455853,0.000000000000,0.000000000000,0.000079310772,0.000000000000,0.000000000000,0.000078018998,0.000000000000,0.000000000000,0.000081030505,0.000000000000,0.000000000000,0.000080873499,0.000000000000,0.000000000000,0.000062862797,0.000000000000,0.000000000000,0.000061178860,0.000000000000,0.000000000000,0.000068164280
574,0.000000000000,0.000000000000,0.000139860830,0.000000000000,0.000000000000,0.000139860830,0.000000000000,0.000000000000,0.000139860830,0.000000000000,0.000000000000,0.000107930826,0.000000000000,0.000000000000,0.000107379693,0.000000000000,0.000000000000,0.000107676258,0.000000000000,0.000000000000,0.000080128999,0.000000000000,0.000000000000,0.000082455853,0.000000000000,0.000000000000,0.000079310772,0.000000000000,0.000000000000,0.000078018998,0.000000000000,0.000000000000,0.000081030505,0.000000000000,0.000000000000,0.000080873499,0.000000000000,0.000000000000,0.000062896460,0.000000000000,0.000000000000,0.000061178860,0.000000000000,0.000000000000,0.000068164280
575,0.000000000000,0.000000000000,0.000139860830,0.000000000000,0.000000000000,0.000139860830,0.000000000000,0.000000000000,0.000139860830,0.000000000000,0.000000000000,0.000107930826,0.000000000000,0.000000000000,0.000107379693,0.000000000000,0.000000000000,0.000107676258,0.000000000000,0.000000000000,0.000080128999,0.000000000000,0.000000000000,0.000082455853,0.000000000000,0.000000000000,0.000079310772,0.000000000000,0.000000000000,0.000078018998,0.000000000000,0.000000000000,0.000081030505,0.000000000000,0.000000000000,0.000080873499,0.000000000000,0.000000000000,0.000062896460,0.000000000000,0.000000000000,0.000061178860,0.000000000000,0.000000000000,0.000068164280
576,0.000000000000,0.000000000000,0.000139860830,0.000000000000,0.000000000000,0.000139860830,0.000000000000,0.000000000000,0.000139860830,0.000000000000,0.000000000000,0.000107930826,0.000000000000,0.000000000000,0.000107379693,0.000000000000,0.000000000000,0.000107676258,0.000000000000,0.000000000000,0.000080128999,0.000000000000,0.000000000000,0.000082455853,0.000000000000,0.000000000000,0.000079310772,0.000000000000,0.000000000000,0.000078018998,0.000000000000,0.000000000000,0.000081030505,0.000000000000,0.000000000000,0.000080873499,0.000000000000,0.000000000000,0.000062896460,0.000000000000,0.000000000000,0.000061178860,0.000000000000,0.000000000000,0.000068164280
577,0.000000000000,0.000000000000,0.000139860830,0.000000000000,0.000000000000,0.000139860830,0.000000000000,0.000000000000,0.000139860830,0.000000000000,0.000000000000,0.000107930826,0.000000000000,0.000000000000,0.000107379693,0.000000000000,0.000000000000,0.000107676258,0.000000000000,0.000000000000,0.000080128999,0.000000000000,0.000000000000,0.000082455853,0.000000000000,0.000000000000,0.000079310772,0.000000000000,0.000000000000,0.000078018998,0.000000000000,0.000000000000,0.000081030505,0.000000000000,0.000000000000,0.000080873499,0.000000000000,0.000000000000,0.000062896460,0.000000000000,0.000000000000,0.000061178860,0.000000000000,0.000000000000,0.000068164280
578,0.000000000000,0.000000000000,0.000139860830,0.000000000000,0.000000000000,0.000139860830,0.000000000000,0.000000000000,0.000139860830,0.000000000000,0.000000000000,0.000107952316,0.000000000000,0.000000000000,0.000107379693,0.000000000000,0.000000000000,0.000107676258,0.000000000000,0.000000000000,0.000080128999,0.000000000000,0.000000000000,0.000082455853,0.000000000000,0.000000000000,0.000079310772,0.000000000000,0.000000000000,0.000078018998,0.000000000000,0.000000000000,0.000081030505,0.000000000000,0.000000000000,0.000080873499,0.000000000000,0.000000000000,0.000062896460,0.000000000000,0.000000000000,0.000061178860,0.000000000000,0.000000000000,0.000068164280
579,0.000000000000,0.000000000000,0.000139860830,0.000000000000,0.000000000000,0.000139860830,0.000000000000,0.000000000000,0.000139860830,0.000000000000,0.000000000000,0.000107952316,0.000000000000,0.000000000000,0.000107379693,0.000000000000,0.000000000000,0.000107676258,0.000000000000,0.000000000000,0.000080128999,0.000000000000,0.000000000000,0.000082455853,0.000000000000,0.000000000000,0.000079310772,0.000000000000,0.000000000000,0.000078018998,0.000000000000,0.000000000000,0.000081030505,0.000000000000,0.000000000000,0.000080873499,0.000000000000,0.000000000000,0.000062896460,0.000000000000,0.000000000000,0.000061178860,0.000000000000,0.000000000000,0.000068164280
580,0.000000000000,0.000000000000,0.000139860830,0.000000000000,0.000000000000,0.000139860830,0.000000000000,0.000000000000,0.000139860830,0.000000000000,0.000000000000,0.000107952316,0.000000000000,0.000000000000,0.000107379693,0.000000000000,0.000000000000,0.000107676258,0.000000000000,0.000000000000,0.000080128999,0.000000000000,0.000000000000,0.000082455853,0.000000000000,0.000000000000,0.000079310772,0.000000000000,0.000000000000,0.000078018998,0.000000000000,0.000000000000,0.000081030505,0.000000000000,0.000000000000,0.000080873499,0.000000000000,0.000000000000,0.000062905886,0.000000000000,0.000000000000,0.000061178860,0.000000000000,0.000000000000,0.000068164280
581,0.000000000000,0.000000000000,0.000139860830,0.000000000000,0.000000000000,0.000139860830,0.000000000000,0.000000000000,0.000139860830,0.000000000000,0.000000000000,0.000107952316,0.000000000000,0.000000000000,0.000107379693,0.000000000000,0.000000000000,0.000107676258,0.000000000000,0.000000000000,0.000080128999,0.000000000000,0.000000000000,0.000082455853,0.000000000000,0.000000000000,0.000079310772,0.000000000000,0.000000000000,0.000078019266,0.000000000000,0.000000000000,0.000081030505,0.000000000000,0.000000000000,0.000080873499,0.000000000000,0.000000000000,0.000062905886,0.000000000000,0.000000000000,0.000061178860,0.000000000000,0.000000000000,0.000068164280
582,0.000000000000,0.000000000000,0.000139860830,0.000000000000,0.000000000000,0.000139860830,0.000000000000,0.000000000000,0.000139860830,0.000000000000,0.000000000000,0.000107952316,0.000000000000,0.000000000000,0.000107379693,0.000000000000,0.000000000000,0.000107676258,0.000000000000,0.000000000000,0.000080128999,0.000000000000,0.000000000000,0.000082455853,0.000000000000,0.000000000000,0.000079310772,0.000000000000,0.000000000000,0.000078019266,0.000000000000,0.000000000000,0.000081030505,0.000000000000,0.000000000000,0.000080873499,0.000000000000,0.000000000000,0.000062905886,0.000000000000,0.000000000000,0.000061178860,0.000000000000,0.000000000000,0.000068164280
583,0.000000000000,0.000000000000,0.000139860830,0.000000000000,0.000000000000,0.000139860830,0.000000000000,0.000000000000,0.000139860830,0.000000000000,0.000000000000,0.000107952316,0.000000000000,0.000000000000,0.000107379693,0.000000000000,0.000000000000,0.000107676258,0.000000000000,0.000000000000,0.000080128999,0.000000000000,0.000000000000,0.000082455853,0.000000000000,0.000000000000,0.000079310772,0.000000000000,0.000000000000,0.000078019266,0.000000000000,0.000000000000,0.000081030505,0.000000000000,0.000000000000,0.000080873499,0.000000000000,0.000000000000,0.000062909431,0.000000000000,0.000000000000,0.000061178860,0.000000000000,0.000000000000,0.000068164280
584,0.000000000000,0.000000000000,0.000139860830,0.000000000000,0.000000000000,0.000139860830,0.000000000000,0.000000000000,0.000139860830,0.000000000000,0.000000000000,0.000107952316,0.000000000000,0.000000000000,0.000107379693,0.000000000000,0.000000000000,0.000107676258,0.000000000000,0.000000000000,0.000080128999,0.000000000000,0.000000000000,0.000082455853,0.000000000000,0.000000000000,0.000079310772,0.000000000000,0.000000000000,0.000078019266,0.000000000000,0.000000000000,0.000081030505,0.000000000000,0.000000000000,0.000080873499,0.000000000000,0.000000000000,0.000062909431,0.000000000000,0.000000000000,0.000061244897,0.000000000000,0.000000000000,0.000068164280
585,0.000000000000,0.000000000000,0.000139860830,0.000000000000,0.000000000000,0.000139860830,0.000000000000,0.000000000000,0.000139860830,0.000000000000,0.000000000000,0.000107952316,0.000000000000,0.000000000000,0.000107379693,0.000000000000,0.000000000000,0.000107676258,0.000000000000,0.000000000000,0.000080128999,0.000000000000,0.000000000000,0.000082455853,0.000000000000,0.000000000000,0.000079310772,0.000000000000,0.000000000000,0.000078019266,0.000000000000,0.000000000000,0.000081030505,0.000000000000,0.000000000000,0.000080873499,0.000000000000,0.000000000000,0.000063046013,0.000000000000,0.000000000000,0.000061244897,0.000000000000,0.000000000000,0.000068164280
586,0.000000000000,0.000000000000,0.000139860830,0.000000000000,0.000000000000,0.000139860830,0.000000000000,0.000000000000,0.000139860830,0.000000000000,0.000000000000,0.000107952316,0.000000000000,0.000000000000,0.000107379693,0.000000000000,0.000000000000,0.000107676258,0.000000000000,0.000000000000,0.000080128999,0.000000000000,0.000000000000,0.000082455853,0.000000000000,0.000000000000,0.000079310772,0.000000000000,0.000000000000,0.000078019266,0.000000000000,0.000000000000,0.000081030505,0.000000000000,0.000000000000,0.000080873499,0.000000000000,0.000000000000,0.000063072443,0.000000000000,0.000000000000,0.000061244897,0.000000000000,0.000000000000,0.000068164280
587,0.000000000000,0.000000000000,0.000139860830,0.000000000000,0.000000000000,0.000139860830,0.000000000000,0.000000000000,0.000139860830,0.000000000000,0.000000000000,0.000107952316,0.000000000000,0.000000000000,0.000107379693,0.000000000000,0.000000000000,0.000107676258,0.000000000000,0.000000000000,0.000080128999,0.000000000000,0.000000000000,0.000082455853,0.000000000000,0.000000000000,0.000079310772,0.000000000000,0.000000000000,0.000078033141,0.000000000000,0.000000000000,0.000081030505,0.000000000000,0.000000000000,0.000080873499,0.000000000000,0.000000000000,0.000063075845,0.000000000000,0.000000000000,0.000061244897,0.000000000000,0.000000000000,0.000068164280
588,0.000000000000,0.000000000000,0.000139860830,0.000000000000,0.000000000000,0.000139860830,0.000000000000,0.000000000000,0.000139860830,0.000000000000,0.000000000000,0.000107952316,0.000000000000,0.000000000000,0.000107379693,0.000000000000,0.000000000000,0.000107676258,0.000000000000,0.000000000000,0.000080128999,0.000000000000,0.000000000000,0.000082455853,0.000000000000,0.000000000000,0.000079310772,0.000000000000,0.000000000000,0.000078033141,0.000000000000,0.000000000000,0.000081030505,0.000000000000,0.000000000000,0.000080873499,0.000000000000,0.000000000000,0.000063078419,0.000000000000,0.000000000000,0.000061244897,0.000000000000,0.000000000000,0.000068164280
589,0.000000000000,0.000000000000,0.000139860830,0.000000000000,0.000000000000,0.000139860830,0.000000000000,0.000000000000,0.000139860830,0.000000000000,0.000000000000,0.000107952316,0.000000000000,0.000000000000,0.000107379693,0.000000000000,0.000000000000,0.000107676258,0.000000000000,0.000000000000,0.000080128999,0.000000000000,0.000000000000,0.000082455853,0.000000000000,0.000000000000,0.000079310772,0.000000000000,0.000000000000,0.000078033141,0.000000000000,0.000000000000,0.000081030505,0.000000000000,0.000000000000,0.000080873499,0.000000000000,0.000000000000,0.000063078419,0.000000000000,0.000000000000,0.000061244897,0.000000000000,0.000000000000,0.000068164280
590,0.000000000000,0.000000000000,0.000139860830,0.000000000000,0.000000000000,0.000139860830,0.000000000000,0.000000000000,0.000139860830,0.000000000000,0.000000000000,0.000107952316,0.000000000000,0.000000000000,0.000107379693,0.000000000000,0.000000000000,0.000107676258,0.000000000000,0.000000000000,0.000080128999,0.000000000000,0.000000000000,0.000082455853,0.000000000000,0.000000000000,0.000079310772,0.000000000000,0.000000000000,0.000078033141,0.000000000000,0.000000000000,0.000081030505,0.000000000000,0.000000000000,0.000080873499,0.000000000000,0.000000000000,0.000063135624,0.000000000000,0.000000000000,0.000061244897,0.000000000000,0.000000000000,0.000068164280
591,0.000000000000,0.000000000000,0.000139860830,0.000000000000,0.000000000000,0.000139860830,0.000000000000,0.000000000000,0.000139860830,0.000000000000,0.000000000000,0.000107952316,0.000000000000,0.000000000000,0.000107379693,0.000000000000,0.000000000000,0.000107676258,0.000000000000,0.000000000000,0.000080128999,0.000000000000,0.000000000000,0.000082455853,0.000000000000,0.000000000000,0.000079310772,0.000000000000,0.000000000000,0.000078033141,0.000000000000,0.000000000000,0.000081030505,0.000000000000,0.000000000000,0.000080873499,0.000000000000,0.000000000000,0.000063135624,0.000000000000,0.000000000000,0.000061244897,0.000000000000,0.000000000000,0.000068164280
592,0.000000000000,0.000000000000,0.000139860830,0.000000000000,0.000000000000,0.000139860830,0.000000000000,0.000000000000,0.000139860830,0.000000000000,0.000000000000,0.000107952316,0.000000000000,0.000000000000,0.000107379693,0.000000000000,0.000000000000,0.000107676258,0.000000000000,0.000000000000,0.000080128999,0.000000000000,0.000000000000,0.000082455853,0.000000000000,0.000000000000,0.000079310772,0.000000000000,0.000000000000,0.000078033141,0.000000000000,0.000000000000,0.000081030505,0.000000000000,0.000000000000,0.000080873499,0.000000000000,0.000000000000,0.000063135624,0.000000000000,0.000000000000,0.000061244897,0.000000000000,0.000000000000,0.000068164280
593,0.000000000000,0.000000000000,0.000139860830,0.000000000000,0.000000000000,0.000139860830,0.000000000000,0.000000000000,0.000139860830,0.000000000000,0.000000000000,0.000107952316,0.000000000000,0.000000000000,0.000107379693,0.000000000000,0.000000000000,0.000107676258,0.000000000000,0.000000000000,0.000080128999,0.000000000000,0.000000000000,0.000082455853,0.000000000000,0.000000000000,0.000079310772,0.000000000000,0.000000000000,0.000078033141,0.000000000000,0.000000000000,0.000081030505,0.000000000000,0.000000000000,0.000080873499,0.000000000000,0.000000000000,0.000063135624,0.000000000000,0.000000000000,0.000061244897,0.000000000000,0.000000000000,0.000068164280
594,0.000000000000,0.000000000000,0.000139860830,0.000000000000,0.000000000000,0.000139860830,0.000000000000,0.000000000000,0.000139860830,0.000000000000,0.000000000000,0.000107952316,0.000000000000,0.000000000000,0.000107379693,0.000000000000,0.000000000000,0.000107676258,0.000000000000,0.000000000000,0.000080128999,0.000000000000,0.000000000000,0.000082455853,0.000000000000,0.000000000000,0.000079310772,0.000000000000,0.000000000000,0.000078033141,0.000000000000,0.000000000000,0.000081030505,0.000000000000,0.000000000000,0.000080873499,0.000000000000,0.000000000000,0.000063135624,0.000000000000,0.000000000000,0.000061244897,0.000000000000,0.000000000000,0.000068164280
595,0.000000000000,0.000000000000,0.000139860830,0.000000000000,0.000000000000,0.000139860830,0.000000000000,0.000000000000,0.000139860830,0.000000000000,0.000000000000,0.000107952316,0.000000000000,0.000000000000,0.000107379693,0.000000000000,0.000000000000,0.000107676258,0.000000000000,0.000000000000,0.000080128999,0.000000000000,0.000000000000,0.000082455853,0.000000000000,0.000000000000,0.000079310772,0.000000000000,0.000000000000,0.000078033141,0.000000000000,0.000000000000,0.000081030505,0.000000000000,0.000000000000,0.000080873499,0.000000000000,0.000000000000,0.000063139616,0.000000000000,0.000000000000,0.000061244897,0.000000000000,0.000000000000,0.000068164280
596,0.000000000000,0.000000000000,0.000139860830,0.000000000000,0.000000000000,0.000139860830,0.000000000000,0.000000000000,0.000139860830,0.000000000000,0.000000000000,0.000107952316,0.000000000000,0.000000000000,0.000107379693,0.000000000000,0.000000000000,0.000107676258,0.000000000000,0.000000000000,0.000080128999,0.000000000000,0.000000000000,0.000082455853,0.000000000000,0.000000000000,0.000079310772,0.000000000000,0.000000000000,0.000078033141,0.000000000000,0.000000000000,0.000081030505,0.000000000000,0.000000000000,0.000080873499,0.000000000000,0.000000000000,0.000063139616,0.000000000000,0.000000000000,0.000061244897,0.000000000000,0.000000000000,0.000068164280
597,0.000000000000,0.000000000000,0.000139860830,0.000000000000,0.000000000000,0.000139860830,0.000000000000,0.000000000000,0.000139860830,0.000000000000,0.000000000000,0.000107952316,0.000000000000,0.000000000000,0.000107379693,0.000000000000,0.000000000000,0.000107676258,0.000000000000,0.000000000000,0.000080128999,0.000000000000,0.000000000000,0.000082455853,0.000000000000,0.000000000000,0.000079310772,0.000000000000,0.000000000000,0.000078033141,0.000000000000,0.000000000000,0.000081030505,0.000000000000,0.000000000000,0.000080873499,0.000000000000,0.000000000000,0.000063139616,0.000000000000,0.000000000000,0.000061244897,0.000000000000,0.000000000000,0.000068164280
598,0.000000000000,0.000000000000,0.000139860830,0.000000000000,0.000000000000,0.000139860830,0.000000000000,0.000000000000,0.000139860830,0.000000000000,0.000000000000,0.000107952316,0.000000000000,0.000000000000,0.000107379693,0.000000000000,0.000000000000,0.000107676258,0.000000000000,0.000000000000,0.000080128999,0.000000000000,0.000000000000,0.000082455853,0.000000000000,0.000000000000,0.000079310772,0.000000000000,0.000000000000,0.000078033141,0.000000000000,0.000000000000,0.000081030505,0.000000000000,0.000000000000,0.000080873499,0.000000000000,0.000000000000,0.000063168955,0.000000000000,0.000000000000,0.000061244897,0.000000000000,0.000000000000,0.000068164280
599,0.000000000000,0.000000000000,0.000139860830,0.000000000000,0.000000000000,0.000139860830,0.000000000000,0.000000000000,0.000139860830,0.000000000000,0.000000000000,0.000107952316,0.000000000000,0.000000000000,0.000107379693,0.000000000000,0.000000000000,0.000107676258,0.000000000000,0.000000000000,0.000080128999,0.000000000000,0.000000000000,0.000082455853,0.000000000000,0.000000000000,0.000079310772,0.000000000000,0.000000000000,0.000078033141,0.000000000000,0.000000000000,0.000081030505,0.000000000000,0.000000000000,0.000080873499,0.000000000000,0.000000000000,0.000063168955,0.000000000000,0.000000000000,0.000061244897,0.000000000000,0.000000000000,0.000068164280
600,0.000000000000,0.000000000000,0.000139860830,0.000000000000,0.000000000000,0.000139860830,0.000000000000,0.000000000000,0.000139860830,0.000000000000,0.000000000000,0.000107952316,0.000000000000,0.000000000000,0.000107379693,0.000000000000,0.000000000000,0.000107676258,0.000000000000,0.000000000000,0.000080128999,0.000000000000,0.000000000000,0.000082455853,0.000000000000,0.000000000000,0.000079310772,0.000000000000,0.000000000000,0.000078033141,0.000000000000,0.000000000000,0.000081030505,0.000000000000,0.000000000000,0.000080873499,0.000000000000,0.000000000000,0.000063169658,0.000000000000,0.000000000000,0.000061244897,0.000000000000,0.000000000000,0.000068164280
601,0.000000000000,0.000000000000,0.000139860830,0.000000000000,0.000000000000,0.000139860830,0.000000000000,0.000000000000,0.000139860830,0.000000000000,0.000000000000,0.000107952316,0.000000000000,0.000000000000,0.000107379693,0.000000000000,0.000000000000,0.000107676258,0.000000000000,0.000000000000,0.000080128999,0.000000000000,0.000000000000,0.000082455853,0.000000000000,0.000000000000,0.000079310772,0.000000000000,0.000000000000,0.000078033141,0.000000000000,0.000000000000,0.000081030505,0.000000000000,0.000000000000,0.000080873499,0.000000000000,0.000000000000,0.000063201625,0.000000000000,0.000000000000,0.000061244897,0.000000000000,0.000000000000,0.000068164280
602,0.000000000000,0.000000000000,0.000139860830,0.000000000000,0.000000000000,0.000139860830,0.000000000000,0.000000000000,0.000139860830,0.000000000000,0.000000000000,0.000107952316,0.000000000000,0.000000000000,0.000107379693,0.000000000000,0.000000000000,0.000107676258,0.000000000000,0.000000000000,0.000080128999,0.000000000000,0.000000000000,0.000082455853,0.000000000000,0.000000000000,0.000079310772,0.000000000000,0.000000000000,0.000078033141,0.000000000000,0.000000000000,0.000081030505,0.000000000000,0.000000000000,0.000080873499,0.000000000000,0.000000000000,0.000063201625,0.000000000000,0.000000000000,0.000061244897,0.000000000000,0.000000000000,0.000068164280
603,0.000000000000,0.000000000000,0.000139860830,0.000000000000,0.000000000000,0.000139860830,0.000000000000,0.000000000000,0.000139860830,0.000000000000,0.000000000000,0.000107952316,0.000000000000,0.000000000000,0.000107379693,0.000000000000,0.000000000000,0.000107676258,0.000000000000,0.000000000000,0.000080128999,0.000000000000,0.000000000000,0.000082455853,0.000000000000,0.000000000000,0.000079310772,0.000000000000,0.000000000000,0.000078033141,0.000000000000,0.000000000000,0.000081030505,0.000000000000,0.000000000000,0.000080873499,0.000000000000,0.000000000000,0.000063201625,0.000000000000,0.000000000000,0.000061244897,0.000000000000,0.000000000000,0.000068164280
604,0.000000000000,0.000000000000,0.000139860830,0.000000000000,0.000000000000,0.000139860830,0.000000000000,0.000000000000,0.000139860830,0.000000000000,0.000000000000,0.000107952316,0.000000000000,0.000000000000,0.000107379693,0.000000000000,0.000000000000,0.000107676258,0.000000000000,0.000000000000,0.000080128999,0.000000000000,0.000000000000,0.000082455853,0.000000000000,0.000000000000,0.000079310772,0.000000000000,0.000000000000,0.000078033141,0.000000000000,0.000000000000,0.000081030505,0.000000000000,0.000000000000,0.000080873499,0.000000000000,0.000000000000,0.000063201625,0.000000000000,0.000000000000,0.000061244897,0.000000000000,0.000000000000,0.000068164280
605,0.000000000000,0.000000000000,0.000139860830,0.000000000000,0.000000000000,0.000139860830,0.000000000000,0.000000000000,0.000139860830,0.000000000000,0.000000000000,0.000107952316,0.000000000000,0.000000000000,0.000107379693,0.000000000000,0.000000000000,0.000107676258,0.000000000000,0.000000000000,0.000080128999,0.000000000000,0.000000000000,0.000082455853,0.000000000000,0.000000000000,0.000079310772,0.000000000000,0.000000000000,0.000078033141,0.000000000000,0.000000000000,0.000081030505,0.000000000000,0.000000000000,0.000080873499,0.000000000000,0.000000000000,0.000063244355,0.000000000000,0.000000000000,0.000061244897,0.000000000000,0.000000000000,0.000068164280
606,0.000000000000,0.000000000000,0.000139860830,0.000000000000,0.000000000000,0.000139860830,0.000000000000,0.000000000000,0.000139860830,0.000000000000,0.000000000000,0.000107952316,0.000000000000,0.000000000000,0.000107379693,0.000000000000,0.000000000000,0.000107676258,0.000000000000,0.000000000000,0.000080128999,0.000000000000,0.000000000000,0.000082455853,0.000000000000,0.000000000000,0.000079310772,0.000000000000,0.000000000000,0.000078103821,0.000000000000,0.000000000000,0.000081030505,0.000000000000,0.000000000000,0.000080873499,0.000000000000,0.000000000000,0.000063449057,0.000000000000,0.000000000000,0.000061244897,0.000000000000,0.000000000000,0.000068164280
607,0.000000000000,0.000000000000,0.000139860830,0.000000000000,0.000000000000,0.000139860830,0.000000000000,0.000000000000,0.000139860830,0.000000000000,0.000000000000,0.000107952316,0.000000000000,0.000000000000,0.000107379693,0.000000000000,0.000000000000,0.000107676258,0.000000000000,0.000000000000,0.000080128999,0.000000000000,0.000000000000,0.000082455853,0.000000000000,0.000000000000,0.000079310772,0.000000000000,0.000000000000,0.000078103821,0.000000000000,0.000000000000,0.000081030505,0.000000000000,0.000000000000,0.000080873499,0.000000000000,0.000000000000,0.000063449057,0.000000000000,0.000000000000,0.000061244897,0.000000000000,0.000000000000,0.000068164280
608,0.000000000000,0.000000000000,0.000139860830,0.000000000000,0.000000000000,0.000139860830,0.000000000000,0.000000000000,0.000139860830,0.000000000000,0.000000000000,0.000107952316,0.000000000000,0.000000000000,0.000107379693,0.000000000000,0.000000000000,0.000107676258,0.000000000000,0.000000000000,0.000080128999,0.000000000000,0.000000000000,0.000082455853,0.000000000000,0.000000000000,0.000079310772,0.000000000000,0.000000000000,0.000078103821,0.000000000000,0.000000000000,0.000081030505,0.000000000000,0.000000000000,0.000080873499,0.000000000000,0.000000000000,0.000063449057,0.000000000000,0.000000000000,0.000061247175,0.000000000000,0.000000000000,0.000068164280
609,0.000000000000,0.000000000000,0.000139860830,0.000000000000,0.000000000000,0.000139860830,0.000000000000,0.000000000000,0.000139860830,0.000000000000,0.000000000000,0.000107952316,0.000000000000,0.000000000000,0.000107379693,0.000000000000,0.000000000000,0.000107676258,0.000000000000,0.000000000000,0.000080128999,0.000000000000,0.000000000000,0.000082455853,0.000000000000,0.000000000000,0.000079310772,0.000000000000,0.000000000000,0.000078103821,0.000000000000,0.000000000000,0.000081030505,0.000000000000,0.000000000000,0.000080873499,0.000000000000,0.000000000000,0.000063449057,0.000000000000,0.000000000000,0.000061247175,0.000000000000,0.000000000000,0.000068164280
610,0.000000000000,0.000000000000,0.000139860830,0.000000000000,0.000000000000,0.000139860830,0.000000000000,0.000000000000,0.000139860830,0.000000000000,0.000000000000,0.000107952316,0.000000000000,0.000000000000,0.000107379693,0.000000000000,0.000000000000,0.000107676258,0.000000000000,0.000000000000,0.000080128999,0.000000000000,0.000000000000,0.000082455853,0.000000000000,0.000000000000,0.000079310772,0.000000000000,0.000000000000,0.000078103821,0.000000000000,0.000000000000,0.000081030505,0.000000000000,0.000000000000,0.000080873499,0.000000000000,0.000000000000,0.000063470086,0.000000000000,0.000000000000,0.000061247175,0.000000000000,0.000000000000,0.000068164280
611,0.000000000000,0.000000000000,0.000139860830,0.000000000000,0.000000000000,0.000139860830,0.000000000000,0.000000000000,0.000139860830,0.000000000000,0.000000000000,0.000107952316,0.000000000000,0.000000000000,0.000107379693,0.000000000000,0.000000000000,0.000107676258,0.000000000000,0.000000000000,0.000080128999,0.000000000000,0.000000000000,0.000082455853,0.000000000000,0.000000000000,0.000079310772,0.000000000000,0.000000000000,0.000078103821,0.000000000000,0.000000000000,0.000081030505,0.000000000000,0.000000000000,0.000080873499,0.000000000000,0.000000000000,0.000063470086,0.000000000000,0.000000000000,0.000061263769,0.000000000000,0.000000000000,0.000068164280
612,0.000000000000,0.000000000000,0.000139860830,0.000000000000,0.000000000000,0.000139860830,0.000000000000,0.000000000000,0.000139860830,0.000000000000,0.000000000000,0.000107952316,0.000000000000,0.000000000000,0.000107379693,0.000000000000,0.000000000000,0.000107676258,0.000000000000,0.000000000000,0.000080128999,0.000000000000,0.000000000000,0.000082455853,0.000000000000,0.000000000000,0.000079310772,0.000000000000,0.000000000000,0.000078103821,0.000000000000,0.000000000000,0.000081030505,0.000000000000,0.000000000000,0.000080873499,0.000000000000,0.000000000000,0.000063470086,0.000000000000,0.000000000000,0.000061263769,0.000000000000,0.000000000000,0.000068164280
613,0.000000000000,0.000000000000,0.000139860830,0.000000000000,0.000000000000,0.000139860830,0.000000000000,0.000000000000,0.000139860830,0.000000000000,0.000000000000,0.000107952316,0.000000000000,0.000000000000,0.000107379693,0.000000000000,0.000000000000,0.000107676258,0.000000000000,0.000000000000,0.000080128999,0.000000000000,0.000000000000,0.000082455853,0.000000000000,0.000000000000,0.000079310772,0.000000000000,0.000000000000,0.000078103821,0.000000000000,0.000000000000,0.000081030505,0.000000000000,0.000000000000,0.000080873499,0.000000000000,0.000000000000,0.000063470086,0.000000000000,0.000000000000,0.000061263769,0.000000000000,0.000000000000,0.000068164280
614,0.000000000000,0.000000000000,0.000139860830,0.000000000000,0.000000000000,0.000139860830,0.000000000000,0.000000000000,0.000139860830,0.000000000000,0.000000000000,0.000107952316,0.000000000000,0.000000000000,0.000107379693,0.000000000000,0.000000000000,0.000107676258,0.000000000000,0.000000000000,0.000080128999,0.000000000000,0.000000000000,0.000082455853,0.000000000000,0.000000000000,0.000079310772,0.000000000000,0.000000000000,0.000078103821,0.000000000000,0.000000000000,0.000081030505,0.000000000000,0.000000000000,0.000080873499,0.000000000000,0.000000000000,0.000063476576,0.000000000000,0.000000000000,0.000061263769,0.000000000000,0.000000000000,0.000068164280
615,0.000000000000,0.000000000000,0.000139860830,0.000000000000,0.000000000000,0.000139860830,0.000000000000,0.000000000000,0.000139860830,0.000000000000,0.000000000000,0.000107952316,0.000000000000,0.000000000000,0.000107379693,0.000000000000,0.000000000000,0.000107676258,0.000000000000,0.000000000000,0.000080128999,0.000000000000,0.000000000000,0.000082455853,0.000000000000,0.000000000000,0.000079310772,0.000000000000,0.000000000000,0.000078103821,0.000000000000,0.000000000000,0.000081030505,0.000000000000,0.000000000000,0.000080873499,0.000000000000,0.000000000000,0.000063485195,0.000000000000,0.000000000000,0.000061263769,0.000000000000,0.000000000000,0.000068164280
616,0.000000000000,0.000000000000,0.000139860830,0.000000000000,0.000000000000,0.000139860830,0.000000000000,0.000000000000,0.000139860830,0.000000000000,0.000000000000,0.000107952316,0.000000000000,0.000000000000,0.000107379693,0.000000000000,0.000000000000,0.000107676258,0.000000000000,0.000000000000,0.000080128999,0.000000000000,0.000000000000,0.000082455853,0.000000000000,0.000000000000,0.000079310772,0.000000000000,0.000000000000,0.000078103821,0.000000000000,0.000000000000,0.000081030505,0.000000000000,0.000000000000,0.000080873499,0.000000000000,0.000000000000,0.000063487440,0.000000000000,0.000000000000,0.000061282534,0.000000000000,0.000000000000,0.000068164280
617,0.000000000000,0.000000000000,0.000139860830,0.000000000000,0.000000000000,0.000139860830,0.000000000000,0.000000000000,0.000139860830,0.000000000000,0.000000000000,0.000107952316,0.000000000000,0.000000000000,0.000107379693,0.000000000000,0.000000000000,0.000107676258,0.000000000000,0.000000000000,0.000080128999,0.000000000000,0.000000000000,0.000082455853,0.000000000000,0.000000000000,0.000079310772,0.000000000000,0.000000000000,0.000078103821,0.000000000000,0.000000000000,0.000081030505,0.000000000000,0.000000000000,0.000080873499,0.000000000000,0.000000000000,0.000063529978,0.000000000000,0.000000000000,0.000061282534,0.000000000000,0.000000000000,0.000068164280
618,0.000000000000,0.000000000000,0.000139860830,0.000000000000,0.000000000000,0.000139860830,0.000000000000,0.000000000000,0.000139860830,0.000000000000,0.000000000000,0.000107952316,0.000000000000,0.000000000000,0.000107379693,0.000000000000,0.000000000000,0.000107676258,0.000000000000,0.000000000000,0.000080128999,0.000000000000,0.000000000000,0.000082455853,0.000000000000,0.000000000000,0.000079310772,0.000000000000,0.000000000000,0.000078103821,0.000000000000,0.000000000000,0.000081030505,0.000000000000,0.000000000000,0.000080873499,0.000000000000,0.000000000000,0.000063529978,0.000000000000,0.000000000000,0.000061282534,0.000000000000,0.000000000000,0.000068164280
619,0.000000000000,0.000000000000,0.000139860830,0.000000000000,0.000000000000,0.000139860830,0.000000000000,0.000000000000,0.000139860830,0.000000000000,0.000000000000,0.000107952316,0.000000000000,0.000000000000,0.000107379693,0.000000000000,0.000000000000,0.000107676258,0.000000000000,0.000000000000,0.000080128999,0.000000000000,0.000000000000,0.000082455853,0.000000000000,0.000000000000,0.000079310772,0.000000000000,0.000000000000,0.000078103821,0.000000000000,0.000000000000,0.000081030505,0.000000000000,0.000000000000,0.000080873499,0.000000000000,0.000000000000,0.000063529978,0.000000000000,0.000000000000,0.000061282534,0.000000000000,0.000000000000,0.000068183029
620,0.000000000000,0.000000000000,0.000139860830,0.000000000000,0.000000000000,0.000139860830,0.000000000000,0.000000000000,0.000139860830,0.000000000000,0.000000000000,0.000107952316,0.000000000000,0.000000000000,0.000107379693,0.000000000000,0.000000000000,0.000107676258,0.000000000000,0.000000000000,0.000080128999,0.000000000000,0.000000000000,0.000082455853,0.000000000000,0.000000000000,0.000079310772,0.000000000000,0.000000000000,0.000078103821,0.000000000000,0.000000000000,0.000081030505,0.000000000000,0.000000000000,0.000080873499,0.000000000000,0.000000000000,0.000063529978,0.000000000000,0.000000000000,0.000061282534,0.000000000000,0.000000000000,0.000068183029
621,0.000000000000,0.000000000000,0.000139860830,0.000000000000,0.000000000000,0.000139860830,0.000000000000,0.000000000000,0.000139860830,0.000000000000,0.000000000000,0.000107952316,0.000000000000,0.000000000000,0.000107379693,0.000000000000,0.000000000000,0.000107676258,0.000000000000,0.000000000000,0.000080128999,0.000000000000,0.000000000000,0.000082455853,0.000000000000,0.000000000000,0.000079310772,0.000000000000,0.000000000000,0.000078103821,0.000000000000,0.000000000000,0.000081030505,0.000000000000,0.000000000000,0.000080873499,0.000000000000,0.000000000000,0.000063556286,0.000000000000,0.000000000000,0.000061282534,0.000000000000,0.000000000000,0.000068183029
622,0.000000000000,0.000000000000,0.000139860830,0.000000000000,0.000000000000,0.000139860830,0.000000000000,0.000000000000,0.000139860830,0.000000000000,0.000000000000,0.000107952316,0.000000000000,0.000000000000,0.000107379693,0.000000000000,0.000000000000,0.000107676258,0.000000000000,0.000000000000,0.000080128999,0.000000000000,0.000000000000,0.000082455853,0.000000000000,0.000000000000,0.000079310772,0.000000000000,0.000000000000,0.000078103821,0.000000000000,0.000000000000,0.000081030505,0.000000000000,0.000000000000,0.000080873499,0.000000000000,0.000000000000,0.000063556286,0.000000000000,0.000000000000,0.000061282534,0.000000000000,0.000000000000,0.000068183029
623,0.000000000000,0.000000000000,0.000139860830,0.000000000000,0.000000000000,0.000139860830,0.000000000000,0.000000000000,0.000139860830,0.000000000000,0.000000000000,0.000107952316,0.000000000000,0.000000000000,0.000107379693,0.000000000000,0.000000000000,0.000107676258,0.000000000000,0.000000000000,0.000080128999,0.000000000000,0.000000000000,0.000082455853,0.000000000000,0.000000000000,0.000079310772,0.000000000000,0.000000000000,0.000078103821,0.000000000000,0.000000000000,0.000081030505,0.000000000000,0.000000000000,0.000080873499,0.000000000000,0.000000000000,0.000063556286,0.000000000000,0.000000000000,0.000061282534,0.000000000000,0.000000000000,0.000068183029
624,0.000000000000,0.000000000000,0.000139860830,0.000000000000,0.000000000000,0.000139860830,0.000000000000,0.000000000000,0.000139860830,0.000000000000,0.000000000000,0.000107952316,0.000000000000,0.000000000000,0.000107379693,0.000000000000,0.000000000000,0.000107676258,0.000000000000,0.000000000000,0.000080128999,0.000000000000,0.000000000000,0.000082455853,0.000000000000,0.000000000000,0.000079310772,0.000000000000,0.000000000000,0.000078121768,0.000000000000,0.000000000000,0.000081030505,0.000000000000,0.000000000000,0.000080873499,0.000000000000,0.000000000000,0.000063587292,0.000000000000,0.000000000000,0.000061282534,0.000000000000,0.000000000000,0.000068183029
625,0.000000000000,0.000000000000,0.000139860830,0.000000000000,0.000000000000,0.000139860830,0.000000000000,0.000000000000,0.000139860830,0.000000000000,0.000000000000,0.000107952316,0.000000000000,0.000000000000,0.000107379693,0.000000000000,0.000000000000,0.000107676258,0.000000000000,0.000000000000,0.000080128999,0.000000000000,0.000000000000,0.000082455853,0.000000000000,0.000000000000,0.000079310772,0.000000000000,0.000000000000,0.000078121768,0.000000000000,0.000000000000,0.000081030505,0.000000000000,0.000000000000,0.000080873499,0.000000000000,0.000000000000,0.000063587292,0.000000000000,0.000000000000,0.000061282534,0.000000000000,0.000000000000,0.000068183029
626,0.000000000000,0.000000000000,0.000139860830,0.000000000000,0.000000000000,0.000139860830,0.000000000000,0.000000000000,0.000139860830,0.000000000000,0.000000000000,0.000107952316,0.000000000000,0.000000000000,0.000107379693,0.000000000000,0.000000000000,0.000107676258,0.000000000000,0.000000000000,0.000080128999,0.000000000000,0.000000000000,0.000082455853,0.000000000000,0.000000000000,0.000079310772,0.000000000000,0.000000000000,0.000078121768,0.000000000000,0.000000000000,0.000081030505,0.000000000000,0.000000000000,0.000080873499,0.000000000000,0.000000000000,0.000063587292,0.000000000000,0.000000000000,0.000061307555,0.000000000000,0.000000000000,0.000068183029
627,0.000000000000,0.000000000000,0.000139860830,0.000000000000,0.000000000000,0.000139860830,0.000000000000,0.000000000000,0.000139860830,0.000000000000,0.000000000000,0.000107952316,0.000000000000,0.000000000000,0.000107379693,0.000000000000,0.000000000000,0.000107676258,0.000000000000,0.000000000000,0.000080128999,0.000000000000,0.000000000000,0.000082455853,0.000000000000,0.000000000000,0.000079310772,0.000000000000,0.000000000000,0.000078121768,0.000000000000,0.000000000000,0.000081030505,0.000000000000,0.000000000000,0.000080873499,0.000000000000,0.000000000000,0.000063587292,0.000000000000,0.000000000000,0.000061308923,0.000000000000,0.000000000000,0.000068183029
628,0.000000000000,0.000000000000,0.000139860830,0.000000000000,0.000000000000,0.000139860830,0.000000000000,0.000000000000,0.000139860830,0.000000000000,0.000000000000,0.000107952316,0.000000000000,0.000000000000,0.000107379693,0.000000000000,0.000000000000,0.000107676258,0.000000000000,0.000000000000,0.000080128999,0.000000000000,0.000000000000,0.000082455853,0.000000000000,0.000000000000,0.000079310772,0.000000000000,0.000000000000,0.000078121768,0.000000000000,0.000000000000,0.000081030505,0.000000000000,0.000000000000,0.000080873499,0.000000000000,0.000000000000,0.000063587292,0.000000000000,0.000000000000,0.000061308923,0.000000000000,0.000000000000,0.000068231572
629,0.000000000000,0.000000000000,0.000139860830,0.000000000000,0.000000000000,0.000139860830,0.000000000000,0.000000000000,0.000139860830,0.000000000000,0.000000000000,0.000107952316,0.000000000000,0.000000000000,0.000107379693,0.000000000000,0.000000000000,0.000107676258,0.000000000000,0.000000000000,0.000080128999,0.000000000000,0.000000000000,0.000082455853,0.000000000000,0.000000000000,0.000079310772,0.000000000000,0.000000000000,0.000078126290,0.000000000000,0.000000000000,0.000081030505,0.000000000000,0.000000000000,0.000080873499,0.000000000000,0.000000000000,0.000063606593,0.000000000000,0.000000000000,0.000061308923,0.000000000000,0.000000000000,0.000068231572
630,0.000000000000,0.000000000000,0.000139860830,0.000000000000,0.000000000000,0.000139860830,0.000000000000,0.000000000000,0.000139860830,0.000000000000,0.000000000000,0.000107952316,0.000000000000,0.000000000000,0.000107379693,0.000000000000,0.000000000000,0.000107676258,0.000000000000,0.000000000000,0.000080128999,0.000000000000,0.000000000000,0.000082455853,0.000000000000,0.000000000000,0.000079310772,0.000000000000,0.000000000000,0.000078126290,0.000000000000,0.000000000000,0.000081030505,0.000000000000,0.000000000000,0.000080873499,0.000000000000,0.000000000000,0.000063607505,0.000000000000,0.000000000000,0.000061308923,0.000000000000,0.000000000000,0.000068255273
631,0.000000000000,0.000000000000,0.000139860830,0.000000000000,0.000000000000,0.000139860830,0.000000000000,0.000000000000,0.000139860830,0.000000000000,0.000000000000,0.000107952316,0.000000000000,0.000000000000,0.000107379693,0.000000000000,0.000000000000,0.000107676258,0.000000000000,0.000000000000,0.000080128999,0.000000000000,0.000000000000,0.000082455853,0.000000000000,0.000000000000,0.000079310772,0.000000000000,0.000000000000,0.000078201429,0.000000000000,0.000000000000,0.000081030505,0.000000000000,0.000000000000,0.000080873499,0.000000000000,0.000000000000,0.000063607505,0.000000000000,0.000000000000,0.000061308923,0.000000000000,0.000000000000,0.000068255273
632,0.000000000000,0.000000000000,0.000139860830,0.000000000000,0.000000000000,0.000139860830,0.000000000000,0.000000000000,0.000139860830,0.000000000000,0.000000000000,0.000107952316,0.000000000000,0.000000000000,0.000107379693,0.000000000000,0.000000000000,0.000107676258,0.000000000000,0.000000000000,0.000080128999,0.000000000000,0.000000000000,0.000082455853,0.000000000000,0.000000000000,0.000079310772,0.000000000000,0.000000000000,0.000078233486,0.000000000000,0.000000000000,0.000081030505,0.000000000000,0.000000000000,0.000080873499,0.000000000000,0.000000000000,0.000063607505,0.000000000000,0.000000000000,0.000061308923,0.000000000000,0.000000000000,0.000068255273
633,0.000000000000,0.000000000000,0.000139860830,0.000000000000,0.000000000000,0.000139860830,0.000000000000,0.000000000000,0.000139860830,0.000000000000,0.000000000000,0.000107952316,0.000000000000,0.000000000000,0.000107379693,0.000000000000,0.000000000000,0.000107676258,0.000000000000,0.000000000000,0.000080128999,0.000000000000,0.000000000000,0.000082455853,0.000000000000,0.000000000000,0.000079310772,0.000000000000,0.000000000000,0.000078233486,0.000000000000,0.000000000000,0.000081030505,0.000000000000,0.000000000000,0.000080873499,0.000000000000,0.000000000000,0.000063607505,0.000000000000,0.000000000000,0.000061320953,0.000000000000,0.000000000000,0.000068255273
634,0.000000000000,0.000000000000,0.000139860830,0.000000000000,0.000000000000,0.000139860830,0.000000000000,0.000000000000,0.000139860830,0.000000000000,0.000000000000,0.000107952316,0.000000000000,0.000000000000,0.000107379693,0.000000000000,0.000000000000,0.000107676258,0.000000000000,0.000000000000,0.000080128999,0.000000000000,0.000000000000,0.000082455853,0.000000000000,0.000000000000,0.000079310772,0.000000000000,0.000000000000,0.000078233486,0.000000000000,0.000000000000,0.000081030505,0.000000000000,0.000000000000,0.000080873499,0.000000000000,0.000000000000,0.000063607505,0.000000000000,0.000000000000,0.000061320953,0.000000000000,0.000000000000,0.000068255273
635,0.000000000000,0.000000000000,0.000139860830,0.000000000000,0.000000000000,0.000139860830,0.000000000000,0.000000000000,0.000139860830,0.000000000000,0.000000000000,0.000107952316,0.000000000000,0.000000000000,0.000107379693,0.000000000000,0.000000000000,0.000107676258,0.000000000000,0.000000000000,0.000080128999,0.000000000000,0.000000000000,0.000082455853,0.000000000000,0.000000000000,0.000079310772,0.000000000000,0.000000000000,0.000078233486,0.000000000000,0.000000000000,0.000081030505,0.000000000000,0.000000000000,0.000080873499,0.000000000000,0.000000000000,0.000063607505,0.000000000000,0.000000000000,0.000061320953,0.000000000000,0.000000000000,0.000068255273
636,0.000000000000,0.000000000000,0.000139860830,0.000000000000,0.000000000000,0.000139860830,0.000000000000,0.000000000000,0.000139860830,0.000000000000,0.000000000000,0.000107952316,0.000000000000,0.000000000000,0.000107379693,0.000000000000,0.000000000000,0.000107676258,0.000000000000,0.000000000000,0.000080128999,0.000000000000,0.000000000000,0.000082455853,0.000000000000,0.000000000000,0.000079310772,0.000000000000,0.000000000000,0.000078233486,0.000000000000,0.000000000000,0.000081030505,0.000000000000,0.000000000000,0.000080873499,0.000000000000,0.000000000000,0.000063647152,0.000000000000,0.000000000000,0.000061320953,0.000000000000,0.000000000000,0.000068255273
637,0.000000000000,0.000000000000,0.000139860830,0.000000000000,0.000000000000,0.000139860830,0.000000000000,0.000000000000,0.000139860830,0.000000000000,0.000000000000,0.000107952316,0.000000000000,0.000000000000,0.000107379693,0.000000000000,0.000000000000,0.000107676258,0.000000000000,0.000000000000,0.000080128999,0.000000000000,0.000000000000,0.000082455853,0.000000000000,0.000000000000,0.000079310772,0.000000000000,0.000000000000,0.000078233486,0.000000000000,0.000000000000,0.000081030505,0.000000000000,0.000000000000,0.000080873499,0.000000000000,0.000000000000,0.000063724322,0.000000000000,0.000000000000,0.000061320953,0.000000000000,0.000000000000,0.000068255273
638,0.000000000000,0.000000000000,0.000139860830,0.000000000000,0.000000000000,0.000139860830,0.000000000000,0.000000000000,0.000139860830,0.000000000000,0.000000000000,0.000107952316,0.000000000000,0.000000000000,0.000107379693,0.000000000000,0.000000000000,0.000107676258,0.000000000000,0.000000000000,0.000080128999,0.000000000000,0.000000000000,0.000082455853,0.000000000000,0.000000000000,0.000079310772,0.000000000000,0.000000000000,0.000078233486,0.000000000000,0.000000000000,0.000081030505,0.000000000000,0.000000000000,0.000080873499,0.000000000000,0.000000000000,0.000063724503,0.000000000000,0.000000000000,0.000061320953,0.000000000000,0.000000000000,0.000068255273
639,0.000000000000,0.000000000000,0.000139860830,0.000000000000,0.000000000000,0.000139860830,0.000000000000,0.000000000000,0.000139860830,0.000000000000,0.000000000000,0.000107952316,0.000000000000,0.000000000000,0.000107379693,0.000000000000,0.000000000000,0.000107676258,0.000000000000,0.000000000000,0.000080128999,0.000000000000,0.000000000000,0.000082455853,0.000000000000,0.000000000000,0.000079310772,0.000000000000,0.000000000000,0.000078233486,0.000000000000,0.000000000000,0.000081030505,0.000000000000,0.000000000000,0.000080873499,0.000000000000,0.000000000000,0.000063724503,0.000000000000,0.000000000000,0.000061320953,0.000000000000,0.000000000000,0.000068255273
640,0.000000000000,0.000000000000,0.000139860830,0.000000000000,0.000000000000,0.000139860830,0.000000000000,0.000000000000,0.000139860830,0.000000000000,0.000000000000,0.000107952316,0.000000000000,0.000000000000,0.000107379693,0.000000000000,0.000000000000,0.000107676258,0.000000000000,0.000000000000,0.000080128999,0.000000000000,0.000000000000,0.000082455853,0.000000000000,0.000000000000,0.000079310772,0.000000000000,0.000000000000,0.000078233486,0.000000000000,0.000000000000,0.000081030505,0.000000000000,0.000000000000,0.000080873499,0.000000000000,0.000000000000,0.000063786053,0.000000000000,0.000000000000,0.000061320953,0.000000000000,0.000000000000,0.000068277824
641,0.000000000000,0.000000000000,0.000139860830,0.000000000000,0.000000000000,0.000139860830,0.000000000000,0.000000000000,0.000139860830,0.000000000000,0.000000000000,0.000107952316,0.000000000000,0.000000000000,0.000107379693,0.000000000000,0.000000000000,0.000107676258,0.000000000000,0.000000000000,0.000080128999,0.000000000000,0.000000000000,0.000082455853,0.000000000000,0.000000000000,0.000079310772,0.000000000000,0.000000000000,0.000078233486,0.000000000000,0.000000000000,0.000081030505,0.000000000000,0.000000000000,0.000080873499,0.000000000000,0.000000000000,0.000063786053,0.000000000000,0.000000000000,0.000061320953,0.000000000000,0.000000000000,0.000068306173
642,0.000000000000,0.000000000000,0.000139860830,0.000000000000,0.000000000000,0.000139860830,0.000000000000,0.000000000000,0.000139860830,0.000000000000,0.000000000000,0.000107952316,0.000000000000,0.000000000000,0.000107379693,0.000000000000,0.000000000000,0.000107676258,0.000000000000,0.000000000000,0.000080128999,0.000000000000,0.000000000000,0.000082455853,0.000000000000,0.000000000000,0.000079310772,0.000000000000,0.000000000000,0.000078233486,0.000000000000,0.000000000000,0.000081030505,0.000000000000,0.000000000000,0.000080873499,0.000000000000,0.000000000000,0.000063786053,0.000000000000,0.000000000000,0.000061320953,0.000000000000,0.000000000000,0.000068306173
643,0.000000000000,0.000000000000,0.000139860830,0.000000000000,0.000000000000,0.000139860830,0.000000000000,0.000000000000,0.000139860830,0.000000000000,0.000000000000,0.000107952316,0.000000000000,0.000000000000,0.000107379693,0.000000000000,0.000000000000,0.000107676258,0.000000000000,0.000000000000,0.000080128999,0.000000000000,0.000000000000,0.000082455853,0.000000000000,0.000000000000,0.000079310772,0.000000000000,0.000000000000,0.000078233486,0.000000000000,0.000000000000,0.000081030505,0.000000000000,0.000000000000,0.000080873499,0.000000000000,0.000000000000,0.000063839431,0.000000000000,0.000000000000,0.000061320953,0.000000000000,0.000000000000,0.000068306173
644,0.000000000000,0.000000000000,0.000139860830,0.000000000000,0.000000000000,0.000139860830,0.000000000000,0.000000000000,0.000139860830,0.000000000000,0.000000000000,0.000107952316,0.000000000000,0.000000000000,0.000107379693,0.000000000000,0.000000000000,0.000107676258,0.000000000000,0.000000000000,0.000080128999,0.000000000000,0.000000000000,0.000082455853,0.000000000000,0.000000000000,0.000079310772,0.000000000000,0.000000000000,0.000078233486,0.000000000000,0.000000000000,0.000081030505,0.000000000000,0.000000000000,0.000080873499,0.000000000000,0.000000000000,0.000063839431,0.000000000000,0.000000000000,0.000061320953,0.000000000000,0.000000000000,0.000068306173
645,0.000000000000,0.000000000000,0.000139860830,0.000000000000,0.000000000000,0.000139860830,0.000000000000,0.000000000000,0.000139860830,0.000000000000,0.000000000000,0.000107952316,0.000000000000,0.000000000000,0.000107379693,0.000000000000,0.000000000000,0.000107676258,0.000000000000,0.000000000000,0.000080128999,0.000000000000,0.000000000000,0.000082455853,0.000000000000,0.000000000000,0.000079310772,0.000000000000,0.000000000000,0.000078234307,0.000000000000,0.000000000000,0.000081030505,0.000000000000,0.000000000000,0.000080873499,0.000000000000,0.000000000000,0.000063887374,0.000000000000,0.000000000000,0.000061320953,0.000000000000,0.000000000000,0.000068306173
646,0.000000000000,0.000000000000,0.000139860830,0.000000000000,0.000000000000,0.000139860830,0.000000000000,0.000000000000,0.000139860830,0.000000000000,0.000000000000,0.000107952316,0.000000000000,0.000000000000,0.000107379693,0.000000000000,0.000000000000,0.000107676258,0.000000000000,0.000000000000,0.000080128999,0.000000000000,0.000000000000,0.000082455853,0.000000000000,0.000000000000,0.000079310772,0.000000000000,0.000000000000,0.000078234307,0.000000000000,0.000000000000,0.000081030505,0.000000000000,0.000000000000,0.000080873499,0.000000000000,0.000000000000,0.000063887374,0.000000000000,0.000000000000,0.000061320953,0.000000000000,0.000000000000,0.000068306173
647,0.000000000000,0.000000000000,0.000139860830,0.000000000000,0.000000000000,0.000139860830,0.000000000000,0.000000000000,0.000139860830,0.000000000000,0.000000000000,0.000107952316,0.000000000000,0.000000000000,0.000107379693,0.000000000000,0.000000000000,0.000107676258,0.000000000000,0.000000000000,0.000080128999,0.000000000000,0.000000000000,0.000082455853,0.000000000000,0.000000000000,0.000079310772,0.000000000000,0.000000000000,0.000078329977,0.000000000000,0.000000000000,0.000081030505,0.000000000000,0.000000000000,0.000080873499,0.000000000000,0.000000000000,0.000063887374,0.000000000000,0.000000000000,0.000061320953,0.000000000000,0.000000000000,0.000068306173
648,0.000000000000,0.000000000000,0.000139860830,0.000000000000,0.000000000000,0.000139860830,0.000000000000,0.000000000000,0.000139860830,0.000000000000,0.000000000000,0.000107952316,0.000000000000,0.000000000000,0.000107379693,0.000000000000,0.000000000000,0.000107676258,0.000000000000,0.000000000000,0.000080128999,0.000000000000,0.000000000000,0.000082455853,0.000000000000,0.000000000000,0.000079548034,0.000000000000,0.000000000000,0.000078329977,0.000000000000,0.000000000000,0.000081030505,0.000000000000,0.000000000000,0.000080873499,0.000000000000,0.000000000000,0.000063888381,0.000000000000,0.000000000000,0.000061320953,0.000000000000,0.000000000000,0.000068306173
649,0.000000000000,0.000000000000,0.000139860830,0.000000000000,0.000000000000,0.000139860830,0.000000000000,0.000000000000,0.000139860830,0.000000000000,0.000000000000,0.000107952316,0.000000000000,0.000000000000,0.000107379693,0.000000000000,0.000000000000,0.000107676258,0.000000000000,0.000000000000,0.000080128999,0.000000000000,0.000000000000,0.000082455853,0.000000000000,0.000000000000,0.000079548034,0.000000000000,0.000000000000,0.000078379404,0.000000000000,0.000000000000,0.000081030505,0.000000000000,0.000000000000,0.000080873499,0.000000000000,0.000000000000,0.000063888381,0.000000000000,0.000000000000,0.000061320953,0.000000000000,0.000000000000,0.000068306173
650,0.000000000000,0.000000000000,0.000139860830,0.000000000000,0.000000000000,0.000139860830,0.000000000000,0.000000000000,0.000139860830,0.000000000000,0.000000000000,0.000107952316,0.000000000000,0.000000000000,0.000107379693,0.000000000000,0.000000000000,0.000107676258,0.000000000000,0.000000000000,0.000080128999,0.000000000000,0.000000000000,0.000082455853,0.000000000000,0.000000000000,0.000079620831,0.000000000000,0.000000000000,0.000078410883,0.000000000000,0.000000000000,0.000081030505,0.000000000000,0.000000000000,0.000080873499,0.000000000000,0.000000000000,0.000063888381,0.000000000000,0.000000000000,0.000061320953,0.000000000000,0.000000000000,0.000068306173
651,0.000000000000,0.000000000000,0.000139860830,0.000000000000,0.000000000000,0.000139860830,0.000000000000,0.000000000000,0.000139860830,0.000000000000,0.000000000000,0.000107952316,0.000000000000,0.000000000000,0.000107379693,0.000000000000,0.000000000000,0.000107676258,0.000000000000,0.000000000000,0.000080128999,0.000000000000,0.000000000000,0.000082455853,0.000000000000,0.000000000000,0.000079620831,0.000000000000,0.000000000000,0.000078410883,0.000000000000,0.000000000000,0.000081030505,0.000000000000,0.000000000000,0.000080873499,0.000000000000,0.000000000000,0.000063888381,0.000000000000,0.000000000000,0.000061320953,0.000000000000,0.000000000000,0.000068306173
652,0.000000000000,0.000000000000,0.000139860830,0.000000000000,0.000000000000,0.000139860830,0.000000000000,0.000000000000,0.000139860830,0.000000000000,0.000000000000,0.000107952316,0.000000000000,0.000000000000,0.000107379693,0.000000000000,0.000000000000,0.000107676258,0.000000000000,0.000000000000,0.000080128999,0.000000000000,0.000000000000,0.000082455853,0.000000000000,0.000000000000,0.000079620831,0.000000000000,0.000000000000,0.000078410883,0.000000000000,0.000000000000,0.000081030505,0.000000000000,0.000000000000,0.000080873499,0.000000000000,0.000000000000,0.000063888381,0.000000000000,0.000000000000,0.000061345987,0.000000000000,0.000000000000,0.000068306173
653,0.000000000000,0.000000000000,0.000139860830,0.000000000000,0.000000000000,0.000139860830,0.000000000000,0.000000000000,0.000139860830,0.000000000000,0.000000000000,0.000107952316,0.000000000000,0.000000000000,0.000107379693,0.000000000000,0.000000000000,0.000107676258,0.000000000000,0.000000000000,0.000080128999,0.000000000000,0.000000000000,0.000082455853,0.000000000000,0.000000000000,0.000079645437,0.000000000000,0.000000000000,0.000078410883,0.000000000000,0.000000000000,0.000081030505,0.000000000000,0.000000000000,0.000080873499,0.000000000000,0.000000000000,0.000063888381,0.000000000000,0.000000000000,0.000061345987,0.000000000000,0.000000000000,0.000068306173
654,0.000000000000,0.000000000000,0.000139860830,0.000000000000,0.000000000000,0.000139860830,0.000000000000,0.000000000000,0.000139860830,0.000000000000,0.000000000000,0.000107952316,0.000000000000,0.000000000000,0.000107379693,0.000000000000,0.000000000000,0.000107676258,0.000000000000,0.000000000000,0.000080128999,0.000000000000,0.000000000000,0.000082455853,0.000000000000,0.000000000000,0.000079645437,0.000000000000,0.000000000000,0.000078410883,0.000000000000,0.000000000000,0.000081030505,0.000000000000,0.000000000000,0.000080873499,0.000000000000,0.000000000000,0.000063900498,0.000000000000,0.000000000000,0.000061345987,0.000000000000,0.000000000000,0.000068322485
655,0.000000000000,0.000000000000,0.000139860830,0.000000000000,0.000000000000,0.000139860830,0.000000000000,0.000000000000,0.000139860830,0.000000000000,0.000000000000,0.000107952316,0.000000000000,0.000000000000,0.000107379693,0.000000000000,0.000000000000,0.000107676258,0.000000000000,0.000000000000,0.000080128999,0.000000000000,0.000000000000,0.000082455853,0.000000000000,0.000000000000,0.000079682887,0.000000000000,0.000000000000,0.000078410883,0.000000000000,0.000000000000,0.000081030505,0.000000000000,0.000000000000,0.000080873499,0.000000000000,0.000000000000,0.000063900498,0.000000000000,0.000000000000,0.000061345987,0.000000000000,0.000000000000,0.000068322485
656,0.000000000000,0.000000000000,0.000139860830,0.000000000000,0.000000000000,0.000139860830,0.000000000000,0.000000000000,0.000139860830,0.000000000000,0.000000000000,0.000107952316,0.000000000000,0.000000000000,0.000107379693,0.000000000000,0.000000000000,0.000107676258,0.000000000000,0.000000000000,0.000080128999,0.000000000000,0.000000000000,0.000082455853,0.000000000000,0.000000000000,0.000079682887,0.000000000000,0.000000000000,0.000078410883,0.000000000000,0.000000000000,0.000081030505,0.000000000000,0.000000000000,0.000080873499,0.000000000000,0.000000000000,0.000063900498,0.000000000000,0.000000000000,0.000061345987,0.000000000000,0.000000000000,0.000068322485
657,0.000000000000,0.000000000000,0.000139860830,0.000000000000,0.000000000000,0.000139860830,0.000000000000,0.000000000000,0.000139860830,0.000000000000,0.000000000000,0.000107952316,0.000000000000,0.000000000000,0.000107379693,0.000000000000,0.000000000000,0.000107676258,0.000000000000,0.000000000000,0.000080128999,0.000000000000,0.000000000000,0.000082455853,0.000000000000,0.000000000000,0.000079682887,0.000000000000,0.000000000000,0.000078410883,0.000000000000,0.000000000000,0.000081030505,0.000000000000,0.000000000000,0.000080873499,0.000000000000,0.000000000000,0.000063900498,0.000000000000,0.000000000000,0.000061345987,0.000000000000,0.000000000000,0.000068408381
658,0.000000000000,0.000000000000,0.000139860830,0.000000000000,0.000000000000,0.000139860830,0.000000000000,0.000000000000,0.000139860830,0.000000000000,0.000000000000,0.000107952316,0.000000000000,0.000000000000,0.000107379693,0.000000000000,0.000000000000,0.000107676258,0.000000000000,0.000000000000,0.000080128999,0.000000000000,0.000000000000,0.000082455853,0.000000000000,0.000000000000,0.000079747702,0.000000000000,0.000000000000,0.000078486182,0.000000000000,0.000000000000,0.000081030505,0.000000000000,0.000000000000,0.000080873499,0.000000000000,0.000000000000,0.000063917745,0.000000000000,0.000000000000,0.000061345987,0.000000000000,0.000000000000,0.000068408381
659,0.000000000000,0.000000000000,0.000139860830,0.000000000000,0.000000000000,0.000139860830,0.000000000000,0.000000000000,0.000139860830,0.000000000000,0.000000000000,0.000107952316,0.000000000000,0.000000000000,0.000107379693,0.000000000000,0.000000000000,0.000107676258,0.000000000000,0.000000000000,0.000080128999,0.000000000000,0.000000000000,0.000082455853,0.000000000000,0.000000000000,0.000079747702,0.000000000000,0.000000000000,0.000078486182,0.000000000000,0.000000000000,0.000081030505,0.000000000000,0.000000000000,0.000080873499,0.000000000000,0.000000000000,0.000064003839,0.000000000000,0.000000000000,0.000061345987,0.000000000000,0.000000000000,0.000068408381
660,0.000000000000,0.000000000000,0.000139860830,0.000000000000,0.000000000000,0.000139860830,0.000000000000,0.000000000000,0.000139860830,0.000000000000,0.000000000000,0.000107952316,0.000000000000,0.000000000000,0.000107379693,0.000000000000,0.000000000000,0.000107676258,0.000000000000,0.000000000000,0.000080128999,0.000000000000,0.000000000000,0.000082455853,0.000000000000,0.000000000000,0.000079747702,0.000000000000,0.000000000000,0.000078486182,0.000000000000,0.000000000000,0.000081030505,0.000000000000,0.000000000000,0.000080873499,0.000000000000,0.000000000000,0.000064003839,0.000000000000,0.000000000000,0.000061345987,0.000000000000,0.000000000000,0.000068408381
661,0.000000000000,0.000000000000,0.000139860830,0.000000000000,0.000000000000,0.000139860830,0.000000000000,0.000000000000,0.000139860830,0.000000000000,0.000000000000,0.000107952316,0.000000000000,0.000000000000,0.000107379693,0.000000000000,0.000000000000,0.000107676258,0.000000000000,0.000000000000,0.000080128999,0.000000000000,0.000000000000,0.000082455853,0.000000000000,0.000000000000,0.000079747702,0.000000000000,0.000000000000,0.000078486182,0.000000000000,0.000000000000,0.000081030505,0.000000000000,0.000000000000,0.000080873499,0.000000000000,0.000000000000,0.000064003839,0.000000000000,0.000000000000,0.000061345987,0.000000000000,0.000000000000,0.000068408381
662,0.000000000000,0.000000000000,0.000139860830,0.000000000000,0.000000000000,0.000139860830,0.000000000000,0.000000000000,0.000139860830,0.000000000000,0.000000000000,0.000107952316,0.000000000000,0.000000000000,0.000107379693,0.000000000000,0.000000000000,0.000107676258,0.000000000000,0.000000000000,0.000080128999,0.000000000000,0.000000000000,0.000082455853,0.000000000000,0.000000000000,0.000079747702,0.000000000000,0.000000000000,0.000078486182,0.000000000000,0.000000000000,0.000081030505,0.000000000000,0.000000000000,0.000080873499,0.000000000000,0.000000000000,0.000064012053,0.000000000000,0.000000000000,0.000061345987,0.000000000000,0.000000000000,0.000068408381
663,0.000000000000,0.000000000000,0.000139860830,0.000000000000,0.000000000000,0.000139860830,0.000000000000,0.000000000000,0.000139860830,0.000000000000,0.000000000000,0.000107952316,0.000000000000,0.000000000000,0.000107379693,0.000000000000,0.000000000000,0.000107676258,0.000000000000,0.000000000000,0.000080128999,0.000000000000,0.000000000000,0.000082455853,0.000000000000,0.000000000000,0.000079747702,0.000000000000,0.000000000000,0.000078486182,0.000000000000,0.000000000000,0.000081030505,0.000000000000,0.000000000000,0.000080873499,0.000000000000,0.000000000000,0.000064112931,0.000000000000,0.000000000000,0.000061345987,0.000000000000,0.000000000000,0.000068408381
664,0.000000000000,0.000000000000,0.000139860830,0.000000000000,0.000000000000,0.000139860830,0.000000000000,0.000000000000,0.000139860830,0.000000000000,0.000000000000,0.000107952316,0.000000000000,0.000000000000,0.000107379693,0.000000000000,0.000000000000,0.000107676258,0.000000000000,0.000000000000,0.000080128999,0.000000000000,0.000000000000,0.000082455853,0.000000000000,0.000000000000,0.000079747702,0.000000000000,0.000000000000,0.000078486182,0.000000000000,0.000000000000,0.000081030505,0.000000000000,0.000000000000,0.000080873499,0.000000000000,0.000000000000,0.000064112931,0.000000000000,0.000000000000,0.000061345987,0.000000000000,0.000000000000,0.000068408381
665,0.000000000000,0.000000000000,0.000139860830,0.000000000000,0.000000000000,0.000139860830,0.000000000000,0.000000000000,0.000139860830,0.000000000000,0.000000000000,0.000107952316,0.000000000000,0.000000000000,0.000107379693,0.000000000000,0.000000000000,0.000107676258,0.000000000000,0.000000000000,0.000080128999,0.000000000000,0.000000000000,0.000082455853,0.000000000000,0.000000000000,0.000079747702,0.000000000000,0.000000000000,0.000078518589,0.000000000000,0.000000000000,0.000081030505,0.000000000000,0.000000000000,0.000080873499,0.000000000000,0.000000000000,0.000064130628,0.000000000000,0.000000000000,0.000061345987,0.000000000000,0.000000000000,0.000068408381
666,0.000000000000,0.000000000000,0.000139860830,0.000000000000,0.000000000000,0.000139860830,0.000000000000,0.000000000000,0.000139860830,0.000000000000,0.000000000000,0.000107952316,0.000000000000,0.000000000000,0.000107379693,0.000000000000,0.000000000000,0.000107676258,0.000000000000,0.000000000000,0.000080128999,0.000000000000,0.000000000000,0.000082455853,0.000000000000,0.000000000000,0.000079747702,0.000000000000,0.000000000000,0.000078518589,0.000000000000,0.000000000000,0.000081030505,0.000000000000,0.000000000000,0.000080873499,0.000000000000,0.000000000000,0.000064130628,0.000000000000,0.000000000000,0.000061345987,0.000000000000,0.000000000000,0.000068408381
667,0.000000000000,0.000000000000,0.000139860830,0.000000000000,0.000000000000,0.000139860830,0.000000000000,0.000000000000,0.000139860830,0.000000000000,0.000000000000,0.000107952316,0.000000000000,0.000000000000,0.000107379693,0.000000000000,0.000000000000,0.000107676258,0.000000000000,0.000000000000,0.000080128999,0.000000000000,0.000000000000,0.000082455853,0.000000000000,0.000000000000,0.000079747702,0.000000000000,0.000000000000,0.000078518589,0.000000000000,0.000000000000,0.000081030505,0.000000000000,0.000000000000,0.000080873499,0.000000000000,0.000000000000,0.000064130628,0.000000000000,0.000000000000,0.000061345987,0.000000000000,0.000000000000,0.000068408381
668,0.000000000000,0.000000000000,0.000139860830,0.000000000000,0.000000000000,0.000139860830,0.000000000000,0.000000000000,0.000139860830,0.000000000000,0.000000000000,0.000107952316,0.000000000000,0.000000000000,0.000107379693,0.000000000000,0.000000000000,0.000107676258,0.000000000000,0.000000000000,0.000080128999,0.000000000000,0.000000000000,0.000082455853,0.000000000000,0.000000000000,0.000079780063,0.000000000000,0.000000000000,0.000078518589,0.000000000000,0.000000000000,0.000081030505,0.000000000000,0.000000000000,0.000080873499,0.000000000000,0.000000000000,0.000064130843,0.000000000000,0.000000000000,0.000061345987,0.000000000000,0.000000000000,0.000068408381
669,0.000000000000,0.000000000000,0.000139860830,0.000000000000,0.000000000000,0.000139860830,0.000000000000,0.000000000000,0.000139860830,0.000000000000,0.000000000000,0.000107952316,0.000000000000,0.000000000000,0.000107379693,0.000000000000,0.000000000000,0.000107676258,0.000000000000,0.000000000000,0.000080128999,0.000000000000,0.000000000000,0.000082455853,0.000000000000,0.000000000000,0.000079780063,0.000000000000,0.000000000000,0.000078518589,0.000000000000,0.000000000000,0.000081030505,0.000000000000,0.000000000000,0.000080873499,0.000000000000,0.000000000000,0.000064137344,0.000000000000,0.000000000000,0.000061345987,0.000000000000,0.000000000000,0.000068408381
670,0.000000000000,0.000000000000,0.000139860830,0.000000000000,0.000000000000,0.000139860830,0.000000000000,0.000000000000,0.000139860830,0.000000000000,0.000000000000,0.000107952316,0.000000000000,0.000000000000,0.000107379693,0.000000000000,0.000000000000,0.000107676258,0.000000000000,0.000000000000,0.000080128999,0.000000000000,0.000000000000,0.000082455853,0.000000000000,0.000000000000,0.000079780063,0.000000000000,0.000000000000,0.000078518589,0.000000000000,0.000000000000,0.000081030505,0.000000000000,0.000000000000,0.000080873499,0.000000000000,0.000000000000,0.000064299784,0.000000000000,0.000000000000,0.000061345987,0.000000000000,0.000000000000,0.000068441775
671,0.000000000000,0.000000000000,0.000139860830,0.000000000000,0.000000000000,0.000139860830,0.000000000000,0.000000000000,0.000139860830,0.000000000000,0.000000000000,0.000107952316,0.000000000000,0.000000000000,0.000107379693,0.000000000000,0.000000000000,0.000107676258,0.000000000000,0.000000000000,0.000080128999,0.000000000000,0.000000000000,0.000082455853,0.000000000000,0.000000000000,0.000079780063,0.000000000000,0.000000000000,0.000078518589,0.000000000000,0.000000000000,0.000081030505,0.000000000000,0.000000000000,0.000080873499,0.000000000000,0.000000000000,0.000064299784,0.000000000000,0.000000000000,0.000061345987,0.000000000000,0.000000000000,0.000068441775
672,0.000000000000,0.000000000000,0.000139860830,0.000000000000,0.000000000000,0.000139860830,0.000000000000,0.000000000000,0.000139860830,0.000000000000,0.000000000000,0.000107952316,0.000000000000,0.000000000000,0.000107379693,0.000000000000,0.000000000000,0.000107676258,0.000000000000,0.000000000000,0.000080128999,0.000000000000,0.000000000000,0.000082455853,0.000000000000,0.000000000000,0.000079780063,0.000000000000,0.000000000000,0.000078518589,0.000000000000,0.000000000000,0.000081030505,0.000000000000,0.000000000000,0.000080873499,0.000000000000,0.000000000000,0.000064300507,0.000000000000,0.000000000000,0.000061345987,0.000000000000,0.000000000000,0.000068441775
673,0.000000000000,0.000000000000,0.000139860830,0.000000000000,0.000000000000,0.000139860830,0.000000000000,0.000000000000,0.000139860830,0.000000000000,0.000000000000,0.000107952316,0.000000000000,0.000000000000,0.000107379693,0.000000000000,0.000000000000,0.000107676258,0.000000000000,0.000000000000,0.000080128999,0.000000000000,0.000000000000,0.000082455853,0.000000000000,0.000000000000,0.000079780063,0.000000000000,0.000000000000,0.000078518589,0.000000000000,0.000000000000,0.000081030505,0.000000000000,0.000000000000,0.000080873499,0.000000000000,0.000000000000,0.000064300507,0.000000000000,0.000000000000,0.000061345987,0.000000000000,0.000000000000,0.000068441775
674,0.000000000000,0.000000000000,0.000139860830,0.000000000000,0.000000000000,0.000139860830,0.000000000000,0.000000000000,0.000139860830,0.000000000000,0.000000000000,0.000107952316,0.000000000000,0.000000000000,0.000107379693,0.000000000000,0.000000000000,0.000107676258,0.000000000000,0.000000000000,0.000080128999,0.000000000000,0.000000000000,0.000082455853,0.000000000000,0.000000000000,0.000079780063,0.000000000000,0.000000000000,0.000078518589,0.000000000000,0.000000000000,0.000081030505,0.000000000000,0.000000000000,0.000080873499,0.000000000000,0.000000000000,0.000064300507,0.000000000000,0.000000000000,0.000061345987,0.000000000000,0.000000000000,0.000068473060
675,0.000000000000,0.000000000000,0.000139860830,0.000000000000,0.000000000000,0.000139860830,0.000000000000,0.000000000000,0.000139860830,0.000000000000,0.000000000000,0.000107952316,0.000000000000,0.000000000000,0.000107379693,0.000000000000,0.000000000000,0.000107676258,0.000000000000,0.000000000000,0.000080128999,0.000000000000,0.000000000000,0.000082455853,0.000000000000,0.000000000000,0.000079780063,0.000000000000,0.000000000000,0.000078518589,0.000000000000,0.000000000000,0.000081030505,0.000000000000,0.000000000000,0.000080873499,0.000000000000,0.000000000000,0.000064300507,0.000000000000,0.000000000000,0.000061345987,0.000000000000,0.000000000000,0.000068473060
676,0.000000000000,0.000000000000,0.000139860830,0.000000000000,0.000000000000,0.000139860830,0.000000000000,0.000000000000,0.000139860830,0.000000000000,0.000000000000,0.000107952316,0.000000000000,0.000000000000,0.000107379693,0.000000000000,0.000000000000,0.000107676258,0.000000000000,0.000000000000,0.000080128999,0.000000000000,0.000000000000,0.000082455853,0.000000000000,0.000000000000,0.000079780063,0.000000000000,0.000000000000,0.000078518589,0.000000000000,0.000000000000,0.000081030505,0.000000000000,0.000000000000,0.000080873499,0.000000000000,0.000000000000,0.000064300507,0.000000000000,0.000000000000,0.000061345987,0.000000000000,0.000000000000,0.000068473060
677,0.000000000000,0.000000000000,0.000139860830,0.000000000000,0.000000000000,0.000139860830,0.000000000000,0.000000000000,0.000139860830,0.000000000000,0.000000000000,0.000107952316,0.000000000000,0.000000000000,0.000107379693,0.000000000000,0.000000000000,0.000107676258,0.000000000000,0.000000000000,0.000080128999,0.000000000000,0.000000000000,0.000082455853,0.000000000000,0.000000000000,0.000079780063,0.000000000000,0.000000000000,0.000078518589,0.000000000000,0.000000000000,0.000081030505,0.000000000000,0.000000000000,0.000080873499,0.000000000000,0.000000000000,0.000064302895,0.000000000000,0.000000000000,0.000061345987,0.000000000000,0.000000000000,0.000068473060
678,0.000000000000,0.000000000000,0.000139860830,0.000000000000,0.000000000000,0.000139860830,0.000000000000,0.000000000000,0.000139860830,0.000000000000,0.000000000000,0.000107952316,0.000000000000,0.000000000000,0.000107379693,0.000000000000,0.000000000000,0.000107676258,0.000000000000,0.000000000000,0.000080128999,0.000000000000,0.000000000000,0.000082455853,0.000000000000,0.000000000000,0.000079780063,0.000000000000,0.000000000000,0.000078518589,0.000000000000,0.000000000000,0.000081030505,0.000000000000,0.000000000000,0.000080873499,0.000000000000,0.000000000000,0.000064302895,0.000000000000,0.000000000000,0.000061345987,0.000000000000,0.000000000000,0.000068473060
679,0.000000000000,0.000000000000,0.000139860830,0.000000000000,0.000000000000,0.000139860830,0.000000000000,0.000000000000,0.000139860830,0.000000000000,0.000000000000,0.000107952316,0.000000000000,0.000000000000,0.000107379693,0.000000000000,0.000000000000,0.000107676258,0.000000000000,0.000000000000,0.000080128999,0.000000000000,0.000000000000,0.000082455853,0.000000000000,0.000000000000,0.000079780063,0.000000000000,0.000000000000,0.000078518589,0.000000000000,0.000000000000,0.000081030505,0.000000000000,0.000000000000,0.000080873499,0.000000000000,0.000000000000,0.000064323021,0.000000000000,0.000000000000,0.000061345987,0.000000000000,0.000000000000,0.000068473060
680,0.000000000000,0.000000000000,0.000139860830,0.000000000000,0.000000000000,0.000139860830,0.000000000000,0.000000000000,0.000139860830,0.000000000000,0.000000000000,0.000107952316,0.000000000000,0.000000000000,0.000107379693,0.000000000000,0.000000000000,0.000107676258,0.000000000000,0.000000000000,0.000080128999,0.000000000000,0.000000000000,0.000082455853,0.000000000000,0.000000000000,0.000079780063,0.000000000000,0.000000000000,0.000078518589,0.000000000000,0.000000000000,0.000081030505,0.000000000000,0.000000000000,0.000080873499,0.000000000000,0.000000000000,0.000064323021,0.000000000000,0.000000000000,0.000061345987,0.000000000000,0.000000000000,0.000068473060
681,0.000000000000,0.000000000000,0.000139860830,0.000000000000,0.000000000000,0.000139860830,0.000000000000,0.000000000000,0.000139860830,0.000000000000,0.000000000000,0.000107952316,0.000000000000,0.000000000000,0.000107379693,0.000000000000,0.000000000000,0.000107676258,0.000000000000,0.000000000000,0.000080128999,0.000000000000,0.000000000000,0.000082455853,0.000000000000,0.000000000000,0.000079780063,0.000000000000,0.000000000000,0.000078518589,0.000000000000,0.000000000000,0.000081030505,0.000000000000,0.000000000000,0.000080873499,0.000000000000,0.000000000000,0.000064323021,0.000000000000,0.000000000000,0.000061345987,0.000000000000,0.000000000000,0.000068473060
682,0.000000000000,0.000000000000,0.000139860830,0.000000000000,0.000000000000,0.000139860830,0.000000000000,0.000000000000,0.000139860830,0.000000000000,0.000000000000,0.000107952316,0.000000000000,0.000000000000,0.000107379693,0.000000000000,0.000000000000,0.000107676258,0.000000000000,0.000000000000,0.000080128999,0.000000000000,0.000000000000,0.000082455853,0.000000000000,0.000000000000,0.000079780063,0.000000000000,0.000000000000,0.000078518589,0.000000000000,0.000000000000,0.000081030505,0.000000000000,0.000000000000,0.000080873499,0.000000000000,0.000000000000,0.000064323021,0.000000000000,0.000000000000,0.000061345987,0.000000000000,0.000000000000,0.000068473060
683,0.000000000000,0.000000000000,0.000139860830,0.000000000000,0.000000000000,0.000139860830,0.000000000000,0.000000000000,0.000139860830,0.000000000000,0.000000000000,0.000107952316,0.000000000000,0.000000000000,0.000107379693,0.000000000000,0.000000000000,0.000107676258,0.000000000000,0.000000000000,0.000080128999,0.000000000000,0.000000000000,0.000082455853,0.000000000000,0.000000000000,0.000079780063,0.000000000000,0.000000000000,0.000078518589,0.000000000000,0.000000000000,0.000081030505,0.000000000000,0.000000000000,0.000080873499,0.000000000000,0.000000000000,0.000064335235,0.000000000000,0.000000000000,0.000061345987,0.000000000000,0.000000000000,0.000068473060
684,0.000000000000,0.000000000000,0.000139860830,0.000000000000,0.000000000000,0.000139860830,0.000000000000,0.000000000000,0.000139860830,0.000000000000,0.000000000000,0.000107952316,0.000000000000,0.000000000000,0.000107379693,0.000000000000,0.000000000000,0.000107676258,0.000000000000,0.000000000000,0.000080128999,0.000000000000,0.000000000000,0.000082455853,0.000000000000,0.000000000000,0.000079780063,0.000000000000,0.000000000000,0.000078518589,0.000000000000,0.000000000000,0.000081030505,0.000000000000,0.000000000000,0.000080873499,0.000000000000,0.000000000000,0.000064362968,0.000000000000,0.000000000000,0.000061345987,0.000000000000,0.000000000000,0.000068473060
685,0.000000000000,0.000000000000,0.000139860830,0.000000000000,0.000000000000,0.000139860830,0.000000000000,0.000000000000,0.000139860830,0.000000000000,0.000000000000,0.000107952316,0.000000000000,0.000000000000,0.000107379693,0.000000000000,0.000000000000,0.000107676258,0.000000000000,0.000000000000,0.000080128999,0.000000000000,0.000000000000,0.000082455853,0.000000000000,0.000000000000,0.000079780063,0.000000000000,0.000000000000,0.000078518589,0.000000000000,0.000000000000,0.000081030505,0.000000000000,0.000000000000,0.000080873499,0.000000000000,0.000000000000,0.000064362968,0.000000000000,0.000000000000,0.000061345987,0.000000000000,0.000000000000,0.000068473060
686,0.000000000000,0.000000000000,0.000139860830,0.000000000000,0.000000000000,0.000139860830,0.000000000000,0.000000000000,0.000139860830,0.000000000000,0.000000000000,0.000107952316,0.000000000000,0.000000000000,0.000107379693,0.000000000000,0.000000000000,0.000107676258,0.000000000000,0.000000000000,0.000080128999,0.000000000000,0.000000000000,0.000082455853,0.000000000000,0.000000000000,0.000079780063,0.000000000000,0.000000000000,0.000078518589,0.000000000000,0.000000000000,0.000081030505,0.000000000000,0.000000000000,0.000080873499,0.000000000000,0.000000000000,0.000064362968,0.000000000000,0.000000000000,0.000061383067,0.000000000000,0.000000000000,0.000068473060
687,0.000000000000,0.000000000000,0.000139860830,0.000000000000,0.000000000000,0.000139860830,0.000000000000,0.000000000000,0.000139860830,0.000000000000,0.000000000000,0.000107952316,0.000000000000,0.000000000000,0.000107379693,0.000000000000,0.000000000000,0.000107676258,0.000000000000,0.000000000000,0.000080128999,0.000000000000,0.000000000000,0.000082455853,0.000000000000,0.000000000000,0.000079780063,0.000000000000,0.000000000000,0.000078556898,0.000000000000,0.000000000000,0.000081030505,0.000000000000,0.000000000000,0.000080873499,0.000000000000,0.000000000000,0.000064384287,0.000000000000,0.000000000000,0.000061383067,0.000000000000,0.000000000000,0.000068473060
688,0.000000000000,0.000000000000,0.000139860830,0.000000000000,0.000000000000,0.000139860830,0.000000000000,0.000000000000,0.000139860830,0.000000000000,0.000000000000,0.000107952316,0.000000000000,0.000000000000,0.000107379693,0.000000000000,0.000000000000,0.000107676258,0.000000000000,0.000000000000,0.000080128999,0.000000000000,0.000000000000,0.000082455853,0.000000000000,0.000000000000,0.000079780063,0.000000000000,0.000000000000,0.000078556898,0.000000000000,0.000000000000,0.000081030505,0.000000000000,0.000000000000,0.000080873499,0.000000000000,0.000000000000,0.000064387800,0.000000000000,0.000000000000,0.000061383067,0.000000000000,0.000000000000,0.000068473060
689,0.000000000000,0.000000000000,0.000139860830,0.000000000000,0.000000000000,0.000139860830,0.000000000000,0.000000000000,0.000139860830,0.000000000000,0.000000000000,0.000107952316,0.000000000000,0.000000000000,0.000107379693,0.000000000000,0.000000000000,0.000107676258,0.000000000000,0.000000000000,0.000080128999,0.000000000000,0.000000000000,0.000082455853,0.000000000000,0.000000000000,0.000079780063,0.000000000000,0.000000000000,0.000078556898,0.000000000000,0.000000000000,0.000081030505,0.000000000000,0.000000000000,0.000080873499,0.000000000000,0.000000000000,0.000064402220,0.000000000000,0.000000000000,0.000061383067,0.000000000000,0.000000000000,0.000068473060
690,0.000000000000,0.000000000000,0.000139860830,0.000000000000,0.000000000000,0.000139860830,0.000000000000,0.000000000000,0.000139860830,0.000000000000,0.000000000000,0.000107952316,0.000000000000,0.000000000000,0.000107379693,0.000000000000,0.000000000000,0.000107676258,0.000000000000,0.000000000000,0.000080128999,0.000000000000,0.000000000000,0.000082455853,0.000000000000,0.000000000000,0.000079780063,0.000000000000,0.000000000000,0.000078556898,0.000000000000,0.000000000000,0.000081030505,0.000000000000,0.000000000000,0.000080873499,0.000000000000,0.000000000000,0.000064402220,0.000000000000,0.000000000000,0.000061383067,0.000000000000,0.000000000000,0.000068473060
691,0.000000000000,0.000000000000,0.000139860830,0.000000000000,0.000000000000,0.000139860830,0.000000000000,0.000000000000,0.000139860830,0.000000000000,0.000000000000,0.000107952316,0.000000000000,0.000000000000,0.000107379693,0.000000000000,0.000000000000,0.000107676258,0.000000000000,0.000000000000,0.000080128999,0.000000000000,0.000000000000,0.000082455853,0.000000000000,0.000000000000,0.000079780063,0.000000000000,0.000000000000,0.000078556898,0.000000000000,0.000000000000,0.000081030505,0.000000000000,0.000000000000,0.000080873499,0.000000000000,0.000000000000,0.000064402220,0.000000000000,0.000000000000,0.000061383067,0.000000000000,0.000000000000,0.000068473060
692,0.000000000000,0.000000000000,0.000139860830,0.000000000000,0.000000000000,0.000139860830,0.000000000000,0.000000000000,0.000139860830,0.000000000000,0.000000000000,0.000107952316,0.000000000000,0.000000000000,0.000107379693,0.000000000000,0.000000000000,0.000107676258,0.000000000000,0.000000000000,0.000080128999,0.000000000000,0.000000000000,0.000082455853,0.000000000000,0.000000000000,0.000079780063,0.000000000000,0.000000000000,0.000078596401,0.000000000000,0.000000000000,0.000081030505,0.000000000000,0.000000000000,0.000080873499,0.000000000000,0.000000000000,0.000064402220,0.000000000000,0.000000000000,0.000061383067,0.000000000000,0.000000000000,0.000068473060
693,0.000000000000,0.000000000000,0.000139860830,0.000000000000,0.000000000000,0.000139860830,0.000000000000,0.000000000000,0.000139860830,0.000000000000,0.000000000000,0.000107952316,0.000000000000,0.000000000000,0.000107379693,0.000000000000,0.000000000000,0.000107676258,0.000000000000,0.000000000000,0.000080128999,0.000000000000,0.000000000000,0.000082455853,0.000000000000,0.000000000000,0.000079780063,0.000000000000,0.000000000000,0.000078596401,0.000000000000,0.000000000000,0.000081030505,0.000000000000,0.000000000000,0.000080873499,0.000000000000,0.000000000000,0.000064402220,0.000000000000,0.000000000000,0.000061383067,0.000000000000,0.000000000000,0.000068473060
694,0.000000000000,0.000000000000,0.000139860830,0.000000000000,0.000000000000,0.000139860830,0.000000000000,0.000000000000,0.000139860830,0.000000000000,0.000000000000,0.000107952316,0.000000000000,0.000000000000,0.000107379693,0.000000000000,0.000000000000,0.000107676258,0.000000000000,0.000000000000,0.000080128999,0.000000000000,0.000000000000,0.000082455853,0.000000000000,0.000000000000,0.000079780063,0.000000000000,0.000000000000,0.000078596401,0.000000000000,0.000000000000,0.000081030505,0.000000000000,0.000000000000,0.000080873499,0.000000000000,0.000000000000,0.000064431627,0.000000000000,0.000000000000,0.000061383067,0.000000000000,0.000000000000,0.000068473060
695,0.000000000000,0.000000000000,0.000139860830,0.000000000000,0.000000000000,0.000139860830,0.000000000000,0.000000000000,0.000139860830,0.000000000000,0.000000000000,0.000107952316,0.000000000000,0.000000000000,0.000107379693,0.000000000000,0.000000000000,0.000107676258,0.000000000000,0.000000000000,0.000080128999,0.000000000000,0.000000000000,0.000082455853,0.000000000000,0.000000000000,0.000079780063,0.000000000000,0.000000000000,0.000078596401,0.000000000000,0.000000000000,0.000081030505,0.000000000000,0.000000000000,0.000080873499,0.000000000000,0.000000000000,0.000064435682,0.000000000000,0.000000000000,0.000061426447,0.000000000000,0.000000000000,0.000068473060
696,0.000000000000,0.000000000000,0.000139860830,0.000000000000,0.000000000000,0.000139860830,0.000000000000,0.000000000000,0.000139860830,0.000000000000,0.000000000000,0.000107952316,0.000000000000,0.000000000000,0.000107379693,0.000000000000,0.000000000000,0.000107676258,0.000000000000,0.000000000000,0.000080128999,0.000000000000,0.000000000000,0.000082455853,0.000000000000,0.000000000000,0.000079780063,0.000000000000,0.000000000000,0.000078596401,0.000000000000,0.000000000000,0.000081030505,0.000000000000,0.000000000000,0.000080873499,0.000000000000,0.000000000000,0.000064494042,0.000000000000,0.000000000000,0.000061426447,0.000000000000,0.000000000000,0.000068473060
697,0.000000000000,0.000000000000,0.000139860830,0.000000000000,0.000000000000,0.000139860830,0.000000000000,0.000000000000,0.000139860830,0.000000000000,0.000000000000,0.000107952316,0.000000000000,0.000000000000,0.000107379693,0.000000000000,0.000000000000,0.000107676258,0.000000000000,0.000000000000,0.000080128999,0.000000000000,0.000000000000,0.000082455853,0.000000000000,0.000000000000,0.000079780063,0.000000000000,0.000000000000,0.000078596401,0.000000000000,0.000000000000,0.000081030505,0.000000000000,0.000000000000,0.000080873499,0.000000000000,0.000000000000,0.000064497029,0.000000000000,0.000000000000,0.000061426447,0.000000000000,0.000000000000,0.000068473060
698,0.000000000000,0.000000000000,0.000139860830,0.000000000000,0.000000000000,0.000139860830,0.000000000000,0.000000000000,0.000139860830,0.000000000000,0.000000000000,0.000107952316,0.000000000000,0.000000000000,0.000107379693,0.000000000000,0.000000000000,0.000107676258,0.000000000000,0.000000000000,0.000080128999,0.000000000000,0.000000000000,0.000082455853,0.000000000000,0.000000000000,0.000079780063,0.000000000000,0.000000000000,0.000078596401,0.000000000000,0.000000000000,0.000081030505,0.000000000000,0.000000000000,0.000080873499,0.000000000000,0.000000000000,0.000064497029,0.000000000000,0.000000000000,0.000061426447,0.000000000000,0.000000000000,0.000068473060
699,0.000000000000,0.000000000000,0.000139860830,0.000000000000,0.000000000000,0.000139860830,0.000000000000,0.000000000000,0.000139860830,0.000000000000,0.000000000000,0.000107952316,0.000000000000,0.000000000000,0.000107379693,0.000000000000,0.000000000000,0.000107676258,0.000000000000,0.000000000000,0.000080128999,0.000000000000,0.000000000000,0.000082455853,0.000000000000,0.000000000000,0.000079780063,0.000000000000,0.000000000000,0.000078596401,0.000000000000,0.000000000000,0.000081030505,0.000000000000,0.000000000000,0.000080873499,0.000000000000,0.000000000000,0.000064540428,0.000000000000,0.000000000000,0.000061426447,0.000000000000,0.000000000000,0.000068473060
700,0.000000000000,0.000000000000,0.000139860830,0.000000000000,0.000000000000,0.000139860830,0.000000000000,0.000000000000,0.000139860830,0.000000000000,0.000000000000,0.000107952316,0.000000000000,0.000000000000,0.000107379693,0.000000000000,0.000000000000,0.000107676258,0.000000000000,0.000000000000,0.000080128999,0.000000000000,0.000000000000,0.000082455853,0.000000000000,0.000000000000,0.000079780063,0.000000000000,0.000000000000,0.000078596401,0.000000000000,0.000000000000,0.000081030505,0.000000000000,0.000000000000,0.000080873499,0.000000000000,0.000000000000,0.000064625650,0.000000000000,0.000000000000,0.000061439256,0.000000000000,0.000000000000,0.000068473060
701,0.000000000000,0.000000000000,0.000139860830,0.000000000000,0.000000000000,0.000139860830,0.000000000000,0.000000000000,0.000139860830,0.000000000000,0.000000000000,0.000107952316,0.000000000000,0.000000000000,0.000107379693,0.000000000000,0.000000000000,0.000107676258,0.000000000000,0.000000000000,0.000080128999,0.000000000000,0.000000000000,0.000082455853,0.000000000000,0.000000000000,0.000079780063,0.000000000000,0.000000000000,0.000078596401,0.000000000000,0.000000000000,0.000081030505,0.000000000000,0.000000000000,0.000080873499,0.000000000000,0.000000000000,0.000064625650,0.000000000000,0.000000000000,0.000061439256,0.000000000000,0.000000000000,0.000068473060
702,0.000000000000,0.000000000000,0.000139860830,0.000000000000,0.000000000000,0.000139860830,0.000000000000,0.000000000000,0.000139860830,0.000000000000,0.000000000000,0.000107952316,0.000000000000,0.000000000000,0.000107379693,0.000000000000,0.000000000000,0.000107676258,0.000000000000,0.000000000000,0.000080128999,0.000000000000,0.000000000000,0.000082455853,0.000000000000,0.000000000000,0.000079780063,0.000000000000,0.000000000000,0.000078596401,0.000000000000,0.000000000000,0.000081030505,0.000000000000,0.000000000000,0.000080873499,0.000000000000,0.000000000000,0.000064639068,0.000000000000,0.000000000000,0.000061439256,0.000000000000,0.000000000000,0.000068473060
703,0.000000000000,0.000000000000,0.000139860830,0.000000000000,0.000000000000,0.000139860830,0.000000000000,0.000000000000,0.000139860830,0.000000000000,0.000000000000,0.000107952316,0.000000000000,0.000000000000,0.000107379693,0.000000000000,0.000000000000,0.000107676258,0.000000000000,0.000000000000,0.000080128999,0.000000000000,0.000000000000,0.000082455853,0.000000000000,0.000000000000,0.000079780334,0.000000000000,0.000000000000,0.000078596401,0.000000000000,0.000000000000,0.000081030505,0.000000000000,0.000000000000,0.000080873499,0.000000000000,0.000000000000,0.000064639068,0.000000000000,0.000000000000,0.000061444813,0.000000000000,0.000000000000,0.000068473060
704,0.000000000000,0.000000000000,0.000139860830,0.000000000000,0.000000000000,0.000139860830,0.000000000000,0.000000000000,0.000139860830,0.000000000000,0.000000000000,0.000107952316,0.000000000000,0.000000000000,0.000107379693,0.000000000000,0.000000000000,0.000107676258,0.000000000000,0.000000000000,0.000080128999,0.000000000000,0.000000000000,0.000082455853,0.000000000000,0.000000000000,0.000079780334,0.000000000000,0.000000000000,0.000078596401,0.000000000000,0.000000000000,0.000081030505,0.000000000000,0.000000000000,0.000080873499,0.000000000000,0.000000000000,0.000064650387,0.000000000000,0.000000000000,0.000061444813,0.000000000000,0.000000000000,0.000068473060
705,0.000000000000,0.000000000000,0.000139860830,0.000000000000,0.000000000000,0.000139860830,0.000000000000,0.000000000000,0.000139860830,0.000000000000,0.000000000000,0.000107952316,0.000000000000,0.000000000000,0.000107379693,0.000000000000,0.000000000000,0.000107676258,0.000000000000,0.000000000000,0.000080128999,0.000000000000,0.000000000000,0.000082455853,0.000000000000,0.000000000000,0.000079780334,0.000000000000,0.000000000000,0.000078596401,0.000000000000,0.000000000000,0.000081030505,0.000000000000,0.000000000000,0.000080873499,0.000000000000,0.000000000000,0.000064668430,0.000000000000,0.000000000000,0.000061445743,0.000000000000,0.000000000000,0.000068473060
706,0.000000000000,0.000000000000,0.000139860830,0.000000000000,0.000000000000,0.000139860830,0.000000000000,0.000000000000,0.000139860830,0.000000000000,0.000000000000,0.000107952316,0.000000000000,0.000000000000,0.000107379693,0.000000000000,0.000000000000,0.000107676258,0.000000000000,0.000000000000,0.000080128999,0.000000000000,0.000000000000,0.000082455853,0.000000000000,0.000000000000,0.000079780334,0.000000000000,0.000000000000,0.000078596401,0.000000000000,0.000000000000,0.000081030505,0.000000000000,0.000000000000,0.000080873499,0.000000000000,0.000000000000,0.000064712090,0.000000000000,0.000000000000,0.000061445743,0.000000000000,0.000000000000,0.000068473060
707,0.000000000000,0.000000000000,0.000139860830,0.000000000000,0.000000000000,0.000139860830,0.000000000000,0.000000000000,0.000139860830,0.000000000000,0.000000000000,0.000107952316,0.000000000000,0.000000000000,0.000107379693,0.000000000000,0.000000000000,0.000107676258,0.000000000000,0.000000000000,0.000080128999,0.000000000000,0.000000000000,0.000082455853,0.000000000000,0.000000000000,0.000079780334,0.000000000000,0.000000000000,0.000078596401,0.000000000000,0.000000000000,0.000081030505,0.000000000000,0.000000000000,0.000080873499,0.000000000000,0.000000000000,0.000064730184,0.000000000000,0.000000000000,0.000061445743,0.000000000000,0.000000000000,0.000068473060
708,0.000000000000,0.000000000000,0.000139860830,0.000000000000,0.000000000000,0.000139860830,0.000000000000,0.000000000000,0.000139860830,0.000000000000,0.000000000000,0.000107952316,0.000000000000,0.000000000000,0.000107379693,0.000000000000,0.000000000000,0.000107676258,0.000000000000,0.000000000000,0.000080128999,0.000000000000,0.000000000000,0.000082455853,0.000000000000,0.000000000000,0.000079780334,0.000000000000,0.000000000000,0.000078596401,0.000000000000,0.000000000000,0.000081030505,0.000000000000,0.000000000000,0.000080873499,0.000000000000,0.000000000000,0.000064775173,0.000000000000,0.000000000000,0.000061445743,0.000000000000,0.000000000000,0.000068473060
709,0.000000000000,0.000000000000,0.000139860830,0.000000000000,0.000000000000,0.000139860830,0.000000000000,0.000000000000,0.000139860830,0.000000000000,0.000000000000,0.000107952316,0.000000000000,0.000000000000,0.000107379693,0.000000000000,0.000000000000,0.000107676258,0.000000000000,0.000000000000,0.000080128999,0.000000000000,0.000000000000,0.000082455853,0.000000000000,0.000000000000,0.000079780334,0.000000000000,0.000000000000,0.000078596401,0.000000000000,0.000000000000,0.000081030505,0.000000000000,0.000000000000,0.000080873499,0.000000000000,0.000000000000,0.000064782236,0.000000000000,0.000000000000,0.000061445743,0.000000000000,0.000000000000,0.000068473060
710,0.000000000000,0.000000000000,0.000139860830,0.000000000000,0.000000000000,0.000139860830,0.000000000000,0.000000000000,0.000139860830,0.000000000000,0.000000000000,0.000107952316,0.000000000000,0.000000000000,0.000107379693,0.000000000000,0.000000000000,0.000107676258,0.000000000000,0.000000000000,0.000080128999,0.000000000000,0.000000000000,0.000082455853,0.000000000000,0.000000000000,0.000079780334,0.000000000000,0.000000000000,0.000078596401,0.000000000000,0.000000000000,0.000081030505,0.000000000000,0.000000000000,0.000080873499,0.000000000000,0.000000000000,0.000064782236,0.000000000000,0.000000000000,0.000061445743,0.000000000000,0.000000000000,0.000068473060
711,0.000000000000,0.000000000000,0.000139860830,0.000000000000,0.000000000000,0.000139860830,0.000000000000,0.000000000000,0.000139860830,0.000000000000,0.000000000000,0.000107952316,0.000000000000,0.000000000000,0.000107379693,0.000000000000,0.000000000000,0.000107676258,0.000000000000,0.000000000000,0.000080128999,0.000000000000,0.000000000000,0.000082455853,0.000000000000,0.000000000000,0.000079780334,0.000000000000,0.000000000000,0.000078596401,0.000000000000,0.000000000000,0.000081030505,0.000000000000,0.000000000000,0.000080873499,0.000000000000,0.000000000000,0.000064782236,0.000000000000,0.000000000000,0.000061445743,0.000000000000,0.000000000000,0.000068473060
712,0.000000000000,0.000000000000,0.000139860830,0.000000000000,0.000000000000,0.000139860830,0.000000000000,0.000000000000,0.000139860830,0.000000000000,0.000000000000,0.000107952316,0.000000000000,0.000000000000,0.000107379693,0.000000000000,0.000000000000,0.000107676258,0.000000000000,0.000000000000,0.000080128999,0.000000000000,0.000000000000,0.000082455853,0.000000000000,0.000000000000,0.000079780334,0.000000000000,0.000000000000,0.000078596401,0.000000000000,0.000000000000,0.000081030505,0.000000000000,0.000000000000,0.000080873499,0.000000000000,0.000000000000,0.000064782236,0.000000000000,0.000000000000,0.000061445743,0.000000000000,0.000000000000,0.000068473060
713,0.000000000000,0.000000000000,0.000139860830,0.000000000000,0.000000000000,0.000139860830,0.000000000000,0.000000000000,0.000139860830,0.000000000000,0.000000000000,0.000107952316,0.000000000000,0.000000000000,0.000107379693,0.000000000000,0.000000000000,0.000107676258,0.000000000000,0.000000000000,0.000080128999,0.000000000000,0.000000000000,0.000082455853,0.000000000000,0.000000000000,0.000079780334,0.000000000000,0.000000000000,0.000078596401,0.000000000000,0.000000000000,0.000081030505,0.000000000000,0.000000000000,0.000080873499,0.000000000000,0.000000000000,0.000064823909,0.000000000000,0.000000000000,0.000061445743,0.000000000000,0.000000000000,0.000068473060
714,0.000000000000,0.000000000000,0.000139860830,0.000000000000,0.000000000000,0.000139860830,0.000000000000,0.000000000000,0.000139860830,0.000000000000,0.000000000000,0.000107952316,0.000000000000,0.000000000000,0.000107379693,0.000000000000,0.000000000000,0.000107676258,0.000000000000,0.000000000000,0.000080128999,0.000000000000,0.000000000000,0.000082455853,0.000000000000,0.000000000000,0.000079780334,0.000000000000,0.000000000000,0.000078596401,0.000000000000,0.000000000000,0.000081030505,0.000000000000,0.000000000000,0.000080873499,0.000000000000,0.000000000000,0.000064823909,0.000000000000,0.000000000000,0.000061639965,0.000000000000,0.000000000000,0.000068473060
715,0.000000000000,0.000000000000,0.000139860830,0.000000000000,0.000000000000,0.000139860830,0.000000000000,0.000000000000,0.000139860830,0.000000000000,0.000000000000,0.000107952316,0.000000000000,0.000000000000,0.000107379693,0.000000000000,0.000000000000,0.000107676258,0.000000000000,0.000000000000,0.000080128999,0.000000000000,0.000000000000,0.000082455853,0.000000000000,0.000000000000,0.000079780334,0.000000000000,0.000000000000,0.000078596401,0.000000000000,0.000000000000,0.000081030505,0.000000000000,0.000000000000,0.000080873499,0.000000000000,0.000000000000,0.000064823909,0.000000000000,0.000000000000,0.000061688403,0.000000000000,0.000000000000,0.000068473060
716,0.000000000000,0.000000000000,0.000139860830,0.000000000000,0.000000000000,0.000139860830,0.000000000000,0.000000000000,0.000139860830,0.000000000000,0.000000000000,0.000107952316,0.000000000000,0.000000000000,0.000107379693,0.000000000000,0.000000000000,0.000107676258,0.000000000000,0.000000000000,0.000080128999,0.000000000000,0.000000000000,0.000082455853,0.000000000000,0.000000000000,0.000079780334,0.000000000000,0.000000000000,0.000078596401,0.000000000000,0.000000000000,0.000081030505,0.000000000000,0.000000000000,0.000080873499,0.000000000000,0.000000000000,0.000064848605,0.000000000000,0.000000000000,0.000061688403,0.000000000000,0.000000000000,0.000068473060
717,0.000000000000,0.000000000000,0.000139860830,0.000000000000,0.000000000000,0.000139860830,0.000000000000,0.000000000000,0.000139860830,0.000000000000,0.000000000000,0.000107952316,0.000000000000,0.000000000000,0.000107379693,0.000000000000,0.000000000000,0.000107676258,0.000000000000,0.000000000000,0.000080128999,0.000000000000,0.000000000000,0.000082455853,0.000000000000,0.000000000000,0.000079780334,0.000000000000,0.000000000000,0.000078596401,0.000000000000,0.000000000000,0.000081030505,0.000000000000,0.000000000000,0.000080873499,0.000000000000,0.000000000000,0.000064848605,0.000000000000,0.000000000000,0.000061688403,0.000000000000,0.000000000000,0.000068473060
718,0.000000000000,0.000000000000,0.000139860830,0.000000000000,0.000000000000,0.000139860830,0.000000000000,0.000000000000,0.000139860830,0.000000000000,0.000000000000,0.000107952316,0.000000000000,0.000000000000,0.000107379693,0.000000000000,0.000000000000,0.000107676258,0.000000000000,0.000000000000,0.000080128999,0.000000000000,0.000000000000,0.000082455853,0.000000000000,0.000000000000,0.000079780334,0.000000000000,0.000000000000,0.000078596401,0.000000000000,0.000000000000,0.000081030505,0.000000000000,0.000000000000,0.000080873499,0.000000000000,0.000000000000,0.000064869194,0.000000000000,0.000000000000,0.000061730624,0.000000000000,0.000000000000,0.000068473060
719,0.000000000000,0.000000000000,0.000139860830,0.000000000000,0.000000000000,0.000139860830,0.000000000000,0.000000000000,0.000139860830,0.000000000000,0.000000000000,0.000107952316,0.000000000000,0.000000000000,0.000107379693,0.000000000000,0.000000000000,0.000107676258,0.000000000000,0.000000000000,0.000080128999,0.000000000000,0.000000000000,0.000082455853,0.000000000000,0.000000000000,0.000079780334,0.000000000000,0.000000000000,0.000078596401,0.000000000000,0.000000000000,0.000081030505,0.000000000000,0.000000000000,0.000080873499,0.000000000000,0.000000000000,0.000064869194,0.000000000000,0.000000000000,0.000061730624,0.000000000000,0.000000000000,0.000068473060
720,0.000000000000,0.000000000000,0.000139860830,0.000000000000,0.000000000000,0.000139860830,0.000000000000,0.000000000000,0.000139860830,0.000000000000,0.000000000000,0.000107952316,0.000000000000,0.000000000000,0.000107379693,0.000000000000,0.000000000000,0.000107676258,0.000000000000,0.000000000000,0.000080128999,0.000000000000,0.000000000000,0.000082455853,0.000000000000,0.000000000000,0.000079780334,0.000000000000,0.000000000000,0.000078596401,0.000000000000,0.000000000000,0.000081030505,0.000000000000,0.000000000000,0.000080873499,0.000000000000,0.000000000000,0.000064879166,0.000000000000,0.000000000000,0.000061730624,0.000000000000,0.000000000000,0.000068473060
721,0.000000000000,0.000000000000,0.000139860830,0.000000000000,0.000000000000,0.000139860830,0.000000000000,0.000000000000,0.000139860830,0.000000000000,0.000000000000,0.000107952316,0.000000000000,0.000000000000,0.000107379693,0.000000000000,0.000000000000,0.000107676258,0.000000000000,0.000000000000,0.000080128999,0.000000000000,0.000000000000,0.000082455853,0.000000000000,0.000000000000,0.000079780334,0.000000000000,0.000000000000,0.000078596401,0.000000000000,0.000000000000,0.000081030505,0.000000000000,0.000000000000,0.000080873499,0.000000000000,0.000000000000,0.000064984767,0.000000000000,0.000000000000,0.000061730624,0.000000000000,0.000000000000,0.000068473060
722,0.000000000000,0.000000000000,0.000139860830,0.000000000000,0.000000000000,0.000139860830,0.000000000000,0.000000000000,0.000139860830,0.000000000000,0.000000000000,0.000107952316,0.000000000000,0.000000000000,0.000107379693,0.000000000000,0.000000000000,0.000107676258,0.000000000000,0.000000000000,0.000080128999,0.000000000000,0.000000000000,0.000082455853,0.000000000000,0.000000000000,0.000079780334,0.000000000000,0.000000000000,0.000078596401,0.000000000000,0.000000000000,0.000081030505,0.000000000000,0.000000000000,0.000080873499,0.000000000000,0.000000000000,0.000064984767,0.000000000000,0.000000000000,0.000061730624,0.000000000000,0.000000000000,0.000068473060
723,0.000000000000,0.000000000000,0.000139860830,0.000000000000,0.000000000000,0.000139860830,0.000000000000,0.000000000000,0.000139860830,0.000000000000,0.000000000000,0.000107952316,0.000000000000,0.000000000000,0.000107379693,0.000000000000,0.000000000000,0.000107676258,0.000000000000,0.000000000000,0.000080128999,0.000000000000,0.000000000000,0.000082455853,0.000000000000,0.000000000000,0.000079780334,0.000000000000,0.000000000000,0.000078596401,0.000000000000,0.000000000000,0.000081030505,0.000000000000,0.000000000000,0.000080873499,0.000000000000,0.000000000000,0.000064990659,0.000000000000,0.000000000000,0.000061759960,0.000000000000,0.000000000000,0.000068473060
724,0.000000000000,0.000000000000,0.000139860830,0.000000000000,0.000000000000,0.000139860830,0.000000000000,0.000000000000,0.000139860830,0.000000000000,0.000000000000,0.000107952316,0.000000000000,0.000000000000,0.000107379693,0.000000000000,0.000000000000,0.000107676258,0.000000000000,0.000000000000,0.000080128999,0.000000000000,0.000000000000,0.000082455853,0.000000000000,0.000000000000,0.000079780334,0.000000000000,0.000000000000,0.000078596401,0.000000000000,0.000000000000,0.000081030505,0.000000000000,0.000000000000,0.000080873499,0.000000000000,0.000000000000,0.000064990659,0.000000000000,0.000000000000,0.000061759960,0.000000000000,0.000000000000,0.000068473060
725,0.000000000000,0.000000000000,0.000139860830,0.000000000000,0.000000000000,0.000139860830,0.000000000000,0.000000000000,0.000139860830,0.000000000000,0.000000000000,0.000107952316,0.000000000000,0.000000000000,0.000107379693,0.000000000000,0.000000000000,0.000107676258,0.000000000000,0.000000000000,0.000080128999,0.000000000000,0.000000000000,0.000082455853,0.000000000000,0.000000000000,0.000079780334,0.000000000000,0.000000000000,0.000078596401,0.000000000000,0.000000000000,0.000081030505,0.000000000000,0.000000000000,0.000080873499,0.000000000000,0.000000000000,0.000065140968,0.000000000000,0.000000000000,0.000061759960,0.000000000000,0.000000000000,0.000068473060
726,0.000000000000,0.000000000000,0.000139860830,0.000000000000,0.000000000000,0.000139860830,0.000000000000,0.000000000000,0.000139860830,0.000000000000,0.000000000000,0.000107952316,0.000000000000,0.000000000000,0.000107379693,0.000000000000,0.000000000000,0.000107676258,0.000000000000,0.000000000000,0.000080128999,0.000000000000,0.000000000000,0.000082455853,0.000000000000,0.000000000000,0.000079780334,0.000000000000,0.000000000000,0.000078596401,0.000000000000,0.000000000000,0.000081030505,0.000000000000,0.000000000000,0.000080873499,0.000000000000,0.000000000000,0.000065174954,0.000000000000,0.000000000000,0.000061759960,0.000000000000,0.000000000000,0.000068473060
727,0.000000000000,0.000000000000,0.000139860830,0.000000000000,0.000000000000,0.000139860830,0.000000000000,0.000000000000,0.000139860830,0.000000000000,0.000000000000,0.000107952316,0.000000000000,0.000000000000,0.000107379693,0.000000000000,0.000000000000,0.000107676258,0.000000000000,0.000000000000,0.000080128999,0.000000000000,0.000000000000,0.000082455853,0.000000000000,0.000000000000,0.000079780334,0.000000000000,0.000000000000,0.000078596401,0.000000000000,0.000000000000,0.000081030505,0.000000000000,0.000000000000,0.000080873499,0.000000000000,0.000000000000,0.000065174954,0.000000000000,0.000000000000,0.000061759960,0.000000000000,0.000000000000,0.000068473060
728,0.000000000000,0.000000000000,0.000139860830,0.000000000000,0.000000000000,0.000139860830,0.000000000000,0.000000000000,0.000139860830,0.000000000000,0.000000000000,0.000107952316,0.000000000000,0.000000000000,0.000107379693,0.000000000000,0.000000000000,0.000107676258,0.000000000000,0.000000000000,0.000080128999,0.000000000000,0.000000000000,0.000082455853,0.000000000000,0.000000000000,0.000079780334,0.000000000000,0.000000000000,0.000078596401,0.000000000000,0.000000000000,0.000081030505,0.000000000000,0.000000000000,0.000080873499,0.000000000000,0.000000000000,0.000065174954,0.000000000000,0.000000000000,0.000061759960,0.000000000000,0.000000000000,0.000068473060
729,0.000000000000,0.000000000000,0.000139860830,0.000000000000,0.000000000000,0.000139860830,0.000000000000,0.000000000000,0.000139860830,0.000000000000,0.000000000000,0.000107952316,0.000000000000,0.000000000000,0.000107379693,0.000000000000,0.000000000000,0.000107676258,0.000000000000,0.000000000000,0.000080128999,0.000000000000,0.000000000000,0.000082455853,0.000000000000,0.000000000000,0.000079780334,0.000000000000,0.000000000000,0.000078596401,0.000000000000,0.000000000000,0.000081030505,0.000000000000,0.000000000000,0.000080873499,0.000000000000,0.000000000000,0.000065210037,0.000000000000,0.000000000000,0.000061787112,0.000000000000,0.000000000000,0.000068473060
730,0.000000000000,0.000000000000,0.000139860830,0.000000000000,0.000000000000,0.000139860830,0.000000000000,0.000000000000,0.000139860830,0.000000000000,0.000000000000,0.000107952316,0.000000000000,0.000000000000,0.000107379693,0.000000000000,0.000000000000,0.000107676258,0.000000000000,0.000000000000,0.000080128999,0.000000000000,0.000000000000,0.000082455853,0.000000000000,0.000000000000,0.000079780334,0.000000000000,0.000000000000,0.000078596401,0.000000000000,0.000000000000,0.000081030505,0.000000000000,0.000000000000,0.000080873499,0.000000000000,0.000000000000,0.000065210037,0.000000000000,0.000000000000,0.000061787112,0.000000000000,0.000000000000,0.000068473060
731,0.000000000000,0.000000000000,0.000139860830,0.000000000000,0.000000000000,0.000139860830,0.000000000000,0.000000000000,0.000139860830,0.000000000000,0.000000000000,0.000107952316,0.000000000000,0.000000000000,0.000107379693,0.000000000000,0.000000000000,0.000107676258,0.000000000000,0.000000000000,0.000080128999,0.000000000000,0.000000000000,0.000082455853,0.000000000000,0.000000000000,0.000079780334,0.000000000000,0.000000000000,0.000078596401,0.000000000000,0.000000000000,0.000081030505,0.000000000000,0.000000000000,0.000080873499,0.000000000000,0.000000000000,0.000065211545,0.000000000000,0.000000000000,0.000061787112,0.000000000000,0.000000000000,0.000068473060
732,0.000000000000,0.000000000000,0.000139860830,0.000000000000,0.000000000000,0.000139860830,0.000000000000,0.000000000000,0.000139860830,0.000000000000,0.000000000000,0.000107952316,0.000000000000,0.000000000000,0.000107379693,0.000000000000,0.000000000000,0.000107676258,0.000000000000,0.000000000000,0.000080128999,0.000000000000,0.000000000000,0.000082455853,0.000000000000,0.000000000000,0.000079780334,0.000000000000,0.000000000000,0.000078596401,0.000000000000,0.000000000000,0.000081030505,0.000000000000,0.000000000000,0.000080873499,0.000000000000,0.000000000000,0.000065211545,0.000000000000,0.000000000000,0.000061787112,0.000000000000,0.000000000000,0.000068473060
733,0.000000000000,0.000000000000,0.000139860830,0.000000000000,0.000000000000,0.000139860830,0.000000000000,0.000000000000,0.000139860830,0.000000000000,0.000000000000,0.000107952316,0.000000000000,0.000000000000,0.000107379693,0.000000000000,0.000000000000,0.000107676258,0.000000000000,0.000000000000,0.000080128999,0.000000000000,0.000000000000,0.000082455853,0.000000000000,0.000000000000,0.000079780334,0.000000000000,0.000000000000,0.000078596401,0.000000000000,0.000000000000,0.000081030505,0.000000000000,0.000000000000,0.000080873499,0.000000000000,0.000000000000,0.000065211545,0.000000000000,0.000000000000,0.000061787112,0.000000000000,0.000000000000,0.000068473060
734,0.000000000000,0.000000000000,0.000139860830,0.000000000000,0.000000000000,0.000139860830,0.000000000000,0.000000000000,0.000139860830,0.000000000000,0.000000000000,0.000107952316,0.000000000000,0.000000000000,0.000107379693,0.000000000000,0.000000000000,0.000107676258,0.000000000000,0.000000000000,0.000080128999,0.000000000000,0.000000000000,0.000082455853,0.000000000000,0.000000000000,0.000079780334,0.000000000000,0.000000000000,0.000078596401,0.000000000000,0.000000000000,0.000081030505,0.000000000000,0.000000000000,0.000080873499,0.000000000000,0.000000000000,0.000065215222,0.000000000000,0.000000000000,0.000061787112,0.000000000000,0.000000000000,0.000068473060
735,0.000000000000,0.000000000000,0.000139860830,0.000000000000,0.000000000000,0.000139860830,0.000000000000,0.000000000000,0.000139860830,0.000000000000,0.000000000000,0.000107952316,0.000000000000,0.000000000000,0.000107379693,0.000000000000,0.000000000000,0.000107676258,0.000000000000,0.000000000000,0.000080128999,0.000000000000,0.000000000000,0.000082455853,0.000000000000,0.000000000000,0.000079780334,0.000000000000,0.000000000000,0.000078596401,0.000000000000,0.000000000000,0.000081030505,0.000000000000,0.000000000000,0.000080873499,0.000000000000,0.000000000000,0.000065242822,0.000000000000,0.000000000000,0.000061787112,0.000000000000,0.000000000000,0.000068473060
736,0.000000000000,0.000000000000,0.000139860830,0.000000000000,0.000000000000,0.000139860830,0.000000000000,0.000000000000,0.000139860830,0.000000000000,0.000000000000,0.000107952316,0.000000000000,0.000000000000,0.000107379693,0.000000000000,0.000000000000,0.000107676258,0.000000000000,0.000000000000,0.000080128999,0.000000000000,0.000000000000,0.000082455853,0.000000000000,0.000000000000,0.000079780334,0.000000000000,0.000000000000,0.000078596401,0.000000000000,0.000000000000,0.000081030505,0.000000000000,0.000000000000,0.000080873499,0.000000000000,0.000000000000,0.000065293983,0.000000000000,0.000000000000,0.000061787112,0.000000000000,0.000000000000,0.000068473060
737,0.000000000000,0.000000000000,0.000139860830,0.000000000000,0.000000000000,0.000139860830,0.000000000000,0.000000000000,0.000139860830,0.000000000000,0.000000000000,0.000107952316,0.000000000000,0.000000000000,0.000107379693,0.000000000000,0.000000000000,0.000107676258,0.000000000000,0.000000000000,0.000080128999,0.000000000000,0.000000000000,0.000082455853,0.000000000000,0.000000000000,0.000079780334,0.000000000000,0.000000000000,0.000078596401,0.000000000000,0.000000000000,0.000081030505,0.000000000000,0.000000000000,0.000080873499,0.000000000000,0.000000000000,0.000065336164,0.000000000000,0.000000000000,0.000061787112,0.000000000000,0.000000000000,0.000068473060
738,0.000000000000,0.000000000000,0.000139860830,0.000000000000,0.000000000000,0.000139860830,0.000000000000,0.000000000000,0.000139860830,0.000000000000,0.000000000000,0.000107952316,0.000000000000,0.000000000000,0.000107379693,0.000000000000,0.000000000000,0.000107676258,0.000000000000,0.000000000000,0.000080128999,0.000000000000,0.000000000000,0.000082455853,0.000000000000,0.000000000000,0.000079780334,0.000000000000,0.000000000000,0.000078596401,0.000000000000,0.000000000000,0.000081030505,0.000000000000,0.000000000000,0.000080873499,0.000000000000,0.000000000000,0.000065356276,0.000000000000,0.000000000000,0.000061787112,0.000000000000,0.000000000000,0.000068473060
739,0.000000000000,0.000000000000,0.000139860830,0.000000000000,0.000000000000,0.000139860830,0.000000000000,0.000000000000,0.000139860830,0.000000000000,0.000000000000,0.000107952316,0.000000000000,0.000000000000,0.000107379693,0.000000000000,0.000000000000,0.000107676258,0.000000000000,0.000000000000,0.000080128999,0.000000000000,0.000000000000,0.000082455853,0.000000000000,0.000000000000,0.000079780334,0.000000000000,0.000000000000,0.000078596401,0.000000000000,0.000000000000,0.000081030505,0.000000000000,0.000000000000,0.000080873499,0.000000000000,0.000000000000,0.000065356276,0.000000000000,0.000000000000,0.000061787112,0.000000000000,0.000000000000,0.000068473060
740,0.000000000000,0.000000000000,0.000139860830,0.000000000000,0.000000000000,0.000139860830,0.000000000000,0.000000000000,0.000139860830,0.000000000000,0.000000000000,0.000107952316,0.000000000000,0.000000000000,0.000107379693,0.000000000000,0.000000000000,0.000107676258,0.000000000000,0.000000000000,0.000080128999,0.000000000000,0.000000000000,0.000082455853,0.000000000000,0.000000000000,0.000079780334,0.000000000000,0.000000000000,0.000078596401,0.000000000000,0.000000000000,0.000081030505,0.000000000000,0.000000000000,0.000080873499,0.000000000000,0.000000000000,0.000065356276,0.000000000000,0.000000000000,0.000061787112,0.000000000000,0.000000000000,0.000068473060
741,0.000000000000,0.000000000000,0.000139860830,0.000000000000,0.000000000000,0.000139860830,0.000000000000,0.000000000000,0.000139860830,0.000000000000,0.000000000000,0.000107952316,0.000000000000,0.000000000000,0.000107379693,0.000000000000,0.000000000000,0.000107676258,0.000000000000,0.000000000000,0.000080128999,0.000000000000,0.000000000000,0.000082455853,0.000000000000,0.000000000000,0.000079780334,0.000000000000,0.000000000000,0.000078596401,0.000000000000,0.000000000000,0.000081030505,0.000000000000,0.000000000000,0.000080873499,0.000000000000,0.000000000000,0.000065356276,0.000000000000,0.000000000000,0.000061787112,0.000000000000,0.000000000000,0.000068473060
742,0.000000000000,0.000000000000,0.000139860830,0.000000000000,0.000000000000,0.000139860830,0.000000000000,0.000000000000,0.000139860830,0.000000000000,0.000000000000,0.000107952316,0.000000000000,0.000000000000,0.000107379693,0.000000000000,0.000000000000,0.000107676258,0.000000000000,0.000000000000,0.000080128999,0.000000000000,0.000000000000,0.000082455853,0.000000000000,0.000000000000,0.000079780334,0.000000000000,0.000000000000,0.000078596401,0.000000000000,0.000000000000,0.000081030505,0.000000000000,0.000000000000,0.000080873499,0.000000000000,0.000000000000,0.000065356276,0.000000000000,0.000000000000,0.000061787112,0.000000000000,0.000000000000,0.000068473060
743,0.000000000000,0.000000000000,0.000139860830,0.000000000000,0.000000000000,0.000139860830,0.000000000000,0.000000000000,0.000139860830,0.000000000000,0.000000000000,0.000107952316,0.000000000000,0.000000000000,0.000107379693,0.000000000000,0.000000000000,0.000107676258,0.000000000000,0.000000000000,0.000080128999,0.000000000000,0.000000000000,0.000082455853,0.000000000000,0.000000000000,0.000079780334,0.000000000000,0.000000000000,0.000078596401,0.000000000000,0.000000000000,0.000081030505,0.000000000000,0.000000000000,0.000080873499,0.000000000000,0.000000000000,0.000065356276,0.000000000000,0.000000000000,0.000061787112,0.000000000000,0.000000000000,0.000068473060
744,0.000000000000,0.000000000000,0.000139860830,0.000000000000,0.000000000000,0.000139860830,0.000000000000,0.000000000000,0.000139860830,0.000000000000,0.000000000000,0.000107952316,0.000000000000,0.000000000000,0.000107379693,0.000000000000,0.000000000000,0.000107676258,0.000000000000,0.000000000000,0.000080128999,0.000000000000,0.000000000000,0.000082455853,0.000000000000,0.000000000000,0.000079780334,0.000000000000,0.000000000000,0.000078596401,0.000000000000,0.000000000000,0.000081030505,0.000000000000,0.000000000000,0.000080873499,0.000000000000,0.000000000000,0.000065356276,0.000000000000,0.000000000000,0.000061787112,0.000000000000,0.000000000000,0.000068473060
745,0.000000000000,0.000000000000,0.000139860830,0.000000000000,0.000000000000,0.000139860830,0.000000000000,0.000000000000,0.000139860830,0.000000000000,0.000000000000,0.000107952316,0.000000000000,0.000000000000,0.000107379693,0.000000000000,0.000000000000,0.000107676258,0.000000000000,0.000000000000,0.000080128999,0.000000000000,0.000000000000,0.000082455853,0.000000000000,0.000000000000,0.000079780334,0.000000000000,0.000000000000,0.000078596401,0.000000000000,0.000000000000,0.000081030505,0.000000000000,0.000000000000,0.000080873499,0.000000000000,0.000000000000,0.000065356276,0.000000000000,0.000000000000,0.000061787112,0.000000000000,0.000000000000,0.000068473060
746,0.000000000000,0.000000000000,0.000139860830,0.000000000000,0.000000000000,0.000139860830,0.000000000000,0.000000000000,0.000139860830,0.000000000000,0.000000000000,0.000107952316,0.000000000000,0.000000000000,0.000107379693,0.000000000000,0.000000000000,0.000107676258,0.000000000000,0.000000000000,0.000080128999,0.000000000000,0.000000000000,0.000082455853,0.000000000000,0.000000000000,0.000079780334,0.000000000000,0.000000000000,0.000078596401,0.000000000000,0.000000000000,0.000081030505,0.000000000000,0.000000000000,0.000080873499,0.000000000000,0.000000000000,0.000065369009,0.000000000000,0.000000000000,0.000061787112,0.000000000000,0.000000000000,0.000068473060
747,0.000000000000,0.000000000000,0.000139860830,0.000000000000,0.000000000000,0.000139860830,0.000000000000,0.000000000000,0.000139860830,0.000000000000,0.000000000000,0.000107952316,0.000000000000,0.000000000000,0.000107379693,0.000000000000,0.000000000000,0.000107676258,0.000000000000,0.000000000000,0.000080128999,0.000000000000,0.000000000000,0.000082455853,0.000000000000,0.000000000000,0.000079780334,0.000000000000,0.000000000000,0.000078596401,0.000000000000,0.000000000000,0.000081030505,0.000000000000,0.000000000000,0.000080873499,0.000000000000,0.000000000000,0.000065375342,0.000000000000,0.000000000000,0.000061787112,0.000000000000,0.000000000000,0.000068473060
748,0.000000000000,0.000000000000,0.000139860830,0.000000000000,0.000000000000,0.000139860830,0.000000000000,0.000000000000,0.000139860830,0.000000000000,0.000000000000,0.000107952316,0.000000000000,0.000000000000,0.000107379693,0.000000000000,0.000000000000,0.000107676258,0.000000000000,0.000000000000,0.000080128999,0.000000000000,0.000000000000,0.000082455853,0.000000000000,0.000000000000,0.000079780334,0.000000000000,0.000000000000,0.000078596401,0.000000000000,0.000000000000,0.000081030505,0.000000000000,0.000000000000,0.000080873499,0.000000000000,0.000000000000,0.000065425222,0.000000000000,0.000000000000,0.000061787112,0.000000000000,0.000000000000,0.000068473060
749,0.000000000000,0.000000000000,0.000139860830,0.000000000000,0.000000000000,0.000139860830,0.000000000000,0.000000000000,0.000139860830,0.000000000000,0.000000000000,0.000107952316,0.000000000000,0.000000000000,0.000107379693,0.000000000000,0.000000000000,0.000107676258,0.000000000000,0.000000000000,0.000080128999,0.000000000000,0.000000000000,0.000082455853,0.000000000000,0.000000000000,0.000079780334,0.000000000000,0.000000000000,0.000078596401,0.000000000000,0.000000000000,0.000081030505,0.000000000000,0.000000000000,0.000080873499,0.000000000000,0.000000000000,0.000065430043,0.000000000000,0.000000000000,0.000061787112,0.000000000000,0.000000000000,0.000068473060
750,0.000000000000,0.000000000000,0.000139860830,0.000000000000,0.000000000000,0.000139860830,0.000000000000,0.000000000000,0.000139860830,0.000000000000,0.000000000000,0.000107952316,0.000000000000,0.000000000000,0.000107379693,0.000000000000,0.000000000000,0.000107676258,0.000000000000,0.000000000000,0.000080128999,0.000000000000,0.000000000000,0.000082455853,0.000000000000,0.000000000000,0.000079780334,0.000000000000,0.000000000000,0.000078596401,0.000000000000,0.000000000000,0.000081030505,0.000000000000,0.000000000000,0.000080873499,0.000000000000,0.000000000000,0.000065430043,0.000000000000,0.000000000000,0.000061787112,0.000000000000,0.000000000000,0.000068473060
751,0.000000000000,0.000000000000,0.000139860830,0.000000000000,0.000000000000,0.000139860830,0.000000000000,0.000000000000,0.000139860830,0.000000000000,0.000000000000,0.000107952316,0.000000000000,0.000000000000,0.000107379693,0.000000000000,0.000000000000,0.000107676258,0.000000000000,0.000000000000,0.000080128999,0.000000000000,0.000000000000,0.000082455853,0.000000000000,0.000000000000,0.000079780334,0.000000000000,0.000000000000,0.000078596401,0.000000000000,0.000000000000,0.000081030505,0.000000000000,0.000000000000,0.000080873499,0.000000000000,0.000000000000,0.000065430043,0.000000000000,0.000000000000,0.000061787112,0.000000000000,0.000000000000,0.000068473060
752,0.000000000000,0.000000000000,0.000139860830,0.000000000000,0.000000000000,0.000139860830,0.000000000000,0.000000000000,0.000139860830,0.000000000000,0.000000000000,0.000107952316,0.000000000000,0.000000000000,0.000107379693,0.000000000000,0.000000000000,0.000107676258,0.000000000000,0.000000000000,0.000080128999,0.000000000000,0.000000000000,0.000082455853,0.000000000000,0.000000000000,0.000079780334,0.000000000000,0.000000000000,0.000078596401,0.000000000000,0.000000000000,0.000081030505,0.000000000000,0.000000000000,0.000080873499,0.000000000000,0.000000000000,0.000065430043,0.000000000000,0.000000000000,0.000061787112,0.000000000000,0.000000000000,0.000068473060
753,0.000000000000,0.000000000000,0.000139860830,0.000000000000,0.000000000000,0.000139860830,0.000000000000,0.000000000000,0.000139860830,0.000000000000,0.000000000000,0.000107952316,0.000000000000,0.000000000000,0.000107379693,0.000000000000,0.000000000000,0.000107676258,0.000000000000,0.000000000000,0.000080128999,0.000000000000,0.000000000000,0.000082455853,0.000000000000,0.000000000000,0.000079780334,0.000000000000,0.000000000000,0.000078596401,0.000000000000,0.000000000000,0.000081030505,0.000000000000,0.000000000000,0.000080873499,0.000000000000,0.000000000000,0.000065675718,0.000000000000,0.000000000000,0.000061787112,0.000000000000,0.000000000000,0.000068473060
754,0.000000000000,0.000000000000,0.000139860830,0.000000000000,0.000000000000,0.000139860830,0.000000000000,0.000000000000,0.000139860830,0.000000000000,0.000000000000,0.000107952316,0.000000000000,0.000000000000,0.000107379693,0.000000000000,0.000000000000,0.000107676258,0.000000000000,0.000000000000,0.000080128999,0.000000000000,0.000000000000,0.000082455853,0.000000000000,0.000000000000,0.000079780334,0.000000000000,0.000000000000,0.000078596401,0.000000000000,0.000000000000,0.000081030505,0.000000000000,0.000000000000,0.000080873499,0.000000000000,0.000000000000,0.000065682413,0.000000000000,0.000000000000,0.000061787112,0.000000000000,0.000000000000,0.000068473060
755,0.000000000000,0.000000000000,0.000139860830,0.000000000000,0.000000000000,0.000139860830,0.000000000000,0.000000000000,0.000139860830,0.000000000000,0.000000000000,0.000107952316,0.000000000000,0.000000000000,0.000107379693,0.000000000000,0.000000000000,0.000107676258,0.000000000000,0.000000000000,0.000080128999,0.000000000000,0.000000000000,0.000082455853,0.000000000000,0.000000000000,0.000079780334,0.000000000000,0.000000000000,0.000078596401,0.000000000000,0.000000000000,0.000081030505,0.000000000000,0.000000000000,0.000080873499,0.000000000000,0.000000000000,0.000065682413,0.000000000000,0.000000000000,0.000061787112,0.000000000000,0.000000000000,0.000068473060
756,0.000000000000,0.000000000000,0.000139860830,0.000000000000,0.000000000000,0.000139860830,0.000000000000,0.000000000000,0.000139860830,0.000000000000,0.000000000000,0.000107952316,0.000000000000,0.000000000000,0.000107379693,0.000000000000,0.000000000000,0.000107676258,0.000000000000,0.000000000000,0.000080128999,0.000000000000,0.000000000000,0.000082455853,0.000000000000,0.000000000000,0.000079780334,0.000000000000,0.000000000000,0.000078596401,0.000000000000,0.000000000000,0.000081030505,0.000000000000,0.000000000000,0.000080873499,0.000000000000,0.000000000000,0.000065682413,0.000000000000,0.000000000000,0.000061787112,0.000000000000,0.000000000000,0.000068473060
757,0.000000000000,0.000000000000,0.000139860830,0.000000000000,0.000000000000,0.000139860830,0.000000000000,0.000000000000,0.000139860830,0.000000000000,0.000000000000,0.000107952316,0.000000000000,0.000000000000,0.000107379693,0.000000000000,0.000000000000,0.000107676258,0.000000000000,0.000000000000,0.000080128999,0.000000000000,0.000000000000,0.000082455853,0.000000000000,0.000000000000,0.000079780334,0.000000000000,0.000000000000,0.000078596401,0.000000000000,0.000000000000,0.000081030505,0.000000000000,0.000000000000,0.000080873499,0.000000000000,0.000000000000,0.000065682413,0.000000000000,0.000000000000,0.000061787112,0.000000000000,0.000000000000,0.000068473060
758,0.000000000000,0.000000000000,0.000139860830,0.000000000000,0.000000000000,0.000139860830,0.000000000000,0.000000000000,0.000139860830,0.000000000000,0.000000000000,0.000107952316,0.000000000000,0.000000000000,0.000107379693,0.000000000000,0.000000000000,0.000107676258,0.000000000000,0.000000000000,0.000080128999,0.000000000000,0.000000000000,0.000082455853,0.000000000000,0.000000000000,0.000079780334,0.000000000000,0.000000000000,0.000078596401,0.000000000000,0.000000000000,0.000081030505,0.000000000000,0.000000000000,0.000080873499,0.000000000000,0.000000000000,0.000065682440,0.000000000000,0.000000000000,0.000061787112,0.000000000000,0.000000000000,0.000068473060
759,0.000000000000,0.000000000000,0.000139860830,0.000000000000,0.000000000000,0.000139860830,0.000000000000,0.000000000000,0.000139860830,0.000000000000,0.000000000000,0.000107952316,0.000000000000,0.000000000000,0.000107379693,0.000000000000,0.000000000000,0.000107676258,0.000000000000,0.000000000000,0.000080128999,0.000000000000,0.000000000000,0.000082455853,0.000000000000,0.000000000000,0.000079780334,0.000000000000,0.000000000000,0.000078596401,0.000000000000,0.000000000000,0.000081030505,0.000000000000,0.000000000000,0.000080873499,0.000000000000,0.000000000000,0.000065682440,0.000000000000,0.000000000000,0.000061787112,0.000000000000,0.000000000000,0.000068473060
760,0.000000000000,0.000000000000,0.000139860830,0.000000000000,0.000000000000,0.000139860830,0.000000000000,0.000000000000,0.000139860830,0.000000000000,0.000000000000,0.000107952316,0.000000000000,0.000000000000,0.000107379693,0.000000000000,0.000000000000,0.000107676258,0.000000000000,0.000000000000,0.000080128999,0.000000000000,0.000000000000,0.000082455853,0.000000000000,0.000000000000,0.000079780334,0.000000000000,0.000000000000,0.000078596401,0.000000000000,0.000000000000,0.000081030505,0.000000000000,0.000000000000,0.000080873499,0.000000000000,0.000000000000,0.000065682440,0.000000000000,0.000000000000,0.000061787112,0.000000000000,0.000000000000,0.000068473060
761,0.000000000000,0.000000000000,0.000139860830,0.000000000000,0.000000000000,0.000139860830,0.000000000000,0.000000000000,0.000139860830,0.000000000000,0.000000000000,0.000107952316,0.000000000000,0.000000000000,0.000107379693,0.000000000000,0.000000000000,0.000107676258,0.000000000000,0.000000000000,0.000080128999,0.000000000000,0.000000000000,0.000082455853,0.000000000000,0.000000000000,0.000079780334,0.000000000000,0.000000000000,0.000078596401,0.000000000000,0.000000000000,0.000081030505,0.000000000000,0.000000000000,0.000080873499,0.000000000000,0.000000000000,0.000065682440,0.000000000000,0.000000000000,0.000061787112,0.000000000000,0.000000000000,0.000068473060
762,0.000000000000,0.000000000000,0.000139860830,0.000000000000,0.000000000000,0.000139860830,0.000000000000,0.000000000000,0.000139860830,0.000000000000,0.000000000000,0.000107952316,0.000000000000,0.000000000000,0.000107379693,0.000000000000,0.000000000000,0.000107676258,0.000000000000,0.000000000000,0.000080128999,0.000000000000,0.000000000000,0.000082455853,0.000000000000,0.000000000000,0.000079780334,0.000000000000,0.000000000000,0.000078596401,0.000000000000,0.000000000000,0.000081030505,0.000000000000,0.000000000000,0.000080873499,0.000000000000,0.000000000000,0.000065682440,0.000000000000,0.000000000000,0.000061787112,0.000000000000,0.000000000000,0.000068473060
763,0.000000000000,0.000000000000,0.000139860830,0.000000000000,0.000000000000,0.000139860830,0.000000000000,0.000000000000,0.000139860830,0.000000000000,0.000000000000,0.000107952316,0.000000000000,0.000000000000,0.000107379693,0.000000000000,0.000000000000,0.000107676258,0.000000000000,0.000000000000,0.000080128999,0.000000000000,0.000000000000,0.000082455853,0.000000000000,0.000000000000,0.000079780334,0.000000000000,0.000000000000,0.000078596401,0.000000000000,0.000000000000,0.000081030505,0.000000000000,0.000000000000,0.000080873499,0.000000000000,0.000000000000,0.000065682440,0.000000000000,0.000000000000,0.000061787112,0.000000000000,0.000000000000,0.000068473060
764,0.000000000000,0.000000000000,0.000139860830,0.000000000000,0.000000000000,0.000139860830,0.000000000000,0.000000000000,0.000139860830,0.000000000000,0.000000000000,0.000107952316,0.000000000000,0.000000000000,0.000107379693,0.000000000000,0.000000000000,0.000107676258,0.000000000000,0.000000000000,0.000080128999,0.000000000000,0.000000000000,0.000082455853,0.000000000000,0.000000000000,0.000079780334,0.000000000000,0.000000000000,0.000078596401,0.000000000000,0.000000000000,0.000081030505,0.000000000000,0.000000000000,0.000080873499,0.000000000000,0.000000000000,0.000065682440,0.000000000000,0.000000000000,0.000061787112,0.000000000000,0.000000000000,0.000068473060
765,0.000000000000,0.000000000000,0.000139860830,0.000000000000,0.000000000000,0.000139860830,0.000000000000,0.000000000000,0.000139860830,0.000000000000,0.000000000000,0.000107952316,0.000000000000,0.000000000000,0.000107379693,0.000000000000,0.000000000000,0.000107676258,0.000000000000,0.000000000000,0.000080128999,0.000000000000,0.000000000000,0.000082455853,0.000000000000,0.000000000000,0.000079780334,0.000000000000,0.000000000000,0.000078596401,0.000000000000,0.000000000000,0.000081030505,0.000000000000,0.000000000000,0.000080873499,0.000000000000,0.000000000000,0.000065682440,0.000000000000,0.000000000000,0.000061793768,0.000000000000,0.000000000000,0.000068473060
766,0.000000000000,0.000000000000,0.000139860830,0.000000000000,0.000000000000,0.000139860830,0.000000000000,0.000000000000,0.000139860830,0.000000000000,0.000000000000,0.000107952316,0.000000000000,0.000000000000,0.000107379693,0.000000000000,0.000000000000,0.000107676258,0.000000000000,0.000000000000,0.000080128999,0.000000000000,0.000000000000,0.000082455853,0.000000000000,0.000000000000,0.000079780334,0.000000000000,0.000000000000,0.000078596401,0.000000000000,0.000000000000,0.000081030505,0.000000000000,0.000000000000,0.000080873499,0.000000000000,0.000000000000,0.000065682440,0.000000000000,0.000000000000,0.000061863411,0.000000000000,0.000000000000,0.000068473060
767,0.000000000000,0.000000000000,0.000139860830,0.000000000000,0.000000000000,0.000139860830,0.000000000000,0.000000000000,0.000139860830,0.000000000000,0.000000000000,0.000107952316,0.000000000000,0.000000000000,0.000107379693,0.000000000000,0.000000000000,0.000107676258,0.000000000000,0.000000000000,0.000080128999,0.000000000000,0.000000000000,0.000082455853,0.000000000000,0.000000000000,0.000079780334,0.000000000000,0.000000000000,0.000078596401,0.000000000000,0.000000000000,0.000081030505,0.000000000000,0.000000000000,0.000080873499,0.000000000000,0.000000000000,0.000065747533,0.000000000000,0.000000000000,0.000061863411,0.000000000000,0.000000000000,0.000068473060
768,0.000000000000,0.000000000000,0.000139860830,0.000000000000,0.000000000000,0.000139860830,0.000000000000,0.000000000000,0.000139860830,0.000000000000,0.000000000000,0.000107952316,0.000000000000,0.000000000000,0.000107379693,0.000000000000,0.000000000000,0.000107676258,0.000000000000,0.000000000000,0.000080128999,0.000000000000,0.000000000000,0.000082455853,0.000000000000,0.000000000000,0.000079780334,0.000000000000,0.000000000000,0.000078596401,0.000000000000,0.000000000000,0.000081030505,0.000000000000,0.000000000000,0.000080873499,0.000000000000,0.000000000000,0.000065747533,0.000000000000,0.000000000000,0.000061863411,0.000000000000,0.000000000000,0.000068473060
769,0.000000000000,0.000000000000,0.000139860830,0.000000000000,0.000000000000,0.000139860830,0.000000000000,0.000000000000,0.000139860830,0.000000000000,0.000000000000,0.000107952316,0.000000000000,0.000000000000,0.000107379693,0.000000000000,0.000000000000,0.000107676258,0.000000000000,0.000000000000,0.000080128999,0.000000000000,0.000000000000,0.000082455853,0.000000000000,0.000000000000,0.000079780334,0.000000000000,0.000000000000,0.000078596401,0.000000000000,0.000000000000,0.000081030505,0.000000000000,0.000000000000,0.000080873499,0.000000000000,0.000000000000,0.000065882159,0.000000000000,0.000000000000,0.000061863411,0.000000000000,0.000000000000,0.000068473060
770,0.000000000000,0.000000000000,0.000139860830,0.000000000000,0.000000000000,0.000139860830,0.000000000000,0.000000000000,0.000139860830,0.000000000000,0.000000000000,0.000107952316,0.000000000000,0.000000000000,0.000107379693,0.000000000000,0.000000000000,0.000107676258,0.000000000000,0.000000000000,0.000080128999,0.000000000000,0.000000000000,0.000082455853,0.000000000000,0.000000000000,0.000079780334,0.000000000000,0.000000000000,0.000078596401,0.000000000000,0.000000000000,0.000081030505,0.000000000000,0.000000000000,0.000080873499,0.000000000000,0.000000000000,0.000065882159,0.000000000000,0.000000000000,0.000061863411,0.000000000000,0.000000000000,0.000068473060
771,0.000000000000,0.000000000000,0.000139860830,0.000000000000,0.000000000000,0.000139860830,0.000000000000,0.000000000000,0.000139860830,0.000000000000,0.000000000000,0.000107952316,0.000000000000,0.000000000000,0.000107379693,0.000000000000,0.000000000000,0.000107676258,0.000000000000,0.000000000000,0.000080128999,0.000000000000,0.000000000000,0.000082455853,0.000000000000,0.000000000000,0.000079780334,0.000000000000,0.000000000000,0.000078596401,0.000000000000,0.000000000000,0.000081030505,0.000000000000,0.000000000000,0.000080873499,0.000000000000,0.000000000000,0.000065926627,0.000000000000,0.000000000000,0.000061863411,0.000000000000,0.000000000000,0.000068473060
772,0.000000000000,0.000000000000,0.000139860830,0.000000000000,0.000000000000,0.000139860830,0.000000000000,0.000000000000,0.000139860830,0.000000000000,0.000000000000,0.000107952316,0.000000000000,0.000000000000,0.000107379693,0.000000000000,0.000000000000,0.000107676258,0.000000000000,0.000000000000,0.000080128999,0.000000000000,0.000000000000,0.000082455853,0.000000000000,0.000000000000,0.000079780334,0.000000000000,0.000000000000,0.000078596401,0.000000000000,0.000000000000,0.000081030505,0.000000000000,0.000000000000,0.000080873499,0.000000000000,0.000000000000,0.000065926627,0.000000000000,0.000000000000,0.000061863411,0.000000000000,0.000000000000,0.000068473060
773,0.000000000000,0.000000000000,0.000139860830,0.000000000000,0.000000000000,0.000139860830,0.000000000000,0.000000000000,0.000139860830,0.000000000000,0.000000000000,0.000107952316,0.000000000000,0.000000000000,0.000107379693,0.000000000000,0.000000000000,0.000107676258,0.000000000000,0.000000000000,0.000080128999,0.000000000000,0.000000000000,0.000082455853,0.000000000000,0.000000000000,0.000079780334,0.000000000000,0.000000000000,0.000078596401,0.000000000000,0.000000000000,0.000081030505,0.000000000000,0.000000000000,0.000080873499,0.000000000000,0.000000000000,0.000065926627,0.000000000000,0.000000000000,0.000061863411,0.000000000000,0.000000000000,0.000068473060
774,0.000000000000,0.000000000000,0.000139860830,0.000000000000,0.000000000000,0.000139860830,0.000000000000,0.000000000000,0.000139860830,0.000000000000,0.000000000000,0.000107952316,0.000000000000,0.000000000000,0.000107379693,0.000000000000,0.000000000000,0.000107676258,0.000000000000,0.000000000000,0.000080128999,0.000000000000,0.000000000000,0.000082455853,0.000000000000,0.000000000000,0.000079780334,0.000000000000,0.000000000000,0.000078596401,0.000000000000,0.000000000000,0.000081030505,0.000000000000,0.000000000000,0.000080873499,0.000000000000,0.000000000000,0.000065926627,0.000000000000,0.000000000000,0.000061863411,0.000000000000,0.000000000000,0.000068473060
775,0.000000000000,0.000000000000,0.000139860830,0.000000000000,0.000000000000,0.000139860830,0.000000000000,0.000000000000,0.000139860830,0.000000000000,0.000000000000,0.000107952316,0.000000000000,0.000000000000,0.000107379693,0.000000000000,0.000000000000,0.000107676258,0.000000000000,0.000000000000,0.000080128999,0.000000000000,0.000000000000,0.000082455853,0.000000000000,0.000000000000,0.000079780334,0.000000000000,0.000000000000,0.000078596401,0.000000000000,0.000000000000,0.000081030505,0.000000000000,0.000000000000,0.000080873499,0.000000000000,0.000000000000,0.000065926627,0.000000000000,0.000000000000,0.000061863411,0.000000000000,0.000000000000,0.000068473060
776,0.000000000000,0.000000000000,0.000139860830,0.000000000000,0.000000000000,0.000139860830,0.000000000000,0.000000000000,0.000139860830,0.000000000000,0.000000000000,0.000107952316,0.000000000000,0.000000000000,0.000107379693,0.000000000000,0.000000000000,0.000107676258,0.000000000000,0.000000000000,0.000080128999,0.000000000000,0.000000000000,0.000082455853,0.000000000000,0.000000000000,0.000079780334,0.000000000000,0.000000000000,0.000078596401,0.000000000000,0.000000000000,0.000081030505,0.000000000000,0.000000000000,0.000080873499,0.000000000000,0.000000000000,0.000065934009,0.000000000000,0.000000000000,0.000061863411,0.000000000000,0.000000000000,0.000068473060
777,0.000000000000,0.000000000000,0.000139860830,0.000000000000,0.000000000000,0.000139860830,0.000000000000,0.000000000000,0.000139860830,0.000000000000,0.000000000000,0.000107952316,0.000000000000,0.000000000000,0.000107379693,0.000000000000,0.000000000000,0.000107676258,0.000000000000,0.000000000000,0.000080128999,0.000000000000,0.000000000000,0.000082455853,0.000000000000,0.000000000000,0.000079780334,0.000000000000,0.000000000000,0.000078596401,0.000000000000,0.000000000000,0.000081030505,0.000000000000,0.000000000000,0.000080873499,0.000000000000,0.000000000000,0.000065934009,0.000000000000,0.000000000000,0.000061863411,0.000000000000,0.000000000000,0.000068473060
778,0.000000000000,0.000000000000,0.000139860830,0.000000000000,0.000000000000,0.000139860830,0.000000000000,0.000000000000,0.000139860830,0.000000000000,0.000000000000,0.000107952316,0.000000000000,0.000000000000,0.000107379693,0.000000000000,0.000000000000,0.000107676258,0.000000000000,0.000000000000,0.000080128999,0.000000000000,0.000000000000,0.000082455853,0.000000000000,0.000000000000,0.000079780334,0.000000000000,0.000000000000,0.000078596401,0.000000000000,0.000000000000,0.000081030505,0.000000000000,0.000000000000,0.000080873499,0.000000000000,0.000000000000,0.000065934009,0.000000000000,0.000000000000,0.000061863411,0.000000000000,0.000000000000,0.000068473060
779,0.000000000000,0.000000000000,0.000139860830,0.000000000000,0.000000000000,0.000139860830,0.000000000000,0.000000000000,0.000139860830,0.000000000000,0.000000000000,0.000107952316,0.000000000000,0.000000000000,0.000107379693,0.000000000000,0.000000000000,0.000107676258,0.000000000000,0.000000000000,0.000080128999,0.000000000000,0.000000000000,0.000082455853,0.000000000000,0.000000000000,0.000079780334,0.000000000000,0.000000000000,0.000078596401,0.000000000000,0.000000000000,0.000081030505,0.000000000000,0.000000000000,0.000080873499,0.000000000000,0.000000000000,0.000065943773,0.000000000000,0.000000000000,0.000061863411,0.000000000000,0.000000000000,0.000068473060
780,0.000000000000,0.000000000000,0.000139860830,0.000000000000,0.000000000000,0.000139860830,0.000000000000,0.000000000000,0.000139860830,0.000000000000,0.000000000000,0.000107952316,0.000000000000,0.000000000000,0.000107379693,0.000000000000,0.000000000000,0.000107676258,0.000000000000,0.000000000000,0.000080128999,0.000000000000,0.000000000000,0.000082455853,0.000000000000,0.000000000000,0.000079780334,0.000000000000,0.000000000000,0.000078596401,0.000000000000,0.000000000000,0.000081030505,0.000000000000,0.000000000000,0.000080873499,0.000000000000,0.000000000000,0.000065943773,0.000000000000,0.000000000000,0.000061863411,0.000000000000,0.000000000000,0.000068473060
781,0.000000000000,0.000000000000,0.000139860830,0.000000000000,0.000000000000,0.000139860830,0.000000000000,0.000000000000,0.000139860830,0.000000000000,0.000000000000,0.000107952316,0.000000000000,0.000000000000,0.000107379693,0.000000000000,0.000000000000,0.000107676258,0.000000000000,0.000000000000,0.000080128999,0.000000000000,0.000000000000,0.000082455853,0.000000000000,0.000000000000,0.000079780334,0.000000000000,0.000000000000,0.000078596401,0.000000000000,0.000000000000,0.000081030505,0.000000000000,0.000000000000,0.000080873499,0.000000000000,0.000000000000,0.000065997690,0.000000000000,0.000000000000,0.000061863411,0.000000000000,0.000000000000,0.000068473060
782,0.000000000000,0.000000000000,0.000139860830,0.000000000000,0.000000000000,0.000139860830,0.000000000000,0.000000000000,0.000139860830,0.000000000000,0.000000000000,0.000107952316,0.000000000000,0.000000000000,0.000107379693,0.000000000000,0.000000000000,0.000107676258,0.000000000000,0.000000000000,0.000080128999,0.000000000000,0.000000000000,0.000082455853,0.000000000000,0.000000000000,0.000079780334,0.000000000000,0.000000000000,0.000078596401,0.000000000000,0.000000000000,0.000081030505,0.000000000000,0.000000000000,0.000080873499,0.000000000000,0.000000000000,0.000065997690,0.000000000000,0.000000000000,0.000061863411,0.000000000000,0.000000000000,0.000068473060
783,0.000000000000,0.000000000000,0.000139860830,0.000000000000,0.000000000000,0.000139860830,0.000000000000,0.000000000000,0.000139860830,0.000000000000,0.000000000000,0.000107952316,0.000000000000,0.000000000000,0.000107379693,0.000000000000,0.000000000000,0.000107676258,0.000000000000,0.000000000000,0.000080128999,0.000000000000,0.000000000000,0.000082455853,0.000000000000,0.000000000000,0.000079780334,0.000000000000,0.000000000000,0.000078596401,0.000000000000,0.000000000000,0.000081030505,0.000000000000,0.000000000000,0.000080873499,0.000000000000,0.000000000000,0.000065997690,0.000000000000,0.000000000000,0.000061863411,0.000000000000,0.000000000000,0.000068473060
784,0.000000000000,0.000000000000,0.000139860830,0.000000000000,0.000000000000,0.000139860830,0.000000000000,0.000000000000,0.000139860830,0.000000000000,0.000000000000,0.000107952316,0.000000000000,0.000000000000,0.000107379693,0.000000000000,0.000000000000,0.000107676258,0.000000000000,0.000000000000,0.000080128999,0.000000000000,0.000000000000,0.000082455853,0.000000000000,0.000000000000,0.000079780334,0.000000000000,0.000000000000,0.000078596401,0.000000000000,0.000000000000,0.000081030505,0.000000000000,0.000000000000,0.000080873499,0.000000000000,0.000000000000,0.000065997690,0.000000000000,0.000000000000,0.000061863411,0.000000000000,0.000000000000,0.000068473060
785,0.000000000000,0.000000000000,0.000139860830,0.000000000000,0.000000000000,0.000139860830,0.000000000000,0.000000000000,0.000139860830,0.000000000000,0.000000000000,0.000107952316,0.000000000000,0.000000000000,0.000107379693,0.000000000000,0.000000000000,0.000107676258,0.000000000000,0.000000000000,0.000080128999,0.000000000000,0.000000000000,0.000082455853,0.000000000000,0.000000000000,0.000079780334,0.000000000000,0.000000000000,0.000078596401,0.000000000000,0.000000000000,0.000081030505,0.000000000000,0.000000000000,0.000080873499,0.000000000000,0.000000000000,0.000065997690,0.000000000000,0.000000000000,0.000061863411,0.000000000000,0.000000000000,0.000068473060
786,0.000000000000,0.000000000000,0.000139860830,0.000000000000,0.000000000000,0.000139860830,0.000000000000,0.000000000000,0.000139860830,0.000000000000,0.000000000000,0.000107952316,0.000000000000,0.000000000000,0.000107379693,0.000000000000,0.000000000000,0.000107676258,0.000000000000,0.000000000000,0.000080128999,0.000000000000,0.000000000000,0.000082455853,0.000000000000,0.000000000000,0.000079780334,0.000000000000,0.000000000000,0.000078596401,0.000000000000,0.000000000000,0.000081030505,0.000000000000,0.000000000000,0.000080873499,0.000000000000,0.000000000000,0.000066020097,0.000000000000,0.000000000000,0.000061863411,0.000000000000,0.000000000000,0.000068473060
787,0.000000000000,0.000000000000,0.000139860830,0.000000000000,0.000000000000,0.000139860830,0.000000000000,0.000000000000,0.000139860830,0.000000000000,0.000000000000,0.000107952316,0.000000000000,0.000000000000,0.000107379693,0.000000000000,0.000000000000,0.000107676258,0.000000000000,0.000000000000,0.000080128999,0.000000000000,0.000000000000,0.000082455853,0.000000000000,0.000000000000,0.000079780334,0.000000000000,0.000000000000,0.000078596401,0.000000000000,0.000000000000,0.000081030505,0.000000000000,0.000000000000,0.000080873499,0.000000000000,0.000000000000,0.000066046526,0.000000000000,0.000000000000,0.000061863411,0.000000000000,0.000000000000,0.000068473060
788,0.000000000000,0.000000000000,0.000139860830,0.000000000000,0.000000000000,0.000139860830,0.000000000000,0.000000000000,0.000139860830,0.000000000000,0.000000000000,0.000107952316,0.000000000000,0.000000000000,0.000107379693,0.000000000000,0.000000000000,0.000107676258,0.000000000000,0.000000000000,0.000080128999,0.000000000000,0.000000000000,0.000082455853,0.000000000000,0.000000000000,0.000079780334,0.000000000000,0.000000000000,0.000078596401,0.000000000000,0.000000000000,0.000081030505,0.000000000000,0.000000000000,0.000080873499,0.000000000000,0.000000000000,0.000066046526,0.000000000000,0.000000000000,0.000061863411,0.000000000000,0.000000000000,0.000068473060
789,0.000000000000,0.000000000000,0.000139860830,0.000000000000,0.000000000000,0.000139860830,0.000000000000,0.000000000000,0.000139860830,0.000000000000,0.000000000000,0.000107952316,0.000000000000,0.000000000000,0.000107379693,0.000000000000,0.000000000000,0.000107676258,0.000000000000,0.000000000000,0.000080128999,0.000000000000,0.000000000000,0.000082455853,0.000000000000,0.000000000000,0.000079780334,0.000000000000,0.000000000000,0.000078596401,0.000000000000,0.000000000000,0.000081030505,0.000000000000,0.000000000000,0.000080873499,0.000000000000,0.000000000000,0.000066191070,0.000000000000,0.000000000000,0.000061863411,0.000000000000,0.000000000000,0.000068473060
790,0.000000000000,0.000000000000,0.000139860830,0.000000000000,0.000000000000,0.000139860830,0.000000000000,0.000000000000,0.000139860830,0.000000000000,0.000000000000,0.000107952316,0.000000000000,0.000000000000,0.000107379693,0.000000000000,0.000000000000,0.000107676258,0.000000000000,0.000000000000,0.000080128999,0.000000000000,0.000000000000,0.000082455853,0.000000000000,0.000000000000,0.000079780334,0.000000000000,0.000000000000,0.000078596401,0.000000000000,0.000000000000,0.000081030505,0.000000000000,0.000000000000,0.000080873499,0.000000000000,0.000000000000,0.000066191070,0.000000000000,0.000000000000,0.000061863411,0.000000000000,0.000000000000,0.000068473060
791,0.000000000000,0.000000000000,0.000139860830,0.000000000000,0.000000000000,0.000139860830,0.000000000000,0.000000000000,0.000139860830,0.000000000000,0.000000000000,0.000107952316,0.000000000000,0.000000000000,0.000107379693,0.000000000000,0.000000000000,0.000107676258,0.000000000000,0.000000000000,0.000080128999,0.000000000000,0.000000000000,0.000082455853,0.000000000000,0.000000000000,0.000079780334,0.000000000000,0.000000000000,0.000078596401,0.000000000000,0.000000000000,0.000081030505,0.000000000000,0.000000000000,0.000080873499,0.000000000000,0.000000000000,0.000066191070,0.000000000000,0.000000000000,0.000061863411,0.000000000000,0.000000000000,0.000068473060
792,0.000000000000,0.000000000000,0.000139860830,0.000000000000,0.000000000000,0.000139860830,0.000000000000,0.000000000000,0.000139860830,0.000000000000,0.000000000000,0.000107952316,0.000000000000,0.000000000000,0.000107379693,0.000000000000,0.000000000000,0.000107676258,0.000000000000,0.000000000000,0.000080128999,0.000000000000,0.000000000000,0.000082455853,0.000000000000,0.000000000000,0.000079780334,0.000000000000,0.000000000000,0.000078596401,0.000000000000,0.000000000000,0.000081030505,0.000000000000,0.000000000000,0.000080873499,0.000000000000,0.000000000000,0.000066191070,0.000000000000,0.000000000000,0.000061863411,0.000000000000,0.000000000000,0.000068473060
793,0.000000000000,0.000000000000,0.000139860830,0.000000000000,0.000000000000,0.000139860830,0.000000000000,0.000000000000,0.000139860830,0.000000000000,0.000000000000,0.000107952316,0.000000000000,0.000000000000,0.000107379693,0.000000000000,0.000000000000,0.000107676258,0.000000000000,0.000000000000,0.000080128999,0.000000000000,0.000000000000,0.000082455853,0.000000000000,0.000000000000,0.000079780334,0.000000000000,0.000000000000,0.000078596401,0.000000000000,0.000000000000,0.000081030505,0.000000000000,0.000000000000,0.000080873499,0.000000000000,0.000000000000,0.000066197924,0.000000000000,0.000000000000,0.000061863411,0.000000000000,0.000000000000,0.000068473060
794,0.000000000000,0.000000000000,0.000139860830,0.000000000000,0.000000000000,0.000139860830,0.000000000000,0.000000000000,0.000139860830,0.000000000000,0.000000000000,0.000107952316,0.000000000000,0.000000000000,0.000107379693,0.000000000000,0.000000000000,0.000107676258,0.000000000000,0.000000000000,0.000080128999,0.000000000000,0.000000000000,0.000082455853,0.000000000000,0.000000000000,0.000079780334,0.000000000000,0.000000000000,0.000078596401,0.000000000000,0.000000000000,0.000081030505,0.000000000000,0.000000000000,0.000080873499,0.000000000000,0.000000000000,0.000066197924,0.000000000000,0.000000000000,0.000061863411,0.000000000000,0.000000000000,0.000068473060
795,0.000000000000,0.000000000000,0.000139860830,0.000000000000,0.000000000000,0.000139860830,0.000000000000,0.000000000000,0.000139860830,0.000000000000,0.000000000000,0.000107952316,0.000000000000,0.000000000000,0.000107379693,0.000000000000,0.000000000000,0.000107676258,0.000000000000,0.000000000000,0.000080128999,0.000000000000,0.000000000000,0.000082455853,0.000000000000,0.000000000000,0.000079780334,0.000000000000,0.000000000000,0.000078596401,0.000000000000,0.000000000000,0.000081030505,0.000000000000,0.000000000000,0.000080873499,0.000000000000,0.000000000000,0.000066197924,0.000000000000,0.000000000000,0.000061863411,0.000000000000,0.000000000000,0.000068473060
796,0.000000000000,0.000000000000,0.000139860830,0.000000000000,0.000000000000,0.000139860830,0.000000000000,0.000000000000,0.000139860830,0.000000000000,0.000000000000,0.000107952316,0.000000000000,0.000000000000,0.000107379693,0.000000000000,0.000000000000,0.000107676258,0.000000000000,0.000000000000,0.000080128999,0.000000000000,0.000000000000,0.000082455853,0.000000000000,0.000000000000,0.000079780334,0.000000000000,0.000000000000,0.000078596401,0.000000000000,0.000000000000,0.000081030505,0.000000000000,0.000000000000,0.000080873499,0.000000000000,0.000000000000,0.000066197924,0.000000000000,0.000000000000,0.000061863411,0.000000000000,0.000000000000,0.000068473060
797,0.000000000000,0.000000000000,0.000139860830,0.000000000000,0.000000000000,0.000139860830,0.000000000000,0.000000000000,0.000139860830,0.000000000000,0.000000000000,0.000107952316,0.000000000000,0.000000000000,0.000107379693,0.000000000000,0.000000000000,0.000107676258,0.000000000000,0.000000000000,0.000080128999,0.000000000000,0.000000000000,0.000082455853,0.000000000000,0.000000000000,0.000079780334,0.000000000000,0.000000000000,0.000078596401,0.000000000000,0.000000000000,0.000081030505,0.000000000000,0.000000000000,0.000080873499,0.000000000000,0.000000000000,0.000066208276,0.000000000000,0.000000000000,0.000061863411,0.000000000000,0.000000000000,0.000068473060
798,0.000000000000,0.000000000000,0.000139860830,0.000000000000,0.000000000000,0.000139860830,0.000000000000,0.000000000000,0.000139860830,0.000000000000,0.000000000000,0.000107952316,0.000000000000,0.000000000000,0.000107379693,0.000000000000,0.000000000000,0.000107676258,0.000000000000,0.000000000000,0.000080128999,0.000000000000,0.000000000000,0.000082455853,0.000000000000,0.000000000000,0.000079780334,0.000000000000,0.000000000000,0.000078596401,0.000000000000,0.000000000000,0.000081030505,0.000000000000,0.000000000000,0.000080873499,0.000000000000,0.000000000000,0.000066208276,0.000000000000,0.000000000000,0.000061863411,0.000000000000,0.000000000000,0.000068473060
799,0.000000000000,0.000000000000,0.000139860830,0.000000000000,0.000000000000,0.000139860830,0.000000000000,0.000000000000,0.000139860830,0.000000000000,0.000000000000,0.000107952316,0.000000000000,0.000000000000,0.000107379693,0.000000000000,0.000000000000,0.000107676258,0.000000000000,0.000000000000,0.000080128999,0.000000000000,0.000000000000,0.000082455853,0.000000000000,0.000000000000,0.000079780334,0.000000000000,0.000000000000,0.000078596401,0.000000000000,0.000000000000,0.000081030505,0.000000000000,0.000000000000,0.000080873499,0.000000000000,0.000000000000,0.000066208833,0.000000000000,0.000000000000,0.000061863411,0.000000000000,0.000000000000,0.000068473060
800,0.000000000000,0.000000000000,0.000139860830,0.000000000000,0.000000000000,0.000139860830,0.000000000000,0.000000000000,0.000139860830,0.000000000000,0.000000000000,0.000107952316,0.000000000000,0.000000000000,0.000107379693,0.000000000000,0.000000000000,0.000107676258,0.000000000000,0.000000000000,0.000080128999,0.000000000000,0.000000000000,0.000082455853,0.000000000000,0.000000000000,0.000079780334,0.000000000000,0.000000000000,0.000078596401,0.000000000000,0.000000000000,0.000081030505,0.000000000000,0.000000000000,0.000080873499,0.000000000000,0.000000000000,0.000066208833,0.000000000000,0.000000000000,0.000061863411,0.000000000000,0.000000000000,0.000068473060
801,0.000000000000,0.000000000000,0.000139860830,0.000000000000,0.000000000000,0.000139860830,0.000000000000,0.000000000000,0.000139860830,0.000000000000,0.000000000000,0.000107952316,0.000000000000,0.000000000000,0.000107379693,0.000000000000,0.000000000000,0.000107676258,0.000000000000,0.000000000000,0.000080128999,0.000000000000,0.000000000000,0.000082455853,0.000000000000,0.000000000000,0.000079780334,0.000000000000,0.000000000000,0.000078596401,0.000000000000,0.000000000000,0.000081030505,0.000000000000,0.000000000000,0.000080873499,0.000000000000,0.000000000000,0.000066253677,0.000000000000,0.000000000000,0.000061863411,0.000000000000,0.000000000000,0.000068473060
802,0.000000000000,0.000000000000,0.000139860830,0.000000000000,0.000000000000,0.000139860830,0.000000000000,0.000000000000,0.000139860830,0.000000000000,0.000000000000,0.000107952316,0.000000000000,0.000000000000,0.000107379693,0.000000000000,0.000000000000,0.000107676258,0.000000000000,0.000000000000,0.000080135332,0.000000000000,0.000000000000,0.000082455853,0.000000000000,0.000000000000,0.000079780334,0.000000000000,0.000000000000,0.000078596401,0.000000000000,0.000000000000,0.000081030505,0.000000000000,0.000000000000,0.000080873499,0.000000000000,0.000000000000,0.000066253677,0.000000000000,0.000000000000,0.000061863411,0.000000000000,0.000000000000,0.000068473060
803,0.000000000000,0.000000000000,0.000139860830,0.000000000000,0.000000000000,0.000139860830,0.000000000000,0.000000000000,0.000139860830,0.000000000000,0.000000000000,0.000107952316,0.000000000000,0.000000000000,0.000107379693,0.000000000000,0.000000000000,0.000107676258,0.000000000000,0.000000000000,0.000080135332,0.000000000000,0.000000000000,0.000082455853,0.000000000000,0.000000000000,0.000079780334,0.000000000000,0.000000000000,0.000078596401,0.000000000000,0.000000000000,0.000081030505,0.000000000000,0.000000000000,0.000080873499,0.000000000000,0.000000000000,0.000066315827,0.000000000000,0.000000000000,0.000061887016,0.000000000000,0.000000000000,0.000068473060
804,0.000000000000,0.000000000000,0.000139860830,0.000000000000,0.000000000000,0.000139860830,0.000000000000,0.000000000000,0.000139860830,0.000000000000,0.000000000000,0.000107952316,0.000000000000,0.000000000000,0.000107379693,0.000000000000,0.000000000000,0.000107676258,0.000000000000,0.000000000000,0.000080135332,0.000000000000,0.000000000000,0.000082455853,0.000000000000,0.000000000000,0.000079780334,0.000000000000,0.000000000000,0.000078596401,0.000000000000,0.000000000000,0.000081030505,0.000000000000,0.000000000000,0.000080873499,0.000000000000,0.000000000000,0.000066315827,0.000000000000,0.000000000000,0.000061887016,0.000000000000,0.000000000000,0.000068473060
805,0.000000000000,0.000000000000,0.000139860830,0.000000000000,0.000000000000,0.000139860830,0.000000000000,0.000000000000,0.000139860830,0.000000000000,0.000000000000,0.000107952316,0.000000000000,0.000000000000,0.000107379693,0.000000000000,0.000000000000,0.000107676258,0.000000000000,0.000000000000,0.000080135332,0.000000000000,0.000000000000,0.000082455853,0.000000000000,0.000000000000,0.000079780334,0.000000000000,0.000000000000,0.000078596401,0.000000000000,0.000000000000,0.000081030505,0.000000000000,0.000000000000,0.000080873499,0.000000000000,0.000000000000,0.000066336053,0.000000000000,0.000000000000,0.000061887016,0.000000000000,0.000000000000,0.000068473060
806,0.000000000000,0.000000000000,0.000139860830,0.000000000000,0.000000000000,0.000139860830,0.000000000000,0.000000000000,0.000139860830,0.000000000000,0.000000000000,0.000107952316,0.000000000000,0.000000000000,0.000107379693,0.000000000000,0.000000000000,0.000107676258,0.000000000000,0.000000000000,0.000080135332,0.000000000000,0.000000000000,0.000082455853,0.000000000000,0.000000000000,0.000079780334,0.000000000000,0.000000000000,0.000078596401,0.000000000000,0.000000000000,0.000081030505,0.000000000000,0.000000000000,0.000080873499,0.000000000000,0.000000000000,0.000066336053,0.000000000000,0.000000000000,0.000061887016,0.000000000000,0.000000000000,0.000068473060
807,0.000000000000,0.000000000000,0.000139860830,0.000000000000,0.000000000000,0.000139860830,0.000000000000,0.000000000000,0.000139860830,0.000000000000,0.000000000000,0.000107952316,0.000000000000,0.000000000000,0.000107379693,0.000000000000,0.000000000000,0.000107676258,0.000000000000,0.000000000000,0.000080227726,0.000000000000,0.000000000000,0.000082455853,0.000000000000,0.000000000000,0.000079780334,0.000000000000,0.000000000000,0.000078596401,0.000000000000,0.000000000000,0.000081030505,0.000000000000,0.000000000000,0.000080873499,0.000000000000,0.000000000000,0.000066338463,0.000000000000,0.000000000000,0.000061887016,0.000000000000,0.000000000000,0.000068473060
808,0.000000000000,0.000000000000,0.000139860830,0.000000000000,0.000000000000,0.000139860830,0.000000000000,0.000000000000,0.000139860830,0.000000000000,0.000000000000,0.000107952316,0.000000000000,0.000000000000,0.000107379693,0.000000000000,0.000000000000,0.000107676258,0.000000000000,0.000000000000,0.000080227726,0.000000000000,0.000000000000,0.000082455853,0.000000000000,0.000000000000,0.000079780334,0.000000000000,0.000000000000,0.000078596401,0.000000000000,0.000000000000,0.000081030505,0.000000000000,0.000000000000,0.000080873499,0.000000000000,0.000000000000,0.000066350614,0.000000000000,0.000000000000,0.000061887016,0.000000000000,0.000000000000,0.000068473060
809,0.000000000000,0.000000000000,0.000139860830,0.000000000000,0.000000000000,0.000139860830,0.000000000000,0.000000000000,0.000139860830,0.000000000000,0.000000000000,0.000107952316,0.000000000000,0.000000000000,0.000107379693,0.000000000000,0.000000000000,0.000107676258,0.000000000000,0.000000000000,0.000080227726,0.000000000000,0.000000000000,0.000082455853,0.000000000000,0.000000000000,0.000079780334,0.000000000000,0.000000000000,0.000078596401,0.000000000000,0.000000000000,0.000081030505,0.000000000000,0.000000000000,0.000080873499,0.000000000000,0.000000000000,0.000066350614,0.000000000000,0.000000000000,0.000061887016,0.000000000000,0.000000000000,0.000068473060
810,0.000000000000,0.000000000000,0.000139860830,0.000000000000,0.000000000000,0.000139860830,0.000000000000,0.000000000000,0.000139860830,0.000000000000,0.000000000000,0.000107952316,0.000000000000,0.000000000000,0.000107379693,0.000000000000,0.000000000000,0.000107676258,0.000000000000,0.000000000000,0.000080252367,0.000000000000,0.000000000000,0.000082455853,0.000000000000,0.000000000000,0.000079780334,0.000000000000,0.000000000000,0.000078596401,0.000000000000,0.000000000000,0.000081030505,0.000000000000,0.000000000000,0.000080873499,0.000000000000,0.000000000000,0.000066350614,0.000000000000,0.000000000000,0.000061887016,0.000000000000,0.000000000000,0.000068473060
811,0.000000000000,0.000000000000,0.000139860830,0.000000000000,0.000000000000,0.000139860830,0.000000000000,0.000000000000,0.000139860830,0.000000000000,0.000000000000,0.000107952316,0.000000000000,0.000000000000,0.000107379693,0.000000000000,0.000000000000,0.000107676258,0.000000000000,0.000000000000,0.000080252367,0.000000000000,0.000000000000,0.000082455853,0.000000000000,0.000000000000,0.000079780334,0.000000000000,0.000000000000,0.000078596401,0.000000000000,0.000000000000,0.000081030505,0.000000000000,0.000000000000,0.000080873499,0.000000000000,0.000000000000,0.000066350614,0.000000000000,0.000000000000,0.000061887016,0.000000000000,0.000000000000,0.000068473060
812,0.000000000000,0.000000000000,0.000139860830,0.000000000000,0.000000000000,0.000139860830,0.000000000000,0.000000000000,0.000139860830,0.000000000000,0.000000000000,0.000107952316,0.000000000000,0.000000000000,0.000107379693,0.000000000000,0.000000000000,0.000107676258,0.000000000000,0.000000000000,0.000080252367,0.000000000000,0.000000000000,0.000082455853,0.000000000000,0.000000000000,0.000079780334,0.000000000000,0.000000000000,0.000078596401,0.000000000000,0.000000000000,0.000081030505,0.000000000000,0.000000000000,0.000080873499,0.000000000000,0.000000000000,0.000066350614,0.000000000000,0.000000000000,0.000061887016,0.000000000000,0.000000000000,0.000068473060
813,0.000000000000,0.000000000000,0.000139860830,0.000000000000,0.000000000000,0.000139860830,0.000000000000,0.000000000000,0.000139860830,0.000000000000,0.000000000000,0.000107952316,0.000000000000,0.000000000000,0.000107379693,0.000000000000,0.000000000000,0.000107676258,0.000000000000,0.000000000000,0.000080300681,0.000000000000,0.000000000000,0.000082455853,0.000000000000,0.000000000000,0.000079780334,0.000000000000,0.000000000000,0.000078596401,0.000000000000,0.000000000000,0.000081030505,0.000000000000,0.000000000000,0.000080873499,0.000000000000,0.000000000000,0.000066350614,0.000000000000,0.000000000000,0.000061887016,0.000000000000,0.000000000000,0.000068473060
814,0.000000000000,0.000000000000,0.000139860830,0.000000000000,0.000000000000,0.000139860830,0.000000000000,0.000000000000,0.000139860830,0.000000000000,0.000000000000,0.000107952316,0.000000000000,0.000000000000,0.000107379693,0.000000000000,0.000000000000,0.000107676258,0.000000000000,0.000000000000,0.000080315844,0.000000000000,0.000000000000,0.000082455853,0.000000000000,0.000000000000,0.000079780334,0.000000000000,0.000000000000,0.000078596401,0.000000000000,0.000000000000,0.000081030505,0.000000000000,0.000000000000,0.000080873499,0.000000000000,0.000000000000,0.000066350614,0.000000000000,0.000000000000,0.000061887016,0.000000000000,0.000000000000,0.000068473060
815,0.000000000000,0.000000000000,0.000139860830,0.000000000000,0.000000000000,0.000139860830,0.000000000000,0.000000000000,0.000139860830,0.000000000000,0.000000000000,0.000107952316,0.000000000000,0.000000000000,0.000107379693,0.000000000000,0.000000000000,0.000107676258,0.000000000000,0.000000000000,0.000080420457,0.000000000000,0.000000000000,0.000082455853,0.000000000000,0.000000000000,0.000079780334,0.000000000000,0.000000000000,0.000078596401,0.000000000000,0.000000000000,0.000081030505,0.000000000000,0.000000000000,0.000080873499,0.000000000000,0.000000000000,0.000066350614,0.000000000000,0.000000000000,0.000061887016,0.000000000000,0.000000000000,0.000068473060
816,0.000000000000,0.000000000000,0.000139860830,0.000000000000,0.000000000000,0.000139860830,0.000000000000,0.000000000000,0.000139860830,0.000000000000,0.000000000000,0.000107952316,0.000000000000,0.000000000000,0.000107379693,0.000000000000,0.000000000000,0.000107676258,0.000000000000,0.000000000000,0.000080965070,0.000000000000,0.000000000000,0.000082455853,0.000000000000,0.000000000000,0.000079780334,0.000000000000,0.000000000000,0.000078596401,0.000000000000,0.000000000000,0.000081030505,0.000000000000,0.000000000000,0.000080873499,0.000000000000,0.000000000000,0.000066350614,0.000000000000,0.000000000000,0.000061887016,0.000000000000,0.000000000000,0.000068473060
817,0.000000000000,0.000000000000,0.000139860830,0.000000000000,0.000000000000,0.000139860830,0.000000000000,0.000000000000,0.000139860830,0.000000000000,0.000000000000,0.000107952316,0.000000000000,0.000000000000,0.000107379693,0.000000000000,0.000000000000,0.000107676258,0.000000000000,0.000000000000,0.000080965070,0.000000000000,0.000000000000,0.000082455853,0.000000000000,0.000000000000,0.000079780334,0.000000000000,0.000000000000,0.000078596401,0.000000000000,0.000000000000,0.000081030505,0.000000000000,0.000000000000,0.000080873499,0.000000000000,0.000000000000,0.000066350614,0.000000000000,0.000000000000,0.000061887016,0.000000000000,0.000000000000,0.000068473060
818,0.000000000000,0.000000000000,0.000139860830,0.000000000000,0.000000000000,0.000139860830,0.000000000000,0.000000000000,0.000139860830,0.000000000000,0.000000000000,0.000107952316,0.000000000000,0.000000000000,0.000107379693,0.000000000000,0.000000000000,0.000107676258,0.000000000000,0.000000000000,0.000081043325,0.000000000000,0.000000000000,0.000082455853,0.000000000000,0.000000000000,0.000079780334,0.000000000000,0.000000000000,0.000078596401,0.000000000000,0.000000000000,0.000081030505,0.000000000000,0.000000000000,0.000080873499,0.000000000000,0.000000000000,0.000066350614,0.000000000000,0.000000000000,0.000061887016,0.000000000000,0.000000000000,0.000068473060
819,0.000000000000,0.000000000000,0.000139860830,0.000000000000,0.000000000000,0.000139860830,0.000000000000,0.000000000000,0.000139860830,0.000000000000,0.000000000000,0.000107952316,0.000000000000,0.000000000000,0.000107379693,0.000000000000,0.000000000000,0.000107676258,0.000000000000,0.000000000000,0.000081064214,0.000000000000,0.000000000000,0.000082455853,0.000000000000,0.000000000000,0.000079780334,0.000000000000,0.000000000000,0.000078596401,0.000000000000,0.000000000000,0.000081030505,0.000000000000,0.000000000000,0.000080873499,0.000000000000,0.000000000000,0.000066350614,0.000000000000,0.000000000000,0.000061887016,0.000000000000,0.000000000000,0.000068473060
820,0.000000000000,0.000000000000,0.000139860830,0.000000000000,0.000000000000,0.000139860830,0.000000000000,0.000000000000,0.000139860830,0.000000000000,0.000000000000,0.000107952316,0.000000000000,0.000000000000,0.000107379693,0.000000000000,0.000000000000,0.000107676258,0.000000000000,0.000000000000,0.000081263819,0.000000000000,0.000000000000,0.000082455853,0.000000000000,0.000000000000,0.000079780334,0.000000000000,0.000000000000,0.000078596401,0.000000000000,0.000000000000,0.000081030505,0.000000000000,0.000000000000,0.000080873499,0.000000000000,0.000000000000,0.000066350614,0.000000000000,0.000000000000,0.000061887016,0.000000000000,0.000000000000,0.000068473060
821,0.000000000000,0.000000000000,0.000139860830,0.000000000000,0.000000000000,0.000139860830,0.000000000000,0.000000000000,0.000139860830,0.000000000000,0.000000000000,0.000107952316,0.000000000000,0.000000000000,0.000107379693,0.000000000000,0.000000000000,0.000107676258,0.000000000000,0.000000000000,0.000081263819,0.000000000000,0.000000000000,0.000082455853,0.000000000000,0.000000000000,0.000079780334,0.000000000000,0.000000000000,0.000078596401,0.000000000000,0.000000000000,0.000081030505,0.000000000000,0.000000000000,0.000080873499,0.000000000000,0.000000000000,0.000066350614,0.000000000000,0.000000000000,0.000061887016,0.000000000000,0.000000000000,0.000068473060
822,0.000000000000,0.000000000000,0.000139860830,0.000000000000,0.000000000000,0.000139860830,0.000000000000,0.000000000000,0.000139860830,0.000000000000,0.000000000000,0.000107952316,0.000000000000,0.000000000000,0.000107379693,0.000000000000,0.000000000000,0.000107676258,0.000000000000,0.000000000000,0.000081263819,0.000000000000,0.000000000000,0.000082455853,0.000000000000,0.000000000000,0.000079780334,0.000000000000,0.000000000000,0.000078596401,0.000000000000,0.000000000000,0.000081030505,0.000000000000,0.000000000000,0.000080873499,0.000000000000,0.000000000000,0.000066355164,0.000000000000,0.000000000000,0.000061887016,0.000000000000,0.000000000000,0.000068473060
823,0.000000000000,0.000000000000,0.000139860830,0.000000000000,0.000000000000,0.000139860830,0.000000000000,0.000000000000,0.000139860830,0.000000000000,0.000000000000,0.000107952316,0.000000000000,0.000000000000,0.000107379693,0.000000000000,0.000000000000,0.000107676258,0.000000000000,0.000000000000,0.000081263819,0.000000000000,0.000000000000,0.000082455853,0.000000000000,0.000000000000,0.000079780334,0.000000000000,0.000000000000,0.000078596401,0.000000000000,0.000000000000,0.000081030505,0.000000000000,0.000000000000,0.000080873499,0.000000000000,0.000000000000,0.000066355164,0.000000000000,0.000000000000,0.000061887016,0.000000000000,0.000000000000,0.000068473060
824,0.000000000000,0.000000000000,0.000139860830,0.000000000000,0.000000000000,0.000139860830,0.000000000000,0.000000000000,0.000139860830,0.000000000000,0.000000000000,0.000107952316,0.000000000000,0.000000000000,0.000107379693,0.000000000000,0.000000000000,0.000107676258,0.000000000000,0.000000000000,0.000081263819,0.000000000000,0.000000000000,0.000082455853,0.000000000000,0.000000000000,0.000079780334,0.000000000000,0.000000000000,0.000078596401,0.000000000000,0.000000000000,0.000081030505,0.000000000000,0.000000000000,0.000080873499,0.000000000000,0.000000000000,0.000066359718,0.000000000000,0.000000000000,0.000061887016,0.000000000000,0.000000000000,0.000068473060
825,0.000000000000,0.000000000000,0.000139860830,0.000000000000,0.000000000000,0.000139860830,0.000000000000,0.000000000000,0.000139860830,0.000000000000,0.000000000000,0.000107952316,0.000000000000,0.000000000000,0.000107379693,0.000000000000,0.000000000000,0.000107676258,0.000000000000,0.000000000000,0.000081322799,0.000000000000,0.000000000000,0.000082455853,0.000000000000,0.000000000000,0.000079780334,0.000000000000,0.000000000000,0.000078596401,0.000000000000,0.000000000000,0.000081030505,0.000000000000,0.000000000000,0.000080873499,0.000000000000,0.000000000000,0.000066359718,0.000000000000,0.000000000000,0.000061887016,0.000000000000,0.000000000000,0.000068473060
826,0.000000000000,0.000000000000,0.000139860830,0.000000000000,0.000000000000,0.000139860830,0.000000000000,0.000000000000,0.000139860830,0.000000000000,0.000000000000,0.000107952316,0.000000000000,0.000000000000,0.000107379693,0.000000000000,0.000000000000,0.000107676258,0.000000000000,0.000000000000,0.000081322799,0.000000000000,0.000000000000,0.000082455853,0.000000000000,0.000000000000,0.000079780334,0.000000000000,0.000000000000,0.000078596401,0.000000000000,0.000000000000,0.000081030505,0.000000000000,0.000000000000,0.000080873499,0.000000000000,0.000000000000,0.000066359718,0.000000000000,0.000000000000,0.000061887016,0.000000000000,0.000000000000,0.000068473060
827,0.000000000000,0.000000000000,0.000139860830,0.000000000000,0.000000000000,0.000139860830,0.000000000000,0.000000000000,0.000139860830,0.000000000000,0.000000000000,0.000107952316,0.000000000000,0.000000000000,0.000107379693,0.000000000000,0.000000000000,0.000107676258,0.000000000000,0.000000000000,0.000081322799,0.000000000000,0.000000000000,0.000082455853,0.000000000000,0.000000000000,0.000079780334,0.000000000000,0.000000000000,0.000078596401,0.000000000000,0.000000000000,0.000081030505,0.000000000000,0.000000000000,0.000080873499,0.000000000000,0.000000000000,0.000066364349,0.000000000000,0.000000000000,0.000061887016,0.000000000000,0.000000000000,0.000068473060
828,0.000000000000,0.000000000000,0.000139860830,0.000000000000,0.000000000000,0.000139860830,0.000000000000,0.000000000000,0.000139860830,0.000000000000,0.000000000000,0.000107952316,0.000000000000,0.000000000000,0.000107379693,0.000000000000,0.000000000000,0.000107676258,0.000000000000,0.000000000000,0.000081322799,0.000000000000,0.000000000000,0.000082455853,0.000000000000,0.000000000000,0.000079780334,0.000000000000,0.000000000000,0.000078596401,0.000000000000,0.000000000000,0.000081030505,0.000000000000,0.000000000000,0.000080873499,0.000000000000,0.000000000000,0.000066364349,0.000000000000,0.000000000000,0.000061887016,0.000000000000,0.000000000000,0.000068473060
829,0.000000000000,0.000000000000,0.000139860830,0.000000000000,0.000000000000,0.000139860830,0.000000000000,0.000000000000,0.000139860830,0.000000000000,0.000000000000,0.000107952316,0.000000000000,0.000000000000,0.000107379693,0.000000000000,0.000000000000,0.000107676258,0.000000000000,0.000000000000,0.000081476308,0.000000000000,0.000000000000,0.000082455853,0.000000000000,0.000000000000,0.000079780334,0.000000000000,0.000000000000,0.000078596401,0.000000000000,0.000000000000,0.000081030505,0.000000000000,0.000000000000,0.000080873499,0.000000000000,0.000000000000,0.000066364349,0.000000000000,0.000000000000,0.000061887016,0.000000000000,0.000000000000,0.000068473060
830,0.000000000000,0.000000000000,0.000139860830,0.000000000000,0.000000000000,0.000139860830,0.000000000000,0.000000000000,0.000139860830,0.000000000000,0.000000000000,0.000107952316,0.000000000000,0.000000000000,0.000107379693,0.000000000000,0.000000000000,0.000107676258,0.000000000000,0.000000000000,0.000081476308,0.000000000000,0.000000000000,0.000082455853,0.000000000000,0.000000000000,0.000079780334,0.000000000000,0.000000000000,0.000078596401,0.000000000000,0.000000000000,0.000081030505,0.000000000000,0.000000000000,0.000080873499,0.000000000000,0.000000000000,0.000066364349,0.000000000000,0.000000000000,0.000061887016,0.000000000000,0.000000000000,0.000068473060
831,0.000000000000,0.000000000000,0.000139860830,0.000000000000,0.000000000000,0.000139860830,0.000000000000,0.000000000000,0.000139860830,0.000000000000,0.000000000000,0.000107952316,0.000000000000,0.000000000000,0.000107379693,0.000000000000,0.000000000000,0.000107676258,0.000000000000,0.000000000000,0.000081478761,0.000000000000,0.000000000000,0.000082455853,0.000000000000,0.000000000000,0.000079780334,0.000000000000,0.000000000000,0.000078596401,0.000000000000,0.000000000000,0.000081030505,0.000000000000,0.000000000000,0.000080873499,0.000000000000,0.000000000000,0.000066375176,0.000000000000,0.000000000000,0.000061887016,0.000000000000,0.000000000000,0.000068473060
832,0.000000000000,0.000000000000,0.000139860830,0.000000000000,0.000000000000,0.000139860830,0.000000000000,0.000000000000,0.000139860830,0.000000000000,0.000000000000,0.000107952316,0.000000000000,0.000000000000,0.000107379693,0.000000000000,0.000000000000,0.000107676258,0.000000000000,0.000000000000,0.000081562453,0.000000000000,0.000000000000,0.000082455853,0.000000000000,0.000000000000,0.000079780334,0.000000000000,0.000000000000,0.000078596401,0.000000000000,0.000000000000,0.000081030505,0.000000000000,0.000000000000,0.000080873499,0.000000000000,0.000000000000,0.000066375176,0.000000000000,0.000000000000,0.000061887016,0.000000000000,0.000000000000,0.000068473060
833,0.000000000000,0.000000000000,0.000139860830,0.000000000000,0.000000000000,0.000139860830,0.000000000000,0.000000000000,0.000139860830,0.000000000000,0.000000000000,0.000107952316,0.000000000000,0.000000000000,0.000107379693,0.000000000000,0.000000000000,0.000107676258,0.000000000000,0.000000000000,0.000081562453,0.000000000000,0.000000000000,0.000082455853,0.000000000000,0.000000000000,0.000079780334,0.000000000000,0.000000000000,0.000078596401,0.000000000000,0.000000000000,0.000081030505,0.000000000000,0.000000000000,0.000080873499,0.000000000000,0.000000000000,0.000066375176,0.000000000000,0.000000000000,0.000061887016,0.000000000000,0.000000000000,0.000068473060
834,0.000000000000,0.000000000000,0.000139860830,0.000000000000,0.000000000000,0.000139860830,0.000000000000,0.000000000000,0.000139860830,0.000000000000,0.000000000000,0.000107952316,0.000000000000,0.000000000000,0.000107379693,0.000000000000,0.000000000000,0.000107676258,0.000000000000,0.000000000000,0.000081562453,0.000000000000,0.000000000000,0.000082455853,0.000000000000,0.000000000000,0.000079780334,0.000000000000,0.000000000000,0.000078596401,0.000000000000,0.000000000000,0.000081030505,0.000000000000,0.000000000000,0.000080873499,0.000000000000,0.000000000000,0.000066375176,0.000000000000,0.000000000000,0.000061887016,0.000000000000,0.000000000000,0.000068473060
835,0.000000000000,0.000000000000,0.000139860830,0.000000000000,0.000000000000,0.000139860830,0.000000000000,0.000000000000,0.000139860830,0.000000000000,0.000000000000,0.000107952316,0.000000000000,0.000000000000,0.000107379693,0.000000000000,0.000000000000,0.000107676258,0.000000000000,0.000000000000,0.000081562453,0.000000000000,0.000000000000,0.000082455853,0.000000000000,0.000000000000,0.000079780334,0.000000000000,0.000000000000,0.000078596401,0.000000000000,0.000000000000,0.000081030505,0.000000000000,0.000000000000,0.000080873499,0.000000000000,0.000000000000,0.000066375176,0.000000000000,0.000000000000,0.000061887016,0.000000000000,0.000000000000,0.000068473060
836,0.000000000000,0.000000000000,0.000139860830,0.000000000000,0.000000000000,0.000139860830,0.000000000000,0.000000000000,0.000139860830,0.000000000000,0.000000000000,0.000107952316,0.000000000000,0.000000000000,0.000107379693,0.000000000000,0.000000000000,0.000107676258,0.000000000000,0.000000000000,0.000081562453,0.000000000000,0.000000000000,0.000082455853,0.000000000000,0.000000000000,0.000079780334,0.000000000000,0.000000000000,0.000078596401,0.000000000000,0.000000000000,0.000081030505,0.000000000000,0.000000000000,0.000080873499,0.000000000000,0.000000000000,0.000066375176,0.000000000000,0.000000000000,0.000061887016,0.000000000000,0.000000000000,0.000068473060
837,0.000000000000,0.000000000000,0.000139860830,0.000000000000,0.000000000000,0.000139860830,0.000000000000,0.000000000000,0.000139860830,0.000000000000,0.000000000000,0.000107952316,0.000000000000,0.000000000000,0.000107379693,0.000000000000,0.000000000000,0.000107676258,0.000000000000,0.000000000000,0.000081562453,0.000000000000,0.000000000000,0.000082455853,0.000000000000,0.000000000000,0.000079780334,0.000000000000,0.000000000000,0.000078596401,0.000000000000,0.000000000000,0.000081030505,0.000000000000,0.000000000000,0.000080873499,0.000000000000,0.000000000000,0.000066375176,0.000000000000,0.000000000000,0.000061887016,0.000000000000,0.000000000000,0.000068473060
838,0.000000000000,0.000000000000,0.000139860830,0.000000000000,0.000000000000,0.000139860830,0.000000000000,0.000000000000,0.000139860830,0.000000000000,0.000000000000,0.000107952316,0.000000000000,0.000000000000,0.000107379693,0.000000000000,0.000000000000,0.000107676258,0.000000000000,0.000000000000,0.000081761162,0.000000000000,0.000000000000,0.000082455853,0.000000000000,0.000000000000,0.000079780334,0.000000000000,0.000000000000,0.000078596401,0.000000000000,0.000000000000,0.000081030505,0.000000000000,0.000000000000,0.000080873499,0.000000000000,0.000000000000,0.000066375176,0.000000000000,0.000000000000,0.000061887016,0.000000000000,0.000000000000,0.000068473060
839,0.000000000000,0.000000000000,0.000139860830,0.000000000000,0.000000000000,0.000139860830,0.000000000000,0.000000000000,0.000139860830,0.000000000000,0.000000000000,0.000107952316,0.000000000000,0.000000000000,0.000107379693,0.000000000000,0.000000000000,0.000107676258,0.000000000000,0.000000000000,0.000081761162,0.000000000000,0.000000000000,0.000082455853,0.000000000000,0.000000000000,0.000079780334,0.000000000000,0.000000000000,0.000078596401,0.000000000000,0.000000000000,0.000081030505,0.000000000000,0.000000000000,0.000080873499,0.000000000000,0.000000000000,0.000066405625,0.000000000000,0.000000000000,0.000061887016,0.000000000000,0.000000000000,0.000068473060
840,0.000000000000,0.000000000000,0.000139860830,0.000000000000,0.000000000000,0.000139860830,0.000000000000,0.000000000000,0.000139860830,0.000000000000,0.000000000000,0.000107952316,0.000000000000,0.000000000000,0.000107379693,0.000000000000,0.000000000000,0.000107676258,0.000000000000,0.000000000000,0.000081761162,0.000000000000,0.000000000000,0.000082455853,0.000000000000,0.000000000000,0.000079780334,0.000000000000,0.000000000000,0.000078596401,0.000000000000,0.000000000000,0.000081030505,0.000000000000,0.000000000000,0.000080873499,0.000000000000,0.000000000000,0.000066407414,0.000000000000,0.000000000000,0.000061887016,0.000000000000,0.000000000000,0.000068473060
841,0.000000000000,0.000000000000,0.000139860830,0.000000000000,0.000000000000,0.000139860830,0.000000000000,0.000000000000,0.000139860830,0.000000000000,0.000000000000,0.000107952316,0.000000000000,0.000000000000,0.000107379693,0.000000000000,0.000000000000,0.000107676258,0.000000000000,0.000000000000,0.000081761162,0.000000000000,0.000000000000,0.000082455853,0.000000000000,0.000000000000,0.000079780334,0.000000000000,0.000000000000,0.000078596401,0.000000000000,0.000000000000,0.000081030505,0.000000000000,0.000000000000,0.000080873499,0.000000000000,0.000000000000,0.000066407414,0.000000000000,0.000000000000,0.000061887016,0.000000000000,0.000000000000,0.000068473060
842,0.000000000000,0.000000000000,0.000139860830,0.000000000000,0.000000000000,0.000139860830,0.000000000000,0.000000000000,0.000139860830,0.000000000000,0.000000000000,0.000107952316,0.000000000000,0.000000000000,0.000107379693,0.000000000000,0.000000000000,0.000107676258,0.000000000000,0.000000000000,0.000081761162,0.000000000000,0.000000000000,0.000082455853,0.000000000000,0.000000000000,0.000079780334,0.000000000000,0.000000000000,0.000078596401,0.000000000000,0.000000000000,0.000081030505,0.000000000000,0.000000000000,0.000080873499,0.000000000000,0.000000000000,0.000066407414,0.000000000000,0.000000000000,0.000061887016,0.000000000000,0.000000000000,0.000068473060
843,0.000000000000,0.000000000000,0.000139860830,0.000000000000,0.000000000000,0.000139860830,0.000000000000,0.000000000000,0.000139860830,0.000000000000,0.000000000000,0.000107952316,0.000000000000,0.000000000000,0.000107379693,0.000000000000,0.000000000000,0.000107676258,0.000000000000,0.000000000000,0.000081761162,0.000000000000,0.000000000000,0.000082455853,0.000000000000,0.000000000000,0.000079780334,0.000000000000,0.000000000000,0.000078596401,0.000000000000,0.000000000000,0.000081030505,0.000000000000,0.000000000000,0.000080873499,0.000000000000,0.000000000000,0.000066407414,0.000000000000,0.000000000000,0.000061887016,0.000000000000,0.000000000000,0.000068473060
844,0.000000000000,0.000000000000,0.000139860830,0.000000000000,0.000000000000,0.000139860830,0.000000000000,0.000000000000,0.000139860830,0.000000000000,0.000000000000,0.000107952316,0.000000000000,0.000000000000,0.000107379693,0.000000000000,0.000000000000,0.000107676258,0.000000000000,0.000000000000,0.000081761162,0.000000000000,0.000000000000,0.000082455853,0.000000000000,0.000000000000,0.000079780334,0.000000000000,0.000000000000,0.000078596401,0.000000000000,0.000000000000,0.000081030505,0.000000000000,0.000000000000,0.000080873499,0.000000000000,0.000000000000,0.000066437885,0.000000000000,0.000000000000,0.000061887016,0.000000000000,0.000000000000,0.000068473060
845,0.000000000000,0.000000000000,0.000139860830,0.000000000000,0.000000000000,0.000139860830,0.000000000000,0.000000000000,0.000139860830,0.000000000000,0.000000000000,0.000107952316,0.000000000000,0.000000000000,0.000107379693,0.000000000000,0.000000000000,0.000107676258,0.000000000000,0.000000000000,0.000081761162,0.000000000000,0.000000000000,0.000082455853,0.000000000000,0.000000000000,0.000079780334,0.000000000000,0.000000000000,0.000078596401,0.000000000000,0.000000000000,0.000081030505,0.000000000000,0.000000000000,0.000080873499,0.000000000000,0.000000000000,0.000066438046,0.000000000000,0.000000000000,0.000061887016,0.000000000000,0.000000000000,0.000068473060
846,0.000000000000,0.000000000000,0.000139860830,0.000000000000,0.000000000000,0.000139860830,0.000000000000,0.000000000000,0.000139860830,0.000000000000,0.000000000000,0.000107952316,0.000000000000,0.000000000000,0.000107379693,0.000000000000,0.000000000000,0.000107676258,0.000000000000,0.000000000000,0.000081761162,0.000000000000,0.000000000000,0.000082455853,0.000000000000,0.000000000000,0.000079780334,0.000000000000,0.000000000000,0.000078596401,0.000000000000,0.000000000000,0.000081030505,0.000000000000,0.000000000000,0.000080873499,0.000000000000,0.000000000000,0.000066438046,0.000000000000,0.000000000000,0.000061887016,0.000000000000,0.000000000000,0.000068473060
847,0.000000000000,0.000000000000,0.000139860830,0.000000000000,0.000000000000,0.000139860830,0.000000000000,0.000000000000,0.000139860830,0.000000000000,0.000000000000,0.000107952316,0.000000000000,0.000000000000,0.000107379693,0.000000000000,0.000000000000,0.000107676258,0.000000000000,0.000000000000,0.000081761162,0.000000000000,0.000000000000,0.000082455853,0.000000000000,0.000000000000,0.000079780334,0.000000000000,0.000000000000,0.000078596401,0.000000000000,0.000000000000,0.000081030505,0.000000000000,0.000000000000,0.000080873499,0.000000000000,0.000000000000,0.000066438046,0.000000000000,0.000000000000,0.000061887016,0.000000000000,0.000000000000,0.000068473060
848,0.000000000000,0.000000000000,0.000139860830,0.000000000000,0.000000000000,0.000139860830,0.000000000000,0.000000000000,0.000139860830,0.000000000000,0.000000000000,0.000107952316,0.000000000000,0.000000000000,0.000107379693,0.000000000000,0.000000000000,0.000107676258,0.000000000000,0.000000000000,0.000081761162,0.000000000000,0.000000000000,0.000082455853,0.000000000000,0.000000000000,0.000079780334,0.000000000000,0.000000000000,0.000078596401,0.000000000000,0.000000000000,0.000081030505,0.000000000000,0.000000000000,0.000080873499,0.000000000000,0.000000000000,0.000066438046,0.000000000000,0.000000000000,0.000061887016,0.000000000000,0.000000000000,0.000068473060
849,0.000000000000,0.000000000000,0.000139860830,0.000000000000,0.000000000000,0.000139860830,0.000000000000,0.000000000000,0.000139860830,0.000000000000,0.000000000000,0.000107952316,0.000000000000,0.000000000000,0.000107379693,0.000000000000,0.000000000000,0.000107676258,0.000000000000,0.000000000000,0.000081761162,0.000000000000,0.000000000000,0.000082455853,0.000000000000,0.000000000000,0.000079780334,0.000000000000,0.000000000000,0.000078596401,0.000000000000,0.000000000000,0.000081030505,0.000000000000,0.000000000000,0.000080873499,0.000000000000,0.000000000000,0.000066438046,0.000000000000,0.000000000000,0.000061887016,0.000000000000,0.000000000000,0.000068473060
850,0.000000000000,0.000000000000,0.000139860830,0.000000000000,0.000000000000,0.000139860830,0.000000000000,0.000000000000,0.000139860830,0.000000000000,0.000000000000,0.000107952316,0.000000000000,0.000000000000,0.000107379693,0.000000000000,0.000000000000,0.000107676258,0.000000000000,0.000000000000,0.000081761162,0.000000000000,0.000000000000,0.000082455853,0.000000000000,0.000000000000,0.000079780334,0.000000000000,0.000000000000,0.000078596401,0.000000000000,0.000000000000,0.000081030505,0.000000000000,0.000000000000,0.000080873499,0.000000000000,0.000000000000,0.000066438046,0.000000000000,0.000000000000,0.000061887016,0.000000000000,0.000000000000,0.000068473060
851,0.000000000000,0.000000000000,0.000139860830,0.000000000000,0.000000000000,0.000139860830,0.000000000000,0.000000000000,0.000139860830,0.000000000000,0.000000000000,0.000107952316,0.000000000000,0.000000000000,0.000107379693,0.000000000000,0.000000000000,0.000107676258,0.000000000000,0.000000000000,0.000081761162,0.000000000000,0.000000000000,0.000082455853,0.000000000000,0.000000000000,0.000079780334,0.000000000000,0.000000000000,0.000078596401,0.000000000000,0.000000000000,0.000081030505,0.000000000000,0.000000000000,0.000080873499,0.000000000000,0.000000000000,0.000066438046,0.000000000000,0.000000000000,0.000061887016,0.000000000000,0.000000000000,0.000068473060
852,0.000000000000,0.000000000000,0.000139860830,0.000000000000,0.000000000000,0.000139860830,0.000000000000,0.000000000000,0.000139860830,0.000000000000,0.000000000000,0.000107952316,0.000000000000,0.000000000000,0.000107379693,0.000000000000,0.000000000000,0.000107676258,0.000000000000,0.000000000000,0.000081761162,0.000000000000,0.000000000000,0.000082455853,0.000000000000,0.000000000000,0.000079780334,0.000000000000,0.000000000000,0.000078596401,0.000000000000,0.000000000000,0.000081030505,0.000000000000,0.000000000000,0.000080873499,0.000000000000,0.000000000000,0.000066438046,0.000000000000,0.000000000000,0.000061887016,0.000000000000,0.000000000000,0.000068473060
853,0.000000000000,0.000000000000,0.000139860830,0.000000000000,0.000000000000,0.000139860830,0.000000000000,0.000000000000,0.000139860830,0.000000000000,0.000000000000,0.000107952316,0.000000000000,0.000000000000,0.000107379693,0.000000000000,0.000000000000,0.000107676258,0.000000000000,0.000000000000,0.000081761162,0.000000000000,0.000000000000,0.000082455853,0.000000000000,0.000000000000,0.000079780334,0.000000000000,0.000000000000,0.000078596401,0.000000000000,0.000000000000,0.000081030505,0.000000000000,0.000000000000,0.000080873499,0.000000000000,0.000000000000,0.000066438046,0.000000000000,0.000000000000,0.000061887016,0.000000000000,0.000000000000,0.000068473060
854,0.000000000000,0.000000000000,0.000139860830,0.000000000000,0.000000000000,0.000139860830,0.000000000000,0.000000000000,0.000139860830,0.000000000000,0.000000000000,0.000107952316,0.000000000000,0.000000000000,0.000107379693,0.000000000000,0.000000000000,0.000107676258,0.000000000000,0.000000000000,0.000081761162,0.000000000000,0.000000000000,0.000082455853,0.000000000000,0.000000000000,0.000079780334,0.000000000000,0.000000000000,0.000078596401,0.000000000000,0.000000000000,0.000081030505,0.000000000000,0.000000000000,0.000080873499,0.000000000000,0.000000000000,0.000066438046,0.000000000000,0.000000000000,0.000061887016,0.000000000000,0.000000000000,0.000068473060
855,0.000000000000,0.000000000000,0.000139860830,0.000000000000,0.000000000000,0.000139860830,0.000000000000,0.000000000000,0.000139860830,0.000000000000,0.000000000000,0.000107952316,0.000000000000,0.000000000000,0.000107379693,0.000000000000,0.000000000000,0.000107676258,0.000000000000,0.000000000000,0.000081761162,0.000000000000,0.000000000000,0.000082455853,0.000000000000,0.000000000000,0.000079780334,0.000000000000,0.000000000000,0.000078596401,0.000000000000,0.000000000000,0.000081030505,0.000000000000,0.000000000000,0.000080873499,0.000000000000,0.000000000000,0.000066438046,0.000000000000,0.000000000000,0.000061887016,0.000000000000,0.000000000000,0.000068473060
856,0.000000000000,0.000000000000,0.000139860830,0.000000000000,0.000000000000,0.000139860830,0.000000000000,0.000000000000,0.000139860830,0.000000000000,0.000000000000,0.000107952316,0.000000000000,0.000000000000,0.000107379693,0.000000000000,0.000000000000,0.000107676258,0.000000000000,0.000000000000,0.000081761162,0.000000000000,0.000000000000,0.000082455853,0.000000000000,0.000000000000,0.000079780334,0.000000000000,0.000000000000,0.000078596401,0.000000000000,0.000000000000,0.000081030505,0.000000000000,0.000000000000,0.000080873499,0.000000000000,0.000000000000,0.000066438046,0.000000000000,0.000000000000,0.000061887016,0.000000000000,0.000000000000,0.000068473060
857,0.000000000000,0.000000000000,0.000139860830,0.000000000000,0.000000000000,0.000139860830,0.000000000000,0.000000000000,0.000139860830,0.000000000000,0.000000000000,0.000107952316,0.000000000000,0.000000000000,0.000107379693,0.000000000000,0.000000000000,0.000107676258,0.000000000000,0.000000000000,0.000081761162,0.000000000000,0.000000000000,0.000082455853,0.000000000000,0.000000000000,0.000079780334,0.000000000000,0.000000000000,0.000078596401,0.000000000000,0.000000000000,0.000081030505,0.000000000000,0.000000000000,0.000080873499,0.000000000000,0.000000000000,0.000066438046,0.000000000000,0.000000000000,0.000061887016,0.000000000000,0.000000000000,0.000068473060
858,0.000000000000,0.000000000000,0.000139860830,0.000000000000,0.000000000000,0.000139860830,0.000000000000,0.000000000000,0.000139860830,0.000000000000,0.000000000000,0.000107952316,0.000000000000,0.000000000000,0.000107379693,0.000000000000,0.000000000000,0.000107676258,0.000000000000,0.000000000000,0.000081761162,0.000000000000,0.000000000000,0.000082455853,0.000000000000,0.000000000000,0.000079780334,0.000000000000,0.000000000000,0.000078596401,0.000000000000,0.000000000000,0.000081030505,0.000000000000,0.000000000000,0.000080873499,0.000000000000,0.000000000000,0.000066438046,0.000000000000,0.000000000000,0.000061887016,0.000000000000,0.000000000000,0.000068473060
859,0.000000000000,0.000000000000,0.000139860830,0.000000000000,0.000000000000,0.000139860830,0.000000000000,0.000000000000,0.000139860830,0.000000000000,0.000000000000,0.000107952316,0.000000000000,0.000000000000,0.000107379693,0.000000000000,0.000000000000,0.000107676258,0.000000000000,0.000000000000,0.000081761162,0.000000000000,0.000000000000,0.000082455853,0.000000000000,0.000000000000,0.000079780334,0.000000000000,0.000000000000,0.000078596401,0.000000000000,0.000000000000,0.000081030505,0.000000000000,0.000000000000,0.000080873499,0.000000000000,0.000000000000,0.000066438046,0.000000000000,0.000000000000,0.000061887016,0.000000000000,0.000000000000,0.000068473060
860,0.000000000000,0.000000000000,0.000139860830,0.000000000000,0.000000000000,0.000139860830,0.000000000000,0.000000000000,0.000139860830,0.000000000000,0.000000000000,0.000107952316,0.000000000000,0.000000000000,0.000107379693,0.000000000000,0.000000000000,0.000107676258,0.000000000000,0.000000000000,0.000081761162,0.000000000000,0.000000000000,0.000082455853,0.000000000000,0.000000000000,0.000079780334,0.000000000000,0.000000000000,0.000078596401,0.000000000000,0.000000000000,0.000081030505,0.000000000000,0.000000000000,0.000080873499,0.000000000000,0.000000000000,0.000066476813,0.000000000000,0.000000000000,0.000061887016,0.000000000000,0.000000000000,0.000068473060
861,0.000000000000,0.000000000000,0.000139860830,0.000000000000,0.000000000000,0.000139860830,0.000000000000,0.000000000000,0.000139860830,0.000000000000,0.000000000000,0.000107952316,0.000000000000,0.000000000000,0.000107379693,0.000000000000,0.000000000000,0.000107676258,0.000000000000,0.000000000000,0.000081761162,0.000000000000,0.000000000000,0.000082455853,0.000000000000,0.000000000000,0.000079780334,0.000000000000,0.000000000000,0.000078596401,0.000000000000,0.000000000000,0.000081030505,0.000000000000,0.000000000000,0.000080873499,0.000000000000,0.000000000000,0.000066527918,0.000000000000,0.000000000000,0.000061887016,0.000000000000,0.000000000000,0.000068473060
862,0.000000000000,0.000000000000,0.000139860830,0.000000000000,0.000000000000,0.000139860830,0.000000000000,0.000000000000,0.000139860830,0.000000000000,0.000000000000,0.000107952316,0.000000000000,0.000000000000,0.000107379693,0.000000000000,0.000000000000,0.000107676258,0.000000000000,0.000000000000,0.000081761162,0.000000000000,0.000000000000,0.000082455853,0.000000000000,0.000000000000,0.000079780334,0.000000000000,0.000000000000,0.000078596401,0.000000000000,0.000000000000,0.000081030505,0.000000000000,0.000000000000,0.000080873499,0.000000000000,0.000000000000,0.000066531771,0.000000000000,0.000000000000,0.000061887016,0.000000000000,0.000000000000,0.000068473060
863,0.000000000000,0.000000000000,0.000139860830,0.000000000000,0.000000000000,0.000139860830,0.000000000000,0.000000000000,0.000139860830,0.000000000000,0.000000000000,0.000107952316,0.000000000000,0.000000000000,0.000107379693,0.000000000000,0.000000000000,0.000107676258,0.000000000000,0.000000000000,0.000081761162,0.000000000000,0.000000000000,0.000082455853,0.000000000000,0.000000000000,0.000079780334,0.000000000000,0.000000000000,0.000078596401,0.000000000000,0.000000000000,0.000081030505,0.000000000000,0.000000000000,0.000080873499,0.000000000000,0.000000000000,0.000066531771,0.000000000000,0.000000000000,0.000061887016,0.000000000000,0.000000000000,0.000068473060
864,0.000000000000,0.000000000000,0.000139860830,0.000000000000,0.000000000000,0.000139860830,0.000000000000,0.000000000000,0.000139860830,0.000000000000,0.000000000000,0.000107952316,0.000000000000,0.000000000000,0.000107379693,0.000000000000,0.000000000000,0.000107676258,0.000000000000,0.000000000000,0.000081761162,0.000000000000,0.000000000000,0.000082455853,0.000000000000,0.000000000000,0.000079780334,0.000000000000,0.000000000000,0.000078596401,0.000000000000,0.000000000000,0.000081030505,0.000000000000,0.000000000000,0.000080873499,0.000000000000,0.000000000000,0.000066531771,0.000000000000,0.000000000000,0.000061887016,0.000000000000,0.000000000000,0.000068473060
865,0.000000000000,0.000000000000,0.000139860830,0.000000000000,0.000000000000,0.000139860830,0.000000000000,0.000000000000,0.000139860830,0.000000000000,0.000000000000,0.000107952316,0.000000000000,0.000000000000,0.000107379693,0.000000000000,0.000000000000,0.000107676258,0.000000000000,0.000000000000,0.000081761162,0.000000000000,0.000000000000,0.000082455853,0.000000000000,0.000000000000,0.000079780334,0.000000000000,0.000000000000,0.000078596401,0.000000000000,0.000000000000,0.000081030505,0.000000000000,0.000000000000,0.000080873499,0.000000000000,0.000000000000,0.000066531771,0.000000000000,0.000000000000,0.000061887016,0.000000000000,0.000000000000,0.000068473060
866,0.000000000000,0.000000000000,0.000139860830,0.000000000000,0.000000000000,0.000139860830,0.000000000000,0.000000000000,0.000139860830,0.000000000000,0.000000000000,0.000107952316,0.000000000000,0.000000000000,0.000107379693,0.000000000000,0.000000000000,0.000107676258,0.000000000000,0.000000000000,0.000081761162,0.000000000000,0.000000000000,0.000082455853,0.000000000000,0.000000000000,0.000079780334,0.000000000000,0.000000000000,0.000078596401,0.000000000000,0.000000000000,0.000081030505,0.000000000000,0.000000000000,0.000080873499,0.000000000000,0.000000000000,0.000066531771,0.000000000000,0.000000000000,0.000061887016,0.000000000000,0.000000000000,0.000068473060
867,0.000000000000,0.000000000000,0.000139860830,0.000000000000,0.000000000000,0.000139860830,0.000000000000,0.000000000000,0.000139860830,0.000000000000,0.000000000000,0.000107952316,0.000000000000,0.000000000000,0.000107379693,0.000000000000,0.000000000000,0.000107676258,0.000000000000,0.000000000000,0.000081761162,0.000000000000,0.000000000000,0.000082455853,0.000000000000,0.000000000000,0.000079780334,0.000000000000,0.000000000000,0.000078596401,0.000000000000,0.000000000000,0.000081030505,0.000000000000,0.000000000000,0.000080873499,0.000000000000,0.000000000000,0.000066531771,0.000000000000,0.000000000000,0.000061887016,0.000000000000,0.000000000000,0.000068473060
868,0.000000000000,0.000000000000,0.000139860830,0.000000000000,0.000000000000,0.000139860830,0.000000000000,0.000000000000,0.000139860830,0.000000000000,0.000000000000,0.000107952316,0.000000000000,0.000000000000,0.000107379693,0.000000000000,0.000000000000,0.000107676258,0.000000000000,0.000000000000,0.000081761162,0.000000000000,0.000000000000,0.000082455853,0.000000000000,0.000000000000,0.000079780334,0.000000000000,0.000000000000,0.000078596401,0.000000000000,0.000000000000,0.000081030505,0.000000000000,0.000000000000,0.000080873499,0.000000000000,0.000000000000,0.000066531771,0.000000000000,0.000000000000,0.000061887016,0.000000000000,0.000000000000,0.000068473060
869,0.000000000000,0.000000000000,0.000139860830,0.000000000000,0.000000000000,0.000139860830,0.000000000000,0.000000000000,0.000139860830,0.000000000000,0.000000000000,0.000107952316,0.000000000000,0.000000000000,0.000107379693,0.000000000000,0.000000000000,0.000107676258,0.000000000000,0.000000000000,0.000081761162,0.000000000000,0.000000000000,0.000082455853,0.000000000000,0.000000000000,0.000079780334,0.000000000000,0.000000000000,0.000078596401,0.000000000000,0.000000000000,0.000081030505,0.000000000000,0.000000000000,0.000080873499,0.000000000000,0.000000000000,0.000066531771,0.000000000000,0.000000000000,0.000061887016,0.000000000000,0.000000000000,0.000068473060
870,0.000000000000,0.000000000000,0.000139860830,0.000000000000,0.000000000000,0.000139860830,0.000000000000,0.000000000000,0.000139860830,0.000000000000,0.000000000000,0.000107952316,0.000000000000,0.000000000000,0.000107379693,0.000000000000,0.000000000000,0.000107676258,0.000000000000,0.000000000000,0.000081761162,0.000000000000,0.000000000000,0.000082455853,0.000000000000,0.000000000000,0.000079780334,0.000000000000,0.000000000000,0.000078596401,0.000000000000,0.000000000000,0.000081030505,0.000000000000,0.000000000000,0.000080873499,0.000000000000,0.000000000000,0.000066531771,0.000000000000,0.000000000000,0.000061887016,0.000000000000,0.000000000000,0.000068473060
871,0.000000000000,0.000000000000,0.000139860830,0.000000000000,0.000000000000,0.000139860830,0.000000000000,0.000000000000,0.000139860830,0.000000000000,0.000000000000,0.000107952316,0.000000000000,0.000000000000,0.000107379693,0.000000000000,0.000000000000,0.000107676258,0.000000000000,0.000000000000,0.000081761162,0.000000000000,0.000000000000,0.000082455853,0.000000000000,0.000000000000,0.000079780334,0.000000000000,0.000000000000,0.000078596401,0.000000000000,0.000000000000,0.000081030505,0.000000000000,0.000000000000,0.000080873499,0.000000000000,0.000000000000,0.000066531771,0.000000000000,0.000000000000,0.000061887016,0.000000000000,0.000000000000,0.000068473060
872,0.000000000000,0.000000000000,0.000139860830,0.000000000000,0.000000000000,0.000139860830,0.000000000000,0.000000000000,0.000139860830,0.000000000000,0.000000000000,0.000107952316,0.000000000000,0.000000000000,0.000107379693,0.000000000000,0.000000000000,0.000107676258,0.000000000000,0.000000000000,0.000081761162,0.000000000000,0.000000000000,0.000082455853,0.000000000000,0.000000000000,0.000079780334,0.000000000000,0.000000000000,0.000078596401,0.000000000000,0.000000000000,0.000081030505,0.000000000000,0.000000000000,0.000080873499,0.000000000000,0.000000000000,0.000066531771,0.000000000000,0.000000000000,0.000061887016,0.000000000000,0.000000000000,0.000068473060
873,0.000000000000,0.000000000000,0.000139860830,0.000000000000,0.000000000000,0.000139860830,0.000000000000,0.000000000000,0.000139860830,0.000000000000,0.000000000000,0.000107952316,0.000000000000,0.000000000000,0.000107379693,0.000000000000,0.000000000000,0.000107676258,0.000000000000,0.000000000000,0.000081761162,0.000000000000,0.000000000000,0.000082455853,0.000000000000,0.000000000000,0.000079780334,0.000000000000,0.000000000000,0.000078596401,0.000000000000,0.000000000000,0.000081030505,0.000000000000,0.000000000000,0.000080873499,0.000000000000,0.000000000000,0.000066531771,0.000000000000,0.000000000000,0.000061887016,0.000000000000,0.000000000000,0.000068473060
874,0.000000000000,0.000000000000,0.000139860830,0.000000000000,0.000000000000,0.000139860830,0.000000000000,0.000000000000,0.000139860830,0.000000000000,0.000000000000,0.000107952316,0.000000000000,0.000000000000,0.000107379693,0.000000000000,0.000000000000,0.000107676258,0.000000000000,0.000000000000,0.000081761162,0.000000000000,0.000000000000,0.000082455853,0.000000000000,0.000000000000,0.000079780334,0.000000000000,0.000000000000,0.000078596401,0.000000000000,0.000000000000,0.000081030505,0.000000000000,0.000000000000,0.000080873499,0.000000000000,0.000000000000,0.000066537000,0.000000000000,0.000000000000,0.000061887016,0.000000000000,0.000000000000,0.000068473060
875,0.000000000000,0.000000000000,0.000139860830,0.000000000000,0.000000000000,0.000139860830,0.000000000000,0.000000000000,0.000139860830,0.000000000000,0.000000000000,0.000107952316,0.000000000000,0.000000000000,0.000107379693,0.000000000000,0.000000000000,0.000107676258,0.000000000000,0.000000000000,0.000081761162,0.000000000000,0.000000000000,0.000082455853,0.000000000000,0.000000000000,0.000079780334,0.000000000000,0.000000000000,0.000078596401,0.000000000000,0.000000000000,0.000081030505,0.000000000000,0.000000000000,0.000080873499,0.000000000000,0.000000000000,0.000066537000,0.000000000000,0.000000000000,0.000061887016,0.000000000000,0.000000000000,0.000068473060
876,0.000000000000,0.000000000000,0.000139860830,0.000000000000,0.000000000000,0.000139860830,0.000000000000,0.000000000000,0.000139860830,0.000000000000,0.000000000000,0.000107952316,0.000000000000,0.000000000000,0.000107379693,0.000000000000,0.000000000000,0.000107676258,0.000000000000,0.000000000000,0.000081761162,0.000000000000,0.000000000000,0.000082455853,0.000000000000,0.000000000000,0.000079780334,0.000000000000,0.000000000000,0.000078596401,0.000000000000,0.000000000000,0.000081030505,0.000000000000,0.000000000000,0.000080873499,0.000000000000,0.000000000000,0.000066537000,0.000000000000,0.000000000000,0.000061887016,0.000000000000,0.000000000000,0.000068473060
877,0.000000000000,0.000000000000,0.000139860830,0.000000000000,0.000000000000,0.000139860830,0.000000000000,0.000000000000,0.000139860830,0.000000000000,0.000000000000,0.000107952316,0.000000000000,0.000000000000,0.000107379693,0.000000000000,0.000000000000,0.000107676258,0.000000000000,0.000000000000,0.000081761162,0.000000000000,0.000000000000,0.000082455853,0.000000000000,0.000000000000,0.000079780334,0.000000000000,0.000000000000,0.000078596401,0.000000000000,0.000000000000,0.000081030505,0.000000000000,0.000000000000,0.000080873499,0.000000000000,0.000000000000,0.000066537000,0.000000000000,0.000000000000,0.000061887016,0.000000000000,0.000000000000,0.000068473060
878,0.000000000000,0.000000000000,0.000139860830,0.000000000000,0.000000000000,0.000139860830,0.000000000000,0.000000000000,0.000139860830,0.000000000000,0.000000000000,0.000107952316,0.000000000000,0.000000000000,0.000107379693,0.000000000000,0.000000000000,0.000107676258,0.000000000000,0.000000000000,0.000081761162,0.000000000000,0.000000000000,0.000082455853,0.000000000000,0.000000000000,0.000079780334,0.000000000000,0.000000000000,0.000078596401,0.000000000000,0.000000000000,0.000081030505,0.000000000000,0.000000000000,0.000080873499,0.000000000000,0.000000000000,0.000066537000,0.000000000000,0.000000000000,0.000061887016,0.000000000000,0.000000000000,0.000068473060
879,0.000000000000,0.000000000000,0.000139860830,0.000000000000,0.000000000000,0.000139860830,0.000000000000,0.000000000000,0.000139860830,0.000000000000,0.000000000000,0.000107952316,0.000000000000,0.000000000000,0.000107379693,0.000000000000,0.000000000000,0.000107676258,0.000000000000,0.000000000000,0.000081761162,0.000000000000,0.000000000000,0.000082455853,0.000000000000,0.000000000000,0.000079780334,0.000000000000,0.000000000000,0.000078596401,0.000000000000,0.000000000000,0.000081030505,0.000000000000,0.000000000000,0.000080873499,0.000000000000,0.000000000000,0.000066537000,0.000000000000,0.000000000000,0.000061887016,0.000000000000,0.000000000000,0.000068473060
880,0.000000000000,0.000000000000,0.000139860830,0.000000000000,0.000000000000,0.000139860830,0.000000000000,0.000000000000,0.000139860830,0.000000000000,0.000000000000,0.000107952316,0.000000000000,0.000000000000,0.000107379693,0.000000000000,0.000000000000,0.000107676258,0.000000000000,0.000000000000,0.000081761162,0.000000000000,0.000000000000,0.000082455853,0.000000000000,0.000000000000,0.000079780334,0.000000000000,0.000000000000,0.000078596401,0.000000000000,0.000000000000,0.000081030505,0.000000000000,0.000000000000,0.000080873499,0.000000000000,0.000000000000,0.000066537000,0.000000000000,0.000000000000,0.000061887016,0.000000000000,0.000000000000,0.000068473060
881,0.000000000000,0.000000000000,0.000139860830,0.000000000000,0.000000000000,0.000139860830,0.000000000000,0.000000000000,0.000139860830,0.000000000000,0.000000000000,0.000107952316,0.000000000000,0.000000000000,0.000107379693,0.000000000000,0.000000000000,0.000107676258,0.000000000000,0.000000000000,0.000081761162,0.000000000000,0.000000000000,0.000082455853,0.000000000000,0.000000000000,0.000079780334,0.000000000000,0.000000000000,0.000078596401,0.000000000000,0.000000000000,0.000081030505,0.000000000000,0.000000000000,0.000080873499,0.000000000000,0.000000000000,0.000066537292,0.000000000000,0.000000000000,0.000061887016,0.000000000000,0.000000000000,0.000068473060
882,0.000000000000,0.000000000000,0.000139860830,0.000000000000,0.000000000000,0.000139860830,0.000000000000,0.000000000000,0.000139860830,0.000000000000,0.000000000000,0.000107952316,0.000000000000,0.000000000000,0.000107379693,0.000000000000,0.000000000000,0.000107676258,0.000000000000,0.000000000000,0.000081761162,0.000000000000,0.000000000000,0.000082455853,0.000000000000,0.000000000000,0.000079780334,0.000000000000,0.000000000000,0.000078596401,0.000000000000,0.000000000000,0.000081030505,0.000000000000,0.000000000000,0.000080873499,0.000000000000,0.000000000000,0.000066537292,0.000000000000,0.000000000000,0.000061887016,0.000000000000,0.000000000000,0.000068473060
883,0.000000000000,0.000000000000,0.000139860830,0.000000000000,0.000000000000,0.000139860830,0.000000000000,0.000000000000,0.000139860830,0.000000000000,0.000000000000,0.000107952316,0.000000000000,0.000000000000,0.000107379693,0.000000000000,0.000000000000,0.000107676258,0.000000000000,0.000000000000,0.000081761162,0.000000000000,0.000000000000,0.000082455853,0.000000000000,0.000000000000,0.000079780334,0.000000000000,0.000000000000,0.000078596401,0.000000000000,0.000000000000,0.000081030505,0.000000000000,0.000000000000,0.000080873499,0.000000000000,0.000000000000,0.000066542433,0.000000000000,0.000000000000,0.000061887016,0.000000000000,0.000000000000,0.000068473060
884,0.000000000000,0.000000000000,0.000139860830,0.000000000000,0.000000000000,0.000139860830,0.000000000000,0.000000000000,0.000139860830,0.000000000000,0.000000000000,0.000107952316,0.000000000000,0.000000000000,0.000107379693,0.000000000000,0.000000000000,0.000107676258,0.000000000000,0.000000000000,0.000081761162,0.000000000000,0.000000000000,0.000082455853,0.000000000000,0.000000000000,0.000079780334,0.000000000000,0.000000000000,0.000078596401,0.000000000000,0.000000000000,0.000081030505,0.000000000000,0.000000000000,0.000080873499,0.000000000000,0.000000000000,0.000066542433,0.000000000000,0.000000000000,0.000061887016,0.000000000000,0.000000000000,0.000068473060
885,0.000000000000,0.000000000000,0.000139860830,0.000000000000,0.000000000000,0.000139860830,0.000000000000,0.000000000000,0.000139860830,0.000000000000,0.000000000000,0.000107952316,0.000000000000,0.000000000000,0.000107379693,0.000000000000,0.000000000000,0.000107676258,0.000000000000,0.000000000000,0.000081761162,0.000000000000,0.000000000000,0.000082455853,0.000000000000,0.000000000000,0.000079780334,0.000000000000,0.000000000000,0.000078596401,0.000000000000,0.000000000000,0.000081030505,0.000000000000,0.000000000000,0.000080873499,0.000000000000,0.000000000000,0.000066542433,0.000000000000,0.000000000000,0.000061887016,0.000000000000,0.000000000000,0.000068473060
886,0.000000000000,0.000000000000,0.000139860830,0.000000000000,0.000000000000,0.000139860830,0.000000000000,0.000000000000,0.000139860830,0.000000000000,0.000000000000,0.000107952316,0.000000000000,0.000000000000,0.000107379693,0.000000000000,0.000000000000,0.000107676258,0.000000000000,0.000000000000,0.000081761162,0.000000000000,0.000000000000,0.000082455853,0.000000000000,0.000000000000,0.000079780334,0.000000000000,0.000000000000,0.000078596401,0.000000000000,0.000000000000,0.000081030505,0.000000000000,0.000000000000,0.000080873499,0.000000000000,0.000000000000,0.000066572868,0.000000000000,0.000000000000,0.000061887016,0.000000000000,0.000000000000,0.000068473060
887,0.000000000000,0.000000000000,0.000139860830,0.000000000000,0.000000000000,0.000139860830,0.000000000000,0.000000000000,0.000139860830,0.000000000000,0.000000000000,0.000107952316,0.000000000000,0.000000000000,0.000107379693,0.000000000000,0.000000000000,0.000107676258,0.000000000000,0.000000000000,0.000081761162,0.000000000000,0.000000000000,0.000082455853,0.000000000000,0.000000000000,0.000079780334,0.000000000000,0.000000000000,0.000078596401,0.000000000000,0.000000000000,0.000081030505,0.000000000000,0.000000000000,0.000080873499,0.000000000000,0.000000000000,0.000066572868,0.000000000000,0.000000000000,0.000061887016,0.000000000000,0.000000000000,0.000068473060
888,0.000000000000,0.000000000000,0.000139860830,0.000000000000,0.000000000000,0.000139860830,0.000000000000,0.000000000000,0.000139860830,0.000000000000,0.000000000000,0.000107952316,0.000000000000,0.000000000000,0.000107379693,0.000000000000,0.000000000000,0.000107676258,0.000000000000,0.000000000000,0.000081761162,0.000000000000,0.000000000000,0.000082455853,0.000000000000,0.000000000000,0.000079780334,0.000000000000,0.000000000000,0.000078596401,0.000000000000,0.000000000000,0.000081030505,0.000000000000,0.000000000000,0.000080873499,0.000000000000,0.000000000000,0.000066572868,0.000000000000,0.000000000000,0.000061887016,0.000000000000,0.000000000000,0.000068473060
889,0.000000000000,0.000000000000,0.000139860830,0.000000000000,0.000000000000,0.000139860830,0.000000000000,0.000000000000,0.000139860830,0.000000000000,0.000000000000,0.000107952316,0.000000000000,0.000000000000,0.000107379693,0.000000000000,0.000000000000,0.000107676258,0.000000000000,0.000000000000,0.000081761162,0.000000000000,0.000000000000,0.000082455853,0.000000000000,0.000000000000,0.000079780334,0.000000000000,0.000000000000,0.000078596401,0.000000000000,0.000000000000,0.000081030505,0.000000000000,0.000000000000,0.000080873499,0.000000000000,0.000000000000,0.000066572868,0.000000000000,0.000000000000,0.000061887016,0.000000000000,0.000000000000,0.000068473060
890,0.000000000000,0.000000000000,0.000139860830,0.000000000000,0.000000000000,0.000139860830,0.000000000000,0.000000000000,0.000139860830,0.000000000000,0.000000000000,0.000107952316,0.000000000000,0.000000000000,0.000107379693,0.000000000000,0.000000000000,0.000107676258,0.000000000000,0.000000000000,0.000081761162,0.000000000000,0.000000000000,0.000082455853,0.000000000000,0.000000000000,0.000079780334,0.000000000000,0.000000000000,0.000078596401,0.000000000000,0.000000000000,0.000081030505,0.000000000000,0.000000000000,0.000080873499,0.000000000000,0.000000000000,0.000066572868,0.000000000000,0.000000000000,0.000061887016,0.000000000000,0.000000000000,0.000068473060
891,0.000000000000,0.000000000000,0.000139860830,0.000000000000,0.000000000000,0.000139860830,0.000000000000,0.000000000000,0.000139860830,0.000000000000,0.000000000000,0.000107952316,0.000000000000,0.000000000000,0.000107379693,0.000000000000,0.000000000000,0.000107676258,0.000000000000,0.000000000000,0.000081761162,0.000000000000,0.000000000000,0.000082455853,0.000000000000,0.000000000000,0.000079780334,0.000000000000,0.000000000000,0.000078596401,0.000000000000,0.000000000000,0.000081030505,0.000000000000,0.000000000000,0.000080873499,0.000000000000,0.000000000000,0.000066594618,0.000000000000,0.000000000000,0.000061887016,0.000000000000,0.000000000000,0.000068473060
892,0.000000000000,0.000000000000,0.000139860830,0.000000000000,0.000000000000,0.000139860830,0.000000000000,0.000000000000,0.000139860830,0.000000000000,0.000000000000,0.000107952316,0.000000000000,0.000000000000,0.000107379693,0.000000000000,0.000000000000,0.000107676258,0.000000000000,0.000000000000,0.000081761162,0.000000000000,0.000000000000,0.000082455853,0.000000000000,0.000000000000,0.000079780334,0.000000000000,0.000000000000,0.000078596401,0.000000000000,0.000000000000,0.000081030505,0.000000000000,0.000000000000,0.000080873499,0.000000000000,0.000000000000,0.000066599270,0.000000000000,0.000000000000,0.000061887016,0.000000000000,0.000000000000,0.000068473060
893,0.000000000000,0.000000000000,0.000139860830,0.000000000000,0.000000000000,0.000139860830,0.000000000000,0.000000000000,0.000139860830,0.000000000000,0.000000000000,0.000107952316,0.000000000000,0.000000000000,0.000107379693,0.000000000000,0.000000000000,0.000107676258,0.000000000000,0.000000000000,0.000081761162,0.000000000000,0.000000000000,0.000082455853,0.000000000000,0.000000000000,0.000079780334,0.000000000000,0.000000000000,0.000078596401,0.000000000000,0.000000000000,0.000081030505,0.000000000000,0.000000000000,0.000080873499,0.000000000000,0.000000000000,0.000066604688,0.000000000000,0.000000000000,0.000061887016,0.000000000000,0.000000000000,0.000068473060
894,0.000000000000,0.000000000000,0.000139860830,0.000000000000,0.000000000000,0.000139860830,0.000000000000,0.000000000000,0.000139860830,0.000000000000,0.000000000000,0.000107952316,0.000000000000,0.000000000000,0.000107379693,0.000000000000,0.000000000000,0.000107676258,0.000000000000,0.000000000000,0.000081761162,0.000000000000,0.000000000000,0.000082455853,0.000000000000,0.000000000000,0.000079780334,0.000000000000,0.000000000000,0.000078596401,0.000000000000,0.000000000000,0.000081030505,0.000000000000,0.000000000000,0.000080873499,0.000000000000,0.000000000000,0.000066604688,0.000000000000,0.000000000000,0.000061887016,0.000000000000,0.000000000000,0.000068473060
895,0.000000000000,0.000000000000,0.000139860830,0.000000000000,0.000000000000,0.000139860830,0.000000000000,0.000000000000,0.000139860830,0.000000000000,0.000000000000,0.000107952316,0.000000000000,0.000000000000,0.000107379693,0.000000000000,0.000000000000,0.000107676258,0.000000000000,0.000000000000,0.000081761162,0.000000000000,0.000000000000,0.000082455853,0.000000000000,0.000000000000,0.000079780334,0.000000000000,0.000000000000,0.000078596401,0.000000000000,0.000000000000,0.000081030505,0.000000000000,0.000000000000,0.000080873499,0.000000000000,0.000000000000,0.000066604688,0.000000000000,0.000000000000,0.000061887016,0.000000000000,0.000000000000,0.000068473060
896,0.000000000000,0.000000000000,0.000139860830,0.000000000000,0.000000000000,0.000139860830,0.000000000000,0.000000000000,0.000139860830,0.000000000000,0.000000000000,0.000107952316,0.000000000000,0.000000000000,0.000107379693,0.000000000000,0.000000000000,0.000107676258,0.000000000000,0.000000000000,0.000081761162,0.000000000000,0.000000000000,0.000082455853,0.000000000000,0.000000000000,0.000079780334,0.000000000000,0.000000000000,0.000078596401,0.000000000000,0.000000000000,0.000081030505,0.000000000000,0.000000000000,0.000080873499,0.000000000000,0.000000000000,0.000066604688,0.000000000000,0.000000000000,0.000061887016,0.000000000000,0.000000000000,0.000068473060
897,0.000000000000,0.000000000000,0.000139860830,0.000000000000,0.000000000000,0.000139860830,0.000000000000,0.000000000000,0.000139860830,0.000000000000,0.000000000000,0.000107952316,0.000000000000,0.000000000000,0.000107379693,0.000000000000,0.000000000000,0.000107676258,0.000000000000,0.000000000000,0.000081761162,0.000000000000,0.000000000000,0.000082455853,0.000000000000,0.000000000000,0.000079780334,0.000000000000,0.000000000000,0.000078596401,0.000000000000,0.000000000000,0.000081030505,0.000000000000,0.000000000000,0.000080873499,0.000000000000,0.000000000000,0.000066604688,0.000000000000,0.000000000000,0.000061887016,0.000000000000,0.000000000000,0.000068473060
898,0.000000000000,0.000000000000,0.000139860830,0.000000000000,0.000000000000,0.000139860830,0.000000000000,0.000000000000,0.000139860830,0.000000000000,0.000000000000,0.000107952316,0.000000000000,0.000000000000,0.000107379693,0.000000000000,0.000000000000,0.000107676258,0.000000000000,0.000000000000,0.000081761162,0.000000000000,0.000000000000,0.000082455853,0.000000000000,0.000000000000,0.000079780334,0.000000000000,0.000000000000,0.000078596401,0.000000000000,0.000000000000,0.000081030505,0.000000000000,0.000000000000,0.000080873499,0.000000000000,0.000000000000,0.000066653104,0.000000000000,0.000000000000,0.000061887016,0.000000000000,0.000000000000,0.000068473060
899,0.000000000000,0.000000000000,0.000139860830,0.000000000000,0.000000000000,0.000139860830,0.000000000000,0.000000000000,0.000139860830,0.000000000000,0.000000000000,0.000107952316,0.000000000000,0.000000000000,0.000107379693,0.000000000000,0.000000000000,0.000107676258,0.000000000000,0.000000000000,0.000081761162,0.000000000000,0.000000000000,0.000082455853,0.000000000000,0.000000000000,0.000079780334,0.000000000000,0.000000000000,0.000078596401,0.000000000000,0.000000000000,0.000081030505,0.000000000000,0.000000000000,0.000080873499,0.000000000000,0.000000000000,0.000066653104,0.000000000000,0.000000000000,0.000061887016,0.000000000000,0.000000000000,0.000068473060
900,0.000000000000,0.000000000000,0.000139860830,0.000000000000,0.000000000000,0.000139860830,0.000000000000,0.000000000000,0.000139860830,0.000000000000,0.000000000000,0.000107952316,0.000000000000,0.000000000000,0.000107379693,0.000000000000,0.000000000000,0.000107676258,0.000000000000,0.000000000000,0.000081761162,0.000000000000,0.000000000000,0.000082455853,0.000000000000,0.000000000000,0.000079780334,0.000000000000,0.000000000000,0.000078596401,0.000000000000,0.000000000000,0.000081030505,0.000000000000,0.000000000000,0.000080873499,0.000000000000,0.000000000000,0.000066653104,0.000000000000,0.000000000000,0.000061887016,0.000000000000,0.000000000000,0.000068473060
901,0.000000000000,0.000000000000,0.000139860830,0.000000000000,0.000000000000,0.000139860830,0.000000000000,0.000000000000,0.000139860830,0.000000000000,0.000000000000,0.000107952316,0.000000000000,0.000000000000,0.000107379693,0.000000000000,0.000000000000,0.000107676258,0.000000000000,0.000000000000,0.000081761162,0.000000000000,0.000000000000,0.000082455853,0.000000000000,0.000000000000,0.000079780334,0.000000000000,0.000000000000,0.000078596401,0.000000000000,0.000000000000,0.000081030505,0.000000000000,0.000000000000,0.000080873499,0.000000000000,0.000000000000,0.000066653104,0.000000000000,0.000000000000,0.000061887016,0.000000000000,0.000000000000,0.000068473060
902,0.000000000000,0.000000000000,0.000139860830,0.000000000000,0.000000000000,0.000139860830,0.000000000000,0.000000000000,0.000139860830,0.000000000000,0.000000000000,0.000107952316,0.000000000000,0.000000000000,0.000107379693,0.000000000000,0.000000000000,0.000107676258,0.000000000000,0.000000000000,0.000081761162,0.000000000000,0.000000000000,0.000082455853,0.000000000000,0.000000000000,0.000079780334,0.000000000000,0.000000000000,0.000078596401,0.000000000000,0.000000000000,0.000081030505,0.000000000000,0.000000000000,0.000080873499,0.000000000000,0.000000000000,0.000066653104,0.000000000000,0.000000000000,0.000061887016,0.000000000000,0.000000000000,0.000068473060
903,0.000000000000,0.000000000000,0.000139860830,0.000000000000,0.000000000000,0.000139860830,0.000000000000,0.000000000000,0.000139860830,0.000000000000,0.000000000000,0.000107952316,0.000000000000,0.000000000000,0.000107379693,0.000000000000,0.000000000000,0.000107676258,0.000000000000,0.000000000000,0.000081761162,0.000000000000,0.000000000000,0.000082455853,0.000000000000,0.000000000000,0.000079780334,0.000000000000,0.000000000000,0.000078596401,0.000000000000,0.000000000000,0.000081030505,0.000000000000,0.000000000000,0.000080873499,0.000000000000,0.000000000000,0.000066691496,0.000000000000,0.000000000000,0.000061887016,0.000000000000,0.000000000000,0.000068473060
904,0.000000000000,0.000000000000,0.000139860830,0.000000000000,0.000000000000,0.000139860830,0.000000000000,0.000000000000,0.000139860830,0.000000000000,0.000000000000,0.000107952316,0.000000000000,0.000000000000,0.000107379693,0.000000000000,0.000000000000,0.000107676258,0.000000000000,0.000000000000,0.000081761162,0.000000000000,0.000000000000,0.000082455853,0.000000000000,0.000000000000,0.000079780334,0.000000000000,0.000000000000,0.000078596401,0.000000000000,0.000000000000,0.000081030505,0.000000000000,0.000000000000,0.000080873499,0.000000000000,0.000000000000,0.000066691496,0.000000000000,0.000000000000,0.000061887016,0.000000000000,0.000000000000,0.000068473060
905,0.000000000000,0.000000000000,0.000139860830,0.000000000000,0.000000000000,0.000139860830,0.000000000000,0.000000000000,0.000139860830,0.000000000000,0.000000000000,0.000107952316,0.000000000000,0.000000000000,0.000107379693,0.000000000000,0.000000000000,0.000107676258,0.000000000000,0.000000000000,0.000081761162,0.000000000000,0.000000000000,0.000082455853,0.000000000000,0.000000000000,0.000079780334,0.000000000000,0.000000000000,0.000078596401,0.000000000000,0.000000000000,0.000081030505,0.000000000000,0.000000000000,0.000080873499,0.000000000000,0.000000000000,0.000066691496,0.000000000000,0.000000000000,0.000061887016,0.000000000000,0.000000000000,0.000068473060
906,0.000000000000,0.000000000000,0.000139860830,0.000000000000,0.000000000000,0.000139860830,0.000000000000,0.000000000000,0.000139860830,0.000000000000,0.000000000000,0.000107952316,0.000000000000,0.000000000000,0.000107379693,0.000000000000,0.000000000000,0.000107676258,0.000000000000,0.000000000000,0.000081761162,0.000000000000,0.000000000000,0.000082455853,0.000000000000,0.000000000000,0.000079780334,0.000000000000,0.000000000000,0.000078596401,0.000000000000,0.000000000000,0.000081030505,0.000000000000,0.000000000000,0.000080873499,0.000000000000,0.000000000000,0.000066691496,0.000000000000,0.000000000000,0.000061887016,0.000000000000,0.000000000000,0.000068473060
907,0.000000000000,0.000000000000,0.000139860830,0.000000000000,0.000000000000,0.000139860830,0.000000000000,0.000000000000,0.000139860830,0.000000000000,0.000000000000,0.000107952316,0.000000000000,0.000000000000,0.000107379693,0.000000000000,0.000000000000,0.000107676258,0.000000000000,0.000000000000,0.000081761162,0.000000000000,0.000000000000,0.000082455853,0.000000000000,0.000000000000,0.000079780334,0.000000000000,0.000000000000,0.000078596401,0.000000000000,0.000000000000,0.000081030505,0.000000000000,0.000000000000,0.000080873499,0.000000000000,0.000000000000,0.000066691496,0.000000000000,0.000000000000,0.000061887016,0.000000000000,0.000000000000,0.000068473060
908,0.000000000000,0.000000000000,0.000139860830,0.000000000000,0.000000000000,0.000139860830,0.000000000000,0.000000000000,0.000139860830,0.000000000000,0.000000000000,0.000107952316,0.000000000000,0.000000000000,0.000107379693,0.000000000000,0.000000000000,0.000107676258,0.000000000000,0.000000000000,0.000081761162,0.000000000000,0.000000000000,0.000082455853,0.000000000000,0.000000000000,0.000079780334,0.000000000000,0.000000000000,0.000078596401,0.000000000000,0.000000000000,0.000081030505,0.000000000000,0.000000000000,0.000080873499,0.000000000000,0.000000000000,0.000066773093,0.000000000000,0.000000000000,0.000061887016,0.000000000000,0.000000000000,0.000068473060
909,0.000000000000,0.000000000000,0.000139860830,0.000000000000,0.000000000000,0.000139860830,0.000000000000,0.000000000000,0.000139860830,0.000000000000,0.000000000000,0.000107952316,0.000000000000,0.000000000000,0.000107379693,0.000000000000,0.000000000000,0.000107676258,0.000000000000,0.000000000000,0.000081761162,0.000000000000,0.000000000000,0.000082455853,0.000000000000,0.000000000000,0.000079780334,0.000000000000,0.000000000000,0.000078596401,0.000000000000,0.000000000000,0.000081030505,0.000000000000,0.000000000000,0.000080873499,0.000000000000,0.000000000000,0.000066774645,0.000000000000,0.000000000000,0.000061887016,0.000000000000,0.000000000000,0.000068473060
910,0.000000000000,0.000000000000,0.000139860830,0.000000000000,0.000000000000,0.000139860830,0.000000000000,0.000000000000,0.000139860830,0.000000000000,0.000000000000,0.000107952316,0.000000000000,0.000000000000,0.000107379693,0.000000000000,0.000000000000,0.000107676258,0.000000000000,0.000000000000,0.000081761162,0.000000000000,0.000000000000,0.000082455853,0.000000000000,0.000000000000,0.000079780334,0.000000000000,0.000000000000,0.000078596401,0.000000000000,0.000000000000,0.000081030505,0.000000000000,0.000000000000,0.000080873499,0.000000000000,0.000000000000,0.000066774645,0.000000000000,0.000000000000,0.000061887016,0.000000000000,0.000000000000,0.000068473060
911,0.000000000000,0.000000000000,0.000139860830,0.000000000000,0.000000000000,0.000139860830,0.000000000000,0.000000000000,0.000139860830,0.000000000000,0.000000000000,0.000107952316,0.000000000000,0.000000000000,0.000107379693,0.000000000000,0.000000000000,0.000107676258,0.000000000000,0.000000000000,0.000081761162,0.000000000000,0.000000000000,0.000082455853,0.000000000000,0.000000000000,0.000079780334,0.000000000000,0.000000000000,0.000078596401,0.000000000000,0.000000000000,0.000081030505,0.000000000000,0.000000000000,0.000080873499,0.000000000000,0.000000000000,0.000066774645,0.000000000000,0.000000000000,0.000061887016,0.000000000000,0.000000000000,0.000068473060
912,0.000000000000,0.000000000000,0.000139860830,0.000000000000,0.000000000000,0.000139860830,0.000000000000,0.000000000000,0.000139860830,0.000000000000,0.000000000000,0.000107952316,0.000000000000,0.000000000000,0.000107379693,0.000000000000,0.000000000000,0.000107676258,0.000000000000,0.000000000000,0.000081761162,0.000000000000,0.000000000000,0.000082455853,0.000000000000,0.000000000000,0.000079780334,0.000000000000,0.000000000000,0.000078596401,0.000000000000,0.000000000000,0.000081030505,0.000000000000,0.000000000000,0.000080873499,0.000000000000,0.000000000000,0.000066774645,0.000000000000,0.000000000000,0.000061887016,0.000000000000,0.000000000000,0.000068473060
913,0.000000000000,0.000000000000,0.000139860830,0.000000000000,0.000000000000,0.000139860830,0.000000000000,0.000000000000,0.000139860830,0.000000000000,0.000000000000,0.000107952316,0.000000000000,0.000000000000,0.000107379693,0.000000000000,0.000000000000,0.000107676258,0.000000000000,0.000000000000,0.000081761162,0.000000000000,0.000000000000,0.000082455853,0.000000000000,0.000000000000,0.000079780334,0.000000000000,0.000000000000,0.000078596401,0.000000000000,0.000000000000,0.000081030505,0.000000000000,0.000000000000,0.000080873499,0.000000000000,0.000000000000,0.000066774645,0.000000000000,0.000000000000,0.000061887016,0.000000000000,0.000000000000,0.000068473060
914,0.000000000000,0.000000000000,0.000139860830,0.000000000000,0.000000000000,0.000139860830,0.000000000000,0.000000000000,0.000139860830,0.000000000000,0.000000000000,0.000107952316,0.000000000000,0.000000000000,0.000107379693,0.000000000000,0.000000000000,0.000107676258,0.000000000000,0.000000000000,0.000081761162,0.000000000000,0.000000000000,0.000082455853,0.000000000000,0.000000000000,0.000079780334,0.000000000000,0.000000000000,0.000078596401,0.000000000000,0.000000000000,0.000081030505,0.000000000000,0.000000000000,0.000080873499,0.000000000000,0.000000000000,0.000066774645,0.000000000000,0.000000000000,0.000061887016,0.000000000000,0.000000000000,0.000068473060
915,0.000000000000,0.000000000000,0.000139860830,0.000000000000,0.000000000000,0.000139860830,0.000000000000,0.000000000000,0.000139860830,0.000000000000,0.000000000000,0.000107952316,0.000000000000,0.000000000000,0.000107379693,0.000000000000,0.000000000000,0.000107676258,0.000000000000,0.000000000000,0.000081761162,0.000000000000,0.000000000000,0.000082455853,0.000000000000,0.000000000000,0.000079780334,0.000000000000,0.000000000000,0.000078596401,0.000000000000,0.000000000000,0.000081030505,0.000000000000,0.000000000000,0.000080873499,0.000000000000,0.000000000000,0.000066774645,0.000000000000,0.000000000000,0.000061887016,0.000000000000,0.000000000000,0.000068473060
916,0.000000000000,0.000000000000,0.000139860830,0.000000000000,0.000000000000,0.000139860830,0.000000000000,0.000000000000,0.000139860830,0.000000000000,0.000000000000,0.000107952316,0.000000000000,0.000000000000,0.000107379693,0.000000000000,0.000000000000,0.000107676258,0.000000000000,0.000000000000,0.000081761162,0.000000000000,0.000000000000,0.000082455853,0.000000000000,0.000000000000,0.000079780334,0.000000000000,0.000000000000,0.000078596401,0.000000000000,0.000000000000,0.000081030505,0.000000000000,0.000000000000,0.000080873499,0.000000000000,0.000000000000,0.000066774645,0.000000000000,0.000000000000,0.000061887016,0.000000000000,0.000000000000,0.000068473060
917,0.000000000000,0.000000000000,0.000139860830,0.000000000000,0.000000000000,0.000139860830,0.000000000000,0.000000000000,0.000139860830,0.000000000000,0.000000000000,0.000107952316,0.000000000000,0.000000000000,0.000107379693,0.000000000000,0.000000000000,0.000107676258,0.000000000000,0.000000000000,0.000081761162,0.000000000000,0.000000000000,0.000082455853,0.000000000000,0.000000000000,0.000079780334,0.000000000000,0.000000000000,0.000078596401,0.000000000000,0.000000000000,0.000081030505,0.000000000000,0.000000000000,0.000080873499,0.000000000000,0.000000000000,0.000066774645,0.000000000000,0.000000000000,0.000061887016,0.000000000000,0.000000000000,0.000068473060
918,0.000000000000,0.000000000000,0.000139860830,0.000000000000,0.000000000000,0.000139860830,0.000000000000,0.000000000000,0.000139860830,0.000000000000,0.000000000000,0.000107952316,0.000000000000,0.000000000000,0.000107379693,0.000000000000,0.000000000000,0.000107676258,0.000000000000,0.000000000000,0.000081761162,0.000000000000,0.000000000000,0.000082455853,0.000000000000,0.000000000000,0.000079780334,0.000000000000,0.000000000000,0.000078596401,0.000000000000,0.000000000000,0.000081030505,0.000000000000,0.000000000000,0.000080873499,0.000000000000,0.000000000000,0.000066925382,0.000000000000,0.000000000000,0.000061887016,0.000000000000,0.000000000000,0.000068473060
919,0.000000000000,0.000000000000,0.000139860830,0.000000000000,0.000000000000,0.000139860830,0.000000000000,0.000000000000,0.000139860830,0.000000000000,0.000000000000,0.000107952316,0.000000000000,0.000000000000,0.000107379693,0.000000000000,0.000000000000,0.000107676258,0.000000000000,0.000000000000,0.000081761162,0.000000000000,0.000000000000,0.000082455853,0.000000000000,0.000000000000,0.000079780334,0.000000000000,0.000000000000,0.000078596401,0.000000000000,0.000000000000,0.000081030505,0.000000000000,0.000000000000,0.000080873499,0.000000000000,0.000000000000,0.000066925382,0.000000000000,0.000000000000,0.000061887016,0.000000000000,0.000000000000,0.000068473060
920,0.000000000000,0.000000000000,0.000139860830,0.000000000000,0.000000000000,0.000139860830,0.000000000000,0.000000000000,0.000139860830,0.000000000000,0.000000000000,0.000107952316,0.000000000000,0.000000000000,0.000107379693,0.000000000000,0.000000000000,0.000107676258,0.000000000000,0.000000000000,0.000081761162,0.000000000000,0.000000000000,0.000082455853,0.000000000000,0.000000000000,0.000079780334,0.000000000000,0.000000000000,0.000078596401,0.000000000000,0.000000000000,0.000081030505,0.000000000000,0.000000000000,0.000080873499,0.000000000000,0.000000000000,0.000066933193,0.000000000000,0.000000000000,0.000061887016,0.000000000000,0.000000000000,0.000068473060
921,0.000000000000,0.000000000000,0.000139860830,0.000000000000,0.000000000000,0.000139860830,0.000000000000,0.000000000000,0.000139860830,0.000000000000,0.000000000000,0.000107952316,0.000000000000,0.000000000000,0.000107379693,0.000000000000,0.000000000000,0.000107676258,0.000000000000,0.000000000000,0.000081761162,0.000000000000,0.000000000000,0.000082455853,0.000000000000,0.000000000000,0.000079780334,0.000000000000,0.000000000000,0.000078596401,0.000000000000,0.000000000000,0.000081030505,0.000000000000,0.000000000000,0.000080873499,0.000000000000,0.000000000000,0.000066933193,0.000000000000,0.000000000000,0.000061887016,0.000000000000,0.000000000000,0.000068473060
922,0.000000000000,0.000000000000,0.000139860830,0.000000000000,0.000000000000,0.000139860830,0.000000000000,0.000000000000,0.000139860830,0.000000000000,0.000000000000,0.000107952316,0.000000000000,0.000000000000,0.000107379693,0.000000000000,0.000000000000,0.000107676258,0.000000000000,0.000000000000,0.000081761162,0.000000000000,0.000000000000,0.000082455853,0.000000000000,0.000000000000,0.000079780334,0.000000000000,0.000000000000,0.000078596401,0.000000000000,0.000000000000,0.000081030505,0.000000000000,0.000000000000,0.000080873499,0.000000000000,0.000000000000,0.000066933193,0.000000000000,0.000000000000,0.000061887016,0.000000000000,0.000000000000,0.000068473060
923,0.000000000000,0.000000000000,0.000139860830,0.000000000000,0.000000000000,0.000139860830,0.000000000000,0.000000000000,0.000139860830,0.000000000000,0.000000000000,0.000107952316,0.000000000000,0.000000000000,0.000107379693,0.000000000000,0.000000000000,0.000107676258,0.000000000000,0.000000000000,0.000081761162,0.000000000000,0.000000000000,0.000082455853,0.000000000000,0.000000000000,0.000079780334,0.000000000000,0.000000000000,0.000078596401,0.000000000000,0.000000000000,0.000081030505,0.000000000000,0.000000000000,0.000080873499,0.000000000000,0.000000000000,0.000066933664,0.000000000000,0.000000000000,0.000061887016,0.000000000000,0.000000000000,0.000068473060
924,0.000000000000,0.000000000000,0.000139860830,0.000000000000,0.000000000000,0.000139860830,0.000000000000,0.000000000000,0.000139860830,0.000000000000,0.000000000000,0.000107952316,0.000000000000,0.000000000000,0.000107379693,0.000000000000,0.000000000000,0.000107676258,0.000000000000,0.000000000000,0.000081761162,0.000000000000,0.000000000000,0.000082455853,0.000000000000,0.000000000000,0.000079780334,0.000000000000,0.000000000000,0.000078596401,0.000000000000,0.000000000000,0.000081030505,0.000000000000,0.000000000000,0.000080873499,0.000000000000,0.000000000000,0.000066933664,0.000000000000,0.000000000000,0.000061887016,0.000000000000,0.000000000000,0.000068473060
925,0.000000000000,0.000000000000,0.000139860830,0.000000000000,0.000000000000,0.000139860830,0.000000000000,0.000000000000,0.000139860830,0.000000000000,0.000000000000,0.000107952316,0.000000000000,0.000000000000,0.000107379693,0.000000000000,0.000000000000,0.000107676258,0.000000000000,0.000000000000,0.000081761162,0.000000000000,0.000000000000,0.000082455853,0.000000000000,0.000000000000,0.000079780334,0.000000000000,0.000000000000,0.000078596401,0.000000000000,0.000000000000,0.000081030505,0.000000000000,0.000000000000,0.000080873499,0.000000000000,0.000000000000,0.000066933664,0.000000000000,0.000000000000,0.000061887016,0.000000000000,0.000000000000,0.000068473060
926,0.000000000000,0.000000000000,0.000139860830,0.000000000000,0.000000000000,0.000139860830,0.000000000000,0.000000000000,0.000139860830,0.000000000000,0.000000000000,0.000107952316,0.000000000000,0.000000000000,0.000107379693,0.000000000000,0.000000000000,0.000107676258,0.000000000000,0.000000000000,0.000081761162,0.000000000000,0.000000000000,0.000082455853,0.000000000000,0.000000000000,0.000079780334,0.000000000000,0.000000000000,0.000078596401,0.000000000000,0.000000000000,0.000081030505,0.000000000000,0.000000000000,0.000080873499,0.000000000000,0.000000000000,0.000066933664,0.000000000000,0.000000000000,0.000061887016,0.000000000000,0.000000000000,0.000068473060
927,0.000000000000,0.000000000000,0.000139860830,0.000000000000,0.000000000000,0.000139860830,0.000000000000,0.000000000000,0.000139860830,0.000000000000,0.000000000000,0.000107952316,0.000000000000,0.000000000000,0.000107379693,0.000000000000,0.000000000000,0.000107676258,0.000000000000,0.000000000000,0.000081761162,0.000000000000,0.000000000000,0.000082455853,0.000000000000,0.000000000000,0.000079780334,0.000000000000,0.000000000000,0.000078596401,0.000000000000,0.000000000000,0.000081030505,0.000000000000,0.000000000000,0.000080873499,0.000000000000,0.000000000000,0.000066933664,0.000000000000,0.000000000000,0.000061887016,0.000000000000,0.000000000000,0.000068473060
928,0.000000000000,0.000000000000,0.000139860830,0.000000000000,0.000000000000,0.000139860830,0.000000000000,0.000000000000,0.000139860830,0.000000000000,0.000000000000,0.000107952316,0.000000000000,0.000000000000,0.000107379693,0.000000000000,0.000000000000,0.000107676258,0.000000000000,0.000000000000,0.000081761162,0.000000000000,0.000000000000,0.000082455853,0.000000000000,0.000000000000,0.000079780334,0.000000000000,0.000000000000,0.000078596401,0.000000000000,0.000000000000,0.000081030505,0.000000000000,0.000000000000,0.000080873499,0.000000000000,0.000000000000,0.000066933664,0.000000000000,0.000000000000,0.000061887016,0.000000000000,0.000000000000,0.000068473060
929,0.000000000000,0.000000000000,0.000139860830,0.000000000000,0.000000000000,0.000139860830,0.000000000000,0.000000000000,0.000139860830,0.000000000000,0.000000000000,0.000107952316,0.000000000000,0.000000000000,0.000107379693,0.000000000000,0.000000000000,0.000107676258,0.000000000000,0.000000000000,0.000081761162,0.000000000000,0.000000000000,0.000082455853,0.000000000000,0.000000000000,0.000079780334,0.000000000000,0.000000000000,0.000078596401,0.000000000000,0.000000000000,0.000081030505,0.000000000000,0.000000000000,0.000080873499,0.000000000000,0.000000000000,0.000066933664,0.000000000000,0.000000000000,0.000061887016,0.000000000000,0.000000000000,0.000068473060
930,0.000000000000,0.000000000000,0.000139860830,0.000000000000,0.000000000000,0.000139860830,0.000000000000,0.000000000000,0.000139860830,0.000000000000,0.000000000000,0.000107952316,0.000000000000,0.000000000000,0.000107379693,0.000000000000,0.000000000000,0.000107676258,0.000000000000,0.000000000000,0.000081761162,0.000000000000,0.000000000000,0.000082455853,0.000000000000,0.000000000000,0.000079780334,0.000000000000,0.000000000000,0.000078596401,0.000000000000,0.000000000000,0.000081030505,0.000000000000,0.000000000000,0.000080873499,0.000000000000,0.000000000000,0.000066933664,0.000000000000,0.000000000000,0.000061887016,0.000000000000,0.000000000000,0.000068473060
931,0.000000000000,0.000000000000,0.000139860830,0.000000000000,0.000000000000,0.000139860830,0.000000000000,0.000000000000,0.000139860830,0.000000000000,0.000000000000,0.000107952316,0.000000000000,0.000000000000,0.000107379693,0.000000000000,0.000000000000,0.000107676258,0.000000000000,0.000000000000,0.000081761162,0.000000000000,0.000000000000,0.000082455853,0.000000000000,0.000000000000,0.000079780334,0.000000000000,0.000000000000,0.000078596401,0.000000000000,0.000000000000,0.000081030505,0.000000000000,0.000000000000,0.000080873499,0.000000000000,0.000000000000,0.000066933664,0.000000000000,0.000000000000,0.000061887016,0.000000000000,0.000000000000,0.000068473060
932,0.000000000000,0.000000000000,0.000139860830,0.000000000000,0.000000000000,0.000139860830,0.000000000000,0.000000000000,0.000139860830,0.000000000000,0.000000000000,0.000107952316,0.000000000000,0.000000000000,0.000107379693,0.000000000000,0.000000000000,0.000107676258,0.000000000000,0.000000000000,0.000081761162,0.000000000000,0.000000000000,0.000082455853,0.000000000000,0.000000000000,0.000079780334,0.000000000000,0.000000000000,0.000078596401,0.000000000000,0.000000000000,0.000081030505,0.000000000000,0.000000000000,0.000080873499,0.000000000000,0.000000000000,0.000066933664,0.000000000000,0.000000000000,0.000061887016,0.000000000000,0.000000000000,0.000068473060
933,0.000000000000,0.000000000000,0.000139860830,0.000000000000,0.000000000000,0.000139860830,0.000000000000,0.000000000000,0.000139860830,0.000000000000,0.000000000000,0.000107952316,0.000000000000,0.000000000000,0.000107379693,0.000000000000,0.000000000000,0.000107676258,0.000000000000,0.000000000000,0.000081761162,0.000000000000,0.000000000000,0.000082455853,0.000000000000,0.000000000000,0.000079780334,0.000000000000,0.000000000000,0.000078596401,0.000000000000,0.000000000000,0.000081030505,0.000000000000,0.000000000000,0.000080873499,0.000000000000,0.000000000000,0.000066933664,0.000000000000,0.000000000000,0.000061887016,0.000000000000,0.000000000000,0.000068473060
934,0.000000000000,0.000000000000,0.000139860830,0.000000000000,0.000000000000,0.000139860830,0.000000000000,0.000000000000,0.000139860830,0.000000000000,0.000000000000,0.000107952316,0.000000000000,0.000000000000,0.000107379693,0.000000000000,0.000000000000,0.000107676258,0.000000000000,0.000000000000,0.000081761162,0.000000000000,0.000000000000,0.000082455853,0.000000000000,0.000000000000,0.000079780334,0.000000000000,0.000000000000,0.000078596401,0.000000000000,0.000000000000,0.000081030505,0.000000000000,0.000000000000,0.000080873499,0.000000000000,0.000000000000,0.000066933664,0.000000000000,0.000000000000,0.000061887016,0.000000000000,0.000000000000,0.000068473060
935,0.000000000000,0.000000000000,0.000139860830,0.000000000000,0.000000000000,0.000139860830,0.000000000000,0.000000000000,0.000139860830,0.000000000000,0.000000000000,0.000107952316,0.000000000000,0.000000000000,0.000107379693,0.000000000000,0.000000000000,0.000107676258,0.000000000000,0.000000000000,0.000081761162,0.000000000000,0.000000000000,0.000082455853,0.000000000000,0.000000000000,0.000079780334,0.000000000000,0.000000000000,0.000078596401,0.000000000000,0.000000000000,0.000081030505,0.000000000000,0.000000000000,0.000080873499,0.000000000000,0.000000000000,0.000066933664,0.000000000000,0.000000000000,0.000061887016,0.000000000000,0.000000000000,0.000068473060
936,0.000000000000,0.000000000000,0.000139860830,0.000000000000,0.000000000000,0.000139860830,0.000000000000,0.000000000000,0.000139860830,0.000000000000,0.000000000000,0.000107952316,0.000000000000,0.000000000000,0.000107379693,0.000000000000,0.000000000000,0.000107676258,0.000000000000,0.000000000000,0.000081761162,0.000000000000,0.000000000000,0.000082455853,0.000000000000,0.000000000000,0.000079780334,0.000000000000,0.000000000000,0.000078596401,0.000000000000,0.000000000000,0.000081030505,0.000000000000,0.000000000000,0.000080873499,0.000000000000,0.000000000000,0.000066933664,0.000000000000,0.000000000000,0.000061887016,0.000000000000,0.000000000000,0.000068473060
937,0.000000000000,0.000000000000,0.000139860830,0.000000000000,0.000000000000,0.000139860830,0.000000000000,0.000000000000,0.000139860830,0.000000000000,0.000000000000,0.000107952316,0.000000000000,0.000000000000,0.000107379693,0.000000000000,0.000000000000,0.000107676258,0.000000000000,0.000000000000,0.000081761162,0.000000000000,0.000000000000,0.000082455853,0.000000000000,0.000000000000,0.000079780334,0.000000000000,0.000000000000,0.000078596401,0.000000000000,0.000000000000,0.000081030505,0.000000000000,0.000000000000,0.000080873499,0.000000000000,0.000000000000,0.000066933664,0.000000000000,0.000000000000,0.000061887016,0.000000000000,0.000000000000,0.000068473060
938,0.000000000000,0.000000000000,0.000139860830,0.000000000000,0.000000000000,0.000139860830,0.000000000000,0.000000000000,0.000139860830,0.000000000000,0.000000000000,0.000107952316,0.000000000000,0.000000000000,0.000107379693,0.000000000000,0.000000000000,0.000107676258,0.000000000000,0.000000000000,0.000081761162,0.000000000000,0.000000000000,0.000082455853,0.000000000000,0.000000000000,0.000079780334,0.000000000000,0.000000000000,0.000078596401,0.000000000000,0.000000000000,0.000081030505,0.000000000000,0.000000000000,0.000080873499,0.000000000000,0.000000000000,0.000066933664,0.000000000000,0.000000000000,0.000061887016,0.000000000000,0.000000000000,0.000068473060
939,0.000000000000,0.000000000000,0.000139860830,0.000000000000,0.000000000000,0.000139860830,0.000000000000,0.000000000000,0.000139860830,0.000000000000,0.000000000000,0.000107952316,0.000000000000,0.000000000000,0.000107379693,0.000000000000,0.000000000000,0.000107676258,0.000000000000,0.000000000000,0.000081761162,0.000000000000,0.000000000000,0.000082455853,0.000000000000,0.000000000000,0.000079780334,0.000000000000,0.000000000000,0.000078596401,0.000000000000,0.000000000000,0.000081030505,0.000000000000,0.000000000000,0.000080873499,0.000000000000,0.000000000000,0.000066933664,0.000000000000,0.000000000000,0.000061887016,0.000000000000,0.000000000000,0.000068473060
940,0.000000000000,0.000000000000,0.000139860830,0.000000000000,0.000000000000,0.000139860830,0.000000000000,0.000000000000,0.000139860830,0.000000000000,0.000000000000,0.000107952316,0.000000000000,0.000000000000,0.000107379693,0.000000000000,0.000000000000,0.000107676258,0.000000000000,0.000000000000,0.000081761162,0.000000000000,0.000000000000,0.000082455853,0.000000000000,0.000000000000,0.000079780334,0.000000000000,0.000000000000,0.000078596401,0.000000000000,0.000000000000,0.000081030505,0.000000000000,0.000000000000,0.000080873499,0.000000000000,0.000000000000,0.000066933664,0.000000000000,0.000000000000,0.000061887016,0.000000000000,0.000000000000,0.000068473060
941,0.000000000000,0.000000000000,0.000139860830,0.000000000000,0.000000000000,0.000139860830,0.000000000000,0.000000000000,0.000139860830,0.000000000000,0.000000000000,0.000107952316,0.000000000000,0.000000000000,0.000107379693,0.000000000000,0.000000000000,0.000107676258,0.000000000000,0.000000000000,0.000081761162,0.000000000000,0.000000000000,0.000082455853,0.000000000000,0.000000000000,0.000079780334,0.000000000000,0.000000000000,0.000078596401,0.000000000000,0.000000000000,0.000081030505,0.000000000000,0.000000000000,0.000080873499,0.000000000000,0.000000000000,0.000066938778,0.000000000000,0.000000000000,0.000061887016,0.000000000000,0.000000000000,0.000068473060
942,0.000000000000,0.000000000000,0.000139860830,0.000000000000,0.000000000000,0.000139860830,0.000000000000,0.000000000000,0.000139860830,0.000000000000,0.000000000000,0.000107952316,0.000000000000,0.000000000000,0.000107379693,0.000000000000,0.000000000000,0.000107676258,0.000000000000,0.000000000000,0.000081761162,0.000000000000,0.000000000000,0.000082455853,0.000000000000,0.000000000000,0.000079780334,0.000000000000,0.000000000000,0.000078596401,0.000000000000,0.000000000000,0.000081030505,0.000000000000,0.000000000000,0.000080873499,0.000000000000,0.000000000000,0.000066951001,0.000000000000,0.000000000000,0.000061887016,0.000000000000,0.000000000000,0.000068473060
943,0.000000000000,0.000000000000,0.000139860830,0.000000000000,0.000000000000,0.000139860830,0.000000000000,0.000000000000,0.000139860830,0.000000000000,0.000000000000,0.000107952316,0.000000000000,0.000000000000,0.000107379693,0.000000000000,0.000000000000,0.000107676258,0.000000000000,0.000000000000,0.000081761162,0.000000000000,0.000000000000,0.000082455853,0.000000000000,0.000000000000,0.000079796171,0.000000000000,0.000000000000,0.000078596401,0.000000000000,0.000000000000,0.000081030505,0.000000000000,0.000000000000,0.000080873499,0.000000000000,0.000000000000,0.000066951001,0.000000000000,0.000000000000,0.000061887016,0.000000000000,0.000000000000,0.000068473060
944,0.000000000000,0.000000000000,0.000139860830,0.000000000000,0.000000000000,0.000139860830,0.000000000000,0.000000000000,0.000139860830,0.000000000000,0.000000000000,0.000107952316,0.000000000000,0.000000000000,0.000107379693,0.000000000000,0.000000000000,0.000107676258,0.000000000000,0.000000000000,0.000081761162,0.000000000000,0.000000000000,0.000082455853,0.000000000000,0.000000000000,0.000079809305,0.000000000000,0.000000000000,0.000078596401,0.000000000000,0.000000000000,0.000081030505,0.000000000000,0.000000000000,0.000080873499,0.000000000000,0.000000000000,0.000066951001,0.000000000000,0.000000000000,0.000061887016,0.000000000000,0.000000000000,0.000068473060
945,0.000000000000,0.000000000000,0.000139860830,0.000000000000,0.000000000000,0.000139860830,0.000000000000,0.000000000000,0.000139860830,0.000000000000,0.000000000000,0.000107952316,0.000000000000,0.000000000000,0.000107379693,0.000000000000,0.000000000000,0.000107676258,0.000000000000,0.000000000000,0.000081761162,0.000000000000,0.000000000000,0.000082455853,0.000000000000,0.000000000000,0.000079809305,0.000000000000,0.000000000000,0.000078596401,0.000000000000,0.000000000000,0.000081030505,0.000000000000,0.000000000000,0.000080873499,0.000000000000,0.000000000000,0.000067216577,0.000000000000,0.000000000000,0.000061887016,0.000000000000,0.000000000000,0.000068473060
946,0.000000000000,0.000000000000,0.000139860830,0.000000000000,0.000000000000,0.000139860830,0.000000000000,0.000000000000,0.000139860830,0.000000000000,0.000000000000,0.000107952316,0.000000000000,0.000000000000,0.000107379693,0.000000000000,0.000000000000,0.000107676258,0.000000000000,0.000000000000,0.000081761162,0.000000000000,0.000000000000,0.000082455853,0.000000000000,0.000000000000,0.000079809305,0.000000000000,0.000000000000,0.000078596401,0.000000000000,0.000000000000,0.000081030505,0.000000000000,0.000000000000,0.000080873499,0.000000000000,0.000000000000,0.000067216577,0.000000000000,0.000000000000,0.000061887016,0.000000000000,0.000000000000,0.000068473060
947,0.000000000000,0.000000000000,0.000139860830,0.000000000000,0.000000000000,0.000139860830,0.000000000000,0.000000000000,0.000139860830,0.000000000000,0.000000000000,0.000107952316,0.000000000000,0.000000000000,0.000107379693,0.000000000000,0.000000000000,0.000107676258,0.000000000000,0.000000000000,0.000081761162,0.000000000000,0.000000000000,0.000082455853,0.000000000000,0.000000000000,0.000079809305,0.000000000000,0.000000000000,0.000078596401,0.000000000000,0.000000000000,0.000081030505,0.000000000000,0.000000000000,0.000080873499,0.000000000000,0.000000000000,0.000067216577,0.000000000000,0.000000000000,0.000061887016,0.000000000000,0.000000000000,0.000068473060
948,0.000000000000,0.000000000000,0.000139860830,0.000000000000,0.000000000000,0.000139860830,0.000000000000,0.000000000000,0.000139860830,0.000000000000,0.000000000000,0.000107952316,0.000000000000,0.000000000000,0.000107379693,0.000000000000,0.000000000000,0.000107676258,0.000000000000,0.000000000000,0.000081761162,0.000000000000,0.000000000000,0.000082455853,0.000000000000,0.000000000000,0.000079809305,0.000000000000,0.000000000000,0.000078596401,0.000000000000,0.000000000000,0.000081030505,0.000000000000,0.000000000000,0.000080873499,0.000000000000,0.000000000000,0.000067216577,0.000000000000,0.000000000000,0.000061887016,0.000000000000,0.000000000000,0.000068473060
949,0.000000000000,0.000000000000,0.000139860830,0.000000000000,0.000000000000,0.000139860830,0.000000000000,0.000000000000,0.000139860830,0.000000000000,0.000000000000,0.000107952316,0.000000000000,0.000000000000,0.000107379693,0.000000000000,0.000000000000,0.000107676258,0.000000000000,0.000000000000,0.000081761162,0.000000000000,0.000000000000,0.000082455853,0.000000000000,0.000000000000,0.000079809305,0.000000000000,0.000000000000,0.000078596401,0.000000000000,0.000000000000,0.000081030505,0.000000000000,0.000000000000,0.000080873499,0.000000000000,0.000000000000,0.000067238416,0.000000000000,0.000000000000,0.000061887016,0.000000000000,0.000000000000,0.000068473060
950,0.000000000000,0.000000000000,0.000139860830,0.000000000000,0.000000000000,0.000139860830,0.000000000000,0.000000000000,0.000139860830,0.000000000000,0.000000000000,0.000107952316,0.000000000000,0.000000000000,0.000107379693,0.000000000000,0.000000000000,0.000107676258,0.000000000000,0.000000000000,0.000081761162,0.000000000000,0.000000000000,0.000082455853,0.000000000000,0.000000000000,0.000079809305,0.000000000000,0.000000000000,0.000078596401,0.000000000000,0.000000000000,0.000081030505,0.000000000000,0.000000000000,0.000080873499,0.000000000000,0.000000000000,0.000067238416,0.000000000000,0.000000000000,0.000061887016,0.000000000000,0.000000000000,0.000068473060
951,0.000000000000,0.000000000000,0.000139860830,0.000000000000,0.000000000000,0.000139860830,0.000000000000,0.000000000000,0.000139860830,0.000000000000,0.000000000000,0.000107952316,0.000000000000,0.000000000000,0.000107379693,0.000000000000,0.000000000000,0.000107676258,0.000000000000,0.000000000000,0.000081761162,0.000000000000,0.000000000000,0.000082455853,0.000000000000,0.000000000000,0.000079809305,0.000000000000,0.000000000000,0.000078596401,0.000000000000,0.000000000000,0.000081030505,0.000000000000,0.000000000000,0.000080873499,0.000000000000,0.000000000000,0.000067238416,0.000000000000,0.000000000000,0.000061887016,0.000000000000,0.000000000000,0.000068473060
952,0.000000000000,0.000000000000,0.000139860830,0.000000000000,0.000000000000,0.000139860830,0.000000000000,0.000000000000,0.000139860830,0.000000000000,0.000000000000,0.000107952316,0.000000000000,0.000000000000,0.000107379693,0.000000000000,0.000000000000,0.000107676258,0.000000000000,0.000000000000,0.000081761162,0.000000000000,0.000000000000,0.000082455853,0.000000000000,0.000000000000,0.000079809305,0.000000000000,0.000000000000,0.000078596401,0.000000000000,0.000000000000,0.000081030505,0.000000000000,0.000000000000,0.000080873499,0.000000000000,0.000000000000,0.000067238416,0.000000000000,0.000000000000,0.000061887016,0.000000000000,0.000000000000,0.000068473060
953,0.000000000000,0.000000000000,0.000139860830,0.000000000000,0.000000000000,0.000139860830,0.000000000000,0.000000000000,0.000139860830,0.000000000000,0.000000000000,0.000107952316,0.000000000000,0.000000000000,0.000107379693,0.000000000000,0.000000000000,0.000107676258,0.000000000000,0.000000000000,0.000081761162,0.000000000000,0.000000000000,0.000082455853,0.000000000000,0.000000000000,0.000079809305,0.000000000000,0.000000000000,0.000078596401,0.000000000000,0.000000000000,0.000081030505,0.000000000000,0.000000000000,0.000080873499,0.000000000000,0.000000000000,0.000067238416,0.000000000000,0.000000000000,0.000061887016,0.000000000000,0.000000000000,0.000068473060
954,0.000000000000,0.000000000000,0.000139860830,0.000000000000,0.000000000000,0.000139860830,0.000000000000,0.000000000000,0.000139860830,0.000000000000,0.000000000000,0.000107952316,0.000000000000,0.000000000000,0.000107379693,0.000000000000,0.000000000000,0.000107676258,0.000000000000,0.000000000000,0.000081761162,0.000000000000,0.000000000000,0.000082455853,0.000000000000,0.000000000000,0.000079809305,0.000000000000,0.000000000000,0.000078596401,0.000000000000,0.000000000000,0.000081030505,0.000000000000,0.000000000000,0.000080873499,0.000000000000,0.000000000000,0.000067238416,0.000000000000,0.000000000000,0.000061887016,0.000000000000,0.000000000000,0.000068473060
955,0.000000000000,0.000000000000,0.000139860830,0.000000000000,0.000000000000,0.000139860830,0.000000000000,0.000000000000,0.000139860830,0.000000000000,0.000000000000,0.000107952316,0.000000000000,0.000000000000,0.000107379693,0.000000000000,0.000000000000,0.000107676258,0.000000000000,0.000000000000,0.000081761162,0.000000000000,0.000000000000,0.000082455853,0.000000000000,0.000000000000,0.000079809305,0.000000000000,0.000000000000,0.000078596401,0.000000000000,0.000000000000,0.000081030505,0.000000000000,0.000000000000,0.000080873499,0.000000000000,0.000000000000,0.000067238416,0.000000000000,0.000000000000,0.000061887016,0.000000000000,0.000000000000,0.000068473060
956,0.000000000000,0.000000000000,0.000139860830,0.000000000000,0.000000000000,0.000139860830,0.000000000000,0.000000000000,0.000139860830,0.000000000000,0.000000000000,0.000107952316,0.000000000000,0.000000000000,0.000107379693,0.000000000000,0.000000000000,0.000107676258,0.000000000000,0.000000000000,0.000081761162,0.000000000000,0.000000000000,0.000082455853,0.000000000000,0.000000000000,0.000079809305,0.000000000000,0.000000000000,0.000078596401,0.000000000000,0.000000000000,0.000081030505,0.000000000000,0.000000000000,0.000080873499,0.000000000000,0.000000000000,0.000067249917,0.000000000000,0.000000000000,0.000061887016,0.000000000000,0.000000000000,0.000068473060
957,0.000000000000,0.000000000000,0.000139860830,0.000000000000,0.000000000000,0.000139860830,0.000000000000,0.000000000000,0.000139860830,0.000000000000,0.000000000000,0.000107952316,0.000000000000,0.000000000000,0.000107379693,0.000000000000,0.000000000000,0.000107676258,0.000000000000,0.000000000000,0.000081761162,0.000000000000,0.000000000000,0.000082455853,0.000000000000,0.000000000000,0.000079809305,0.000000000000,0.000000000000,0.000078596401,0.000000000000,0.000000000000,0.000081030505,0.000000000000,0.000000000000,0.000080873499,0.000000000000,0.000000000000,0.000067249917,0.000000000000,0.000000000000,0.000061887016,0.000000000000,0.000000000000,0.000068473060
958,0.000000000000,0.000000000000,0.000139860830,0.000000000000,0.000000000000,0.000139860830,0.000000000000,0.000000000000,0.000139860830,0.000000000000,0.000000000000,0.000107952316,0.000000000000,0.000000000000,0.000107379693,0.000000000000,0.000000000000,0.000107676258,0.000000000000,0.000000000000,0.000081761162,0.000000000000,0.000000000000,0.000082455853,0.000000000000,0.000000000000,0.000079809305,0.000000000000,0.000000000000,0.000078596401,0.000000000000,0.000000000000,0.000081030505,0.000000000000,0.000000000000,0.000080873499,0.000000000000,0.000000000000,0.000067249917,0.000000000000,0.000000000000,0.000061887016,0.000000000000,0.000000000000,0.000068473060
959,0.000000000000,0.000000000000,0.000139860830,0.000000000000,0.000000000000,0.000139860830,0.000000000000,0.000000000000,0.000139860830,0.000000000000,0.000000000000,0.000107952316,0.000000000000,0.000000000000,0.000107379693,0.000000000000,0.000000000000,0.000107676258,0.000000000000,0.000000000000,0.000081761162,0.000000000000,0.000000000000,0.000082455853,0.000000000000,0.000000000000,0.000079809305,0.000000000000,0.000000000000,0.000078596401,0.000000000000,0.000000000000,0.000081030505,0.000000000000,0.000000000000,0.000080873499,0.000000000000,0.000000000000,0.000067249917,0.000000000000,0.000000000000,0.000061887016,0.000000000000,0.000000000000,0.000068473060
960,0.000000000000,0.000000000000,0.000139860830,0.000000000000,0.000000000000,0.000139860830,0.000000000000,0.000000000000,0.000139860830,0.000000000000,0.000000000000,0.000107952316,0.000000000000,0.000000000000,0.000107379693,0.000000000000,0.000000000000,0.000107676258,0.000000000000,0.000000000000,0.000081761162,0.000000000000,0.000000000000,0.000082455853,0.000000000000,0.000000000000,0.000079809305,0.000000000000,0.000000000000,0.000078596401,0.000000000000,0.000000000000,0.000081030505,0.000000000000,0.000000000000,0.000080873499,0.000000000000,0.000000000000,0.000067249917,0.000000000000,0.000000000000,0.000061887016,0.000000000000,0.000000000000,0.000068473060
961,0.000000000000,0.000000000000,0.000139860830,0.000000000000,0.000000000000,0.000139860830,0.000000000000,0.000000000000,0.000139860830,0.000000000000,0.000000000000,0.000107952316,0.000000000000,0.000000000000,0.000107379693,0.000000000000,0.000000000000,0.000107676258,0.000000000000,0.000000000000,0.000081761162,0.000000000000,0.000000000000,0.000082455853,0.000000000000,0.000000000000,0.000079809305,0.000000000000,0.000000000000,0.000078596401,0.000000000000,0.000000000000,0.000081030505,0.000000000000,0.000000000000,0.000080873499,0.000000000000,0.000000000000,0.000067249917,0.000000000000,0.000000000000,0.000061887016,0.000000000000,0.000000000000,0.000068473060
962,0.000000000000,0.000000000000,0.000139860830,0.000000000000,0.000000000000,0.000139860830,0.000000000000,0.000000000000,0.000139860830,0.000000000000,0.000000000000,0.000107952316,0.000000000000,0.000000000000,0.000107379693,0.000000000000,0.000000000000,0.000107676258,0.000000000000,0.000000000000,0.000081761162,0.000000000000,0.000000000000,0.000082455853,0.000000000000,0.000000000000,0.000079809305,0.000000000000,0.000000000000,0.000078596401,0.000000000000,0.000000000000,0.000081030505,0.000000000000,0.000000000000,0.000080873499,0.000000000000,0.000000000000,0.000067249917,0.000000000000,0.000000000000,0.000061887016,0.000000000000,0.000000000000,0.000068473060
963,0.000000000000,0.000000000000,0.000139860830,0.000000000000,0.000000000000,0.000139860830,0.000000000000,0.000000000000,0.000139860830,0.000000000000,0.000000000000,0.000107952316,0.000000000000,0.000000000000,0.000107379693,0.000000000000,0.000000000000,0.000107676258,0.000000000000,0.000000000000,0.000081761162,0.000000000000,0.000000000000,0.000082455853,0.000000000000,0.000000000000,0.000079809305,0.000000000000,0.000000000000,0.000078596401,0.000000000000,0.000000000000,0.000081030505,0.000000000000,0.000000000000,0.000080873499,0.000000000000,0.000000000000,0.000067249917,0.000000000000,0.000000000000,0.000061887016,0.000000000000,0.000000000000,0.000068473060
964,0.000000000000,0.000000000000,0.000139860830,0.000000000000,0.000000000000,0.000139860830,0.000000000000,0.000000000000,0.000139860830,0.000000000000,0.000000000000,0.000107952316,0.000000000000,0.000000000000,0.000107379693,0.000000000000,0.000000000000,0.000107676258,0.000000000000,0.000000000000,0.000081761162,0.000000000000,0.000000000000,0.000082455853,0.000000000000,0.000000000000,0.000079809305,0.000000000000,0.000000000000,0.000078596401,0.000000000000,0.000000000000,0.000081030505,0.000000000000,0.000000000000,0.000080873499,0.000000000000,0.000000000000,0.000067249917,0.000000000000,0.000000000000,0.000061887016,0.000000000000,0.000000000000,0.000068473060
965,0.000000000000,0.000000000000,0.000139860830,0.000000000000,0.000000000000,0.000139860830,0.000000000000,0.000000000000,0.000139860830,0.000000000000,0.000000000000,0.000107952316,0.000000000000,0.000000000000,0.000107379693,0.000000000000,0.000000000000,0.000107676258,0.000000000000,0.000000000000,0.000081761162,0.000000000000,0.000000000000,0.000082455853,0.000000000000,0.000000000000,0.000079809305,0.000000000000,0.000000000000,0.000078596401,0.000000000000,0.000000000000,0.000081030505,0.000000000000,0.000000000000,0.000080873499,0.000000000000,0.000000000000,0.000067249917,0.000000000000,0.000000000000,0.000061887016,0.000000000000,0.000000000000,0.000068473060
966,0.000000000000,0.000000000000,0.000139860830,0.000000000000,0.000000000000,0.000139860830,0.000000000000,0.000000000000,0.000139860830,0.000000000000,0.000000000000,0.000107952316,0.000000000000,0.000000000000,0.000107379693,0.000000000000,0.000000000000,0.000107676258,0.000000000000,0.000000000000,0.000081761162,0.000000000000,0.000000000000,0.000082455853,0.000000000000,0.000000000000,0.000079809305,0.000000000000,0.000000000000,0.000078596401,0.000000000000,0.000000000000,0.000081030505,0.000000000000,0.000000000000,0.000080873499,0.000000000000,0.000000000000,0.000067249917,0.000000000000,0.000000000000,0.000061887016,0.000000000000,0.000000000000,0.000068473060
967,0.000000000000,0.000000000000,0.000139860830,0.000000000000,0.000000000000,0.000139860830,0.000000000000,0.000000000000,0.000139860830,0.000000000000,0.000000000000,0.000107952316,0.000000000000,0.000000000000,0.000107379693,0.000000000000,0.000000000000,0.000107676258,0.000000000000,0.000000000000,0.000081761162,0.000000000000,0.000000000000,0.000082455853,0.000000000000,0.000000000000,0.000079809305,0.000000000000,0.000000000000,0.000078596401,0.000000000000,0.000000000000,0.000081030505,0.000000000000,0.000000000000,0.000080873499,0.000000000000,0.000000000000,0.000067249917,0.000000000000,0.000000000000,0.000061887016,0.000000000000,0.000000000000,0.000068473060
968,0.000000000000,0.000000000000,0.000139860830,0.000000000000,0.000000000000,0.000139860830,0.000000000000,0.000000000000,0.000139860830,0.000000000000,0.000000000000,0.000107952316,0.000000000000,0.000000000000,0.000107379693,0.000000000000,0.000000000000,0.000107676258,0.000000000000,0.000000000000,0.000081761162,0.000000000000,0.000000000000,0.000082455853,0.000000000000,0.000000000000,0.000079809305,0.000000000000,0.000000000000,0.000078596401,0.000000000000,0.000000000000,0.000081030505,0.000000000000,0.000000000000,0.000080873499,0.000000000000,0.000000000000,0.000067249917,0.000000000000,0.000000000000,0.000061887016,0.000000000000,0.000000000000,0.000068473060
969,0.000000000000,0.000000000000,0.000139860830,0.000000000000,0.000000000000,0.000139860830,0.000000000000,0.000000000000,0.000139860830,0.000000000000,0.000000000000,0.000107952316,0.000000000000,0.000000000000,0.000107379693,0.000000000000,0.000000000000,0.000107676258,0.000000000000,0.000000000000,0.000081761162,0.000000000000,0.000000000000,0.000082455853,0.000000000000,0.000000000000,0.000079809305,0.000000000000,0.000000000000,0.000078596401,0.000000000000,0.000000000000,0.000081030505,0.000000000000,0.000000000000,0.000080873499,0.000000000000,0.000000000000,0.000067249917,0.000000000000,0.000000000000,0.000061887016,0.000000000000,0.000000000000,0.000068473060
970,0.000000000000,0.000000000000,0.000139860830,0.000000000000,0.000000000000,0.000139860830,0.000000000000,0.000000000000,0.000139860830,0.000000000000,0.000000000000,0.000107952316,0.000000000000,0.000000000000,0.000107379693,0.000000000000,0.000000000000,0.000107676258,0.000000000000,0.000000000000,0.000081761162,0.000000000000,0.000000000000,0.000082455853,0.000000000000,0.000000000000,0.000079809305,0.000000000000,0.000000000000,0.000078596401,0.000000000000,0.000000000000,0.000081030505,0.000000000000,0.000000000000,0.000080873499,0.000000000000,0.000000000000,0.000067249917,0.000000000000,0.000000000000,0.000061887016,0.000000000000,0.000000000000,0.000068473060
971,0.000000000000,0.000000000000,0.000139860830,0.000000000000,0.000000000000,0.000139860830,0.000000000000,0.000000000000,0.000139860830,0.000000000000,0.000000000000,0.000107952316,0.000000000000,0.000000000000,0.000107379693,0.000000000000,0.000000000000,0.000107676258,0.000000000000,0.000000000000,0.000081761162,0.000000000000,0.000000000000,0.000082455853,0.000000000000,0.000000000000,0.000079809305,0.000000000000,0.000000000000,0.000078596401,0.000000000000,0.000000000000,0.000081030505,0.000000000000,0.000000000000,0.000080873499,0.000000000000,0.000000000000,0.000067249917,0.000000000000,0.000000000000,0.000061887016,0.000000000000,0.000000000000,0.000068473060
972,0.000000000000,0.000000000000,0.000139860830,0.000000000000,0.000000000000,0.000139860830,0.000000000000,0.000000000000,0.000139860830,0.000000000000,0.000000000000,0.000107952316,0.000000000000,0.000000000000,0.000107379693,0.000000000000,0.000000000000,0.000107676258,0.000000000000,0.000000000000,0.000081761162,0.000000000000,0.000000000000,0.000082455853,0.000000000000,0.000000000000,0.000079809305,0.000000000000,0.000000000000,0.000078596401,0.000000000000,0.000000000000,0.000081030505,0.000000000000,0.000000000000,0.000080873499,0.000000000000,0.000000000000,0.000067249917,0.000000000000,0.000000000000,0.000061887016,0.000000000000,0.000000000000,0.000068473060
973,0.000000000000,0.000000000000,0.000139860830,0.000000000000,0.000000000000,0.000139860830,0.000000000000,0.000000000000,0.000139860830,0.000000000000,0.000000000000,0.000107952316,0.000000000000,0.000000000000,0.000107379693,0.000000000000,0.000000000000,0.000107676258,0.000000000000,0.000000000000,0.000081761162,0.000000000000,0.000000000000,0.000082455853,0.000000000000,0.000000000000,0.000079809305,0.000000000000,0.000000000000,0.000078596401,0.000000000000,0.000000000000,0.000081030505,0.000000000000,0.000000000000,0.000080873499,0.000000000000,0.000000000000,0.000067249917,0.000000000000,0.000000000000,0.000061887016,0.000000000000,0.000000000000,0.000068473060
974,0.000000000000,0.000000000000,0.000139860830,0.000000000000,0.000000000000,0.000139860830,0.000000000000,0.000000000000,0.000139860830,0.000000000000,0.000000000000,0.000107952316,0.000000000000,0.000000000000,0.000107379693,0.000000000000,0.000000000000,0.000107676258,0.000000000000,0.000000000000,0.000081761162,0.000000000000,0.000000000000,0.000082455853,0.000000000000,0.000000000000,0.000079809305,0.000000000000,0.000000000000,0.000078596401,0.000000000000,0.000000000000,0.000081030505,0.000000000000,0.000000000000,0.000080873499,0.000000000000,0.000000000000,0.000067249917,0.000000000000,0.000000000000,0.000061887016,0.000000000000,0.000000000000,0.000068473060
975,0.000000000000,0.000000000000,0.000139860830,0.000000000000,0.000000000000,0.000139860830,0.000000000000,0.000000000000,0.000139860830,0.000000000000,0.000000000000,0.000107952316,0.000000000000,0.000000000000,0.000107379693,0.000000000000,0.000000000000,0.000107676258,0.000000000000,0.000000000000,0.000081761162,0.000000000000,0.000000000000,0.000082455853,0.000000000000,0.000000000000,0.000079809305,0.000000000000,0.000000000000,0.000078596401,0.000000000000,0.000000000000,0.000081030505,0.000000000000,0.000000000000,0.000080873499,0.000000000000,0.000000000000,0.000067249917,0.000000000000,0.000000000000,0.000061887016,0.000000000000,0.000000000000,0.000068473060
976,0.000000000000,0.000000000000,0.000139860830,0.000000000000,0.000000000000,0.000139860830,0.000000000000,0.000000000000,0.000139860830,0.000000000000,0.000000000000,0.000107952316,0.000000000000,0.000000000000,0.000107379693,0.000000000000,0.000000000000,0.000107676258,0.000000000000,0.000000000000,0.000081761162,0.000000000000,0.000000000000,0.000082455853,0.000000000000,0.000000000000,0.000079809305,0.000000000000,0.000000000000,0.000078596401,0.000000000000,0.000000000000,0.000081030505,0.000000000000,0.000000000000,0.000080873499,0.000000000000,0.000000000000,0.000067267831,0.000000000000,0.000000000000,0.000061887016,0.000000000000,0.000000000000,0.000068473060
977,0.000000000000,0.000000000000,0.000139860830,0.000000000000,0.000000000000,0.000139860830,0.000000000000,0.000000000000,0.000139860830,0.000000000000,0.000000000000,0.000107952316,0.000000000000,0.000000000000,0.000107379693,0.000000000000,0.000000000000,0.000107676258,0.000000000000,0.000000000000,0.000081761162,0.000000000000,0.000000000000,0.000082455853,0.000000000000,0.000000000000,0.000079809305,0.000000000000,0.000000000000,0.000078596401,0.000000000000,0.000000000000,0.000081030505,0.000000000000,0.000000000000,0.000080873499,0.000000000000,0.000000000000,0.000067282106,0.000000000000,0.000000000000,0.000061887016,0.000000000000,0.000000000000,0.000068473060
978,0.000000000000,0.000000000000,0.000139860830,0.000000000000,0.000000000000,0.000139860830,0.000000000000,0.000000000000,0.000139860830,0.000000000000,0.000000000000,0.000107952316,0.000000000000,0.000000000000,0.000107379693,0.000000000000,0.000000000000,0.000107676258,0.000000000000,0.000000000000,0.000081761162,0.000000000000,0.000000000000,0.000082455853,0.000000000000,0.000000000000,0.000079809305,0.000000000000,0.000000000000,0.000078596401,0.000000000000,0.000000000000,0.000081030505,0.000000000000,0.000000000000,0.000080873499,0.000000000000,0.000000000000,0.000067282106,0.000000000000,0.000000000000,0.000061887016,0.000000000000,0.000000000000,0.000068473060
979,0.000000000000,0.000000000000,0.000139860830,0.000000000000,0.000000000000,0.000139860830,0.000000000000,0.000000000000,0.000139860830,0.000000000000,0.000000000000,0.000107952316,0.000000000000,0.000000000000,0.000107379693,0.000000000000,0.000000000000,0.000107676258,0.000000000000,0.000000000000,0.000081761162,0.000000000000,0.000000000000,0.000082455853,0.000000000000,0.000000000000,0.000079809305,0.000000000000,0.000000000000,0.000078596401,0.000000000000,0.000000000000,0.000081030505,0.000000000000,0.000000000000,0.000080873499,0.000000000000,0.000000000000,0.000067282106,0.000000000000,0.000000000000,0.000061887016,0.000000000000,0.000000000000,0.000068473060
980,0.000000000000,0.000000000000,0.000139860830,0.000000000000,0.000000000000,0.000139860830,0.000000000000,0.000000000000,0.000139860830,0.000000000000,0.000000000000,0.000107952316,0.000000000000,0.000000000000,0.000107379693,0.000000000000,0.000000000000,0.000107676258,0.000000000000,0.000000000000,0.000081761162,0.000000000000,0.000000000000,0.000082455853,0.000000000000,0.000000000000,0.000079809305,0.000000000000,0.000000000000,0.000078596401,0.000000000000,0.000000000000,0.000081030505,0.000000000000,0.000000000000,0.000080873499,0.000000000000,0.000000000000,0.000067282106,0.000000000000,0.000000000000,0.000061887016,0.000000000000,0.000000000000,0.000068473060
981,0.000000000000,0.000000000000,0.000139860830,0.000000000000,0.000000000000,0.000139860830,0.000000000000,0.000000000000,0.000139860830,0.000000000000,0.000000000000,0.000107952316,0.000000000000,0.000000000000,0.000107379693,0.000000000000,0.000000000000,0.000107676258,0.000000000000,0.000000000000,0.000081761162,0.000000000000,0.000000000000,0.000082455853,0.000000000000,0.000000000000,0.000079809305,0.000000000000,0.000000000000,0.000078596401,0.000000000000,0.000000000000,0.000081030505,0.000000000000,0.000000000000,0.000080873499,0.000000000000,0.000000000000,0.000067282106,0.000000000000,0.000000000000,0.000061887016,0.000000000000,0.000000000000,0.000068473060
982,0.000000000000,0.000000000000,0.000139860830,0.000000000000,0.000000000000,0.000139860830,0.000000000000,0.000000000000,0.000139860830,0.000000000000,0.000000000000,0.000107952316,0.000000000000,0.000000000000,0.000107379693,0.000000000000,0.000000000000,0.000107676258,0.000000000000,0.000000000000,0.000081761162,0.000000000000,0.000000000000,0.000082455853,0.000000000000,0.000000000000,0.000079809305,0.000000000000,0.000000000000,0.000078596401,0.000000000000,0.000000000000,0.000081030505,0.000000000000,0.000000000000,0.000080873499,0.000000000000,0.000000000000,0.000067282106,0.000000000000,0.000000000000,0.000061887016,0.000000000000,0.000000000000,0.000068473060
983,0.000000000000,0.000000000000,0.000139860830,0.000000000000,0.000000000000,0.000139860830,0.000000000000,0.000000000000,0.000139860830,0.000000000000,0.000000000000,0.000107952316,0.000000000000,0.000000000000,0.000107379693,0.000000000000,0.000000000000,0.000107676258,0.000000000000,0.000000000000,0.000081761162,0.000000000000,0.000000000000,0.000082455853,0.000000000000,0.000000000000,0.000079809305,0.000000000000,0.000000000000,0.000078596401,0.000000000000,0.000000000000,0.000081030505,0.000000000000,0.000000000000,0.000080873499,0.000000000000,0.000000000000,0.000067282106,0.000000000000,0.000000000000,0.000061887016,0.000000000000,0.000000000000,0.000068473060
984,0.000000000000,0.000000000000,0.000139860830,0.000000000000,0.000000000000,0.000139860830,0.000000000000,0.000000000000,0.000139860830,0.000000000000,0.000000000000,0.000107952316,0.000000000000,0.000000000000,0.000107379693,0.000000000000,0.000000000000,0.000107676258,0.000000000000,0.000000000000,0.000081761162,0.000000000000,0.000000000000,0.000082455853,0.000000000000,0.000000000000,0.000079809305,0.000000000000,0.000000000000,0.000078596401,0.000000000000,0.000000000000,0.000081030505,0.000000000000,0.000000000000,0.000080873499,0.000000000000,0.000000000000,0.000067282106,0.000000000000,0.000000000000,0.000061887016,0.000000000000,0.000000000000,0.000068473060
985,0.000000000000,0.000000000000,0.000139860830,0.000000000000,0.000000000000,0.000139860830,0.000000000000,0.000000000000,0.000139860830,0.000000000000,0.000000000000,0.000107952316,0.000000000000,0.000000000000,0.000107379693,0.000000000000,0.000000000000,0.000107676258,0.000000000000,0.000000000000,0.000081761162,0.000000000000,0.000000000000,0.000082455853,0.000000000000,0.000000000000,0.000079809305,0.000000000000,0.000000000000,0.000078596401,0.000000000000,0.000000000000,0.000081030505,0.000000000000,0.000000000000,0.000080873499,0.000000000000,0.000000000000,0.000067282106,0.000000000000,0.000000000000,0.000061887016,0.000000000000,0.000000000000,0.000068473060
986,0.000000000000,0.000000000000,0.000139860830,0.000000000000,0.000000000000,0.000139860830,0.000000000000,0.000000000000,0.000139860830,0.000000000000,0.000000000000,0.000107952316,0.000000000000,0.000000000000,0.000107379693,0.000000000000,0.000000000000,0.000107676258,0.000000000000,0.000000000000,0.000081761162,0.000000000000,0.000000000000,0.000082455853,0.000000000000,0.000000000000,0.000079809305,0.000000000000,0.000000000000,0.000078596401,0.000000000000,0.000000000000,0.000081030505,0.000000000000,0.000000000000,0.000080873499,0.000000000000,0.000000000000,0.000067282106,0.000000000000,0.000000000000,0.000061887016,0.000000000000,0.000000000000,0.000068473060
987,0.000000000000,0.000000000000,0.000139860830,0.000000000000,0.000000000000,0.000139860830,0.000000000000,0.000000000000,0.000139860830,0.000000000000,0.000000000000,0.000107952316,0.000000000000,0.000000000000,0.000107379693,0.000000000000,0.000000000000,0.000107676258,0.000000000000,0.000000000000,0.000081761162,0.000000000000,0.000000000000,0.000082455853,0.000000000000,0.000000000000,0.000079809305,0.000000000000,0.000000000000,0.000078596401,0.000000000000,0.000000000000,0.000081030505,0.000000000000,0.000000000000,0.000080873499,0.000000000000,0.000000000000,0.000067282106,0.000000000000,0.000000000000,0.000061887016,0.000000000000,0.000000000000,0.000068473060
988,0.000000000000,0.000000000000,0.000139860830,0.000000000000,0.000000000000,0.000139860830,0.000000000000,0.000000000000,0.000139860830,0.000000000000,0.000000000000,0.000107952316,0.000000000000,0.000000000000,0.000107379693,0.000000000000,0.000000000000,0.000107676258,0.000000000000,0.000000000000,0.000081761162,0.000000000000,0.000000000000,0.000082455853,0.000000000000,0.000000000000,0.000079809305,0.000000000000,0.000000000000,0.000078596401,0.000000000000,0.000000000000,0.000081030505,0.000000000000,0.000000000000,0.000080873499,0.000000000000,0.000000000000,0.000067282106,0.000000000000,0.000000000000,0.000061887016,0.000000000000,0.000000000000,0.000068473060
989,0.000000000000,0.000000000000,0.000139860830,0.000000000000,0.000000000000,0.000139860830,0.000000000000,0.000000000000,0.000139860830,0.000000000000,0.000000000000,0.000107952316,0.000000000000,0.000000000000,0.000107379693,0.000000000000,0.000000000000,0.000107676258,0.000000000000,0.000000000000,0.000081761162,0.000000000000,0.000000000000,0.000082455853,0.000000000000,0.000000000000,0.000079809305,0.000000000000,0.000000000000,0.000078596401,0.000000000000,0.000000000000,0.000081030505,0.000000000000,0.000000000000,0.000080873499,0.000000000000,0.000000000000,0.000067282106,0.000000000000,0.000000000000,0.000061887016,0.000000000000,0.000000000000,0.000068473060
990,0.000000000000,0.000000000000,0.000139860830,0.000000000000,0.000000000000,0.000139860830,0.000000000000,0.000000000000,0.000139860830,0.000000000000,0.000000000000,0.000107952316,0.000000000000,0.000000000000,0.000107379693,0.000000000000,0.000000000000,0.000107676258,0.000000000000,0.000000000000,0.000081761162,0.000000000000,0.000000000000,0.000082455853,0.000000000000,0.000000000000,0.000079809305,0.000000000000,0.000000000000,0.000078596401,0.000000000000,0.000000000000,0.000081030505,0.000000000000,0.000000000000,0.000080873499,0.000000000000,0.000000000000,0.000067282106,0.000000000000,0.000000000000,0.000061887016,0.000000000000,0.000000000000,0.000068473060
991,0.000000000000,0.000000000000,0.000139860830,0.000000000000,0.000000000000,0.000139860830,0.000000000000,0.000000000000,0.000139860830,0.000000000000,0.000000000000,0.000107952316,0.000000000000,0.000000000000,0.000107379693,0.000000000000,0.000000000000,0.000107676258,0.000000000000,0.000000000000,0.000081761162,0.000000000000,0.000000000000,0.000082455853,0.000000000000,0.000000000000,0.000079809305,0.000000000000,0.000000000000,0.000078596401,0.000000000000,0.000000000000,0.000081030505,0.000000000000,0.000000000000,0.000080873499,0.000000000000,0.000000000000,0.000067282106,0.000000000000,0.000000000000,0.000061887016,0.000000000000,0.000000000000,0.000068473060
992,0.000000000000,0.000000000000,0.000139860830,0.000000000000,0.000000000000,0.000139860830,0.000000000000,0.000000000000,0.000139860830,0.000000000000,0.000000000000,0.000107952316,0.000000000000,0.000000000000,0.000107379693,0.000000000000,0.000000000000,0.000107676258,0.000000000000,0.000000000000,0.000081761162,0.000000000000,0.000000000000,0.000082455853,0.000000000000,0.000000000000,0.000079809305,0.000000000000,0.000000000000,0.000078596401,0.000000000000,0.000000000000,0.000081030505,0.000000000000,0.000000000000,0.000080873499,0.000000000000,0.000000000000,0.000067282106,0.000000000000,0.000000000000,0.000061887016,0.000000000000,0.000000000000,0.000068473060
993,0.000000000000,0.000000000000,0.000139860830,0.000000000000,0.000000000000,0.000139860830,0.000000000000,0.000000000000,0.000139860830,0.000000000000,0.000000000000,0.000107952316,0.000000000000,0.000000000000,0.000107379693,0.000000000000,0.000000000000,0.000107676258,0.000000000000,0.000000000000,0.000081761162,0.000000000000,0.000000000000,0.000082455853,0.000000000000,0.000000000000,0.000079809305,0.000000000000,0.000000000000,0.000078596401,0.000000000000,0.000000000000,0.000081030505,0.000000000000,0.000000000000,0.000080873499,0.000000000000,0.000000000000,0.000067282106,0.000000000000,0.000000000000,0.000061887016,0.000000000000,0.000000000000,0.000068473060
994,0.000000000000,0.000000000000,0.000139860830,0.000000000000,0.000000000000,0.000139860830,0.000000000000,0.000000000000,0.000139860830,0.000000000000,0.000000000000,0.000107952316,0.000000000000,0.000000000000,0.000107379693,0.000000000000,0.000000000000,0.000107676258,0.000000000000,0.000000000000,0.000081761162,0.000000000000,0.000000000000,0.000082455853,0.000000000000,0.000000000000,0.000079809305,0.000000000000,0.000000000000,0.000078596401,0.000000000000,0.000000000000,0.000081030505,0.000000000000,0.000000000000,0.000080873499,0.000000000000,0.000000000000,0.000067282106,0.000000000000,0.000000000000,0.000061887016,0.000000000000,0.000000000000,0.000068473060
995,0.000000000000,0.000000000000,0.000139860830,0.000000000000,0.000000000000,0.000139860830,0.000000000000,0.000000000000,0.000139860830,0.000000000000,0.000000000000,0.000107952316,0.000000000000,0.000000000000,0.000107379693,0.000000000000,0.000000000000,0.000107676258,0.000000000000,0.000000000000,0.000081761162,0.000000000000,0.000000000000,0.000082455853,0.000000000000,0.000000000000,0.000079809305,0.000000000000,0.000000000000,0.000078596401,0.000000000000,0.000000000000,0.000081030505,0.000000000000,0.000000000000,0.000080873499,0.000000000000,0.000000000000,0.000067282106,0.000000000000,0.000000000000,0.000061887016,0.000000000000,0.000000000000,0.000068473060
996,0.000000000000,0.000000000000,0.000139860830,0.000000000000,0.000000000000,0.000139860830,0.000000000000,0.000000000000,0.000139860830,0.000000000000,0.000000000000,0.000107952316,0.000000000000,0.000000000000,0.000107379693,0.000000000000,0.000000000000,0.000107676258,0.000000000000,0.000000000000,0.000081761162,0.000000000000,0.000000000000,0.000082455853,0.000000000000,0.000000000000,0.000079809305,0.000000000000,0.000000000000,0.000078596401,0.000000000000,0.000000000000,0.000081030505,0.000000000000,0.000000000000,0.000080873499,0.000000000000,0.000000000000,0.000067282106,0.000000000000,0.000000000000,0.000061887016,0.000000000000,0.000000000000,0.000068473060
997,0.000000000000,0.000000000000,0.000139860830,0.000000000000,0.000000000000,0.000139860830,0.000000000000,0.000000000000,0.000139860830,0.000000000000,0.000000000000,0.000107952316,0.000000000000,0.000000000000,0.000107379693,0.000000000000,0.000000000000,0.000107676258,0.000000000000,0.000000000000,0.000081761162,0.000000000000,0.000000000000,0.000082455853,0.000000000000,0.000000000000,0.000079809305,0.000000000000,0.000000000000,0.000078596401,0.000000000000,0.000000000000,0.000081030505,0.000000000000,0.000000000000,0.000080873499,0.000000000000,0.000000000000,0.000067282106,0.000000000000,0.000000000000,0.000061887016,0.000000000000,0.000000000000,0.000068473060
998,0.000000000000,0.000000000000,0.000139860830,0.000000000000,0.000000000000,0.000139860830,0.000000000000,0.000000000000,0.000139860830,0.000000000000,0.000000000000,0.000107952316,0.000000000000,0.000000000000,0.000107379693,0.000000000000,0.000000000000,0.000107676258,0.000000000000,0.000000000000,0.000081761162,0.000000000000,0.000000000000,0.000082455853,0.000000000000,0.000000000000,0.000079809305,0.000000000000,0.000000000000,0.000078596401,0.000000000000,0.000000000000,0.000081030505,0.000000000000,0.000000000000,0.000080873499,0.000000000000,0.000000000000,0.000067282106,0.000000000000,0.000000000000,0.000061887016,0.000000000000,0.000000000000,0.000068473060
999,0.000000000000,0.000000000000,0.000139860830,0.000000000000,0.000000000000,0.000139860830,0.000000000000,0.000000000000,0.000139860830,0.000000000000,0.000000000000,0.000107952316,0.000000000000,0.000000000000,0.000107379693,0.000000000000,0.000000000000,0.000107676258,0.000000000000,0.000000000000,0.000081761162,0.000000000000,0.000000000000,0.000082455853,0.000000000000,0.000000000000,0.000079809305,0.000000000000,0.000000000000,0.000078596401,0.000000000000,0.000000000000,0.000081030505,0.000000000000,0.000000000000,0.000080873499,0.000000000000,0.000000000000,0.000067282106,0.000000000000,0.000000000000,0.000061887016,0.000000000000,0.000000000000,0.000068473060
1000,0.000000000000,0.000000000000,0.000139860830,0.000000000000,0.000000000000,0.000139860830,0.000000000000,0.000000000000,0.000139860830,0.000000000000,0.000000000000,0.000107952316,0.000000000000,0.000000000000,0.000107379693,0.000000000000,0.000000000000,0.000107676258,0.000000000000,0.000000000000,0.000081761162,0.000000000000,0.000000000000,0.000082455853,0.000000000000,0.000000000000,0.000079809305,0.000000000000,0.000000000000,0.000078596401,0.000000000000,0.000000000000,0.000081030505,0.000000000000,0.000000000000,0.000080873499,0.000000000000,0.000000000000,0.000067282106,0.000000000000,0.000000000000,0.000061887016,0.000000000000,0.000000000000,0.000068473060
