Iterasi,P20_G200_10_Customers,P20_G500_10_Customers,P20_G1000_10_Customers,P50_G200_10_Customers,P50_G500_10_Customers,P50_G1000_10_Customers,P100_G200_10_Customers,P100_G500_10_Customers,P100_G1000_10_Customers,P20_G200_20_Customers,P20_G500_20_Customers,P20_G1000_20_Customers,P50_G200_20_Customers,P50_G500_20_Customers,P50_G1000_20_Customers,P100_G200_20_Customers,P100_G500_20_Customers,P100_G1000_20_Customers,P20_G200_30_Customers,P20_G500_30_Customers,P20_G1000_30_Customers,P50_G200_30_Customers,P50_G500_30_Customers,P50_G1000_30_Customers,P100_G200_30_Customers,P100_G500_30_Customers,P100_G1000_30_Customers,P20_G200_40_Customers,P20_G500_40_Customers,P20_G1000_40_Customers,P50_G200_40_Customers,P50_G500_40_Customers,P50_G1000_40_Customers,P100_G200_40_Customers,P100_G500_40_Customers,P100_G1000_40_Customers,P20_G200_50_Customers,P20_G500_50_Customers,P20_G1000_50_Customers,P50_G200_50_Customers,P50_G500_50_Customers,P50_G1000_50_Customers,P100_G200_50_Customers,P100_G500_50_Customers,P100_G1000_50_Customers
1,0.000089982999,0.000091138468,0.000086169113,0.000096388591,0.000096026424,0.000100233042,0.000099881296,0.000097823055,0.000100377673,0.000046820729,0.000048664551,0.000050583647,0.000050603231,0.000049750856,0.000050300675,0.000052202287,0.000050892609,0.000053422333,0.000029863748,0.000031136631,0.000030091230,0.000032144141,0.000032190961,0.000032206433,0.000033161541,0.000032712410,0.000033195890,0.000026357983,0.000026476181,0.000026530383,0.000027562610,0.000027154987,0.000027161307,0.000028236874,0.000028153642,0.000027657568,0.000017514241,0.000017916698,0.000017854592,0.000017976309,0.000018672471,0.000018117502,0.000018745097,0.000018363333,0.000018671067
2,0.000091836067,0.000092803775,0.000088173117,0.000098419405,0.000099103402,0.000100924922,0.000103681169,0.000101211641,0.000102772095,0.000048072774,0.000050150310,0.000052471978,0.000051275061,0.000050891979,0.000051880953,0.000054173718,0.000053234441,0.000054670015,0.000031364020,0.000031854308,0.000031357501,0.000033337231,0.000033780375,0.000034227535,0.000034404743,0.000033505167,0.000034279614,0.000027160130,0.000027265377,0.000027055379,0.000028056276,0.000028187492,0.000027937515,0.000028433446,0.000028554549,0.000028583330,0.000017911564,0.000018280010,0.000018167182,0.000018881467,0.000019491860,0.000018431782,0.000019579617,0.000019108827,0.000019474201
3,0.000095686850,0.000095490367,0.000091598851,0.000101864090,0.000104602449,0.000102074495,0.000108467229,0.000102941647,0.000105017791,0.000049717920,0.000051043301,0.000055818147,0.000052719897,0.000052227074,0.000053423353,0.000055945521,0.000055350300,0.000055154433,0.000031933935,0.000032445899,0.000032313544,0.000034455783,0.000035510270,0.000034974500,0.000034796944,0.000035117943,0.000035158263,0.000027614469,0.000027481333,0.000027498496,0.000029011400,0.000029093231,0.000028435543,0.000029620852,0.000029119365,0.000029329389,0.000018205316,0.000018686147,0.000018589345,0.000019204491,0.000019618557,0.000019002426,0.000020122525,0.000019404383,0.000019789868
4,0.000096941750,0.000097656747,0.000095330739,0.000102995674,0.000104862379,0.000103606755,0.000108560554,0.000105643045,0.000110019036,0.000050727277,0.000053270355,0.000055991927,0.000054578963,0.000053700285,0.000055791872,0.000056789097,0.000056749730,0.000056197142,0.000032608142,0.000032862560,0.000033179991,0.000034692589,0.000036174767,0.000035365936,0.000035926882,0.000035881588,0.000036660142,0.000028324959,0.000027996028,0.000027911872,0.000029861421,0.000030239939,0.000028712662,0.000030284225,0.000029839917,0.000029833065,0.000018580437,0.000018985113,0.000019085504,0.000019861272,0.000019937629,0.000019366949,0.000020273782,0.000019852551,0.000020198494
5,0.000098319283,0.000101195356,0.000099206382,0.000103719135,0.000110739695,0.000106696014,0.000113427424,0.000109151026,0.000114606417,0.000052183303,0.000054043618,0.000056818129,0.000054956249,0.000055171021,0.000057825020,0.000057635482,0.000057594236,0.000057168486,0.000033574874,0.000033606751,0.000034033358,0.000035826616,0.000036819569,0.000036454600,0.000037677619,0.000036601589,0.000037263143,0.000028844067,0.000028836162,0.000028312353,0.000030066260,0.000030536459,0.000029670032,0.000031055238,0.000031099191,0.000030505078,0.000018791714,0.000019521523,0.000019288529,0.000020125842,0.000020263877,0.000019686043,0.000020981307,0.000020553427,0.000020840484
6,0.000099643384,0.000101460270,0.000102737188,0.000104994086,0.000114469605,0.000109326472,0.000114468309,0.000113144179,0.000115300692,0.000052545441,0.000054250139,0.000057690389,0.000056534543,0.000056102025,0.000059051803,0.000058885204,0.000058669237,0.000058783356,0.000033811206,0.000034600617,0.000035050888,0.000036439108,0.000037850285,0.000036857154,0.000038392932,0.000037315132,0.000038673602,0.000029164784,0.000029237625,0.000028834972,0.000030469112,0.000030984659,0.000030604402,0.000031659944,0.000031461157,0.000031079040,0.000019048982,0.000019894496,0.000019879794,0.000020384891,0.000020626797,0.000020038144,0.000021088154,0.000020725000,0.000021376537
7,0.000099951566,0.000102377899,0.000104004332,0.000109277879,0.000118136236,0.000109745229,0.000116156424,0.000114429806,0.000117900154,0.000053620531,0.000054764027,0.000057905396,0.000056583753,0.000057880623,0.000060942977,0.000059174642,0.000059700480,0.000059135046,0.000034160354,0.000035119508,0.000035955543,0.000037115943,0.000039064657,0.000037302483,0.000038666217,0.000038760490,0.000039620013,0.000029591893,0.000029380523,0.000029163404,0.000030878964,0.000031734929,0.000031240299,0.000031932481,0.000032275232,0.000031716907,0.000019258683,0.000020580065,0.000020219642,0.000020682971,0.000021093014,0.000020570151,0.000021706189,0.000020942586,0.000021563964
8,0.000101188075,0.000103977127,0.000104120353,0.000112569526,0.000118484488,0.000111306613,0.000119378445,0.000117128625,0.000120846410,0.000054759609,0.000055632838,0.000059380707,0.000059020444,0.000059290973,0.000062009176,0.000059245106,0.000060049746,0.000061693436,0.000034545795,0.000035405461,0.000036665968,0.000038128397,0.000039320006,0.000038460259,0.000039792467,0.000039355530,0.000040196512,0.000029816165,0.000030145473,0.000030261027,0.000032095678,0.000032228747,0.000031738484,0.000032535923,0.000032794810,0.000032031148,0.000019626503,0.000020722002,0.000020475403,0.000020959593,0.000021139671,0.000021033400,0.000022071264,0.000021025534,0.000021884072
9,0.000103631453,0.000104127748,0.000104810454,0.000113144048,0.000118606957,0.000116928644,0.000121977577,0.000117793563,0.000122200423,0.000055243583,0.000055775623,0.000061229323,0.000060530247,0.000060242152,0.000062234333,0.000060905907,0.000061890029,0.000062530281,0.000035029213,0.000036244547,0.000037609080,0.000039297203,0.000040359804,0.000038703226,0.000040063259,0.000039726596,0.000040353648,0.000030368832,0.000030309536,0.000030398960,0.000032366196,0.000033079620,0.000032222252,0.000032924303,0.000033544998,0.000032424802,0.000019941505,0.000021054917,0.000020521822,0.000021702392,0.000021538699,0.000021411861,0.000022285319,0.000021535145,0.000022119992
10,0.000105279031,0.000104610706,0.000107632824,0.000114887213,0.000121689971,0.000116984329,0.000125265883,0.000122403780,0.000122201732,0.000056134098,0.000055976251,0.000061488444,0.000062049106,0.000060498964,0.000063218191,0.000063185973,0.000062654266,0.000063772365,0.000035991069,0.000036552275,0.000037906182,0.000039674121,0.000041227865,0.000039262017,0.000041000986,0.000040940557,0.000042051599,0.000030989205,0.000031028097,0.000030849648,0.000032572676,0.000033344380,0.000032577160,0.000033742755,0.000033765134,0.000032811001,0.000020104551,0.000021236888,0.000020717530,0.000021884423,0.000021703121,0.000021723059,0.000022527606,0.000022195911,0.000022452555
11,0.000107662740,0.000105494628,0.000108255278,0.000115421278,0.000122321164,0.000118213433,0.000125265883,0.000122833698,0.000125190892,0.000056715213,0.000056264784,0.000062475543,0.000063005858,0.000061445776,0.000065295941,0.000063678473,0.000063929260,0.000065637473,0.000036437436,0.000036639084,0.000037957627,0.000040399043,0.000041805325,0.000039640271,0.000041519849,0.000041617952,0.000042838812,0.000031216362,0.000031081919,0.000031217237,0.000033848810,0.000033725026,0.000033115630,0.000034143490,0.000033829316,0.000033311469,0.000020241702,0.000021406100,0.000020803636,0.000022480419,0.000022007714,0.000022406863,0.000022727285,0.000022251224,0.000022730389
12,0.000108145954,0.000105940816,0.000109587751,0.000116075757,0.000123662871,0.000118573897,0.000126132851,0.000124753074,0.000125362306,0.000057075924,0.000056773993,0.000063764270,0.000063472475,0.000061747636,0.000065802691,0.000064542302,0.000063929260,0.000066754479,0.000036706812,0.000038121577,0.000038478104,0.000040947895,0.000042636509,0.000040288137,0.000042610347,0.000042074821,0.000043889512,0.000031300667,0.000031266377,0.000031383600,0.000034231684,0.000034206509,0.000033830905,0.000034455473,0.000034229540,0.000033654358,0.000020384286,0.000021721854,0.000021016487,0.000023048231,0.000022078838,0.000022531848,0.000023149545,0.000022586938,0.000023047647
13,0.000111343693,0.000106115883,0.000110626931,0.000118840390,0.000123662871,0.000119136598,0.000126352363,0.000127008644,0.000125673613,0.000057266214,0.000057339497,0.000063943020,0.000064356971,0.000062665482,0.000066401913,0.000064809502,0.000065076342,0.000068257965,0.000036963686,0.000038671114,0.000038631615,0.000041434396,0.000043954528,0.000041661927,0.000043204612,0.000042474024,0.000044608159,0.000031579568,0.000031473257,0.000031578648,0.000034310950,0.000034485180,0.000034382978,0.000034957620,0.000034842680,0.000034382667,0.000020599166,0.000021793572,0.000021165315,0.000023257208,0.000022239592,0.000022772909,0.000023301745,0.000022817125,0.000023142799
14,0.000113787649,0.000106766913,0.000111040050,0.000123761027,0.000125589704,0.000119405421,0.000126352363,0.000127294234,0.000125726103,0.000057857103,0.000058235091,0.000064067794,0.000064723822,0.000062752226,0.000066677392,0.000065015715,0.000065589929,0.000069068325,0.000037383100,0.000039719549,0.000039186993,0.000042080124,0.000044130266,0.000042338215,0.000043448201,0.000043880962,0.000044961581,0.000031915255,0.000031945925,0.000031682314,0.000034524861,0.000034597270,0.000034589746,0.000035530340,0.000035180892,0.000034887269,0.000020870291,0.000022016332,0.000021414145,0.000023503486,0.000022436833,0.000022974862,0.000023753831,0.000023363321,0.000023265314
15,0.000113846691,0.000109342190,0.000111587394,0.000123837111,0.000128053013,0.000121167194,0.000129519264,0.000127892320,0.000125726103,0.000058349789,0.000058785680,0.000065183631,0.000064950195,0.000063553625,0.000067192862,0.000065988220,0.000066324032,0.000069506772,0.000037600270,0.000040167064,0.000039365080,0.000042817649,0.000044294257,0.000042543696,0.000043692362,0.000043997321,0.000045551933,0.000032372535,0.000032373138,0.000031723953,0.000034683629,0.000034657155,0.000035106673,0.000035854119,0.000035767682,0.000034917014,0.000021082796,0.000022331388,0.000021599442,0.000023638997,0.000022876101,0.000023300934,0.000024096723,0.000023401102,0.000023326375
16,0.000114503591,0.000109489813,0.000112029736,0.000125351756,0.000128475210,0.000123737513,0.000130623245,0.000129500801,0.000126347093,0.000058544093,0.000059163535,0.000065479343,0.000066667067,0.000064046828,0.000067728370,0.000066839700,0.000066977728,0.000069686359,0.000037711883,0.000040682274,0.000039698692,0.000043418056,0.000044441894,0.000042885753,0.000044239875,0.000044661764,0.000046166466,0.000032523470,0.000032492361,0.000032042756,0.000034919026,0.000035463379,0.000035551065,0.000036030594,0.000035941337,0.000035171279,0.000021127173,0.000022492534,0.000021641097,0.000023778249,0.000023155910,0.000023506782,0.000024530367,0.000023452563,0.000023713927
17,0.000115560056,0.000111775988,0.000112351408,0.000125865824,0.000130905251,0.000129039348,0.000130981104,0.000130369090,0.000127257620,0.000059067889,0.000059233348,0.000067136548,0.000067486269,0.000064226682,0.000068744811,0.000067861714,0.000067381518,0.000070173995,0.000038033491,0.000041013823,0.000039891205,0.000044389534,0.000045094469,0.000043228869,0.000044846120,0.000045559313,0.000046780027,0.000032575500,0.000032663987,0.000032216954,0.000035353623,0.000035753897,0.000036239249,0.000036174318,0.000036208932,0.000035569539,0.000021336410,0.000022869286,0.000021897659,0.000023825343,0.000023489565,0.000023743117,0.000024678329,0.000023804163,0.000024298101
18,0.000118640436,0.000112019440,0.000112925401,0.000127756015,0.000130925087,0.000129986208,0.000133492393,0.000131938886,0.000128154267,0.000060479784,0.000060261146,0.000067150563,0.000068418394,0.000064824018,0.000068922510,0.000068335276,0.000067709827,0.000070478767,0.000038419396,0.000041271453,0.000040046047,0.000044545330,0.000045798029,0.000043572459,0.000044963401,0.000045693162,0.000046853812,0.000032896928,0.000033106216,0.000032422790,0.000035445333,0.000036149305,0.000036426002,0.000036317174,0.000036399015,0.000036145801,0.000021365407,0.000022942007,0.000021960992,0.000023964722,0.000023789794,0.000023900395,0.000024835812,0.000024345159,0.000024340867
19,0.000118640436,0.000112061493,0.000115301652,0.000128062778,0.000131355816,0.000132122870,0.000134985259,0.000131960924,0.000128251792,0.000060782033,0.000060959021,0.000067365740,0.000068849509,0.000065089600,0.000069871099,0.000069304298,0.000068253825,0.000070539588,0.000038672561,0.000041491212,0.000040207330,0.000045065846,0.000046103518,0.000044352615,0.000045517881,0.000045693162,0.000047608221,0.000033332780,0.000033125244,0.000032773436,0.000036062020,0.000036603498,0.000036884678,0.000037078760,0.000036804718,0.000036519435,0.000021518939,0.000022997855,0.000022302376,0.000024345530,0.000024097657,0.000024317063,0.000024964627,0.000024625439,0.000024457256
20,0.000119995639,0.000112159986,0.000117546151,0.000129848448,0.000131383817,0.000132122870,0.000134985259,0.000132714803,0.000128796919,0.000061009669,0.000061224363,0.000067518566,0.000069567851,0.000067166867,0.000069886211,0.000070358724,0.000069444901,0.000072236480,0.000039161472,0.000041674877,0.000040558755,0.000045697929,0.000046765656,0.000044675948,0.000046000656,0.000046250705,0.000048019577,0.000033627124,0.000033201835,0.000032855564,0.000036514365,0.000036929792,0.000037754041,0.000037542448,0.000037222629,0.000036742246,0.000021603398,0.000023177057,0.000022371873,0.000024569607,0.000024536044,0.000024369121,0.000025253423,0.000024729525,0.000024616606
21,0.000120517436,0.000112496765,0.000118320150,0.000130619212,0.000131855889,0.000133152569,0.000134985259,0.000133058203,0.000130542899,0.000061665971,0.000061901053,0.000068179174,0.000070088413,0.000067234350,0.000070015738,0.000070509751,0.000070632154,0.000073080708,0.000039324965,0.000042344305,0.000040850875,0.000045936110,0.000047292364,0.000046275857,0.000046733528,0.000046628265,0.000048492333,0.000033684231,0.000033532845,0.000032917254,0.000036718267,0.000037302098,0.000037856649,0.000037639767,0.000037408758,0.000037130045,0.000021835155,0.000023370382,0.000022593950,0.000025208912,0.000024854573,0.000024640010,0.000025483801,0.000024925052,0.000024987550
22,0.000120517436,0.000112780336,0.000120155873,0.000131068368,0.000132137795,0.000133152569,0.000134985259,0.000133058203,0.000132148210,0.000062152010,0.000062070779,0.000069196021,0.000070220615,0.000067854988,0.000070630564,0.000071527935,0.000070920434,0.000073436322,0.000039637929,0.000042884979,0.000041201149,0.000046824189,0.000047546228,0.000046288041,0.000047539096,0.000047299542,0.000048918438,0.000033684231,0.000033786635,0.000032980830,0.000036765230,0.000037389790,0.000038148543,0.000037669235,0.000037815223,0.000037417680,0.000022045472,0.000023610205,0.000022911290,0.000025332188,0.000024981756,0.000024776899,0.000025688479,0.000025162652,0.000025174063
23,0.000120710283,0.000113117708,0.000121943542,0.000131534581,0.000132659591,0.000135292451,0.000135518207,0.000133058203,0.000133270094,0.000062802466,0.000062616395,0.000069223090,0.000070220615,0.000068550155,0.000070862322,0.000071527935,0.000071033690,0.000073936270,0.000040242447,0.000042976553,0.000041393859,0.000046908522,0.000047840591,0.000046351847,0.000047993879,0.000048494136,0.000049486417,0.000033811329,0.000033888428,0.000033194713,0.000037167723,0.000037790348,0.000038180220,0.000037811383,0.000038102262,0.000037828672,0.000022169408,0.000023737891,0.000023027985,0.000025655751,0.000025070464,0.000024780584,0.000025796050,0.000025216955,0.000025356119
24,0.000120710283,0.000114690557,0.000121946859,0.000131717492,0.000132946074,0.000136083246,0.000135856686,0.000134626895,0.000133775999,0.000063725162,0.000063188935,0.000070066980,0.000070392281,0.000069180531,0.000071135934,0.000071854266,0.000071468919,0.000075065647,0.000040318163,0.000043294930,0.000041617342,0.000047236053,0.000048658434,0.000046606027,0.000047993879,0.000048636230,0.000049540529,0.000033975174,0.000034075722,0.000033236501,0.000037746065,0.000038002680,0.000038230205,0.000038006418,0.000038424133,0.000037937426,0.000022291765,0.000023993067,0.000023112356,0.000025674606,0.000025284757,0.000025027382,0.000025963499,0.000025370683,0.000025726216
25,0.000120817802,0.000115584711,0.000121946859,0.000132001444,0.000132946074,0.000136501414,0.000135856686,0.000134626895,0.000135100574,0.000064652212,0.000063689024,0.000070801033,0.000070421856,0.000069618233,0.000071530782,0.000072124439,0.000072679400,0.000075065647,0.000040453373,0.000043294930,0.000042055282,0.000047236053,0.000048926993,0.000046808323,0.000047993879,0.000048939162,0.000049924529,0.000034086690,0.000034394333,0.000033408112,0.000037897749,0.000038090165,0.000038664394,0.000038431009,0.000038511354,0.000038598120,0.000022333787,0.000024090626,0.000023130214,0.000025802466,0.000025371515,0.000025334219,0.000026078009,0.000025839561,0.000026039250
26,0.000123497825,0.000117913986,0.000121946859,0.000132254075,0.000132946074,0.000136560411,0.000135856686,0.000134714907,0.000135733296,0.000065388097,0.000064023653,0.000071045199,0.000070751268,0.000070437904,0.000071723686,0.000072136194,0.000072833681,0.000075766884,0.000040824117,0.000043463285,0.000042392642,0.000047528754,0.000049130694,0.000046957913,0.000047993879,0.000049367189,0.000050282930,0.000034376218,0.000034744033,0.000033560738,0.000037914970,0.000038390341,0.000038783031,0.000038687920,0.000038984114,0.000039396595,0.000022500194,0.000024258934,0.000023330789,0.000025885465,0.000025636669,0.000025428553,0.000026400806,0.000026089116,0.000026816286
27,0.000123519863,0.000118248869,0.000122296784,0.000133951447,0.000132988251,0.000136560411,0.000135936627,0.000134968815,0.000136024236,0.000066407732,0.000064170794,0.000071230569,0.000070947500,0.000071267158,0.000072202835,0.000073120028,0.000073886151,0.000076178850,0.000041054966,0.000043641683,0.000042639748,0.000047865500,0.000049213986,0.000047466000,0.000048933287,0.000049576269,0.000051086921,0.000034724579,0.000034788597,0.000033681771,0.000038157439,0.000038906505,0.000039212239,0.000039504986,0.000039357098,0.000039797820,0.000022632644,0.000024337342,0.000023390793,0.000025962579,0.000025769071,0.000025608003,0.000026668771,0.000026442717,0.000026904220
28,0.000123806345,0.000118407865,0.000123870468,0.000134039459,0.000133787958,0.000136846001,0.000136122170,0.000134968815,0.000136138305,0.000067032781,0.000066661328,0.000071394777,0.000071173148,0.000071347266,0.000072511305,0.000073120028,0.000074288261,0.000076533132,0.000041317460,0.000043879279,0.000042668034,0.000048159637,0.000049690716,0.000047662551,0.000049461096,0.000050422536,0.000051586953,0.000034745901,0.000034788597,0.000033946449,0.000038276134,0.000039051081,0.000039431117,0.000039580641,0.000039699364,0.000039916706,0.000022669530,0.000024403847,0.000023433246,0.000026034161,0.000026042405,0.000025709978,0.000027114461,0.000026599917,0.000027037073
29,0.000124517401,0.000118407865,0.000123870468,0.000134039459,0.000135766234,0.000136846001,0.000136666005,0.000135417970,0.000136367287,0.000067680189,0.000066695162,0.000071722572,0.000071744913,0.000072066371,0.000073106925,0.000073169102,0.000074326681,0.000076696349,0.000041591164,0.000044145786,0.000042863492,0.000048159637,0.000049948544,0.000047662551,0.000049549503,0.000050422551,0.000051610925,0.000034809925,0.000035083661,0.000034021631,0.000038700298,0.000039409109,0.000039438150,0.000039820112,0.000039980415,0.000040320465,0.000022828060,0.000024579864,0.000023598792,0.000026277551,0.000026176785,0.000025777641,0.000027258633,0.000026837306,0.000027118647
30,0.000124589981,0.000118907886,0.000124107955,0.000135425312,0.000135766234,0.000136846001,0.000137432965,0.000136635053,0.000136810183,0.000067877646,0.000066966037,0.000071948432,0.000072026483,0.000072352947,0.000073134758,0.000073198374,0.000074500972,0.000076904062,0.000041965920,0.000044652448,0.000043124005,0.000048420089,0.000050071162,0.000048131099,0.000049960355,0.000050795209,0.000051640452,0.000034905839,0.000035294416,0.000034373961,0.000038705684,0.000039843118,0.000039453877,0.000040216291,0.000040162139,0.000040390115,0.000022936329,0.000024579864,0.000023670198,0.000026366491,0.000026321987,0.000026082687,0.000027344646,0.000026975914,0.000027481672
31,0.000124824611,0.000120602175,0.000124326113,0.000135425312,0.000135766234,0.000136846001,0.000137432965,0.000136635053,0.000136810183,0.000068110870,0.000067287890,0.000072004991,0.000072435781,0.000073160668,0.000073195035,0.000073198374,0.000074500972,0.000077361700,0.000042057939,0.000044721670,0.000043266899,0.000048609062,0.000050160816,0.000048685520,0.000050180793,0.000050902585,0.000051700413,0.000035149993,0.000035370852,0.000034614792,0.000038800965,0.000040344606,0.000039995999,0.000040423039,0.000040627511,0.000040601078,0.000022981968,0.000024579864,0.000023801609,0.000026446195,0.000026570335,0.000026385584,0.000027586174,0.000027134637,0.000027592838
32,0.000124824611,0.000120602175,0.000124684869,0.000135425312,0.000137225580,0.000137378949,0.000137432965,0.000136635053,0.000136924601,0.000068538886,0.000067797080,0.000072155550,0.000072841561,0.000073192239,0.000073591101,0.000073391443,0.000074755858,0.000077361700,0.000042563687,0.000044862174,0.000043394385,0.000048794740,0.000050257122,0.000049471990,0.000050556863,0.000051062682,0.000052342689,0.000035307093,0.000035558795,0.000034694987,0.000038903676,0.000040703396,0.000040411257,0.000040829370,0.000040774366,0.000041154689,0.000023099800,0.000024723920,0.000023887759,0.000026873011,0.000027049633,0.000026536997,0.000027837154,0.000027438127,0.000027700454
33,0.000126025967,0.000120602175,0.000125145626,0.000135425312,0.000137225580,0.000137378949,0.000137432965,0.000136710539,0.000136963531,0.000068745450,0.000067797080,0.000072317394,0.000072951103,0.000073603718,0.000074422636,0.000073567736,0.000074924145,0.000077439612,0.000043364561,0.000045071264,0.000043656334,0.000048828433,0.000050364444,0.000049471990,0.000050740260,0.000051587879,0.000052576716,0.000035340655,0.000035626515,0.000034784942,0.000039243930,0.000041407810,0.000040603021,0.000040981537,0.000040774366,0.000041319792,0.000023291854,0.000024771791,0.000024003681,0.000026925638,0.000027283626,0.000026536997,0.000028120574,0.000027670562,0.000027897327
34,0.000126661469,0.000123807907,0.000125145626,0.000135425312,0.000137225580,0.000137400987,0.000137432965,0.000136710539,0.000137039018,0.000068989323,0.000067797080,0.000072496378,0.000072996561,0.000073903849,0.000074524171,0.000073781851,0.000075165180,0.000077439612,0.000043364561,0.000045598478,0.000043914834,0.000049049550,0.000050364444,0.000049893707,0.000050777222,0.000052060790,0.000052821975,0.000035824332,0.000035840294,0.000034819923,0.000039328682,0.000041814660,0.000041051572,0.000041259048,0.000041729946,0.000041504543,0.000023346274,0.000024935402,0.000024137577,0.000026945887,0.000027306293,0.000026652297,0.000028720660,0.000027690079,0.000027971258
35,0.000126825356,0.000123948410,0.000125221710,0.000135425312,0.000137225580,0.000137400987,0.000137432965,0.000136710539,0.000137039018,0.000069564908,0.000068334651,0.000073202070,0.000073304898,0.000074086707,0.000075111549,0.000073828200,0.000075252758,0.000077439612,0.000043595974,0.000045926171,0.000044107117,0.000049632182,0.000050433747,0.000049917049,0.000050917318,0.000053174421,0.000053294255,0.000035833292,0.000035915101,0.000034909720,0.000039570017,0.000042080137,0.000041186285,0.000041277984,0.000041832804,0.000041853965,0.000023377658,0.000025107758,0.000024137577,0.000027061950,0.000027345994,0.000026786749,0.000028749561,0.000027838147,0.000028114287
36,0.000127001702,0.000123948410,0.000125489453,0.000135425312,0.000137225580,0.000137400987,0.000137761444,0.000136710539,0.000137039018,0.000070014666,0.000068616452,0.000073361599,0.000073649530,0.000074250560,0.000075527635,0.000074122359,0.000075569440,0.000077439612,0.000044012181,0.000046095673,0.000044416041,0.000049632182,0.000050538020,0.000050065536,0.000051242648,0.000053857969,0.000054126271,0.000035835302,0.000036002753,0.000034920193,0.000039571692,0.000042438585,0.000041317300,0.000041471476,0.000041848739,0.000042106583,0.000023501466,0.000025483824,0.000024137577,0.000027239678,0.000027431602,0.000027002371,0.000028876316,0.000027897963,0.000028336476
37,0.000127001702,0.000123948410,0.000125489453,0.000135425312,0.000137225580,0.000137400987,0.000137761444,0.000136710539,0.000137039018,0.000070054078,0.000068710306,0.000073829499,0.000073922719,0.000074609194,0.000075552233,0.000074434953,0.000076145244,0.000077455336,0.000044307228,0.000046232577,0.000044502206,0.000050074241,0.000050607190,0.000050454805,0.000051253189,0.000054447494,0.000054126271,0.000036077324,0.000036037875,0.000035292372,0.000040252590,0.000042580439,0.000042038732,0.000041629220,0.000042203595,0.000042285942,0.000023563433,0.000025633520,0.000024189806,0.000027269126,0.000027442857,0.000027002533,0.000029090547,0.000027971428,0.000028440730
38,0.000127403063,0.000123948410,0.000125651628,0.000135425312,0.000137225580,0.000137400987,0.000137761444,0.000136710539,0.000137039018,0.000070245255,0.000069024169,0.000073855481,0.000074679532,0.000075162421,0.000075684276,0.000075541567,0.000076678508,0.000077455336,0.000044402659,0.000046452946,0.000045111811,0.000050074241,0.000050767856,0.000050624455,0.000051441796,0.000054635961,0.000054417658,0.000036163652,0.000036251199,0.000035425691,0.000040435105,0.000042768728,0.000042171425,0.000041983528,0.000042348696,0.000042348298,0.000023695254,0.000025667641,0.000024460739,0.000027385576,0.000027481809,0.000027003617,0.000029117126,0.000028242778,0.000028440730
39,0.000127403063,0.000124107808,0.000126304178,0.000135425312,0.000137225580,0.000137400987,0.000137761444,0.000136710539,0.000137039018,0.000070322282,0.000069037931,0.000074114037,0.000075397559,0.000075460575,0.000076456086,0.000075785986,0.000076825197,0.000078521373,0.000044756030,0.000046828367,0.000045705063,0.000050502520,0.000050767856,0.000050624455,0.000051496775,0.000054729157,0.000054417658,0.000036322626,0.000036392533,0.000035679139,0.000040653478,0.000042861966,0.000042300430,0.000042118528,0.000042436034,0.000042844956,0.000023744871,0.000025681712,0.000024560715,0.000027614251,0.000027481809,0.000027244299,0.000029205911,0.000028536760,0.000028642001
40,0.000127414834,0.000124633569,0.000126304178,0.000135425312,0.000137655498,0.000137400987,0.000137761444,0.000136710539,0.000137039018,0.000070322282,0.000069279148,0.000074114037,0.000075714938,0.000075889418,0.000076554030,0.000075785986,0.000077085681,0.000078635394,0.000044794581,0.000046943849,0.000045785205,0.000050769851,0.000051016105,0.000050736005,0.000051510872,0.000055002685,0.000054747222,0.000036533795,0.000036405642,0.000035727411,0.000040915970,0.000042959563,0.000042490012,0.000042136985,0.000042622355,0.000042847648,0.000023782760,0.000025724208,0.000024617290,0.000027797574,0.000027693252,0.000027698768,0.000029249690,0.000028744717,0.000029129464
41,0.000127414834,0.000124654215,0.000126304178,0.000135425312,0.000137655498,0.000137400987,0.000137761444,0.000136710539,0.000137039018,0.000070537239,0.000070512445,0.000074551925,0.000075874787,0.000076481758,0.000076820841,0.000076823277,0.000077207291,0.000078635394,0.000045039850,0.000047085284,0.000045937166,0.000050778466,0.000051294431,0.000051081485,0.000052431494,0.000055151337,0.000055034540,0.000036688702,0.000036645034,0.000035785479,0.000041429483,0.000042959563,0.000042621138,0.000042365813,0.000043065087,0.000042880487,0.000023812484,0.000025872560,0.000024762780,0.000028105532,0.000027699412,0.000027730957,0.000029470029,0.000028790224,0.000029176708
42,0.000127608704,0.000124742227,0.000126304178,0.000135897507,0.000137676643,0.000137400987,0.000137761444,0.000136710539,0.000137325500,0.000070625123,0.000070992563,0.000074772669,0.000075875635,0.000077620804,0.000076992177,0.000076898223,0.000077318330,0.000078635394,0.000045708763,0.000047164272,0.000045971010,0.000050849229,0.000051517991,0.000051150195,0.000052470075,0.000055151337,0.000055142534,0.000037031153,0.000036888933,0.000035997920,0.000041639734,0.000043283665,0.000042752662,0.000042413770,0.000043448085,0.000042945863,0.000023949618,0.000026002314,0.000024807667,0.000028455750,0.000027724816,0.000027905993,0.000029563271,0.000028925014,0.000029337802
43,0.000127608704,0.000125286062,0.000126624092,0.000135897507,0.000137676643,0.000137400987,0.000137761444,0.000136786026,0.000137325500,0.000071111606,0.000071388213,0.000075618762,0.000076094370,0.000077641769,0.000077273342,0.000077047928,0.000077399948,0.000078783960,0.000045763918,0.000047234990,0.000046298605,0.000051261940,0.000051566791,0.000051157142,0.000052552920,0.000055151337,0.000055199468,0.000037200923,0.000036912628,0.000036266354,0.000041754325,0.000043344648,0.000042752662,0.000042506320,0.000043480984,0.000043919516,0.000023975544,0.000026112416,0.000024914232,0.000028497259,0.000027768665,0.000028341213,0.000029563271,0.000029133411,0.000029577923
44,0.000127608704,0.000128429564,0.000126624092,0.000136327425,0.000137676643,0.000137400987,0.000137761444,0.000136786026,0.000137325500,0.000071149846,0.000071388213,0.000076184214,0.000076158417,0.000077876247,0.000077286071,0.000077210204,0.000077635053,0.000079427627,0.000046545068,0.000047234990,0.000046700134,0.000051579642,0.000051785578,0.000051774395,0.000052902890,0.000055347693,0.000055314396,0.000037308865,0.000037081592,0.000036371391,0.000042044941,0.000043415440,0.000042762296,0.000042604766,0.000043917862,0.000044254944,0.000024158455,0.000026134219,0.000025139293,0.000028546010,0.000027819365,0.000028367804,0.000030128377,0.000029133411,0.000029577923
45,0.000127822352,0.000128429564,0.000127163087,0.000136327425,0.000137676643,0.000137400987,0.000138047926,0.000136786026,0.000137400987,0.000071980284,0.000071413905,0.000076241358,0.000076525974,0.000078404003,0.000077495782,0.000077744383,0.000077870467,0.000079444467,0.000046583102,0.000047270794,0.000047283141,0.000051793944,0.000051910563,0.000051823139,0.000053146584,0.000055449552,0.000055462025,0.000037328737,0.000037103073,0.000036486649,0.000042121854,0.000043533966,0.000043155957,0.000042766768,0.000043944714,0.000045026219,0.000024234822,0.000026165115,0.000025213844,0.000028740164,0.000027848426,0.000028540193,0.000030382565,0.000029335303,0.000029693714
46,0.000127822352,0.000128878720,0.000127320545,0.000136327425,0.000137676643,0.000137400987,0.000138047926,0.000136786026,0.000137400987,0.000071980284,0.000071540857,0.000076365418,0.000076638711,0.000078408313,0.000077611506,0.000077961586,0.000077870467,0.000079770738,0.000047182814,0.000047410016,0.000047857100,0.000052051987,0.000052051078,0.000052081012,0.000053380586,0.000055449552,0.000055464255,0.000037328737,0.000037123216,0.000036788281,0.000042258103,0.000043625236,0.000043180071,0.000042817865,0.000044109056,0.000045374231,0.000024310187,0.000026165115,0.000025250042,0.000028770468,0.000027876044,0.000028636710,0.000030382565,0.000029374276,0.000029835988
47,0.000128118853,0.000129209636,0.000127320545,0.000136613014,0.000137676643,0.000137400987,0.000138047926,0.000136786026,0.000137400987,0.000072036382,0.000071540857,0.000076480598,0.000076638711,0.000078408313,0.000078248807,0.000078111971,0.000078389567,0.000079770738,0.000047187527,0.000047635651,0.000048103018,0.000052451632,0.000052570252,0.000052138311,0.000053393470,0.000055581330,0.000055570034,0.000037456099,0.000037343406,0.000036835999,0.000042468429,0.000043827728,0.000043535044,0.000043220606,0.000044735321,0.000045374231,0.000024392623,0.000026457354,0.000025260153,0.000028808668,0.000027914717,0.000028741208,0.000030506685,0.000029374276,0.000030285937
48,0.000128338136,0.000129209636,0.000127320545,0.000136613014,0.000137963125,0.000137400987,0.000138047926,0.000136786026,0.000137400987,0.000072217101,0.000071578457,0.000076559091,0.000076983340,0.000078636552,0.000078876966,0.000078111971,0.000078580241,0.000079857194,0.000047280725,0.000047658737,0.000049179747,0.000053127524,0.000052600966,0.000052579236,0.000053486414,0.000055827168,0.000055641010,0.000037517118,0.000037653553,0.000037730284,0.000042485986,0.000044101463,0.000043856971,0.000043372297,0.000044735321,0.000045374231,0.000024497758,0.000026545107,0.000025347252,0.000028830649,0.000027945569,0.000028805290,0.000030574098,0.000029611533,0.000030407022
49,0.000128684662,0.000129731432,0.000127486522,0.000136613014,0.000137963125,0.000137400987,0.000138047926,0.000136786026,0.000137400987,0.000072528127,0.000071593818,0.000076617788,0.000076986899,0.000079152785,0.000078957499,0.000078663244,0.000079193731,0.000080103933,0.000047425235,0.000047735937,0.000049288433,0.000053127524,0.000052858266,0.000052787735,0.000053787816,0.000056144616,0.000055934606,0.000037608617,0.000037750644,0.000037896953,0.000042804057,0.000044295629,0.000044349755,0.000043733697,0.000044860781,0.000045597575,0.000024520118,0.000026633662,0.000025375648,0.000028923159,0.000028009427,0.000028911082,0.000030659992,0.000029693638,0.000030458418
50,0.000131886206,0.000129731432,0.000127486522,0.000136688501,0.000138321881,0.000137400987,0.000138047926,0.000136786026,0.000137400987,0.000072697506,0.000071937687,0.000076851702,0.000077292948,0.000079246637,0.000079411394,0.000079360067,0.000080496336,0.000080410530,0.000047724342,0.000047847169,0.000049483791,0.000053885503,0.000052905065,0.000052805603,0.000053936476,0.000056153254,0.000056397235,0.000037657977,0.000038076672,0.000038091161,0.000042933918,0.000044350172,0.000044669885,0.000043733697,0.000044931984,0.000045619251,0.000024527087,0.000026656847,0.000025430022,0.000028956771,0.000028338972,0.000028948098,0.000030839695,0.000029881707,0.000030514759
51,0.000131886206,0.000129731432,0.000127523488,0.000136688501,0.000138321881,0.000137400987,0.000138047926,0.000136786026,0.000137400987,0.000072830704,0.000072393973,0.000077025067,0.000077522525,0.000080352775,0.000079491009,0.000079530345,0.000080821907,0.000080510369,0.000047994306,0.000047893878,0.000049487997,0.000053919318,0.000052905065,0.000053224952,0.000054100830,0.000056288292,0.000056462476,0.000037775095,0.000038398875,0.000038130626,0.000043049769,0.000044565589,0.000044759471,0.000043815261,0.000044950281,0.000045682422,0.000024614015,0.000026713292,0.000025464970,0.000028957590,0.000028491940,0.000029135938,0.000031054426,0.000029923640,0.000030545866
52,0.000131886206,0.000129731432,0.000127523488,0.000136763988,0.000138321881,0.000137400987,0.000138323281,0.000136786026,0.000137400987,0.000073361580,0.000072444063,0.000077049347,0.000078073951,0.000080778568,0.000079549599,0.000079900106,0.000080821907,0.000080560073,0.000047994306,0.000047900631,0.000050108099,0.000053932881,0.000052935348,0.000053574944,0.000054108164,0.000056326602,0.000056558628,0.000037795596,0.000038444402,0.000038230143,0.000043190187,0.000044695972,0.000044759471,0.000044001676,0.000045193021,0.000045682422,0.000024652668,0.000026758234,0.000025481647,0.000029039432,0.000028660680,0.000029238916,0.000031157487,0.000029948583,0.000030545866
53,0.000131886206,0.000129731432,0.000127523488,0.000136763988,0.000138321881,0.000137400987,0.000138323281,0.000136786026,0.000137400987,0.000073361580,0.000072444063,0.000077059810,0.000078130302,0.000081217092,0.000080082770,0.000080095483,0.000080821907,0.000080560073,0.000048265180,0.000048027346,0.000050532520,0.000054150023,0.000053427000,0.000053811902,0.000054379945,0.000056326602,0.000056558628,0.000037905358,0.000038516929,0.000038262226,0.000043420626,0.000045052328,0.000045137207,0.000044118124,0.000045341681,0.000045886193,0.000024801190,0.000026899680,0.000025552065,0.000029059838,0.000028699509,0.000029495590,0.000031172784,0.000029953983,0.000030741589
54,0.000131886206,0.000129753470,0.000127523488,0.000136763988,0.000138467410,0.000137400987,0.000138323281,0.000136786026,0.000137400987,0.000073494303,0.000072822862,0.000077955827,0.000078182452,0.000081442476,0.000080307606,0.000080095483,0.000080829343,0.000080917584,0.000048414477,0.000048451682,0.000050562430,0.000054266390,0.000053566093,0.000053866954,0.000054379945,0.000056623746,0.000056614636,0.000038298071,0.000038559438,0.000038483651,0.000043438606,0.000045087249,0.000045328263,0.000044132572,0.000045560378,0.000046328228,0.000024807212,0.000026943960,0.000025588662,0.000029262480,0.000028856813,0.000029515217,0.000031266348,0.000030070542,0.000031117290
55,0.000131886206,0.000129753470,0.000127523488,0.000136763988,0.000138467410,0.000137400987,0.000138608870,0.000136786026,0.000137400987,0.000073526739,0.000073047135,0.000078038234,0.000078195045,0.000081877849,0.000080852874,0.000080224423,0.000080829343,0.000080943144,0.000048443066,0.000048549260,0.000050880176,0.000054411075,0.000053838604,0.000053993587,0.000054801704,0.000056623746,0.000056969615,0.000038371130,0.000038663186,0.000038553511,0.000043675304,0.000045448846,0.000045350086,0.000044222858,0.000045792953,0.000046328228,0.000025089106,0.000027107562,0.000025778855,0.000029353582,0.000029013239,0.000029585071,0.000031266348,0.000030157712,0.000031170192
56,0.000131886206,0.000129753470,0.000127523488,0.000136763988,0.000138467410,0.000137400987,0.000138608870,0.000136786026,0.000137400987,0.000074795829,0.000073119037,0.000078287307,0.000078231503,0.000081929767,0.000081870351,0.000080394945,0.000081300009,0.000081055152,0.000048665143,0.000048865357,0.000050965514,0.000054459815,0.000053838604,0.000054419958,0.000054944359,0.000056688372,0.000057116891,0.000038406391,0.000038729581,0.000038621075,0.000043675304,0.000045466267,0.000045449866,0.000044272387,0.000046179359,0.000046328228,0.000025264500,0.000027240418,0.000025816628,0.000029423707,0.000029039314,0.000029866219,0.000031395677,0.000030157712,0.000031332371
57,0.000131886206,0.000129753470,0.000128543151,0.000136786026,0.000138467410,0.000137400987,0.000138608870,0.000136786026,0.000137400987,0.000075039446,0.000073953213,0.000078287307,0.000078239761,0.000082664944,0.000082203449,0.000080668144,0.000081300009,0.000081055152,0.000049462012,0.000048933880,0.000050994506,0.000054745711,0.000053966459,0.000054534605,0.000055210584,0.000056724954,0.000057180420,0.000038461262,0.000038729581,0.000038925083,0.000043892911,0.000045473430,0.000045477177,0.000044346955,0.000046271156,0.000046390438,0.000025264500,0.000027248624,0.000025824247,0.000029430328,0.000029039314,0.000029963967,0.000031733023,0.000030265184,0.000031332371
58,0.000131886206,0.000129753470,0.000128543151,0.000136786026,0.000138467410,0.000137400987,0.000138608870,0.000136786026,0.000137400987,0.000075130277,0.000074105315,0.000079411864,0.000078325551,0.000082664944,0.000082481909,0.000080698605,0.000081300009,0.000081628001,0.000049653106,0.000049160162,0.000051047609,0.000054910625,0.000054244827,0.000054689908,0.000055210584,0.000056893782,0.000058050964,0.000038663224,0.000038846895,0.000039079988,0.000044083354,0.000045524960,0.000045820323,0.000044377308,0.000046335786,0.000046524723,0.000025443424,0.000027413979,0.000025824247,0.000029440835,0.000029266738,0.000029989386,0.000031787749,0.000030374750,0.000031332371
59,0.000132172689,0.000129753470,0.000128543151,0.000136786026,0.000138555422,0.000137400987,0.000138608870,0.000136786026,0.000137400987,0.000075444332,0.000074197261,0.000079662297,0.000079325739,0.000082664944,0.000082781029,0.000080870896,0.000081300009,0.000081764588,0.000049726776,0.000049652315,0.000051128132,0.000055270293,0.000054523806,0.000055111190,0.000055274088,0.000056893782,0.000058050964,0.000038801328,0.000038846895,0.000039117610,0.000044207892,0.000045568988,0.000046036242,0.000044509078,0.000046454801,0.000046524723,0.000025621555,0.000027606159,0.000025893200,0.000029440835,0.000029477252,0.000030487484,0.000031787749,0.000030448548,0.000031392523
60,0.000132172689,0.000129753470,0.000128543151,0.000136786026,0.000138555422,0.000137400987,0.000138608870,0.000136786026,0.000137400987,0.000075781079,0.000074911103,0.000079662297,0.000080250830,0.000083080777,0.000082782716,0.000080887494,0.000081300009,0.000082122917,0.000049758789,0.000049867552,0.000051201526,0.000055338356,0.000054933388,0.000055302559,0.000055274088,0.000057247745,0.000058117295,0.000039176754,0.000039053539,0.000039117610,0.000044793614,0.000045581245,0.000046059957,0.000044632842,0.000046563684,0.000046524723,0.000025659564,0.000027619158,0.000025960067,0.000029748657,0.000029502869,0.000030490035,0.000031909430,0.000030833298,0.000031607637
61,0.000132172689,0.000129912665,0.000128543151,0.000136786026,0.000138555422,0.000137400987,0.000138630909,0.000136786026,0.000137400987,0.000075874187,0.000075007685,0.000079723161,0.000080588112,0.000084887325,0.000082802088,0.000080887494,0.000081543437,0.000082165311,0.000049862982,0.000049869186,0.000051201526,0.000055574649,0.000055060864,0.000055452485,0.000055274088,0.000057268204,0.000058164621,0.000039232051,0.000039086279,0.000039215527,0.000044978038,0.000045652446,0.000046232712,0.000044646204,0.000046626503,0.000046524723,0.000025772469,0.000027632585,0.000026269768,0.000029840594,0.000029653351,0.000030542961,0.000031909430,0.000030833298,0.000031607637
62,0.000132172689,0.000129912665,0.000128543151,0.000136786026,0.000138555422,0.000137400987,0.000138630909,0.000136786026,0.000137400987,0.000076089565,0.000075007685,0.000080560207,0.000080796389,0.000085495505,0.000082804470,0.000081205823,0.000081543437,0.000082169243,0.000049884676,0.000050061452,0.000051346436,0.000055657740,0.000055151575,0.000055519473,0.000055349184,0.000057458033,0.000058317062,0.000039239041,0.000039168663,0.000039424806,0.000045033417,0.000045652446,0.000046242035,0.000044680485,0.000046626503,0.000046607362,0.000025827863,0.000027645453,0.000026328986,0.000029878372,0.000029678230,0.000030855260,0.000031909430,0.000030836219,0.000031880122
63,0.000132172689,0.000129912665,0.000130594951,0.000136786026,0.000138555422,0.000137400987,0.000138630909,0.000136786026,0.000137400987,0.000076485072,0.000075116160,0.000080573298,0.000080796389,0.000085495505,0.000083678005,0.000082489534,0.000081705210,0.000082278885,0.000050076817,0.000050163997,0.000051512531,0.000055797278,0.000055422077,0.000056096514,0.000055935133,0.000057666039,0.000058441714,0.000039262228,0.000039444380,0.000039727590,0.000045275181,0.000045863063,0.000046431726,0.000044680485,0.000046793879,0.000046779385,0.000025953755,0.000027777833,0.000026557393,0.000029907646,0.000029726014,0.000031118627,0.000031927602,0.000030978432,0.000031880122
64,0.000133485897,0.000129912665,0.000130616989,0.000136786026,0.000138555422,0.000137400987,0.000138630909,0.000136786026,0.000137400987,0.000076485072,0.000075715554,0.000080573298,0.000080822614,0.000085691275,0.000083983939,0.000082524701,0.000081834513,0.000082543192,0.000050380356,0.000050534041,0.000051528881,0.000056219208,0.000055690446,0.000057384781,0.000056062007,0.000057699985,0.000058532194,0.000039364499,0.000039576815,0.000039769011,0.000045275738,0.000045935879,0.000046467304,0.000044680485,0.000046839032,0.000047184943,0.000026019020,0.000027777833,0.000026718433,0.000029947766,0.000029803023,0.000031118627,0.000031953122,0.000030990520,0.000032048746
65,0.000133485897,0.000129912665,0.000130616989,0.000136786026,0.000138555422,0.000137400987,0.000138630909,0.000136786026,0.000137400987,0.000076576488,0.000075715554,0.000080573298,0.000082070518,0.000086485930,0.000084064487,0.000082677934,0.000081851834,0.000082829796,0.000050397922,0.000050583612,0.000051686336,0.000056383158,0.000055964326,0.000057498916,0.000056362253,0.000057699985,0.000058549765,0.000039689671,0.000039635036,0.000039863040,0.000045275738,0.000046056492,0.000046783162,0.000044805117,0.000047036062,0.000047210074,0.000026041797,0.000027839867,0.000026794048,0.000030157790,0.000029896650,0.000031120639,0.000032193502,0.000031117154,0.000032149012
66,0.000133485897,0.000129912665,0.000130616989,0.000136786026,0.000138555422,0.000137400987,0.000138630909,0.000136786026,0.000137400987,0.000076576488,0.000075904798,0.000080709974,0.000082070518,0.000086806552,0.000084083250,0.000082726963,0.000081974825,0.000082838712,0.000050456423,0.000050933968,0.000051769933,0.000056421496,0.000056224822,0.000057498916,0.000056530637,0.000057699985,0.000058713017,0.000039689671,0.000039635036,0.000040102476,0.000045527850,0.000046056492,0.000046957656,0.000045263269,0.000047117909,0.000047306823,0.000026087068,0.000027839867,0.000026947918,0.000030298156,0.000030001825,0.000031144119,0.000032594554,0.000031234685,0.000032442694
67,0.000133485897,0.000129939683,0.000130616989,0.000136786026,0.000138555422,0.000137400987,0.000138630909,0.000136786026,0.000137400987,0.000076835656,0.000076357935,0.000080716349,0.000082323068,0.000087531160,0.000084099070,0.000082809332,0.000082080700,0.000083003649,0.000050641192,0.000050933968,0.000051801059,0.000056471735,0.000056254332,0.000057652328,0.000056650259,0.000057699985,0.000058763030,0.000039868579,0.000039712376,0.000040116140,0.000045583263,0.000046213063,0.000047057718,0.000045348266,0.000047117909,0.000047388490,0.000026229309,0.000027921589,0.000027025592,0.000030378138,0.000030057939,0.000031200897,0.000032629027,0.000031317379,0.000032815440
68,0.000133485897,0.000129939683,0.000131018254,0.000136786026,0.000138555422,0.000137400987,0.000138630909,0.000136818004,0.000137400987,0.000076941932,0.000076689403,0.000080835623,0.000082446572,0.000087643150,0.000084099070,0.000082870713,0.000082080700,0.000083003649,0.000050832071,0.000050933968,0.000052024680,0.000056724639,0.000056893952,0.000057699023,0.000056848472,0.000057776136,0.000058797260,0.000039956180,0.000039886444,0.000040231651,0.000045696924,0.000046459664,0.000047401033,0.000045348266,0.000047382363,0.000047388490,0.000026390511,0.000028025887,0.000027142388,0.000030514380,0.000030079903,0.000031245213,0.000032629027,0.000031512519,0.000032815440
69,0.000133485897,0.000129939683,0.000131018254,0.000136786026,0.000138555422,0.000137400987,0.000138630909,0.000136818004,0.000137400987,0.000077121327,0.000077388199,0.000080835623,0.000082518103,0.000088166937,0.000084288092,0.000082870713,0.000082080700,0.000083074770,0.000051353176,0.000051143941,0.000052118758,0.000056813453,0.000057538142,0.000058358970,0.000057591746,0.000058070021,0.000058799231,0.000040259372,0.000040088953,0.000040231651,0.000046105413,0.000046459664,0.000047500376,0.000045782337,0.000047539047,0.000047672047,0.000026410793,0.000028032162,0.000027189003,0.000030528310,0.000030079903,0.000031294872,0.000032873212,0.000031585352,0.000032815915
70,0.000133485897,0.000129939683,0.000131018254,0.000136786026,0.000138555422,0.000137400987,0.000138630909,0.000136818004,0.000137400987,0.000077658818,0.000077405955,0.000080835623,0.000082615454,0.000088370672,0.000084610137,0.000082986558,0.000082129079,0.000083360560,0.000051485185,0.000051566692,0.000052252094,0.000056982433,0.000057613618,0.000058429650,0.000057904154,0.000058080374,0.000059541203,0.000040305603,0.000040251185,0.000040272154,0.000046105413,0.000046577148,0.000047615191,0.000046042492,0.000047780889,0.000047750002,0.000026417983,0.000028115855,0.000027199852,0.000030615501,0.000030087080,0.000031502071,0.000032935246,0.000031777308,0.000032857128
71,0.000133485897,0.000129939683,0.000131915585,0.000136786026,0.000138630909,0.000137400987,0.000138630909,0.000136818004,0.000137400987,0.000077866446,0.000077959417,0.000080835623,0.000083294714,0.000088645977,0.000084751003,0.000082986558,0.000082237739,0.000083360560,0.000051775459,0.000051592471,0.000052284055,0.000057098865,0.000057901862,0.000058562715,0.000057909171,0.000058202433,0.000059759425,0.000040340798,0.000040346126,0.000040411027,0.000046323034,0.000046577148,0.000048008830,0.000046044216,0.000048199838,0.000047759616,0.000026426940,0.000028154407,0.000027237595,0.000030695140,0.000030205275,0.000031509271,0.000033277701,0.000032018850,0.000032857128
72,0.000133485897,0.000129939683,0.000131915585,0.000136786026,0.000138630909,0.000137400987,0.000138630909,0.000136818004,0.000137400987,0.000078149487,0.000077959417,0.000080835623,0.000083646974,0.000088855601,0.000084799109,0.000083117623,0.000082462112,0.000083839381,0.000052053164,0.000051597530,0.000052495982,0.000057105934,0.000057909815,0.000058848489,0.000058070138,0.000058365834,0.000059955267,0.000040379544,0.000040416002,0.000040448006,0.000046343667,0.000046719441,0.000048008835,0.000046175603,0.000048325322,0.000047858292,0.000026488899,0.000028155254,0.000027257651,0.000030783287,0.000030369582,0.000031523906,0.000033277701,0.000032059596,0.000033109804
73,0.000133485897,0.000131777851,0.000131915585,0.000136786026,0.000138630909,0.000137400987,0.000138630909,0.000136818004,0.000137400987,0.000078362318,0.000078886236,0.000081502127,0.000083780566,0.000089114855,0.000085717104,0.000083118278,0.000082557928,0.000084038664,0.000052121459,0.000051611697,0.000052495982,0.000057172683,0.000058211011,0.000059103776,0.000058070138,0.000058686013,0.000060016890,0.000040459812,0.000040463727,0.000040448006,0.000046395609,0.000047141571,0.000048419742,0.000046220422,0.000048402483,0.000047858292,0.000026526814,0.000028212456,0.000027294924,0.000030890395,0.000030422019,0.000031523906,0.000033288824,0.000032206697,0.000033192981
74,0.000133485897,0.000131777851,0.000131915585,0.000136786026,0.000138630909,0.000137400987,0.000138630909,0.000137114505,0.000137400987,0.000078366574,0.000078990267,0.000081788003,0.000084145362,0.000089394084,0.000085774636,0.000083133616,0.000082713864,0.000084155404,0.000052215149,0.000051717144,0.000052524498,0.000057299978,0.000058597320,0.000059111640,0.000058107364,0.000058686013,0.000060098338,0.000040619990,0.000040494563,0.000040706920,0.000046540733,0.000047166364,0.000048547097,0.000046483072,0.000048706905,0.000047858292,0.000026548913,0.000028217259,0.000027343562,0.000030890395,0.000030453597,0.000031611699,0.000033364956,0.000032212069,0.000033193594
75,0.000133485897,0.000133616019,0.000131915585,0.000136786026,0.000138630909,0.000137400987,0.000138630909,0.000137114505,0.000137400987,0.000078836075,0.000079392266,0.000081788003,0.000084384506,0.000089428175,0.000085774636,0.000083133616,0.000083051567,0.000084209696,0.000052326333,0.000051751701,0.000052598756,0.000057467053,0.000058837739,0.000059325587,0.000058235415,0.000058686013,0.000060284067,0.000040642651,0.000040629859,0.000040847794,0.000046746894,0.000047207169,0.000048904877,0.000046522992,0.000048741065,0.000047992428,0.000026680131,0.000028237147,0.000027507923,0.000030935421,0.000030553761,0.000031731881,0.000033364956,0.000032214806,0.000033324608
76,0.000133485897,0.000133616019,0.000131915585,0.000136786026,0.000138630909,0.000137400987,0.000138630909,0.000137400987,0.000137400987,0.000078836075,0.000079776152,0.000081962905,0.000084643925,0.000089809638,0.000085774636,0.000083303901,0.000083498003,0.000084354039,0.000052422246,0.000051751701,0.000052629681,0.000057778225,0.000059286144,0.000059381758,0.000058356129,0.000059084766,0.000060673984,0.000040642651,0.000040716003,0.000041037288,0.000046877276,0.000047310975,0.000048953213,0.000046804689,0.000048827584,0.000047992428,0.000026689771,0.000028279589,0.000027629346,0.000031075104,0.000030619064,0.000031804555,0.000033364956,0.000032688454,0.000033367989
77,0.000133485897,0.000133616019,0.000131915585,0.000136786026,0.000138630909,0.000137400987,0.000138630909,0.000137400987,0.000137400987,0.000078836075,0.000079776152,0.000082002679,0.000085010922,0.000089970948,0.000086705232,0.000083304558,0.000083622982,0.000084383686,0.000052578716,0.000051813347,0.000052678295,0.000057778225,0.000059444660,0.000059511417,0.000058651531,0.000059084766,0.000060690722,0.000040677927,0.000040716003,0.000041037288,0.000047031210,0.000047393431,0.000049224905,0.000046804689,0.000049265893,0.000048091303,0.000026693150,0.000028297843,0.000027741878,0.000031094226,0.000030633175,0.000031896449,0.000033481267,0.000032770328,0.000033367989
78,0.000133485897,0.000133616019,0.000131915585,0.000136786026,0.000138630909,0.000137400987,0.000138630909,0.000137400987,0.000137400987,0.000078836075,0.000079776152,0.000082100026,0.000085010922,0.000090068038,0.000086705232,0.000083312147,0.000083768833,0.000084383686,0.000052701446,0.000051860982,0.000052708210,0.000058226939,0.000059468134,0.000059669429,0.000058750795,0.000059188224,0.000060690722,0.000040823473,0.000040904516,0.000041312525,0.000047531574,0.000047478326,0.000049224905,0.000047192573,0.000049265893,0.000048166075,0.000026833594,0.000028297843,0.000027800516,0.000031187384,0.000030857320,0.000031945267,0.000033481267,0.000032771310,0.000033372375
79,0.000133485897,0.000133616019,0.000131915585,0.000136786026,0.000138630909,0.000137400987,0.000138630909,0.000137400987,0.000137400987,0.000079419196,0.000079776152,0.000082289469,0.000085122838,0.000090219805,0.000086723289,0.000083399212,0.000083768833,0.000084744170,0.000053424296,0.000051860982,0.000052752011,0.000058586383,0.000059537690,0.000059804448,0.000058761928,0.000059188224,0.000061055392,0.000040993977,0.000040984950,0.000041312788,0.000047880680,0.000047569744,0.000049226081,0.000047205898,0.000049268546,0.000048239762,0.000026913652,0.000028312384,0.000027920335,0.000031188365,0.000030930021,0.000031983444,0.000033818192,0.000032848613,0.000033512463
80,0.000133485897,0.000134047246,0.000131915585,0.000136786026,0.000138630909,0.000137400987,0.000138630909,0.000137400987,0.000137400987,0.000079472913,0.000079820602,0.000082710084,0.000085229603,0.000090514885,0.000086769698,0.000083426870,0.000083801153,0.000084744170,0.000053424296,0.000051871756,0.000052752011,0.000058890648,0.000059556732,0.000059835017,0.000058960547,0.000059236141,0.000061160796,0.000041105322,0.000041170531,0.000041535717,0.000047986204,0.000047841314,0.000049413454,0.000047233032,0.000049268546,0.000048306001,0.000026913652,0.000028312384,0.000027966247,0.000031226983,0.000031039971,0.000032041786,0.000033920707,0.000032852094,0.000033811924
81,0.000133485897,0.000134478473,0.000131915585,0.000136786026,0.000138630909,0.000137400987,0.000138630909,0.000137400987,0.000137400987,0.000079472913,0.000079852941,0.000082715487,0.000085341366,0.000090591376,0.000086782121,0.000083753361,0.000084211598,0.000085060585,0.000053459102,0.000052091848,0.000052752011,0.000059135874,0.000059580508,0.000060155744,0.000059043260,0.000059236141,0.000061195704,0.000041138904,0.000041213741,0.000041582295,0.000048211939,0.000048211726,0.000049413454,0.000047577500,0.000049277726,0.000048391859,0.000027007828,0.000028559243,0.000028020777,0.000031243952,0.000031064974,0.000032077134,0.000034006843,0.000032862522,0.000034023809
82,0.000133485897,0.000134478473,0.000131915585,0.000136786026,0.000138630909,0.000137400987,0.000138630909,0.000137400987,0.000137400987,0.000079546508,0.000080868287,0.000082715487,0.000085341366,0.000090977456,0.000086782121,0.000083824917,0.000084224099,0.000085060585,0.000053459102,0.000052091848,0.000052867623,0.000059213021,0.000059744830,0.000060478005,0.000059370704,0.000059257878,0.000061195704,0.000041288666,0.000041281195,0.000041626136,0.000048218352,0.000048242429,0.000049899133,0.000047976014,0.000049330253,0.000048968545,0.000027093103,0.000028617195,0.000028027617,0.000031244695,0.000031064974,0.000032176748,0.000034040643,0.000032872865,0.000034059165
83,0.000133485897,0.000134478473,0.000131991071,0.000136786026,0.000138630909,0.000137400987,0.000138630909,0.000137400987,0.000137400987,0.000079546508,0.000080868287,0.000083070280,0.000085486363,0.000091170183,0.000086924325,0.000083891082,0.000085140251,0.000085224479,0.000053459102,0.000052260953,0.000052935316,0.000059358850,0.000059859963,0.000060942124,0.000059729715,0.000059487167,0.000061195704,0.000041521332,0.000041366043,0.000041645440,0.000048391791,0.000048509679,0.000049926832,0.000047976014,0.000049517153,0.000049018960,0.000027098539,0.000028617260,0.000028083141,0.000031301663,0.000031262816,0.000032270684,0.000034040643,0.000032948520,0.000034129200
84,0.000133485897,0.000134478473,0.000131991071,0.000136786026,0.000138630909,0.000137400987,0.000138630909,0.000137400987,0.000137400987,0.000080119986,0.000081006979,0.000083098598,0.000086078296,0.000091281680,0.000087266895,0.000083984982,0.000085738140,0.000085224479,0.000053796932,0.000052501471,0.000053302836,0.000059398786,0.000059922547,0.000061036018,0.000059958975,0.000059683490,0.000061195704,0.000041541992,0.000041640724,0.000041657788,0.000048527714,0.000049107603,0.000049926832,0.000048065023,0.000049923085,0.000049537095,0.000027166280,0.000028812834,0.000028129913,0.000031316153,0.000031315601,0.000032397334,0.000034040643,0.000033061953,0.000034176326
85,0.000133485897,0.000134553960,0.000131991071,0.000136786026,0.000138630909,0.000137400987,0.000138630909,0.000137400987,0.000137400987,0.000080127778,0.000081006979,0.000084060654,0.000086078296,0.000091281680,0.000087377561,0.000084200536,0.000085784500,0.000085224479,0.000053822855,0.000053006420,0.000053302836,0.000059440062,0.000059922547,0.000061098708,0.000060335333,0.000059683490,0.000061195704,0.000041909252,0.000041650588,0.000041690128,0.000048596034,0.000049365793,0.000049960061,0.000048097805,0.000049944381,0.000049540470,0.000027214385,0.000028872868,0.000028204101,0.000031370416,0.000031329879,0.000032460333,0.000034040643,0.000033065122,0.000034200445
86,0.000133485897,0.000134553960,0.000131991071,0.000136786026,0.000138630909,0.000137400987,0.000138630909,0.000137400987,0.000137400987,0.000080569443,0.000081032533,0.000084060654,0.000086267730,0.000091281680,0.000087377561,0.000084258555,0.000086023856,0.000085264562,0.000053822855,0.000053089256,0.000053318539,0.000059584308,0.000060015228,0.000061146972,0.000060335333,0.000059774415,0.000061195704,0.000041980978,0.000041833909,0.000041830608,0.000048897944,0.000049458276,0.000050159124,0.000048097805,0.000049944381,0.000049595467,0.000027374165,0.000029054266,0.000028211596,0.000031396934,0.000031394157,0.000032498635,0.000034073579,0.000033451007,0.000034429472
87,0.000133485897,0.000134553960,0.000131991071,0.000136786026,0.000138630909,0.000137400987,0.000138630909,0.000137400987,0.000137400987,0.000080976724,0.000081032533,0.000084233167,0.000086325215,0.000091532980,0.000087396025,0.000084754513,0.000086360279,0.000085264562,0.000053915056,0.000053099977,0.000053370016,0.000059649859,0.000060249578,0.000061209612,0.000060352777,0.000059774415,0.000061247133,0.000042019086,0.000041913475,0.000041915196,0.000048996733,0.000049793956,0.000050249652,0.000048097805,0.000049944381,0.000049738265,0.000027552576,0.000029067539,0.000028264863,0.000031581813,0.000031394157,0.000032592998,0.000034073579,0.000033609671,0.000034441314
88,0.000133485897,0.000134553960,0.000131991071,0.000136786026,0.000138630909,0.000137400987,0.000138630909,0.000137400987,0.000137400987,0.000081074058,0.000081104848,0.000084254789,0.000086541807,0.000091555974,0.000087396025,0.000084845052,0.000086360279,0.000085271018,0.000054083148,0.000053207907,0.000053370016,0.000060073713,0.000060285252,0.000061209612,0.000060384638,0.000059782765,0.000061261732,0.000042263061,0.000041949134,0.000041915196,0.000049128834,0.000050066933,0.000050307077,0.000048097805,0.000049998119,0.000049845505,0.000027647760,0.000029076608,0.000028279086,0.000031717810,0.000031410728,0.000032736877,0.000034103499,0.000033761970,0.000034441314
89,0.000133485897,0.000134553960,0.000131991071,0.000136786026,0.000138630909,0.000137400987,0.000138630909,0.000137400987,0.000137400987,0.000081115618,0.000081693067,0.000084254789,0.000086776213,0.000091752630,0.000087396025,0.000085081361,0.000086605461,0.000085452866,0.000054083148,0.000053257276,0.000053595888,0.000060354023,0.000060356340,0.000061275197,0.000060425983,0.000060325081,0.000061434734,0.000042303407,0.000041959839,0.000042014567,0.000049251774,0.000050102981,0.000050357094,0.000048130811,0.000050146336,0.000049845505,0.000027742135,0.000029139427,0.000028399867,0.000031807463,0.000031480408,0.000032944037,0.000034106821,0.000033844152,0.000034448137
90,0.000133485897,0.000134553960,0.000131991071,0.000136786026,0.000138630909,0.000137400987,0.000138630909,0.000137400987,0.000137400987,0.000081123452,0.000081816205,0.000084386161,0.000086776213,0.000092089994,0.000087402516,0.000085186101,0.000086866907,0.000085664875,0.000054420723,0.000053387835,0.000053700934,0.000060382824,0.000060385883,0.000061711072,0.000060475483,0.000060381783,0.000061434734,0.000042349731,0.000042066047,0.000042455548,0.000049380564,0.000050196897,0.000050370176,0.000048402608,0.000050146336,0.000049888108,0.000027787019,0.000029143996,0.000028399867,0.000031863142,0.000031563497,0.000033121179,0.000034106821,0.000033881463,0.000034449916
91,0.000133485897,0.000134553960,0.000131991071,0.000136786026,0.000138630909,0.000137400987,0.000138630909,0.000137400987,0.000137400987,0.000081151036,0.000081926809,0.000084386161,0.000086910590,0.000092693422,0.000087402516,0.000085257776,0.000087228674,0.000085664875,0.000054439079,0.000053474968,0.000053704069,0.000060737075,0.000060422322,0.000061727587,0.000060796131,0.000060645937,0.000061915120,0.000042495518,0.000042233182,0.000043110430,0.000049511726,0.000050299814,0.000050436265,0.000048402608,0.000050146336,0.000049888108,0.000027787375,0.000029201456,0.000028439439,0.000031866711,0.000031563497,0.000033271595,0.000034264149,0.000034016770,0.000034450447
92,0.000133485897,0.000134840442,0.000131991071,0.000136786026,0.000138630909,0.000137400987,0.000138630909,0.000137400987,0.000137400987,0.000081296425,0.000081926809,0.000084386161,0.000086924365,0.000092713630,0.000087754624,0.000085257776,0.000087361785,0.000085760291,0.000054445899,0.000053527744,0.000054000206,0.000060772281,0.000060651188,0.000061898076,0.000060870606,0.000060645937,0.000061915120,0.000042507595,0.000042281403,0.000043110430,0.000049511726,0.000050322955,0.000050436265,0.000048475235,0.000050264608,0.000049888108,0.000027955111,0.000029221781,0.000028476217,0.000031904659,0.000031600157,0.000033289549,0.000034370239,0.000034016770,0.000034506669
93,0.000133485897,0.000134840442,0.000131991071,0.000136786026,0.000138630909,0.000137400987,0.000138630909,0.000137400987,0.000137400987,0.000081475715,0.000081945385,0.000084486585,0.000088136849,0.000093202916,0.000087754624,0.000085745580,0.000087590671,0.000085775939,0.000054499366,0.000053724087,0.000054449791,0.000060817884,0.000060727422,0.000061948161,0.000061657082,0.000060645937,0.000061915120,0.000042550850,0.000042578051,0.000043149393,0.000049561818,0.000050353328,0.000050507949,0.000048551754,0.000050264608,0.000049940385,0.000027955111,0.000029227598,0.000028483780,0.000031961883,0.000031683111,0.000033345826,0.000034370239,0.000034389211,0.000034568967
94,0.000133485897,0.000134840442,0.000131991071,0.000136786026,0.000138630909,0.000137400987,0.000138630909,0.000137400987,0.000137400987,0.000081475715,0.000081999718,0.000084486585,0.000088181798,0.000093202916,0.000088026140,0.000085745580,0.000087910846,0.000085922447,0.000054723154,0.000053761816,0.000054680990,0.000060898242,0.000060846859,0.000061992691,0.000061797085,0.000060675389,0.000061915120,0.000042860780,0.000042639085,0.000043150298,0.000049561990,0.000050397482,0.000050523866,0.000048698704,0.000050264608,0.000050011484,0.000028134968,0.000029325628,0.000028575198,0.000032129921,0.000031726918,0.000033358359,0.000034431717,0.000034422229,0.000034715615
95,0.000133485897,0.000134840442,0.000131991071,0.000136786026,0.000138630909,0.000137400987,0.000138630909,0.000137400987,0.000137400987,0.000081968021,0.000082099172,0.000084491554,0.000088389915,0.000093335822,0.000088026140,0.000085745580,0.000088081713,0.000085922447,0.000055213693,0.000053761816,0.000054695229,0.000060898242,0.000060992084,0.000062545516,0.000061994862,0.000060715709,0.000061935862,0.000042863294,0.000042639085,0.000043150707,0.000049615422,0.000050397482,0.000050733151,0.000048698704,0.000050264608,0.000050052917,0.000028134968,0.000029391682,0.000028643175,0.000032470086,0.000031729692,0.000033407207,0.000034462362,0.000034533670,0.000034920151
96,0.000133897003,0.000134840442,0.000131991071,0.000136786026,0.000138630909,0.000137400987,0.000138630909,0.000137400987,0.000137400987,0.000082353537,0.000083155283,0.000084491554,0.000088389915,0.000093599947,0.000088143581,0.000086106007,0.000088606065,0.000086171982,0.000055270525,0.000054122418,0.000054695229,0.000061037827,0.000061027641,0.000062846082,0.000062021251,0.000060715709,0.000062607525,0.000043036388,0.000042717465,0.000043150707,0.000049707653,0.000050465301,0.000050735259,0.000048698704,0.000050264608,0.000050135514,0.000028208739,0.000029457684,0.000028654639,0.000032511542,0.000031785009,0.000033489188,0.000034462362,0.000034537122,0.000034925989
97,0.000133897003,0.000134840442,0.000131991071,0.000136786026,0.000138630909,0.000137400987,0.000138630909,0.000137400987,0.000137400987,0.000082353537,0.000083199512,0.000084491554,0.000088389915,0.000093599947,0.000088143581,0.000086106007,0.000089368543,0.000086332989,0.000055270525,0.000054247291,0.000054695229,0.000061272264,0.000061132691,0.000062932524,0.000062024211,0.000060715709,0.000062751508,0.000043036388,0.000042964392,0.000043173549,0.000049727309,0.000050601899,0.000050829014,0.000048698704,0.000050264608,0.000050331238,0.000028230688,0.000029473593,0.000028656820,0.000032685788,0.000031798200,0.000033494202,0.000034462362,0.000034688164,0.000034937827
98,0.000133897003,0.000134840442,0.000131991071,0.000136786026,0.000138630909,0.000137400987,0.000138630909,0.000137400987,0.000137400987,0.000082353537,0.000083570787,0.000084491554,0.000088389915,0.000093599947,0.000088171584,0.000086148835,0.000089389991,0.000086429346,0.000055309008,0.000054247291,0.000054787918,0.000061723992,0.000061132691,0.000062935224,0.000062416454,0.000060715709,0.000062791384,0.000043098080,0.000043018329,0.000043424248,0.000049728950,0.000050637568,0.000050876082,0.000048889203,0.000050264608,0.000050682736,0.000028310989,0.000029538168,0.000028681716,0.000032731467,0.000031976915,0.000033531243,0.000034481005,0.000034797476,0.000035018829
99,0.000133897003,0.000134840442,0.000131991071,0.000136786026,0.000138630909,0.000137400987,0.000138630909,0.000137400987,0.000137400987,0.000082353537,0.000083616521,0.000084491554,0.000088562589,0.000093601827,0.000088171584,0.000086148835,0.000089920594,0.000086429346,0.000055634495,0.000054331089,0.000054900630,0.000061882553,0.000061132691,0.000062935224,0.000062702488,0.000060810553,0.000062847709,0.000043112001,0.000043024100,0.000043439329,0.000049870644,0.000050883988,0.000050886331,0.000048889203,0.000050324941,0.000050789997,0.000028319264,0.000029538168,0.000028694176,0.000032835014,0.000031979283,0.000033533003,0.000034621396,0.000034847322,0.000035018829
100,0.000133897003,0.000134840442,0.000131991071,0.000136786026,0.000138630909,0.000137400987,0.000138630909,0.000137400987,0.000137400987,0.000082353537,0.000083616521,0.000084491554,0.000088897056,0.000093601827,0.000088777817,0.000086307835,0.000089920594,0.000086769366,0.000055634495,0.000054331089,0.000054931755,0.000062050936,0.000061499115,0.000063288069,0.000062754595,0.000060810553,0.000062861007,0.000043155468,0.000043217091,0.000043459741,0.000049900994,0.000050963579,0.000050889191,0.000048900764,0.000050324941,0.000050888154,0.000028348695,0.000029566969,0.000028795439,0.000033036781,0.000032076306,0.000033698883,0.000034863082,0.000034847322,0.000035018935
101,0.000133897003,0.000135126924,0.000132066558,0.000136786026,0.000138630909,0.000137400987,0.000138630909,0.000137400987,0.000137400987,0.000082472866,0.000084177451,0.000084491554,0.000088897056,0.000093601827,0.000088848763,0.000086307835,0.000089920594,0.000086877781,0.000055917625,0.000054397095,0.000054957524,0.000062091737,0.000061585616,0.000063403491,0.000062790520,0.000060810553,0.000062920687,0.000043158672,0.000043242011,0.000043459741,0.000050043391,0.000050963579,0.000050906279,0.000049193601,0.000050421720,0.000051117647,0.000028436290,0.000029566969,0.000028941376,0.000033461509,0.000032093170,0.000033732802,0.000034863082,0.000034847322,0.000035018935
102,0.000133897003,0.000135126924,0.000132066558,0.000136786026,0.000138630909,0.000137400987,0.000138630909,0.000137400987,0.000137400987,0.000082472866,0.000084192176,0.000084491554,0.000089520117,0.000093622501,0.000088941116,0.000086307835,0.000089955994,0.000086877781,0.000055917625,0.000054490164,0.000055011541,0.000062698698,0.000061627225,0.000063403491,0.000062790520,0.000060844593,0.000062920687,0.000043177344,0.000043251063,0.000043609465,0.000050495126,0.000051010810,0.000051025071,0.000049351279,0.000050421720,0.000051385104,0.000028535487,0.000029643921,0.000029118093,0.000033471042,0.000032130990,0.000033862836,0.000034863082,0.000035031592,0.000035018935
103,0.000133897003,0.000135126924,0.000132066558,0.000136786026,0.000138630909,0.000137400987,0.000138630909,0.000137400987,0.000137400987,0.000082595142,0.000084836180,0.000084545847,0.000089602089,0.000093789215,0.000088948701,0.000086307835,0.000090185453,0.000086877781,0.000055936222,0.000054495812,0.000055050448,0.000062698698,0.000061627225,0.000063525339,0.000062886585,0.000060926807,0.000062952863,0.000043177344,0.000043331096,0.000043617684,0.000050584550,0.000051010810,0.000051091201,0.000049556444,0.000050427925,0.000051385104,0.000028605792,0.000029643921,0.000029120295,0.000033501458,0.000032180675,0.000033958740,0.000034863082,0.000035052695,0.000035018935
104,0.000133897003,0.000135126924,0.000132142045,0.000136786026,0.000138630909,0.000137400987,0.000138630909,0.000137400987,0.000137400987,0.000082711545,0.000084836180,0.000084561086,0.000089602089,0.000094357321,0.000089020613,0.000086451270,0.000091142054,0.000086877781,0.000056039163,0.000054735630,0.000055114977,0.000062917276,0.000061882002,0.000063525339,0.000062908029,0.000060935493,0.000063005369,0.000043198237,0.000043357696,0.000043762745,0.000050882935,0.000051228341,0.000051091201,0.000049556444,0.000050749524,0.000051519669,0.000028609850,0.000029696741,0.000029151878,0.000033550402,0.000032205363,0.000034037790,0.000034863082,0.000035073531,0.000035018935
105,0.000133897003,0.000135126924,0.000132142045,0.000136786026,0.000138630909,0.000137400987,0.000138630909,0.000137400987,0.000137400987,0.000082711545,0.000084844337,0.000084806261,0.000090645501,0.000094357321,0.000089030272,0.000086451270,0.000091142054,0.000087201587,0.000056039163,0.000054735630,0.000055365330,0.000063626836,0.000061988373,0.000063721519,0.000062983174,0.000061059284,0.000063058657,0.000043355625,0.000043361402,0.000043893188,0.000050886195,0.000051315193,0.000051112498,0.000049556444,0.000050916254,0.000051603102,0.000028647527,0.000029716427,0.000029151878,0.000033616778,0.000032218212,0.000034073090,0.000035046932,0.000035098949,0.000035018935
106,0.000133897003,0.000135126924,0.000132142045,0.000136786026,0.000138630909,0.000137400987,0.000138630909,0.000137400987,0.000137400987,0.000082782807,0.000085716202,0.000084806261,0.000090762504,0.000094551741,0.000089030272,0.000086764412,0.000091223084,0.000087208591,0.000056105947,0.000054739183,0.000055426585,0.000063628085,0.000061998143,0.000063724087,0.000063323485,0.000061059284,0.000063058657,0.000043400562,0.000043539678,0.000043961988,0.000050886195,0.000051333209,0.000051145981,0.000049581004,0.000050916254,0.000052248433,0.000028654587,0.000029748276,0.000029190233,0.000033688295,0.000032252914,0.000034113879,0.000035046932,0.000035137051,0.000035080345
107,0.000133897003,0.000135126924,0.000132142045,0.000136786026,0.000138630909,0.000137400987,0.000138630909,0.000137400987,0.000137400987,0.000082873547,0.000085823322,0.000084806261,0.000090790984,0.000094551741,0.000089117497,0.000086764412,0.000091223084,0.000087332839,0.000056175824,0.000054948391,0.000055460503,0.000063634584,0.000063048747,0.000063733514,0.000063613753,0.000061208573,0.000063082664,0.000043417751,0.000043790554,0.000044094226,0.000050921357,0.000051498382,0.000051188445,0.000050079065,0.000051038890,0.000052383732,0.000028686523,0.000029860149,0.000029227044,0.000033736542,0.000032375677,0.000034224989,0.000035115015,0.000035162000,0.000035120938
108,0.000133897003,0.000135126924,0.000132142045,0.000136786026,0.000138662887,0.000137400987,0.000138630909,0.000137400987,0.000137400987,0.000082957369,0.000085983809,0.000084843870,0.000091928270,0.000094551741,0.000089414770,0.000086764412,0.000091270922,0.000087388340,0.000056175824,0.000054981553,0.000055508258,0.000063657873,0.000063107764,0.000063748419,0.000063650128,0.000061304931,0.000063300396,0.000043525866,0.000043910841,0.000044252395,0.000051010608,0.000051561372,0.000051209934,0.000050114543,0.000051038890,0.000052719102,0.000028739086,0.000029994943,0.000029349292,0.000034125216,0.000032448950,0.000034225326,0.000035115015,0.000035162000,0.000035140491
109,0.000133897003,0.000135126924,0.000132142045,0.000136786026,0.000138662887,0.000137400987,0.000138630909,0.000137400987,0.000137400987,0.000082957369,0.000085983809,0.000084843870,0.000091928270,0.000094551741,0.000089414770,0.000086764412,0.000091270922,0.000087388340,0.000056191916,0.000055026594,0.000055564646,0.000063856115,0.000063640216,0.000063812244,0.000063650128,0.000061378100,0.000063311289,0.000043525866,0.000044093386,0.000044299609,0.000051110719,0.000051690431,0.000051228071,0.000050114543,0.000051038890,0.000052848032,0.000028783785,0.000029997022,0.000029441919,0.000034136146,0.000032451012,0.000034413907,0.000035145644,0.000035453681,0.000035140491
110,0.000133897003,0.000135126924,0.000132142045,0.000136786026,0.000138662887,0.000137400987,0.000138630909,0.000137400987,0.000137400987,0.000082957369,0.000086441878,0.000084843870,0.000092073939,0.000094835166,0.000089414770,0.000086764412,0.000091270922,0.000088435523,0.000056198577,0.000055040965,0.000055680095,0.000063923933,0.000063780727,0.000064387247,0.000063650128,0.000061514151,0.000063311289,0.000043566340,0.000044138795,0.000044543069,0.000051110719,0.000051776760,0.000051310501,0.000050143288,0.000051053577,0.000053058783,0.000028949231,0.000030007411,0.000029533339,0.000034213605,0.000032459160,0.000034442296,0.000035183983,0.000035453681,0.000035140491
111,0.000133897003,0.000135126924,0.000132142045,0.000136786026,0.000138662887,0.000137400987,0.000138630909,0.000137400987,0.000137400987,0.000082971219,0.000086441878,0.000084855443,0.000092073939,0.000094835166,0.000089466014,0.000086901893,0.000091312706,0.000088435523,0.000056266725,0.000055042564,0.000056012013,0.000063970419,0.000063945455,0.000064596427,0.000063694704,0.000061525494,0.000063311289,0.000043588709,0.000044233701,0.000044566785,0.000051212790,0.000052029484,0.000051544127,0.000050271058,0.000051086968,0.000053175149,0.000029079131,0.000030010628,0.000029808071,0.000034271870,0.000032459160,0.000034536672,0.000035183983,0.000035560382,0.000035196303
112,0.000133897003,0.000135126924,0.000132142045,0.000136786026,0.000138959387,0.000137400987,0.000138630909,0.000137400987,0.000137400987,0.000082971219,0.000086441878,0.000084855443,0.000092347621,0.000095271239,0.000089494068,0.000086968509,0.000091410648,0.000088449973,0.000056300312,0.000055144527,0.000056012013,0.000064227638,0.000064339520,0.000064761194,0.000063694704,0.000061581183,0.000063492936,0.000043732546,0.000044294842,0.000044577817,0.000051391480,0.000052134315,0.000051603472,0.000050271058,0.000051086968,0.000053348376,0.000029079131,0.000030010628,0.000029833815,0.000034272099,0.000032478383,0.000034558766,0.000035618268,0.000035625261,0.000035207157
113,0.000133897003,0.000135126924,0.000132142045,0.000136786026,0.000138959387,0.000137400987,0.000138630909,0.000137400987,0.000137400987,0.000082971219,0.000086443693,0.000084855443,0.000092433864,0.000095457399,0.000090038992,0.000087043228,0.000091566497,0.000088472357,0.000056309527,0.000055179153,0.000056143654,0.000064360461,0.000064517587,0.000064763843,0.000064030704,0.000061749629,0.000063492936,0.000043743968,0.000044294842,0.000044596193,0.000051409555,0.000052137949,0.000051677006,0.000050333427,0.000051086968,0.000053362005,0.000029085766,0.000030067721,0.000029880228,0.000034298340,0.000032540155,0.000034558766,0.000035691596,0.000035635448,0.000035207157
114,0.000133897003,0.000135126924,0.000132142045,0.000136786026,0.000138959387,0.000137400987,0.000138630909,0.000137400987,0.000137400987,0.000083192932,0.000086464997,0.000084855443,0.000092474102,0.000095457399,0.000090038992,0.000087043228,0.000091726734,0.000088472357,0.000056531066,0.000055563453,0.000056254804,0.000064498800,0.000064518859,0.000064790129,0.000064037653,0.000062267131,0.000063492936,0.000044033594,0.000044352216,0.000044596193,0.000051544568,0.000052189144,0.000051862454,0.000050333427,0.000051086968,0.000053362005,0.000029125890,0.000030069806,0.000029886118,0.000034361533,0.000032553663,0.000034615736,0.000035797057,0.000035644735,0.000035259664
115,0.000133897003,0.000135126924,0.000132142045,0.000136786026,0.000139245869,0.000137400987,0.000138630909,0.000137400987,0.000137400987,0.000084053687,0.000086464997,0.000084929594,0.000092687682,0.000095457399,0.000090671748,0.000087043228,0.000091733809,0.000088472357,0.000056586433,0.000055592629,0.000056616312,0.000064580506,0.000064757851,0.000064790129,0.000064227730,0.000062595928,0.000063495890,0.000044033594,0.000044422616,0.000044664214,0.000051602277,0.000052283974,0.000052100975,0.000050435574,0.000051086968,0.000053496302,0.000029245898,0.000030110016,0.000029914815,0.000034363658,0.000032553663,0.000034644697,0.000036054483,0.000035784850,0.000035259664
116,0.000133897003,0.000135126924,0.000132142045,0.000136786026,0.000139245869,0.000137400987,0.000138630909,0.000137400987,0.000137400987,0.000084179465,0.000086464997,0.000084929594,0.000092872707,0.000095457399,0.000090708062,0.000087043228,0.000091733809,0.000088980539,0.000056616947,0.000055805473,0.000056693537,0.000064816045,0.000064909015,0.000064820312,0.000064316322,0.000062958897,0.000063506574,0.000044057404,0.000044520403,0.000044681359,0.000051666735,0.000052298684,0.000052269382,0.000050435574,0.000051086968,0.000053496302,0.000029386892,0.000030110016,0.000029918279,0.000034376479,0.000032593344,0.000034724559,0.000036054483,0.000035804247,0.000035259664
117,0.000133897003,0.000135126924,0.000132142045,0.000136786026,0.000139245869,0.000137400987,0.000138630909,0.000137400987,0.000137432965,0.000085243666,0.000086508258,0.000085366062,0.000092872707,0.000095457399,0.000090740737,0.000087208028,0.000091998510,0.000089045777,0.000056681953,0.000055805473,0.000056818888,0.000064816045,0.000064967904,0.000064836721,0.000064316322,0.000063013134,0.000063967208,0.000044152307,0.000044703822,0.000044770859,0.000051693491,0.000052485921,0.000052339342,0.000050748678,0.000051086968,0.000053709045,0.000029386892,0.000030270038,0.000029979376,0.000034588175,0.000032637726,0.000034926706,0.000036054483,0.000035841043,0.000035322370
118,0.000133897003,0.000135126924,0.000132142045,0.000136786026,0.000139245869,0.000137400987,0.000138630909,0.000137400987,0.000137432965,0.000085429559,0.000086508258,0.000085470181,0.000092872707,0.000095869724,0.000090740737,0.000087324381,0.000092023347,0.000089060144,0.000056681953,0.000055805473,0.000056830683,0.000065268187,0.000065028919,0.000064836721,0.000064419737,0.000063013134,0.000064111764,0.000044254267,0.000044721386,0.000044770859,0.000051756189,0.000052680007,0.000052353735,0.000050801081,0.000051086968,0.000053709045,0.000029517059,0.000030437039,0.000030200063,0.000034649134,0.000032648765,0.000034996970,0.000036058989,0.000035841043,0.000035440756
119,0.000133897003,0.000135126924,0.000132142045,0.000136786026,0.000139245869,0.000137400987,0.000138630909,0.000137400987,0.000137432965,0.000085475001,0.000086508258,0.000085470181,0.000092959209,0.000095869724,0.000090769810,0.000087324381,0.000092023347,0.000089355442,0.000056749107,0.000056227037,0.000056866513,0.000065300772,0.000065028919,0.000064919228,0.000064426749,0.000063013134,0.000064224805,0.000044254267,0.000044764179,0.000044770859,0.000051827703,0.000052686353,0.000052356123,0.000050801081,0.000051327974,0.000053865474,0.000029601583,0.000030475397,0.000030228207,0.000034695148,0.000032660315,0.000034997565,0.000036065339,0.000035983870,0.000035440756
120,0.000133897003,0.000135126924,0.000132142045,0.000136786026,0.000139245869,0.000137400987,0.000138630909,0.000137400987,0.000137432965,0.000085475001,0.000086573451,0.000085609714,0.000093349208,0.000095935477,0.000090769810,0.000087324381,0.000092023347,0.000089390590,0.000056749107,0.000056298261,0.000056866513,0.000065321262,0.000065039461,0.000065037061,0.000064509109,0.000063252114,0.000064486058,0.000044254267,0.000044809990,0.000044770859,0.000051923250,0.000052686353,0.000052356123,0.000050801081,0.000051374794,0.000054324963,0.000029643763,0.000030494269,0.000030306791,0.000034696923,0.000032667331,0.000035032559,0.000036247825,0.000036006782,0.000035765737
121,0.000133897003,0.000135126924,0.000132142045,0.000136786026,0.000139245869,0.000137400987,0.000138630909,0.000137400987,0.000137432965,0.000085591979,0.000086573451,0.000085685276,0.000093349208,0.000095935477,0.000090769810,0.000087324381,0.000092162008,0.000089408618,0.000056786199,0.000056298261,0.000056866513,0.000065386122,0.000065044765,0.000065157173,0.000064524613,0.000063621771,0.000064533648,0.000044274393,0.000044809990,0.000044883321,0.000052062535,0.000052889419,0.000052391208,0.000051199550,0.000051374794,0.000054375031,0.000029758667,0.000030541878,0.000030485550,0.000034745661,0.000032715956,0.000035060857,0.000036248933,0.000036187806,0.000035765737
122,0.000133897003,0.000135126924,0.000132142045,0.000136786026,0.000139245869,0.000137400987,0.000138630909,0.000137400987,0.000137432965,0.000085591979,0.000086573451,0.000085750599,0.000093745673,0.000096018293,0.000090801260,0.000087339450,0.000092162008,0.000089539505,0.000056912448,0.000056300568,0.000056876714,0.000065449411,0.000065062606,0.000065157173,0.000064550373,0.000063701191,0.000064744276,0.000044357885,0.000044812283,0.000044932758,0.000052349888,0.000052944630,0.000052421226,0.000051199550,0.000051374794,0.000054375031,0.000029864491,0.000030544898,0.000030496786,0.000034853608,0.000032731785,0.000035060857,0.000036273067,0.000036209496,0.000035781185
123,0.000133897003,0.000135126924,0.000132142045,0.000136786026,0.000139245869,0.000137400987,0.000138630909,0.000137400987,0.000137432965,0.000085676626,0.000086573451,0.000085750599,0.000093745673,0.000096032881,0.000090910243,0.000087339450,0.000092168589,0.000089599839,0.000057020388,0.000056386120,0.000056952779,0.000065481417,0.000065071688,0.000065304691,0.000064584239,0.000063962391,0.000064843982,0.000044361979,0.000044833426,0.000044972724,0.000052349888,0.000052989418,0.000052466845,0.000051234052,0.000051385579,0.000054551986,0.000029900525,0.000030611563,0.000030507479,0.000034917920,0.000032918426,0.000035311675,0.000036273067,0.000036209496,0.000035781185
124,0.000133897003,0.000135126924,0.000132142045,0.000136786026,0.000139245869,0.000137400987,0.000138630909,0.000137400987,0.000137432965,0.000085695706,0.000086921279,0.000085751073,0.000093745673,0.000096032881,0.000091470413,0.000087354037,0.000092231243,0.000089747280,0.000057417997,0.000056555516,0.000056952779,0.000065510253,0.000065334848,0.000065324419,0.000064705364,0.000064175659,0.000064869924,0.000044361979,0.000044884694,0.000045008775,0.000052367165,0.000053037290,0.000052628727,0.000051234052,0.000051385579,0.000054670500,0.000030014689,0.000030884159,0.000030515005,0.000034957762,0.000033157444,0.000035311767,0.000036273067,0.000036209496,0.000035858881
125,0.000133897003,0.000135126924,0.000132142045,0.000136786026,0.000139245869,0.000137400987,0.000138630909,0.000137400987,0.000137432965,0.000086229779,0.000086921279,0.000085766840,0.000094096623,0.000096288987,0.000091470413,0.000088166019,0.000092277285,0.000089842265,0.000057444224,0.000056585489,0.000056952779,0.000065574183,0.000065564913,0.000065443373,0.000064744341,0.000064393758,0.000064869924,0.000044493972,0.000045135072,0.000045058683,0.000052533362,0.000053038848,0.000052869488,0.000051312144,0.000051545044,0.000054992427,0.000030035991,0.000030894695,0.000030555671,0.000035010130,0.000033259006,0.000035326910,0.000036273067,0.000036228386,0.000035858881
126,0.000133897003,0.000135126924,0.000132142045,0.000136786026,0.000139245869,0.000137400987,0.000138630909,0.000137400987,0.000137432965,0.000086352616,0.000086931308,0.000085766840,0.000094096623,0.000097055436,0.000091646231,0.000088166019,0.000092311048,0.000089842265,0.000057534437,0.000056627186,0.000056952779,0.000065606885,0.000065606250,0.000065463556,0.000064769874,0.000064497380,0.000064883175,0.000044493972,0.000045294545,0.000045098391,0.000052587957,0.000053068593,0.000053019854,0.000051329633,0.000051592335,0.000055319220,0.000030162736,0.000030952945,0.000030562377,0.000035118035,0.000033280053,0.000035326910,0.000036273067,0.000036228386,0.000035944454
127,0.000133897003,0.000135126924,0.000132142045,0.000136786026,0.000139245869,0.000137400987,0.000138630909,0.000137400987,0.000137729465,0.000086352616,0.000086931308,0.000085839203,0.000094096623,0.000097055436,0.000091646231,0.000088225431,0.000092324667,0.000089914669,0.000057613060,0.000056661594,0.000057026041,0.000065698039,0.000065679037,0.000065478356,0.000064812332,0.000064576096,0.000065057214,0.000044513720,0.000045360274,0.000045242460,0.000052587957,0.000053068593,0.000053060077,0.000051329633,0.000051632317,0.000055503294,0.000030204648,0.000030952945,0.000030616969,0.000035226848,0.000033345985,0.000035491950,0.000036273067,0.000036662042,0.000035944454
128,0.000133897003,0.000135126924,0.000132142045,0.000136786026,0.000139245869,0.000137400987,0.000138630909,0.000137432965,0.000138015948,0.000086492272,0.000086931308,0.000085839203,0.000094385768,0.000097114713,0.000091958198,0.000088225431,0.000092324667,0.000089914669,0.000057630668,0.000056714970,0.000057026041,0.000065731891,0.000065740034,0.000065628615,0.000064918408,0.000064644934,0.000065201717,0.000044735412,0.000045534210,0.000045242460,0.000052710145,0.000053068593,0.000053062483,0.000051338578,0.000051770600,0.000055815285,0.000030204648,0.000031029580,0.000030620806,0.000035272238,0.000033354497,0.000035512668,0.000036273067,0.000036717855,0.000035944454
129,0.000133897003,0.000135126924,0.000132142045,0.000136786026,0.000139245869,0.000137400987,0.000138630909,0.000137432965,0.000138015948,0.000086508308,0.000086931308,0.000085839203,0.000094984393,0.000097114713,0.000092069833,0.000088225431,0.000092344010,0.000090075420,0.000057630668,0.000056780725,0.000057270648,0.000065977132,0.000065859473,0.000065763750,0.000064918408,0.000064644934,0.000065213669,0.000044771826,0.000045581371,0.000045336625,0.000052844114,0.000053077873,0.000053112202,0.000051393723,0.000051770600,0.000055815285,0.000030243481,0.000031037292,0.000030665211,0.000035385262,0.000033420872,0.000035568186,0.000036395557,0.000036725598,0.000035986329
130,0.000133897003,0.000135126924,0.000132142045,0.000136786026,0.000139245869,0.000137400987,0.000138630909,0.000137432965,0.000138015948,0.000086508308,0.000086931506,0.000086074639,0.000094984393,0.000097114713,0.000092069833,0.000088225431,0.000092455495,0.000090086831,0.000057630668,0.000056885080,0.000057284430,0.000066081798,0.000065993424,0.000066155565,0.000064932521,0.000064738664,0.000065215608,0.000044797233,0.000045585447,0.000045393747,0.000052999111,0.000053317211,0.000053279960,0.000051393723,0.000052014433,0.000056104369,0.000030379588,0.000031154019,0.000030700784,0.000035415749,0.000033457479,0.000035580570,0.000036395557,0.000036732004,0.000036115071
131,0.000133897003,0.000135126924,0.000132500800,0.000136786026,0.000139245869,0.000137400987,0.000138630909,0.000137432965,0.000138015948,0.000086508308,0.000086931506,0.000086074639,0.000095949686,0.000097183187,0.000092083554,0.000088225431,0.000092947393,0.000090407140,0.000057903574,0.000056885080,0.000057284430,0.000066236404,0.000065996208,0.000066289731,0.000065139004,0.000064765494,0.000065215608,0.000044797233,0.000045585859,0.000045419934,0.000053031734,0.000053323722,0.000053429123,0.000051485775,0.000052055928,0.000056174694,0.000030437269,0.000031180562,0.000030708603,0.000035466218,0.000033642128,0.000035597804,0.000036535348,0.000036808337,0.000036172999
132,0.000133897003,0.000135126924,0.000132500800,0.000136786026,0.000139245869,0.000137400987,0.000138630909,0.000137729465,0.000138015948,0.000086892933,0.000087025214,0.000086074639,0.000096121122,0.000097217788,0.000092083554,0.000088225431,0.000092964708,0.000090544955,0.000057992072,0.000056885080,0.000057284430,0.000066309814,0.000066242085,0.000066289731,0.000065211740,0.000064921280,0.000065248371,0.000044890048,0.000045626416,0.000045691506,0.000053074774,0.000053500811,0.000053526428,0.000051485775,0.000052247210,0.000056421497,0.000030568537,0.000031231731,0.000030718067,0.000035466218,0.000033681710,0.000035633736,0.000036601536,0.000036830024,0.000036172999
133,0.000133897003,0.000135126924,0.000132500800,0.000136786026,0.000139245869,0.000137400987,0.000138630909,0.000137729465,0.000138015948,0.000087146753,0.000087587612,0.000086074639,0.000096154259,0.000097560128,0.000092083554,0.000088225431,0.000092964708,0.000090575834,0.000057992072,0.000056885080,0.000057311497,0.000066329591,0.000066242085,0.000066662024,0.000065367591,0.000064988354,0.000065248371,0.000044928598,0.000045745381,0.000045730305,0.000053118571,0.000053565951,0.000053597198,0.000051485775,0.000052247210,0.000056479525,0.000030588452,0.000031301013,0.000030718067,0.000035521812,0.000033735942,0.000035688384,0.000036850725,0.000036843994,0.000036172999
134,0.000133897003,0.000135126924,0.000132500800,0.000136786026,0.000139245869,0.000137400987,0.000138630909,0.000137729465,0.000138015948,0.000087146753,0.000087687585,0.000086153672,0.000096154259,0.000097625156,0.000092107248,0.000088900438,0.000092971400,0.000090575834,0.000058046751,0.000056885080,0.000057447405,0.000066487414,0.000066260791,0.000067218017,0.000065367591,0.000064988354,0.000065316644,0.000044928714,0.000045774920,0.000046128701,0.000053262846,0.000053658796,0.000053597198,0.000051535433,0.000052247210,0.000056569979,0.000030718674,0.000031301013,0.000030736678,0.000035587327,0.000033794057,0.000035695867,0.000036867945,0.000036843994,0.000036213088
135,0.000133897003,0.000135126924,0.000132500800,0.000136786026,0.000139245869,0.000137400987,0.000138630909,0.000137729465,0.000138015948,0.000087228856,0.000087687585,0.000086153672,0.000096154259,0.000097753132,0.000092230377,0.000088900438,0.000092971400,0.000090575834,0.000058122176,0.000056885080,0.000057480882,0.000066494589,0.000066278836,0.000067234135,0.000065367591,0.000065276922,0.000065316644,0.000044963608,0.000045803878,0.000046194262,0.000053263320,0.000053689944,0.000053671355,0.000051569791,0.000052370162,0.000056583268,0.000030742113,0.000031375688,0.000030789749,0.000035671212,0.000033797010,0.000035742865,0.000036918392,0.000036843994,0.000036230548
136,0.000133897003,0.000135126924,0.000132576884,0.000136786026,0.000139245869,0.000137400987,0.000138630909,0.000138015948,0.000138015948,0.000087228856,0.000087716243,0.000086153672,0.000096221895,0.000097778592,0.000092230377,0.000088900438,0.000093368615,0.000090583104,0.000058280779,0.000056885080,0.000057480882,0.000066524721,0.000066315769,0.000067276466,0.000065393588,0.000065302661,0.000065672226,0.000044991144,0.000045853607,0.000046244188,0.000053263320,0.000053690576,0.000053671355,0.000051692663,0.000052370162,0.000056594480,0.000030760535,0.000031488643,0.000030804605,0.000035671212,0.000033900712,0.000035742865,0.000036944691,0.000036884623,0.000036235750
137,0.000133897003,0.000135126924,0.000132576884,0.000136786026,0.000139245869,0.000137400987,0.000138630909,0.000138015948,0.000138015948,0.000087405466,0.000088112032,0.000086153672,0.000096221895,0.000097848956,0.000092230377,0.000089052655,0.000093521906,0.000090583104,0.000058498072,0.000056885080,0.000057581774,0.000066533642,0.000066331459,0.000067276466,0.000065393588,0.000065349303,0.000065672226,0.000045102020,0.000045872462,0.000046244188,0.000053565658,0.000053800184,0.000053846114,0.000051710152,0.000052558307,0.000056595301,0.000030807273,0.000031499646,0.000030804605,0.000035710980,0.000033915006,0.000035872754,0.000037010374,0.000036884623,0.000036310941
138,0.000133897003,0.000135126924,0.000132576884,0.000136786026,0.000139245869,0.000137400987,0.000138630909,0.000138015948,0.000138015948,0.000087405466,0.000088112032,0.000086239680,0.000096326604,0.000097848956,0.000092230377,0.000089052655,0.000093521906,0.000090657189,0.000058563161,0.000056885080,0.000057581774,0.000066845446,0.000066331459,0.000067336501,0.000065425198,0.000065533849,0.000065842135,0.000045116631,0.000045998161,0.000046449611,0.000053627789,0.000053841506,0.000053846114,0.000051722453,0.000052558307,0.000056749810,0.000030807273,0.000031499646,0.000030830306,0.000035721194,0.000033931552,0.000035899056,0.000037010374,0.000036974258,0.000036316493
139,0.000133897003,0.000135126924,0.000132576884,0.000136786026,0.000139245869,0.000137400987,0.000138630909,0.000138015948,0.000138015948,0.000087405466,0.000088112032,0.000086239680,0.000096353520,0.000097848956,0.000092277808,0.000089070234,0.000093600870,0.000090657189,0.000058777165,0.000056885080,0.000057613769,0.000066871976,0.000066432471,0.000067389868,0.000065463185,0.000065533849,0.000065947379,0.000045134038,0.000045998161,0.000046477212,0.000053752506,0.000053892273,0.000053846114,0.000051722453,0.000052626223,0.000056925106,0.000030853048,0.000031602258,0.000030859378,0.000035813167,0.000033946996,0.000035958545,0.000037010374,0.000036996365,0.000036336743
140,0.000133897003,0.000135126924,0.000132576884,0.000136786026,0.000139245869,0.000137400987,0.000138630909,0.000138015948,0.000138015948,0.000087405466,0.000088166903,0.000086239680,0.000096983570,0.000098368744,0.000092283322,0.000089070234,0.000093607778,0.000090699185,0.000059130272,0.000056903220,0.000057614661,0.000066899528,0.000066717424,0.000067454379,0.000065634057,0.000065557477,0.000065947379,0.000045183265,0.000046012668,0.000046477212,0.000053770778,0.000053912199,0.000053943682,0.000051722453,0.000052626223,0.000056925106,0.000030949596,0.000031639706,0.000030875769,0.000035912011,0.000034032945,0.000036025571,0.000037010374,0.000037154203,0.000036336743
141,0.000133897003,0.000135126924,0.000132576884,0.000136786026,0.000139245869,0.000137400987,0.000138630909,0.000138015948,0.000138015948,0.000087405466,0.000088403119,0.000086239680,0.000096990795,0.000098439329,0.000092283322,0.000089070234,0.000093607778,0.000090921197,0.000059342434,0.000056946930,0.000057614661,0.000066899528,0.000066717424,0.000067454379,0.000065639286,0.000065557477,0.000065998859,0.000045322905,0.000046314387,0.000046722624,0.000053791653,0.000054085904,0.000053963965,0.000051722453,0.000052645717,0.000056984953,0.000030960668,0.000031754789,0.000030943510,0.000035922552,0.000034085270,0.000036025571,0.000037040138,0.000037169168,0.000036336743
142,0.000133897003,0.000135126924,0.000132576884,0.000136786026,0.000139245869,0.000137400987,0.000138630909,0.000138015948,0.000138015948,0.000087405466,0.000088403119,0.000086886059,0.000097031888,0.000098439329,0.000092283322,0.000089088158,0.000093607778,0.000090941293,0.000059612239,0.000056946930,0.000057614661,0.000066925740,0.000066795097,0.000067469471,0.000065639286,0.000065634627,0.000066074436,0.000045365885,0.000046319306,0.000046883755,0.000053998906,0.000054758154,0.000054094916,0.000051772057,0.000052896791,0.000056984953,0.000031021536,0.000031788164,0.000030955021,0.000035995802,0.000034217074,0.000036036997,0.000037040138,0.000037202099,0.000036336743
143,0.000133897003,0.000135126924,0.000132576884,0.000136786026,0.000139245869,0.000137400987,0.000138630909,0.000138015948,0.000138015948,0.000087437410,0.000088403119,0.000086952676,0.000097031888,0.000098600971,0.000092283322,0.000089112933,0.000093673919,0.000090941293,0.000059660720,0.000057123333,0.000057661035,0.000067296420,0.000066800592,0.000067846691,0.000065828763,0.000065637821,0.000066117179,0.000045396219,0.000046401918,0.000047194066,0.000054244687,0.000054788540,0.000054141904,0.000052147236,0.000052896791,0.000057072323,0.000031097437,0.000031801863,0.000030967088,0.000035995802,0.000034299638,0.000036057806,0.000037040138,0.000037218104,0.000036375522
144,0.000133897003,0.000135126924,0.000132576884,0.000136786026,0.000139245869,0.000137400987,0.000138630909,0.000138015948,0.000138015948,0.000087437410,0.000088420606,0.000086952676,0.000097033546,0.000098600971,0.000092283322,0.000089777520,0.000093738216,0.000091180128,0.000059660720,0.000057183635,0.000057674486,0.000067348859,0.000066800592,0.000067846691,0.000065940457,0.000065649440,0.000066117179,0.000045444223,0.000046471044,0.000047194066,0.000054545487,0.000054880782,0.000054171301,0.000052147236,0.000052896791,0.000057072323,0.000031115843,0.000031803530,0.000030991388,0.000036296041,0.000034305019,0.000036174799,0.000037106047,0.000037219835,0.000036375522
145,0.000133897003,0.000135126924,0.000132576884,0.000136786026,0.000139245869,0.000137400987,0.000138630909,0.000138015948,0.000138015948,0.000087437410,0.000088420606,0.000087088000,0.000097033546,0.000098653593,0.000092333572,0.000090615628,0.000093738216,0.000091180128,0.000059763594,0.000057183635,0.000057688141,0.000067348859,0.000066800592,0.000067908423,0.000065940457,0.000065649440,0.000066259251,0.000045545342,0.000046475229,0.000047244829,0.000054581853,0.000054944899,0.000054243166,0.000052147236,0.000052900423,0.000057072323,0.000031161331,0.000031847758,0.000030991388,0.000036335832,0.000034352381,0.000036317054,0.000037149475,0.000037222982,0.000036382908
146,0.000133897003,0.000135126924,0.000132576884,0.000136786026,0.000139245869,0.000137400987,0.000138630909,0.000138015948,0.000138015948,0.000087528409,0.000088952401,0.000087244183,0.000097076663,0.000098707624,0.000092543956,0.000090808679,0.000093758306,0.000091238695,0.000059793434,0.000057183635,0.000057690090,0.000067363620,0.000066851119,0.000067939372,0.000065940457,0.000065649440,0.000066273264,0.000045718281,0.000046587329,0.000047244829,0.000054581853,0.000055008417,0.000054386543,0.000052147943,0.000052906234,0.000057193050,0.000031228850,0.000031884449,0.000031013273,0.000036420558,0.000034352381,0.000036356070,0.000037149475,0.000037255121,0.000036425985
147,0.000133897003,0.000135126924,0.000132576884,0.000136786026,0.000139245869,0.000137400987,0.000138630909,0.000138015948,0.000138015948,0.000087558974,0.000088952401,0.000087244183,0.000097076663,0.000098957180,0.000092543956,0.000090808679,0.000093776969,0.000091238695,0.000059977590,0.000057201750,0.000057703685,0.000067489832,0.000066952639,0.000068129340,0.000065951968,0.000065663277,0.000066282269,0.000045739800,0.000046766105,0.000047294130,0.000054649450,0.000055031713,0.000054495910,0.000052156934,0.000052906234,0.000057241238,0.000031268666,0.000031907790,0.000031056635,0.000036429128,0.000034558497,0.000036380955,0.000037149475,0.000037273899,0.000036425985
148,0.000133897003,0.000135126924,0.000132576884,0.000136786026,0.000139245869,0.000137400987,0.000138630909,0.000138015948,0.000138015948,0.000087694115,0.000089487885,0.000087265415,0.000097611525,0.000098957180,0.000093278649,0.000091032328,0.000093820849,0.000091238695,0.000060177169,0.000057269516,0.000057703685,0.000067490833,0.000066996684,0.000068129566,0.000065951968,0.000065860827,0.000066282269,0.000045745284,0.000046894163,0.000047306258,0.000054688160,0.000055073630,0.000054506710,0.000052695488,0.000052968859,0.000057262509,0.000031268666,0.000031952669,0.000031074749,0.000036467834,0.000034558497,0.000036440800,0.000037156710,0.000037273899,0.000036572563
149,0.000133897003,0.000135126924,0.000132576884,0.000136786026,0.000139245869,0.000137400987,0.000138630909,0.000138015948,0.000138015948,0.000087694115,0.000089487885,0.000087265570,0.000098183492,0.000099028563,0.000093368664,0.000091170243,0.000094051138,0.000091273025,0.000060177169,0.000057497262,0.000057739484,0.000067547473,0.000067076611,0.000068129566,0.000066384451,0.000065860827,0.000066282269,0.000045745284,0.000047006826,0.000047453704,0.000055158597,0.000055073630,0.000054550550,0.000052695488,0.000053018330,0.000057413242,0.000031382297,0.000031971985,0.000031088368,0.000036485348,0.000034559961,0.000036456722,0.000037323332,0.000037341017,0.000036572563
150,0.000133897003,0.000135126924,0.000132576884,0.000136786026,0.000139245869,0.000137400987,0.000138630909,0.000138015948,0.000138015948,0.000088256089,0.000089487885,0.000087265570,0.000098183492,0.000099236021,0.000093368664,0.000091505294,0.000094051138,0.000091273025,0.000060180722,0.000057497262,0.000057854851,0.000067559452,0.000067076611,0.000068140708,0.000066465994,0.000065860827,0.000066315494,0.000045837357,0.000047042035,0.000047453704,0.000055323444,0.000055157946,0.000054733445,0.000052706427,0.000053024299,0.000057413242,0.000031382297,0.000031981627,0.000031117637,0.000036511729,0.000034581745,0.000036666071,0.000037323332,0.000037341017,0.000036572563
151,0.000133897003,0.000135126924,0.000132576884,0.000136786026,0.000139245869,0.000137400987,0.000138630909,0.000138015948,0.000138015948,0.000088256089,0.000089487885,0.000087265570,0.000098200872,0.000099236021,0.000093868103,0.000091505294,0.000094070078,0.000091273025,0.000060368803,0.000057497262,0.000057854851,0.000067598228,0.000067076611,0.000068235373,0.000066465994,0.000065951254,0.000066435464,0.000045843157,0.000047626154,0.000047520681,0.000055365117,0.000055250736,0.000054733445,0.000052706427,0.000053024299,0.000057413242,0.000031484774,0.000031997018,0.000031125652,0.000036521118,0.000034594570,0.000036699046,0.000037323332,0.000037385323,0.000036939907
152,0.000133897003,0.000135126924,0.000132576884,0.000136786026,0.000139245869,0.000137400987,0.000138630909,0.000138015948,0.000138015948,0.000088368029,0.000089640148,0.000087265570,0.000098200872,0.000099309048,0.000093868103,0.000091672598,0.000094118683,0.000091304389,0.000060368803,0.000057622547,0.000057974632,0.000067825305,0.000067076611,0.000068235373,0.000066589349,0.000065951254,0.000066555417,0.000045843157,0.000047626154,0.000047520681,0.000055375683,0.000055315281,0.000054795191,0.000052722892,0.000053033461,0.000057416040,0.000031649876,0.000032046279,0.000031230914,0.000036530329,0.000034613831,0.000036774158,0.000037323332,0.000037393537,0.000036977127
153,0.000133897003,0.000135126924,0.000132576884,0.000136786026,0.000139245869,0.000137400987,0.000138630909,0.000138015948,0.000138015948,0.000088368029,0.000089640148,0.000087265570,0.000098200872,0.000099309048,0.000093868103,0.000091687075,0.000094118683,0.000091683005,0.000060431128,0.000057630665,0.000057987397,0.000068139175,0.000067412584,0.000068241063,0.000066589349,0.000065951254,0.000066806777,0.000045876178,0.000047626154,0.000047521196,0.000055489393,0.000055315281,0.000055165044,0.000052732276,0.000053033461,0.000057416040,0.000031657824,0.000032060007,0.000031237773,0.000036548034,0.000034618812,0.000036796672,0.000037521319,0.000037432031,0.000036977127
154,0.000133897003,0.000135126924,0.000132576884,0.000136786026,0.000139245869,0.000137400987,0.000138630909,0.000138015948,0.000138015948,0.000088436621,0.000089640148,0.000087294347,0.000098200872,0.000099309048,0.000093868103,0.000091893711,0.000094118683,0.000091683005,0.000060431392,0.000057668510,0.000057987397,0.000068139175,0.000067422567,0.000068309415,0.000066589349,0.000065951254,0.000066806777,0.000045932666,0.000047797964,0.000047572557,0.000055489393,0.000055315281,0.000055222715,0.000052732276,0.000053033461,0.000057416040,0.000031680251,0.000032090280,0.000031306748,0.000036580676,0.000034729476,0.000036963787,0.000037521319,0.000037695241,0.000036983515
155,0.000133897003,0.000135126924,0.000132576884,0.000136786026,0.000139245869,0.000137400987,0.000138630909,0.000138015948,0.000138015948,0.000088436621,0.000089640148,0.000087303996,0.000098200872,0.000099309048,0.000093868103,0.000091893711,0.000094118683,0.000091683005,0.000060545148,0.000057668510,0.000057987397,0.000068139175,0.000067986954,0.000068324359,0.000066604098,0.000065996583,0.000066876196,0.000045966721,0.000047803897,0.000047572557,0.000055509996,0.000055315281,0.000055270476,0.000052732276,0.000053095083,0.000057416040,0.000031680251,0.000032183652,0.000031369446,0.000036701756,0.000034729476,0.000036969805,0.000037544621,0.000037695241,0.000037067362
156,0.000133897003,0.000135126924,0.000132576884,0.000136786026,0.000139245869,0.000137400987,0.000138630909,0.000138015948,0.000138015948,0.000088436621,0.000089640148,0.000088078645,0.000098662367,0.000099309048,0.000093868103,0.000092603556,0.000094118683,0.000091685124,0.000060562016,0.000057805537,0.000057996467,0.000068214658,0.000068065315,0.000068447688,0.000066774608,0.000066124813,0.000066885594,0.000046051753,0.000047803897,0.000047572557,0.000055618960,0.000055315281,0.000055302067,0.000052732276,0.000053095083,0.000057416040,0.000031687153,0.000032196886,0.000031369446,0.000036717184,0.000034835662,0.000037023138,0.000037583852,0.000037695241,0.000037067362
157,0.000133897003,0.000135126924,0.000132576884,0.000136786026,0.000139245869,0.000137400987,0.000138630909,0.000138015948,0.000138015948,0.000088436621,0.000090560971,0.000088581417,0.000098675205,0.000099309048,0.000094113417,0.000092787991,0.000094158258,0.000091685124,0.000060587191,0.000057805537,0.000057996467,0.000068250061,0.000068336131,0.000068447688,0.000066785980,0.000066124813,0.000066949370,0.000046113601,0.000047985650,0.000047800646,0.000055706966,0.000055608606,0.000055302067,0.000052752425,0.000053158950,0.000057531428,0.000031758706,0.000032246749,0.000031430340,0.000037053741,0.000034835662,0.000037179812,0.000037866628,0.000037744326,0.000037100088
158,0.000133897003,0.000135126924,0.000132576884,0.000136786026,0.000139245869,0.000137400987,0.000138630909,0.000138015948,0.000138015948,0.000088436621,0.000090560971,0.000088581417,0.000099051553,0.000100197147,0.000094113417,0.000092871413,0.000095032321,0.000091685124,0.000060632839,0.000057806770,0.000057996467,0.000068407351,0.000068403544,0.000068447688,0.000066785980,0.000066129558,0.000066979091,0.000046113601,0.000048014604,0.000047825266,0.000055788257,0.000055629709,0.000055302067,0.000052907978,0.000053185220,0.000057610400,0.000031774668,0.000032261132,0.000031505696,0.000037055444,0.000034835662,0.000037281498,0.000038037431,0.000037744326,0.000037100088
159,0.000133897003,0.000135126924,0.000132576884,0.000136786026,0.000139245869,0.000137400987,0.000138630909,0.000138015948,0.000138015948,0.000088436621,0.000090560971,0.000088581417,0.000099051553,0.000100197147,0.000094113417,0.000093713690,0.000095354048,0.000091685124,0.000060669830,0.000057806770,0.000058006619,0.000068478171,0.000068542785,0.000068456288,0.000066847929,0.000066166012,0.000067006753,0.000046354977,0.000048014604,0.000047859389,0.000055788257,0.000055645546,0.000055483884,0.000052956533,0.000053198827,0.000057610400,0.000031774668,0.000032322830,0.000031565379,0.000037055444,0.000034835662,0.000037317742,0.000038037431,0.000037780405,0.000037100088
160,0.000133897003,0.000135126924,0.000132576884,0.000136786026,0.000139245869,0.000137400987,0.000138630909,0.000138015948,0.000138015948,0.000088603200,0.000090936973,0.000088639746,0.000099051553,0.000100197147,0.000094113417,0.000093713690,0.000095354048,0.000092591236,0.000060842116,0.000057806911,0.000058012418,0.000068621768,0.000068566313,0.000068458657,0.000066847929,0.000066323792,0.000067212620,0.000046354977,0.000048379905,0.000047877626,0.000055794674,0.000055670723,0.000055631701,0.000052956533,0.000053198827,0.000057610400,0.000031833855,0.000032451729,0.000031647797,0.000037099619,0.000034880890,0.000037528932,0.000038037431,0.000037794750,0.000037100088
161,0.000133897003,0.000135126924,0.000132576884,0.000136786026,0.000139245869,0.000137400987,0.000138630909,0.000138015948,0.000138015948,0.000088819935,0.000091246003,0.000088870230,0.000099051553,0.000100412088,0.000094231816,0.000093885256,0.000095468524,0.000092907881,0.000060949975,0.000057856895,0.000058119850,0.000068621768,0.000068627030,0.000068493115,0.000066847929,0.000066353071,0.000067490664,0.000046408031,0.000048417324,0.000047963905,0.000055801761,0.000055681826,0.000055704705,0.000052956533,0.000053198827,0.000057624380,0.000031848661,0.000032480190,0.000031647797,0.000037340581,0.000034893909,0.000037669051,0.000038037431,0.000037848336,0.000037134454
162,0.000133897003,0.000135126924,0.000132576884,0.000136786026,0.000139245869,0.000137400987,0.000138630909,0.000138015948,0.000138015948,0.000088819935,0.000091246003,0.000088901585,0.000099106935,0.000100412088,0.000094231816,0.000094457377,0.000095468524,0.000093062940,0.000060950616,0.000057856895,0.000058190902,0.000068685897,0.000068627030,0.000068495945,0.000066847929,0.000066353071,0.000067490664,0.000046421474,0.000048442861,0.000048035090,0.000055907371,0.000055752919,0.000055751241,0.000052956533,0.000053492077,0.000057851310,0.000031873584,0.000032566456,0.000031654541,0.000037359397,0.000034893909,0.000037700321,0.000038043019,0.000037876864,0.000037134454
163,0.000133897003,0.000135126924,0.000132576884,0.000136786026,0.000139245869,0.000137400987,0.000138630909,0.000138015948,0.000138015948,0.000088819935,0.000091252572,0.000088901585,0.000099106935,0.000100460744,0.000094231816,0.000094462149,0.000095468524,0.000093062940,0.000061137813,0.000057879390,0.000058332226,0.000068802947,0.000068659938,0.000068561722,0.000066847929,0.000066353071,0.000067540633,0.000046654880,0.000048579238,0.000048113306,0.000055911365,0.000055802249,0.000055760903,0.000052974226,0.000053502921,0.000057851310,0.000031922610,0.000032756646,0.000031887393,0.000037376030,0.000034972243,0.000037746508,0.000038043019,0.000037881271,0.000037134454
164,0.000133897003,0.000135126924,0.000132576884,0.000136786026,0.000139245869,0.000137400987,0.000138630909,0.000138015948,0.000138015948,0.000088819935,0.000091252572,0.000088901585,0.000099158778,0.000100460744,0.000094600236,0.000095528559,0.000096335914,0.000093062940,0.000061137813,0.000057906311,0.000058340698,0.000068892404,0.000068934491,0.000068581664,0.000066908496,0.000066362766,0.000067621831,0.000046699660,0.000048579238,0.000048149293,0.000055911769,0.000055821842,0.000055775293,0.000053090116,0.000053739504,0.000057851310,0.000031950547,0.000032756646,0.000031954789,0.000037439091,0.000035028709,0.000037822090,0.000038135314,0.000037947889,0.000037162915
165,0.000133897003,0.000135126924,0.000132576884,0.000136786026,0.000139245869,0.000137400987,0.000138630909,0.000138015948,0.000138015948,0.000088832724,0.000091254936,0.000089119513,0.000099165107,0.000100462727,0.000094600236,0.000095528559,0.000096576248,0.000093062940,0.000061191244,0.000057906311,0.000058400397,0.000068892404,0.000068934491,0.000068980049,0.000066908496,0.000066456399,0.000067662388,0.000046708499,0.000048605791,0.000048452682,0.000056000381,0.000055859041,0.000055883434,0.000053117857,0.000053790169,0.000057851310,0.000032004949,0.000032810501,0.000031972800,0.000037526008,0.000035088457,0.000037936741,0.000038135314,0.000038091294,0.000037162915
166,0.000133897003,0.000135126924,0.000132576884,0.000136786026,0.000139245869,0.000137400987,0.000138630909,0.000138015948,0.000138015948,0.000089080992,0.000091631121,0.000089119513,0.000099180452,0.000100606658,0.000094600236,0.000095528559,0.000096576248,0.000093062940,0.000061230039,0.000057906311,0.000058505688,0.000068928369,0.000069069940,0.000068991659,0.000066908653,0.000066456399,0.000067668022,0.000046752313,0.000048690483,0.000048466037,0.000056075201,0.000055859041,0.000055883434,0.000053117857,0.000053822944,0.000057851310,0.000032064757,0.000032840343,0.000031975503,0.000037709639,0.000035099768,0.000037936741,0.000038135314,0.000038091294,0.000037162915
167,0.000133897003,0.000135126924,0.000132576884,0.000136786026,0.000139245869,0.000137400987,0.000138630909,0.000138015948,0.000138015948,0.000089160904,0.000091631121,0.000089119513,0.000099180452,0.000100608083,0.000094600236,0.000096015956,0.000096576248,0.000093062940,0.000061460230,0.000057906311,0.000058514850,0.000068938936,0.000069165450,0.000069403567,0.000066908653,0.000066456399,0.000067809395,0.000046921765,0.000048690483,0.000048491383,0.000056081707,0.000055923057,0.000055883434,0.000053127683,0.000053822944,0.000057851310,0.000032293229,0.000032840343,0.000031988821,0.000037724136,0.000035330546,0.000037970008,0.000038205990,0.000038091294,0.000037162915
168,0.000133897003,0.000135126924,0.000132576884,0.000136786026,0.000139245869,0.000137400987,0.000138630909,0.000138015948,0.000138015948,0.000089181916,0.000091631121,0.000089258206,0.000099180452,0.000100608083,0.000094624501,0.000096048935,0.000096576248,0.000093062940,0.000061460230,0.000057993532,0.000058514850,0.000068959344,0.000069165450,0.000069418209,0.000066918786,0.000066905117,0.000067809395,0.000047088680,0.000048896964,0.000048491383,0.000056299038,0.000055956356,0.000055918596,0.000053146297,0.000053851302,0.000057851310,0.000032455171,0.000032885645,0.000032200252,0.000037747511,0.000035330546,0.000038017363,0.000038205990,0.000038091294,0.000037162915
169,0.000133897003,0.000135126924,0.000132576884,0.000136786026,0.000139245869,0.000137400987,0.000138630909,0.000138015948,0.000138015948,0.000089181916,0.000091631121,0.000089258206,0.000099186809,0.000100608083,0.000094624501,0.000096117141,0.000097054439,0.000093062940,0.000061608740,0.000058005559,0.000058541915,0.000069050615,0.000069252816,0.000069452884,0.000066918786,0.000066905117,0.000067845939,0.000047145128,0.000048896964,0.000048525996,0.000056321580,0.000056248825,0.000056051235,0.000053149865,0.000053851302,0.000057911750,0.000032479822,0.000032998497,0.000032206996,0.000037796386,0.000035474083,0.000038126347,0.000038225426,0.000038212417,0.000037162915
170,0.000133897003,0.000135126924,0.000132576884,0.000136786026,0.000139245869,0.000137400987,0.000138630909,0.000138015948,0.000138015948,0.000089181916,0.000091662393,0.000089258206,0.000099349404,0.000100616746,0.000094624501,0.000096162114,0.000097054439,0.000093083945,0.000061679517,0.000058005559,0.000058574709,0.000069111562,0.000069468837,0.000069452884,0.000066918786,0.000066905117,0.000067845939,0.000047569454,0.000048999828,0.000048545265,0.000056339301,0.000056358322,0.000056184611,0.000053149865,0.000053954642,0.000057977729,0.000032721912,0.000033018856,0.000032206996,0.000037805481,0.000035495675,0.000038133946,0.000038332883,0.000038257548,0.000037206102
171,0.000133897003,0.000135126924,0.000132576884,0.000136786026,0.000139245869,0.000137400987,0.000138630909,0.000138015948,0.000138015948,0.000089181916,0.000092747722,0.000089258206,0.000099349404,0.000100616746,0.000094624501,0.000096630610,0.000097054439,0.000093083945,0.000061679517,0.000058076465,0.000058588247,0.000069111562,0.000069468837,0.000069466300,0.000067121195,0.000066910226,0.000067909614,0.000047604672,0.000049000752,0.000048696174,0.000056339301,0.000056370802,0.000056381898,0.000053239893,0.000053954642,0.000058062176,0.000032728315,0.000033309018,0.000032221181,0.000037805481,0.000035717068,0.000038175104,0.000038332883,0.000038306381,0.000037206102
172,0.000133897003,0.000135126924,0.000132576884,0.000136786026,0.000139245869,0.000137400987,0.000138630909,0.000138015948,0.000138015948,0.000089230681,0.000092971359,0.000089258206,0.000099349404,0.000100765048,0.000094624501,0.000096738394,0.000097054439,0.000093177499,0.000061680493,0.000058106406,0.000058619082,0.000069148988,0.000069468837,0.000069605666,0.000067121195,0.000066930170,0.000067909614,0.000047684188,0.000049018484,0.000048696174,0.000056352613,0.000056591110,0.000056381898,0.000053327032,0.000053954642,0.000058062176,0.000032745813,0.000033322186,0.000032221181,0.000037857188,0.000036304882,0.000038192248,0.000038332883,0.000038404399,0.000037248122
173,0.000133897003,0.000135126924,0.000132734341,0.000136786026,0.000139245869,0.000137400987,0.000138630909,0.000138015948,0.000138015948,0.000089230681,0.000092971359,0.000089283426,0.000099374216,0.000100765048,0.000094624501,0.000096738394,0.000097054439,0.000093177499,0.000061755470,0.000058216876,0.000058619082,0.000069211539,0.000069537255,0.000069605666,0.000067156259,0.000066930170,0.000067909614,0.000047684188,0.000049146743,0.000048696174,0.000056392821,0.000056597336,0.000056381898,0.000053336993,0.000053968701,0.000058062176,0.000032817379,0.000033322186,0.000032221181,0.000037910244,0.000036326891,0.000038394351,0.000038360782,0.000038711047,0.000037303781
174,0.000133897003,0.000135126924,0.000132734341,0.000136786026,0.000139245869,0.000137400987,0.000138630909,0.000138015948,0.000138015948,0.000089230681,0.000092971359,0.000089291807,0.000099374216,0.000100765048,0.000095537616,0.000097131768,0.000097054439,0.000093177499,0.000061984713,0.000058349056,0.000058619082,0.000069242253,0.000069669859,0.000069651256,0.000067158917,0.000066930170,0.000068031203,0.000047704598,0.000049236809,0.000048696174,0.000056392821,0.000056597336,0.000056432776,0.000053336993,0.000054015520,0.000058175688,0.000032866234,0.000033502240,0.000032234532,0.000038010715,0.000036328717,0.000038394351,0.000038369399,0.000038753252,0.000037546514
175,0.000133897003,0.000135126924,0.000132734341,0.000136786026,0.000139245869,0.000137400987,0.000138630909,0.000138015948,0.000138015948,0.000089261720,0.000092971359,0.000089334015,0.000099374216,0.000101125451,0.000095554571,0.000097375500,0.000097122738,0.000093177499,0.000062033541,0.000058349056,0.000058705230,0.000069242253,0.000069669859,0.000069658090,0.000067170824,0.000066930170,0.000068037227,0.000047712975,0.000049236809,0.000048725191,0.000056492850,0.000056815763,0.000056774869,0.000053336993,0.000054295981,0.000058179099,0.000032931713,0.000033733916,0.000032274443,0.000038080678,0.000036328717,0.000038480073,0.000038691478,0.000038753252,0.000037546514
176,0.000133897003,0.000135126924,0.000132734341,0.000136786026,0.000139245869,0.000137400987,0.000138630909,0.000138015948,0.000138015948,0.000089308132,0.000092971359,0.000089599004,0.000099383581,0.000101343917,0.000095602087,0.000097387606,0.000097122738,0.000093177499,0.000062033541,0.000058384023,0.000058706896,0.000069666108,0.000069703095,0.000069737690,0.000067284201,0.000066963958,0.000068075808,0.000047761789,0.000049250852,0.000048813593,0.000056513070,0.000056865534,0.000056949862,0.000053342742,0.000054658955,0.000058179099,0.000033019010,0.000033733916,0.000032338273,0.000038150524,0.000036431755,0.000038486602,0.000038691478,0.000038884521,0.000037562460
177,0.000133897003,0.000135126924,0.000132734341,0.000136786026,0.000139245869,0.000137400987,0.000138630909,0.000138015948,0.000138015948,0.000089308132,0.000092971359,0.000089599004,0.000099383581,0.000101343917,0.000096316139,0.000097387606,0.000097134298,0.000093493935,0.000062372529,0.000058384023,0.000058706896,0.000069666108,0.000069809212,0.000069737901,0.000067367505,0.000066963958,0.000068075808,0.000047772368,0.000049367110,0.000048877613,0.000056542226,0.000056865534,0.000057064853,0.000053537980,0.000054658955,0.000058179099,0.000033021258,0.000033765604,0.000032340996,0.000038233676,0.000036431755,0.000038559000,0.000038813641,0.000038884521,0.000037562460
178,0.000133897003,0.000135126924,0.000132734341,0.000136786026,0.000139245869,0.000137400987,0.000138630909,0.000138015948,0.000138015948,0.000089308132,0.000093249753,0.000089996847,0.000099474150,0.000101343917,0.000096316139,0.000097550555,0.000097281785,0.000093591698,0.000062411710,0.000058728380,0.000058744897,0.000069688286,0.000069846616,0.000069750683,0.000067567108,0.000067018416,0.000068098651,0.000047772368,0.000049475851,0.000048887793,0.000056604824,0.000056865534,0.000057064853,0.000053537980,0.000054710806,0.000058263770,0.000033150875,0.000033787172,0.000032344504,0.000038301831,0.000036431755,0.000038559000,0.000038890258,0.000038939864,0.000037562460
179,0.000133897003,0.000135126924,0.000132734341,0.000136786026,0.000139245869,0.000137400987,0.000138630909,0.000138015948,0.000138015948,0.000089308132,0.000093350003,0.000090263191,0.000099474150,0.000101393775,0.000096316139,0.000097550555,0.000097281785,0.000093796795,0.000062467807,0.000058728380,0.000058778923,0.000070205312,0.000069991319,0.000069750683,0.000067569844,0.000067047182,0.000068385178,0.000047793411,0.000049553052,0.000048970161,0.000056604824,0.000056921608,0.000057207688,0.000053537980,0.000055037195,0.000058263770,0.000033159367,0.000033821061,0.000032457610,0.000038551013,0.000036431755,0.000038559000,0.000038893506,0.000038939864,0.000037659645
180,0.000133897003,0.000135126924,0.000132734341,0.000136786026,0.000139245869,0.000137400987,0.000138630909,0.000138015948,0.000138015948,0.000089308132,0.000093462918,0.000090818637,0.000099474150,0.000101393775,0.000096316139,0.000097848208,0.000097281785,0.000094116871,0.000062594594,0.000058948302,0.000058778923,0.000070205312,0.000070028881,0.000069761515,0.000067569844,0.000067119385,0.000068601736,0.000047834613,0.000049595346,0.000048970161,0.000056676210,0.000056986380,0.000057252882,0.000053569458,0.000055037195,0.000058390549,0.000033229729,0.000033841683,0.000032465240,0.000038592846,0.000036546466,0.000038827689,0.000038898042,0.000038939864,0.000037693721
181,0.000133897003,0.000135126924,0.000132734341,0.000136786026,0.000139245869,0.000137400987,0.000138630909,0.000138015948,0.000138015948,0.000089319892,0.000093707235,0.000090818637,0.000099893227,0.000101393775,0.000096316139,0.000098075554,0.000097281785,0.000094376621,0.000062594594,0.000058948302,0.000058968663,0.000070205312,0.000070028881,0.000069797761,0.000067586900,0.000067119385,0.000068672844,0.000047834613,0.000049642420,0.000049102009,0.000056758747,0.000056986380,0.000057349561,0.000053710475,0.000055203490,0.000058390549,0.000033237862,0.000033868028,0.000032471605,0.000038691035,0.000036614136,0.000038908754,0.000038930115,0.000038943234,0.000037693721
182,0.000133897003,0.000135126924,0.000132734341,0.000136786026,0.000139245869,0.000137400987,0.000138630909,0.000138015948,0.000138015948,0.000089373844,0.000093720794,0.000090818637,0.000100500009,0.000101393775,0.000096316139,0.000098472050,0.000097298318,0.000094432167,0.000062674154,0.000058971072,0.000058968663,0.000070218787,0.000070068496,0.000069810008,0.000067586900,0.000067137969,0.000068672844,0.000047834613,0.000049712765,0.000049248858,0.000056780439,0.000057101199,0.000057457023,0.000053848052,0.000055203490,0.000058542277,0.000033237862,0.000033893055,0.000032604022,0.000038698368,0.000036702152,0.000038908754,0.000039016700,0.000038966615,0.000037744457
183,0.000133897003,0.000135126924,0.000132734341,0.000136786026,0.000139245869,0.000137400987,0.000138630909,0.000138015948,0.000138015948,0.000089475761,0.000093762554,0.000090818637,0.000100500009,0.000101393775,0.000096316139,0.000098472050,0.000097304633,0.000095300180,0.000062674154,0.000058971072,0.000058988012,0.000070223200,0.000070116687,0.000069822882,0.000067666638,0.000067205934,0.000068672844,0.000047878849,0.000049728600,0.000049276091,0.000056814467,0.000057106086,0.000057483898,0.000053892285,0.000055236770,0.000058644962,0.000033268987,0.000034052213,0.000032604022,0.000038739153,0.000036720017,0.000038991931,0.000039016700,0.000039010240,0.000037800272
184,0.000133897003,0.000135126924,0.000132734341,0.000136786026,0.000139245869,0.000137400987,0.000138630909,0.000138015948,0.000138015948,0.000089475761,0.000094039217,0.000090818637,0.000100745177,0.000101393775,0.000096316139,0.000098555537,0.000097474734,0.000095583285,0.000062702965,0.000058985055,0.000058988012,0.000070223200,0.000070253994,0.000069822882,0.000067666638,0.000067473079,0.000068672844,0.000047902084,0.000049728600,0.000049324866,0.000056827653,0.000057144262,0.000057498079,0.000053900897,0.000055346607,0.000058644962,0.000033268987,0.000034135913,0.000032659080,0.000038853213,0.000036795971,0.000039026079,0.000039062208,0.000039039894,0.000037800272
185,0.000133897003,0.000135126924,0.000132734341,0.000136786026,0.000139245869,0.000137400987,0.000138630909,0.000138015948,0.000138015948,0.000089504338,0.000095501073,0.000090818637,0.000100806629,0.000101416358,0.000096316139,0.000098555537,0.000097517706,0.000096004391,0.000063221326,0.000059078465,0.000059034851,0.000070322550,0.000070295663,0.000069831008,0.000067693197,0.000067510355,0.000068725606,0.000047902084,0.000049784007,0.000049359873,0.000056848800,0.000057194839,0.000057612342,0.000053900897,0.000055548550,0.000058856638,0.000033427111,0.000034209453,0.000032776240,0.000038853213,0.000036925801,0.000039131349,0.000039177443,0.000039039894,0.000037800272
186,0.000133897003,0.000135126924,0.000132734341,0.000136786026,0.000139245869,0.000137400987,0.000138630909,0.000138015948,0.000138015948,0.000089504338,0.000095674938,0.000090818637,0.000100806629,0.000101416358,0.000096316139,0.000098567020,0.000097517706,0.000096004391,0.000063616306,0.000059078465,0.000059055789,0.000070336100,0.000070295663,0.000069923534,0.000067728377,0.000067510355,0.000068725606,0.000047966331,0.000049791883,0.000049359873,0.000056848800,0.000057214780,0.000057686808,0.000053900897,0.000055562482,0.000058856638,0.000033436398,0.000034211591,0.000032776240,0.000038931217,0.000036954593,0.000039308326,0.000039177443,0.000039064983,0.000037800272
187,0.000133897003,0.000135126924,0.000132809828,0.000136786026,0.000139245869,0.000137400987,0.000138662887,0.000138015948,0.000138015948,0.000089974616,0.000096105778,0.000091420615,0.000100806629,0.000101416358,0.000096316139,0.000098634280,0.000097517706,0.000096074348,0.000063616306,0.000059084404,0.000059055789,0.000070419519,0.000070337689,0.000069923534,0.000067728377,0.000067510355,0.000068824956,0.000047967610,0.000049794884,0.000049657712,0.000056848800,0.000057214780,0.000057688327,0.000053906673,0.000055634711,0.000058856638,0.000033453022,0.000034211591,0.000032839319,0.000038931217,0.000037160360,0.000039318029,0.000039177443,0.000039064983,0.000037800272
188,0.000133897003,0.000135126924,0.000132809828,0.000136786026,0.000139245869,0.000137400987,0.000138662887,0.000138015948,0.000138015948,0.000089974616,0.000096160731,0.000091420615,0.000101149877,0.000101416358,0.000096316139,0.000098818552,0.000097517706,0.000096074348,0.000063616306,0.000059300578,0.000059272141,0.000070485640,0.000070337689,0.000069962095,0.000067912505,0.000067510355,0.000068824956,0.000047982703,0.000049832513,0.000049657712,0.000056873290,0.000057214780,0.000057735664,0.000053925795,0.000055835590,0.000058856638,0.000033528531,0.000034211591,0.000032839319,0.000039156483,0.000037162150,0.000039325768,0.000039178927,0.000039082151,0.000037800272
189,0.000133897003,0.000135126924,0.000132809828,0.000136786026,0.000139245869,0.000137400987,0.000138662887,0.000138015948,0.000138015948,0.000089974616,0.000096160731,0.000091487140,0.000101149877,0.000101416358,0.000096316139,0.000098818552,0.000097517706,0.000096074348,0.000063757794,0.000059323066,0.000059289757,0.000070485640,0.000070407622,0.000070373038,0.000067927283,0.000067999962,0.000068832015,0.000048036923,0.000049977260,0.000049804304,0.000056896348,0.000057225652,0.000057825156,0.000054004442,0.000055964337,0.000058914953,0.000033562250,0.000034253329,0.000032888274,0.000039190336,0.000037162150,0.000039325768,0.000039179770,0.000039376930,0.000037800272
190,0.000133897003,0.000135126924,0.000132809828,0.000136786026,0.000139245869,0.000137400987,0.000138662887,0.000138015948,0.000138015948,0.000089974616,0.000096160731,0.000091487140,0.000101149877,0.000101416358,0.000096316139,0.000098836451,0.000097517706,0.000096074348,0.000063757794,0.000059623498,0.000059289757,0.000070485640,0.000070407622,0.000070410602,0.000067968760,0.000068037883,0.000068874859,0.000048041710,0.000049988646,0.000049817685,0.000056896348,0.000057259591,0.000057859272,0.000054297974,0.000056388292,0.000058914953,0.000033568584,0.000034264108,0.000032967373,0.000039224830,0.000037261146,0.000039426836,0.000039192998,0.000039389768,0.000037800272
191,0.000133897003,0.000135126924,0.000132809828,0.000136786026,0.000139245869,0.000137400987,0.000138662887,0.000138015948,0.000138015948,0.000090012809,0.000096160731,0.000091487140,0.000101149877,0.000101416358,0.000096316139,0.000098848273,0.000097764226,0.000096228124,0.000063809885,0.000059881037,0.000059313780,0.000070506049,0.000070407622,0.000070527383,0.000067968760,0.000068388493,0.000068896893,0.000048214015,0.000050052250,0.000049847298,0.000056940166,0.000057302948,0.000057961117,0.000054516280,0.000056545549,0.000058986065,0.000033579291,0.000034282179,0.000032988313,0.000039247814,0.000037301762,0.000039463424,0.000039214287,0.000039500088,0.000037844917
192,0.000133897003,0.000135126924,0.000132809828,0.000136786026,0.000139245869,0.000137400987,0.000139223831,0.000138015948,0.000138015948,0.000090012809,0.000096183884,0.000091487140,0.000101149877,0.000101416358,0.000096316139,0.000098935643,0.000097764226,0.000096280352,0.000063823764,0.000059901096,0.000059325183,0.000070766730,0.000070416440,0.000070527383,0.000067968760,0.000068492326,0.000068930112,0.000048248399,0.000050054256,0.000049847298,0.000056981139,0.000057362931,0.000058079162,0.000054571020,0.000056559157,0.000058992926,0.000033579291,0.000034286894,0.000033046003,0.000039335713,0.000037374671,0.000039697330,0.000039254268,0.000039500088,0.000037844917
193,0.000133897003,0.000135126924,0.000132809828,0.000136786026,0.000139245869,0.000137400987,0.000139223831,0.000138015948,0.000138015948,0.000090012809,0.000096437876,0.000091487140,0.000101149877,0.000101598064,0.000096316139,0.000098935643,0.000097764226,0.000096280352,0.000064119739,0.000059911152,0.000059333549,0.000070874006,0.000070487717,0.000070605522,0.000067968760,0.000068492326,0.000068930112,0.000048286349,0.000050223947,0.000049883704,0.000056981312,0.000057455961,0.000058252384,0.000054571020,0.000056571219,0.000058992926,0.000033579291,0.000034286894,0.000033046003,0.000039416088,0.000037440067,0.000039697330,0.000039254268,0.000039518423,0.000037844917
194,0.000133897003,0.000135126924,0.000132809828,0.000136786026,0.000139245869,0.000137400987,0.000139223831,0.000138015948,0.000138015948,0.000090012809,0.000096437876,0.000091487140,0.000101288321,0.000101598064,0.000096316139,0.000099376549,0.000097774416,0.000096356840,0.000064119739,0.000059911152,0.000059359367,0.000071477131,0.000070548767,0.000070729447,0.000068017618,0.000068611959,0.000068936551,0.000048312208,0.000050244573,0.000049910341,0.000056981312,0.000057631625,0.000058252384,0.000054591315,0.000056676859,0.000058992926,0.000033590108,0.000034291947,0.000033097889,0.000039590665,0.000037584402,0.000039702169,0.000039322994,0.000039518423,0.000037852089
195,0.000133897003,0.000135126924,0.000132809828,0.000136786026,0.000139245869,0.000137400987,0.000139223831,0.000138015948,0.000138015948,0.000090027315,0.000096577158,0.000091761119,0.000101288321,0.000101598064,0.000096559169,0.000099565233,0.000097774416,0.000096356840,0.000064119739,0.000059936368,0.000059359367,0.000071502423,0.000070548767,0.000070729447,0.000068157346,0.000068611959,0.000068936551,0.000048445920,0.000050334478,0.000049968774,0.000056981312,0.000057640887,0.000058252384,0.000054591315,0.000056731358,0.000058992926,0.000033612788,0.000034291947,0.000033115771,0.000039598316,0.000037614451,0.000039702169,0.000039322994,0.000039543111,0.000037852089
196,0.000133897003,0.000135126924,0.000132809828,0.000136786026,0.000139245869,0.000137400987,0.000139245869,0.000138015948,0.000138015948,0.000090027315,0.000096611243,0.000091761119,0.000101288321,0.000101757696,0.000096559169,0.000100162402,0.000098372335,0.000096356840,0.000064178736,0.000059969574,0.000059359367,0.000071719326,0.000070555679,0.000070858382,0.000068304373,0.000068712300,0.000068950954,0.000048445920,0.000050486306,0.000050107122,0.000057051403,0.000057640887,0.000058296597,0.000054655965,0.000056798826,0.000058998189,0.000033612788,0.000034359034,0.000033115771,0.000039665264,0.000037632507,0.000039797027,0.000039322994,0.000039543111,0.000037963941
197,0.000133897003,0.000135126924,0.000132809828,0.000137114505,0.000139245869,0.000137400987,0.000139245869,0.000138015948,0.000138015948,0.000090244317,0.000096732765,0.000091761119,0.000101288321,0.000101757696,0.000096559169,0.000100162402,0.000098398330,0.000096381200,0.000064178736,0.000060088574,0.000059359367,0.000071963223,0.000070555679,0.000070957688,0.000068304373,0.000068712300,0.000069132027,0.000048447095,0.000050486306,0.000050107122,0.000057051403,0.000057640887,0.000058306701,0.000054788380,0.000057285069,0.000059039343,0.000033612788,0.000034417180,0.000033163552,0.000039737337,0.000037650025,0.000039799754,0.000039322994,0.000039575314,0.000037965819
198,0.000133897003,0.000135126924,0.000132809828,0.000137114505,0.000139245869,0.000137400987,0.000139245869,0.000138015948,0.000138015948,0.000090259383,0.000096751970,0.000091761119,0.000101288321,0.000101757696,0.000096559169,0.000100216911,0.000098398330,0.000096387716,0.000064178736,0.000060280773,0.000059406041,0.000072013163,0.000070555679,0.000070957688,0.000068304373,0.000068712300,0.000069135016,0.000048465609,0.000050519471,0.000050170642,0.000057051403,0.000057640887,0.000058376273,0.000054788380,0.000057341842,0.000059039343,0.000033648235,0.000034451781,0.000033202368,0.000039751780,0.000037744308,0.000039904738,0.000039322994,0.000039575314,0.000037965819
199,0.000133897003,0.000135126924,0.000132809828,0.000137114505,0.000139245869,0.000137400987,0.000139245869,0.000138015948,0.000138015948,0.000090282266,0.000096753442,0.000091761119,0.000101310762,0.000101757696,0.000096992273,0.000100352512,0.000098733359,0.000096387716,0.000064178736,0.000060280773,0.000059406041,0.000072013163,0.000070581697,0.000070957688,0.000068304373,0.000068712300,0.000069567556,0.000048472275,0.000050536386,0.000050179858,0.000057129056,0.000057644924,0.000058441993,0.000054879269,0.000057341842,0.000059039343,0.000033648235,0.000034466162,0.000033224601,0.000039803091,0.000037782812,0.000039904738,0.000039373178,0.000039575314,0.000038053527
200,0.000133897003,0.000135126924,0.000132809828,0.000137114505,0.000139245869,0.000137400987,0.000139245869,0.000138015948,0.000138015948,0.000090282266,0.000096991071,0.000091761119,0.000101310762,0.000101873727,0.000097023483,0.000100557391,0.000098733359,0.000096393153,0.000064328172,0.000060280773,0.000059417243,0.000072013163,0.000070785520,0.000070967567,0.000068304373,0.000068712300,0.000069567556,0.000048575047,0.000050633847,0.000050182622,0.000057129056,0.000057687818,0.000058791687,0.000055041620,0.000057380788,0.000059039343,0.000033648235,0.000034466162,0.000033262571,0.000039813964,0.000037816211,0.000039925617,0.000039376694,0.000039593053,0.000038121135
201,0.000000000000,0.000135126924,0.000132809828,0.000000000000,0.000139245869,0.000137400987,0.000000000000,0.000138015948,0.000138015948,0.000000000000,0.000096991071,0.000091761119,0.000000000000,0.000101950760,0.000097023483,0.000000000000,0.000098733359,0.000097573084,0.000000000000,0.000060280773,0.000059417243,0.000000000000,0.000070785520,0.000070967567,0.000000000000,0.000068805531,0.000069567556,0.000000000000,0.000051063540,0.000050334237,0.000000000000,0.000058012256,0.000058791687,0.000000000000,0.000057477086,0.000059039343,0.000000000000,0.000034466162,0.000033287980,0.000000000000,0.000037888875,0.000039925617,0.000000000000,0.000039593053,0.000038121135
202,0.000000000000,0.000135126924,0.000132809828,0.000000000000,0.000139245869,0.000137400987,0.000000000000,0.000138015948,0.000138015948,0.000000000000,0.000096991071,0.000091804169,0.000000000000,0.000101950760,0.000097040428,0.000000000000,0.000098733359,0.000097619470,0.000000000000,0.000060486653,0.000059417243,0.000000000000,0.000070785520,0.000071007176,0.000000000000,0.000068805531,0.000069567556,0.000000000000,0.000051341784,0.000050578379,0.000000000000,0.000058012256,0.000058791687,0.000000000000,0.000057477086,0.000059039343,0.000000000000,0.000034473364,0.000033476643,0.000000000000,0.000037942915,0.000039950407,0.000000000000,0.000039667587,0.000038193941
203,0.000000000000,0.000135126924,0.000132809828,0.000000000000,0.000139245869,0.000137400987,0.000000000000,0.000138015948,0.000138015948,0.000000000000,0.000096991071,0.000091804169,0.000000000000,0.000101950760,0.000097040428,0.000000000000,0.000098733359,0.000097619470,0.000000000000,0.000060551203,0.000059427207,0.000000000000,0.000070785520,0.000071007176,0.000000000000,0.000068805531,0.000069621432,0.000000000000,0.000051498541,0.000050638018,0.000000000000,0.000058037391,0.000058800648,0.000000000000,0.000057504113,0.000059039343,0.000000000000,0.000034484352,0.000033511287,0.000000000000,0.000037942915,0.000040015845,0.000000000000,0.000039684100,0.000038193941
204,0.000000000000,0.000135126924,0.000132809828,0.000000000000,0.000139245869,0.000137400987,0.000000000000,0.000138015948,0.000138015948,0.000000000000,0.000097309966,0.000091827655,0.000000000000,0.000102001675,0.000097047386,0.000000000000,0.000098733359,0.000097626474,0.000000000000,0.000060719443,0.000059439394,0.000000000000,0.000070785520,0.000071114284,0.000000000000,0.000068982650,0.000069646271,0.000000000000,0.000051565557,0.000050643775,0.000000000000,0.000058144191,0.000058982889,0.000000000000,0.000057731168,0.000059039343,0.000000000000,0.000034540802,0.000033521312,0.000000000000,0.000037966447,0.000040047048,0.000000000000,0.000039808273,0.000038193941
205,0.000000000000,0.000135126924,0.000132809828,0.000000000000,0.000139245869,0.000137400987,0.000000000000,0.000138015948,0.000138015948,0.000000000000,0.000097309966,0.000091896638,0.000000000000,0.000102001675,0.000097047386,0.000000000000,0.000098733359,0.000097766946,0.000000000000,0.000060740382,0.000059443267,0.000000000000,0.000070785520,0.000071114284,0.000000000000,0.000069047523,0.000069646271,0.000000000000,0.000051565557,0.000050643775,0.000000000000,0.000058144191,0.000058982889,0.000000000000,0.000057758833,0.000059044798,0.000000000000,0.000034566568,0.000033545896,0.000000000000,0.000037966447,0.000040054202,0.000000000000,0.000039917191,0.000038193941
206,0.000000000000,0.000135126924,0.000132809828,0.000000000000,0.000139245869,0.000137400987,0.000000000000,0.000138015948,0.000138015948,0.000000000000,0.000097309966,0.000091896638,0.000000000000,0.000102001675,0.000097102704,0.000000000000,0.000098733359,0.000097766946,0.000000000000,0.000060740382,0.000059482672,0.000000000000,0.000070796456,0.000071114284,0.000000000000,0.000069079597,0.000069646271,0.000000000000,0.000051593736,0.000050643775,0.000000000000,0.000058292426,0.000058982889,0.000000000000,0.000057810974,0.000059227575,0.000000000000,0.000034566568,0.000033571732,0.000000000000,0.000038113432,0.000040054202,0.000000000000,0.000039933886,0.000038418263
207,0.000000000000,0.000135126924,0.000132809828,0.000000000000,0.000139245869,0.000137400987,0.000000000000,0.000138015948,0.000138015948,0.000000000000,0.000097319718,0.000092146950,0.000000000000,0.000102165252,0.000097102704,0.000000000000,0.000098733359,0.000098002155,0.000000000000,0.000060774480,0.000059728105,0.000000000000,0.000070796456,0.000071154653,0.000000000000,0.000069079597,0.000069646271,0.000000000000,0.000051628724,0.000050643775,0.000000000000,0.000058403577,0.000059243298,0.000000000000,0.000058821333,0.000059227575,0.000000000000,0.000034600316,0.000033592126,0.000000000000,0.000038151599,0.000040067760,0.000000000000,0.000039934018,0.000038429922
208,0.000000000000,0.000135126924,0.000132809828,0.000000000000,0.000139245869,0.000137400987,0.000000000000,0.000138015948,0.000138015948,0.000000000000,0.000097319718,0.000092208253,0.000000000000,0.000102165252,0.000097102704,0.000000000000,0.000098733359,0.000098051345,0.000000000000,0.000060774480,0.000059728105,0.000000000000,0.000070796456,0.000071159404,0.000000000000,0.000069079597,0.000069661918,0.000000000000,0.000051718232,0.000050647570,0.000000000000,0.000058403577,0.000059250640,0.000000000000,0.000058821333,0.000059227575,0.000000000000,0.000034667263,0.000033701745,0.000000000000,0.000038157272,0.000040132520,0.000000000000,0.000039934018,0.000038429922
209,0.000000000000,0.000135126924,0.000132809828,0.000000000000,0.000139245869,0.000137400987,0.000000000000,0.000138015948,0.000138015948,0.000000000000,0.000097319718,0.000092208253,0.000000000000,0.000102165252,0.000097102704,0.000000000000,0.000098733359,0.000098051345,0.000000000000,0.000060778531,0.000059728105,0.000000000000,0.000070796456,0.000071213492,0.000000000000,0.000069079597,0.000069661918,0.000000000000,0.000051758105,0.000050709663,0.000000000000,0.000058460857,0.000059260176,0.000000000000,0.000058821333,0.000059227575,0.000000000000,0.000034667263,0.000033766517,0.000000000000,0.000038480560,0.000040139695,0.000000000000,0.000039978693,0.000038482676
210,0.000000000000,0.000135126924,0.000132809828,0.000000000000,0.000139245869,0.000137400987,0.000000000000,0.000138015948,0.000138015948,0.000000000000,0.000097319718,0.000092208253,0.000000000000,0.000102165252,0.000097102704,0.000000000000,0.000098737665,0.000098051345,0.000000000000,0.000060843094,0.000059741064,0.000000000000,0.000071063495,0.000071218193,0.000000000000,0.000069110781,0.000069661918,0.000000000000,0.000051825676,0.000050969846,0.000000000000,0.000058460857,0.000059260176,0.000000000000,0.000058821333,0.000059228598,0.000000000000,0.000034667263,0.000033812945,0.000000000000,0.000038626012,0.000040141514,0.000000000000,0.000040074541,0.000038557137
211,0.000000000000,0.000135126924,0.000132809828,0.000000000000,0.000139245869,0.000137400987,0.000000000000,0.000138015948,0.000138015948,0.000000000000,0.000097319718,0.000092208253,0.000000000000,0.000102165252,0.000097192461,0.000000000000,0.000098737665,0.000098181710,0.000000000000,0.000060843094,0.000059741064,0.000000000000,0.000071099648,0.000071218193,0.000000000000,0.000069179246,0.000069859046,0.000000000000,0.000051825676,0.000050974997,0.000000000000,0.000058461534,0.000059306913,0.000000000000,0.000058920127,0.000059302582,0.000000000000,0.000034732635,0.000033972061,0.000000000000,0.000038745108,0.000040180183,0.000000000000,0.000040120565,0.000038567881
212,0.000000000000,0.000135126924,0.000132809828,0.000000000000,0.000139245869,0.000137400987,0.000000000000,0.000138015948,0.000138015948,0.000000000000,0.000097378000,0.000092208253,0.000000000000,0.000102177166,0.000097192461,0.000000000000,0.000098737665,0.000098181710,0.000000000000,0.000060844395,0.000059741064,0.000000000000,0.000071374626,0.000071358442,0.000000000000,0.000069179246,0.000070060617,0.000000000000,0.000051825676,0.000051096409,0.000000000000,0.000058583989,0.000059306913,0.000000000000,0.000058928145,0.000059302582,0.000000000000,0.000034737137,0.000033977310,0.000000000000,0.000038829190,0.000040189543,0.000000000000,0.000040120565,0.000038567881
213,0.000000000000,0.000135126924,0.000132809828,0.000000000000,0.000139245869,0.000137400987,0.000000000000,0.000138015948,0.000138015948,0.000000000000,0.000097378000,0.000092208253,0.000000000000,0.000102177166,0.000097267696,0.000000000000,0.000098737665,0.000098205281,0.000000000000,0.000060844395,0.000059981675,0.000000000000,0.000071527169,0.000071384876,0.000000000000,0.000069194577,0.000070617011,0.000000000000,0.000051873370,0.000051199360,0.000000000000,0.000058583989,0.000059345101,0.000000000000,0.000059022436,0.000059497042,0.000000000000,0.000034913201,0.000034006374,0.000000000000,0.000038852906,0.000040295951,0.000000000000,0.000040254136,0.000038567881
214,0.000000000000,0.000135126924,0.000132809828,0.000000000000,0.000139245869,0.000137400987,0.000000000000,0.000138015948,0.000138015948,0.000000000000,0.000097378000,0.000092208253,0.000000000000,0.000102177166,0.000097267696,0.000000000000,0.000098737665,0.000098205281,0.000000000000,0.000060844395,0.000059981675,0.000000000000,0.000071527169,0.000071432788,0.000000000000,0.000069293200,0.000070617011,0.000000000000,0.000051873370,0.000051514821,0.000000000000,0.000058637430,0.000059378137,0.000000000000,0.000059027785,0.000059498089,0.000000000000,0.000034967930,0.000034030764,0.000000000000,0.000038898700,0.000040324484,0.000000000000,0.000040254277,0.000038575602
215,0.000000000000,0.000135126924,0.000132809828,0.000000000000,0.000139245869,0.000137400987,0.000000000000,0.000138015948,0.000138015948,0.000000000000,0.000097378000,0.000092208253,0.000000000000,0.000102199975,0.000097267696,0.000000000000,0.000098819562,0.000098205281,0.000000000000,0.000060844395,0.000059981675,0.000000000000,0.000071527169,0.000071509015,0.000000000000,0.000069322446,0.000071153807,0.000000000000,0.000051873370,0.000051514821,0.000000000000,0.000058637430,0.000059438483,0.000000000000,0.000059028139,0.000059498089,0.000000000000,0.000035001090,0.000034125264,0.000000000000,0.000038902523,0.000040356083,0.000000000000,0.000040291772,0.000038722023
216,0.000000000000,0.000135126924,0.000132809828,0.000000000000,0.000139245869,0.000137400987,0.000000000000,0.000138015948,0.000138015948,0.000000000000,0.000097507285,0.000092208253,0.000000000000,0.000102199975,0.000097267696,0.000000000000,0.000099046665,0.000098205281,0.000000000000,0.000060986491,0.000060212545,0.000000000000,0.000071527169,0.000071509015,0.000000000000,0.000069322446,0.000071272388,0.000000000000,0.000051919698,0.000051536508,0.000000000000,0.000058849713,0.000059489954,0.000000000000,0.000059033578,0.000059498089,0.000000000000,0.000035001090,0.000034174102,0.000000000000,0.000038917181,0.000040519268,0.000000000000,0.000040291772,0.000038722023
217,0.000000000000,0.000135126924,0.000132809828,0.000000000000,0.000139245869,0.000137400987,0.000000000000,0.000138015948,0.000138015948,0.000000000000,0.000097681559,0.000092208253,0.000000000000,0.000102199975,0.000097267696,0.000000000000,0.000099046665,0.000098250011,0.000000000000,0.000060986491,0.000060214321,0.000000000000,0.000071527169,0.000071558025,0.000000000000,0.000069477141,0.000071272388,0.000000000000,0.000051991511,0.000051572772,0.000000000000,0.000058854629,0.000059649532,0.000000000000,0.000059062738,0.000059503768,0.000000000000,0.000035122106,0.000034198442,0.000000000000,0.000038971519,0.000040570388,0.000000000000,0.000040291772,0.000038722023
218,0.000000000000,0.000135126924,0.000132809828,0.000000000000,0.000139245869,0.000137400987,0.000000000000,0.000138015948,0.000138015948,0.000000000000,0.000097681559,0.000092215568,0.000000000000,0.000102410813,0.000097267696,0.000000000000,0.000099077747,0.000098309403,0.000000000000,0.000060986491,0.000060219093,0.000000000000,0.000071527169,0.000071558025,0.000000000000,0.000069477141,0.000071385960,0.000000000000,0.000052058731,0.000051627968,0.000000000000,0.000058858152,0.000059771842,0.000000000000,0.000059198267,0.000059503768,0.000000000000,0.000035122598,0.000034316861,0.000000000000,0.000039102631,0.000040617396,0.000000000000,0.000040461856,0.000038722023
219,0.000000000000,0.000135126924,0.000132809828,0.000000000000,0.000139245869,0.000137400987,0.000000000000,0.000138015948,0.000138015948,0.000000000000,0.000097681559,0.000092271942,0.000000000000,0.000102465563,0.000097320892,0.000000000000,0.000099077747,0.000098309403,0.000000000000,0.000060986491,0.000060300177,0.000000000000,0.000071527169,0.000071939301,0.000000000000,0.000069639637,0.000071385960,0.000000000000,0.000052071759,0.000052085478,0.000000000000,0.000058982159,0.000059783566,0.000000000000,0.000059467367,0.000059531984,0.000000000000,0.000035300870,0.000034376823,0.000000000000,0.000039102631,0.000040617396,0.000000000000,0.000040461856,0.000038724945
220,0.000000000000,0.000135126924,0.000132809828,0.000000000000,0.000139245869,0.000137400987,0.000000000000,0.000138015948,0.000138015948,0.000000000000,0.000097681559,0.000092370221,0.000000000000,0.000102465563,0.000097320892,0.000000000000,0.000099077747,0.000098309403,0.000000000000,0.000061081236,0.000060359311,0.000000000000,0.000071527169,0.000072063091,0.000000000000,0.000069639902,0.000071394371,0.000000000000,0.000052071759,0.000052085478,0.000000000000,0.000058982159,0.000059783566,0.000000000000,0.000059522285,0.000059532289,0.000000000000,0.000035301200,0.000034439858,0.000000000000,0.000039151005,0.000040617396,0.000000000000,0.000040461856,0.000038743442
221,0.000000000000,0.000135126924,0.000132809828,0.000000000000,0.000139245869,0.000137400987,0.000000000000,0.000138015948,0.000138015948,0.000000000000,0.000097681559,0.000092452240,0.000000000000,0.000102465563,0.000097320892,0.000000000000,0.000099077747,0.000098341418,0.000000000000,0.000061081236,0.000060464988,0.000000000000,0.000071527169,0.000072063091,0.000000000000,0.000069666610,0.000071394371,0.000000000000,0.000052071759,0.000052114783,0.000000000000,0.000059034227,0.000059812317,0.000000000000,0.000059541074,0.000059532289,0.000000000000,0.000035379731,0.000034469017,0.000000000000,0.000039188341,0.000040617574,0.000000000000,0.000040461856,0.000038743442
222,0.000000000000,0.000135126924,0.000132809828,0.000000000000,0.000139245869,0.000137400987,0.000000000000,0.000138015948,0.000138015948,0.000000000000,0.000097681559,0.000092668263,0.000000000000,0.000102465563,0.000097320892,0.000000000000,0.000099077747,0.000098341418,0.000000000000,0.000061081236,0.000060464988,0.000000000000,0.000071527169,0.000072063091,0.000000000000,0.000069845320,0.000071394371,0.000000000000,0.000052071759,0.000052142357,0.000000000000,0.000059034227,0.000059812317,0.000000000000,0.000059599322,0.000059561413,0.000000000000,0.000035453490,0.000034488572,0.000000000000,0.000039201000,0.000040693193,0.000000000000,0.000040461856,0.000038781878
223,0.000000000000,0.000135126924,0.000132809828,0.000000000000,0.000139245869,0.000137400987,0.000000000000,0.000138015948,0.000138015948,0.000000000000,0.000097681559,0.000092668263,0.000000000000,0.000102623381,0.000097531245,0.000000000000,0.000099077747,0.000098341418,0.000000000000,0.000061270032,0.000060464988,0.000000000000,0.000071527169,0.000072063091,0.000000000000,0.000069845320,0.000071394371,0.000000000000,0.000052185391,0.000052220295,0.000000000000,0.000059137443,0.000059905583,0.000000000000,0.000059619887,0.000059627416,0.000000000000,0.000035453490,0.000034514790,0.000000000000,0.000039214500,0.000040700324,0.000000000000,0.000040505346,0.000038781878
224,0.000000000000,0.000135126924,0.000132809828,0.000000000000,0.000139245869,0.000137400987,0.000000000000,0.000138015948,0.000138015948,0.000000000000,0.000097681559,0.000092668263,0.000000000000,0.000102623381,0.000097531245,0.000000000000,0.000099077747,0.000098341418,0.000000000000,0.000061270032,0.000060620402,0.000000000000,0.000071635331,0.000072075286,0.000000000000,0.000069848674,0.000071394371,0.000000000000,0.000052283329,0.000052233371,0.000000000000,0.000059194029,0.000059918367,0.000000000000,0.000059944919,0.000059627416,0.000000000000,0.000035453490,0.000034569627,0.000000000000,0.000039214500,0.000040700324,0.000000000000,0.000040520675,0.000038797665
225,0.000000000000,0.000135126924,0.000132809828,0.000000000000,0.000139245869,0.000137400987,0.000000000000,0.000138015948,0.000138015948,0.000000000000,0.000097681559,0.000092668263,0.000000000000,0.000102623381,0.000097531245,0.000000000000,0.000099077747,0.000098341418,0.000000000000,0.000061270032,0.000060632400,0.000000000000,0.000071635331,0.000072230161,0.000000000000,0.000069870444,0.000071411250,0.000000000000,0.000052555724,0.000052246775,0.000000000000,0.000059231089,0.000059918367,0.000000000000,0.000059944919,0.000059674075,0.000000000000,0.000035453490,0.000034681667,0.000000000000,0.000039214500,0.000040700324,0.000000000000,0.000040615559,0.000038797665
226,0.000000000000,0.000135126924,0.000132809828,0.000000000000,0.000139245869,0.000137400987,0.000000000000,0.000138015948,0.000138015948,0.000000000000,0.000097681559,0.000092704523,0.000000000000,0.000102623381,0.000097531245,0.000000000000,0.000099077747,0.000098565926,0.000000000000,0.000061270032,0.000060639520,0.000000000000,0.000071752715,0.000072230161,0.000000000000,0.000069946271,0.000071431431,0.000000000000,0.000052555724,0.000052246775,0.000000000000,0.000059244445,0.000059986712,0.000000000000,0.000060100659,0.000059897780,0.000000000000,0.000035453490,0.000034681667,0.000000000000,0.000039214500,0.000040764457,0.000000000000,0.000040673149,0.000038810335
227,0.000000000000,0.000135126924,0.000132809828,0.000000000000,0.000139245869,0.000137400987,0.000000000000,0.000138015948,0.000138015948,0.000000000000,0.000097838191,0.000092905289,0.000000000000,0.000102623381,0.000097531245,0.000000000000,0.000099077747,0.000098565926,0.000000000000,0.000061270032,0.000060665122,0.000000000000,0.000071786555,0.000072230161,0.000000000000,0.000069946271,0.000071431431,0.000000000000,0.000052555724,0.000052246775,0.000000000000,0.000059258872,0.000059987930,0.000000000000,0.000060100659,0.000059897780,0.000000000000,0.000035493797,0.000034681667,0.000000000000,0.000039223259,0.000040764457,0.000000000000,0.000040674992,0.000038886845
228,0.000000000000,0.000135126924,0.000132809828,0.000000000000,0.000139245869,0.000137400987,0.000000000000,0.000138015948,0.000138015948,0.000000000000,0.000097838191,0.000092905289,0.000000000000,0.000102623381,0.000097531245,0.000000000000,0.000099163132,0.000098565926,0.000000000000,0.000061270032,0.000060759590,0.000000000000,0.000071793340,0.000072256942,0.000000000000,0.000069946271,0.000071431431,0.000000000000,0.000052604165,0.000052253214,0.000000000000,0.000059297282,0.000059987930,0.000000000000,0.000060191135,0.000059897780,0.000000000000,0.000035507492,0.000034724145,0.000000000000,0.000039228017,0.000040787778,0.000000000000,0.000040674992,0.000038886845
229,0.000000000000,0.000135126924,0.000132809828,0.000000000000,0.000139245869,0.000137400987,0.000000000000,0.000138015948,0.000138015948,0.000000000000,0.000097952646,0.000092908261,0.000000000000,0.000102623381,0.000097531245,0.000000000000,0.000099163132,0.000098797446,0.000000000000,0.000061324907,0.000060797936,0.000000000000,0.000071841322,0.000072385952,0.000000000000,0.000069946271,0.000071448663,0.000000000000,0.000052604165,0.000052376095,0.000000000000,0.000059317242,0.000060035371,0.000000000000,0.000060191135,0.000059897780,0.000000000000,0.000035507492,0.000034724145,0.000000000000,0.000039229811,0.000040787778,0.000000000000,0.000040722651,0.000038886845
230,0.000000000000,0.000135126924,0.000132809828,0.000000000000,0.000139245869,0.000137400987,0.000000000000,0.000138015948,0.000138015948,0.000000000000,0.000098233155,0.000092908261,0.000000000000,0.000102623381,0.000097620664,0.000000000000,0.000099163132,0.000098797446,0.000000000000,0.000061324907,0.000060808586,0.000000000000,0.000071841322,0.000072392105,0.000000000000,0.000069946271,0.000071448663,0.000000000000,0.000052604165,0.000052416818,0.000000000000,0.000059326572,0.000060209063,0.000000000000,0.000060191135,0.000059994973,0.000000000000,0.000035521510,0.000034725896,0.000000000000,0.000039229811,0.000040808793,0.000000000000,0.000040738980,0.000038886845
231,0.000000000000,0.000135126924,0.000132809828,0.000000000000,0.000139245869,0.000137400987,0.000000000000,0.000138015948,0.000138015948,0.000000000000,0.000098233155,0.000092965909,0.000000000000,0.000102623381,0.000097620664,0.000000000000,0.000099163642,0.000098797446,0.000000000000,0.000061332379,0.000060849673,0.000000000000,0.000071841322,0.000072392105,0.000000000000,0.000069946271,0.000071479695,0.000000000000,0.000052787599,0.000052416818,0.000000000000,0.000059334465,0.000060754148,0.000000000000,0.000060198065,0.000059994973,0.000000000000,0.000035572356,0.000034725896,0.000000000000,0.000039292110,0.000040808793,0.000000000000,0.000040824470,0.000038935109
232,0.000000000000,0.000135126924,0.000132809828,0.000000000000,0.000139245869,0.000137400987,0.000000000000,0.000138015948,0.000138015948,0.000000000000,0.000098233155,0.000093122049,0.000000000000,0.000102623381,0.000097620664,0.000000000000,0.000099163642,0.000098797446,0.000000000000,0.000061332379,0.000060867359,0.000000000000,0.000071845651,0.000072453625,0.000000000000,0.000069946271,0.000071625510,0.000000000000,0.000053109842,0.000052436469,0.000000000000,0.000059334465,0.000060754148,0.000000000000,0.000060225361,0.000059994973,0.000000000000,0.000035572356,0.000034807910,0.000000000000,0.000039398207,0.000040808793,0.000000000000,0.000040836962,0.000038935109
233,0.000000000000,0.000135126924,0.000132809828,0.000000000000,0.000139245869,0.000137400987,0.000000000000,0.000138015948,0.000138015948,0.000000000000,0.000098308300,0.000093122049,0.000000000000,0.000102629980,0.000097620664,0.000000000000,0.000099198260,0.000098797446,0.000000000000,0.000061465228,0.000060932778,0.000000000000,0.000071879980,0.000072923575,0.000000000000,0.000069995659,0.000071625722,0.000000000000,0.000053140833,0.000052738565,0.000000000000,0.000059334465,0.000060754148,0.000000000000,0.000060225361,0.000059994973,0.000000000000,0.000035601207,0.000034807910,0.000000000000,0.000039415779,0.000040808793,0.000000000000,0.000040843979,0.000038944385
234,0.000000000000,0.000135126924,0.000132809828,0.000000000000,0.000139245869,0.000137400987,0.000000000000,0.000138015948,0.000138015948,0.000000000000,0.000098308300,0.000093122049,0.000000000000,0.000102629980,0.000097620664,0.000000000000,0.000099198260,0.000098805384,0.000000000000,0.000061827833,0.000060952094,0.000000000000,0.000072056557,0.000072923575,0.000000000000,0.000070044577,0.000071625722,0.000000000000,0.000053140833,0.000052746119,0.000000000000,0.000059345520,0.000060754148,0.000000000000,0.000060422014,0.000059994973,0.000000000000,0.000035601207,0.000034809458,0.000000000000,0.000039416478,0.000040808793,0.000000000000,0.000040901233,0.000039048245
235,0.000000000000,0.000135126924,0.000132809828,0.000000000000,0.000139245869,0.000137400987,0.000000000000,0.000138015948,0.000138015948,0.000000000000,0.000098308300,0.000093442745,0.000000000000,0.000102629980,0.000097620664,0.000000000000,0.000099198260,0.000098805384,0.000000000000,0.000061827833,0.000060952094,0.000000000000,0.000072060936,0.000073136515,0.000000000000,0.000070479111,0.000071628143,0.000000000000,0.000053169288,0.000052746119,0.000000000000,0.000059345520,0.000060754148,0.000000000000,0.000060434533,0.000060505417,0.000000000000,0.000035601207,0.000034837939,0.000000000000,0.000039557181,0.000040839773,0.000000000000,0.000040916269,0.000039103707
236,0.000000000000,0.000135126924,0.000132809828,0.000000000000,0.000139245869,0.000137400987,0.000000000000,0.000138015948,0.000138015948,0.000000000000,0.000098319718,0.000093442745,0.000000000000,0.000102629980,0.000097620664,0.000000000000,0.000099198260,0.000098805384,0.000000000000,0.000061843657,0.000060952094,0.000000000000,0.000072060936,0.000073237600,0.000000000000,0.000070557412,0.000071628143,0.000000000000,0.000053300069,0.000052873990,0.000000000000,0.000059345520,0.000060755520,0.000000000000,0.000060434533,0.000060505417,0.000000000000,0.000035605347,0.000034866504,0.000000000000,0.000039557181,0.000040894042,0.000000000000,0.000040917764,0.000039103707
237,0.000000000000,0.000135126924,0.000132809828,0.000000000000,0.000139245869,0.000137400987,0.000000000000,0.000138015948,0.000138015948,0.000000000000,0.000098319718,0.000093442745,0.000000000000,0.000102629980,0.000097622853,0.000000000000,0.000099198260,0.000098805384,0.000000000000,0.000061843657,0.000060952094,0.000000000000,0.000072060936,0.000073237600,0.000000000000,0.000070557412,0.000071851401,0.000000000000,0.000053355079,0.000052921019,0.000000000000,0.000059375291,0.000060755520,0.000000000000,0.000060462718,0.000060598829,0.000000000000,0.000035714677,0.000034921554,0.000000000000,0.000039604566,0.000040894042,0.000000000000,0.000040962511,0.000039103707
238,0.000000000000,0.000135126924,0.000132809828,0.000000000000,0.000139245869,0.000137400987,0.000000000000,0.000138015948,0.000138015948,0.000000000000,0.000098352280,0.000093442745,0.000000000000,0.000102629980,0.000097652305,0.000000000000,0.000099198260,0.000098805384,0.000000000000,0.000061866505,0.000060991603,0.000000000000,0.000072061865,0.000073277274,0.000000000000,0.000070660423,0.000071935663,0.000000000000,0.000053355079,0.000053012617,0.000000000000,0.000059375291,0.000060760653,0.000000000000,0.000060500057,0.000060598829,0.000000000000,0.000035714677,0.000035066892,0.000000000000,0.000039692534,0.000040894042,0.000000000000,0.000041040639,0.000039116951
239,0.000000000000,0.000135126924,0.000132809828,0.000000000000,0.000139245869,0.000137400987,0.000000000000,0.000138015948,0.000138015948,0.000000000000,0.000098352280,0.000093442745,0.000000000000,0.000102629980,0.000097652305,0.000000000000,0.000099198260,0.000098805384,0.000000000000,0.000061866505,0.000060991603,0.000000000000,0.000072061865,0.000073277274,0.000000000000,0.000070961930,0.000072006854,0.000000000000,0.000053355079,0.000053012617,0.000000000000,0.000059375291,0.000060955269,0.000000000000,0.000060632969,0.000060598829,0.000000000000,0.000035765747,0.000035156344,0.000000000000,0.000039692534,0.000040920430,0.000000000000,0.000041043494,0.000039118728
240,0.000000000000,0.000135126924,0.000132809828,0.000000000000,0.000139245869,0.000137400987,0.000000000000,0.000138015948,0.000138015948,0.000000000000,0.000098352280,0.000093499977,0.000000000000,0.000102629980,0.000097652305,0.000000000000,0.000099198260,0.000098826370,0.000000000000,0.000061932207,0.000061029850,0.000000000000,0.000072080499,0.000073296684,0.000000000000,0.000071052477,0.000072081749,0.000000000000,0.000053453724,0.000053043283,0.000000000000,0.000059666881,0.000060957647,0.000000000000,0.000060632969,0.000060598829,0.000000000000,0.000035765747,0.000035156344,0.000000000000,0.000039758716,0.000040922541,0.000000000000,0.000041077203,0.000039118728
241,0.000000000000,0.000135126924,0.000132809828,0.000000000000,0.000139245869,0.000137400987,0.000000000000,0.000138015948,0.000138015948,0.000000000000,0.000098352280,0.000093612688,0.000000000000,0.000102629980,0.000097652305,0.000000000000,0.000099198260,0.000098826370,0.000000000000,0.000061932207,0.000061029850,0.000000000000,0.000072591001,0.000073296684,0.000000000000,0.000071058599,0.000072126801,0.000000000000,0.000053453724,0.000053043283,0.000000000000,0.000059760185,0.000060957647,0.000000000000,0.000060632969,0.000060598829,0.000000000000,0.000035792122,0.000035161065,0.000000000000,0.000039846527,0.000040922541,0.000000000000,0.000041107346,0.000039264100
242,0.000000000000,0.000135126924,0.000132809828,0.000000000000,0.000139245869,0.000137400987,0.000000000000,0.000138015948,0.000138015948,0.000000000000,0.000098655345,0.000093612688,0.000000000000,0.000102629980,0.000097652305,0.000000000000,0.000099198260,0.000098909857,0.000000000000,0.000061932207,0.000061318092,0.000000000000,0.000072591001,0.000073296684,0.000000000000,0.000071135910,0.000072139480,0.000000000000,0.000053459162,0.000053043283,0.000000000000,0.000059760185,0.000060957647,0.000000000000,0.000060632969,0.000060598829,0.000000000000,0.000035792122,0.000035214411,0.000000000000,0.000039862616,0.000040922541,0.000000000000,0.000041172247,0.000039264100
243,0.000000000000,0.000135126924,0.000132809828,0.000000000000,0.000139245869,0.000137400987,0.000000000000,0.000138015948,0.000138015948,0.000000000000,0.000098655345,0.000093834355,0.000000000000,0.000102657121,0.000097652305,0.000000000000,0.000099281747,0.000098909857,0.000000000000,0.000062049073,0.000061425053,0.000000000000,0.000073023395,0.000073296684,0.000000000000,0.000071135910,0.000072159007,0.000000000000,0.000053459162,0.000053088951,0.000000000000,0.000059760185,0.000060974876,0.000000000000,0.000060634362,0.000060601909,0.000000000000,0.000035840052,0.000035214411,0.000000000000,0.000039870907,0.000040922541,0.000000000000,0.000041249691,0.000039264100
244,0.000000000000,0.000135126924,0.000132809828,0.000000000000,0.000139245869,0.000137400987,0.000000000000,0.000138015948,0.000138015948,0.000000000000,0.000098677373,0.000093834355,0.000000000000,0.000102657121,0.000097652305,0.000000000000,0.000099281747,0.000098909857,0.000000000000,0.000062063293,0.000061706930,0.000000000000,0.000073023395,0.000073296684,0.000000000000,0.000071135910,0.000072159007,0.000000000000,0.000053459162,0.000053228827,0.000000000000,0.000060020091,0.000061020979,0.000000000000,0.000060658568,0.000060662882,0.000000000000,0.000035862769,0.000035353061,0.000000000000,0.000039921565,0.000041090021,0.000000000000,0.000041315535,0.000039285849
245,0.000000000000,0.000135126924,0.000132809828,0.000000000000,0.000139245869,0.000137400987,0.000000000000,0.000138015948,0.000138015948,0.000000000000,0.000098964632,0.000093955571,0.000000000000,0.000102657121,0.000097652305,0.000000000000,0.000099281747,0.000098909857,0.000000000000,0.000062063293,0.000061706930,0.000000000000,0.000073023395,0.000073345448,0.000000000000,0.000071135910,0.000072159007,0.000000000000,0.000053629107,0.000053228827,0.000000000000,0.000060020091,0.000061020979,0.000000000000,0.000060661203,0.000060662882,0.000000000000,0.000035876171,0.000035353061,0.000000000000,0.000039923325,0.000041090021,0.000000000000,0.000041349848,0.000039285849
246,0.000000000000,0.000135126924,0.000132809828,0.000000000000,0.000139245869,0.000137400987,0.000000000000,0.000138015948,0.000138015948,0.000000000000,0.000099049505,0.000093955571,0.000000000000,0.000102976003,0.000097652305,0.000000000000,0.000099281747,0.000098967809,0.000000000000,0.000062063293,0.000061706930,0.000000000000,0.000073023395,0.000073345448,0.000000000000,0.000071337529,0.000072159007,0.000000000000,0.000053632103,0.000053228827,0.000000000000,0.000060020091,0.000061278850,0.000000000000,0.000060661203,0.000060662882,0.000000000000,0.000035994877,0.000035369361,0.000000000000,0.000039975377,0.000041098782,0.000000000000,0.000041414589,0.000039339604
247,0.000000000000,0.000135126924,0.000132809828,0.000000000000,0.000139245869,0.000137400987,0.000000000000,0.000138015948,0.000138015948,0.000000000000,0.000099906009,0.000093955571,0.000000000000,0.000102976003,0.000097652305,0.000000000000,0.000099281747,0.000098967809,0.000000000000,0.000062063293,0.000061724852,0.000000000000,0.000073023395,0.000073464461,0.000000000000,0.000071337529,0.000072209510,0.000000000000,0.000053632103,0.000053304512,0.000000000000,0.000060021105,0.000061278850,0.000000000000,0.000060671799,0.000060662882,0.000000000000,0.000036074062,0.000035375510,0.000000000000,0.000040043691,0.000041098782,0.000000000000,0.000041528440,0.000039413539
248,0.000000000000,0.000135126924,0.000132809828,0.000000000000,0.000139245869,0.000137400987,0.000000000000,0.000138015948,0.000138015948,0.000000000000,0.000100041974,0.000094032941,0.000000000000,0.000102976003,0.000097652305,0.000000000000,0.000099281747,0.000098967809,0.000000000000,0.000062063293,0.000061724852,0.000000000000,0.000073023395,0.000073464461,0.000000000000,0.000071380818,0.000072279103,0.000000000000,0.000053675076,0.000053320565,0.000000000000,0.000060430796,0.000061278850,0.000000000000,0.000060671799,0.000060827049,0.000000000000,0.000036091991,0.000035460201,0.000000000000,0.000040047810,0.000041278927,0.000000000000,0.000041680784,0.000039527595
249,0.000000000000,0.000135126924,0.000132809828,0.000000000000,0.000139245869,0.000137400987,0.000000000000,0.000138015948,0.000138015948,0.000000000000,0.000100041974,0.000094032941,0.000000000000,0.000102990910,0.000097652305,0.000000000000,0.000099419311,0.000098967809,0.000000000000,0.000062071108,0.000061728782,0.000000000000,0.000073245365,0.000073464461,0.000000000000,0.000071380818,0.000072331155,0.000000000000,0.000053675076,0.000053333538,0.000000000000,0.000060451382,0.000061278850,0.000000000000,0.000060671799,0.000060827049,0.000000000000,0.000036091991,0.000035483361,0.000000000000,0.000040162430,0.000041322709,0.000000000000,0.000041732335,0.000039612581
250,0.000000000000,0.000135126924,0.000133219202,0.000000000000,0.000139245869,0.000137400987,0.000000000000,0.000138015948,0.000138015948,0.000000000000,0.000100041974,0.000094032941,0.000000000000,0.000102990910,0.000097681245,0.000000000000,0.000099419311,0.000098967809,0.000000000000,0.000062299184,0.000061728782,0.000000000000,0.000073470751,0.000073636003,0.000000000000,0.000071556650,0.000072333144,0.000000000000,0.000053675076,0.000053374190,0.000000000000,0.000060522624,0.000061492906,0.000000000000,0.000060671799,0.000060827049,0.000000000000,0.000036138775,0.000035499482,0.000000000000,0.000040185483,0.000041393224,0.000000000000,0.000041822241,0.000039612581
251,0.000000000000,0.000135126924,0.000133219202,0.000000000000,0.000139245869,0.000137400987,0.000000000000,0.000138015948,0.000138015948,0.000000000000,0.000100041974,0.000094032941,0.000000000000,0.000102990910,0.000097718814,0.000000000000,0.000099419311,0.000099011536,0.000000000000,0.000062299184,0.000062043005,0.000000000000,0.000073470751,0.000073636003,0.000000000000,0.000071556650,0.000072333144,0.000000000000,0.000053785485,0.000053376939,0.000000000000,0.000060675912,0.000061604772,0.000000000000,0.000061079182,0.000060827049,0.000000000000,0.000036290440,0.000035508901,0.000000000000,0.000040209650,0.000041403914,0.000000000000,0.000041828278,0.000039612581
252,0.000000000000,0.000135126924,0.000133219202,0.000000000000,0.000139245869,0.000137400987,0.000000000000,0.000138015948,0.000138015948,0.000000000000,0.000100377570,0.000094370819,0.000000000000,0.000102990910,0.000097718814,0.000000000000,0.000099419311,0.000099011536,0.000000000000,0.000062299184,0.000062043005,0.000000000000,0.000073470751,0.000073639400,0.000000000000,0.000071556650,0.000072333144,0.000000000000,0.000053785485,0.000053376939,0.000000000000,0.000060710878,0.000061631237,0.000000000000,0.000061079182,0.000060827049,0.000000000000,0.000036290440,0.000035571210,0.000000000000,0.000040223328,0.000041403914,0.000000000000,0.000041831065,0.000039646389
253,0.000000000000,0.000135126924,0.000133219202,0.000000000000,0.000139245869,0.000137400987,0.000000000000,0.000138015948,0.000138015948,0.000000000000,0.000100377570,0.000094370819,0.000000000000,0.000102990910,0.000097718814,0.000000000000,0.000099419311,0.000099011536,0.000000000000,0.000062308871,0.000062043005,0.000000000000,0.000073470751,0.000073679815,0.000000000000,0.000071556650,0.000072333144,0.000000000000,0.000053785485,0.000053376939,0.000000000000,0.000060710878,0.000061685482,0.000000000000,0.000061112234,0.000060892438,0.000000000000,0.000036383043,0.000035587992,0.000000000000,0.000040295868,0.000041444322,0.000000000000,0.000041951182,0.000039666816
254,0.000000000000,0.000135126924,0.000133219202,0.000000000000,0.000139245869,0.000137400987,0.000000000000,0.000138015948,0.000138015948,0.000000000000,0.000100377570,0.000094431862,0.000000000000,0.000103172030,0.000097718814,0.000000000000,0.000099419311,0.000099011536,0.000000000000,0.000062308871,0.000062065120,0.000000000000,0.000073470751,0.000073679815,0.000000000000,0.000071585451,0.000072439360,0.000000000000,0.000053813670,0.000053405760,0.000000000000,0.000060710878,0.000061710613,0.000000000000,0.000061124006,0.000061015188,0.000000000000,0.000036383043,0.000035635473,0.000000000000,0.000040662440,0.000041450925,0.000000000000,0.000042026203,0.000039835775
255,0.000000000000,0.000135126924,0.000133563132,0.000000000000,0.000139245869,0.000137400987,0.000000000000,0.000138015948,0.000138015948,0.000000000000,0.000100377570,0.000094431862,0.000000000000,0.000103172030,0.000097718814,0.000000000000,0.000099419311,0.000099011536,0.000000000000,0.000062412621,0.000062206570,0.000000000000,0.000073547627,0.000073745352,0.000000000000,0.000071679412,0.000072502173,0.000000000000,0.000053813670,0.000053405760,0.000000000000,0.000060710878,0.000061756278,0.000000000000,0.000061124006,0.000061041799,0.000000000000,0.000036383043,0.000035729674,0.000000000000,0.000040716080,0.000041462207,0.000000000000,0.000042062472,0.000039840611
256,0.000000000000,0.000135126924,0.000133563132,0.000000000000,0.000139245869,0.000137400987,0.000000000000,0.000138015948,0.000138015948,0.000000000000,0.000100377570,0.000094431862,0.000000000000,0.000103172030,0.000097718814,0.000000000000,0.000099419311,0.000099011536,0.000000000000,0.000062729601,0.000062279534,0.000000000000,0.000073547627,0.000073771336,0.000000000000,0.000071679412,0.000072502173,0.000000000000,0.000053859871,0.000053408515,0.000000000000,0.000060721197,0.000061756278,0.000000000000,0.000061171547,0.000061041799,0.000000000000,0.000036383043,0.000035887790,0.000000000000,0.000040737764,0.000041542806,0.000000000000,0.000042062472,0.000039894738
257,0.000000000000,0.000135126924,0.000133563132,0.000000000000,0.000139245869,0.000137400987,0.000000000000,0.000138015948,0.000138015948,0.000000000000,0.000100377570,0.000094543158,0.000000000000,0.000103172030,0.000097718814,0.000000000000,0.000099419311,0.000099011536,0.000000000000,0.000062729601,0.000062279534,0.000000000000,0.000073547627,0.000073771336,0.000000000000,0.000071796042,0.000072511038,0.000000000000,0.000053903353,0.000053408515,0.000000000000,0.000060727760,0.000061756278,0.000000000000,0.000061171547,0.000061041799,0.000000000000,0.000036408516,0.000035887790,0.000000000000,0.000040745190,0.000041555256,0.000000000000,0.000042116521,0.000039894738
258,0.000000000000,0.000135126924,0.000133563132,0.000000000000,0.000139245869,0.000137400987,0.000000000000,0.000138015948,0.000138015948,0.000000000000,0.000100379719,0.000094659745,0.000000000000,0.000103172030,0.000097718814,0.000000000000,0.000099419311,0.000099011536,0.000000000000,0.000062752536,0.000063020325,0.000000000000,0.000073547627,0.000073926669,0.000000000000,0.000071807379,0.000072511038,0.000000000000,0.000053933797,0.000053425645,0.000000000000,0.000061030893,0.000061854758,0.000000000000,0.000061309449,0.000061241255,0.000000000000,0.000036449553,0.000035966251,0.000000000000,0.000040786662,0.000041651654,0.000000000000,0.000042214003,0.000039912292
259,0.000000000000,0.000135126924,0.000133563132,0.000000000000,0.000139245869,0.000137400987,0.000000000000,0.000138015948,0.000138015948,0.000000000000,0.000100379719,0.000094803666,0.000000000000,0.000103172030,0.000097718814,0.000000000000,0.000099419311,0.000099011536,0.000000000000,0.000062752536,0.000063079648,0.000000000000,0.000073547627,0.000073926669,0.000000000000,0.000072174699,0.000072511038,0.000000000000,0.000053933797,0.000053523235,0.000000000000,0.000061030893,0.000061879646,0.000000000000,0.000061318682,0.000061241255,0.000000000000,0.000036449553,0.000036000279,0.000000000000,0.000040799724,0.000041653311,0.000000000000,0.000042214003,0.000039990867
260,0.000000000000,0.000135126924,0.000133563132,0.000000000000,0.000139245869,0.000137400987,0.000000000000,0.000138015948,0.000138015948,0.000000000000,0.000100379719,0.000094803666,0.000000000000,0.000103172030,0.000097718814,0.000000000000,0.000099419311,0.000099011536,0.000000000000,0.000062752536,0.000063079648,0.000000000000,0.000073547627,0.000073926669,0.000000000000,0.000072174699,0.000072517923,0.000000000000,0.000053933797,0.000053542292,0.000000000000,0.000061036490,0.000061879646,0.000000000000,0.000061381876,0.000061264290,0.000000000000,0.000036455775,0.000036000279,0.000000000000,0.000040803226,0.000041653311,0.000000000000,0.000042264235,0.000040066565
261,0.000000000000,0.000135126924,0.000133563132,0.000000000000,0.000139245869,0.000137400987,0.000000000000,0.000138015948,0.000138015948,0.000000000000,0.000100379719,0.000094968144,0.000000000000,0.000103172030,0.000097718814,0.000000000000,0.000099419311,0.000099011536,0.000000000000,0.000062909665,0.000063095925,0.000000000000,0.000073547627,0.000073939351,0.000000000000,0.000072174699,0.000072591258,0.000000000000,0.000054026869,0.000053555103,0.000000000000,0.000061156237,0.000061969864,0.000000000000,0.000061381876,0.000061264290,0.000000000000,0.000036471303,0.000036039289,0.000000000000,0.000040872852,0.000041665367,0.000000000000,0.000042274907,0.000040082849
262,0.000000000000,0.000135126924,0.000133563132,0.000000000000,0.000139245869,0.000137400987,0.000000000000,0.000138015948,0.000138015948,0.000000000000,0.000100379719,0.000094968144,0.000000000000,0.000103172030,0.000097718814,0.000000000000,0.000099419311,0.000099011536,0.000000000000,0.000062968682,0.000063095925,0.000000000000,0.000073561159,0.000073939351,0.000000000000,0.000072184112,0.000072698626,0.000000000000,0.000054026869,0.000053555103,0.000000000000,0.000061156237,0.000061969864,0.000000000000,0.000061555973,0.000061289390,0.000000000000,0.000036582258,0.000036039289,0.000000000000,0.000040891783,0.000041672065,0.000000000000,0.000042305744,0.000040096371
263,0.000000000000,0.000135126924,0.000133563132,0.000000000000,0.000139245869,0.000137400987,0.000000000000,0.000138015948,0.000138015948,0.000000000000,0.000100379719,0.000094968144,0.000000000000,0.000103172030,0.000097718814,0.000000000000,0.000099419311,0.000099011536,0.000000000000,0.000063014428,0.000063095925,0.000000000000,0.000073566137,0.000074078483,0.000000000000,0.000072184112,0.000072698626,0.000000000000,0.000054047944,0.000053570801,0.000000000000,0.000061156237,0.000061978439,0.000000000000,0.000061610065,0.000061289390,0.000000000000,0.000036582258,0.000036042233,0.000000000000,0.000040899831,0.000041761490,0.000000000000,0.000042343214,0.000040097127
264,0.000000000000,0.000135126924,0.000133563132,0.000000000000,0.000139245869,0.000137400987,0.000000000000,0.000138015948,0.000138015948,0.000000000000,0.000100379719,0.000095063333,0.000000000000,0.000103172030,0.000097718814,0.000000000000,0.000099419311,0.000099011536,0.000000000000,0.000063093031,0.000063095925,0.000000000000,0.000073566137,0.000074078483,0.000000000000,0.000072440227,0.000072698626,0.000000000000,0.000054047944,0.000053570801,0.000000000000,0.000061156237,0.000061978439,0.000000000000,0.000061610065,0.000061469436,0.000000000000,0.000036602576,0.000036042233,0.000000000000,0.000040976474,0.000041769520,0.000000000000,0.000042397974,0.000040129327
265,0.000000000000,0.000135126924,0.000133563132,0.000000000000,0.000139245869,0.000137400987,0.000000000000,0.000138015948,0.000138015948,0.000000000000,0.000100379719,0.000095121591,0.000000000000,0.000103172030,0.000097718814,0.000000000000,0.000099419311,0.000099041393,0.000000000000,0.000063093031,0.000063208877,0.000000000000,0.000073629563,0.000074143585,0.000000000000,0.000072477616,0.000072698626,0.000000000000,0.000054059379,0.000053580393,0.000000000000,0.000061191827,0.000061978439,0.000000000000,0.000061727072,0.000061469436,0.000000000000,0.000036605198,0.000036289814,0.000000000000,0.000041003890,0.000041783781,0.000000000000,0.000042665167,0.000040132399
266,0.000000000000,0.000135126924,0.000133563132,0.000000000000,0.000139245869,0.000137400987,0.000000000000,0.000138015948,0.000138015948,0.000000000000,0.000100488631,0.000095121591,0.000000000000,0.000103172030,0.000097718814,0.000000000000,0.000099419311,0.000099041393,0.000000000000,0.000063144076,0.000063208877,0.000000000000,0.000073779056,0.000074143585,0.000000000000,0.000072533713,0.000073263181,0.000000000000,0.000054109862,0.000053598995,0.000000000000,0.000061191827,0.000061978439,0.000000000000,0.000061727072,0.000061531022,0.000000000000,0.000036605198,0.000036323481,0.000000000000,0.000041011866,0.000041805684,0.000000000000,0.000042665167,0.000040154236
267,0.000000000000,0.000135126924,0.000133563132,0.000000000000,0.000139245869,0.000137400987,0.000000000000,0.000138015948,0.000138015948,0.000000000000,0.000100488631,0.000095178295,0.000000000000,0.000103172030,0.000097718814,0.000000000000,0.000099419311,0.000099041393,0.000000000000,0.000063144076,0.000063243378,0.000000000000,0.000073802625,0.000074143585,0.000000000000,0.000072695319,0.000073263181,0.000000000000,0.000054109862,0.000053818838,0.000000000000,0.000061195984,0.000062015331,0.000000000000,0.000061762098,0.000061531022,0.000000000000,0.000036711011,0.000036323481,0.000000000000,0.000041023813,0.000041809078,0.000000000000,0.000042819015,0.000040154236
268,0.000000000000,0.000135126924,0.000133563132,0.000000000000,0.000139245869,0.000137400987,0.000000000000,0.000138015948,0.000138015948,0.000000000000,0.000100488631,0.000095178295,0.000000000000,0.000103172030,0.000097718814,0.000000000000,0.000099419311,0.000099046074,0.000000000000,0.000063170631,0.000063243378,0.000000000000,0.000073813436,0.000074181418,0.000000000000,0.000072781134,0.000073512925,0.000000000000,0.000054111913,0.000053818838,0.000000000000,0.000061263448,0.000062039101,0.000000000000,0.000061762098,0.000061559911,0.000000000000,0.000036714006,0.000036323481,0.000000000000,0.000041078861,0.000041809078,0.000000000000,0.000042819015,0.000040158065
269,0.000000000000,0.000135126924,0.000133563132,0.000000000000,0.000139245869,0.000137400987,0.000000000000,0.000138015948,0.000138015948,0.000000000000,0.000100488631,0.000095357450,0.000000000000,0.000103172030,0.000097718814,0.000000000000,0.000099419311,0.000099046074,0.000000000000,0.000063170631,0.000063259999,0.000000000000,0.000073881850,0.000074181418,0.000000000000,0.000072781134,0.000073512925,0.000000000000,0.000054114073,0.000053837887,0.000000000000,0.000061263448,0.000062046256,0.000000000000,0.000061762098,0.000061609165,0.000000000000,0.000036714006,0.000036394335,0.000000000000,0.000041084802,0.000041853290,0.000000000000,0.000042872567,0.000040177191
270,0.000000000000,0.000135126924,0.000134822135,0.000000000000,0.000139245869,0.000137400987,0.000000000000,0.000138015948,0.000138015948,0.000000000000,0.000100488631,0.000095594807,0.000000000000,0.000103172030,0.000097718814,0.000000000000,0.000099419311,0.000099046074,0.000000000000,0.000063170631,0.000063259999,0.000000000000,0.000073881850,0.000074181418,0.000000000000,0.000072830276,0.000073512925,0.000000000000,0.000054163774,0.000054030740,0.000000000000,0.000061263448,0.000062046256,0.000000000000,0.000061818697,0.000061627664,0.000000000000,0.000036714006,0.000036394335,0.000000000000,0.000041113266,0.000041859276,0.000000000000,0.000042929358,0.000040177191
271,0.000000000000,0.000135126924,0.000134822135,0.000000000000,0.000139245869,0.000137400987,0.000000000000,0.000138015948,0.000138015948,0.000000000000,0.000100488631,0.000095594807,0.000000000000,0.000103172030,0.000097718814,0.000000000000,0.000099419311,0.000099046074,0.000000000000,0.000063170631,0.000063267163,0.000000000000,0.000073881850,0.000074181418,0.000000000000,0.000072996645,0.000073526698,0.000000000000,0.000054163774,0.000054030740,0.000000000000,0.000061323649,0.000062050682,0.000000000000,0.000061818697,0.000061686822,0.000000000000,0.000036726840,0.000036408957,0.000000000000,0.000041115857,0.000041859276,0.000000000000,0.000042945635,0.000040233816
272,0.000000000000,0.000135126924,0.000134822135,0.000000000000,0.000139245869,0.000137400987,0.000000000000,0.000138015948,0.000138015948,0.000000000000,0.000100488631,0.000095779078,0.000000000000,0.000103172030,0.000097718814,0.000000000000,0.000099419311,0.000099046074,0.000000000000,0.000063351163,0.000063952107,0.000000000000,0.000073881850,0.000074181418,0.000000000000,0.000073062319,0.000073526698,0.000000000000,0.000054163774,0.000054034492,0.000000000000,0.000061323649,0.000062136529,0.000000000000,0.000061818697,0.000061738074,0.000000000000,0.000036895260,0.000036409829,0.000000000000,0.000041161713,0.000041877100,0.000000000000,0.000042947893,0.000040234963
273,0.000000000000,0.000135126924,0.000134920603,0.000000000000,0.000139245869,0.000137400987,0.000000000000,0.000138015948,0.000138015948,0.000000000000,0.000100569272,0.000095779078,0.000000000000,0.000103172030,0.000097718814,0.000000000000,0.000099419311,0.000099062772,0.000000000000,0.000063351163,0.000064005532,0.000000000000,0.000073886767,0.000074364066,0.000000000000,0.000073166760,0.000073636341,0.000000000000,0.000054343056,0.000054034492,0.000000000000,0.000061323649,0.000062300173,0.000000000000,0.000062021974,0.000061785119,0.000000000000,0.000036905832,0.000036460566,0.000000000000,0.000041173384,0.000042087618,0.000000000000,0.000043099021,0.000040332693
274,0.000000000000,0.000135126924,0.000134920603,0.000000000000,0.000139245869,0.000137400987,0.000000000000,0.000138015948,0.000138015948,0.000000000000,0.000100569272,0.000095779078,0.000000000000,0.000103172030,0.000097718814,0.000000000000,0.000099419311,0.000099062772,0.000000000000,0.000063351163,0.000064005532,0.000000000000,0.000073886767,0.000074364066,0.000000000000,0.000073166760,0.000073750767,0.000000000000,0.000054391896,0.000054133789,0.000000000000,0.000061358747,0.000062300173,0.000000000000,0.000062021974,0.000061785119,0.000000000000,0.000036945301,0.000036460566,0.000000000000,0.000041296170,0.000042145524,0.000000000000,0.000043239808,0.000040345247
275,0.000000000000,0.000135126924,0.000134920603,0.000000000000,0.000139245869,0.000137400987,0.000000000000,0.000138015948,0.000138015948,0.000000000000,0.000100569272,0.000095781859,0.000000000000,0.000103172030,0.000097718814,0.000000000000,0.000099419311,0.000099062772,0.000000000000,0.000063351163,0.000064005532,0.000000000000,0.000074037535,0.000074364066,0.000000000000,0.000073166760,0.000073882631,0.000000000000,0.000054477820,0.000054133789,0.000000000000,0.000061358747,0.000062317938,0.000000000000,0.000062021974,0.000061821345,0.000000000000,0.000037058741,0.000036460566,0.000000000000,0.000041296170,0.000042154786,0.000000000000,0.000043291648,0.000040417180
276,0.000000000000,0.000135126924,0.000134920603,0.000000000000,0.000139245869,0.000137400987,0.000000000000,0.000138015948,0.000138015948,0.000000000000,0.000100569272,0.000095835642,0.000000000000,0.000103172030,0.000097718814,0.000000000000,0.000099498335,0.000099071731,0.000000000000,0.000063739080,0.000064005532,0.000000000000,0.000074037535,0.000074395862,0.000000000000,0.000073166760,0.000073882631,0.000000000000,0.000054477820,0.000054152386,0.000000000000,0.000061459878,0.000062389707,0.000000000000,0.000062021974,0.000061821345,0.000000000000,0.000037059400,0.000036482648,0.000000000000,0.000041461105,0.000042154786,0.000000000000,0.000043291648,0.000040516768
277,0.000000000000,0.000135126924,0.000135453356,0.000000000000,0.000139245869,0.000137400987,0.000000000000,0.000138015948,0.000138015948,0.000000000000,0.000100569272,0.000095835642,0.000000000000,0.000103172030,0.000097718814,0.000000000000,0.000099498335,0.000099071731,0.000000000000,0.000063739080,0.000064061570,0.000000000000,0.000074073206,0.000074395862,0.000000000000,0.000073166760,0.000073947422,0.000000000000,0.000054542842,0.000054152386,0.000000000000,0.000061459878,0.000062447455,0.000000000000,0.000062021974,0.000061956483,0.000000000000,0.000037061229,0.000036482895,0.000000000000,0.000041461105,0.000042273139,0.000000000000,0.000043343637,0.000040531406
278,0.000000000000,0.000135126924,0.000135721910,0.000000000000,0.000139245869,0.000137400987,0.000000000000,0.000138015948,0.000138015948,0.000000000000,0.000100569272,0.000095835642,0.000000000000,0.000103172030,0.000097718814,0.000000000000,0.000099498335,0.000099071731,0.000000000000,0.000063739080,0.000064061570,0.000000000000,0.000074112131,0.000074395862,0.000000000000,0.000073205141,0.000073947422,0.000000000000,0.000054542842,0.000054178184,0.000000000000,0.000061487716,0.000062468469,0.000000000000,0.000062021974,0.000061956483,0.000000000000,0.000037061229,0.000036491909,0.000000000000,0.000041486747,0.000042274596,0.000000000000,0.000043428392,0.000040535240
279,0.000000000000,0.000135126924,0.000135721910,0.000000000000,0.000139245869,0.000137400987,0.000000000000,0.000138015948,0.000138015948,0.000000000000,0.000100746042,0.000095908872,0.000000000000,0.000103172030,0.000097718814,0.000000000000,0.000099498335,0.000099071731,0.000000000000,0.000063766686,0.000064061570,0.000000000000,0.000074112131,0.000074395862,0.000000000000,0.000073245666,0.000073971218,0.000000000000,0.000054601709,0.000054178184,0.000000000000,0.000061519373,0.000062495950,0.000000000000,0.000062365799,0.000062104236,0.000000000000,0.000037075123,0.000036491909,0.000000000000,0.000041506338,0.000042296326,0.000000000000,0.000043437692,0.000040612665
280,0.000000000000,0.000135126924,0.000136171065,0.000000000000,0.000139245869,0.000137400987,0.000000000000,0.000138015948,0.000138015948,0.000000000000,0.000100746042,0.000095908872,0.000000000000,0.000103172030,0.000097718814,0.000000000000,0.000099498335,0.000099071731,0.000000000000,0.000063920141,0.000064061570,0.000000000000,0.000074112131,0.000074395862,0.000000000000,0.000073245666,0.000073971218,0.000000000000,0.000054601709,0.000054205076,0.000000000000,0.000061519373,0.000062534350,0.000000000000,0.000062365799,0.000062104236,0.000000000000,0.000037080069,0.000036491909,0.000000000000,0.000041506868,0.000042341446,0.000000000000,0.000043576022,0.000040732414
281,0.000000000000,0.000135126924,0.000136171065,0.000000000000,0.000139245869,0.000137400987,0.000000000000,0.000138015948,0.000138015948,0.000000000000,0.000100777346,0.000095908872,0.000000000000,0.000103172030,0.000097718814,0.000000000000,0.000099498335,0.000099071731,0.000000000000,0.000063920141,0.000064061570,0.000000000000,0.000074410317,0.000074433742,0.000000000000,0.000073245666,0.000074003483,0.000000000000,0.000054601709,0.000054205076,0.000000000000,0.000061568847,0.000062580728,0.000000000000,0.000062365799,0.000062104236,0.000000000000,0.000037225088,0.000036519723,0.000000000000,0.000041516141,0.000042341446,0.000000000000,0.000043576917,0.000041126103
282,0.000000000000,0.000135126924,0.000136171065,0.000000000000,0.000139245869,0.000137400987,0.000000000000,0.000138015948,0.000138015948,0.000000000000,0.000100777346,0.000095908872,0.000000000000,0.000103172030,0.000097718814,0.000000000000,0.000099498335,0.000099071731,0.000000000000,0.000064087884,0.000064139475,0.000000000000,0.000074494575,0.000074433742,0.000000000000,0.000073252240,0.000074003483,0.000000000000,0.000054764139,0.000054205076,0.000000000000,0.000061754374,0.000062660222,0.000000000000,0.000062397078,0.000062155144,0.000000000000,0.000037239062,0.000036526984,0.000000000000,0.000041516141,0.000042341446,0.000000000000,0.000043580466,0.000041224397
283,0.000000000000,0.000135126924,0.000136171065,0.000000000000,0.000139245869,0.000137400987,0.000000000000,0.000138015948,0.000138015948,0.000000000000,0.000100777346,0.000095908872,0.000000000000,0.000103191943,0.000097718814,0.000000000000,0.000099498335,0.000099071731,0.000000000000,0.000064169990,0.000064204390,0.000000000000,0.000074494575,0.000074498989,0.000000000000,0.000073259549,0.000074023628,0.000000000000,0.000054764139,0.000054205076,0.000000000000,0.000061786928,0.000062704137,0.000000000000,0.000062397078,0.000062173758,0.000000000000,0.000037250301,0.000036545169,0.000000000000,0.000041516141,0.000042355344,0.000000000000,0.000043580466,0.000041224397
284,0.000000000000,0.000135126924,0.000136171065,0.000000000000,0.000139245869,0.000137400987,0.000000000000,0.000138015948,0.000138015948,0.000000000000,0.000100777346,0.000095908872,0.000000000000,0.000103191943,0.000097718814,0.000000000000,0.000099498335,0.000099071731,0.000000000000,0.000064169990,0.000064228818,0.000000000000,0.000074527572,0.000074498989,0.000000000000,0.000073275482,0.000074023628,0.000000000000,0.000054764139,0.000054210645,0.000000000000,0.000061796277,0.000062715914,0.000000000000,0.000062397078,0.000062173758,0.000000000000,0.000037274852,0.000036566561,0.000000000000,0.000041521569,0.000042371776,0.000000000000,0.000043580881,0.000041224947
285,0.000000000000,0.000135126924,0.000136171065,0.000000000000,0.000139245869,0.000137400987,0.000000000000,0.000138015948,0.000138015948,0.000000000000,0.000100777346,0.000095908872,0.000000000000,0.000103233871,0.000097796121,0.000000000000,0.000099498335,0.000099071731,0.000000000000,0.000064169990,0.000064228818,0.000000000000,0.000074543159,0.000074530137,0.000000000000,0.000073459535,0.000074197428,0.000000000000,0.000054764139,0.000054311403,0.000000000000,0.000061806651,0.000062715914,0.000000000000,0.000062397078,0.000062200732,0.000000000000,0.000037274852,0.000036581201,0.000000000000,0.000041545598,0.000042380504,0.000000000000,0.000043693754,0.000041248672
286,0.000000000000,0.000135126924,0.000136171065,0.000000000000,0.000139245869,0.000137400987,0.000000000000,0.000138015948,0.000138015948,0.000000000000,0.000100782753,0.000096183667,0.000000000000,0.000103233871,0.000097796121,0.000000000000,0.000099498335,0.000099071731,0.000000000000,0.000064169990,0.000064228818,0.000000000000,0.000074543159,0.000074530137,0.000000000000,0.000073459535,0.000074764516,0.000000000000,0.000054863946,0.000054494799,0.000000000000,0.000061817353,0.000062808413,0.000000000000,0.000062645093,0.000062217605,0.000000000000,0.000037286777,0.000036609284,0.000000000000,0.000041545598,0.000042470900,0.000000000000,0.000044020118,0.000041267350
287,0.000000000000,0.000135126924,0.000136171065,0.000000000000,0.000139245869,0.000137400987,0.000000000000,0.000138015948,0.000138015948,0.000000000000,0.000100782753,0.000096183667,0.000000000000,0.000103233871,0.000097796121,0.000000000000,0.000099498335,0.000099071731,0.000000000000,0.000064169990,0.000064228818,0.000000000000,0.000074543159,0.000074530137,0.000000000000,0.000073459535,0.000074775297,0.000000000000,0.000054891276,0.000054522524,0.000000000000,0.000061817353,0.000062826854,0.000000000000,0.000062645093,0.000062217605,0.000000000000,0.000037332788,0.000036611484,0.000000000000,0.000041545598,0.000042470900,0.000000000000,0.000044094017,0.000041267350
288,0.000000000000,0.000135126924,0.000136171065,0.000000000000,0.000139245869,0.000137400987,0.000000000000,0.000138015948,0.000138015948,0.000000000000,0.000100782753,0.000096183667,0.000000000000,0.000103233871,0.000097796121,0.000000000000,0.000099498335,0.000099071731,0.000000000000,0.000064169990,0.000064272184,0.000000000000,0.000074545596,0.000074530137,0.000000000000,0.000073459535,0.000074789676,0.000000000000,0.000054900095,0.000054522524,0.000000000000,0.000061817353,0.000063199450,0.000000000000,0.000062655718,0.000062217605,0.000000000000,0.000037360791,0.000036627503,0.000000000000,0.000041545598,0.000042501010,0.000000000000,0.000044101276,0.000041267350
289,0.000000000000,0.000135126924,0.000136171065,0.000000000000,0.000139245869,0.000137400987,0.000000000000,0.000138015948,0.000138015948,0.000000000000,0.000100892832,0.000096183667,0.000000000000,0.000103233871,0.000097796121,0.000000000000,0.000099498335,0.000099071731,0.000000000000,0.000064169990,0.000065219983,0.000000000000,0.000074545596,0.000074530137,0.000000000000,0.000073472376,0.000074830722,0.000000000000,0.000054948411,0.000054522524,0.000000000000,0.000061983644,0.000063199450,0.000000000000,0.000062655718,0.000062244803,0.000000000000,0.000037360796,0.000036641391,0.000000000000,0.000041545598,0.000042501010,0.000000000000,0.000044160022,0.000041267350
290,0.000000000000,0.000135126924,0.000136171065,0.000000000000,0.000139245869,0.000137400987,0.000000000000,0.000138015948,0.000138015948,0.000000000000,0.000100892832,0.000096400635,0.000000000000,0.000103233871,0.000097796121,0.000000000000,0.000099498335,0.000099071731,0.000000000000,0.000064212102,0.000065219983,0.000000000000,0.000074545596,0.000074530137,0.000000000000,0.000073472376,0.000074830722,0.000000000000,0.000055194348,0.000054602982,0.000000000000,0.000062011947,0.000063199450,0.000000000000,0.000062686155,0.000062244803,0.000000000000,0.000037395789,0.000036698933,0.000000000000,0.000041596307,0.000042501010,0.000000000000,0.000044160022,0.000041267350
291,0.000000000000,0.000135126924,0.000136171065,0.000000000000,0.000139245869,0.000137400987,0.000000000000,0.000138015948,0.000138015948,0.000000000000,0.000100892832,0.000096400635,0.000000000000,0.000103233871,0.000097796121,0.000000000000,0.000099498335,0.000099071731,0.000000000000,0.000064212102,0.000065219983,0.000000000000,0.000074545596,0.000074557945,0.000000000000,0.000073472376,0.000074830722,0.000000000000,0.000055194617,0.000054602982,0.000000000000,0.000062019139,0.000063199450,0.000000000000,0.000062697599,0.000062285809,0.000000000000,0.000037400561,0.000036698933,0.000000000000,0.000041679863,0.000042502626,0.000000000000,0.000044169714,0.000041269861
292,0.000000000000,0.000135126924,0.000136171065,0.000000000000,0.000139245869,0.000137400987,0.000000000000,0.000138015948,0.000138015948,0.000000000000,0.000100936627,0.000096400635,0.000000000000,0.000103233871,0.000097801252,0.000000000000,0.000099498335,0.000099090770,0.000000000000,0.000064212102,0.000065219983,0.000000000000,0.000074611683,0.000074576870,0.000000000000,0.000073496565,0.000074844731,0.000000000000,0.000055198714,0.000054602982,0.000000000000,0.000062019139,0.000063327427,0.000000000000,0.000062714415,0.000062285809,0.000000000000,0.000037400561,0.000036699526,0.000000000000,0.000041679863,0.000042503618,0.000000000000,0.000044229698,0.000041269861
293,0.000000000000,0.000135126924,0.000136171065,0.000000000000,0.000139245869,0.000137400987,0.000000000000,0.000138015948,0.000138015948,0.000000000000,0.000100936627,0.000096400635,0.000000000000,0.000103424540,0.000097801252,0.000000000000,0.000099498335,0.000099090770,0.000000000000,0.000064351355,0.000065219983,0.000000000000,0.000074611683,0.000074576870,0.000000000000,0.000073496565,0.000074859331,0.000000000000,0.000055198714,0.000054602982,0.000000000000,0.000062086204,0.000063327427,0.000000000000,0.000062730520,0.000062294655,0.000000000000,0.000037400561,0.000036743874,0.000000000000,0.000041700058,0.000042585544,0.000000000000,0.000044362526,0.000041277595
294,0.000000000000,0.000135126924,0.000136171065,0.000000000000,0.000139245869,0.000137400987,0.000000000000,0.000138015948,0.000138015948,0.000000000000,0.000100936627,0.000096400635,0.000000000000,0.000103568362,0.000097801252,0.000000000000,0.000099498335,0.000099090770,0.000000000000,0.000064351355,0.000065261205,0.000000000000,0.000074647610,0.000074576870,0.000000000000,0.000073582091,0.000074859331,0.000000000000,0.000055198714,0.000054602982,0.000000000000,0.000062113443,0.000063729107,0.000000000000,0.000062739218,0.000062294655,0.000000000000,0.000037418847,0.000036743874,0.000000000000,0.000041763361,0.000042587188,0.000000000000,0.000044384613,0.000041277595
295,0.000000000000,0.000135516957,0.000136171065,0.000000000000,0.000139245869,0.000137400987,0.000000000000,0.000138015948,0.000138015948,0.000000000000,0.000100936627,0.000096400635,0.000000000000,0.000103568362,0.000097801252,0.000000000000,0.000099498335,0.000099090770,0.000000000000,0.000064402668,0.000065261205,0.000000000000,0.000074647610,0.000074576870,0.000000000000,0.000073811947,0.000074859331,0.000000000000,0.000055243490,0.000054674251,0.000000000000,0.000062156612,0.000063729107,0.000000000000,0.000062739218,0.000062406469,0.000000000000,0.000037458639,0.000036745361,0.000000000000,0.000041877449,0.000042603386,0.000000000000,0.000044384613,0.000041277595
296,0.000000000000,0.000135516957,0.000136171065,0.000000000000,0.000139245869,0.000137400987,0.000000000000,0.000138015948,0.000138015948,0.000000000000,0.000100936627,0.000096400635,0.000000000000,0.000103568362,0.000097801252,0.000000000000,0.000099498335,0.000099090770,0.000000000000,0.000064402668,0.000065261205,0.000000000000,0.000074647610,0.000074576870,0.000000000000,0.000073811947,0.000074859331,0.000000000000,0.000055243490,0.000054687417,0.000000000000,0.000062162774,0.000063729107,0.000000000000,0.000062806739,0.000062406469,0.000000000000,0.000037473761,0.000036798538,0.000000000000,0.000041877449,0.000042604389,0.000000000000,0.000044399317,0.000041277689
297,0.000000000000,0.000135516957,0.000136171065,0.000000000000,0.000139245869,0.000137400987,0.000000000000,0.000138015948,0.000138015948,0.000000000000,0.000100936627,0.000096400635,0.000000000000,0.000103568362,0.000097801252,0.000000000000,0.000099498335,0.000099090770,0.000000000000,0.000064402668,0.000065264147,0.000000000000,0.000074647610,0.000074576870,0.000000000000,0.000073811947,0.000075185894,0.000000000000,0.000055255133,0.000054813088,0.000000000000,0.000062170024,0.000063729107,0.000000000000,0.000062840464,0.000062453710,0.000000000000,0.000037473761,0.000036810168,0.000000000000,0.000041987295,0.000042622359,0.000000000000,0.000044402107,0.000041431923
298,0.000000000000,0.000135724460,0.000136171065,0.000000000000,0.000139245869,0.000137400987,0.000000000000,0.000138015948,0.000138015948,0.000000000000,0.000101095844,0.000096400635,0.000000000000,0.000103568362,0.000097801252,0.000000000000,0.000099498335,0.000099090770,0.000000000000,0.000064402668,0.000065275224,0.000000000000,0.000074663799,0.000074767346,0.000000000000,0.000073811947,0.000075220697,0.000000000000,0.000055300808,0.000054820432,0.000000000000,0.000062182198,0.000063801147,0.000000000000,0.000062907938,0.000062453710,0.000000000000,0.000037473761,0.000036810168,0.000000000000,0.000042010295,0.000042622359,0.000000000000,0.000044402107,0.000041452764
299,0.000000000000,0.000135724460,0.000136171065,0.000000000000,0.000139245869,0.000137400987,0.000000000000,0.000138015948,0.000138015948,0.000000000000,0.000101095844,0.000096400635,0.000000000000,0.000103605584,0.000097835303,0.000000000000,0.000099498335,0.000099090770,0.000000000000,0.000064402668,0.000065275224,0.000000000000,0.000074682768,0.000074767346,0.000000000000,0.000073815055,0.000075220697,0.000000000000,0.000055300808,0.000054874197,0.000000000000,0.000062326038,0.000063894482,0.000000000000,0.000063134225,0.000062453710,0.000000000000,0.000037493988,0.000036846895,0.000000000000,0.000042043070,0.000042735550,0.000000000000,0.000044419395,0.000041705230
300,0.000000000000,0.000135724460,0.000136171065,0.000000000000,0.000139245869,0.000137400987,0.000000000000,0.000138015948,0.000138015948,0.000000000000,0.000101192286,0.000096454738,0.000000000000,0.000103605584,0.000097835303,0.000000000000,0.000099498335,0.000099156807,0.000000000000,0.000064404885,0.000065295032,0.000000000000,0.000074682768,0.000074767346,0.000000000000,0.000073889106,0.000075220697,0.000000000000,0.000055377846,0.000054980683,0.000000000000,0.000062326038,0.000063894482,0.000000000000,0.000063230465,0.000062453710,0.000000000000,0.000037509440,0.000036922593,0.000000000000,0.000042098906,0.000042735550,0.000000000000,0.000044440328,0.000041706908
301,0.000000000000,0.000135724460,0.000136171065,0.000000000000,0.000139245869,0.000137400987,0.000000000000,0.000138015948,0.000138015948,0.000000000000,0.000101243833,0.000096454738,0.000000000000,0.000103605584,0.000097835303,0.000000000000,0.000099516085,0.000099156807,0.000000000000,0.000064404885,0.000065295032,0.000000000000,0.000074682768,0.000074767346,0.000000000000,0.000073889106,0.000075220697,0.000000000000,0.000055377846,0.000055013353,0.000000000000,0.000062429135,0.000063897198,0.000000000000,0.000063415886,0.000062514288,0.000000000000,0.000037640828,0.000036932915,0.000000000000,0.000042098964,0.000042735550,0.000000000000,0.000044508732,0.000041819921
302,0.000000000000,0.000135724460,0.000136171065,0.000000000000,0.000139245869,0.000137400987,0.000000000000,0.000138015948,0.000138015948,0.000000000000,0.000101243833,0.000096454738,0.000000000000,0.000103645274,0.000097835303,0.000000000000,0.000099516085,0.000099156807,0.000000000000,0.000064404885,0.000065295032,0.000000000000,0.000074744711,0.000074767346,0.000000000000,0.000073896298,0.000075220697,0.000000000000,0.000055414204,0.000055013353,0.000000000000,0.000062429135,0.000063897198,0.000000000000,0.000063415886,0.000062542447,0.000000000000,0.000037653646,0.000036938096,0.000000000000,0.000042109546,0.000043040742,0.000000000000,0.000044513345,0.000041823422
303,0.000000000000,0.000135724460,0.000136171065,0.000000000000,0.000139245869,0.000137400987,0.000000000000,0.000138015948,0.000138015948,0.000000000000,0.000101243833,0.000096454738,0.000000000000,0.000103645274,0.000097835303,0.000000000000,0.000099516085,0.000099156807,0.000000000000,0.000064425299,0.000065295032,0.000000000000,0.000074744711,0.000074966361,0.000000000000,0.000073896298,0.000075220697,0.000000000000,0.000055447467,0.000055013353,0.000000000000,0.000062434979,0.000063897781,0.000000000000,0.000063656548,0.000062542447,0.000000000000,0.000037811576,0.000036971677,0.000000000000,0.000042132833,0.000043239269,0.000000000000,0.000044517902,0.000041850070
304,0.000000000000,0.000135724460,0.000136171065,0.000000000000,0.000139245869,0.000137400987,0.000000000000,0.000138015948,0.000138015948,0.000000000000,0.000101243833,0.000096454738,0.000000000000,0.000103645274,0.000097835303,0.000000000000,0.000099516085,0.000099156807,0.000000000000,0.000064545095,0.000065371261,0.000000000000,0.000074744711,0.000074966361,0.000000000000,0.000073984392,0.000075220697,0.000000000000,0.000055539514,0.000055058180,0.000000000000,0.000062453908,0.000063897781,0.000000000000,0.000063709868,0.000062542447,0.000000000000,0.000037811576,0.000036991887,0.000000000000,0.000042158874,0.000043265360,0.000000000000,0.000044532579,0.000041850070
305,0.000000000000,0.000135784830,0.000136171065,0.000000000000,0.000139245869,0.000137400987,0.000000000000,0.000138015948,0.000138015948,0.000000000000,0.000101635523,0.000096454738,0.000000000000,0.000103645274,0.000097835303,0.000000000000,0.000099516085,0.000099156807,0.000000000000,0.000064545095,0.000065371261,0.000000000000,0.000074744711,0.000074966361,0.000000000000,0.000073984392,0.000075220697,0.000000000000,0.000055644103,0.000055071706,0.000000000000,0.000062453908,0.000063897781,0.000000000000,0.000063831794,0.000062542447,0.000000000000,0.000037811576,0.000036995434,0.000000000000,0.000042158874,0.000043265360,0.000000000000,0.000044615594,0.000041918433
306,0.000000000000,0.000137348164,0.000136171065,0.000000000000,0.000139245869,0.000137400987,0.000000000000,0.000138015948,0.000138015948,0.000000000000,0.000101635523,0.000096454738,0.000000000000,0.000103645274,0.000097835303,0.000000000000,0.000099516085,0.000099156807,0.000000000000,0.000064545095,0.000065448201,0.000000000000,0.000074746560,0.000074966361,0.000000000000,0.000074000889,0.000075502881,0.000000000000,0.000055644103,0.000055071706,0.000000000000,0.000062453908,0.000063897781,0.000000000000,0.000063831794,0.000062542447,0.000000000000,0.000037846345,0.000036999900,0.000000000000,0.000042362592,0.000043291171,0.000000000000,0.000044656071,0.000042267359
307,0.000000000000,0.000137348164,0.000136171065,0.000000000000,0.000139245869,0.000137400987,0.000000000000,0.000138015948,0.000138015948,0.000000000000,0.000101734742,0.000097280884,0.000000000000,0.000103845236,0.000097835303,0.000000000000,0.000099516085,0.000099156807,0.000000000000,0.000064545095,0.000065448201,0.000000000000,0.000074879660,0.000074966361,0.000000000000,0.000074040052,0.000075502881,0.000000000000,0.000055649428,0.000055071706,0.000000000000,0.000062482399,0.000063897781,0.000000000000,0.000063831794,0.000062542447,0.000000000000,0.000037860246,0.000037008340,0.000000000000,0.000042504130,0.000043339174,0.000000000000,0.000044656071,0.000042267359
308,0.000000000000,0.000137348164,0.000136171065,0.000000000000,0.000139245869,0.000137400987,0.000000000000,0.000138015948,0.000138015948,0.000000000000,0.000101734742,0.000097280884,0.000000000000,0.000103845236,0.000097835303,0.000000000000,0.000099516085,0.000099156807,0.000000000000,0.000064545095,0.000065448201,0.000000000000,0.000074879660,0.000074966361,0.000000000000,0.000074040052,0.000075502881,0.000000000000,0.000055666131,0.000055076383,0.000000000000,0.000062482858,0.000064148431,0.000000000000,0.000063891923,0.000062542447,0.000000000000,0.000037865181,0.000037034074,0.000000000000,0.000042526907,0.000043339174,0.000000000000,0.000044712248,0.000042369815
309,0.000000000000,0.000137348164,0.000136171065,0.000000000000,0.000139245869,0.000137400987,0.000000000000,0.000138015948,0.000138015948,0.000000000000,0.000101734742,0.000097280884,0.000000000000,0.000103845236,0.000097835303,0.000000000000,0.000099516085,0.000099156807,0.000000000000,0.000064545095,0.000065542122,0.000000000000,0.000074879660,0.000074966361,0.000000000000,0.000074123566,0.000075502881,0.000000000000,0.000055666131,0.000055122997,0.000000000000,0.000062482858,0.000064148431,0.000000000000,0.000064111741,0.000062555379,0.000000000000,0.000037865181,0.000037034074,0.000000000000,0.000042564147,0.000043355414,0.000000000000,0.000044813427,0.000042408192
310,0.000000000000,0.000137348164,0.000136171065,0.000000000000,0.000139245869,0.000137400987,0.000000000000,0.000138015948,0.000138015948,0.000000000000,0.000101742316,0.000097280884,0.000000000000,0.000103845236,0.000097835303,0.000000000000,0.000099516085,0.000099156807,0.000000000000,0.000064545095,0.000065542122,0.000000000000,0.000074879660,0.000074966361,0.000000000000,0.000074171293,0.000075502881,0.000000000000,0.000055666131,0.000055122997,0.000000000000,0.000062482858,0.000064148431,0.000000000000,0.000064249686,0.000062555379,0.000000000000,0.000037865181,0.000037034074,0.000000000000,0.000042604168,0.000043355414,0.000000000000,0.000044813427,0.000042408192
311,0.000000000000,0.000137348164,0.000136171065,0.000000000000,0.000139245869,0.000137400987,0.000000000000,0.000138015948,0.000138015948,0.000000000000,0.000101742316,0.000097287950,0.000000000000,0.000103845236,0.000097835303,0.000000000000,0.000099516085,0.000099156807,0.000000000000,0.000064625033,0.000065566032,0.000000000000,0.000074879660,0.000074966361,0.000000000000,0.000074192505,0.000075502881,0.000000000000,0.000055681948,0.000055122997,0.000000000000,0.000062482858,0.000064226243,0.000000000000,0.000064249686,0.000062578489,0.000000000000,0.000037883586,0.000037079834,0.000000000000,0.000042604749,0.000043355414,0.000000000000,0.000044873964,0.000042435016
312,0.000000000000,0.000137348164,0.000136171065,0.000000000000,0.000139245869,0.000137400987,0.000000000000,0.000138015948,0.000138015948,0.000000000000,0.000101742316,0.000097287950,0.000000000000,0.000103845236,0.000097835303,0.000000000000,0.000099516085,0.000099156807,0.000000000000,0.000064625033,0.000065566032,0.000000000000,0.000074879660,0.000074966361,0.000000000000,0.000074361666,0.000075513311,0.000000000000,0.000055681948,0.000055199681,0.000000000000,0.000062506568,0.000064226243,0.000000000000,0.000064335030,0.000062606776,0.000000000000,0.000037895415,0.000037127752,0.000000000000,0.000042618667,0.000043355414,0.000000000000,0.000044919240,0.000042573483
313,0.000000000000,0.000137348164,0.000136171065,0.000000000000,0.000139245869,0.000137400987,0.000000000000,0.000138015948,0.000138015948,0.000000000000,0.000101742316,0.000097287950,0.000000000000,0.000104053497,0.000097835303,0.000000000000,0.000099516085,0.000099156807,0.000000000000,0.000064625033,0.000065566032,0.000000000000,0.000074879660,0.000074966361,0.000000000000,0.000074361666,0.000075513311,0.000000000000,0.000055681948,0.000055199913,0.000000000000,0.000062506568,0.000064228293,0.000000000000,0.000064526681,0.000062606776,0.000000000000,0.000037895415,0.000037127752,0.000000000000,0.000042631009,0.000043512630,0.000000000000,0.000044934748,0.000042573483
314,0.000000000000,0.000137348164,0.000136171065,0.000000000000,0.000139245869,0.000137400987,0.000000000000,0.000138015948,0.000138015948,0.000000000000,0.000101742316,0.000097287950,0.000000000000,0.000104053497,0.000097835303,0.000000000000,0.000099516085,0.000099156807,0.000000000000,0.000064625033,0.000065566581,0.000000000000,0.000074943081,0.000074966361,0.000000000000,0.000074361666,0.000075539602,0.000000000000,0.000055710353,0.000055199913,0.000000000000,0.000062510702,0.000064228293,0.000000000000,0.000064526681,0.000062606776,0.000000000000,0.000037895415,0.000037188457,0.000000000000,0.000042684944,0.000043518876,0.000000000000,0.000044956539,0.000042573483
315,0.000000000000,0.000137348164,0.000136171065,0.000000000000,0.000139245869,0.000137400987,0.000000000000,0.000138015948,0.000138015948,0.000000000000,0.000101742316,0.000097287950,0.000000000000,0.000104053497,0.000097835303,0.000000000000,0.000099516085,0.000099156807,0.000000000000,0.000064625033,0.000065566581,0.000000000000,0.000074943081,0.000075073325,0.000000000000,0.000074416076,0.000075539602,0.000000000000,0.000055771146,0.000055200236,0.000000000000,0.000062510702,0.000064279864,0.000000000000,0.000064555255,0.000062606776,0.000000000000,0.000037905251,0.000037188457,0.000000000000,0.000042749032,0.000043553635,0.000000000000,0.000044984909,0.000042688752
316,0.000000000000,0.000137348164,0.000136171065,0.000000000000,0.000139245869,0.000137400987,0.000000000000,0.000138015948,0.000138015948,0.000000000000,0.000101742690,0.000097287950,0.000000000000,0.000104053497,0.000097835303,0.000000000000,0.000099516085,0.000099156807,0.000000000000,0.000064625033,0.000065566581,0.000000000000,0.000074943081,0.000075210686,0.000000000000,0.000074416076,0.000075560961,0.000000000000,0.000055783997,0.000055276385,0.000000000000,0.000062562781,0.000064279864,0.000000000000,0.000064555255,0.000062606776,0.000000000000,0.000037908876,0.000037260008,0.000000000000,0.000042764561,0.000043568255,0.000000000000,0.000044991275,0.000042713123
317,0.000000000000,0.000137348164,0.000136171065,0.000000000000,0.000139245869,0.000137400987,0.000000000000,0.000138015948,0.000138015948,0.000000000000,0.000101742690,0.000097391564,0.000000000000,0.000104053497,0.000097835303,0.000000000000,0.000099516085,0.000099156807,0.000000000000,0.000064745828,0.000065566581,0.000000000000,0.000075036743,0.000075269322,0.000000000000,0.000074450047,0.000075560961,0.000000000000,0.000055783997,0.000055276385,0.000000000000,0.000062591552,0.000064279864,0.000000000000,0.000064597299,0.000062606776,0.000000000000,0.000037908876,0.000037273166,0.000000000000,0.000042772902,0.000043610812,0.000000000000,0.000044991275,0.000042762079
318,0.000000000000,0.000137348164,0.000136171065,0.000000000000,0.000139245869,0.000137400987,0.000000000000,0.000138015948,0.000138015948,0.000000000000,0.000101742690,0.000097391564,0.000000000000,0.000104155220,0.000097835303,0.000000000000,0.000099516085,0.000099156807,0.000000000000,0.000064757484,0.000065566581,0.000000000000,0.000075036743,0.000075270852,0.000000000000,0.000074450047,0.000075560961,0.000000000000,0.000055783997,0.000055276385,0.000000000000,0.000062591552,0.000064279864,0.000000000000,0.000064696412,0.000062606776,0.000000000000,0.000037934650,0.000037273166,0.000000000000,0.000042903719,0.000043656577,0.000000000000,0.000045204664,0.000042823315
319,0.000000000000,0.000137348164,0.000136171065,0.000000000000,0.000139245869,0.000137400987,0.000000000000,0.000138015948,0.000138015948,0.000000000000,0.000101742690,0.000097432099,0.000000000000,0.000104155220,0.000097835303,0.000000000000,0.000099516085,0.000099156807,0.000000000000,0.000064757484,0.000065566581,0.000000000000,0.000075036743,0.000075270852,0.000000000000,0.000074453620,0.000075596473,0.000000000000,0.000055785317,0.000055276385,0.000000000000,0.000062591552,0.000064279864,0.000000000000,0.000064717386,0.000062606776,0.000000000000,0.000037934650,0.000037273166,0.000000000000,0.000042925897,0.000043656659,0.000000000000,0.000045214852,0.000042823315
320,0.000000000000,0.000137348164,0.000136171065,0.000000000000,0.000139245869,0.000137400987,0.000000000000,0.000138015948,0.000138015948,0.000000000000,0.000101742690,0.000097432099,0.000000000000,0.000104155220,0.000097835303,0.000000000000,0.000099516085,0.000099208747,0.000000000000,0.000064757484,0.000065743645,0.000000000000,0.000075036743,0.000075270852,0.000000000000,0.000074466815,0.000075596473,0.000000000000,0.000055785317,0.000055449270,0.000000000000,0.000062591552,0.000064285132,0.000000000000,0.000064904467,0.000062606776,0.000000000000,0.000037934650,0.000037273166,0.000000000000,0.000042925897,0.000043671219,0.000000000000,0.000045260526,0.000042832923
321,0.000000000000,0.000137348164,0.000136171065,0.000000000000,0.000139245869,0.000137400987,0.000000000000,0.000138015948,0.000138015948,0.000000000000,0.000101742690,0.000097432099,0.000000000000,0.000104155220,0.000097835303,0.000000000000,0.000099516085,0.000099208747,0.000000000000,0.000064757484,0.000065757747,0.000000000000,0.000075103148,0.000075270852,0.000000000000,0.000074486727,0.000075596473,0.000000000000,0.000055884043,0.000055449270,0.000000000000,0.000062591552,0.000064303822,0.000000000000,0.000064904467,0.000062606776,0.000000000000,0.000037997536,0.000037273166,0.000000000000,0.000042985934,0.000043671219,0.000000000000,0.000045305674,0.000042844813
322,0.000000000000,0.000137348164,0.000136171065,0.000000000000,0.000139245869,0.000137400987,0.000000000000,0.000138015948,0.000138015948,0.000000000000,0.000102013688,0.000097432099,0.000000000000,0.000104155220,0.000097835303,0.000000000000,0.000099517754,0.000099208747,0.000000000000,0.000064805530,0.000065757747,0.000000000000,0.000075103148,0.000075270852,0.000000000000,0.000074507089,0.000075596473,0.000000000000,0.000055884043,0.000055449270,0.000000000000,0.000062591552,0.000064303822,0.000000000000,0.000065040988,0.000062606776,0.000000000000,0.000037997536,0.000037355562,0.000000000000,0.000042985934,0.000043714939,0.000000000000,0.000045305674,0.000042901922
323,0.000000000000,0.000137348164,0.000136171065,0.000000000000,0.000139245869,0.000137400987,0.000000000000,0.000138015948,0.000138015948,0.000000000000,0.000102013688,0.000097432099,0.000000000000,0.000104155220,0.000097835303,0.000000000000,0.000099517754,0.000099208747,0.000000000000,0.000064805530,0.000065805657,0.000000000000,0.000075103148,0.000075270852,0.000000000000,0.000074542479,0.000075596473,0.000000000000,0.000055951183,0.000055583815,0.000000000000,0.000062592073,0.000064346867,0.000000000000,0.000065052183,0.000062606776,0.000000000000,0.000038030294,0.000037355562,0.000000000000,0.000043008694,0.000043838150,0.000000000000,0.000045354694,0.000042905643
324,0.000000000000,0.000137348164,0.000136171065,0.000000000000,0.000139245869,0.000137400987,0.000000000000,0.000138015948,0.000138015948,0.000000000000,0.000102013688,0.000097432099,0.000000000000,0.000104155220,0.000097835303,0.000000000000,0.000099517754,0.000099208747,0.000000000000,0.000064842708,0.000065838074,0.000000000000,0.000075103148,0.000075270852,0.000000000000,0.000074645936,0.000075596473,0.000000000000,0.000055951183,0.000055614644,0.000000000000,0.000062611515,0.000064346867,0.000000000000,0.000065052183,0.000062606776,0.000000000000,0.000038049653,0.000037379798,0.000000000000,0.000043119707,0.000043900699,0.000000000000,0.000045384894,0.000042905643
325,0.000000000000,0.000137348164,0.000136171065,0.000000000000,0.000139245869,0.000137400987,0.000000000000,0.000138015948,0.000138015948,0.000000000000,0.000102121208,0.000097555039,0.000000000000,0.000104155220,0.000097835303,0.000000000000,0.000099517754,0.000099208747,0.000000000000,0.000064842708,0.000065852457,0.000000000000,0.000075103148,0.000075318617,0.000000000000,0.000074700742,0.000075596473,0.000000000000,0.000056043775,0.000055614644,0.000000000000,0.000062611515,0.000064380432,0.000000000000,0.000065684236,0.000062609681,0.000000000000,0.000038049653,0.000037431212,0.000000000000,0.000043119707,0.000043909458,0.000000000000,0.000045384894,0.000042927024
326,0.000000000000,0.000137348164,0.000136171065,0.000000000000,0.000139245869,0.000137400987,0.000000000000,0.000138015948,0.000138015948,0.000000000000,0.000102121208,0.000097555039,0.000000000000,0.000104155220,0.000097835303,0.000000000000,0.000099517754,0.000099208747,0.000000000000,0.000064849782,0.000065852457,0.000000000000,0.000075103148,0.000075318617,0.000000000000,0.000074700742,0.000075596473,0.000000000000,0.000056069587,0.000055693513,0.000000000000,0.000062611515,0.000064405920,0.000000000000,0.000065776151,0.000062709410,0.000000000000,0.000038049653,0.000037431212,0.000000000000,0.000043127834,0.000043909458,0.000000000000,0.000045388285,0.000042938075
327,0.000000000000,0.000137348164,0.000136171065,0.000000000000,0.000139245869,0.000137400987,0.000000000000,0.000138015948,0.000138015948,0.000000000000,0.000102121208,0.000097663960,0.000000000000,0.000104155220,0.000098026661,0.000000000000,0.000099517754,0.000099208747,0.000000000000,0.000064849782,0.000065852457,0.000000000000,0.000075103148,0.000075318617,0.000000000000,0.000074714242,0.000075596473,0.000000000000,0.000056070924,0.000055693513,0.000000000000,0.000062611515,0.000064437042,0.000000000000,0.000065776151,0.000062786273,0.000000000000,0.000038118375,0.000037436328,0.000000000000,0.000043127834,0.000043919448,0.000000000000,0.000045388285,0.000042938075
328,0.000000000000,0.000137348164,0.000136171065,0.000000000000,0.000139245869,0.000137400987,0.000000000000,0.000138015948,0.000138015948,0.000000000000,0.000102590976,0.000097663960,0.000000000000,0.000104155220,0.000098026661,0.000000000000,0.000099517754,0.000099208747,0.000000000000,0.000064849782,0.000065852457,0.000000000000,0.000075118834,0.000075318617,0.000000000000,0.000074867078,0.000075596473,0.000000000000,0.000056166129,0.000055693513,0.000000000000,0.000062630624,0.000064456723,0.000000000000,0.000065861624,0.000062786273,0.000000000000,0.000038175288,0.000037436901,0.000000000000,0.000043168308,0.000043919448,0.000000000000,0.000045388285,0.000042938075
329,0.000000000000,0.000137348164,0.000136171065,0.000000000000,0.000139245869,0.000137400987,0.000000000000,0.000138015948,0.000138015948,0.000000000000,0.000102590976,0.000097670666,0.000000000000,0.000104155220,0.000098026661,0.000000000000,0.000099517754,0.000099208747,0.000000000000,0.000064931433,0.000065878470,0.000000000000,0.000075118834,0.000075465051,0.000000000000,0.000074892770,0.000075596473,0.000000000000,0.000056169535,0.000055955862,0.000000000000,0.000062630624,0.000064478917,0.000000000000,0.000065872611,0.000062791350,0.000000000000,0.000038186931,0.000037440093,0.000000000000,0.000043212949,0.000043919527,0.000000000000,0.000045408549,0.000043304391
330,0.000000000000,0.000137348164,0.000136171065,0.000000000000,0.000139245869,0.000137400987,0.000000000000,0.000138015948,0.000138015948,0.000000000000,0.000102590976,0.000097837668,0.000000000000,0.000104155220,0.000098026661,0.000000000000,0.000099517754,0.000099208747,0.000000000000,0.000064931433,0.000065878470,0.000000000000,0.000075118834,0.000075465051,0.000000000000,0.000074895683,0.000075596473,0.000000000000,0.000056169535,0.000055955862,0.000000000000,0.000062630624,0.000064478917,0.000000000000,0.000065883986,0.000062797464,0.000000000000,0.000038186931,0.000037440093,0.000000000000,0.000043212949,0.000043920850,0.000000000000,0.000045442710,0.000043306296
331,0.000000000000,0.000137348164,0.000136171065,0.000000000000,0.000139245869,0.000137400987,0.000000000000,0.000138015948,0.000138015948,0.000000000000,0.000102590976,0.000097837668,0.000000000000,0.000104155220,0.000098026661,0.000000000000,0.000099517754,0.000099208747,0.000000000000,0.000064931433,0.000065878470,0.000000000000,0.000075118834,0.000075465051,0.000000000000,0.000074901005,0.000075661444,0.000000000000,0.000056169535,0.000055955862,0.000000000000,0.000062630624,0.000064478917,0.000000000000,0.000065915105,0.000062797464,0.000000000000,0.000038186931,0.000037440093,0.000000000000,0.000043212949,0.000043920850,0.000000000000,0.000045461506,0.000043327933
332,0.000000000000,0.000137348164,0.000136171065,0.000000000000,0.000139245869,0.000137400987,0.000000000000,0.000138015948,0.000138015948,0.000000000000,0.000102590976,0.000097841302,0.000000000000,0.000104155220,0.000098026661,0.000000000000,0.000099591734,0.000099208747,0.000000000000,0.000064931433,0.000066040515,0.000000000000,0.000075238512,0.000075465051,0.000000000000,0.000074901005,0.000075661444,0.000000000000,0.000056169535,0.000056047787,0.000000000000,0.000062706090,0.000064478917,0.000000000000,0.000066068230,0.000062800376,0.000000000000,0.000038186931,0.000037491346,0.000000000000,0.000043356299,0.000043962016,0.000000000000,0.000045461506,0.000043327933
333,0.000000000000,0.000137348164,0.000136171065,0.000000000000,0.000139245869,0.000137400987,0.000000000000,0.000138015948,0.000138015948,0.000000000000,0.000102590976,0.000098077008,0.000000000000,0.000104155220,0.000098026661,0.000000000000,0.000099591734,0.000099230095,0.000000000000,0.000064933266,0.000066040515,0.000000000000,0.000075238512,0.000075546355,0.000000000000,0.000074901005,0.000075661444,0.000000000000,0.000056169535,0.000056166661,0.000000000000,0.000062706090,0.000064541993,0.000000000000,0.000066103051,0.000062800376,0.000000000000,0.000038186931,0.000037491346,0.000000000000,0.000043375617,0.000043962016,0.000000000000,0.000045461506,0.000043327933
334,0.000000000000,0.000137348164,0.000136171065,0.000000000000,0.000139245869,0.000137400987,0.000000000000,0.000138015948,0.000138015948,0.000000000000,0.000102590976,0.000098077008,0.000000000000,0.000104155220,0.000098066496,0.000000000000,0.000099591734,0.000099230095,0.000000000000,0.000064933266,0.000066040515,0.000000000000,0.000075238512,0.000075546355,0.000000000000,0.000074901005,0.000075661444,0.000000000000,0.000056169535,0.000056456182,0.000000000000,0.000062706090,0.000064541993,0.000000000000,0.000066423813,0.000062902125,0.000000000000,0.000038186931,0.000037491346,0.000000000000,0.000043536176,0.000043962016,0.000000000000,0.000045461506,0.000043454825
335,0.000000000000,0.000137348164,0.000136171065,0.000000000000,0.000139245869,0.000137400987,0.000000000000,0.000138015948,0.000138015948,0.000000000000,0.000102590976,0.000098101484,0.000000000000,0.000104155220,0.000098066496,0.000000000000,0.000099591734,0.000099230095,0.000000000000,0.000064933266,0.000066072929,0.000000000000,0.000075238512,0.000075546355,0.000000000000,0.000075136662,0.000075661444,0.000000000000,0.000056169535,0.000056456182,0.000000000000,0.000063152461,0.000064797163,0.000000000000,0.000066423813,0.000062902125,0.000000000000,0.000038186931,0.000037564004,0.000000000000,0.000043669751,0.000043962016,0.000000000000,0.000045463428,0.000043454825
336,0.000000000000,0.000137348164,0.000136171065,0.000000000000,0.000139245869,0.000137400987,0.000000000000,0.000138015948,0.000138015948,0.000000000000,0.000102590976,0.000098140088,0.000000000000,0.000104155220,0.000098066496,0.000000000000,0.000099591734,0.000099230095,0.000000000000,0.000064933266,0.000066072929,0.000000000000,0.000075238512,0.000075546355,0.000000000000,0.000075336660,0.000075661444,0.000000000000,0.000056204983,0.000056485421,0.000000000000,0.000063152461,0.000064890476,0.000000000000,0.000066478217,0.000062971943,0.000000000000,0.000038186931,0.000037579088,0.000000000000,0.000043669751,0.000043962016,0.000000000000,0.000045468413,0.000043488060
337,0.000000000000,0.000137348164,0.000136171065,0.000000000000,0.000139245869,0.000137400987,0.000000000000,0.000138015948,0.000138015948,0.000000000000,0.000102642621,0.000098140088,0.000000000000,0.000104155220,0.000098066496,0.000000000000,0.000099591734,0.000099230095,0.000000000000,0.000064933266,0.000066072929,0.000000000000,0.000075248535,0.000075546355,0.000000000000,0.000075336660,0.000075661444,0.000000000000,0.000056204983,0.000056490868,0.000000000000,0.000063152461,0.000064890476,0.000000000000,0.000066485071,0.000063002204,0.000000000000,0.000038197463,0.000037774301,0.000000000000,0.000043669751,0.000044045838,0.000000000000,0.000045529250,0.000043499658
338,0.000000000000,0.000137348164,0.000136171065,0.000000000000,0.000139245869,0.000137400987,0.000000000000,0.000138015948,0.000138015948,0.000000000000,0.000102642621,0.000098140088,0.000000000000,0.000104155220,0.000098434755,0.000000000000,0.000099591734,0.000099230095,0.000000000000,0.000064933266,0.000066111651,0.000000000000,0.000075248535,0.000075546355,0.000000000000,0.000075336660,0.000075661444,0.000000000000,0.000056204983,0.000056499313,0.000000000000,0.000063152461,0.000064895336,0.000000000000,0.000066513410,0.000063133792,0.000000000000,0.000038224510,0.000037774301,0.000000000000,0.000043689975,0.000044081502,0.000000000000,0.000045548951,0.000043499658
339,0.000000000000,0.000137348164,0.000136171065,0.000000000000,0.000139245869,0.000137400987,0.000000000000,0.000138015948,0.000138015948,0.000000000000,0.000102642621,0.000098140088,0.000000000000,0.000104155220,0.000098434755,0.000000000000,0.000099675221,0.000099230095,0.000000000000,0.000065029188,0.000066111651,0.000000000000,0.000075248535,0.000075923947,0.000000000000,0.000075336660,0.000075661444,0.000000000000,0.000056250124,0.000056586072,0.000000000000,0.000063152461,0.000064939954,0.000000000000,0.000066526049,0.000063135354,0.000000000000,0.000038224510,0.000037774301,0.000000000000,0.000043690747,0.000044159409,0.000000000000,0.000045550084,0.000043499658
340,0.000000000000,0.000137348164,0.000136171065,0.000000000000,0.000139245869,0.000137400987,0.000000000000,0.000138015948,0.000138015948,0.000000000000,0.000102642621,0.000098431729,0.000000000000,0.000104155220,0.000098434755,0.000000000000,0.000099675221,0.000099230095,0.000000000000,0.000065029188,0.000066111651,0.000000000000,0.000075248535,0.000075923947,0.000000000000,0.000075405586,0.000075661444,0.000000000000,0.000056250124,0.000056586072,0.000000000000,0.000063152461,0.000064939954,0.000000000000,0.000066526049,0.000063135354,0.000000000000,0.000038254485,0.000037805336,0.000000000000,0.000043807579,0.000044163454,0.000000000000,0.000045562334,0.000043529000
341,0.000000000000,0.000137348164,0.000136171065,0.000000000000,0.000139245869,0.000137400987,0.000000000000,0.000138015948,0.000138015948,0.000000000000,0.000102642621,0.000098431729,0.000000000000,0.000104155220,0.000098434755,0.000000000000,0.000099682779,0.000099230095,0.000000000000,0.000065029188,0.000066111651,0.000000000000,0.000075248535,0.000075923947,0.000000000000,0.000075419204,0.000075661444,0.000000000000,0.000056297019,0.000056587650,0.000000000000,0.000063201138,0.000064939954,0.000000000000,0.000066551296,0.000063135354,0.000000000000,0.000038276972,0.000037812043,0.000000000000,0.000043826238,0.000044292896,0.000000000000,0.000045618407,0.000043532132
342,0.000000000000,0.000137348164,0.000136171065,0.000000000000,0.000139245869,0.000137400987,0.000000000000,0.000138015948,0.000138015948,0.000000000000,0.000102642621,0.000098431729,0.000000000000,0.000104155220,0.000098434755,0.000000000000,0.000099682779,0.000099230095,0.000000000000,0.000065029188,0.000066144043,0.000000000000,0.000075275793,0.000075923947,0.000000000000,0.000075419204,0.000075717803,0.000000000000,0.000056297019,0.000056602997,0.000000000000,0.000063210145,0.000064955776,0.000000000000,0.000066551296,0.000063241199,0.000000000000,0.000038276972,0.000037830471,0.000000000000,0.000044015387,0.000044297456,0.000000000000,0.000045618407,0.000043550497
343,0.000000000000,0.000137348164,0.000136171065,0.000000000000,0.000139245869,0.000137400987,0.000000000000,0.000138015948,0.000138015948,0.000000000000,0.000102642621,0.000098606420,0.000000000000,0.000104155220,0.000098434755,0.000000000000,0.000099682779,0.000099230095,0.000000000000,0.000065067286,0.000066144043,0.000000000000,0.000075275793,0.000075923947,0.000000000000,0.000075450235,0.000075717803,0.000000000000,0.000056300085,0.000056648221,0.000000000000,0.000063210145,0.000064955776,0.000000000000,0.000066551296,0.000063241199,0.000000000000,0.000038300252,0.000037830471,0.000000000000,0.000044035915,0.000044297456,0.000000000000,0.000045659521,0.000043555719
344,0.000000000000,0.000137348164,0.000136171065,0.000000000000,0.000139245869,0.000137400987,0.000000000000,0.000138015948,0.000138015948,0.000000000000,0.000102642621,0.000098606420,0.000000000000,0.000104155220,0.000098434755,0.000000000000,0.000099682779,0.000099230095,0.000000000000,0.000065067286,0.000066144043,0.000000000000,0.000075275793,0.000075923947,0.000000000000,0.000075531895,0.000075717803,0.000000000000,0.000056300085,0.000056662545,0.000000000000,0.000063222936,0.000064955776,0.000000000000,0.000066648454,0.000063308854,0.000000000000,0.000038386176,0.000037830471,0.000000000000,0.000044145752,0.000044298265,0.000000000000,0.000045704570,0.000043601503
345,0.000000000000,0.000137348164,0.000136171065,0.000000000000,0.000139245869,0.000137400987,0.000000000000,0.000138015948,0.000138015948,0.000000000000,0.000102642621,0.000098606420,0.000000000000,0.000104155220,0.000098434755,0.000000000000,0.000099682779,0.000099230095,0.000000000000,0.000065074388,0.000066144043,0.000000000000,0.000075275793,0.000075952712,0.000000000000,0.000075531895,0.000075717803,0.000000000000,0.000056303723,0.000056736409,0.000000000000,0.000063222936,0.000064955776,0.000000000000,0.000066648454,0.000063372617,0.000000000000,0.000038407941,0.000037831720,0.000000000000,0.000044271488,0.000044298265,0.000000000000,0.000045878416,0.000043619216
346,0.000000000000,0.000137348164,0.000136171065,0.000000000000,0.000139245869,0.000137400987,0.000000000000,0.000138015948,0.000138015948,0.000000000000,0.000102642621,0.000098606420,0.000000000000,0.000104155220,0.000098434755,0.000000000000,0.000099682779,0.000099230095,0.000000000000,0.000065074388,0.000066144043,0.000000000000,0.000075275793,0.000075952712,0.000000000000,0.000075531895,0.000075717803,0.000000000000,0.000056349162,0.000056786233,0.000000000000,0.000063222936,0.000065031092,0.000000000000,0.000066752812,0.000063372617,0.000000000000,0.000038436881,0.000037831720,0.000000000000,0.000044271557,0.000044298265,0.000000000000,0.000045960818,0.000043641354
347,0.000000000000,0.000137348164,0.000136171065,0.000000000000,0.000139245869,0.000137400987,0.000000000000,0.000138015948,0.000138015948,0.000000000000,0.000102642621,0.000098868809,0.000000000000,0.000104155220,0.000098434755,0.000000000000,0.000099682779,0.000099230095,0.000000000000,0.000065096508,0.000066208038,0.000000000000,0.000075275793,0.000075952712,0.000000000000,0.000075593373,0.000075717803,0.000000000000,0.000056406098,0.000056786233,0.000000000000,0.000063222936,0.000065031407,0.000000000000,0.000066752812,0.000063413353,0.000000000000,0.000038473933,0.000037903309,0.000000000000,0.000044282507,0.000044302761,0.000000000000,0.000046007119,0.000043641354
348,0.000000000000,0.000137348164,0.000136171065,0.000000000000,0.000139245869,0.000137400987,0.000000000000,0.000138015948,0.000138015948,0.000000000000,0.000102642621,0.000098868809,0.000000000000,0.000104155220,0.000098434755,0.000000000000,0.000099682779,0.000099230095,0.000000000000,0.000065160669,0.000066595773,0.000000000000,0.000075275793,0.000076044506,0.000000000000,0.000075593373,0.000075717803,0.000000000000,0.000056456397,0.000056786233,0.000000000000,0.000063222936,0.000065031407,0.000000000000,0.000066752812,0.000063413353,0.000000000000,0.000038502506,0.000037913241,0.000000000000,0.000044330505,0.000044305241,0.000000000000,0.000046039073,0.000043663198
349,0.000000000000,0.000137348164,0.000136171065,0.000000000000,0.000139245869,0.000137400987,0.000000000000,0.000138015948,0.000138015948,0.000000000000,0.000102642621,0.000098868809,0.000000000000,0.000104155220,0.000098437824,0.000000000000,0.000099682779,0.000099230095,0.000000000000,0.000065160669,0.000066595773,0.000000000000,0.000075328615,0.000076054349,0.000000000000,0.000075593373,0.000075717803,0.000000000000,0.000056456397,0.000056877358,0.000000000000,0.000063248541,0.000065041871,0.000000000000,0.000066888082,0.000063501333,0.000000000000,0.000038502506,0.000038026654,0.000000000000,0.000044370141,0.000044387233,0.000000000000,0.000046039073,0.000043663198
350,0.000000000000,0.000137348164,0.000136171065,0.000000000000,0.000139245869,0.000137400987,0.000000000000,0.000138015948,0.000138015948,0.000000000000,0.000102642621,0.000098868809,0.000000000000,0.000104155220,0.000098437824,0.000000000000,0.000099682779,0.000099230095,0.000000000000,0.000065232527,0.000066595773,0.000000000000,0.000075328615,0.000076054349,0.000000000000,0.000075593373,0.000075717803,0.000000000000,0.000056464793,0.000056969836,0.000000000000,0.000063248541,0.000065041871,0.000000000000,0.000066956258,0.000063909421,0.000000000000,0.000038502506,0.000038045755,0.000000000000,0.000044402673,0.000044391644,0.000000000000,0.000046039073,0.000043731274
351,0.000000000000,0.000137348164,0.000136171065,0.000000000000,0.000139245869,0.000137400987,0.000000000000,0.000138015948,0.000138015948,0.000000000000,0.000102642621,0.000098868809,0.000000000000,0.000104155220,0.000098437824,0.000000000000,0.000099692127,0.000099230095,0.000000000000,0.000065232527,0.000066603468,0.000000000000,0.000075328615,0.000076054349,0.000000000000,0.000075593373,0.000075717803,0.000000000000,0.000056464793,0.000057178589,0.000000000000,0.000063248541,0.000065041871,0.000000000000,0.000067008654,0.000063913784,0.000000000000,0.000038572234,0.000038058571,0.000000000000,0.000044413691,0.000044391644,0.000000000000,0.000046039073,0.000043731274
352,0.000000000000,0.000137348164,0.000136171065,0.000000000000,0.000139245869,0.000137400987,0.000000000000,0.000138015948,0.000138015948,0.000000000000,0.000102642621,0.000098868809,0.000000000000,0.000104155220,0.000098437824,0.000000000000,0.000099692127,0.000099230095,0.000000000000,0.000065232527,0.000066603468,0.000000000000,0.000075328615,0.000076054349,0.000000000000,0.000075593373,0.000075717803,0.000000000000,0.000056501217,0.000057211474,0.000000000000,0.000063248541,0.000065041871,0.000000000000,0.000067008654,0.000063913784,0.000000000000,0.000038593355,0.000038062876,0.000000000000,0.000044449392,0.000044391644,0.000000000000,0.000046091840,0.000043740016
353,0.000000000000,0.000137348164,0.000136171065,0.000000000000,0.000139245869,0.000137400987,0.000000000000,0.000138015948,0.000138015948,0.000000000000,0.000102642621,0.000098868809,0.000000000000,0.000104155220,0.000098437824,0.000000000000,0.000099692127,0.000099230095,0.000000000000,0.000065232527,0.000066603468,0.000000000000,0.000075328615,0.000076054349,0.000000000000,0.000075593373,0.000075717803,0.000000000000,0.000056546807,0.000057211474,0.000000000000,0.000063270887,0.000065080777,0.000000000000,0.000067104371,0.000063945406,0.000000000000,0.000038593355,0.000038062876,0.000000000000,0.000044617101,0.000044391644,0.000000000000,0.000046236550,0.000043740016
354,0.000000000000,0.000137348164,0.000136171065,0.000000000000,0.000139245869,0.000137400987,0.000000000000,0.000138015948,0.000138015948,0.000000000000,0.000102642621,0.000098868809,0.000000000000,0.000104155220,0.000098437824,0.000000000000,0.000099692127,0.000099230095,0.000000000000,0.000065232527,0.000066603468,0.000000000000,0.000075386193,0.000076054349,0.000000000000,0.000075593373,0.000075717803,0.000000000000,0.000056546807,0.000057211474,0.000000000000,0.000063323925,0.000065080777,0.000000000000,0.000067119206,0.000063945406,0.000000000000,0.000038593355,0.000038195622,0.000000000000,0.000044617101,0.000044428916,0.000000000000,0.000046271941,0.000043754043
355,0.000000000000,0.000137348164,0.000136171065,0.000000000000,0.000139245869,0.000137400987,0.000000000000,0.000138015948,0.000138015948,0.000000000000,0.000102642621,0.000098868809,0.000000000000,0.000104155220,0.000098437824,0.000000000000,0.000099692127,0.000099230095,0.000000000000,0.000065277608,0.000066635814,0.000000000000,0.000075386193,0.000076128515,0.000000000000,0.000075593373,0.000075745131,0.000000000000,0.000056546807,0.000057251055,0.000000000000,0.000063323925,0.000065123906,0.000000000000,0.000067241124,0.000064020849,0.000000000000,0.000038593355,0.000038200877,0.000000000000,0.000044671353,0.000044461254,0.000000000000,0.000046311146,0.000043754043
356,0.000000000000,0.000137348164,0.000136171065,0.000000000000,0.000139245869,0.000137400987,0.000000000000,0.000138015948,0.000138015948,0.000000000000,0.000102642621,0.000098868809,0.000000000000,0.000104155220,0.000098437824,0.000000000000,0.000099692127,0.000099230095,0.000000000000,0.000065277608,0.000066635814,0.000000000000,0.000075386193,0.000076128515,0.000000000000,0.000075623661,0.000075908886,0.000000000000,0.000056569448,0.000057273329,0.000000000000,0.000063335210,0.000065133032,0.000000000000,0.000067241124,0.000064023867,0.000000000000,0.000038593355,0.000038200877,0.000000000000,0.000044719805,0.000044461254,0.000000000000,0.000046311146,0.000043817865
357,0.000000000000,0.000137348164,0.000136171065,0.000000000000,0.000139245869,0.000137400987,0.000000000000,0.000138015948,0.000138015948,0.000000000000,0.000102642621,0.000098868809,0.000000000000,0.000104155220,0.000098437824,0.000000000000,0.000099692127,0.000099230095,0.000000000000,0.000065277608,0.000066635814,0.000000000000,0.000075395920,0.000076128515,0.000000000000,0.000075623661,0.000075908886,0.000000000000,0.000056569448,0.000057292237,0.000000000000,0.000063335210,0.000065139982,0.000000000000,0.000067241124,0.000064023867,0.000000000000,0.000038593355,0.000038274119,0.000000000000,0.000044721308,0.000044472714,0.000000000000,0.000046326541,0.000043817865
358,0.000000000000,0.000137348164,0.000136171065,0.000000000000,0.000139245869,0.000137400987,0.000000000000,0.000138015948,0.000138015948,0.000000000000,0.000102642621,0.000098868809,0.000000000000,0.000104155220,0.000098437824,0.000000000000,0.000099692127,0.000099230095,0.000000000000,0.000065302576,0.000066635814,0.000000000000,0.000075395920,0.000076128515,0.000000000000,0.000075623661,0.000075908886,0.000000000000,0.000056569448,0.000057387463,0.000000000000,0.000063335210,0.000065309313,0.000000000000,0.000067290886,0.000064023867,0.000000000000,0.000038597559,0.000038274119,0.000000000000,0.000044753934,0.000044514225,0.000000000000,0.000046326541,0.000043915510
359,0.000000000000,0.000137348164,0.000136171065,0.000000000000,0.000139245869,0.000137400987,0.000000000000,0.000138015948,0.000138015948,0.000000000000,0.000102642621,0.000098868809,0.000000000000,0.000104155220,0.000098437824,0.000000000000,0.000099692127,0.000099230095,0.000000000000,0.000065302576,0.000066635814,0.000000000000,0.000075416943,0.000076128515,0.000000000000,0.000075623661,0.000075966229,0.000000000000,0.000056585300,0.000057505460,0.000000000000,0.000063375954,0.000065326599,0.000000000000,0.000067334996,0.000064080210,0.000000000000,0.000038636618,0.000038301954,0.000000000000,0.000044774836,0.000044553423,0.000000000000,0.000046338425,0.000043915510
360,0.000000000000,0.000137348164,0.000136171065,0.000000000000,0.000139245869,0.000137400987,0.000000000000,0.000138015948,0.000138015948,0.000000000000,0.000102642621,0.000098868809,0.000000000000,0.000104155220,0.000098437824,0.000000000000,0.000099692127,0.000099230095,0.000000000000,0.000065346952,0.000066687260,0.000000000000,0.000075416943,0.000076128515,0.000000000000,0.000075623661,0.000075966229,0.000000000000,0.000056585300,0.000057758363,0.000000000000,0.000063391558,0.000065326599,0.000000000000,0.000067334996,0.000064080210,0.000000000000,0.000038638121,0.000038301954,0.000000000000,0.000044774836,0.000044553423,0.000000000000,0.000046366373,0.000043915510
361,0.000000000000,0.000137706920,0.000136171065,0.000000000000,0.000139245869,0.000137400987,0.000000000000,0.000138015948,0.000138015948,0.000000000000,0.000102642621,0.000098868809,0.000000000000,0.000104155220,0.000098437824,0.000000000000,0.000099692127,0.000099230095,0.000000000000,0.000065346952,0.000066691348,0.000000000000,0.000075416943,0.000076128515,0.000000000000,0.000075623661,0.000075966229,0.000000000000,0.000056585300,0.000057773369,0.000000000000,0.000063391558,0.000065352093,0.000000000000,0.000067335717,0.000064080210,0.000000000000,0.000038642460,0.000038301954,0.000000000000,0.000044779706,0.000044577017,0.000000000000,0.000046374039,0.000043915510
362,0.000000000000,0.000137706920,0.000136171065,0.000000000000,0.000139245869,0.000137400987,0.000000000000,0.000138015948,0.000138015948,0.000000000000,0.000102642621,0.000098868809,0.000000000000,0.000104155220,0.000098437824,0.000000000000,0.000099692127,0.000099230095,0.000000000000,0.000065346952,0.000066691348,0.000000000000,0.000075416943,0.000076128515,0.000000000000,0.000075623661,0.000075966229,0.000000000000,0.000056626691,0.000057773369,0.000000000000,0.000063391558,0.000065379854,0.000000000000,0.000067388539,0.000064080210,0.000000000000,0.000038642460,0.000038362033,0.000000000000,0.000044779706,0.000044639908,0.000000000000,0.000046390079,0.000044041765
363,0.000000000000,0.000137706920,0.000136171065,0.000000000000,0.000139245869,0.000137400987,0.000000000000,0.000138015948,0.000138015948,0.000000000000,0.000102642621,0.000098868809,0.000000000000,0.000104155220,0.000098437824,0.000000000000,0.000099692127,0.000099230095,0.000000000000,0.000065346952,0.000066691348,0.000000000000,0.000075416943,0.000076128515,0.000000000000,0.000075623661,0.000075966229,0.000000000000,0.000056626691,0.000057798954,0.000000000000,0.000063391558,0.000065409059,0.000000000000,0.000067388539,0.000064080210,0.000000000000,0.000038648920,0.000038362033,0.000000000000,0.000044788224,0.000044639908,0.000000000000,0.000046427250,0.000044100348
364,0.000000000000,0.000137706920,0.000136171065,0.000000000000,0.000139245869,0.000137400987,0.000000000000,0.000138015948,0.000138015948,0.000000000000,0.000102642621,0.000098868809,0.000000000000,0.000104155220,0.000098437824,0.000000000000,0.000099692127,0.000099230095,0.000000000000,0.000065347836,0.000066691348,0.000000000000,0.000075496136,0.000076128515,0.000000000000,0.000075637433,0.000076073708,0.000000000000,0.000056627946,0.000057882675,0.000000000000,0.000063417156,0.000065473246,0.000000000000,0.000067388539,0.000064080210,0.000000000000,0.000038699254,0.000038362033,0.000000000000,0.000044827349,0.000044639908,0.000000000000,0.000046431027,0.000044168720
365,0.000000000000,0.000137706920,0.000136171065,0.000000000000,0.000139245869,0.000137400987,0.000000000000,0.000138015948,0.000138047926,0.000000000000,0.000102642621,0.000098868809,0.000000000000,0.000104155220,0.000098437824,0.000000000000,0.000099692127,0.000099230095,0.000000000000,0.000065347836,0.000066691348,0.000000000000,0.000075496136,0.000076128515,0.000000000000,0.000075637433,0.000076167863,0.000000000000,0.000056627946,0.000057882675,0.000000000000,0.000063423022,0.000065473246,0.000000000000,0.000067388539,0.000064082401,0.000000000000,0.000038699254,0.000038410325,0.000000000000,0.000044836439,0.000044667754,0.000000000000,0.000046482529,0.000044308245
366,0.000000000000,0.000137706920,0.000136171065,0.000000000000,0.000139245869,0.000137400987,0.000000000000,0.000138015948,0.000138047926,0.000000000000,0.000102790306,0.000098868809,0.000000000000,0.000104155220,0.000098437824,0.000000000000,0.000099692127,0.000099230095,0.000000000000,0.000065347836,0.000066691348,0.000000000000,0.000075496136,0.000076152127,0.000000000000,0.000075637433,0.000076253270,0.000000000000,0.000056641793,0.000058054906,0.000000000000,0.000063478987,0.000065473246,0.000000000000,0.000067401531,0.000064084446,0.000000000000,0.000038702840,0.000038410325,0.000000000000,0.000044917231,0.000044667754,0.000000000000,0.000046482529,0.000044308245
367,0.000000000000,0.000137706920,0.000136171065,0.000000000000,0.000139245869,0.000137400987,0.000000000000,0.000138015948,0.000138047926,0.000000000000,0.000102790306,0.000098868809,0.000000000000,0.000104155220,0.000098437824,0.000000000000,0.000099692127,0.000099230095,0.000000000000,0.000065347836,0.000066870362,0.000000000000,0.000075496136,0.000076152127,0.000000000000,0.000075637433,0.000076275551,0.000000000000,0.000056641793,0.000058082013,0.000000000000,0.000063478987,0.000065473246,0.000000000000,0.000067424475,0.000064094053,0.000000000000,0.000038702840,0.000038438329,0.000000000000,0.000045025569,0.000044667754,0.000000000000,0.000046486876,0.000044312416
368,0.000000000000,0.000137706920,0.000136171065,0.000000000000,0.000139245869,0.000137400987,0.000000000000,0.000138015948,0.000138047926,0.000000000000,0.000102790306,0.000098868809,0.000000000000,0.000104155220,0.000098437824,0.000000000000,0.000099692127,0.000099230095,0.000000000000,0.000065347836,0.000066870362,0.000000000000,0.000075496136,0.000076152127,0.000000000000,0.000075637433,0.000076510290,0.000000000000,0.000056641793,0.000058215310,0.000000000000,0.000063478987,0.000065473246,0.000000000000,0.000067544781,0.000064185192,0.000000000000,0.000038768088,0.000038438329,0.000000000000,0.000045074575,0.000044736685,0.000000000000,0.000046569751,0.000044352144
369,0.000000000000,0.000137706920,0.000136171065,0.000000000000,0.000139245869,0.000137400987,0.000000000000,0.000138015948,0.000138047926,0.000000000000,0.000102790306,0.000098868809,0.000000000000,0.000104155220,0.000098437824,0.000000000000,0.000099692127,0.000099230095,0.000000000000,0.000065347836,0.000066915205,0.000000000000,0.000075496136,0.000076312776,0.000000000000,0.000075637433,0.000076510290,0.000000000000,0.000056654404,0.000058230336,0.000000000000,0.000063480416,0.000065533967,0.000000000000,0.000067609559,0.000064380073,0.000000000000,0.000038777536,0.000038490958,0.000000000000,0.000045118230,0.000044741349,0.000000000000,0.000046570587,0.000044352144
370,0.000000000000,0.000137706920,0.000136171065,0.000000000000,0.000139245869,0.000137400987,0.000000000000,0.000138015948,0.000138344426,0.000000000000,0.000102790306,0.000098868809,0.000000000000,0.000104155220,0.000098437824,0.000000000000,0.000099692127,0.000099230095,0.000000000000,0.000065353839,0.000066915205,0.000000000000,0.000075496136,0.000076316557,0.000000000000,0.000075645465,0.000076510290,0.000000000000,0.000056654404,0.000058249310,0.000000000000,0.000063480416,0.000065533967,0.000000000000,0.000067622976,0.000064382291,0.000000000000,0.000038777536,0.000038490958,0.000000000000,0.000045118728,0.000044741349,0.000000000000,0.000046587183,0.000044352144
371,0.000000000000,0.000137706920,0.000136171065,0.000000000000,0.000139245869,0.000137400987,0.000000000000,0.000138015948,0.000138344426,0.000000000000,0.000102790306,0.000098876457,0.000000000000,0.000104155220,0.000098437824,0.000000000000,0.000099692127,0.000099230095,0.000000000000,0.000065364477,0.000066928501,0.000000000000,0.000075496136,0.000076316557,0.000000000000,0.000075645465,0.000076510290,0.000000000000,0.000056654404,0.000058484064,0.000000000000,0.000063568399,0.000065570703,0.000000000000,0.000067622976,0.000064382291,0.000000000000,0.000038777536,0.000038490958,0.000000000000,0.000045158024,0.000044763569,0.000000000000,0.000046641786,0.000044392391
372,0.000000000000,0.000137706920,0.000136171065,0.000000000000,0.000139245869,0.000137400987,0.000000000000,0.000138015948,0.000138344426,0.000000000000,0.000102790306,0.000098876457,0.000000000000,0.000104155220,0.000098437824,0.000000000000,0.000099692127,0.000099230095,0.000000000000,0.000065364477,0.000066928501,0.000000000000,0.000075496136,0.000076325079,0.000000000000,0.000075645465,0.000076757370,0.000000000000,0.000056691621,0.000058484064,0.000000000000,0.000063568399,0.000065650408,0.000000000000,0.000067622976,0.000064382522,0.000000000000,0.000038829254,0.000038509139,0.000000000000,0.000045266487,0.000044813560,0.000000000000,0.000046656359,0.000044464195
373,0.000000000000,0.000137706920,0.000136171065,0.000000000000,0.000139245869,0.000137400987,0.000000000000,0.000138015948,0.000138344426,0.000000000000,0.000102790306,0.000098876457,0.000000000000,0.000104155220,0.000098437824,0.000000000000,0.000099692127,0.000099230095,0.000000000000,0.000065368761,0.000066928501,0.000000000000,0.000075496136,0.000076325079,0.000000000000,0.000075645465,0.000076757370,0.000000000000,0.000056716834,0.000058484064,0.000000000000,0.000063568399,0.000065665901,0.000000000000,0.000067668708,0.000064440932,0.000000000000,0.000038829254,0.000038543715,0.000000000000,0.000045288130,0.000044813560,0.000000000000,0.000046680664,0.000044541148
374,0.000000000000,0.000137706920,0.000136171065,0.000000000000,0.000139245869,0.000137400987,0.000000000000,0.000138015948,0.000138344426,0.000000000000,0.000102790306,0.000098876457,0.000000000000,0.000104155220,0.000098437824,0.000000000000,0.000099692127,0.000099230095,0.000000000000,0.000065368761,0.000066928501,0.000000000000,0.000075496136,0.000076325079,0.000000000000,0.000075669072,0.000076757370,0.000000000000,0.000056906851,0.000058484064,0.000000000000,0.000063593809,0.000065665901,0.000000000000,0.000067668708,0.000064440932,0.000000000000,0.000038829254,0.000038543715,0.000000000000,0.000045288130,0.000044891406,0.000000000000,0.000046692981,0.000044615059
375,0.000000000000,0.000137783004,0.000136171065,0.000000000000,0.000139245869,0.000137400987,0.000000000000,0.000138015948,0.000138344426,0.000000000000,0.000102790306,0.000098876457,0.000000000000,0.000104155220,0.000098437824,0.000000000000,0.000099794910,0.000099230095,0.000000000000,0.000065394598,0.000066928501,0.000000000000,0.000075496136,0.000076466048,0.000000000000,0.000075669072,0.000076866457,0.000000000000,0.000056906851,0.000058484064,0.000000000000,0.000063593809,0.000065665901,0.000000000000,0.000067668708,0.000064467348,0.000000000000,0.000038907412,0.000038543715,0.000000000000,0.000045288130,0.000044952860,0.000000000000,0.000046769761,0.000044615059
376,0.000000000000,0.000137783004,0.000136171065,0.000000000000,0.000139245869,0.000137400987,0.000000000000,0.000138015948,0.000138344426,0.000000000000,0.000102790306,0.000098876457,0.000000000000,0.000104155220,0.000098437824,0.000000000000,0.000099794910,0.000099230095,0.000000000000,0.000065394598,0.000067063391,0.000000000000,0.000075552196,0.000076466048,0.000000000000,0.000075669072,0.000077016249,0.000000000000,0.000056906851,0.000058484064,0.000000000000,0.000063593809,0.000065665901,0.000000000000,0.000067668708,0.000064467348,0.000000000000,0.000038907412,0.000038543960,0.000000000000,0.000045310945,0.000044995356,0.000000000000,0.000046769761,0.000044615059
377,0.000000000000,0.000137783004,0.000136171065,0.000000000000,0.000139245869,0.000137400987,0.000000000000,0.000138015948,0.000138344426,0.000000000000,0.000102790306,0.000098876457,0.000000000000,0.000104155220,0.000098437824,0.000000000000,0.000099794910,0.000099230095,0.000000000000,0.000065522088,0.000067066125,0.000000000000,0.000075552196,0.000076593959,0.000000000000,0.000075881798,0.000077035993,0.000000000000,0.000056906851,0.000058484064,0.000000000000,0.000063593809,0.000065665901,0.000000000000,0.000067668708,0.000064467348,0.000000000000,0.000038996158,0.000038543960,0.000000000000,0.000045310945,0.000045067433,0.000000000000,0.000046888053,0.000044615059
378,0.000000000000,0.000137783004,0.000136171065,0.000000000000,0.000139245869,0.000137400987,0.000000000000,0.000138015948,0.000138344426,0.000000000000,0.000102790306,0.000098895715,0.000000000000,0.000104155220,0.000098437824,0.000000000000,0.000099794910,0.000099230095,0.000000000000,0.000065522088,0.000067066125,0.000000000000,0.000075552196,0.000076593959,0.000000000000,0.000075881798,0.000077035993,0.000000000000,0.000057136874,0.000058484064,0.000000000000,0.000063683748,0.000065665901,0.000000000000,0.000067794420,0.000064467348,0.000000000000,0.000038998130,0.000038629158,0.000000000000,0.000045354375,0.000045074706,0.000000000000,0.000046911489,0.000044615059
379,0.000000000000,0.000137940461,0.000136171065,0.000000000000,0.000139245869,0.000137400987,0.000000000000,0.000138015948,0.000138344426,0.000000000000,0.000102845592,0.000098895715,0.000000000000,0.000104155220,0.000098437824,0.000000000000,0.000099794910,0.000099230095,0.000000000000,0.000065631526,0.000067066125,0.000000000000,0.000075552196,0.000076631005,0.000000000000,0.000075890239,0.000077035993,0.000000000000,0.000057136874,0.000058500855,0.000000000000,0.000063683748,0.000065665901,0.000000000000,0.000068045089,0.000064519686,0.000000000000,0.000039009665,0.000038629158,0.000000000000,0.000045380221,0.000045074706,0.000000000000,0.000046914590,0.000044615059
380,0.000000000000,0.000137940461,0.000136171065,0.000000000000,0.000139245869,0.000137400987,0.000000000000,0.000138015948,0.000138344426,0.000000000000,0.000102845592,0.000098895715,0.000000000000,0.000104155220,0.000098437824,0.000000000000,0.000099794910,0.000099230095,0.000000000000,0.000065631526,0.000067253499,0.000000000000,0.000075552196,0.000076631005,0.000000000000,0.000075890239,0.000077035993,0.000000000000,0.000057154670,0.000058500855,0.000000000000,0.000063683748,0.000065665901,0.000000000000,0.000068045089,0.000064519686,0.000000000000,0.000039009665,0.000038633138,0.000000000000,0.000045388710,0.000045074706,0.000000000000,0.000046956033,0.000044618791
381,0.000000000000,0.000137940461,0.000136171065,0.000000000000,0.000139245869,0.000137400987,0.000000000000,0.000138015948,0.000138630909,0.000000000000,0.000102845592,0.000098895715,0.000000000000,0.000104155220,0.000098437824,0.000000000000,0.000099794910,0.000099230095,0.000000000000,0.000065631526,0.000067253499,0.000000000000,0.000075552196,0.000076631005,0.000000000000,0.000075890239,0.000077035993,0.000000000000,0.000057154670,0.000058500855,0.000000000000,0.000063700800,0.000065665901,0.000000000000,0.000068054539,0.000064520986,0.000000000000,0.000039013793,0.000038673767,0.000000000000,0.000045410031,0.000045078373,0.000000000000,0.000046956033,0.000044619449
382,0.000000000000,0.000137940461,0.000136171065,0.000000000000,0.000139245869,0.000137400987,0.000000000000,0.000138015948,0.000138630909,0.000000000000,0.000102845592,0.000098895715,0.000000000000,0.000104155220,0.000098437824,0.000000000000,0.000099794910,0.000099230095,0.000000000000,0.000065631526,0.000067253499,0.000000000000,0.000075552196,0.000076733132,0.000000000000,0.000075890239,0.000077071638,0.000000000000,0.000057157453,0.000058528237,0.000000000000,0.000063700800,0.000065665901,0.000000000000,0.000068054539,0.000064591727,0.000000000000,0.000039060081,0.000038711224,0.000000000000,0.000045417726,0.000045078373,0.000000000000,0.000047125026,0.000044619449
383,0.000000000000,0.000137940461,0.000136171065,0.000000000000,0.000139245869,0.000137400987,0.000000000000,0.000138015948,0.000138630909,0.000000000000,0.000102845592,0.000098895715,0.000000000000,0.000104155220,0.000098437824,0.000000000000,0.000099794910,0.000099230095,0.000000000000,0.000065702281,0.000067482798,0.000000000000,0.000075552196,0.000076733132,0.000000000000,0.000075898738,0.000077071638,0.000000000000,0.000057163349,0.000058742268,0.000000000000,0.000063700800,0.000065706048,0.000000000000,0.000068154577,0.000064601162,0.000000000000,0.000039060081,0.000038711224,0.000000000000,0.000045417726,0.000045278014,0.000000000000,0.000047228060,0.000044696196
384,0.000000000000,0.000137940461,0.000136171065,0.000000000000,0.000139245869,0.000137400987,0.000000000000,0.000138015948,0.000138630909,0.000000000000,0.000102845592,0.000098895715,0.000000000000,0.000104155220,0.000098437824,0.000000000000,0.000099794910,0.000099230095,0.000000000000,0.000065702281,0.000067482798,0.000000000000,0.000075552196,0.000076733132,0.000000000000,0.000075997444,0.000077073686,0.000000000000,0.000057223151,0.000058742268,0.000000000000,0.000063700800,0.000065706048,0.000000000000,0.000068212123,0.000064601162,0.000000000000,0.000039078389,0.000038711224,0.000000000000,0.000045417726,0.000045278014,0.000000000000,0.000047228060,0.000044696196
385,0.000000000000,0.000137940461,0.000136171065,0.000000000000,0.000139245869,0.000137400987,0.000000000000,0.000138015948,0.000138630909,0.000000000000,0.000102845592,0.000098895715,0.000000000000,0.000104155220,0.000098437824,0.000000000000,0.000099794910,0.000099230095,0.000000000000,0.000065702281,0.000067482798,0.000000000000,0.000075552196,0.000076734369,0.000000000000,0.000075997444,0.000077073686,0.000000000000,0.000057231028,0.000058742268,0.000000000000,0.000063718646,0.000065706048,0.000000000000,0.000068212123,0.000064631318,0.000000000000,0.000039078389,0.000038865998,0.000000000000,0.000045624608,0.000045326670,0.000000000000,0.000047228060,0.000044789156
386,0.000000000000,0.000137940461,0.000136171065,0.000000000000,0.000139245869,0.000137400987,0.000000000000,0.000138015948,0.000138630909,0.000000000000,0.000102845592,0.000098895715,0.000000000000,0.000104155220,0.000098437824,0.000000000000,0.000099794910,0.000099230095,0.000000000000,0.000065702281,0.000067482798,0.000000000000,0.000075552196,0.000076734369,0.000000000000,0.000075997444,0.000077225705,0.000000000000,0.000057231028,0.000058742268,0.000000000000,0.000063718646,0.000065706048,0.000000000000,0.000068212123,0.000064658357,0.000000000000,0.000039080907,0.000038869755,0.000000000000,0.000045691745,0.000045354176,0.000000000000,0.000047228060,0.000044789156
387,0.000000000000,0.000137940461,0.000136171065,0.000000000000,0.000139245869,0.000137400987,0.000000000000,0.000138015948,0.000138630909,0.000000000000,0.000102845592,0.000098895715,0.000000000000,0.000104155220,0.000098437824,0.000000000000,0.000099794910,0.000099230095,0.000000000000,0.000065702281,0.000067482798,0.000000000000,0.000075552196,0.000076734369,0.000000000000,0.000075997444,0.000077261277,0.000000000000,0.000057307641,0.000058783822,0.000000000000,0.000063718646,0.000065730186,0.000000000000,0.000068212123,0.000064670851,0.000000000000,0.000039080907,0.000038882353,0.000000000000,0.000045802356,0.000045354176,0.000000000000,0.000047243471,0.000044789156
388,0.000000000000,0.000137940461,0.000136171065,0.000000000000,0.000139245869,0.000137400987,0.000000000000,0.000138015948,0.000138630909,0.000000000000,0.000102845592,0.000098895715,0.000000000000,0.000104155220,0.000098437824,0.000000000000,0.000099794910,0.000099230095,0.000000000000,0.000065721412,0.000067482798,0.000000000000,0.000075552196,0.000076843287,0.000000000000,0.000075997444,0.000077267710,0.000000000000,0.000057307641,0.000058783822,0.000000000000,0.000063718646,0.000065780997,0.000000000000,0.000068212123,0.000064670851,0.000000000000,0.000039127528,0.000038882353,0.000000000000,0.000045802356,0.000045354176,0.000000000000,0.000047243471,0.000044790720
389,0.000000000000,0.000137940461,0.000136171065,0.000000000000,0.000139245869,0.000137400987,0.000000000000,0.000138015948,0.000138630909,0.000000000000,0.000102845592,0.000098895715,0.000000000000,0.000104155220,0.000098437824,0.000000000000,0.000099794910,0.000099230095,0.000000000000,0.000065721412,0.000067482798,0.000000000000,0.000075552196,0.000076844557,0.000000000000,0.000075997444,0.000077267710,0.000000000000,0.000057381936,0.000058847545,0.000000000000,0.000063718646,0.000065780997,0.000000000000,0.000068212123,0.000064727227,0.000000000000,0.000039183722,0.000038895518,0.000000000000,0.000045814264,0.000045354383,0.000000000000,0.000047347625,0.000044826065
390,0.000000000000,0.000137940461,0.000136171065,0.000000000000,0.000139245869,0.000137400987,0.000000000000,0.000138015948,0.000138630909,0.000000000000,0.000102845592,0.000098895715,0.000000000000,0.000104155220,0.000098437824,0.000000000000,0.000099794910,0.000099230095,0.000000000000,0.000065808250,0.000067482798,0.000000000000,0.000075578384,0.000076844557,0.000000000000,0.000075997444,0.000077267710,0.000000000000,0.000057423791,0.000058921865,0.000000000000,0.000063718646,0.000065787799,0.000000000000,0.000068249763,0.000064727227,0.000000000000,0.000039187727,0.000038895518,0.000000000000,0.000045814264,0.000045354383,0.000000000000,0.000047347625,0.000044826065
391,0.000000000000,0.000137940461,0.000136171065,0.000000000000,0.000139245869,0.000137400987,0.000000000000,0.000138015948,0.000138630909,0.000000000000,0.000102845592,0.000098895715,0.000000000000,0.000104155220,0.000098437824,0.000000000000,0.000099794910,0.000099230095,0.000000000000,0.000065808250,0.000067482798,0.000000000000,0.000075578384,0.000076844557,0.000000000000,0.000075997444,0.000077267710,0.000000000000,0.000057517890,0.000058966367,0.000000000000,0.000063718646,0.000065791177,0.000000000000,0.000068530901,0.000064744453,0.000000000000,0.000039187727,0.000039018524,0.000000000000,0.000045920740,0.000045354383,0.000000000000,0.000047402491,0.000044826065
392,0.000000000000,0.000137940461,0.000136171065,0.000000000000,0.000139245869,0.000137400987,0.000000000000,0.000138015948,0.000138630909,0.000000000000,0.000102845592,0.000099050496,0.000000000000,0.000104155220,0.000098437824,0.000000000000,0.000099794910,0.000099230095,0.000000000000,0.000065808250,0.000067617802,0.000000000000,0.000075578384,0.000076844557,0.000000000000,0.000075997444,0.000077267710,0.000000000000,0.000057783356,0.000058970111,0.000000000000,0.000063718646,0.000065806001,0.000000000000,0.000068530901,0.000064793091,0.000000000000,0.000039187727,0.000039018524,0.000000000000,0.000046011365,0.000045354479,0.000000000000,0.000047402491,0.000044833307
393,0.000000000000,0.000137940461,0.000136171065,0.000000000000,0.000139245869,0.000137400987,0.000000000000,0.000138015948,0.000138630909,0.000000000000,0.000102845592,0.000099178943,0.000000000000,0.000104155220,0.000098437824,0.000000000000,0.000099794910,0.000099230095,0.000000000000,0.000066050710,0.000067673291,0.000000000000,0.000075578384,0.000076844557,0.000000000000,0.000076004740,0.000077359612,0.000000000000,0.000057783356,0.000059147631,0.000000000000,0.000063718646,0.000065806001,0.000000000000,0.000068612313,0.000064793091,0.000000000000,0.000039187727,0.000039018524,0.000000000000,0.000046016566,0.000045420594,0.000000000000,0.000047402491,0.000044833307
394,0.000000000000,0.000137940461,0.000136171065,0.000000000000,0.000139245869,0.000137400987,0.000000000000,0.000138015948,0.000139245869,0.000000000000,0.000102845592,0.000099178943,0.000000000000,0.000104155220,0.000098437824,0.000000000000,0.000099794910,0.000099230095,0.000000000000,0.000066050710,0.000067673291,0.000000000000,0.000075578384,0.000076844557,0.000000000000,0.000076004740,0.000077371407,0.000000000000,0.000057783356,0.000059147631,0.000000000000,0.000063718646,0.000065806001,0.000000000000,0.000068612313,0.000064793091,0.000000000000,0.000039187727,0.000039018524,0.000000000000,0.000046064560,0.000045443559,0.000000000000,0.000047402491,0.000044834031
395,0.000000000000,0.000137940461,0.000136171065,0.000000000000,0.000139245869,0.000137729465,0.000000000000,0.000138015948,0.000139245869,0.000000000000,0.000102845592,0.000099191991,0.000000000000,0.000104155220,0.000098437824,0.000000000000,0.000099794910,0.000099230095,0.000000000000,0.000066050710,0.000067673291,0.000000000000,0.000075578384,0.000076844557,0.000000000000,0.000076004740,0.000077371407,0.000000000000,0.000057783356,0.000059173612,0.000000000000,0.000063720042,0.000065806001,0.000000000000,0.000068660448,0.000064890508,0.000000000000,0.000039187727,0.000039054659,0.000000000000,0.000046064560,0.000045443559,0.000000000000,0.000047408732,0.000044834031
396,0.000000000000,0.000137940461,0.000136171065,0.000000000000,0.000139245869,0.000137729465,0.000000000000,0.000138015948,0.000139245869,0.000000000000,0.000102845592,0.000099191991,0.000000000000,0.000104155220,0.000098437824,0.000000000000,0.000099794910,0.000099230095,0.000000000000,0.000066064006,0.000067673291,0.000000000000,0.000075578384,0.000076844557,0.000000000000,0.000076004740,0.000077378019,0.000000000000,0.000057801448,0.000059173612,0.000000000000,0.000063743038,0.000065806001,0.000000000000,0.000068726172,0.000064890508,0.000000000000,0.000039187727,0.000039129804,0.000000000000,0.000046072007,0.000045549089,0.000000000000,0.000047408732,0.000044876232
397,0.000000000000,0.000137940461,0.000136171065,0.000000000000,0.000139245869,0.000137729465,0.000000000000,0.000138015948,0.000139245869,0.000000000000,0.000102845592,0.000099191991,0.000000000000,0.000104155220,0.000098437824,0.000000000000,0.000099794910,0.000099230095,0.000000000000,0.000066177238,0.000067673291,0.000000000000,0.000075578384,0.000076856990,0.000000000000,0.000076004740,0.000077423942,0.000000000000,0.000057801448,0.000059177539,0.000000000000,0.000063825049,0.000065806001,0.000000000000,0.000068726172,0.000065059034,0.000000000000,0.000039187727,0.000039129804,0.000000000000,0.000046072007,0.000045554340,0.000000000000,0.000047408732,0.000044876232
398,0.000000000000,0.000137940461,0.000136171065,0.000000000000,0.000139245869,0.000137729465,0.000000000000,0.000138015948,0.000139245869,0.000000000000,0.000102845592,0.000099191991,0.000000000000,0.000104155220,0.000098437824,0.000000000000,0.000099794910,0.000099230095,0.000000000000,0.000066177238,0.000067754014,0.000000000000,0.000075665261,0.000076875148,0.000000000000,0.000076016191,0.000077423942,0.000000000000,0.000057822904,0.000059196028,0.000000000000,0.000063851170,0.000065812850,0.000000000000,0.000068726172,0.000065244615,0.000000000000,0.000039192434,0.000039174831,0.000000000000,0.000046153668,0.000045554340,0.000000000000,0.000047414616,0.000044876232
399,0.000000000000,0.000137940461,0.000136171065,0.000000000000,0.000139245869,0.000137729465,0.000000000000,0.000138015948,0.000139245869,0.000000000000,0.000102845592,0.000099191991,0.000000000000,0.000104155220,0.000098437824,0.000000000000,0.000099794910,0.000099230095,0.000000000000,0.000066177238,0.000067754014,0.000000000000,0.000075665261,0.000076875148,0.000000000000,0.000076016191,0.000077423942,0.000000000000,0.000057872517,0.000059294437,0.000000000000,0.000063851170,0.000065923101,0.000000000000,0.000068726172,0.000065261329,0.000000000000,0.000039192434,0.000039175564,0.000000000000,0.000046153668,0.000045560507,0.000000000000,0.000047428845,0.000044912315
400,0.000000000000,0.000137940461,0.000136171065,0.000000000000,0.000139245869,0.000137729465,0.000000000000,0.000138015948,0.000139245869,0.000000000000,0.000102845592,0.000099207260,0.000000000000,0.000104155220,0.000098437824,0.000000000000,0.000099794910,0.000099230095,0.000000000000,0.000066180458,0.000067754014,0.000000000000,0.000075665261,0.000076875148,0.000000000000,0.000076016191,0.000077423942,0.000000000000,0.000057935910,0.000059294437,0.000000000000,0.000063937121,0.000065923101,0.000000000000,0.000068726172,0.000065402441,0.000000000000,0.000039195000,0.000039176347,0.000000000000,0.000046164871,0.000045569231,0.000000000000,0.000047549710,0.000045025666
401,0.000000000000,0.000137940461,0.000136171065,0.000000000000,0.000139245869,0.000137729465,0.000000000000,0.000138015948,0.000139245869,0.000000000000,0.000102845592,0.000099207260,0.000000000000,0.000104155220,0.000098437824,0.000000000000,0.000099794910,0.000099230095,0.000000000000,0.000066180458,0.000067754014,0.000000000000,0.000075665261,0.000076875148,0.000000000000,0.000076016191,0.000077425305,0.000000000000,0.000057935910,0.000059379622,0.000000000000,0.000064002235,0.000065923101,0.000000000000,0.000068747715,0.000065437533,0.000000000000,0.000039195000,0.000039176347,0.000000000000,0.000046164871,0.000045569231,0.000000000000,0.000047589180,0.000045025666
402,0.000000000000,0.000137940461,0.000136171065,0.000000000000,0.000139245869,0.000137729465,0.000000000000,0.000138015948,0.000139245869,0.000000000000,0.000102845592,0.000099207260,0.000000000000,0.000104155220,0.000098437824,0.000000000000,0.000099794910,0.000099230095,0.000000000000,0.000066299269,0.000067774256,0.000000000000,0.000075665261,0.000076875148,0.000000000000,0.000076016191,0.000077425305,0.000000000000,0.000057935910,0.000059395163,0.000000000000,0.000064064114,0.000065929925,0.000000000000,0.000068807678,0.000065450172,0.000000000000,0.000039249681,0.000039176347,0.000000000000,0.000046164871,0.000045581212,0.000000000000,0.000047596564,0.000045026425
403,0.000000000000,0.000137940461,0.000136171065,0.000000000000,0.000139245869,0.000137729465,0.000000000000,0.000138015948,0.000139245869,0.000000000000,0.000102845592,0.000099207260,0.000000000000,0.000104155220,0.000098437824,0.000000000000,0.000099794910,0.000099230095,0.000000000000,0.000066489305,0.000067774256,0.000000000000,0.000075667945,0.000076875148,0.000000000000,0.000076016191,0.000077425305,0.000000000000,0.000057967966,0.000059395163,0.000000000000,0.000064064114,0.000065929925,0.000000000000,0.000068807678,0.000065472519,0.000000000000,0.000039267395,0.000039176347,0.000000000000,0.000046164871,0.000045581212,0.000000000000,0.000047619702,0.000045026425
404,0.000000000000,0.000137940461,0.000136171065,0.000000000000,0.000139245869,0.000137729465,0.000000000000,0.000138015948,0.000139245869,0.000000000000,0.000102845592,0.000099207260,0.000000000000,0.000104155220,0.000098437824,0.000000000000,0.000099794910,0.000099230095,0.000000000000,0.000066497685,0.000067774256,0.000000000000,0.000075667945,0.000076875148,0.000000000000,0.000076016191,0.000077425305,0.000000000000,0.000058002795,0.000059430568,0.000000000000,0.000064242703,0.000065929925,0.000000000000,0.000069093898,0.000065607383,0.000000000000,0.000039267395,0.000039209775,0.000000000000,0.000046164871,0.000045581212,0.000000000000,0.000047619702,0.000045026425
405,0.000000000000,0.000137940461,0.000136171065,0.000000000000,0.000139245869,0.000137729465,0.000000000000,0.000138015948,0.000139245869,0.000000000000,0.000102845592,0.000099207260,0.000000000000,0.000104155220,0.000098437824,0.000000000000,0.000099794910,0.000099230095,0.000000000000,0.000066497685,0.000067774256,0.000000000000,0.000075667945,0.000076877187,0.000000000000,0.000076016191,0.000077425305,0.000000000000,0.000058002795,0.000059430568,0.000000000000,0.000064390893,0.000066074817,0.000000000000,0.000069093898,0.000065607383,0.000000000000,0.000039273651,0.000039217629,0.000000000000,0.000046190121,0.000045581212,0.000000000000,0.000047655111,0.000045026425
406,0.000000000000,0.000137940461,0.000136171065,0.000000000000,0.000139245869,0.000138015948,0.000000000000,0.000138015948,0.000139245869,0.000000000000,0.000102845592,0.000099207260,0.000000000000,0.000104155220,0.000098437824,0.000000000000,0.000099794910,0.000099230095,0.000000000000,0.000066497685,0.000067774256,0.000000000000,0.000075721356,0.000076877187,0.000000000000,0.000076016191,0.000077425305,0.000000000000,0.000058002795,0.000059683276,0.000000000000,0.000064406691,0.000066074817,0.000000000000,0.000069131305,0.000065675252,0.000000000000,0.000039296717,0.000039217629,0.000000000000,0.000046245884,0.000045581212,0.000000000000,0.000047709463,0.000045029168
407,0.000000000000,0.000137940461,0.000136171065,0.000000000000,0.000139245869,0.000138015948,0.000000000000,0.000138015948,0.000139245869,0.000000000000,0.000102845592,0.000099207260,0.000000000000,0.000104155220,0.000098437824,0.000000000000,0.000099794910,0.000099230095,0.000000000000,0.000066547714,0.000067774256,0.000000000000,0.000075721356,0.000077051693,0.000000000000,0.000076034393,0.000077425305,0.000000000000,0.000058002795,0.000059683276,0.000000000000,0.000064409605,0.000066074817,0.000000000000,0.000069131305,0.000065796090,0.000000000000,0.000039296717,0.000039217629,0.000000000000,0.000046447464,0.000045596823,0.000000000000,0.000047709463,0.000045064510
408,0.000000000000,0.000137940461,0.000136171065,0.000000000000,0.000139245869,0.000138015948,0.000000000000,0.000138015948,0.000139245869,0.000000000000,0.000102845592,0.000099207260,0.000000000000,0.000104155220,0.000098437824,0.000000000000,0.000099794910,0.000099230095,0.000000000000,0.000066547714,0.000067780633,0.000000000000,0.000075721356,0.000077051693,0.000000000000,0.000076034393,0.000077425305,0.000000000000,0.000058002795,0.000059683276,0.000000000000,0.000064553561,0.000066087160,0.000000000000,0.000069131305,0.000065797866,0.000000000000,0.000039297525,0.000039220040,0.000000000000,0.000046447464,0.000045602155,0.000000000000,0.000047710164,0.000045064510
409,0.000000000000,0.000137940461,0.000136171065,0.000000000000,0.000139245869,0.000138015948,0.000000000000,0.000138015948,0.000139245869,0.000000000000,0.000102845592,0.000099207260,0.000000000000,0.000104155220,0.000098437824,0.000000000000,0.000099794910,0.000099230095,0.000000000000,0.000066547714,0.000067780633,0.000000000000,0.000075721356,0.000077051693,0.000000000000,0.000076034393,0.000077447911,0.000000000000,0.000058072796,0.000059726008,0.000000000000,0.000064553561,0.000066087160,0.000000000000,0.000069270914,0.000065881789,0.000000000000,0.000039297525,0.000039228195,0.000000000000,0.000046456212,0.000045607375,0.000000000000,0.000047710164,0.000045178661
410,0.000000000000,0.000137940461,0.000136171065,0.000000000000,0.000139245869,0.000138015948,0.000000000000,0.000138015948,0.000139245869,0.000000000000,0.000102845592,0.000099207260,0.000000000000,0.000104155220,0.000098437824,0.000000000000,0.000099794910,0.000099230095,0.000000000000,0.000066547714,0.000067782350,0.000000000000,0.000075721356,0.000077051693,0.000000000000,0.000076034393,0.000077447911,0.000000000000,0.000058073615,0.000059726008,0.000000000000,0.000064553561,0.000066293182,0.000000000000,0.000069270914,0.000065989298,0.000000000000,0.000039322647,0.000039259210,0.000000000000,0.000046456212,0.000045613956,0.000000000000,0.000047710164,0.000045178661
411,0.000000000000,0.000137940461,0.000136171065,0.000000000000,0.000139245869,0.000138015948,0.000000000000,0.000138015948,0.000139245869,0.000000000000,0.000102845592,0.000099207260,0.000000000000,0.000104155220,0.000098437824,0.000000000000,0.000099800837,0.000099230095,0.000000000000,0.000066573298,0.000067782350,0.000000000000,0.000075721356,0.000077051693,0.000000000000,0.000076034393,0.000077447911,0.000000000000,0.000058073615,0.000059813334,0.000000000000,0.000064693122,0.000066341772,0.000000000000,0.000069270914,0.000065989298,0.000000000000,0.000039322647,0.000039264097,0.000000000000,0.000046456212,0.000045613956,0.000000000000,0.000047718015,0.000045179939
412,0.000000000000,0.000137940461,0.000136171065,0.000000000000,0.000139245869,0.000138015948,0.000000000000,0.000138015948,0.000139245869,0.000000000000,0.000102845592,0.000099207260,0.000000000000,0.000104155220,0.000098437824,0.000000000000,0.000100099958,0.000099230095,0.000000000000,0.000066591503,0.000067782350,0.000000000000,0.000075721356,0.000077051693,0.000000000000,0.000076034393,0.000077447911,0.000000000000,0.000058074324,0.000059813334,0.000000000000,0.000064693122,0.000066348032,0.000000000000,0.000069270914,0.000065989298,0.000000000000,0.000039341293,0.000039264097,0.000000000000,0.000046456212,0.000045625763,0.000000000000,0.000047802891,0.000045179939
413,0.000000000000,0.000137940461,0.000136171065,0.000000000000,0.000139245869,0.000138015948,0.000000000000,0.000138015948,0.000139245869,0.000000000000,0.000102845592,0.000099207260,0.000000000000,0.000104155220,0.000098437824,0.000000000000,0.000100099958,0.000099230095,0.000000000000,0.000066591503,0.000067782350,0.000000000000,0.000075721356,0.000077051693,0.000000000000,0.000076057445,0.000077447911,0.000000000000,0.000058074544,0.000059813334,0.000000000000,0.000064696162,0.000066368784,0.000000000000,0.000069270914,0.000066030156,0.000000000000,0.000039364792,0.000039264097,0.000000000000,0.000046499145,0.000045630017,0.000000000000,0.000047802891,0.000045179939
414,0.000000000000,0.000137940461,0.000136171065,0.000000000000,0.000139245869,0.000138015948,0.000000000000,0.000138015948,0.000139245869,0.000000000000,0.000102845592,0.000099207260,0.000000000000,0.000104155220,0.000098437824,0.000000000000,0.000100099958,0.000099230095,0.000000000000,0.000066591503,0.000067782350,0.000000000000,0.000075721356,0.000077083232,0.000000000000,0.000076057445,0.000077447911,0.000000000000,0.000058074544,0.000059864386,0.000000000000,0.000064741605,0.000066368784,0.000000000000,0.000069270914,0.000066030156,0.000000000000,0.000039364792,0.000039346443,0.000000000000,0.000046499145,0.000045630017,0.000000000000,0.000047819035,0.000045352267
415,0.000000000000,0.000137940461,0.000136171065,0.000000000000,0.000139245869,0.000138015948,0.000000000000,0.000138015948,0.000139245869,0.000000000000,0.000102845592,0.000099207260,0.000000000000,0.000104155220,0.000098437824,0.000000000000,0.000100099958,0.000099230095,0.000000000000,0.000066591503,0.000067782350,0.000000000000,0.000075721356,0.000077083232,0.000000000000,0.000076057445,0.000077447911,0.000000000000,0.000058145756,0.000059864386,0.000000000000,0.000064741605,0.000066401313,0.000000000000,0.000069338275,0.000066043919,0.000000000000,0.000039442514,0.000039346443,0.000000000000,0.000046499145,0.000045630017,0.000000000000,0.000047819035,0.000045352267
416,0.000000000000,0.000137940461,0.000136171065,0.000000000000,0.000139245869,0.000138015948,0.000000000000,0.000138015948,0.000139245869,0.000000000000,0.000102845592,0.000099207260,0.000000000000,0.000104155220,0.000098437824,0.000000000000,0.000100099958,0.000099230095,0.000000000000,0.000066591503,0.000067855239,0.000000000000,0.000075721356,0.000077083232,0.000000000000,0.000076057445,0.000077447911,0.000000000000,0.000058153771,0.000059864386,0.000000000000,0.000064741605,0.000066440509,0.000000000000,0.000069338275,0.000066043919,0.000000000000,0.000039442514,0.000039346443,0.000000000000,0.000046509330,0.000045630017,0.000000000000,0.000047844634,0.000045364708
417,0.000000000000,0.000137940461,0.000136171065,0.000000000000,0.000139245869,0.000138015948,0.000000000000,0.000138015948,0.000139245869,0.000000000000,0.000102845592,0.000099207260,0.000000000000,0.000104155220,0.000098437824,0.000000000000,0.000100099958,0.000099230095,0.000000000000,0.000066619143,0.000067855239,0.000000000000,0.000075721356,0.000077083232,0.000000000000,0.000076057445,0.000077477763,0.000000000000,0.000058153771,0.000059864386,0.000000000000,0.000064786506,0.000066442429,0.000000000000,0.000069338275,0.000066114210,0.000000000000,0.000039442531,0.000039346443,0.000000000000,0.000046530072,0.000045630017,0.000000000000,0.000047844634,0.000045364708
418,0.000000000000,0.000138015948,0.000136171065,0.000000000000,0.000139245869,0.000138015948,0.000000000000,0.000138015948,0.000139245869,0.000000000000,0.000102845592,0.000099207260,0.000000000000,0.000104155220,0.000098437824,0.000000000000,0.000100099958,0.000099230095,0.000000000000,0.000066643674,0.000067855239,0.000000000000,0.000075721356,0.000077149086,0.000000000000,0.000076057445,0.000077477763,0.000000000000,0.000058153771,0.000059864619,0.000000000000,0.000064786506,0.000066442429,0.000000000000,0.000069338275,0.000066208017,0.000000000000,0.000039442531,0.000039399693,0.000000000000,0.000046530072,0.000045705285,0.000000000000,0.000047844634,0.000045364708
419,0.000000000000,0.000138344426,0.000136171065,0.000000000000,0.000139245869,0.000138015948,0.000000000000,0.000138015948,0.000139245869,0.000000000000,0.000102845592,0.000099207260,0.000000000000,0.000104155220,0.000098437824,0.000000000000,0.000100099958,0.000099230095,0.000000000000,0.000066643674,0.000067870233,0.000000000000,0.000075784689,0.000077314123,0.000000000000,0.000076107062,0.000077477763,0.000000000000,0.000058250774,0.000059880897,0.000000000000,0.000064789779,0.000066486265,0.000000000000,0.000069338275,0.000066208017,0.000000000000,0.000039445142,0.000039409819,0.000000000000,0.000046546685,0.000045969419,0.000000000000,0.000047844829,0.000045364708
420,0.000000000000,0.000138344426,0.000136171065,0.000000000000,0.000139245869,0.000138015948,0.000000000000,0.000138015948,0.000139245869,0.000000000000,0.000103133365,0.000099207260,0.000000000000,0.000104155220,0.000098437824,0.000000000000,0.000100099958,0.000099230095,0.000000000000,0.000066643674,0.000067871492,0.000000000000,0.000075784689,0.000077314123,0.000000000000,0.000076107062,0.000077508496,0.000000000000,0.000058264215,0.000059883269,0.000000000000,0.000064856422,0.000066486265,0.000000000000,0.000069793842,0.000066208017,0.000000000000,0.000039447983,0.000039421908,0.000000000000,0.000046551132,0.000045969419,0.000000000000,0.000047844829,0.000045434540
421,0.000000000000,0.000138344426,0.000136171065,0.000000000000,0.000139245869,0.000138015948,0.000000000000,0.000138015948,0.000139245869,0.000000000000,0.000103133365,0.000099207260,0.000000000000,0.000104155220,0.000098437824,0.000000000000,0.000100099958,0.000099230095,0.000000000000,0.000066643674,0.000067897420,0.000000000000,0.000075784689,0.000077314123,0.000000000000,0.000076394288,0.000077508496,0.000000000000,0.000058264215,0.000059883269,0.000000000000,0.000064856422,0.000066486265,0.000000000000,0.000069793842,0.000066288900,0.000000000000,0.000039517792,0.000039431360,0.000000000000,0.000046558623,0.000045969419,0.000000000000,0.000047844829,0.000045434540
422,0.000000000000,0.000138344426,0.000136171065,0.000000000000,0.000139245869,0.000138015948,0.000000000000,0.000138015948,0.000139245869,0.000000000000,0.000103133365,0.000099207260,0.000000000000,0.000104155220,0.000098437824,0.000000000000,0.000100099958,0.000099230095,0.000000000000,0.000066643674,0.000067941008,0.000000000000,0.000075784689,0.000077314123,0.000000000000,0.000076394288,0.000077508496,0.000000000000,0.000058264215,0.000059885827,0.000000000000,0.000064857162,0.000066486265,0.000000000000,0.000069793842,0.000066307769,0.000000000000,0.000039546329,0.000039431360,0.000000000000,0.000046558623,0.000045969419,0.000000000000,0.000047844829,0.000045434540
423,0.000000000000,0.000138344426,0.000136171065,0.000000000000,0.000139245869,0.000138015948,0.000000000000,0.000138015948,0.000139245869,0.000000000000,0.000103133365,0.000099207260,0.000000000000,0.000104155220,0.000098437824,0.000000000000,0.000100099958,0.000099230095,0.000000000000,0.000066756284,0.000067941008,0.000000000000,0.000075784689,0.000077314123,0.000000000000,0.000076394288,0.000077564188,0.000000000000,0.000058264215,0.000059885827,0.000000000000,0.000064857162,0.000066486265,0.000000000000,0.000069793842,0.000066307769,0.000000000000,0.000039546329,0.000039431360,0.000000000000,0.000046559172,0.000045983449,0.000000000000,0.000047844829,0.000045443919
424,0.000000000000,0.000138344426,0.000136171065,0.000000000000,0.000139245869,0.000138015948,0.000000000000,0.000138015948,0.000139245869,0.000000000000,0.000103133365,0.000099207260,0.000000000000,0.000104155220,0.000098437824,0.000000000000,0.000100099958,0.000099230095,0.000000000000,0.000066768892,0.000067941008,0.000000000000,0.000075831120,0.000077314123,0.000000000000,0.000076394288,0.000077564188,0.000000000000,0.000058264215,0.000059912266,0.000000000000,0.000064867562,0.000066486265,0.000000000000,0.000069793842,0.000066356857,0.000000000000,0.000039549236,0.000039435798,0.000000000000,0.000046626299,0.000045985112,0.000000000000,0.000047851776,0.000045443919
425,0.000000000000,0.000138630909,0.000136171065,0.000000000000,0.000139245869,0.000138015948,0.000000000000,0.000138015948,0.000139245869,0.000000000000,0.000103133365,0.000099207260,0.000000000000,0.000104155220,0.000098437824,0.000000000000,0.000100099958,0.000099230095,0.000000000000,0.000066768892,0.000067942296,0.000000000000,0.000075831120,0.000077314123,0.000000000000,0.000076394288,0.000077564188,0.000000000000,0.000058264215,0.000059912266,0.000000000000,0.000064868305,0.000066558671,0.000000000000,0.000069795713,0.000066362042,0.000000000000,0.000039549236,0.000039435798,0.000000000000,0.000046626299,0.000046047746,0.000000000000,0.000047851776,0.000045443919
426,0.000000000000,0.000138630909,0.000136171065,0.000000000000,0.000139245869,0.000138015948,0.000000000000,0.000138015948,0.000139245869,0.000000000000,0.000103133365,0.000099207260,0.000000000000,0.000104155220,0.000098437824,0.000000000000,0.000100242027,0.000099230095,0.000000000000,0.000066803153,0.000067945022,0.000000000000,0.000075831120,0.000077314123,0.000000000000,0.000076394288,0.000077564188,0.000000000000,0.000058264215,0.000059912266,0.000000000000,0.000064874419,0.000066558671,0.000000000000,0.000069825616,0.000066390819,0.000000000000,0.000039549236,0.000039435798,0.000000000000,0.000046644003,0.000046047746,0.000000000000,0.000047851776,0.000045443919
427,0.000000000000,0.000138630909,0.000136171065,0.000000000000,0.000139245869,0.000138015948,0.000000000000,0.000138015948,0.000139245869,0.000000000000,0.000103133365,0.000099207260,0.000000000000,0.000104155220,0.000098437824,0.000000000000,0.000100552492,0.000099230095,0.000000000000,0.000066868618,0.000067945022,0.000000000000,0.000075831120,0.000077314123,0.000000000000,0.000076394288,0.000077566311,0.000000000000,0.000058264215,0.000059912266,0.000000000000,0.000064874419,0.000066558671,0.000000000000,0.000069825616,0.000066444358,0.000000000000,0.000039571022,0.000039472352,0.000000000000,0.000046644003,0.000046047746,0.000000000000,0.000048042374,0.000045443919
428,0.000000000000,0.000138630909,0.000136171065,0.000000000000,0.000139245869,0.000138015948,0.000000000000,0.000138015948,0.000139245869,0.000000000000,0.000103133365,0.000099207260,0.000000000000,0.000104155220,0.000098437824,0.000000000000,0.000100552492,0.000099230095,0.000000000000,0.000066868618,0.000067945022,0.000000000000,0.000075831120,0.000077314123,0.000000000000,0.000076394288,0.000077566311,0.000000000000,0.000058264215,0.000059912266,0.000000000000,0.000064874419,0.000066558671,0.000000000000,0.000069876454,0.000066444358,0.000000000000,0.000039571022,0.000039472352,0.000000000000,0.000046644003,0.000046070949,0.000000000000,0.000048052591,0.000045443919
429,0.000000000000,0.000138630909,0.000136171065,0.000000000000,0.000139245869,0.000138015948,0.000000000000,0.000138015948,0.000139245869,0.000000000000,0.000103311911,0.000099207260,0.000000000000,0.000104256943,0.000098437824,0.000000000000,0.000100552492,0.000099230095,0.000000000000,0.000066868618,0.000067945022,0.000000000000,0.000075831120,0.000077314123,0.000000000000,0.000076399989,0.000077566311,0.000000000000,0.000058334432,0.000059972712,0.000000000000,0.000065132164,0.000066558671,0.000000000000,0.000069944166,0.000066800454,0.000000000000,0.000039577298,0.000039538050,0.000000000000,0.000046644003,0.000046100350,0.000000000000,0.000048052591,0.000045484160
430,0.000000000000,0.000138630909,0.000136171065,0.000000000000,0.000139245869,0.000138015948,0.000000000000,0.000138015948,0.000139245869,0.000000000000,0.000103311911,0.000099207260,0.000000000000,0.000104256943,0.000098437824,0.000000000000,0.000100552492,0.000099230095,0.000000000000,0.000066868618,0.000067945022,0.000000000000,0.000075831120,0.000077314123,0.000000000000,0.000076448593,0.000077732814,0.000000000000,0.000058334432,0.000060068363,0.000000000000,0.000065132164,0.000066558671,0.000000000000,0.000069944166,0.000066800454,0.000000000000,0.000039580299,0.000039551292,0.000000000000,0.000046689041,0.000046102504,0.000000000000,0.000048052591,0.000045494395
431,0.000000000000,0.000138630909,0.000136171065,0.000000000000,0.000139245869,0.000138015948,0.000000000000,0.000138015948,0.000139245869,0.000000000000,0.000103311911,0.000099207260,0.000000000000,0.000104284734,0.000098437824,0.000000000000,0.000100552492,0.000099230095,0.000000000000,0.000066868618,0.000067959645,0.000000000000,0.000075864569,0.000077314123,0.000000000000,0.000076448593,0.000077732814,0.000000000000,0.000058385153,0.000060160847,0.000000000000,0.000065253559,0.000066558671,0.000000000000,0.000069951101,0.000066800454,0.000000000000,0.000039581398,0.000039551292,0.000000000000,0.000046689041,0.000046102504,0.000000000000,0.000048072781,0.000045494395
432,0.000000000000,0.000138630909,0.000136171065,0.000000000000,0.000139245869,0.000138015948,0.000000000000,0.000138015948,0.000139245869,0.000000000000,0.000103311911,0.000099207260,0.000000000000,0.000104284734,0.000098437824,0.000000000000,0.000100552492,0.000099230095,0.000000000000,0.000066868618,0.000067959645,0.000000000000,0.000075864569,0.000077391220,0.000000000000,0.000076448593,0.000077790729,0.000000000000,0.000058385153,0.000060160847,0.000000000000,0.000065293247,0.000066563226,0.000000000000,0.000070204133,0.000066800454,0.000000000000,0.000039581398,0.000039551292,0.000000000000,0.000046692280,0.000046115416,0.000000000000,0.000048139404,0.000045502738
433,0.000000000000,0.000138630909,0.000136171065,0.000000000000,0.000139245869,0.000138015948,0.000000000000,0.000138015948,0.000139245869,0.000000000000,0.000103311911,0.000099207260,0.000000000000,0.000104284734,0.000098437824,0.000000000000,0.000100552492,0.000099230095,0.000000000000,0.000066868618,0.000067959645,0.000000000000,0.000075864569,0.000077391220,0.000000000000,0.000076448593,0.000077790729,0.000000000000,0.000058385153,0.000060160847,0.000000000000,0.000065487937,0.000066563226,0.000000000000,0.000070204133,0.000066995304,0.000000000000,0.000039597113,0.000039551292,0.000000000000,0.000046719641,0.000046120237,0.000000000000,0.000048139404,0.000045502738
434,0.000000000000,0.000138630909,0.000136171065,0.000000000000,0.000139245869,0.000138015948,0.000000000000,0.000138015948,0.000139245869,0.000000000000,0.000103311911,0.000099207260,0.000000000000,0.000104284734,0.000098437824,0.000000000000,0.000100552492,0.000099230095,0.000000000000,0.000066868618,0.000068504643,0.000000000000,0.000075864569,0.000077391220,0.000000000000,0.000076448593,0.000077957132,0.000000000000,0.000058393757,0.000060197891,0.000000000000,0.000065487937,0.000066592505,0.000000000000,0.000070204133,0.000066995304,0.000000000000,0.000039597113,0.000039551292,0.000000000000,0.000046839011,0.000046120237,0.000000000000,0.000048139404,0.000045502738
435,0.000000000000,0.000138630909,0.000136171065,0.000000000000,0.000139245869,0.000138015948,0.000000000000,0.000138015948,0.000139245869,0.000000000000,0.000103311911,0.000099207260,0.000000000000,0.000104284734,0.000098437824,0.000000000000,0.000100552492,0.000099230095,0.000000000000,0.000066868618,0.000068504643,0.000000000000,0.000075944313,0.000077391220,0.000000000000,0.000076448593,0.000078053077,0.000000000000,0.000058393757,0.000060197891,0.000000000000,0.000065491435,0.000066636111,0.000000000000,0.000070204133,0.000067016798,0.000000000000,0.000039609636,0.000039588901,0.000000000000,0.000046839011,0.000046120237,0.000000000000,0.000048157022,0.000045520154
436,0.000000000000,0.000138630909,0.000136171065,0.000000000000,0.000139245869,0.000138015948,0.000000000000,0.000138015948,0.000139245869,0.000000000000,0.000103311911,0.000099207260,0.000000000000,0.000104284734,0.000098437824,0.000000000000,0.000100723812,0.000099230095,0.000000000000,0.000066912855,0.000068504643,0.000000000000,0.000075944313,0.000077428453,0.000000000000,0.000076463053,0.000078059989,0.000000000000,0.000058410748,0.000060197891,0.000000000000,0.000065591390,0.000066636111,0.000000000000,0.000070259096,0.000067030810,0.000000000000,0.000039609636,0.000039588901,0.000000000000,0.000046839011,0.000046120237,0.000000000000,0.000048171219,0.000045530326
437,0.000000000000,0.000138630909,0.000136171065,0.000000000000,0.000139245869,0.000138015948,0.000000000000,0.000138015948,0.000139245869,0.000000000000,0.000103311911,0.000099207260,0.000000000000,0.000104284734,0.000098437824,0.000000000000,0.000100723812,0.000099230095,0.000000000000,0.000066912855,0.000068504643,0.000000000000,0.000075944313,0.000077428453,0.000000000000,0.000076531883,0.000078059989,0.000000000000,0.000058487047,0.000060197891,0.000000000000,0.000065591390,0.000066636111,0.000000000000,0.000070259096,0.000067030810,0.000000000000,0.000039609636,0.000039588901,0.000000000000,0.000046839011,0.000046129489,0.000000000000,0.000048171219,0.000045534004
438,0.000000000000,0.000138630909,0.000136171065,0.000000000000,0.000139245869,0.000138015948,0.000000000000,0.000138015948,0.000139245869,0.000000000000,0.000103311911,0.000099207260,0.000000000000,0.000104284734,0.000098437824,0.000000000000,0.000100723812,0.000099230095,0.000000000000,0.000066912855,0.000068530962,0.000000000000,0.000075944313,0.000077428453,0.000000000000,0.000076531883,0.000078077730,0.000000000000,0.000058595696,0.000060197891,0.000000000000,0.000065664219,0.000066636111,0.000000000000,0.000070332004,0.000067034585,0.000000000000,0.000039609636,0.000039618361,0.000000000000,0.000046839011,0.000046129489,0.000000000000,0.000048171219,0.000045677454
439,0.000000000000,0.000138630909,0.000136171065,0.000000000000,0.000139245869,0.000138015948,0.000000000000,0.000138015948,0.000139245869,0.000000000000,0.000103311911,0.000099207260,0.000000000000,0.000104284734,0.000098437824,0.000000000000,0.000100723812,0.000099230095,0.000000000000,0.000066912855,0.000068543885,0.000000000000,0.000076038773,0.000077428453,0.000000000000,0.000076531883,0.000078259422,0.000000000000,0.000058595696,0.000060197891,0.000000000000,0.000065664219,0.000066663098,0.000000000000,0.000070402104,0.000067034585,0.000000000000,0.000039666611,0.000039618361,0.000000000000,0.000046839011,0.000046138181,0.000000000000,0.000048233473,0.000045677454
440,0.000000000000,0.000138630909,0.000136171065,0.000000000000,0.000139245869,0.000138015948,0.000000000000,0.000138015948,0.000139245869,0.000000000000,0.000103311911,0.000099207260,0.000000000000,0.000104284734,0.000098437824,0.000000000000,0.000100723812,0.000099230095,0.000000000000,0.000066912855,0.000068652399,0.000000000000,0.000076122347,0.000077469682,0.000000000000,0.000076531883,0.000078259422,0.000000000000,0.000058595696,0.000060220565,0.000000000000,0.000065669837,0.000066663098,0.000000000000,0.000070435122,0.000067181423,0.000000000000,0.000039666611,0.000039659495,0.000000000000,0.000047108026,0.000046187073,0.000000000000,0.000048233647,0.000045677454
441,0.000000000000,0.000138630909,0.000136171065,0.000000000000,0.000139245869,0.000138015948,0.000000000000,0.000138015948,0.000139245869,0.000000000000,0.000103311911,0.000099207260,0.000000000000,0.000104284734,0.000098437824,0.000000000000,0.000100723812,0.000099230095,0.000000000000,0.000067362626,0.000068652399,0.000000000000,0.000076122347,0.000077469682,0.000000000000,0.000076546677,0.000078289850,0.000000000000,0.000058595696,0.000060223920,0.000000000000,0.000065696646,0.000066681745,0.000000000000,0.000070469812,0.000067181423,0.000000000000,0.000039675804,0.000039659495,0.000000000000,0.000047108026,0.000046226880,0.000000000000,0.000048312351,0.000045714398
442,0.000000000000,0.000138630909,0.000136171065,0.000000000000,0.000139245869,0.000138015948,0.000000000000,0.000138015948,0.000139245869,0.000000000000,0.000103311911,0.000099207260,0.000000000000,0.000104284734,0.000098437824,0.000000000000,0.000101324431,0.000099230095,0.000000000000,0.000067444370,0.000068652399,0.000000000000,0.000076122347,0.000077469682,0.000000000000,0.000076772500,0.000078410894,0.000000000000,0.000058595696,0.000060349713,0.000000000000,0.000065696646,0.000066681745,0.000000000000,0.000070469812,0.000067234797,0.000000000000,0.000039853849,0.000039665261,0.000000000000,0.000047111807,0.000046241747,0.000000000000,0.000048339188,0.000045714398
443,0.000000000000,0.000138630909,0.000136171065,0.000000000000,0.000139245869,0.000138015948,0.000000000000,0.000138015948,0.000139245869,0.000000000000,0.000103311911,0.000099207260,0.000000000000,0.000104284734,0.000098437824,0.000000000000,0.000101324431,0.000099230095,0.000000000000,0.000067444370,0.000068652399,0.000000000000,0.000076122347,0.000077880126,0.000000000000,0.000076772500,0.000078410894,0.000000000000,0.000058595962,0.000060349713,0.000000000000,0.000065696646,0.000066681745,0.000000000000,0.000070476849,0.000067234797,0.000000000000,0.000039859116,0.000039667983,0.000000000000,0.000047210655,0.000046287928,0.000000000000,0.000048352523,0.000045724600
444,0.000000000000,0.000138630909,0.000136171065,0.000000000000,0.000139245869,0.000138015948,0.000000000000,0.000138015948,0.000139245869,0.000000000000,0.000103311911,0.000099207260,0.000000000000,0.000104284734,0.000098437824,0.000000000000,0.000101324431,0.000099230095,0.000000000000,0.000067444370,0.000068751077,0.000000000000,0.000076122347,0.000077880126,0.000000000000,0.000076772500,0.000078440893,0.000000000000,0.000058595962,0.000060369097,0.000000000000,0.000065696646,0.000066684105,0.000000000000,0.000070480065,0.000067234797,0.000000000000,0.000039869227,0.000039706369,0.000000000000,0.000047210655,0.000046291977,0.000000000000,0.000048360167,0.000045724600
445,0.000000000000,0.000138630909,0.000136171065,0.000000000000,0.000139245869,0.000138015948,0.000000000000,0.000138015948,0.000139245869,0.000000000000,0.000103311911,0.000099207260,0.000000000000,0.000104284734,0.000098437824,0.000000000000,0.000101324431,0.000099230095,0.000000000000,0.000067444370,0.000068987751,0.000000000000,0.000076122347,0.000077880126,0.000000000000,0.000076805491,0.000078440893,0.000000000000,0.000058667081,0.000060429044,0.000000000000,0.000065710074,0.000066799391,0.000000000000,0.000070611247,0.000067299094,0.000000000000,0.000039870344,0.000039720078,0.000000000000,0.000047284023,0.000046317359,0.000000000000,0.000048491301,0.000045724600
446,0.000000000000,0.000138630909,0.000136171065,0.000000000000,0.000139245869,0.000138015948,0.000000000000,0.000138015948,0.000139245869,0.000000000000,0.000103311911,0.000099207260,0.000000000000,0.000104284734,0.000098437824,0.000000000000,0.000101493537,0.000099230095,0.000000000000,0.000067564800,0.000068987751,0.000000000000,0.000076122347,0.000077880126,0.000000000000,0.000076805491,0.000078463339,0.000000000000,0.000058667081,0.000060448501,0.000000000000,0.000065737792,0.000066804646,0.000000000000,0.000070611247,0.000067345613,0.000000000000,0.000039914439,0.000039726192,0.000000000000,0.000047284023,0.000046317359,0.000000000000,0.000048491301,0.000045725250
447,0.000000000000,0.000138630909,0.000136171065,0.000000000000,0.000139245869,0.000138015948,0.000000000000,0.000138015948,0.000139245869,0.000000000000,0.000103311911,0.000099207260,0.000000000000,0.000104284734,0.000098437824,0.000000000000,0.000101493537,0.000099230095,0.000000000000,0.000067564800,0.000068987751,0.000000000000,0.000076122347,0.000077880126,0.000000000000,0.000076805491,0.000078469575,0.000000000000,0.000058672356,0.000060503462,0.000000000000,0.000065766524,0.000066804646,0.000000000000,0.000070611247,0.000067398675,0.000000000000,0.000039942007,0.000039726192,0.000000000000,0.000047284023,0.000046317359,0.000000000000,0.000048491301,0.000045725250
448,0.000000000000,0.000138630909,0.000136171065,0.000000000000,0.000139245869,0.000138015948,0.000000000000,0.000138015948,0.000139245869,0.000000000000,0.000103527021,0.000099207260,0.000000000000,0.000104284734,0.000098437824,0.000000000000,0.000101493537,0.000099230095,0.000000000000,0.000067780750,0.000068987751,0.000000000000,0.000076162507,0.000077947748,0.000000000000,0.000076836017,0.000078696658,0.000000000000,0.000058672356,0.000060507627,0.000000000000,0.000065766524,0.000067030459,0.000000000000,0.000070611247,0.000067575107,0.000000000000,0.000040008548,0.000039726192,0.000000000000,0.000047284023,0.000046317359,0.000000000000,0.000048491301,0.000045725250
449,0.000000000000,0.000138630909,0.000136171065,0.000000000000,0.000139245869,0.000138015948,0.000000000000,0.000138015948,0.000139245869,0.000000000000,0.000103527021,0.000099241883,0.000000000000,0.000104284734,0.000098437824,0.000000000000,0.000101493537,0.000099230095,0.000000000000,0.000067780750,0.000068987751,0.000000000000,0.000076162507,0.000077947748,0.000000000000,0.000076836017,0.000078696658,0.000000000000,0.000058672356,0.000060625265,0.000000000000,0.000065766524,0.000067132046,0.000000000000,0.000070611247,0.000067575107,0.000000000000,0.000040035435,0.000039748202,0.000000000000,0.000047284023,0.000046317359,0.000000000000,0.000048498287,0.000045725250
450,0.000000000000,0.000138630909,0.000136171065,0.000000000000,0.000139245869,0.000138015948,0.000000000000,0.000138015948,0.000139245869,0.000000000000,0.000103527021,0.000099241883,0.000000000000,0.000104284734,0.000098437824,0.000000000000,0.000101493537,0.000099230095,0.000000000000,0.000067813257,0.000068987751,0.000000000000,0.000076162507,0.000077947748,0.000000000000,0.000076836017,0.000078696658,0.000000000000,0.000059018396,0.000060625265,0.000000000000,0.000065766524,0.000067162607,0.000000000000,0.000070611247,0.000067586231,0.000000000000,0.000040035435,0.000039748202,0.000000000000,0.000047287042,0.000046360496,0.000000000000,0.000048498287,0.000045754100
451,0.000000000000,0.000138630909,0.000136171065,0.000000000000,0.000139245869,0.000138015948,0.000000000000,0.000138015948,0.000139245869,0.000000000000,0.000103553909,0.000099241883,0.000000000000,0.000104284734,0.000098437824,0.000000000000,0.000101493537,0.000099230095,0.000000000000,0.000067813257,0.000068987751,0.000000000000,0.000076162507,0.000077947748,0.000000000000,0.000076836017,0.000078696658,0.000000000000,0.000059060598,0.000060625265,0.000000000000,0.000065845297,0.000067162607,0.000000000000,0.000070681788,0.000067596334,0.000000000000,0.000040050139,0.000039748202,0.000000000000,0.000047364199,0.000046360496,0.000000000000,0.000048498287,0.000045794521
452,0.000000000000,0.000138630909,0.000136171065,0.000000000000,0.000139245869,0.000138015948,0.000000000000,0.000138015948,0.000139245869,0.000000000000,0.000103553909,0.000099241883,0.000000000000,0.000104284734,0.000098437824,0.000000000000,0.000101493537,0.000099230095,0.000000000000,0.000067813257,0.000068987751,0.000000000000,0.000076162507,0.000077947748,0.000000000000,0.000077173821,0.000078696658,0.000000000000,0.000059060598,0.000060639194,0.000000000000,0.000066010378,0.000067180195,0.000000000000,0.000070681788,0.000067626252,0.000000000000,0.000040050139,0.000039760444,0.000000000000,0.000047364199,0.000046360496,0.000000000000,0.000048566825,0.000045794521
453,0.000000000000,0.000138630909,0.000136171065,0.000000000000,0.000139245869,0.000138015948,0.000000000000,0.000138015948,0.000139245869,0.000000000000,0.000103553909,0.000099241883,0.000000000000,0.000104388412,0.000098437824,0.000000000000,0.000101493537,0.000099230095,0.000000000000,0.000067846269,0.000068987751,0.000000000000,0.000076290350,0.000077947748,0.000000000000,0.000077173821,0.000078696658,0.000000000000,0.000059060598,0.000060679773,0.000000000000,0.000066050342,0.000067180195,0.000000000000,0.000070681788,0.000067680853,0.000000000000,0.000040050139,0.000039760444,0.000000000000,0.000047399939,0.000046371961,0.000000000000,0.000048566825,0.000045794521
454,0.000000000000,0.000138630909,0.000136171065,0.000000000000,0.000139245869,0.000138015948,0.000000000000,0.000138015948,0.000139245869,0.000000000000,0.000103553909,0.000099264645,0.000000000000,0.000104388412,0.000098437824,0.000000000000,0.000101493537,0.000099230095,0.000000000000,0.000067846269,0.000069060543,0.000000000000,0.000076290350,0.000077947748,0.000000000000,0.000077173821,0.000078809594,0.000000000000,0.000059060598,0.000060699039,0.000000000000,0.000066050342,0.000067296627,0.000000000000,0.000070681788,0.000067700288,0.000000000000,0.000040051010,0.000039764485,0.000000000000,0.000047440974,0.000046373105,0.000000000000,0.000048566825,0.000045809744
455,0.000000000000,0.000138630909,0.000136171065,0.000000000000,0.000139245869,0.000138015948,0.000000000000,0.000138015948,0.000139245869,0.000000000000,0.000103553909,0.000099264645,0.000000000000,0.000104388412,0.000098437824,0.000000000000,0.000101493537,0.000099230095,0.000000000000,0.000067906120,0.000069060543,0.000000000000,0.000076290350,0.000077947748,0.000000000000,0.000077173821,0.000078809594,0.000000000000,0.000059060598,0.000060728796,0.000000000000,0.000066101911,0.000067296627,0.000000000000,0.000070681788,0.000067700288,0.000000000000,0.000040051010,0.000039764485,0.000000000000,0.000047440974,0.000046373105,0.000000000000,0.000048566825,0.000046078250
456,0.000000000000,0.000138630909,0.000136171065,0.000000000000,0.000139245869,0.000138015948,0.000000000000,0.000138015948,0.000139245869,0.000000000000,0.000103553909,0.000099264645,0.000000000000,0.000104388412,0.000098437824,0.000000000000,0.000101493537,0.000099230095,0.000000000000,0.000067906120,0.000069060543,0.000000000000,0.000076290350,0.000077947748,0.000000000000,0.000077173821,0.000078835811,0.000000000000,0.000059060598,0.000060728796,0.000000000000,0.000066101911,0.000067358790,0.000000000000,0.000070688005,0.000067700288,0.000000000000,0.000040125695,0.000039769193,0.000000000000,0.000047448559,0.000046373401,0.000000000000,0.000048649143,0.000046078250
457,0.000000000000,0.000138630909,0.000136171065,0.000000000000,0.000139245869,0.000138015948,0.000000000000,0.000138015948,0.000139245869,0.000000000000,0.000103553909,0.000099264645,0.000000000000,0.000104388412,0.000098437824,0.000000000000,0.000101493537,0.000099230095,0.000000000000,0.000067906120,0.000069060543,0.000000000000,0.000076290350,0.000077947748,0.000000000000,0.000077173821,0.000078835811,0.000000000000,0.000059060598,0.000060760626,0.000000000000,0.000066305108,0.000067431000,0.000000000000,0.000070688005,0.000067718173,0.000000000000,0.000040125695,0.000039810191,0.000000000000,0.000047448783,0.000046373401,0.000000000000,0.000048649143,0.000046099672
458,0.000000000000,0.000138630909,0.000136171065,0.000000000000,0.000139245869,0.000138015948,0.000000000000,0.000138015948,0.000139245869,0.000000000000,0.000103553909,0.000099264645,0.000000000000,0.000104388412,0.000098437824,0.000000000000,0.000101493537,0.000099230095,0.000000000000,0.000067919305,0.000069060543,0.000000000000,0.000076290350,0.000077947748,0.000000000000,0.000077173821,0.000078847653,0.000000000000,0.000059060598,0.000060760626,0.000000000000,0.000066305108,0.000067431000,0.000000000000,0.000071008535,0.000067765463,0.000000000000,0.000040159348,0.000039814262,0.000000000000,0.000047448783,0.000046373401,0.000000000000,0.000048649143,0.000046099672
459,0.000000000000,0.000138630909,0.000136171065,0.000000000000,0.000139245869,0.000138015948,0.000000000000,0.000138015948,0.000139245869,0.000000000000,0.000103553909,0.000099264645,0.000000000000,0.000104442324,0.000098437824,0.000000000000,0.000101493537,0.000099230095,0.000000000000,0.000067998812,0.000069060543,0.000000000000,0.000076290350,0.000077947748,0.000000000000,0.000077173821,0.000078847653,0.000000000000,0.000059060598,0.000060760626,0.000000000000,0.000066305108,0.000067431000,0.000000000000,0.000071008535,0.000067779159,0.000000000000,0.000040159348,0.000039818786,0.000000000000,0.000047455856,0.000046380601,0.000000000000,0.000048649143,0.000046113289
460,0.000000000000,0.000138630909,0.000136171065,0.000000000000,0.000139245869,0.000138015948,0.000000000000,0.000138015948,0.000139245869,0.000000000000,0.000103553909,0.000099264645,0.000000000000,0.000104442324,0.000098437824,0.000000000000,0.000101493537,0.000099230095,0.000000000000,0.000067998812,0.000069060543,0.000000000000,0.000076290350,0.000077947748,0.000000000000,0.000077173821,0.000078851954,0.000000000000,0.000059188856,0.000060760626,0.000000000000,0.000066305108,0.000067432060,0.000000000000,0.000071028401,0.000067786121,0.000000000000,0.000040159348,0.000039821012,0.000000000000,0.000047472652,0.000046380601,0.000000000000,0.000048666176,0.000046113289
461,0.000000000000,0.000138630909,0.000136171065,0.000000000000,0.000139245869,0.000138015948,0.000000000000,0.000138015948,0.000139245869,0.000000000000,0.000103553909,0.000099264645,0.000000000000,0.000104442324,0.000098437824,0.000000000000,0.000101493537,0.000099230095,0.000000000000,0.000067998812,0.000069060543,0.000000000000,0.000076290350,0.000077947748,0.000000000000,0.000077173821,0.000078851954,0.000000000000,0.000059188856,0.000060760626,0.000000000000,0.000066334911,0.000067454277,0.000000000000,0.000071028401,0.000067805857,0.000000000000,0.000040200227,0.000039888389,0.000000000000,0.000047495549,0.000046380601,0.000000000000,0.000048666176,0.000046127055
462,0.000000000000,0.000138630909,0.000136171065,0.000000000000,0.000139245869,0.000138015948,0.000000000000,0.000138015948,0.000139245869,0.000000000000,0.000103553909,0.000099264645,0.000000000000,0.000104442324,0.000098437824,0.000000000000,0.000101493537,0.000099230095,0.000000000000,0.000067998812,0.000069060543,0.000000000000,0.000076290350,0.000077947748,0.000000000000,0.000077173821,0.000078851954,0.000000000000,0.000059188856,0.000060775935,0.000000000000,0.000066334911,0.000067454277,0.000000000000,0.000071034013,0.000067849778,0.000000000000,0.000040207100,0.000039937149,0.000000000000,0.000047566229,0.000046396341,0.000000000000,0.000048666176,0.000046127055
463,0.000000000000,0.000138630909,0.000136171065,0.000000000000,0.000139245869,0.000138015948,0.000000000000,0.000138015948,0.000139245869,0.000000000000,0.000103553909,0.000099264645,0.000000000000,0.000104442324,0.000098479311,0.000000000000,0.000101493537,0.000099230095,0.000000000000,0.000068046940,0.000069132528,0.000000000000,0.000076290350,0.000077947748,0.000000000000,0.000077237810,0.000079013490,0.000000000000,0.000059188856,0.000060775935,0.000000000000,0.000066334911,0.000067458632,0.000000000000,0.000071034013,0.000067849778,0.000000000000,0.000040228822,0.000039937149,0.000000000000,0.000047605166,0.000046396341,0.000000000000,0.000048706831,0.000046137378
464,0.000000000000,0.000138630909,0.000136171065,0.000000000000,0.000139245869,0.000138015948,0.000000000000,0.000138015948,0.000139245869,0.000000000000,0.000103553909,0.000099264645,0.000000000000,0.000104442324,0.000098479311,0.000000000000,0.000101493537,0.000099230095,0.000000000000,0.000068057644,0.000069355624,0.000000000000,0.000076290350,0.000077947748,0.000000000000,0.000077250257,0.000079013490,0.000000000000,0.000059209737,0.000060775935,0.000000000000,0.000066358895,0.000067458632,0.000000000000,0.000071034013,0.000067850448,0.000000000000,0.000040236728,0.000039937149,0.000000000000,0.000047605166,0.000046414126,0.000000000000,0.000048711519,0.000046257463
465,0.000000000000,0.000138630909,0.000136171065,0.000000000000,0.000139245869,0.000138015948,0.000000000000,0.000138015948,0.000139245869,0.000000000000,0.000103553909,0.000099264645,0.000000000000,0.000104859640,0.000098479311,0.000000000000,0.000101493537,0.000099230095,0.000000000000,0.000068057644,0.000069355624,0.000000000000,0.000076290350,0.000077947748,0.000000000000,0.000077250257,0.000079013490,0.000000000000,0.000059392214,0.000060775935,0.000000000000,0.000066359743,0.000067458632,0.000000000000,0.000071034013,0.000067853468,0.000000000000,0.000040236728,0.000039957397,0.000000000000,0.000047605166,0.000046414126,0.000000000000,0.000048711519,0.000046540255
466,0.000000000000,0.000138630909,0.000136171065,0.000000000000,0.000139245869,0.000138015948,0.000000000000,0.000138015948,0.000139245869,0.000000000000,0.000103553909,0.000099264645,0.000000000000,0.000104859640,0.000098479311,0.000000000000,0.000101493537,0.000099230095,0.000000000000,0.000068057644,0.000069355624,0.000000000000,0.000076327507,0.000077947748,0.000000000000,0.000077250257,0.000079013490,0.000000000000,0.000059392214,0.000060802751,0.000000000000,0.000066408735,0.000067536485,0.000000000000,0.000071130718,0.000067988161,0.000000000000,0.000040238506,0.000039957397,0.000000000000,0.000047605166,0.000046424428,0.000000000000,0.000048711519,0.000046540255
467,0.000000000000,0.000138630909,0.000136171065,0.000000000000,0.000139245869,0.000138015948,0.000000000000,0.000138015948,0.000139245869,0.000000000000,0.000103553909,0.000099264645,0.000000000000,0.000104859640,0.000098479311,0.000000000000,0.000101493537,0.000099230095,0.000000000000,0.000068212489,0.000069355624,0.000000000000,0.000076327507,0.000077947748,0.000000000000,0.000077250257,0.000079018343,0.000000000000,0.000059400475,0.000060935407,0.000000000000,0.000066415767,0.000067701551,0.000000000000,0.000071130718,0.000067988161,0.000000000000,0.000040240767,0.000039964180,0.000000000000,0.000047676961,0.000046424428,0.000000000000,0.000048729953,0.000046540255
468,0.000000000000,0.000138630909,0.000136171065,0.000000000000,0.000139245869,0.000138015948,0.000000000000,0.000138015948,0.000139245869,0.000000000000,0.000103553909,0.000099264645,0.000000000000,0.000104859640,0.000098479311,0.000000000000,0.000101493537,0.000099230095,0.000000000000,0.000068212489,0.000069366523,0.000000000000,0.000076328332,0.000077947748,0.000000000000,0.000077264727,0.000079057673,0.000000000000,0.000059438234,0.000060935407,0.000000000000,0.000066422109,0.000067701551,0.000000000000,0.000071330815,0.000068074936,0.000000000000,0.000040314583,0.000039964180,0.000000000000,0.000047676961,0.000046424428,0.000000000000,0.000048743320,0.000046540255
469,0.000000000000,0.000138630909,0.000136171065,0.000000000000,0.000139245869,0.000138015948,0.000000000000,0.000138015948,0.000139245869,0.000000000000,0.000103553909,0.000099264645,0.000000000000,0.000104859640,0.000098479311,0.000000000000,0.000101493537,0.000099230095,0.000000000000,0.000068212489,0.000069366523,0.000000000000,0.000076328332,0.000077947748,0.000000000000,0.000077264727,0.000079057673,0.000000000000,0.000059438234,0.000061044915,0.000000000000,0.000066424531,0.000067717729,0.000000000000,0.000071330815,0.000068074936,0.000000000000,0.000040320509,0.000039964180,0.000000000000,0.000047688568,0.000046424428,0.000000000000,0.000048743320,0.000046540786
470,0.000000000000,0.000138630909,0.000136171065,0.000000000000,0.000139245869,0.000138015948,0.000000000000,0.000138015948,0.000139245869,0.000000000000,0.000103553909,0.000099264645,0.000000000000,0.000104859640,0.000098479311,0.000000000000,0.000101493537,0.000099230095,0.000000000000,0.000068212489,0.000069366523,0.000000000000,0.000076328332,0.000077947748,0.000000000000,0.000077264727,0.000079073281,0.000000000000,0.000059462086,0.000061044915,0.000000000000,0.000066424531,0.000067891889,0.000000000000,0.000071330815,0.000068081598,0.000000000000,0.000040372098,0.000039983316,0.000000000000,0.000047688568,0.000046425029,0.000000000000,0.000048743320,0.000046542202
471,0.000000000000,0.000138630909,0.000136171065,0.000000000000,0.000139245869,0.000138015948,0.000000000000,0.000138015948,0.000139245869,0.000000000000,0.000103553909,0.000099264645,0.000000000000,0.000104859640,0.000098479311,0.000000000000,0.000101493537,0.000099230095,0.000000000000,0.000068236447,0.000069366523,0.000000000000,0.000076328332,0.000077947748,0.000000000000,0.000077264727,0.000079073281,0.000000000000,0.000059471791,0.000061044915,0.000000000000,0.000066463543,0.000067900385,0.000000000000,0.000071373435,0.000068081598,0.000000000000,0.000040372098,0.000039983316,0.000000000000,0.000047698868,0.000046425029,0.000000000000,0.000048761073,0.000046542202
472,0.000000000000,0.000138630909,0.000136171065,0.000000000000,0.000139245869,0.000138015948,0.000000000000,0.000138015948,0.000139245869,0.000000000000,0.000103553909,0.000099264645,0.000000000000,0.000104859640,0.000098479311,0.000000000000,0.000101493537,0.000099230095,0.000000000000,0.000068236447,0.000069366523,0.000000000000,0.000076328332,0.000077947748,0.000000000000,0.000077264727,0.000079073281,0.000000000000,0.000059498487,0.000061044915,0.000000000000,0.000066480620,0.000067900385,0.000000000000,0.000071377583,0.000068136414,0.000000000000,0.000040372098,0.000039983316,0.000000000000,0.000047908564,0.000046425029,0.000000000000,0.000048917960,0.000046542202
473,0.000000000000,0.000138630909,0.000136171065,0.000000000000,0.000139245869,0.000138344426,0.000000000000,0.000138015948,0.000139245869,0.000000000000,0.000103553909,0.000099264645,0.000000000000,0.000104859640,0.000098479311,0.000000000000,0.000101493537,0.000099230095,0.000000000000,0.000068255000,0.000069377635,0.000000000000,0.000076328332,0.000077951297,0.000000000000,0.000077264727,0.000079073281,0.000000000000,0.000059577257,0.000061044915,0.000000000000,0.000066504757,0.000067907659,0.000000000000,0.000071378785,0.000068136414,0.000000000000,0.000040372098,0.000039983316,0.000000000000,0.000047910093,0.000046448853,0.000000000000,0.000048950325,0.000046542202
474,0.000000000000,0.000138630909,0.000136171065,0.000000000000,0.000139245869,0.000138344426,0.000000000000,0.000138015948,0.000139245869,0.000000000000,0.000103553909,0.000099358826,0.000000000000,0.000104859640,0.000098479311,0.000000000000,0.000101493537,0.000099230095,0.000000000000,0.000068279839,0.000069377635,0.000000000000,0.000076328332,0.000077951297,0.000000000000,0.000077264727,0.000079073281,0.000000000000,0.000059864104,0.000061044915,0.000000000000,0.000066504757,0.000067919223,0.000000000000,0.000071380453,0.000068136414,0.000000000000,0.000040380971,0.000040006265,0.000000000000,0.000047933704,0.000046477118,0.000000000000,0.000048950325,0.000046542202
475,0.000000000000,0.000138630909,0.000136171065,0.000000000000,0.000139245869,0.000138344426,0.000000000000,0.000138015948,0.000139245869,0.000000000000,0.000103553909,0.000099358826,0.000000000000,0.000104859640,0.000098479311,0.000000000000,0.000101493537,0.000099230095,0.000000000000,0.000068287969,0.000069377635,0.000000000000,0.000076328332,0.000077951297,0.000000000000,0.000077270632,0.000079073281,0.000000000000,0.000059864104,0.000061044915,0.000000000000,0.000066578212,0.000067919223,0.000000000000,0.000071401072,0.000068185821,0.000000000000,0.000040434024,0.000040036518,0.000000000000,0.000047952557,0.000046477118,0.000000000000,0.000048990864,0.000046544172
476,0.000000000000,0.000138630909,0.000136171065,0.000000000000,0.000139245869,0.000138344426,0.000000000000,0.000138015948,0.000139245869,0.000000000000,0.000103553909,0.000099358826,0.000000000000,0.000104859640,0.000098479311,0.000000000000,0.000101493537,0.000099230095,0.000000000000,0.000068287969,0.000069377635,0.000000000000,0.000076328332,0.000077951297,0.000000000000,0.000077447896,0.000079073281,0.000000000000,0.000059955544,0.000061115922,0.000000000000,0.000066627777,0.000067957301,0.000000000000,0.000071401072,0.000068190439,0.000000000000,0.000040449030,0.000040043065,0.000000000000,0.000047952557,0.000046477118,0.000000000000,0.000048990864,0.000046555493
477,0.000000000000,0.000138630909,0.000136171065,0.000000000000,0.000139245869,0.000138344426,0.000000000000,0.000138015948,0.000139245869,0.000000000000,0.000103553909,0.000099387912,0.000000000000,0.000104859640,0.000098479311,0.000000000000,0.000101493537,0.000099230095,0.000000000000,0.000068287969,0.000069377635,0.000000000000,0.000076328332,0.000077951297,0.000000000000,0.000077521210,0.000079165983,0.000000000000,0.000059963474,0.000061115922,0.000000000000,0.000066627777,0.000068019894,0.000000000000,0.000071471515,0.000068208314,0.000000000000,0.000040449030,0.000040072207,0.000000000000,0.000047952557,0.000046477118,0.000000000000,0.000048990864,0.000046555493
478,0.000000000000,0.000138630909,0.000136171065,0.000000000000,0.000139245869,0.000138344426,0.000000000000,0.000138015948,0.000139245869,0.000000000000,0.000103553909,0.000099387912,0.000000000000,0.000104859640,0.000098479311,0.000000000000,0.000101493537,0.000099230095,0.000000000000,0.000068360558,0.000069377635,0.000000000000,0.000076328332,0.000077951297,0.000000000000,0.000077527245,0.000079165983,0.000000000000,0.000059965587,0.000061115922,0.000000000000,0.000066627777,0.000068019894,0.000000000000,0.000071471515,0.000068345161,0.000000000000,0.000040449030,0.000040072207,0.000000000000,0.000047981665,0.000046477118,0.000000000000,0.000049021629,0.000046555493
479,0.000000000000,0.000138630909,0.000136171065,0.000000000000,0.000139245869,0.000138344426,0.000000000000,0.000138015948,0.000139245869,0.000000000000,0.000103553909,0.000099387912,0.000000000000,0.000104859640,0.000098479311,0.000000000000,0.000101493537,0.000099230095,0.000000000000,0.000068360558,0.000069483109,0.000000000000,0.000076335029,0.000077951297,0.000000000000,0.000077527245,0.000079165983,0.000000000000,0.000060097451,0.000061115922,0.000000000000,0.000066654835,0.000068099765,0.000000000000,0.000071471515,0.000068381484,0.000000000000,0.000040458413,0.000040081504,0.000000000000,0.000048013486,0.000046477118,0.000000000000,0.000049021629,0.000046558720
480,0.000000000000,0.000138630909,0.000136171065,0.000000000000,0.000139245869,0.000138344426,0.000000000000,0.000138015948,0.000139245869,0.000000000000,0.000103553909,0.000099387912,0.000000000000,0.000104859640,0.000098479311,0.000000000000,0.000101493537,0.000099230095,0.000000000000,0.000068384381,0.000069496572,0.000000000000,0.000076335029,0.000077951297,0.000000000000,0.000077527245,0.000079165983,0.000000000000,0.000060176202,0.000061115922,0.000000000000,0.000066654835,0.000068106205,0.000000000000,0.000071471515,0.000068381484,0.000000000000,0.000040475037,0.000040081504,0.000000000000,0.000048057628,0.000046482543,0.000000000000,0.000049021629,0.000046558720
481,0.000000000000,0.000138630909,0.000136171065,0.000000000000,0.000139245869,0.000138344426,0.000000000000,0.000138015948,0.000139245869,0.000000000000,0.000103553909,0.000099387912,0.000000000000,0.000104859640,0.000098479311,0.000000000000,0.000101493537,0.000099230095,0.000000000000,0.000068384381,0.000069496572,0.000000000000,0.000076335029,0.000077951297,0.000000000000,0.000077527245,0.000079165983,0.000000000000,0.000060176202,0.000061184591,0.000000000000,0.000066657143,0.000068106205,0.000000000000,0.000071471515,0.000068401338,0.000000000000,0.000040509441,0.000040181806,0.000000000000,0.000048063794,0.000046493200,0.000000000000,0.000049021629,0.000046558720
482,0.000000000000,0.000138630909,0.000136786026,0.000000000000,0.000139245869,0.000138344426,0.000000000000,0.000138015948,0.000139245869,0.000000000000,0.000103553909,0.000099387912,0.000000000000,0.000104859640,0.000098479311,0.000000000000,0.000101493537,0.000099230095,0.000000000000,0.000068384381,0.000069496572,0.000000000000,0.000076335029,0.000077951297,0.000000000000,0.000077534790,0.000079165983,0.000000000000,0.000060176202,0.000061184591,0.000000000000,0.000066741452,0.000068106205,0.000000000000,0.000071471515,0.000068408184,0.000000000000,0.000040509441,0.000040181806,0.000000000000,0.000048077128,0.000046493200,0.000000000000,0.000049021629,0.000046558720
483,0.000000000000,0.000138630909,0.000136786026,0.000000000000,0.000139245869,0.000138344426,0.000000000000,0.000138015948,0.000139245869,0.000000000000,0.000103553909,0.000099387912,0.000000000000,0.000104859640,0.000098479311,0.000000000000,0.000101493537,0.000099230095,0.000000000000,0.000068384381,0.000069496572,0.000000000000,0.000076335029,0.000077951297,0.000000000000,0.000077589283,0.000079221677,0.000000000000,0.000060176202,0.000061284298,0.000000000000,0.000066741452,0.000068106205,0.000000000000,0.000071471515,0.000068408184,0.000000000000,0.000040520773,0.000040302831,0.000000000000,0.000048077128,0.000046493200,0.000000000000,0.000049055738,0.000046558720
484,0.000000000000,0.000138630909,0.000136786026,0.000000000000,0.000139245869,0.000138344426,0.000000000000,0.000138015948,0.000139245869,0.000000000000,0.000103724171,0.000099387912,0.000000000000,0.000104859640,0.000098479311,0.000000000000,0.000101493537,0.000099230095,0.000000000000,0.000068384381,0.000069496572,0.000000000000,0.000076335029,0.000077965272,0.000000000000,0.000077589283,0.000079221677,0.000000000000,0.000060191347,0.000061284298,0.000000000000,0.000066743821,0.000068112313,0.000000000000,0.000071553042,0.000068408184,0.000000000000,0.000040531249,0.000040359507,0.000000000000,0.000048086806,0.000046493200,0.000000000000,0.000049059790,0.000046558720
485,0.000000000000,0.000138630909,0.000136786026,0.000000000000,0.000139245869,0.000138630909,0.000000000000,0.000138015948,0.000139245869,0.000000000000,0.000103724171,0.000099387912,0.000000000000,0.000104859640,0.000098479311,0.000000000000,0.000101493537,0.000099230095,0.000000000000,0.000068384381,0.000069502613,0.000000000000,0.000076335029,0.000077965272,0.000000000000,0.000077589283,0.000079221677,0.000000000000,0.000060191347,0.000061284298,0.000000000000,0.000066743821,0.000068112313,0.000000000000,0.000071553569,0.000068491964,0.000000000000,0.000040531249,0.000040359507,0.000000000000,0.000048086806,0.000046493200,0.000000000000,0.000049059790,0.000046598388
486,0.000000000000,0.000138630909,0.000136786026,0.000000000000,0.000139245869,0.000138630909,0.000000000000,0.000138015948,0.000139245869,0.000000000000,0.000103724171,0.000099387912,0.000000000000,0.000104859640,0.000098479311,0.000000000000,0.000101493537,0.000099230095,0.000000000000,0.000068384381,0.000069502613,0.000000000000,0.000076335029,0.000077965272,0.000000000000,0.000077589283,0.000079221677,0.000000000000,0.000060227722,0.000061284298,0.000000000000,0.000066743821,0.000068112313,0.000000000000,0.000071553569,0.000068537378,0.000000000000,0.000040560099,0.000040359507,0.000000000000,0.000048091243,0.000046493200,0.000000000000,0.000049059790,0.000046598388
487,0.000000000000,0.000138630909,0.000136786026,0.000000000000,0.000139245869,0.000138630909,0.000000000000,0.000138015948,0.000139245869,0.000000000000,0.000103724171,0.000099387912,0.000000000000,0.000104859640,0.000098479311,0.000000000000,0.000101493537,0.000099230095,0.000000000000,0.000068384381,0.000069502613,0.000000000000,0.000076382365,0.000077965272,0.000000000000,0.000077589283,0.000079221677,0.000000000000,0.000060239049,0.000061284298,0.000000000000,0.000066839371,0.000068139621,0.000000000000,0.000071553569,0.000068537378,0.000000000000,0.000040560099,0.000040359507,0.000000000000,0.000048150493,0.000046531193,0.000000000000,0.000049091391,0.000046598388
488,0.000000000000,0.000138630909,0.000136786026,0.000000000000,0.000139245869,0.000138630909,0.000000000000,0.000138015948,0.000139245869,0.000000000000,0.000103724171,0.000099387912,0.000000000000,0.000104859640,0.000098479311,0.000000000000,0.000101493537,0.000099230095,0.000000000000,0.000068384381,0.000069502613,0.000000000000,0.000076382365,0.000077965272,0.000000000000,0.000077589283,0.000079221677,0.000000000000,0.000060402027,0.000061284298,0.000000000000,0.000066869850,0.000068139621,0.000000000000,0.000071553569,0.000068537378,0.000000000000,0.000040561153,0.000040359507,0.000000000000,0.000048172552,0.000046531493,0.000000000000,0.000049227673,0.000046598388
489,0.000000000000,0.000138630909,0.000136786026,0.000000000000,0.000139245869,0.000138630909,0.000000000000,0.000138015948,0.000139245869,0.000000000000,0.000103724171,0.000099387912,0.000000000000,0.000104859640,0.000098479311,0.000000000000,0.000101493537,0.000099230095,0.000000000000,0.000068384381,0.000069502613,0.000000000000,0.000076382365,0.000077965272,0.000000000000,0.000077602547,0.000079221677,0.000000000000,0.000060705653,0.000061316864,0.000000000000,0.000066869850,0.000068139621,0.000000000000,0.000071553569,0.000068537378,0.000000000000,0.000040745971,0.000040365323,0.000000000000,0.000048172552,0.000046531493,0.000000000000,0.000049227673,0.000046598388
490,0.000000000000,0.000138630909,0.000136786026,0.000000000000,0.000139245869,0.000138630909,0.000000000000,0.000138015948,0.000139245869,0.000000000000,0.000103724171,0.000099387912,0.000000000000,0.000104859640,0.000098479311,0.000000000000,0.000101493537,0.000099230095,0.000000000000,0.000068384381,0.000069502613,0.000000000000,0.000076382365,0.000077965272,0.000000000000,0.000077602547,0.000079236812,0.000000000000,0.000060719534,0.000061316864,0.000000000000,0.000066869850,0.000068197369,0.000000000000,0.000071598372,0.000068589356,0.000000000000,0.000040764338,0.000040365323,0.000000000000,0.000048192160,0.000046531493,0.000000000000,0.000049273692,0.000046598388
491,0.000000000000,0.000138630909,0.000136786026,0.000000000000,0.000139245869,0.000138630909,0.000000000000,0.000138015948,0.000139245869,0.000000000000,0.000103724171,0.000099387912,0.000000000000,0.000104859640,0.000098479311,0.000000000000,0.000101493537,0.000099230095,0.000000000000,0.000068531000,0.000069502613,0.000000000000,0.000076382365,0.000077965272,0.000000000000,0.000077602547,0.000079236812,0.000000000000,0.000060890155,0.000061316864,0.000000000000,0.000066869850,0.000068197369,0.000000000000,0.000071616307,0.000068749065,0.000000000000,0.000040897075,0.000040365323,0.000000000000,0.000048192160,0.000046531493,0.000000000000,0.000049303911,0.000046598388
492,0.000000000000,0.000138630909,0.000136786026,0.000000000000,0.000139245869,0.000138630909,0.000000000000,0.000138015948,0.000139245869,0.000000000000,0.000103724171,0.000099387912,0.000000000000,0.000104859640,0.000098479311,0.000000000000,0.000101493537,0.000099230095,0.000000000000,0.000068531000,0.000069524787,0.000000000000,0.000076382365,0.000077965272,0.000000000000,0.000077602547,0.000079250196,0.000000000000,0.000060902913,0.000061316864,0.000000000000,0.000066869850,0.000068197369,0.000000000000,0.000071973958,0.000068749065,0.000000000000,0.000040897075,0.000040365323,0.000000000000,0.000048192160,0.000046531493,0.000000000000,0.000049303911,0.000046598388
493,0.000000000000,0.000138630909,0.000136786026,0.000000000000,0.000139245869,0.000138630909,0.000000000000,0.000138015948,0.000139245869,0.000000000000,0.000103724171,0.000099399275,0.000000000000,0.000104859640,0.000098479311,0.000000000000,0.000101493537,0.000099230095,0.000000000000,0.000068531000,0.000069524787,0.000000000000,0.000076435482,0.000077965272,0.000000000000,0.000077602547,0.000079250196,0.000000000000,0.000060902913,0.000061316864,0.000000000000,0.000066869850,0.000068197369,0.000000000000,0.000071973958,0.000068749065,0.000000000000,0.000040907250,0.000040380220,0.000000000000,0.000048226090,0.000046531493,0.000000000000,0.000049320897,0.000046598388
494,0.000000000000,0.000138630909,0.000136786026,0.000000000000,0.000139245869,0.000138630909,0.000000000000,0.000138015948,0.000139245869,0.000000000000,0.000103724171,0.000099399275,0.000000000000,0.000104859640,0.000098479311,0.000000000000,0.000101493537,0.000099230095,0.000000000000,0.000068531000,0.000069524787,0.000000000000,0.000076435482,0.000077965272,0.000000000000,0.000077602547,0.000079250196,0.000000000000,0.000060902913,0.000061360251,0.000000000000,0.000066869850,0.000068237526,0.000000000000,0.000071973958,0.000068778982,0.000000000000,0.000040907250,0.000040392341,0.000000000000,0.000048226090,0.000046531493,0.000000000000,0.000049392281,0.000046672594
495,0.000000000000,0.000138630909,0.000136786026,0.000000000000,0.000139245869,0.000138630909,0.000000000000,0.000138015948,0.000139245869,0.000000000000,0.000103724171,0.000099399275,0.000000000000,0.000104859640,0.000098479311,0.000000000000,0.000101493537,0.000099423183,0.000000000000,0.000068531000,0.000069524787,0.000000000000,0.000076435482,0.000077965272,0.000000000000,0.000077602547,0.000079253465,0.000000000000,0.000061005685,0.000061360251,0.000000000000,0.000066875569,0.000068307369,0.000000000000,0.000071982638,0.000068778982,0.000000000000,0.000040908669,0.000040392341,0.000000000000,0.000048302712,0.000046531493,0.000000000000,0.000049392281,0.000046672594
496,0.000000000000,0.000138630909,0.000136786026,0.000000000000,0.000139245869,0.000138630909,0.000000000000,0.000138015948,0.000139245869,0.000000000000,0.000103724171,0.000099399275,0.000000000000,0.000104859640,0.000098479311,0.000000000000,0.000101493537,0.000099423183,0.000000000000,0.000068531000,0.000069569718,0.000000000000,0.000076435482,0.000077965272,0.000000000000,0.000077605571,0.000079253465,0.000000000000,0.000061005685,0.000061630047,0.000000000000,0.000066909342,0.000068307369,0.000000000000,0.000071982638,0.000068778982,0.000000000000,0.000040908669,0.000040392341,0.000000000000,0.000048302712,0.000046531493,0.000000000000,0.000049392281,0.000046672594
497,0.000000000000,0.000138630909,0.000136786026,0.000000000000,0.000139245869,0.000138630909,0.000000000000,0.000138015948,0.000139245869,0.000000000000,0.000103724171,0.000099399275,0.000000000000,0.000104859640,0.000098479311,0.000000000000,0.000101493537,0.000099423183,0.000000000000,0.000068531000,0.000069569718,0.000000000000,0.000076435482,0.000077965272,0.000000000000,0.000077639476,0.000079253465,0.000000000000,0.000061005685,0.000061630047,0.000000000000,0.000066910432,0.000068489223,0.000000000000,0.000072043674,0.000068778982,0.000000000000,0.000040908669,0.000040440578,0.000000000000,0.000048303598,0.000046581450,0.000000000000,0.000049411018,0.000046761378
498,0.000000000000,0.000138630909,0.000136786026,0.000000000000,0.000139245869,0.000138630909,0.000000000000,0.000138015948,0.000139245869,0.000000000000,0.000103803142,0.000099399275,0.000000000000,0.000104859640,0.000098479311,0.000000000000,0.000101493537,0.000099423183,0.000000000000,0.000068531000,0.000069569718,0.000000000000,0.000076435482,0.000077965272,0.000000000000,0.000077639476,0.000079253465,0.000000000000,0.000061005685,0.000061639144,0.000000000000,0.000066910432,0.000068512914,0.000000000000,0.000072136373,0.000068778982,0.000000000000,0.000040931082,0.000040440578,0.000000000000,0.000048472803,0.000046581450,0.000000000000,0.000049479962,0.000046761378
499,0.000000000000,0.000138630909,0.000136786026,0.000000000000,0.000139245869,0.000138630909,0.000000000000,0.000138015948,0.000139245869,0.000000000000,0.000103803142,0.000099399275,0.000000000000,0.000104859640,0.000098479311,0.000000000000,0.000101493537,0.000099423183,0.000000000000,0.000068531000,0.000069569718,0.000000000000,0.000076538803,0.000077965272,0.000000000000,0.000077639476,0.000079259168,0.000000000000,0.000061005685,0.000061639144,0.000000000000,0.000066910432,0.000068512914,0.000000000000,0.000072136373,0.000068807011,0.000000000000,0.000040931082,0.000040440578,0.000000000000,0.000048609665,0.000046581450,0.000000000000,0.000049516961,0.000046765759
500,0.000000000000,0.000138630909,0.000136786026,0.000000000000,0.000139245869,0.000138630909,0.000000000000,0.000138015948,0.000139245869,0.000000000000,0.000103803142,0.000099399275,0.000000000000,0.000104859640,0.000098479311,0.000000000000,0.000101493537,0.000099423183,0.000000000000,0.000068576076,0.000069569718,0.000000000000,0.000076538803,0.000077965272,0.000000000000,0.000077653029,0.000079259168,0.000000000000,0.000061005685,0.000061639144,0.000000000000,0.000066910432,0.000068512914,0.000000000000,0.000072145610,0.000068807011,0.000000000000,0.000040931082,0.000040440578,0.000000000000,0.000048609919,0.000046581450,0.000000000000,0.000049516961,0.000046765759
501,0.000000000000,0.000000000000,0.000136786026,0.000000000000,0.000000000000,0.000138630909,0.000000000000,0.000000000000,0.000139245869,0.000000000000,0.000000000000,0.000099399275,0.000000000000,0.000000000000,0.000098581423,0.000000000000,0.000000000000,0.000099423183,0.000000000000,0.000000000000,0.000069637546,0.000000000000,0.000000000000,0.000077965272,0.000000000000,0.000000000000,0.000079259168,0.000000000000,0.000000000000,0.000061639144,0.000000000000,0.000000000000,0.000068512914,0.000000000000,0.000000000000,0.000068807011,0.000000000000,0.000000000000,0.000040440578,0.000000000000,0.000000000000,0.000046599514,0.000000000000,0.000000000000,0.000046826032
502,0.000000000000,0.000000000000,0.000136786026,0.000000000000,0.000000000000,0.000138630909,0.000000000000,0.000000000000,0.000139245869,0.000000000000,0.000000000000,0.000099399275,0.000000000000,0.000000000000,0.000098581423,0.000000000000,0.000000000000,0.000099423183,0.000000000000,0.000000000000,0.000069656284,0.000000000000,0.000000000000,0.000077965272,0.000000000000,0.000000000000,0.000079275918,0.000000000000,0.000000000000,0.000061639144,0.000000000000,0.000000000000,0.000068512914,0.000000000000,0.000000000000,0.000068829751,0.000000000000,0.000000000000,0.000040459473,0.000000000000,0.000000000000,0.000046621372,0.000000000000,0.000000000000,0.000046826032
503,0.000000000000,0.000000000000,0.000136786026,0.000000000000,0.000000000000,0.000138630909,0.000000000000,0.000000000000,0.000139245869,0.000000000000,0.000000000000,0.000099399275,0.000000000000,0.000000000000,0.000098581423,0.000000000000,0.000000000000,0.000099423183,0.000000000000,0.000000000000,0.000069656284,0.000000000000,0.000000000000,0.000077965272,0.000000000000,0.000000000000,0.000079275918,0.000000000000,0.000000000000,0.000061639144,0.000000000000,0.000000000000,0.000068533903,0.000000000000,0.000000000000,0.000068829751,0.000000000000,0.000000000000,0.000040460827,0.000000000000,0.000000000000,0.000046698804,0.000000000000,0.000000000000,0.000046826032
504,0.000000000000,0.000000000000,0.000136786026,0.000000000000,0.000000000000,0.000138630909,0.000000000000,0.000000000000,0.000139245869,0.000000000000,0.000000000000,0.000099399275,0.000000000000,0.000000000000,0.000098581423,0.000000000000,0.000000000000,0.000099423183,0.000000000000,0.000000000000,0.000069656284,0.000000000000,0.000000000000,0.000078023629,0.000000000000,0.000000000000,0.000079275918,0.000000000000,0.000000000000,0.000061647456,0.000000000000,0.000000000000,0.000068533903,0.000000000000,0.000000000000,0.000069043482,0.000000000000,0.000000000000,0.000040553506,0.000000000000,0.000000000000,0.000046714071,0.000000000000,0.000000000000,0.000046880879
505,0.000000000000,0.000000000000,0.000136786026,0.000000000000,0.000000000000,0.000138630909,0.000000000000,0.000000000000,0.000139245869,0.000000000000,0.000000000000,0.000099399275,0.000000000000,0.000000000000,0.000098581423,0.000000000000,0.000000000000,0.000099423183,0.000000000000,0.000000000000,0.000070420116,0.000000000000,0.000000000000,0.000078023629,0.000000000000,0.000000000000,0.000079275918,0.000000000000,0.000000000000,0.000061647456,0.000000000000,0.000000000000,0.000068765123,0.000000000000,0.000000000000,0.000069043482,0.000000000000,0.000000000000,0.000040553506,0.000000000000,0.000000000000,0.000046714071,0.000000000000,0.000000000000,0.000047100440
506,0.000000000000,0.000000000000,0.000136786026,0.000000000000,0.000000000000,0.000138630909,0.000000000000,0.000000000000,0.000139245869,0.000000000000,0.000000000000,0.000099399275,0.000000000000,0.000000000000,0.000098581423,0.000000000000,0.000000000000,0.000099423183,0.000000000000,0.000000000000,0.000070423911,0.000000000000,0.000000000000,0.000078023629,0.000000000000,0.000000000000,0.000079275918,0.000000000000,0.000000000000,0.000061692305,0.000000000000,0.000000000000,0.000068765123,0.000000000000,0.000000000000,0.000069043482,0.000000000000,0.000000000000,0.000040592685,0.000000000000,0.000000000000,0.000046716257,0.000000000000,0.000000000000,0.000047101153
507,0.000000000000,0.000000000000,0.000136786026,0.000000000000,0.000000000000,0.000138630909,0.000000000000,0.000000000000,0.000139245869,0.000000000000,0.000000000000,0.000099399275,0.000000000000,0.000000000000,0.000098581423,0.000000000000,0.000000000000,0.000099423183,0.000000000000,0.000000000000,0.000070423911,0.000000000000,0.000000000000,0.000078023629,0.000000000000,0.000000000000,0.000079275918,0.000000000000,0.000000000000,0.000061692305,0.000000000000,0.000000000000,0.000068765123,0.000000000000,0.000000000000,0.000069043482,0.000000000000,0.000000000000,0.000040592685,0.000000000000,0.000000000000,0.000046716257,0.000000000000,0.000000000000,0.000047101153
508,0.000000000000,0.000000000000,0.000136786026,0.000000000000,0.000000000000,0.000138630909,0.000000000000,0.000000000000,0.000139245869,0.000000000000,0.000000000000,0.000099399275,0.000000000000,0.000000000000,0.000098581423,0.000000000000,0.000000000000,0.000099423183,0.000000000000,0.000000000000,0.000070423911,0.000000000000,0.000000000000,0.000078023629,0.000000000000,0.000000000000,0.000079275918,0.000000000000,0.000000000000,0.000061692305,0.000000000000,0.000000000000,0.000068765123,0.000000000000,0.000000000000,0.000069137112,0.000000000000,0.000000000000,0.000040592685,0.000000000000,0.000000000000,0.000046758532,0.000000000000,0.000000000000,0.000047208197
509,0.000000000000,0.000000000000,0.000136786026,0.000000000000,0.000000000000,0.000138630909,0.000000000000,0.000000000000,0.000139245869,0.000000000000,0.000000000000,0.000099399275,0.000000000000,0.000000000000,0.000098581423,0.000000000000,0.000000000000,0.000099423183,0.000000000000,0.000000000000,0.000070423911,0.000000000000,0.000000000000,0.000078023629,0.000000000000,0.000000000000,0.000079275918,0.000000000000,0.000000000000,0.000061692305,0.000000000000,0.000000000000,0.000068765123,0.000000000000,0.000000000000,0.000069137112,0.000000000000,0.000000000000,0.000040592685,0.000000000000,0.000000000000,0.000046758532,0.000000000000,0.000000000000,0.000047208197
510,0.000000000000,0.000000000000,0.000136786026,0.000000000000,0.000000000000,0.000138630909,0.000000000000,0.000000000000,0.000139245869,0.000000000000,0.000000000000,0.000099399275,0.000000000000,0.000000000000,0.000098581423,0.000000000000,0.000000000000,0.000099423183,0.000000000000,0.000000000000,0.000070423911,0.000000000000,0.000000000000,0.000078023629,0.000000000000,0.000000000000,0.000079275918,0.000000000000,0.000000000000,0.000061692305,0.000000000000,0.000000000000,0.000068765123,0.000000000000,0.000000000000,0.000069137112,0.000000000000,0.000000000000,0.000040592685,0.000000000000,0.000000000000,0.000046758532,0.000000000000,0.000000000000,0.000047208197
511,0.000000000000,0.000000000000,0.000136786026,0.000000000000,0.000000000000,0.000138630909,0.000000000000,0.000000000000,0.000139245869,0.000000000000,0.000000000000,0.000099399275,0.000000000000,0.000000000000,0.000098581423,0.000000000000,0.000000000000,0.000099423183,0.000000000000,0.000000000000,0.000070423911,0.000000000000,0.000000000000,0.000078023629,0.000000000000,0.000000000000,0.000079275918,0.000000000000,0.000000000000,0.000061692305,0.000000000000,0.000000000000,0.000068787492,0.000000000000,0.000000000000,0.000069137112,0.000000000000,0.000000000000,0.000040772173,0.000000000000,0.000000000000,0.000046797977,0.000000000000,0.000000000000,0.000047208197
512,0.000000000000,0.000000000000,0.000136786026,0.000000000000,0.000000000000,0.000138630909,0.000000000000,0.000000000000,0.000139245869,0.000000000000,0.000000000000,0.000099399275,0.000000000000,0.000000000000,0.000098581423,0.000000000000,0.000000000000,0.000099423183,0.000000000000,0.000000000000,0.000070423911,0.000000000000,0.000000000000,0.000078023629,0.000000000000,0.000000000000,0.000079275918,0.000000000000,0.000000000000,0.000061692305,0.000000000000,0.000000000000,0.000068787492,0.000000000000,0.000000000000,0.000069137112,0.000000000000,0.000000000000,0.000040784499,0.000000000000,0.000000000000,0.000046921539,0.000000000000,0.000000000000,0.000047208197
513,0.000000000000,0.000000000000,0.000136786026,0.000000000000,0.000000000000,0.000138630909,0.000000000000,0.000000000000,0.000139245869,0.000000000000,0.000000000000,0.000099399275,0.000000000000,0.000000000000,0.000098581423,0.000000000000,0.000000000000,0.000099423183,0.000000000000,0.000000000000,0.000070549034,0.000000000000,0.000000000000,0.000078023629,0.000000000000,0.000000000000,0.000079441828,0.000000000000,0.000000000000,0.000061692305,0.000000000000,0.000000000000,0.000068796528,0.000000000000,0.000000000000,0.000069137112,0.000000000000,0.000000000000,0.000040784499,0.000000000000,0.000000000000,0.000046921539,0.000000000000,0.000000000000,0.000047354708
514,0.000000000000,0.000000000000,0.000136786026,0.000000000000,0.000000000000,0.000138630909,0.000000000000,0.000000000000,0.000139245869,0.000000000000,0.000000000000,0.000099434520,0.000000000000,0.000000000000,0.000098581423,0.000000000000,0.000000000000,0.000099423183,0.000000000000,0.000000000000,0.000070549034,0.000000000000,0.000000000000,0.000078050290,0.000000000000,0.000000000000,0.000079475868,0.000000000000,0.000000000000,0.000061692305,0.000000000000,0.000000000000,0.000068796528,0.000000000000,0.000000000000,0.000069137112,0.000000000000,0.000000000000,0.000040793133,0.000000000000,0.000000000000,0.000046952333,0.000000000000,0.000000000000,0.000047363229
515,0.000000000000,0.000000000000,0.000136786026,0.000000000000,0.000000000000,0.000138630909,0.000000000000,0.000000000000,0.000139245869,0.000000000000,0.000000000000,0.000099434520,0.000000000000,0.000000000000,0.000098581423,0.000000000000,0.000000000000,0.000099423183,0.000000000000,0.000000000000,0.000070787858,0.000000000000,0.000000000000,0.000078050290,0.000000000000,0.000000000000,0.000079475868,0.000000000000,0.000000000000,0.000061704077,0.000000000000,0.000000000000,0.000068796528,0.000000000000,0.000000000000,0.000069137112,0.000000000000,0.000000000000,0.000040793133,0.000000000000,0.000000000000,0.000046952333,0.000000000000,0.000000000000,0.000047363229
516,0.000000000000,0.000000000000,0.000136786026,0.000000000000,0.000000000000,0.000138630909,0.000000000000,0.000000000000,0.000139245869,0.000000000000,0.000000000000,0.000099434520,0.000000000000,0.000000000000,0.000098581423,0.000000000000,0.000000000000,0.000099423183,0.000000000000,0.000000000000,0.000070865306,0.000000000000,0.000000000000,0.000078050290,0.000000000000,0.000000000000,0.000079475868,0.000000000000,0.000000000000,0.000061904750,0.000000000000,0.000000000000,0.000068796528,0.000000000000,0.000000000000,0.000069137112,0.000000000000,0.000000000000,0.000040793133,0.000000000000,0.000000000000,0.000046952333,0.000000000000,0.000000000000,0.000047363229
517,0.000000000000,0.000000000000,0.000136786026,0.000000000000,0.000000000000,0.000138630909,0.000000000000,0.000000000000,0.000139245869,0.000000000000,0.000000000000,0.000099455496,0.000000000000,0.000000000000,0.000098581423,0.000000000000,0.000000000000,0.000099423183,0.000000000000,0.000000000000,0.000070865306,0.000000000000,0.000000000000,0.000078050290,0.000000000000,0.000000000000,0.000079646466,0.000000000000,0.000000000000,0.000061904750,0.000000000000,0.000000000000,0.000068858956,0.000000000000,0.000000000000,0.000069167510,0.000000000000,0.000000000000,0.000040793133,0.000000000000,0.000000000000,0.000046952333,0.000000000000,0.000000000000,0.000047371460
518,0.000000000000,0.000000000000,0.000136786026,0.000000000000,0.000000000000,0.000138630909,0.000000000000,0.000000000000,0.000139245869,0.000000000000,0.000000000000,0.000099455496,0.000000000000,0.000000000000,0.000098581423,0.000000000000,0.000000000000,0.000099423183,0.000000000000,0.000000000000,0.000070913114,0.000000000000,0.000000000000,0.000078050290,0.000000000000,0.000000000000,0.000079659986,0.000000000000,0.000000000000,0.000061904750,0.000000000000,0.000000000000,0.000068858956,0.000000000000,0.000000000000,0.000069167510,0.000000000000,0.000000000000,0.000040793133,0.000000000000,0.000000000000,0.000046980029,0.000000000000,0.000000000000,0.000047371460
519,0.000000000000,0.000000000000,0.000136786026,0.000000000000,0.000000000000,0.000138630909,0.000000000000,0.000000000000,0.000139245869,0.000000000000,0.000000000000,0.000099455496,0.000000000000,0.000000000000,0.000098581423,0.000000000000,0.000000000000,0.000099423183,0.000000000000,0.000000000000,0.000070913114,0.000000000000,0.000000000000,0.000078050290,0.000000000000,0.000000000000,0.000079693430,0.000000000000,0.000000000000,0.000061910554,0.000000000000,0.000000000000,0.000068929564,0.000000000000,0.000000000000,0.000069167510,0.000000000000,0.000000000000,0.000040793133,0.000000000000,0.000000000000,0.000047103136,0.000000000000,0.000000000000,0.000047371460
520,0.000000000000,0.000000000000,0.000136786026,0.000000000000,0.000000000000,0.000138630909,0.000000000000,0.000000000000,0.000139245869,0.000000000000,0.000000000000,0.000099455496,0.000000000000,0.000000000000,0.000098581423,0.000000000000,0.000000000000,0.000099423183,0.000000000000,0.000000000000,0.000070913114,0.000000000000,0.000000000000,0.000078080927,0.000000000000,0.000000000000,0.000079693430,0.000000000000,0.000000000000,0.000061910554,0.000000000000,0.000000000000,0.000068929564,0.000000000000,0.000000000000,0.000069167510,0.000000000000,0.000000000000,0.000040793133,0.000000000000,0.000000000000,0.000047128179,0.000000000000,0.000000000000,0.000047371460
521,0.000000000000,0.000000000000,0.000136786026,0.000000000000,0.000000000000,0.000138630909,0.000000000000,0.000000000000,0.000139245869,0.000000000000,0.000000000000,0.000099455496,0.000000000000,0.000000000000,0.000098581423,0.000000000000,0.000000000000,0.000099423183,0.000000000000,0.000000000000,0.000070913829,0.000000000000,0.000000000000,0.000078080927,0.000000000000,0.000000000000,0.000079693430,0.000000000000,0.000000000000,0.000061910554,0.000000000000,0.000000000000,0.000068929564,0.000000000000,0.000000000000,0.000069167510,0.000000000000,0.000000000000,0.000040834412,0.000000000000,0.000000000000,0.000047128179,0.000000000000,0.000000000000,0.000047371460
522,0.000000000000,0.000000000000,0.000136786026,0.000000000000,0.000000000000,0.000138630909,0.000000000000,0.000000000000,0.000139245869,0.000000000000,0.000000000000,0.000099455496,0.000000000000,0.000000000000,0.000098581423,0.000000000000,0.000000000000,0.000099423183,0.000000000000,0.000000000000,0.000070913829,0.000000000000,0.000000000000,0.000078080927,0.000000000000,0.000000000000,0.000079765766,0.000000000000,0.000000000000,0.000061910554,0.000000000000,0.000000000000,0.000068929564,0.000000000000,0.000000000000,0.000069167510,0.000000000000,0.000000000000,0.000040837078,0.000000000000,0.000000000000,0.000047134371,0.000000000000,0.000000000000,0.000047371460
523,0.000000000000,0.000000000000,0.000136786026,0.000000000000,0.000000000000,0.000138630909,0.000000000000,0.000000000000,0.000139245869,0.000000000000,0.000000000000,0.000099455496,0.000000000000,0.000000000000,0.000098581423,0.000000000000,0.000000000000,0.000099423183,0.000000000000,0.000000000000,0.000070913829,0.000000000000,0.000000000000,0.000078080927,0.000000000000,0.000000000000,0.000079765766,0.000000000000,0.000000000000,0.000061914344,0.000000000000,0.000000000000,0.000068929657,0.000000000000,0.000000000000,0.000069309919,0.000000000000,0.000000000000,0.000041052439,0.000000000000,0.000000000000,0.000047134371,0.000000000000,0.000000000000,0.000047605061
524,0.000000000000,0.000000000000,0.000136786026,0.000000000000,0.000000000000,0.000138630909,0.000000000000,0.000000000000,0.000139245869,0.000000000000,0.000000000000,0.000099499005,0.000000000000,0.000000000000,0.000098581423,0.000000000000,0.000000000000,0.000099423183,0.000000000000,0.000000000000,0.000070913829,0.000000000000,0.000000000000,0.000078080927,0.000000000000,0.000000000000,0.000079765766,0.000000000000,0.000000000000,0.000061914344,0.000000000000,0.000000000000,0.000068956913,0.000000000000,0.000000000000,0.000069309919,0.000000000000,0.000000000000,0.000041072443,0.000000000000,0.000000000000,0.000047134371,0.000000000000,0.000000000000,0.000047621205
525,0.000000000000,0.000000000000,0.000136786026,0.000000000000,0.000000000000,0.000138630909,0.000000000000,0.000000000000,0.000139245869,0.000000000000,0.000000000000,0.000099499005,0.000000000000,0.000000000000,0.000098581423,0.000000000000,0.000000000000,0.000099423183,0.000000000000,0.000000000000,0.000070913829,0.000000000000,0.000000000000,0.000078080927,0.000000000000,0.000000000000,0.000079765766,0.000000000000,0.000000000000,0.000061955245,0.000000000000,0.000000000000,0.000068956913,0.000000000000,0.000000000000,0.000069309919,0.000000000000,0.000000000000,0.000041089031,0.000000000000,0.000000000000,0.000047155887,0.000000000000,0.000000000000,0.000047688735
526,0.000000000000,0.000000000000,0.000136786026,0.000000000000,0.000000000000,0.000138630909,0.000000000000,0.000000000000,0.000139245869,0.000000000000,0.000000000000,0.000099499005,0.000000000000,0.000000000000,0.000098581423,0.000000000000,0.000000000000,0.000099423183,0.000000000000,0.000000000000,0.000070957354,0.000000000000,0.000000000000,0.000078080927,0.000000000000,0.000000000000,0.000079766634,0.000000000000,0.000000000000,0.000061955245,0.000000000000,0.000000000000,0.000069025971,0.000000000000,0.000000000000,0.000069320820,0.000000000000,0.000000000000,0.000041089031,0.000000000000,0.000000000000,0.000047339314,0.000000000000,0.000000000000,0.000047688735
527,0.000000000000,0.000000000000,0.000136786026,0.000000000000,0.000000000000,0.000138630909,0.000000000000,0.000000000000,0.000139245869,0.000000000000,0.000000000000,0.000099499005,0.000000000000,0.000000000000,0.000098581423,0.000000000000,0.000000000000,0.000099423183,0.000000000000,0.000000000000,0.000070957354,0.000000000000,0.000000000000,0.000078080927,0.000000000000,0.000000000000,0.000079773335,0.000000000000,0.000000000000,0.000062049243,0.000000000000,0.000000000000,0.000069025971,0.000000000000,0.000000000000,0.000069356773,0.000000000000,0.000000000000,0.000041089031,0.000000000000,0.000000000000,0.000047348373,0.000000000000,0.000000000000,0.000047688735
528,0.000000000000,0.000000000000,0.000136786026,0.000000000000,0.000000000000,0.000138630909,0.000000000000,0.000000000000,0.000139245869,0.000000000000,0.000000000000,0.000099499005,0.000000000000,0.000000000000,0.000098581423,0.000000000000,0.000000000000,0.000099423183,0.000000000000,0.000000000000,0.000070957354,0.000000000000,0.000000000000,0.000078080927,0.000000000000,0.000000000000,0.000079773335,0.000000000000,0.000000000000,0.000062049243,0.000000000000,0.000000000000,0.000069025971,0.000000000000,0.000000000000,0.000069356773,0.000000000000,0.000000000000,0.000041089031,0.000000000000,0.000000000000,0.000047348373,0.000000000000,0.000000000000,0.000047688735
529,0.000000000000,0.000000000000,0.000136786026,0.000000000000,0.000000000000,0.000138630909,0.000000000000,0.000000000000,0.000139245869,0.000000000000,0.000000000000,0.000099499005,0.000000000000,0.000000000000,0.000098581423,0.000000000000,0.000000000000,0.000099423183,0.000000000000,0.000000000000,0.000070957354,0.000000000000,0.000000000000,0.000078108445,0.000000000000,0.000000000000,0.000079783781,0.000000000000,0.000000000000,0.000062049243,0.000000000000,0.000000000000,0.000069030682,0.000000000000,0.000000000000,0.000069356773,0.000000000000,0.000000000000,0.000041089031,0.000000000000,0.000000000000,0.000047348373,0.000000000000,0.000000000000,0.000047812321
530,0.000000000000,0.000000000000,0.000136786026,0.000000000000,0.000000000000,0.000138630909,0.000000000000,0.000000000000,0.000139245869,0.000000000000,0.000000000000,0.000099499005,0.000000000000,0.000000000000,0.000098581423,0.000000000000,0.000000000000,0.000099423183,0.000000000000,0.000000000000,0.000070957354,0.000000000000,0.000000000000,0.000078108445,0.000000000000,0.000000000000,0.000079783781,0.000000000000,0.000000000000,0.000062062219,0.000000000000,0.000000000000,0.000069030682,0.000000000000,0.000000000000,0.000069356773,0.000000000000,0.000000000000,0.000041101298,0.000000000000,0.000000000000,0.000047421988,0.000000000000,0.000000000000,0.000047814051
531,0.000000000000,0.000000000000,0.000136786026,0.000000000000,0.000000000000,0.000138630909,0.000000000000,0.000000000000,0.000139245869,0.000000000000,0.000000000000,0.000099499005,0.000000000000,0.000000000000,0.000098581423,0.000000000000,0.000000000000,0.000099423183,0.000000000000,0.000000000000,0.000070957354,0.000000000000,0.000000000000,0.000078108445,0.000000000000,0.000000000000,0.000079874488,0.000000000000,0.000000000000,0.000062062219,0.000000000000,0.000000000000,0.000069034813,0.000000000000,0.000000000000,0.000069357308,0.000000000000,0.000000000000,0.000041101298,0.000000000000,0.000000000000,0.000047421988,0.000000000000,0.000000000000,0.000047814051
532,0.000000000000,0.000000000000,0.000136786026,0.000000000000,0.000000000000,0.000138630909,0.000000000000,0.000000000000,0.000139245869,0.000000000000,0.000000000000,0.000099499005,0.000000000000,0.000000000000,0.000098581423,0.000000000000,0.000000000000,0.000099423183,0.000000000000,0.000000000000,0.000070957354,0.000000000000,0.000000000000,0.000078108445,0.000000000000,0.000000000000,0.000079874488,0.000000000000,0.000000000000,0.000062083021,0.000000000000,0.000000000000,0.000069034813,0.000000000000,0.000000000000,0.000069357308,0.000000000000,0.000000000000,0.000041101298,0.000000000000,0.000000000000,0.000047421988,0.000000000000,0.000000000000,0.000047814051
533,0.000000000000,0.000000000000,0.000136786026,0.000000000000,0.000000000000,0.000138630909,0.000000000000,0.000000000000,0.000139245869,0.000000000000,0.000000000000,0.000099499005,0.000000000000,0.000000000000,0.000098581423,0.000000000000,0.000000000000,0.000099423183,0.000000000000,0.000000000000,0.000070957354,0.000000000000,0.000000000000,0.000078108445,0.000000000000,0.000000000000,0.000079874882,0.000000000000,0.000000000000,0.000062083021,0.000000000000,0.000000000000,0.000069034813,0.000000000000,0.000000000000,0.000069357308,0.000000000000,0.000000000000,0.000041101298,0.000000000000,0.000000000000,0.000047533657,0.000000000000,0.000000000000,0.000047907566
534,0.000000000000,0.000000000000,0.000136786026,0.000000000000,0.000000000000,0.000138630909,0.000000000000,0.000000000000,0.000139245869,0.000000000000,0.000000000000,0.000099499005,0.000000000000,0.000000000000,0.000098581423,0.000000000000,0.000000000000,0.000099423183,0.000000000000,0.000000000000,0.000070994355,0.000000000000,0.000000000000,0.000078108445,0.000000000000,0.000000000000,0.000079874882,0.000000000000,0.000000000000,0.000062083021,0.000000000000,0.000000000000,0.000069035412,0.000000000000,0.000000000000,0.000069357308,0.000000000000,0.000000000000,0.000041101298,0.000000000000,0.000000000000,0.000047533657,0.000000000000,0.000000000000,0.000047907566
535,0.000000000000,0.000000000000,0.000136786026,0.000000000000,0.000000000000,0.000138630909,0.000000000000,0.000000000000,0.000139245869,0.000000000000,0.000000000000,0.000099499005,0.000000000000,0.000000000000,0.000098581423,0.000000000000,0.000000000000,0.000099423183,0.000000000000,0.000000000000,0.000070994355,0.000000000000,0.000000000000,0.000078108445,0.000000000000,0.000000000000,0.000079926280,0.000000000000,0.000000000000,0.000062083021,0.000000000000,0.000000000000,0.000069044390,0.000000000000,0.000000000000,0.000069357308,0.000000000000,0.000000000000,0.000041103097,0.000000000000,0.000000000000,0.000047533657,0.000000000000,0.000000000000,0.000047907566
536,0.000000000000,0.000000000000,0.000136786026,0.000000000000,0.000000000000,0.000138630909,0.000000000000,0.000000000000,0.000139245869,0.000000000000,0.000000000000,0.000099499005,0.000000000000,0.000000000000,0.000098581423,0.000000000000,0.000000000000,0.000099423183,0.000000000000,0.000000000000,0.000070994355,0.000000000000,0.000000000000,0.000078108445,0.000000000000,0.000000000000,0.000079926280,0.000000000000,0.000000000000,0.000062083021,0.000000000000,0.000000000000,0.000069044390,0.000000000000,0.000000000000,0.000069449423,0.000000000000,0.000000000000,0.000041103097,0.000000000000,0.000000000000,0.000047550926,0.000000000000,0.000000000000,0.000047907566
537,0.000000000000,0.000000000000,0.000136786026,0.000000000000,0.000000000000,0.000138630909,0.000000000000,0.000000000000,0.000139245869,0.000000000000,0.000000000000,0.000099499005,0.000000000000,0.000000000000,0.000098581423,0.000000000000,0.000000000000,0.000099423183,0.000000000000,0.000000000000,0.000071009935,0.000000000000,0.000000000000,0.000078108445,0.000000000000,0.000000000000,0.000079926280,0.000000000000,0.000000000000,0.000062083021,0.000000000000,0.000000000000,0.000069044390,0.000000000000,0.000000000000,0.000069449423,0.000000000000,0.000000000000,0.000041174334,0.000000000000,0.000000000000,0.000047550926,0.000000000000,0.000000000000,0.000047936340
538,0.000000000000,0.000000000000,0.000136786026,0.000000000000,0.000000000000,0.000138630909,0.000000000000,0.000000000000,0.000139245869,0.000000000000,0.000000000000,0.000099499005,0.000000000000,0.000000000000,0.000098581423,0.000000000000,0.000000000000,0.000099423183,0.000000000000,0.000000000000,0.000071009935,0.000000000000,0.000000000000,0.000078108445,0.000000000000,0.000000000000,0.000079926280,0.000000000000,0.000000000000,0.000062138613,0.000000000000,0.000000000000,0.000069044390,0.000000000000,0.000000000000,0.000069449423,0.000000000000,0.000000000000,0.000041174334,0.000000000000,0.000000000000,0.000047550926,0.000000000000,0.000000000000,0.000047936340
539,0.000000000000,0.000000000000,0.000136786026,0.000000000000,0.000000000000,0.000138630909,0.000000000000,0.000000000000,0.000139245869,0.000000000000,0.000000000000,0.000099499005,0.000000000000,0.000000000000,0.000098581423,0.000000000000,0.000000000000,0.000099423183,0.000000000000,0.000000000000,0.000071009935,0.000000000000,0.000000000000,0.000078213834,0.000000000000,0.000000000000,0.000079926280,0.000000000000,0.000000000000,0.000062138613,0.000000000000,0.000000000000,0.000069044390,0.000000000000,0.000000000000,0.000069483069,0.000000000000,0.000000000000,0.000041174334,0.000000000000,0.000000000000,0.000047550926,0.000000000000,0.000000000000,0.000047936340
540,0.000000000000,0.000000000000,0.000136786026,0.000000000000,0.000000000000,0.000138630909,0.000000000000,0.000000000000,0.000139245869,0.000000000000,0.000000000000,0.000099499005,0.000000000000,0.000000000000,0.000098581423,0.000000000000,0.000000000000,0.000099423183,0.000000000000,0.000000000000,0.000071009935,0.000000000000,0.000000000000,0.000078289968,0.000000000000,0.000000000000,0.000079926280,0.000000000000,0.000000000000,0.000062175175,0.000000000000,0.000000000000,0.000069044390,0.000000000000,0.000000000000,0.000069483069,0.000000000000,0.000000000000,0.000041185976,0.000000000000,0.000000000000,0.000047641767,0.000000000000,0.000000000000,0.000048065361
541,0.000000000000,0.000000000000,0.000136786026,0.000000000000,0.000000000000,0.000138630909,0.000000000000,0.000000000000,0.000139245869,0.000000000000,0.000000000000,0.000099499005,0.000000000000,0.000000000000,0.000098581423,0.000000000000,0.000000000000,0.000099423183,0.000000000000,0.000000000000,0.000071009935,0.000000000000,0.000000000000,0.000078306734,0.000000000000,0.000000000000,0.000079926280,0.000000000000,0.000000000000,0.000062220295,0.000000000000,0.000000000000,0.000069044390,0.000000000000,0.000000000000,0.000069483069,0.000000000000,0.000000000000,0.000041416708,0.000000000000,0.000000000000,0.000047648773,0.000000000000,0.000000000000,0.000048065361
542,0.000000000000,0.000000000000,0.000136786026,0.000000000000,0.000000000000,0.000138630909,0.000000000000,0.000000000000,0.000139245869,0.000000000000,0.000000000000,0.000099499005,0.000000000000,0.000000000000,0.000098581423,0.000000000000,0.000000000000,0.000099423183,0.000000000000,0.000000000000,0.000071009935,0.000000000000,0.000000000000,0.000078306734,0.000000000000,0.000000000000,0.000079926280,0.000000000000,0.000000000000,0.000062322694,0.000000000000,0.000000000000,0.000069044390,0.000000000000,0.000000000000,0.000069483069,0.000000000000,0.000000000000,0.000041537077,0.000000000000,0.000000000000,0.000047648773,0.000000000000,0.000000000000,0.000048123380
543,0.000000000000,0.000000000000,0.000136786026,0.000000000000,0.000000000000,0.000138630909,0.000000000000,0.000000000000,0.000139245869,0.000000000000,0.000000000000,0.000099499005,0.000000000000,0.000000000000,0.000098581423,0.000000000000,0.000000000000,0.000099423183,0.000000000000,0.000000000000,0.000071009935,0.000000000000,0.000000000000,0.000078306734,0.000000000000,0.000000000000,0.000079926280,0.000000000000,0.000000000000,0.000062322694,0.000000000000,0.000000000000,0.000069044390,0.000000000000,0.000000000000,0.000069483069,0.000000000000,0.000000000000,0.000041537077,0.000000000000,0.000000000000,0.000047648773,0.000000000000,0.000000000000,0.000048123380
544,0.000000000000,0.000000000000,0.000136786026,0.000000000000,0.000000000000,0.000138630909,0.000000000000,0.000000000000,0.000139245869,0.000000000000,0.000000000000,0.000099499005,0.000000000000,0.000000000000,0.000098581423,0.000000000000,0.000000000000,0.000099423183,0.000000000000,0.000000000000,0.000071009935,0.000000000000,0.000000000000,0.000078352757,0.000000000000,0.000000000000,0.000079926280,0.000000000000,0.000000000000,0.000062322694,0.000000000000,0.000000000000,0.000069044390,0.000000000000,0.000000000000,0.000069488215,0.000000000000,0.000000000000,0.000041722749,0.000000000000,0.000000000000,0.000047648773,0.000000000000,0.000000000000,0.000048123380
545,0.000000000000,0.000000000000,0.000136786026,0.000000000000,0.000000000000,0.000138630909,0.000000000000,0.000000000000,0.000139245869,0.000000000000,0.000000000000,0.000099499005,0.000000000000,0.000000000000,0.000098581423,0.000000000000,0.000000000000,0.000099423183,0.000000000000,0.000000000000,0.000071009935,0.000000000000,0.000000000000,0.000078352757,0.000000000000,0.000000000000,0.000079926280,0.000000000000,0.000000000000,0.000062322694,0.000000000000,0.000000000000,0.000069044390,0.000000000000,0.000000000000,0.000069488215,0.000000000000,0.000000000000,0.000041722749,0.000000000000,0.000000000000,0.000047648773,0.000000000000,0.000000000000,0.000048123380
546,0.000000000000,0.000000000000,0.000136786026,0.000000000000,0.000000000000,0.000138630909,0.000000000000,0.000000000000,0.000139245869,0.000000000000,0.000000000000,0.000099499005,0.000000000000,0.000000000000,0.000098581423,0.000000000000,0.000000000000,0.000099423183,0.000000000000,0.000000000000,0.000071009935,0.000000000000,0.000000000000,0.000078352757,0.000000000000,0.000000000000,0.000079946802,0.000000000000,0.000000000000,0.000062322694,0.000000000000,0.000000000000,0.000069044390,0.000000000000,0.000000000000,0.000069488215,0.000000000000,0.000000000000,0.000041739784,0.000000000000,0.000000000000,0.000047648773,0.000000000000,0.000000000000,0.000048123380
547,0.000000000000,0.000000000000,0.000136786026,0.000000000000,0.000000000000,0.000138630909,0.000000000000,0.000000000000,0.000139245869,0.000000000000,0.000000000000,0.000099499005,0.000000000000,0.000000000000,0.000098581423,0.000000000000,0.000000000000,0.000099423183,0.000000000000,0.000000000000,0.000071009935,0.000000000000,0.000000000000,0.000078352757,0.000000000000,0.000000000000,0.000079946802,0.000000000000,0.000000000000,0.000062322694,0.000000000000,0.000000000000,0.000069044390,0.000000000000,0.000000000000,0.000069625184,0.000000000000,0.000000000000,0.000041782753,0.000000000000,0.000000000000,0.000047648773,0.000000000000,0.000000000000,0.000048265585
548,0.000000000000,0.000000000000,0.000136786026,0.000000000000,0.000000000000,0.000138630909,0.000000000000,0.000000000000,0.000139245869,0.000000000000,0.000000000000,0.000099499005,0.000000000000,0.000000000000,0.000098581423,0.000000000000,0.000000000000,0.000099423183,0.000000000000,0.000000000000,0.000071009935,0.000000000000,0.000000000000,0.000078352757,0.000000000000,0.000000000000,0.000079946802,0.000000000000,0.000000000000,0.000062322694,0.000000000000,0.000000000000,0.000069044390,0.000000000000,0.000000000000,0.000069625184,0.000000000000,0.000000000000,0.000041782753,0.000000000000,0.000000000000,0.000047715756,0.000000000000,0.000000000000,0.000048265585
549,0.000000000000,0.000000000000,0.000136786026,0.000000000000,0.000000000000,0.000138630909,0.000000000000,0.000000000000,0.000139245869,0.000000000000,0.000000000000,0.000099499005,0.000000000000,0.000000000000,0.000098581423,0.000000000000,0.000000000000,0.000099423183,0.000000000000,0.000000000000,0.000071009935,0.000000000000,0.000000000000,0.000078352757,0.000000000000,0.000000000000,0.000079946802,0.000000000000,0.000000000000,0.000062322694,0.000000000000,0.000000000000,0.000069044390,0.000000000000,0.000000000000,0.000069625184,0.000000000000,0.000000000000,0.000041811853,0.000000000000,0.000000000000,0.000047715756,0.000000000000,0.000000000000,0.000048265585
550,0.000000000000,0.000000000000,0.000136786026,0.000000000000,0.000000000000,0.000138630909,0.000000000000,0.000000000000,0.000139245869,0.000000000000,0.000000000000,0.000099499005,0.000000000000,0.000000000000,0.000098581423,0.000000000000,0.000000000000,0.000099423183,0.000000000000,0.000000000000,0.000071009935,0.000000000000,0.000000000000,0.000078352757,0.000000000000,0.000000000000,0.000079946802,0.000000000000,0.000000000000,0.000062322694,0.000000000000,0.000000000000,0.000069050878,0.000000000000,0.000000000000,0.000069626144,0.000000000000,0.000000000000,0.000041929513,0.000000000000,0.000000000000,0.000047715756,0.000000000000,0.000000000000,0.000048265585
551,0.000000000000,0.000000000000,0.000136786026,0.000000000000,0.000000000000,0.000138630909,0.000000000000,0.000000000000,0.000139245869,0.000000000000,0.000000000000,0.000099499005,0.000000000000,0.000000000000,0.000098581423,0.000000000000,0.000000000000,0.000099423183,0.000000000000,0.000000000000,0.000071009935,0.000000000000,0.000000000000,0.000078352757,0.000000000000,0.000000000000,0.000079946802,0.000000000000,0.000000000000,0.000062362541,0.000000000000,0.000000000000,0.000069052313,0.000000000000,0.000000000000,0.000069631717,0.000000000000,0.000000000000,0.000041931307,0.000000000000,0.000000000000,0.000047716728,0.000000000000,0.000000000000,0.000048265585
552,0.000000000000,0.000000000000,0.000136786026,0.000000000000,0.000000000000,0.000138630909,0.000000000000,0.000000000000,0.000139245869,0.000000000000,0.000000000000,0.000099499005,0.000000000000,0.000000000000,0.000098581423,0.000000000000,0.000000000000,0.000099423183,0.000000000000,0.000000000000,0.000071009935,0.000000000000,0.000000000000,0.000078352757,0.000000000000,0.000000000000,0.000079946802,0.000000000000,0.000000000000,0.000062362541,0.000000000000,0.000000000000,0.000069052313,0.000000000000,0.000000000000,0.000069641733,0.000000000000,0.000000000000,0.000041931307,0.000000000000,0.000000000000,0.000047716728,0.000000000000,0.000000000000,0.000048271666
553,0.000000000000,0.000000000000,0.000136786026,0.000000000000,0.000000000000,0.000138630909,0.000000000000,0.000000000000,0.000139245869,0.000000000000,0.000000000000,0.000099499005,0.000000000000,0.000000000000,0.000098581423,0.000000000000,0.000000000000,0.000099423183,0.000000000000,0.000000000000,0.000071009935,0.000000000000,0.000000000000,0.000078352757,0.000000000000,0.000000000000,0.000079946802,0.000000000000,0.000000000000,0.000062467947,0.000000000000,0.000000000000,0.000069058651,0.000000000000,0.000000000000,0.000069641733,0.000000000000,0.000000000000,0.000041931307,0.000000000000,0.000000000000,0.000047716728,0.000000000000,0.000000000000,0.000048271666
554,0.000000000000,0.000000000000,0.000136786026,0.000000000000,0.000000000000,0.000138630909,0.000000000000,0.000000000000,0.000139245869,0.000000000000,0.000000000000,0.000099537179,0.000000000000,0.000000000000,0.000098581423,0.000000000000,0.000000000000,0.000099423183,0.000000000000,0.000000000000,0.000071019258,0.000000000000,0.000000000000,0.000078352757,0.000000000000,0.000000000000,0.000079946802,0.000000000000,0.000000000000,0.000062476823,0.000000000000,0.000000000000,0.000069058651,0.000000000000,0.000000000000,0.000069641733,0.000000000000,0.000000000000,0.000041931307,0.000000000000,0.000000000000,0.000047716728,0.000000000000,0.000000000000,0.000048300877
555,0.000000000000,0.000000000000,0.000136786026,0.000000000000,0.000000000000,0.000138630909,0.000000000000,0.000000000000,0.000139245869,0.000000000000,0.000000000000,0.000099537179,0.000000000000,0.000000000000,0.000098581423,0.000000000000,0.000000000000,0.000099423183,0.000000000000,0.000000000000,0.000071019258,0.000000000000,0.000000000000,0.000078352757,0.000000000000,0.000000000000,0.000079946802,0.000000000000,0.000000000000,0.000062476823,0.000000000000,0.000000000000,0.000069058651,0.000000000000,0.000000000000,0.000069641733,0.000000000000,0.000000000000,0.000041931307,0.000000000000,0.000000000000,0.000047716728,0.000000000000,0.000000000000,0.000048358437
556,0.000000000000,0.000000000000,0.000136786026,0.000000000000,0.000000000000,0.000138630909,0.000000000000,0.000000000000,0.000139245869,0.000000000000,0.000000000000,0.000099537179,0.000000000000,0.000000000000,0.000098581423,0.000000000000,0.000000000000,0.000099423183,0.000000000000,0.000000000000,0.000071019258,0.000000000000,0.000000000000,0.000078352757,0.000000000000,0.000000000000,0.000079946802,0.000000000000,0.000000000000,0.000062476823,0.000000000000,0.000000000000,0.000069059176,0.000000000000,0.000000000000,0.000069641733,0.000000000000,0.000000000000,0.000041936478,0.000000000000,0.000000000000,0.000047745764,0.000000000000,0.000000000000,0.000048413525
557,0.000000000000,0.000000000000,0.000136786026,0.000000000000,0.000000000000,0.000138630909,0.000000000000,0.000000000000,0.000139245869,0.000000000000,0.000000000000,0.000099537179,0.000000000000,0.000000000000,0.000098581423,0.000000000000,0.000000000000,0.000099423183,0.000000000000,0.000000000000,0.000071019258,0.000000000000,0.000000000000,0.000078352757,0.000000000000,0.000000000000,0.000079946802,0.000000000000,0.000000000000,0.000062479681,0.000000000000,0.000000000000,0.000069059176,0.000000000000,0.000000000000,0.000069641733,0.000000000000,0.000000000000,0.000041936478,0.000000000000,0.000000000000,0.000047803062,0.000000000000,0.000000000000,0.000048424944
558,0.000000000000,0.000000000000,0.000136786026,0.000000000000,0.000000000000,0.000138630909,0.000000000000,0.000000000000,0.000139245869,0.000000000000,0.000000000000,0.000099537179,0.000000000000,0.000000000000,0.000098581423,0.000000000000,0.000000000000,0.000099423183,0.000000000000,0.000000000000,0.000071019258,0.000000000000,0.000000000000,0.000078352757,0.000000000000,0.000000000000,0.000079946802,0.000000000000,0.000000000000,0.000062479681,0.000000000000,0.000000000000,0.000069059176,0.000000000000,0.000000000000,0.000069671097,0.000000000000,0.000000000000,0.000041997629,0.000000000000,0.000000000000,0.000047805942,0.000000000000,0.000000000000,0.000048430401
559,0.000000000000,0.000000000000,0.000136786026,0.000000000000,0.000000000000,0.000138630909,0.000000000000,0.000000000000,0.000139245869,0.000000000000,0.000000000000,0.000099537179,0.000000000000,0.000000000000,0.000098581423,0.000000000000,0.000000000000,0.000099423183,0.000000000000,0.000000000000,0.000071019258,0.000000000000,0.000000000000,0.000078352757,0.000000000000,0.000000000000,0.000079946802,0.000000000000,0.000000000000,0.000062581381,0.000000000000,0.000000000000,0.000069059176,0.000000000000,0.000000000000,0.000069671097,0.000000000000,0.000000000000,0.000042030258,0.000000000000,0.000000000000,0.000047823453,0.000000000000,0.000000000000,0.000048442862
560,0.000000000000,0.000000000000,0.000136786026,0.000000000000,0.000000000000,0.000138630909,0.000000000000,0.000000000000,0.000139245869,0.000000000000,0.000000000000,0.000099537179,0.000000000000,0.000000000000,0.000098581423,0.000000000000,0.000000000000,0.000099423183,0.000000000000,0.000000000000,0.000071092982,0.000000000000,0.000000000000,0.000078352757,0.000000000000,0.000000000000,0.000079946802,0.000000000000,0.000000000000,0.000062581381,0.000000000000,0.000000000000,0.000069059176,0.000000000000,0.000000000000,0.000069691064,0.000000000000,0.000000000000,0.000042171094,0.000000000000,0.000000000000,0.000047823453,0.000000000000,0.000000000000,0.000048442862
561,0.000000000000,0.000000000000,0.000136786026,0.000000000000,0.000000000000,0.000138630909,0.000000000000,0.000000000000,0.000139245869,0.000000000000,0.000000000000,0.000099537179,0.000000000000,0.000000000000,0.000098581423,0.000000000000,0.000000000000,0.000099423183,0.000000000000,0.000000000000,0.000071092982,0.000000000000,0.000000000000,0.000078352757,0.000000000000,0.000000000000,0.000079946802,0.000000000000,0.000000000000,0.000062586829,0.000000000000,0.000000000000,0.000069059176,0.000000000000,0.000000000000,0.000069691064,0.000000000000,0.000000000000,0.000042171094,0.000000000000,0.000000000000,0.000047823453,0.000000000000,0.000000000000,0.000048526808
562,0.000000000000,0.000000000000,0.000136786026,0.000000000000,0.000000000000,0.000138630909,0.000000000000,0.000000000000,0.000139245869,0.000000000000,0.000000000000,0.000099537179,0.000000000000,0.000000000000,0.000098581423,0.000000000000,0.000000000000,0.000099423183,0.000000000000,0.000000000000,0.000071092982,0.000000000000,0.000000000000,0.000078352757,0.000000000000,0.000000000000,0.000079946802,0.000000000000,0.000000000000,0.000062586829,0.000000000000,0.000000000000,0.000069059176,0.000000000000,0.000000000000,0.000069691064,0.000000000000,0.000000000000,0.000042171094,0.000000000000,0.000000000000,0.000047902135,0.000000000000,0.000000000000,0.000048526808
563,0.000000000000,0.000000000000,0.000136786026,0.000000000000,0.000000000000,0.000138630909,0.000000000000,0.000000000000,0.000139245869,0.000000000000,0.000000000000,0.000099537179,0.000000000000,0.000000000000,0.000098581423,0.000000000000,0.000000000000,0.000099423183,0.000000000000,0.000000000000,0.000071092982,0.000000000000,0.000000000000,0.000078352757,0.000000000000,0.000000000000,0.000079946802,0.000000000000,0.000000000000,0.000062588264,0.000000000000,0.000000000000,0.000069092102,0.000000000000,0.000000000000,0.000069722214,0.000000000000,0.000000000000,0.000042171094,0.000000000000,0.000000000000,0.000047937695,0.000000000000,0.000000000000,0.000048526808
564,0.000000000000,0.000000000000,0.000136786026,0.000000000000,0.000000000000,0.000138630909,0.000000000000,0.000000000000,0.000139245869,0.000000000000,0.000000000000,0.000099537179,0.000000000000,0.000000000000,0.000098581423,0.000000000000,0.000000000000,0.000099423183,0.000000000000,0.000000000000,0.000071092982,0.000000000000,0.000000000000,0.000078352757,0.000000000000,0.000000000000,0.000079946802,0.000000000000,0.000000000000,0.000062615836,0.000000000000,0.000000000000,0.000069092102,0.000000000000,0.000000000000,0.000069722214,0.000000000000,0.000000000000,0.000042171094,0.000000000000,0.000000000000,0.000047956169,0.000000000000,0.000000000000,0.000048550508
565,0.000000000000,0.000000000000,0.000136786026,0.000000000000,0.000000000000,0.000138630909,0.000000000000,0.000000000000,0.000139245869,0.000000000000,0.000000000000,0.000099537179,0.000000000000,0.000000000000,0.000098581423,0.000000000000,0.000000000000,0.000099423183,0.000000000000,0.000000000000,0.000071092982,0.000000000000,0.000000000000,0.000078352757,0.000000000000,0.000000000000,0.000079946802,0.000000000000,0.000000000000,0.000062628405,0.000000000000,0.000000000000,0.000069092102,0.000000000000,0.000000000000,0.000069722214,0.000000000000,0.000000000000,0.000042171094,0.000000000000,0.000000000000,0.000048008100,0.000000000000,0.000000000000,0.000048550508
566,0.000000000000,0.000000000000,0.000136786026,0.000000000000,0.000000000000,0.000138630909,0.000000000000,0.000000000000,0.000139245869,0.000000000000,0.000000000000,0.000099537179,0.000000000000,0.000000000000,0.000098581423,0.000000000000,0.000000000000,0.000099423183,0.000000000000,0.000000000000,0.000071108359,0.000000000000,0.000000000000,0.000078352757,0.000000000000,0.000000000000,0.000079946802,0.000000000000,0.000000000000,0.000062628405,0.000000000000,0.000000000000,0.000069209139,0.000000000000,0.000000000000,0.000069728149,0.000000000000,0.000000000000,0.000042171094,0.000000000000,0.000000000000,0.000048112434,0.000000000000,0.000000000000,0.000048550508
567,0.000000000000,0.000000000000,0.000136786026,0.000000000000,0.000000000000,0.000138630909,0.000000000000,0.000000000000,0.000139245869,0.000000000000,0.000000000000,0.000099537179,0.000000000000,0.000000000000,0.000098581423,0.000000000000,0.000000000000,0.000099423183,0.000000000000,0.000000000000,0.000071108359,0.000000000000,0.000000000000,0.000078352757,0.000000000000,0.000000000000,0.000079946802,0.000000000000,0.000000000000,0.000062630419,0.000000000000,0.000000000000,0.000069213684,0.000000000000,0.000000000000,0.000069728149,0.000000000000,0.000000000000,0.000042171094,0.000000000000,0.000000000000,0.000048112434,0.000000000000,0.000000000000,0.000048562278
568,0.000000000000,0.000000000000,0.000136786026,0.000000000000,0.000000000000,0.000138630909,0.000000000000,0.000000000000,0.000139245869,0.000000000000,0.000000000000,0.000099537179,0.000000000000,0.000000000000,0.000098581423,0.000000000000,0.000000000000,0.000099423183,0.000000000000,0.000000000000,0.000071114216,0.000000000000,0.000000000000,0.000078352757,0.000000000000,0.000000000000,0.000079946802,0.000000000000,0.000000000000,0.000062630419,0.000000000000,0.000000000000,0.000069213684,0.000000000000,0.000000000000,0.000069728149,0.000000000000,0.000000000000,0.000042171094,0.000000000000,0.000000000000,0.000048183019,0.000000000000,0.000000000000,0.000048562278
569,0.000000000000,0.000000000000,0.000136786026,0.000000000000,0.000000000000,0.000138630909,0.000000000000,0.000000000000,0.000139245869,0.000000000000,0.000000000000,0.000099537179,0.000000000000,0.000000000000,0.000098581423,0.000000000000,0.000000000000,0.000099423183,0.000000000000,0.000000000000,0.000071114216,0.000000000000,0.000000000000,0.000078352757,0.000000000000,0.000000000000,0.000079970328,0.000000000000,0.000000000000,0.000062630419,0.000000000000,0.000000000000,0.000069322198,0.000000000000,0.000000000000,0.000069728149,0.000000000000,0.000000000000,0.000042171094,0.000000000000,0.000000000000,0.000048191280,0.000000000000,0.000000000000,0.000048770178
570,0.000000000000,0.000000000000,0.000136786026,0.000000000000,0.000000000000,0.000138630909,0.000000000000,0.000000000000,0.000139245869,0.000000000000,0.000000000000,0.000099537179,0.000000000000,0.000000000000,0.000098581423,0.000000000000,0.000000000000,0.000099423183,0.000000000000,0.000000000000,0.000071114216,0.000000000000,0.000000000000,0.000078352757,0.000000000000,0.000000000000,0.000079970328,0.000000000000,0.000000000000,0.000062668880,0.000000000000,0.000000000000,0.000069322198,0.000000000000,0.000000000000,0.000069762801,0.000000000000,0.000000000000,0.000042216548,0.000000000000,0.000000000000,0.000048191280,0.000000000000,0.000000000000,0.000048770178
571,0.000000000000,0.000000000000,0.000136786026,0.000000000000,0.000000000000,0.000138630909,0.000000000000,0.000000000000,0.000139245869,0.000000000000,0.000000000000,0.000099537179,0.000000000000,0.000000000000,0.000098581423,0.000000000000,0.000000000000,0.000099423183,0.000000000000,0.000000000000,0.000071114216,0.000000000000,0.000000000000,0.000078352757,0.000000000000,0.000000000000,0.000079970328,0.000000000000,0.000000000000,0.000062696109,0.000000000000,0.000000000000,0.000069322198,0.000000000000,0.000000000000,0.000069762801,0.000000000000,0.000000000000,0.000042299987,0.000000000000,0.000000000000,0.000048191280,0.000000000000,0.000000000000,0.000048770178
572,0.000000000000,0.000000000000,0.000136786026,0.000000000000,0.000000000000,0.000138630909,0.000000000000,0.000000000000,0.000139245869,0.000000000000,0.000000000000,0.000099537179,0.000000000000,0.000000000000,0.000098581423,0.000000000000,0.000000000000,0.000099423183,0.000000000000,0.000000000000,0.000071114216,0.000000000000,0.000000000000,0.000078352757,0.000000000000,0.000000000000,0.000079970328,0.000000000000,0.000000000000,0.000062696109,0.000000000000,0.000000000000,0.000069322198,0.000000000000,0.000000000000,0.000069782994,0.000000000000,0.000000000000,0.000042300433,0.000000000000,0.000000000000,0.000048191280,0.000000000000,0.000000000000,0.000048802606
573,0.000000000000,0.000000000000,0.000136786026,0.000000000000,0.000000000000,0.000138630909,0.000000000000,0.000000000000,0.000139245869,0.000000000000,0.000000000000,0.000099537179,0.000000000000,0.000000000000,0.000098581423,0.000000000000,0.000000000000,0.000099423183,0.000000000000,0.000000000000,0.000071139376,0.000000000000,0.000000000000,0.000078352757,0.000000000000,0.000000000000,0.000079970328,0.000000000000,0.000000000000,0.000062790016,0.000000000000,0.000000000000,0.000069378492,0.000000000000,0.000000000000,0.000069785645,0.000000000000,0.000000000000,0.000042305637,0.000000000000,0.000000000000,0.000048212594,0.000000000000,0.000000000000,0.000048802606
574,0.000000000000,0.000000000000,0.000136786026,0.000000000000,0.000000000000,0.000138630909,0.000000000000,0.000000000000,0.000139245869,0.000000000000,0.000000000000,0.000099537179,0.000000000000,0.000000000000,0.000098581423,0.000000000000,0.000000000000,0.000099423183,0.000000000000,0.000000000000,0.000071139376,0.000000000000,0.000000000000,0.000078352757,0.000000000000,0.000000000000,0.000080047392,0.000000000000,0.000000000000,0.000062790016,0.000000000000,0.000000000000,0.000069378492,0.000000000000,0.000000000000,0.000069785645,0.000000000000,0.000000000000,0.000042308973,0.000000000000,0.000000000000,0.000048218041,0.000000000000,0.000000000000,0.000048802606
575,0.000000000000,0.000000000000,0.000136786026,0.000000000000,0.000000000000,0.000138630909,0.000000000000,0.000000000000,0.000139245869,0.000000000000,0.000000000000,0.000099537179,0.000000000000,0.000000000000,0.000098581423,0.000000000000,0.000000000000,0.000099423183,0.000000000000,0.000000000000,0.000071139376,0.000000000000,0.000000000000,0.000078405297,0.000000000000,0.000000000000,0.000080047392,0.000000000000,0.000000000000,0.000062798665,0.000000000000,0.000000000000,0.000069422516,0.000000000000,0.000000000000,0.000069785645,0.000000000000,0.000000000000,0.000042308973,0.000000000000,0.000000000000,0.000048260919,0.000000000000,0.000000000000,0.000048802606
576,0.000000000000,0.000000000000,0.000136786026,0.000000000000,0.000000000000,0.000138630909,0.000000000000,0.000000000000,0.000139245869,0.000000000000,0.000000000000,0.000099537179,0.000000000000,0.000000000000,0.000098581423,0.000000000000,0.000000000000,0.000099423183,0.000000000000,0.000000000000,0.000071139376,0.000000000000,0.000000000000,0.000078441425,0.000000000000,0.000000000000,0.000080109656,0.000000000000,0.000000000000,0.000062798665,0.000000000000,0.000000000000,0.000069437834,0.000000000000,0.000000000000,0.000069785645,0.000000000000,0.000000000000,0.000042308973,0.000000000000,0.000000000000,0.000048348698,0.000000000000,0.000000000000,0.000048858333
577,0.000000000000,0.000000000000,0.000136786026,0.000000000000,0.000000000000,0.000138630909,0.000000000000,0.000000000000,0.000139245869,0.000000000000,0.000000000000,0.000099537179,0.000000000000,0.000000000000,0.000098581423,0.000000000000,0.000000000000,0.000099423183,0.000000000000,0.000000000000,0.000071162950,0.000000000000,0.000000000000,0.000078441425,0.000000000000,0.000000000000,0.000080175295,0.000000000000,0.000000000000,0.000062798665,0.000000000000,0.000000000000,0.000069437834,0.000000000000,0.000000000000,0.000069785645,0.000000000000,0.000000000000,0.000042327386,0.000000000000,0.000000000000,0.000048348698,0.000000000000,0.000000000000,0.000048919492
578,0.000000000000,0.000000000000,0.000136786026,0.000000000000,0.000000000000,0.000138630909,0.000000000000,0.000000000000,0.000139245869,0.000000000000,0.000000000000,0.000099537179,0.000000000000,0.000000000000,0.000098581423,0.000000000000,0.000000000000,0.000099423183,0.000000000000,0.000000000000,0.000071162950,0.000000000000,0.000000000000,0.000078441425,0.000000000000,0.000000000000,0.000080219378,0.000000000000,0.000000000000,0.000062800828,0.000000000000,0.000000000000,0.000069437834,0.000000000000,0.000000000000,0.000069793452,0.000000000000,0.000000000000,0.000042327386,0.000000000000,0.000000000000,0.000048348698,0.000000000000,0.000000000000,0.000048919492
579,0.000000000000,0.000000000000,0.000136786026,0.000000000000,0.000000000000,0.000138630909,0.000000000000,0.000000000000,0.000139245869,0.000000000000,0.000000000000,0.000099537179,0.000000000000,0.000000000000,0.000098581423,0.000000000000,0.000000000000,0.000099423183,0.000000000000,0.000000000000,0.000071162950,0.000000000000,0.000000000000,0.000078441425,0.000000000000,0.000000000000,0.000080219378,0.000000000000,0.000000000000,0.000062806417,0.000000000000,0.000000000000,0.000069437834,0.000000000000,0.000000000000,0.000069793452,0.000000000000,0.000000000000,0.000042327386,0.000000000000,0.000000000000,0.000048348698,0.000000000000,0.000000000000,0.000048919492
580,0.000000000000,0.000000000000,0.000136786026,0.000000000000,0.000000000000,0.000138630909,0.000000000000,0.000000000000,0.000139245869,0.000000000000,0.000000000000,0.000099537179,0.000000000000,0.000000000000,0.000098581423,0.000000000000,0.000000000000,0.000099423183,0.000000000000,0.000000000000,0.000071162950,0.000000000000,0.000000000000,0.000078441425,0.000000000000,0.000000000000,0.000080219378,0.000000000000,0.000000000000,0.000062806417,0.000000000000,0.000000000000,0.000069437834,0.000000000000,0.000000000000,0.000069793452,0.000000000000,0.000000000000,0.000042327386,0.000000000000,0.000000000000,0.000048348698,0.000000000000,0.000000000000,0.000048922894
581,0.000000000000,0.000000000000,0.000136786026,0.000000000000,0.000000000000,0.000138630909,0.000000000000,0.000000000000,0.000139245869,0.000000000000,0.000000000000,0.000099537179,0.000000000000,0.000000000000,0.000098581423,0.000000000000,0.000000000000,0.000099423183,0.000000000000,0.000000000000,0.000071162950,0.000000000000,0.000000000000,0.000078441425,0.000000000000,0.000000000000,0.000080219378,0.000000000000,0.000000000000,0.000062806417,0.000000000000,0.000000000000,0.000069437834,0.000000000000,0.000000000000,0.000069793452,0.000000000000,0.000000000000,0.000042350920,0.000000000000,0.000000000000,0.000048368300,0.000000000000,0.000000000000,0.000048922894
582,0.000000000000,0.000000000000,0.000136786026,0.000000000000,0.000000000000,0.000138630909,0.000000000000,0.000000000000,0.000139245869,0.000000000000,0.000000000000,0.000099537179,0.000000000000,0.000000000000,0.000098581423,0.000000000000,0.000000000000,0.000099423183,0.000000000000,0.000000000000,0.000071162950,0.000000000000,0.000000000000,0.000078441425,0.000000000000,0.000000000000,0.000080377762,0.000000000000,0.000000000000,0.000062806417,0.000000000000,0.000000000000,0.000069437834,0.000000000000,0.000000000000,0.000069793452,0.000000000000,0.000000000000,0.000042396979,0.000000000000,0.000000000000,0.000048443920,0.000000000000,0.000000000000,0.000048927814
583,0.000000000000,0.000000000000,0.000136786026,0.000000000000,0.000000000000,0.000138630909,0.000000000000,0.000000000000,0.000139245869,0.000000000000,0.000000000000,0.000099537179,0.000000000000,0.000000000000,0.000098581423,0.000000000000,0.000000000000,0.000099423183,0.000000000000,0.000000000000,0.000071162950,0.000000000000,0.000000000000,0.000078441425,0.000000000000,0.000000000000,0.000080377762,0.000000000000,0.000000000000,0.000062806417,0.000000000000,0.000000000000,0.000069437834,0.000000000000,0.000000000000,0.000069843344,0.000000000000,0.000000000000,0.000042405386,0.000000000000,0.000000000000,0.000048450179,0.000000000000,0.000000000000,0.000048927814
584,0.000000000000,0.000000000000,0.000136786026,0.000000000000,0.000000000000,0.000138630909,0.000000000000,0.000000000000,0.000139245869,0.000000000000,0.000000000000,0.000099537179,0.000000000000,0.000000000000,0.000098581423,0.000000000000,0.000000000000,0.000099423183,0.000000000000,0.000000000000,0.000071162950,0.000000000000,0.000000000000,0.000078447718,0.000000000000,0.000000000000,0.000080377762,0.000000000000,0.000000000000,0.000062806417,0.000000000000,0.000000000000,0.000069464089,0.000000000000,0.000000000000,0.000069843344,0.000000000000,0.000000000000,0.000042405386,0.000000000000,0.000000000000,0.000048450179,0.000000000000,0.000000000000,0.000048934521
585,0.000000000000,0.000000000000,0.000136786026,0.000000000000,0.000000000000,0.000138630909,0.000000000000,0.000000000000,0.000139245869,0.000000000000,0.000000000000,0.000099537179,0.000000000000,0.000000000000,0.000098581423,0.000000000000,0.000000000000,0.000099423183,0.000000000000,0.000000000000,0.000071162950,0.000000000000,0.000000000000,0.000078447718,0.000000000000,0.000000000000,0.000080382996,0.000000000000,0.000000000000,0.000062806417,0.000000000000,0.000000000000,0.000069464089,0.000000000000,0.000000000000,0.000069843344,0.000000000000,0.000000000000,0.000042405386,0.000000000000,0.000000000000,0.000048469761,0.000000000000,0.000000000000,0.000048934521
586,0.000000000000,0.000000000000,0.000136786026,0.000000000000,0.000000000000,0.000138630909,0.000000000000,0.000000000000,0.000139245869,0.000000000000,0.000000000000,0.000099537179,0.000000000000,0.000000000000,0.000098581423,0.000000000000,0.000000000000,0.000099423183,0.000000000000,0.000000000000,0.000071162950,0.000000000000,0.000000000000,0.000078447718,0.000000000000,0.000000000000,0.000080382996,0.000000000000,0.000000000000,0.000062806417,0.000000000000,0.000000000000,0.000069464089,0.000000000000,0.000000000000,0.000069843344,0.000000000000,0.000000000000,0.000042428339,0.000000000000,0.000000000000,0.000048469761,0.000000000000,0.000000000000,0.000048934521
587,0.000000000000,0.000000000000,0.000136786026,0.000000000000,0.000000000000,0.000138630909,0.000000000000,0.000000000000,0.000139245869,0.000000000000,0.000000000000,0.000099537179,0.000000000000,0.000000000000,0.000098581423,0.000000000000,0.000000000000,0.000099423183,0.000000000000,0.000000000000,0.000071162950,0.000000000000,0.000000000000,0.000078447718,0.000000000000,0.000000000000,0.000080382996,0.000000000000,0.000000000000,0.000062806417,0.000000000000,0.000000000000,0.000069496078,0.000000000000,0.000000000000,0.000069843344,0.000000000000,0.000000000000,0.000042428339,0.000000000000,0.000000000000,0.000048492395,0.000000000000,0.000000000000,0.000048934521
588,0.000000000000,0.000000000000,0.000136786026,0.000000000000,0.000000000000,0.000138630909,0.000000000000,0.000000000000,0.000139245869,0.000000000000,0.000000000000,0.000099537179,0.000000000000,0.000000000000,0.000098581423,0.000000000000,0.000000000000,0.000099423183,0.000000000000,0.000000000000,0.000071162950,0.000000000000,0.000000000000,0.000078447718,0.000000000000,0.000000000000,0.000080382996,0.000000000000,0.000000000000,0.000062806417,0.000000000000,0.000000000000,0.000069496078,0.000000000000,0.000000000000,0.000069843344,0.000000000000,0.000000000000,0.000042428339,0.000000000000,0.000000000000,0.000048568181,0.000000000000,0.000000000000,0.000048934521
589,0.000000000000,0.000000000000,0.000136786026,0.000000000000,0.000000000000,0.000138630909,0.000000000000,0.000000000000,0.000139245869,0.000000000000,0.000000000000,0.000099537179,0.000000000000,0.000000000000,0.000098581423,0.000000000000,0.000000000000,0.000099423183,0.000000000000,0.000000000000,0.000071162950,0.000000000000,0.000000000000,0.000078447718,0.000000000000,0.000000000000,0.000080382996,0.000000000000,0.000000000000,0.000062806417,0.000000000000,0.000000000000,0.000069496078,0.000000000000,0.000000000000,0.000069843344,0.000000000000,0.000000000000,0.000042450418,0.000000000000,0.000000000000,0.000048568181,0.000000000000,0.000000000000,0.000049066679
590,0.000000000000,0.000000000000,0.000136786026,0.000000000000,0.000000000000,0.000138630909,0.000000000000,0.000000000000,0.000139245869,0.000000000000,0.000000000000,0.000099537179,0.000000000000,0.000000000000,0.000098581423,0.000000000000,0.000000000000,0.000099423183,0.000000000000,0.000000000000,0.000071162950,0.000000000000,0.000000000000,0.000078447718,0.000000000000,0.000000000000,0.000080382996,0.000000000000,0.000000000000,0.000062806417,0.000000000000,0.000000000000,0.000069496078,0.000000000000,0.000000000000,0.000069843344,0.000000000000,0.000000000000,0.000042450418,0.000000000000,0.000000000000,0.000048568181,0.000000000000,0.000000000000,0.000049073846
591,0.000000000000,0.000000000000,0.000136786026,0.000000000000,0.000000000000,0.000138630909,0.000000000000,0.000000000000,0.000139245869,0.000000000000,0.000000000000,0.000099537179,0.000000000000,0.000000000000,0.000098581423,0.000000000000,0.000000000000,0.000099423183,0.000000000000,0.000000000000,0.000071301875,0.000000000000,0.000000000000,0.000078447718,0.000000000000,0.000000000000,0.000080382996,0.000000000000,0.000000000000,0.000062811122,0.000000000000,0.000000000000,0.000069496078,0.000000000000,0.000000000000,0.000069843344,0.000000000000,0.000000000000,0.000042470385,0.000000000000,0.000000000000,0.000048568672,0.000000000000,0.000000000000,0.000049073846
592,0.000000000000,0.000000000000,0.000136786026,0.000000000000,0.000000000000,0.000138630909,0.000000000000,0.000000000000,0.000139245869,0.000000000000,0.000000000000,0.000099537179,0.000000000000,0.000000000000,0.000098581423,0.000000000000,0.000000000000,0.000099423183,0.000000000000,0.000000000000,0.000071329581,0.000000000000,0.000000000000,0.000078447718,0.000000000000,0.000000000000,0.000080382996,0.000000000000,0.000000000000,0.000062811122,0.000000000000,0.000000000000,0.000069496078,0.000000000000,0.000000000000,0.000069843344,0.000000000000,0.000000000000,0.000042471320,0.000000000000,0.000000000000,0.000048568672,0.000000000000,0.000000000000,0.000049073846
593,0.000000000000,0.000000000000,0.000136786026,0.000000000000,0.000000000000,0.000138630909,0.000000000000,0.000000000000,0.000139245869,0.000000000000,0.000000000000,0.000099537179,0.000000000000,0.000000000000,0.000098581423,0.000000000000,0.000000000000,0.000099423183,0.000000000000,0.000000000000,0.000071329581,0.000000000000,0.000000000000,0.000078447718,0.000000000000,0.000000000000,0.000080382996,0.000000000000,0.000000000000,0.000062811122,0.000000000000,0.000000000000,0.000069496078,0.000000000000,0.000000000000,0.000069843344,0.000000000000,0.000000000000,0.000042471320,0.000000000000,0.000000000000,0.000048568672,0.000000000000,0.000000000000,0.000049073846
594,0.000000000000,0.000000000000,0.000136786026,0.000000000000,0.000000000000,0.000138630909,0.000000000000,0.000000000000,0.000139245869,0.000000000000,0.000000000000,0.000099580602,0.000000000000,0.000000000000,0.000098581423,0.000000000000,0.000000000000,0.000099423183,0.000000000000,0.000000000000,0.000071329581,0.000000000000,0.000000000000,0.000078447718,0.000000000000,0.000000000000,0.000080408758,0.000000000000,0.000000000000,0.000062834081,0.000000000000,0.000000000000,0.000069496078,0.000000000000,0.000000000000,0.000069843344,0.000000000000,0.000000000000,0.000042471320,0.000000000000,0.000000000000,0.000048741903,0.000000000000,0.000000000000,0.000049083104
595,0.000000000000,0.000000000000,0.000136786026,0.000000000000,0.000000000000,0.000138630909,0.000000000000,0.000000000000,0.000139245869,0.000000000000,0.000000000000,0.000099580602,0.000000000000,0.000000000000,0.000098581423,0.000000000000,0.000000000000,0.000099423183,0.000000000000,0.000000000000,0.000071329581,0.000000000000,0.000000000000,0.000078447718,0.000000000000,0.000000000000,0.000080408758,0.000000000000,0.000000000000,0.000062838833,0.000000000000,0.000000000000,0.000069510642,0.000000000000,0.000000000000,0.000069843344,0.000000000000,0.000000000000,0.000042471320,0.000000000000,0.000000000000,0.000048741903,0.000000000000,0.000000000000,0.000049083104
596,0.000000000000,0.000000000000,0.000136786026,0.000000000000,0.000000000000,0.000138630909,0.000000000000,0.000000000000,0.000139245869,0.000000000000,0.000000000000,0.000099580602,0.000000000000,0.000000000000,0.000098581423,0.000000000000,0.000000000000,0.000099423183,0.000000000000,0.000000000000,0.000071329581,0.000000000000,0.000000000000,0.000078447718,0.000000000000,0.000000000000,0.000080408758,0.000000000000,0.000000000000,0.000062838833,0.000000000000,0.000000000000,0.000069510642,0.000000000000,0.000000000000,0.000069853405,0.000000000000,0.000000000000,0.000042480357,0.000000000000,0.000000000000,0.000048741903,0.000000000000,0.000000000000,0.000049083104
597,0.000000000000,0.000000000000,0.000136786026,0.000000000000,0.000000000000,0.000138630909,0.000000000000,0.000000000000,0.000139245869,0.000000000000,0.000000000000,0.000099580602,0.000000000000,0.000000000000,0.000098581423,0.000000000000,0.000000000000,0.000099423183,0.000000000000,0.000000000000,0.000071329581,0.000000000000,0.000000000000,0.000078447718,0.000000000000,0.000000000000,0.000080408758,0.000000000000,0.000000000000,0.000062851445,0.000000000000,0.000000000000,0.000069510642,0.000000000000,0.000000000000,0.000069853405,0.000000000000,0.000000000000,0.000042550761,0.000000000000,0.000000000000,0.000048741903,0.000000000000,0.000000000000,0.000049123958
598,0.000000000000,0.000000000000,0.000136786026,0.000000000000,0.000000000000,0.000138630909,0.000000000000,0.000000000000,0.000139245869,0.000000000000,0.000000000000,0.000099580602,0.000000000000,0.000000000000,0.000098581423,0.000000000000,0.000000000000,0.000099423183,0.000000000000,0.000000000000,0.000071330686,0.000000000000,0.000000000000,0.000078447718,0.000000000000,0.000000000000,0.000080408758,0.000000000000,0.000000000000,0.000062851445,0.000000000000,0.000000000000,0.000069514334,0.000000000000,0.000000000000,0.000069853405,0.000000000000,0.000000000000,0.000042588387,0.000000000000,0.000000000000,0.000048741903,0.000000000000,0.000000000000,0.000049123958
599,0.000000000000,0.000000000000,0.000136786026,0.000000000000,0.000000000000,0.000138630909,0.000000000000,0.000000000000,0.000139245869,0.000000000000,0.000000000000,0.000099580602,0.000000000000,0.000000000000,0.000098581423,0.000000000000,0.000000000000,0.000099423183,0.000000000000,0.000000000000,0.000071330686,0.000000000000,0.000000000000,0.000078447718,0.000000000000,0.000000000000,0.000080409837,0.000000000000,0.000000000000,0.000063005049,0.000000000000,0.000000000000,0.000069524974,0.000000000000,0.000000000000,0.000069853405,0.000000000000,0.000000000000,0.000042619972,0.000000000000,0.000000000000,0.000048896868,0.000000000000,0.000000000000,0.000049123958
600,0.000000000000,0.000000000000,0.000136786026,0.000000000000,0.000000000000,0.000138630909,0.000000000000,0.000000000000,0.000139245869,0.000000000000,0.000000000000,0.000099580602,0.000000000000,0.000000000000,0.000098581423,0.000000000000,0.000000000000,0.000099423183,0.000000000000,0.000000000000,0.000071389027,0.000000000000,0.000000000000,0.000078447718,0.000000000000,0.000000000000,0.000080409837,0.000000000000,0.000000000000,0.000063005049,0.000000000000,0.000000000000,0.000069524974,0.000000000000,0.000000000000,0.000069853405,0.000000000000,0.000000000000,0.000042661760,0.000000000000,0.000000000000,0.000048896868,0.000000000000,0.000000000000,0.000049128218
601,0.000000000000,0.000000000000,0.000136786026,0.000000000000,0.000000000000,0.000138630909,0.000000000000,0.000000000000,0.000139245869,0.000000000000,0.000000000000,0.000099580602,0.000000000000,0.000000000000,0.000098581423,0.000000000000,0.000000000000,0.000099423183,0.000000000000,0.000000000000,0.000071391283,0.000000000000,0.000000000000,0.000078447718,0.000000000000,0.000000000000,0.000080419873,0.000000000000,0.000000000000,0.000063108163,0.000000000000,0.000000000000,0.000069542331,0.000000000000,0.000000000000,0.000069853405,0.000000000000,0.000000000000,0.000042661760,0.000000000000,0.000000000000,0.000048896868,0.000000000000,0.000000000000,0.000049134101
602,0.000000000000,0.000000000000,0.000136786026,0.000000000000,0.000000000000,0.000138630909,0.000000000000,0.000000000000,0.000139245869,0.000000000000,0.000000000000,0.000099580602,0.000000000000,0.000000000000,0.000098581423,0.000000000000,0.000000000000,0.000099423183,0.000000000000,0.000000000000,0.000071407070,0.000000000000,0.000000000000,0.000078447718,0.000000000000,0.000000000000,0.000080419873,0.000000000000,0.000000000000,0.000063127685,0.000000000000,0.000000000000,0.000069542331,0.000000000000,0.000000000000,0.000069853405,0.000000000000,0.000000000000,0.000042661760,0.000000000000,0.000000000000,0.000048896868,0.000000000000,0.000000000000,0.000049134101
603,0.000000000000,0.000000000000,0.000136786026,0.000000000000,0.000000000000,0.000138630909,0.000000000000,0.000000000000,0.000139245869,0.000000000000,0.000000000000,0.000099580602,0.000000000000,0.000000000000,0.000098581423,0.000000000000,0.000000000000,0.000099423183,0.000000000000,0.000000000000,0.000071407070,0.000000000000,0.000000000000,0.000078447718,0.000000000000,0.000000000000,0.000080419873,0.000000000000,0.000000000000,0.000063180793,0.000000000000,0.000000000000,0.000069542331,0.000000000000,0.000000000000,0.000069853405,0.000000000000,0.000000000000,0.000042661760,0.000000000000,0.000000000000,0.000048896868,0.000000000000,0.000000000000,0.000049175782
604,0.000000000000,0.000000000000,0.000136786026,0.000000000000,0.000000000000,0.000138630909,0.000000000000,0.000000000000,0.000139245869,0.000000000000,0.000000000000,0.000099580602,0.000000000000,0.000000000000,0.000098619277,0.000000000000,0.000000000000,0.000099423183,0.000000000000,0.000000000000,0.000071407070,0.000000000000,0.000000000000,0.000078447718,0.000000000000,0.000000000000,0.000080419873,0.000000000000,0.000000000000,0.000063180793,0.000000000000,0.000000000000,0.000069694562,0.000000000000,0.000000000000,0.000069853405,0.000000000000,0.000000000000,0.000042661760,0.000000000000,0.000000000000,0.000048896868,0.000000000000,0.000000000000,0.000049250052
605,0.000000000000,0.000000000000,0.000136786026,0.000000000000,0.000000000000,0.000138630909,0.000000000000,0.000000000000,0.000139245869,0.000000000000,0.000000000000,0.000099580602,0.000000000000,0.000000000000,0.000098619277,0.000000000000,0.000000000000,0.000099423183,0.000000000000,0.000000000000,0.000071407070,0.000000000000,0.000000000000,0.000078447718,0.000000000000,0.000000000000,0.000080419873,0.000000000000,0.000000000000,0.000063207934,0.000000000000,0.000000000000,0.000069694562,0.000000000000,0.000000000000,0.000069853405,0.000000000000,0.000000000000,0.000042661760,0.000000000000,0.000000000000,0.000048896868,0.000000000000,0.000000000000,0.000049250052
606,0.000000000000,0.000000000000,0.000136786026,0.000000000000,0.000000000000,0.000138630909,0.000000000000,0.000000000000,0.000139245869,0.000000000000,0.000000000000,0.000099580602,0.000000000000,0.000000000000,0.000098619277,0.000000000000,0.000000000000,0.000099423183,0.000000000000,0.000000000000,0.000071407070,0.000000000000,0.000000000000,0.000078447718,0.000000000000,0.000000000000,0.000080419873,0.000000000000,0.000000000000,0.000063259476,0.000000000000,0.000000000000,0.000069694562,0.000000000000,0.000000000000,0.000069853405,0.000000000000,0.000000000000,0.000042661760,0.000000000000,0.000000000000,0.000048897774,0.000000000000,0.000000000000,0.000049250052
607,0.000000000000,0.000000000000,0.000136786026,0.000000000000,0.000000000000,0.000138630909,0.000000000000,0.000000000000,0.000139245869,0.000000000000,0.000000000000,0.000099580602,0.000000000000,0.000000000000,0.000098619277,0.000000000000,0.000000000000,0.000099423183,0.000000000000,0.000000000000,0.000071407070,0.000000000000,0.000000000000,0.000078447718,0.000000000000,0.000000000000,0.000080419873,0.000000000000,0.000000000000,0.000063259476,0.000000000000,0.000000000000,0.000069694562,0.000000000000,0.000000000000,0.000069853405,0.000000000000,0.000000000000,0.000042661760,0.000000000000,0.000000000000,0.000048897774,0.000000000000,0.000000000000,0.000049250052
608,0.000000000000,0.000000000000,0.000136786026,0.000000000000,0.000000000000,0.000138630909,0.000000000000,0.000000000000,0.000139245869,0.000000000000,0.000000000000,0.000099580602,0.000000000000,0.000000000000,0.000098619277,0.000000000000,0.000000000000,0.000099423183,0.000000000000,0.000000000000,0.000071407070,0.000000000000,0.000000000000,0.000078447718,0.000000000000,0.000000000000,0.000080419873,0.000000000000,0.000000000000,0.000063259476,0.000000000000,0.000000000000,0.000069694562,0.000000000000,0.000000000000,0.000069853405,0.000000000000,0.000000000000,0.000042661760,0.000000000000,0.000000000000,0.000048897774,0.000000000000,0.000000000000,0.000049250052
609,0.000000000000,0.000000000000,0.000136786026,0.000000000000,0.000000000000,0.000138630909,0.000000000000,0.000000000000,0.000139245869,0.000000000000,0.000000000000,0.000099580602,0.000000000000,0.000000000000,0.000098619277,0.000000000000,0.000000000000,0.000099423183,0.000000000000,0.000000000000,0.000071407070,0.000000000000,0.000000000000,0.000078447718,0.000000000000,0.000000000000,0.000080419873,0.000000000000,0.000000000000,0.000063259476,0.000000000000,0.000000000000,0.000069694562,0.000000000000,0.000000000000,0.000069853405,0.000000000000,0.000000000000,0.000042682557,0.000000000000,0.000000000000,0.000048934627,0.000000000000,0.000000000000,0.000049250052
610,0.000000000000,0.000000000000,0.000136786026,0.000000000000,0.000000000000,0.000138630909,0.000000000000,0.000000000000,0.000139245869,0.000000000000,0.000000000000,0.000099580602,0.000000000000,0.000000000000,0.000098619277,0.000000000000,0.000000000000,0.000099423183,0.000000000000,0.000000000000,0.000071453127,0.000000000000,0.000000000000,0.000078447718,0.000000000000,0.000000000000,0.000080419873,0.000000000000,0.000000000000,0.000063259476,0.000000000000,0.000000000000,0.000069694562,0.000000000000,0.000000000000,0.000069853405,0.000000000000,0.000000000000,0.000042703300,0.000000000000,0.000000000000,0.000048939600,0.000000000000,0.000000000000,0.000049250052
611,0.000000000000,0.000000000000,0.000136786026,0.000000000000,0.000000000000,0.000138630909,0.000000000000,0.000000000000,0.000139245869,0.000000000000,0.000000000000,0.000099580602,0.000000000000,0.000000000000,0.000098619277,0.000000000000,0.000000000000,0.000099423183,0.000000000000,0.000000000000,0.000071498468,0.000000000000,0.000000000000,0.000078447718,0.000000000000,0.000000000000,0.000080419873,0.000000000000,0.000000000000,0.000063259476,0.000000000000,0.000000000000,0.000069694562,0.000000000000,0.000000000000,0.000069853405,0.000000000000,0.000000000000,0.000042703300,0.000000000000,0.000000000000,0.000048939600,0.000000000000,0.000000000000,0.000049262217
612,0.000000000000,0.000000000000,0.000136786026,0.000000000000,0.000000000000,0.000138630909,0.000000000000,0.000000000000,0.000139245869,0.000000000000,0.000000000000,0.000099580602,0.000000000000,0.000000000000,0.000098619277,0.000000000000,0.000000000000,0.000099423183,0.000000000000,0.000000000000,0.000071498468,0.000000000000,0.000000000000,0.000078447718,0.000000000000,0.000000000000,0.000080419873,0.000000000000,0.000000000000,0.000063259476,0.000000000000,0.000000000000,0.000069694562,0.000000000000,0.000000000000,0.000069853405,0.000000000000,0.000000000000,0.000042703300,0.000000000000,0.000000000000,0.000048939600,0.000000000000,0.000000000000,0.000049304650
613,0.000000000000,0.000000000000,0.000136786026,0.000000000000,0.000000000000,0.000138630909,0.000000000000,0.000000000000,0.000139245869,0.000000000000,0.000000000000,0.000099718317,0.000000000000,0.000000000000,0.000098619277,0.000000000000,0.000000000000,0.000099423183,0.000000000000,0.000000000000,0.000071498468,0.000000000000,0.000000000000,0.000078477441,0.000000000000,0.000000000000,0.000080419873,0.000000000000,0.000000000000,0.000063266447,0.000000000000,0.000000000000,0.000069694562,0.000000000000,0.000000000000,0.000069853405,0.000000000000,0.000000000000,0.000042703300,0.000000000000,0.000000000000,0.000048939600,0.000000000000,0.000000000000,0.000049314481
614,0.000000000000,0.000000000000,0.000136786026,0.000000000000,0.000000000000,0.000138630909,0.000000000000,0.000000000000,0.000139245869,0.000000000000,0.000000000000,0.000099718317,0.000000000000,0.000000000000,0.000098619277,0.000000000000,0.000000000000,0.000099423183,0.000000000000,0.000000000000,0.000071498468,0.000000000000,0.000000000000,0.000078477441,0.000000000000,0.000000000000,0.000080419873,0.000000000000,0.000000000000,0.000063437417,0.000000000000,0.000000000000,0.000069694562,0.000000000000,0.000000000000,0.000069956964,0.000000000000,0.000000000000,0.000042729748,0.000000000000,0.000000000000,0.000048939600,0.000000000000,0.000000000000,0.000049314481
615,0.000000000000,0.000000000000,0.000136786026,0.000000000000,0.000000000000,0.000138630909,0.000000000000,0.000000000000,0.000139245869,0.000000000000,0.000000000000,0.000099718317,0.000000000000,0.000000000000,0.000098619277,0.000000000000,0.000000000000,0.000099423183,0.000000000000,0.000000000000,0.000071498468,0.000000000000,0.000000000000,0.000078477441,0.000000000000,0.000000000000,0.000080419873,0.000000000000,0.000000000000,0.000063456944,0.000000000000,0.000000000000,0.000069694562,0.000000000000,0.000000000000,0.000069956964,0.000000000000,0.000000000000,0.000042729748,0.000000000000,0.000000000000,0.000048939600,0.000000000000,0.000000000000,0.000049454607
616,0.000000000000,0.000000000000,0.000136786026,0.000000000000,0.000000000000,0.000138630909,0.000000000000,0.000000000000,0.000139245869,0.000000000000,0.000000000000,0.000099718317,0.000000000000,0.000000000000,0.000098619277,0.000000000000,0.000000000000,0.000099423183,0.000000000000,0.000000000000,0.000071519022,0.000000000000,0.000000000000,0.000078477441,0.000000000000,0.000000000000,0.000080419873,0.000000000000,0.000000000000,0.000063456944,0.000000000000,0.000000000000,0.000069694562,0.000000000000,0.000000000000,0.000069959397,0.000000000000,0.000000000000,0.000042735092,0.000000000000,0.000000000000,0.000048939600,0.000000000000,0.000000000000,0.000049454607
617,0.000000000000,0.000000000000,0.000136786026,0.000000000000,0.000000000000,0.000138630909,0.000000000000,0.000000000000,0.000139245869,0.000000000000,0.000000000000,0.000099718317,0.000000000000,0.000000000000,0.000098619277,0.000000000000,0.000000000000,0.000099423183,0.000000000000,0.000000000000,0.000071544247,0.000000000000,0.000000000000,0.000078477441,0.000000000000,0.000000000000,0.000080419873,0.000000000000,0.000000000000,0.000063456944,0.000000000000,0.000000000000,0.000069694562,0.000000000000,0.000000000000,0.000069959397,0.000000000000,0.000000000000,0.000042735300,0.000000000000,0.000000000000,0.000048939600,0.000000000000,0.000000000000,0.000049454607
618,0.000000000000,0.000000000000,0.000136786026,0.000000000000,0.000000000000,0.000138630909,0.000000000000,0.000000000000,0.000139245869,0.000000000000,0.000000000000,0.000099718317,0.000000000000,0.000000000000,0.000098619277,0.000000000000,0.000000000000,0.000099423183,0.000000000000,0.000000000000,0.000071544247,0.000000000000,0.000000000000,0.000078477441,0.000000000000,0.000000000000,0.000080461028,0.000000000000,0.000000000000,0.000063469414,0.000000000000,0.000000000000,0.000069806723,0.000000000000,0.000000000000,0.000069959397,0.000000000000,0.000000000000,0.000042735300,0.000000000000,0.000000000000,0.000048939600,0.000000000000,0.000000000000,0.000049454607
619,0.000000000000,0.000000000000,0.000136786026,0.000000000000,0.000000000000,0.000138630909,0.000000000000,0.000000000000,0.000139245869,0.000000000000,0.000000000000,0.000099718317,0.000000000000,0.000000000000,0.000098619277,0.000000000000,0.000000000000,0.000099423183,0.000000000000,0.000000000000,0.000071544247,0.000000000000,0.000000000000,0.000078477441,0.000000000000,0.000000000000,0.000080461028,0.000000000000,0.000000000000,0.000063469414,0.000000000000,0.000000000000,0.000069806723,0.000000000000,0.000000000000,0.000070016396,0.000000000000,0.000000000000,0.000042735300,0.000000000000,0.000000000000,0.000048939600,0.000000000000,0.000000000000,0.000049454607
620,0.000000000000,0.000000000000,0.000136786026,0.000000000000,0.000000000000,0.000138630909,0.000000000000,0.000000000000,0.000139245869,0.000000000000,0.000000000000,0.000099718317,0.000000000000,0.000000000000,0.000098619277,0.000000000000,0.000000000000,0.000099423183,0.000000000000,0.000000000000,0.000071544247,0.000000000000,0.000000000000,0.000078584983,0.000000000000,0.000000000000,0.000080461028,0.000000000000,0.000000000000,0.000063488087,0.000000000000,0.000000000000,0.000069806723,0.000000000000,0.000000000000,0.000070016396,0.000000000000,0.000000000000,0.000042747977,0.000000000000,0.000000000000,0.000048939600,0.000000000000,0.000000000000,0.000049454607
621,0.000000000000,0.000000000000,0.000136786026,0.000000000000,0.000000000000,0.000138630909,0.000000000000,0.000000000000,0.000139574348,0.000000000000,0.000000000000,0.000099718317,0.000000000000,0.000000000000,0.000098619277,0.000000000000,0.000000000000,0.000099423183,0.000000000000,0.000000000000,0.000071548040,0.000000000000,0.000000000000,0.000078584983,0.000000000000,0.000000000000,0.000080490480,0.000000000000,0.000000000000,0.000063555203,0.000000000000,0.000000000000,0.000069806723,0.000000000000,0.000000000000,0.000070016396,0.000000000000,0.000000000000,0.000042747977,0.000000000000,0.000000000000,0.000049017899,0.000000000000,0.000000000000,0.000049454607
622,0.000000000000,0.000000000000,0.000136786026,0.000000000000,0.000000000000,0.000138630909,0.000000000000,0.000000000000,0.000139574348,0.000000000000,0.000000000000,0.000099718317,0.000000000000,0.000000000000,0.000098619277,0.000000000000,0.000000000000,0.000099423183,0.000000000000,0.000000000000,0.000071548040,0.000000000000,0.000000000000,0.000078584983,0.000000000000,0.000000000000,0.000080490480,0.000000000000,0.000000000000,0.000063555203,0.000000000000,0.000000000000,0.000069806723,0.000000000000,0.000000000000,0.000070016396,0.000000000000,0.000000000000,0.000042763250,0.000000000000,0.000000000000,0.000049017899,0.000000000000,0.000000000000,0.000049455972
623,0.000000000000,0.000000000000,0.000136786026,0.000000000000,0.000000000000,0.000138630909,0.000000000000,0.000000000000,0.000139574348,0.000000000000,0.000000000000,0.000099718317,0.000000000000,0.000000000000,0.000098619277,0.000000000000,0.000000000000,0.000099423183,0.000000000000,0.000000000000,0.000071548040,0.000000000000,0.000000000000,0.000078584983,0.000000000000,0.000000000000,0.000080490480,0.000000000000,0.000000000000,0.000063555203,0.000000000000,0.000000000000,0.000069806723,0.000000000000,0.000000000000,0.000070016396,0.000000000000,0.000000000000,0.000042763250,0.000000000000,0.000000000000,0.000049017899,0.000000000000,0.000000000000,0.000049470870
624,0.000000000000,0.000000000000,0.000136786026,0.000000000000,0.000000000000,0.000138630909,0.000000000000,0.000000000000,0.000139860830,0.000000000000,0.000000000000,0.000099718317,0.000000000000,0.000000000000,0.000098619277,0.000000000000,0.000000000000,0.000099423183,0.000000000000,0.000000000000,0.000071548040,0.000000000000,0.000000000000,0.000078584983,0.000000000000,0.000000000000,0.000080490480,0.000000000000,0.000000000000,0.000063673049,0.000000000000,0.000000000000,0.000069806723,0.000000000000,0.000000000000,0.000070016396,0.000000000000,0.000000000000,0.000042838976,0.000000000000,0.000000000000,0.000049020698,0.000000000000,0.000000000000,0.000049491044
625,0.000000000000,0.000000000000,0.000136786026,0.000000000000,0.000000000000,0.000138630909,0.000000000000,0.000000000000,0.000139860830,0.000000000000,0.000000000000,0.000099718317,0.000000000000,0.000000000000,0.000098619277,0.000000000000,0.000000000000,0.000099423183,0.000000000000,0.000000000000,0.000071548040,0.000000000000,0.000000000000,0.000078584983,0.000000000000,0.000000000000,0.000080490480,0.000000000000,0.000000000000,0.000063831560,0.000000000000,0.000000000000,0.000069806723,0.000000000000,0.000000000000,0.000070038958,0.000000000000,0.000000000000,0.000042871977,0.000000000000,0.000000000000,0.000049029079,0.000000000000,0.000000000000,0.000049491044
626,0.000000000000,0.000000000000,0.000136786026,0.000000000000,0.000000000000,0.000138630909,0.000000000000,0.000000000000,0.000139860830,0.000000000000,0.000000000000,0.000099718317,0.000000000000,0.000000000000,0.000098619277,0.000000000000,0.000000000000,0.000099423183,0.000000000000,0.000000000000,0.000071625725,0.000000000000,0.000000000000,0.000078584983,0.000000000000,0.000000000000,0.000080490480,0.000000000000,0.000000000000,0.000063831560,0.000000000000,0.000000000000,0.000069806723,0.000000000000,0.000000000000,0.000070082450,0.000000000000,0.000000000000,0.000042871977,0.000000000000,0.000000000000,0.000049029079,0.000000000000,0.000000000000,0.000049507531
627,0.000000000000,0.000000000000,0.000136786026,0.000000000000,0.000000000000,0.000138630909,0.000000000000,0.000000000000,0.000139860830,0.000000000000,0.000000000000,0.000099718317,0.000000000000,0.000000000000,0.000098834501,0.000000000000,0.000000000000,0.000099423183,0.000000000000,0.000000000000,0.000071625725,0.000000000000,0.000000000000,0.000078584983,0.000000000000,0.000000000000,0.000080490480,0.000000000000,0.000000000000,0.000063831560,0.000000000000,0.000000000000,0.000069806723,0.000000000000,0.000000000000,0.000070082450,0.000000000000,0.000000000000,0.000042941526,0.000000000000,0.000000000000,0.000049029079,0.000000000000,0.000000000000,0.000049507531
628,0.000000000000,0.000000000000,0.000136786026,0.000000000000,0.000000000000,0.000138630909,0.000000000000,0.000000000000,0.000139860830,0.000000000000,0.000000000000,0.000099718317,0.000000000000,0.000000000000,0.000098834501,0.000000000000,0.000000000000,0.000099423183,0.000000000000,0.000000000000,0.000071646610,0.000000000000,0.000000000000,0.000078584983,0.000000000000,0.000000000000,0.000080490480,0.000000000000,0.000000000000,0.000063867944,0.000000000000,0.000000000000,0.000069806723,0.000000000000,0.000000000000,0.000070440884,0.000000000000,0.000000000000,0.000042941526,0.000000000000,0.000000000000,0.000049042087,0.000000000000,0.000000000000,0.000049507531
629,0.000000000000,0.000000000000,0.000136786026,0.000000000000,0.000000000000,0.000138630909,0.000000000000,0.000000000000,0.000139860830,0.000000000000,0.000000000000,0.000099718317,0.000000000000,0.000000000000,0.000098834501,0.000000000000,0.000000000000,0.000099423183,0.000000000000,0.000000000000,0.000071646610,0.000000000000,0.000000000000,0.000078584983,0.000000000000,0.000000000000,0.000080490480,0.000000000000,0.000000000000,0.000063879342,0.000000000000,0.000000000000,0.000069806723,0.000000000000,0.000000000000,0.000070440884,0.000000000000,0.000000000000,0.000042948017,0.000000000000,0.000000000000,0.000049042087,0.000000000000,0.000000000000,0.000049507531
630,0.000000000000,0.000000000000,0.000136786026,0.000000000000,0.000000000000,0.000138630909,0.000000000000,0.000000000000,0.000139860830,0.000000000000,0.000000000000,0.000099842884,0.000000000000,0.000000000000,0.000098834501,0.000000000000,0.000000000000,0.000099423183,0.000000000000,0.000000000000,0.000071646610,0.000000000000,0.000000000000,0.000078584983,0.000000000000,0.000000000000,0.000080490480,0.000000000000,0.000000000000,0.000063879342,0.000000000000,0.000000000000,0.000069806723,0.000000000000,0.000000000000,0.000070453146,0.000000000000,0.000000000000,0.000042948017,0.000000000000,0.000000000000,0.000049091299,0.000000000000,0.000000000000,0.000049507531
631,0.000000000000,0.000000000000,0.000136786026,0.000000000000,0.000000000000,0.000138630909,0.000000000000,0.000000000000,0.000139860830,0.000000000000,0.000000000000,0.000099842884,0.000000000000,0.000000000000,0.000099001559,0.000000000000,0.000000000000,0.000099423183,0.000000000000,0.000000000000,0.000071646610,0.000000000000,0.000000000000,0.000078584983,0.000000000000,0.000000000000,0.000080490480,0.000000000000,0.000000000000,0.000063879342,0.000000000000,0.000000000000,0.000069806723,0.000000000000,0.000000000000,0.000070453146,0.000000000000,0.000000000000,0.000042989404,0.000000000000,0.000000000000,0.000049112354,0.000000000000,0.000000000000,0.000049507531
632,0.000000000000,0.000000000000,0.000136786026,0.000000000000,0.000000000000,0.000138630909,0.000000000000,0.000000000000,0.000139860830,0.000000000000,0.000000000000,0.000099842884,0.000000000000,0.000000000000,0.000099001559,0.000000000000,0.000000000000,0.000099423183,0.000000000000,0.000000000000,0.000071646610,0.000000000000,0.000000000000,0.000078584983,0.000000000000,0.000000000000,0.000080546420,0.000000000000,0.000000000000,0.000063879342,0.000000000000,0.000000000000,0.000069806723,0.000000000000,0.000000000000,0.000070453146,0.000000000000,0.000000000000,0.000043086336,0.000000000000,0.000000000000,0.000049119323,0.000000000000,0.000000000000,0.000049523926
633,0.000000000000,0.000000000000,0.000136786026,0.000000000000,0.000000000000,0.000138630909,0.000000000000,0.000000000000,0.000139860830,0.000000000000,0.000000000000,0.000099842884,0.000000000000,0.000000000000,0.000099001559,0.000000000000,0.000000000000,0.000099423183,0.000000000000,0.000000000000,0.000071646610,0.000000000000,0.000000000000,0.000078584983,0.000000000000,0.000000000000,0.000080546420,0.000000000000,0.000000000000,0.000063879342,0.000000000000,0.000000000000,0.000069806723,0.000000000000,0.000000000000,0.000070453146,0.000000000000,0.000000000000,0.000043090296,0.000000000000,0.000000000000,0.000049119323,0.000000000000,0.000000000000,0.000049523926
634,0.000000000000,0.000000000000,0.000136786026,0.000000000000,0.000000000000,0.000138630909,0.000000000000,0.000000000000,0.000139860830,0.000000000000,0.000000000000,0.000099842884,0.000000000000,0.000000000000,0.000099001559,0.000000000000,0.000000000000,0.000099423183,0.000000000000,0.000000000000,0.000071646610,0.000000000000,0.000000000000,0.000078584983,0.000000000000,0.000000000000,0.000080546420,0.000000000000,0.000000000000,0.000063920564,0.000000000000,0.000000000000,0.000069821968,0.000000000000,0.000000000000,0.000070508380,0.000000000000,0.000000000000,0.000043194829,0.000000000000,0.000000000000,0.000049119323,0.000000000000,0.000000000000,0.000049523926
635,0.000000000000,0.000000000000,0.000136786026,0.000000000000,0.000000000000,0.000138630909,0.000000000000,0.000000000000,0.000139860830,0.000000000000,0.000000000000,0.000099842884,0.000000000000,0.000000000000,0.000099001559,0.000000000000,0.000000000000,0.000099423183,0.000000000000,0.000000000000,0.000071656876,0.000000000000,0.000000000000,0.000078584983,0.000000000000,0.000000000000,0.000080546420,0.000000000000,0.000000000000,0.000063938323,0.000000000000,0.000000000000,0.000069821968,0.000000000000,0.000000000000,0.000070508380,0.000000000000,0.000000000000,0.000043194829,0.000000000000,0.000000000000,0.000049119323,0.000000000000,0.000000000000,0.000049523926
636,0.000000000000,0.000000000000,0.000136786026,0.000000000000,0.000000000000,0.000138630909,0.000000000000,0.000000000000,0.000139860830,0.000000000000,0.000000000000,0.000099842884,0.000000000000,0.000000000000,0.000099001559,0.000000000000,0.000000000000,0.000099423183,0.000000000000,0.000000000000,0.000071656876,0.000000000000,0.000000000000,0.000078656952,0.000000000000,0.000000000000,0.000080546420,0.000000000000,0.000000000000,0.000064234493,0.000000000000,0.000000000000,0.000069821968,0.000000000000,0.000000000000,0.000070508380,0.000000000000,0.000000000000,0.000043194829,0.000000000000,0.000000000000,0.000049160155,0.000000000000,0.000000000000,0.000049523926
637,0.000000000000,0.000000000000,0.000136786026,0.000000000000,0.000000000000,0.000138630909,0.000000000000,0.000000000000,0.000139860830,0.000000000000,0.000000000000,0.000099842884,0.000000000000,0.000000000000,0.000099001559,0.000000000000,0.000000000000,0.000099423183,0.000000000000,0.000000000000,0.000071656876,0.000000000000,0.000000000000,0.000078656952,0.000000000000,0.000000000000,0.000080546420,0.000000000000,0.000000000000,0.000064241897,0.000000000000,0.000000000000,0.000069821968,0.000000000000,0.000000000000,0.000070520869,0.000000000000,0.000000000000,0.000043194829,0.000000000000,0.000000000000,0.000049206430,0.000000000000,0.000000000000,0.000049523926
638,0.000000000000,0.000000000000,0.000136786026,0.000000000000,0.000000000000,0.000138630909,0.000000000000,0.000000000000,0.000139860830,0.000000000000,0.000000000000,0.000099842884,0.000000000000,0.000000000000,0.000099001559,0.000000000000,0.000000000000,0.000099423183,0.000000000000,0.000000000000,0.000071656876,0.000000000000,0.000000000000,0.000078656952,0.000000000000,0.000000000000,0.000080546420,0.000000000000,0.000000000000,0.000064271432,0.000000000000,0.000000000000,0.000069830623,0.000000000000,0.000000000000,0.000070520918,0.000000000000,0.000000000000,0.000043194829,0.000000000000,0.000000000000,0.000049206430,0.000000000000,0.000000000000,0.000049537364
639,0.000000000000,0.000000000000,0.000136786026,0.000000000000,0.000000000000,0.000138630909,0.000000000000,0.000000000000,0.000139860830,0.000000000000,0.000000000000,0.000099855026,0.000000000000,0.000000000000,0.000099001559,0.000000000000,0.000000000000,0.000099423183,0.000000000000,0.000000000000,0.000071656876,0.000000000000,0.000000000000,0.000078656952,0.000000000000,0.000000000000,0.000080546420,0.000000000000,0.000000000000,0.000064293446,0.000000000000,0.000000000000,0.000069830623,0.000000000000,0.000000000000,0.000070520918,0.000000000000,0.000000000000,0.000043194829,0.000000000000,0.000000000000,0.000049206430,0.000000000000,0.000000000000,0.000049537364
640,0.000000000000,0.000000000000,0.000136786026,0.000000000000,0.000000000000,0.000138630909,0.000000000000,0.000000000000,0.000139860830,0.000000000000,0.000000000000,0.000099855026,0.000000000000,0.000000000000,0.000099001559,0.000000000000,0.000000000000,0.000099423183,0.000000000000,0.000000000000,0.000071688127,0.000000000000,0.000000000000,0.000078656952,0.000000000000,0.000000000000,0.000080546420,0.000000000000,0.000000000000,0.000064293446,0.000000000000,0.000000000000,0.000069834842,0.000000000000,0.000000000000,0.000070557672,0.000000000000,0.000000000000,0.000043199803,0.000000000000,0.000000000000,0.000049206430,0.000000000000,0.000000000000,0.000049633007
641,0.000000000000,0.000000000000,0.000136786026,0.000000000000,0.000000000000,0.000138630909,0.000000000000,0.000000000000,0.000139860830,0.000000000000,0.000000000000,0.000099855026,0.000000000000,0.000000000000,0.000099049745,0.000000000000,0.000000000000,0.000099423183,0.000000000000,0.000000000000,0.000071688127,0.000000000000,0.000000000000,0.000078656952,0.000000000000,0.000000000000,0.000080546420,0.000000000000,0.000000000000,0.000064338739,0.000000000000,0.000000000000,0.000069844073,0.000000000000,0.000000000000,0.000070570328,0.000000000000,0.000000000000,0.000043199803,0.000000000000,0.000000000000,0.000049230902,0.000000000000,0.000000000000,0.000049633007
642,0.000000000000,0.000000000000,0.000136786026,0.000000000000,0.000000000000,0.000138630909,0.000000000000,0.000000000000,0.000139860830,0.000000000000,0.000000000000,0.000099855026,0.000000000000,0.000000000000,0.000099131336,0.000000000000,0.000000000000,0.000099423183,0.000000000000,0.000000000000,0.000071688127,0.000000000000,0.000000000000,0.000078656952,0.000000000000,0.000000000000,0.000080655818,0.000000000000,0.000000000000,0.000064338739,0.000000000000,0.000000000000,0.000069968513,0.000000000000,0.000000000000,0.000070570328,0.000000000000,0.000000000000,0.000043199803,0.000000000000,0.000000000000,0.000049231126,0.000000000000,0.000000000000,0.000049634415
643,0.000000000000,0.000000000000,0.000136786026,0.000000000000,0.000000000000,0.000138630909,0.000000000000,0.000000000000,0.000139860830,0.000000000000,0.000000000000,0.000099855026,0.000000000000,0.000000000000,0.000099131336,0.000000000000,0.000000000000,0.000099423183,0.000000000000,0.000000000000,0.000071688127,0.000000000000,0.000000000000,0.000078656952,0.000000000000,0.000000000000,0.000080655818,0.000000000000,0.000000000000,0.000064338739,0.000000000000,0.000000000000,0.000069968513,0.000000000000,0.000000000000,0.000070570982,0.000000000000,0.000000000000,0.000043199803,0.000000000000,0.000000000000,0.000049231126,0.000000000000,0.000000000000,0.000049634415
644,0.000000000000,0.000000000000,0.000136786026,0.000000000000,0.000000000000,0.000138630909,0.000000000000,0.000000000000,0.000139860830,0.000000000000,0.000000000000,0.000099855026,0.000000000000,0.000000000000,0.000099131336,0.000000000000,0.000000000000,0.000099423183,0.000000000000,0.000000000000,0.000071688127,0.000000000000,0.000000000000,0.000078656952,0.000000000000,0.000000000000,0.000080655818,0.000000000000,0.000000000000,0.000064342792,0.000000000000,0.000000000000,0.000069968513,0.000000000000,0.000000000000,0.000070570982,0.000000000000,0.000000000000,0.000043208979,0.000000000000,0.000000000000,0.000049241566,0.000000000000,0.000000000000,0.000049686537
645,0.000000000000,0.000000000000,0.000136786026,0.000000000000,0.000000000000,0.000138630909,0.000000000000,0.000000000000,0.000139860830,0.000000000000,0.000000000000,0.000099855026,0.000000000000,0.000000000000,0.000099131336,0.000000000000,0.000000000000,0.000099423183,0.000000000000,0.000000000000,0.000071688127,0.000000000000,0.000000000000,0.000078656952,0.000000000000,0.000000000000,0.000080655818,0.000000000000,0.000000000000,0.000064342792,0.000000000000,0.000000000000,0.000069968513,0.000000000000,0.000000000000,0.000070579685,0.000000000000,0.000000000000,0.000043208979,0.000000000000,0.000000000000,0.000049241566,0.000000000000,0.000000000000,0.000049805797
646,0.000000000000,0.000000000000,0.000136786026,0.000000000000,0.000000000000,0.000138630909,0.000000000000,0.000000000000,0.000139860830,0.000000000000,0.000000000000,0.000099855026,0.000000000000,0.000000000000,0.000099131336,0.000000000000,0.000000000000,0.000099423183,0.000000000000,0.000000000000,0.000071688127,0.000000000000,0.000000000000,0.000078662799,0.000000000000,0.000000000000,0.000080655818,0.000000000000,0.000000000000,0.000064342792,0.000000000000,0.000000000000,0.000069968513,0.000000000000,0.000000000000,0.000070579685,0.000000000000,0.000000000000,0.000043208979,0.000000000000,0.000000000000,0.000049357758,0.000000000000,0.000000000000,0.000049805797
647,0.000000000000,0.000000000000,0.000136786026,0.000000000000,0.000000000000,0.000138630909,0.000000000000,0.000000000000,0.000139860830,0.000000000000,0.000000000000,0.000099855026,0.000000000000,0.000000000000,0.000099131336,0.000000000000,0.000000000000,0.000099423183,0.000000000000,0.000000000000,0.000071688127,0.000000000000,0.000000000000,0.000078662799,0.000000000000,0.000000000000,0.000080655818,0.000000000000,0.000000000000,0.000064342792,0.000000000000,0.000000000000,0.000069972439,0.000000000000,0.000000000000,0.000070579685,0.000000000000,0.000000000000,0.000043209717,0.000000000000,0.000000000000,0.000049357758,0.000000000000,0.000000000000,0.000049805797
648,0.000000000000,0.000000000000,0.000136786026,0.000000000000,0.000000000000,0.000138630909,0.000000000000,0.000000000000,0.000139860830,0.000000000000,0.000000000000,0.000099855026,0.000000000000,0.000000000000,0.000099131336,0.000000000000,0.000000000000,0.000099423183,0.000000000000,0.000000000000,0.000071688127,0.000000000000,0.000000000000,0.000078662799,0.000000000000,0.000000000000,0.000080655818,0.000000000000,0.000000000000,0.000064634065,0.000000000000,0.000000000000,0.000069972439,0.000000000000,0.000000000000,0.000070618340,0.000000000000,0.000000000000,0.000043226995,0.000000000000,0.000000000000,0.000049418272,0.000000000000,0.000000000000,0.000049814651
649,0.000000000000,0.000000000000,0.000136786026,0.000000000000,0.000000000000,0.000138630909,0.000000000000,0.000000000000,0.000139860830,0.000000000000,0.000000000000,0.000099855026,0.000000000000,0.000000000000,0.000099131336,0.000000000000,0.000000000000,0.000099423183,0.000000000000,0.000000000000,0.000071688127,0.000000000000,0.000000000000,0.000078662799,0.000000000000,0.000000000000,0.000080655818,0.000000000000,0.000000000000,0.000064634065,0.000000000000,0.000000000000,0.000069972439,0.000000000000,0.000000000000,0.000070618340,0.000000000000,0.000000000000,0.000043226995,0.000000000000,0.000000000000,0.000049418272,0.000000000000,0.000000000000,0.000049814651
650,0.000000000000,0.000000000000,0.000136786026,0.000000000000,0.000000000000,0.000138630909,0.000000000000,0.000000000000,0.000139860830,0.000000000000,0.000000000000,0.000099855026,0.000000000000,0.000000000000,0.000099347882,0.000000000000,0.000000000000,0.000099423183,0.000000000000,0.000000000000,0.000071688127,0.000000000000,0.000000000000,0.000078662799,0.000000000000,0.000000000000,0.000080655818,0.000000000000,0.000000000000,0.000064634065,0.000000000000,0.000000000000,0.000069972439,0.000000000000,0.000000000000,0.000070618340,0.000000000000,0.000000000000,0.000043226995,0.000000000000,0.000000000000,0.000049418272,0.000000000000,0.000000000000,0.000049814651
651,0.000000000000,0.000000000000,0.000136786026,0.000000000000,0.000000000000,0.000138630909,0.000000000000,0.000000000000,0.000139860830,0.000000000000,0.000000000000,0.000099855026,0.000000000000,0.000000000000,0.000099347882,0.000000000000,0.000000000000,0.000099423183,0.000000000000,0.000000000000,0.000071688127,0.000000000000,0.000000000000,0.000078662799,0.000000000000,0.000000000000,0.000080655818,0.000000000000,0.000000000000,0.000064634065,0.000000000000,0.000000000000,0.000070031345,0.000000000000,0.000000000000,0.000070618340,0.000000000000,0.000000000000,0.000043226995,0.000000000000,0.000000000000,0.000049418272,0.000000000000,0.000000000000,0.000049814651
652,0.000000000000,0.000000000000,0.000136786026,0.000000000000,0.000000000000,0.000138630909,0.000000000000,0.000000000000,0.000139860830,0.000000000000,0.000000000000,0.000099855026,0.000000000000,0.000000000000,0.000099347882,0.000000000000,0.000000000000,0.000099423183,0.000000000000,0.000000000000,0.000071688127,0.000000000000,0.000000000000,0.000078662799,0.000000000000,0.000000000000,0.000080655818,0.000000000000,0.000000000000,0.000064634065,0.000000000000,0.000000000000,0.000070031345,0.000000000000,0.000000000000,0.000070658897,0.000000000000,0.000000000000,0.000043226995,0.000000000000,0.000000000000,0.000049420743,0.000000000000,0.000000000000,0.000049814651
653,0.000000000000,0.000000000000,0.000136786026,0.000000000000,0.000000000000,0.000138630909,0.000000000000,0.000000000000,0.000139860830,0.000000000000,0.000000000000,0.000099855026,0.000000000000,0.000000000000,0.000099347882,0.000000000000,0.000000000000,0.000099423183,0.000000000000,0.000000000000,0.000071688127,0.000000000000,0.000000000000,0.000078662799,0.000000000000,0.000000000000,0.000080655818,0.000000000000,0.000000000000,0.000064634065,0.000000000000,0.000000000000,0.000070031345,0.000000000000,0.000000000000,0.000070658897,0.000000000000,0.000000000000,0.000043236787,0.000000000000,0.000000000000,0.000049420743,0.000000000000,0.000000000000,0.000049814651
654,0.000000000000,0.000000000000,0.000136786026,0.000000000000,0.000000000000,0.000138630909,0.000000000000,0.000000000000,0.000139860830,0.000000000000,0.000000000000,0.000100185341,0.000000000000,0.000000000000,0.000099347882,0.000000000000,0.000000000000,0.000099423183,0.000000000000,0.000000000000,0.000071688127,0.000000000000,0.000000000000,0.000078662799,0.000000000000,0.000000000000,0.000080655818,0.000000000000,0.000000000000,0.000064634065,0.000000000000,0.000000000000,0.000070148291,0.000000000000,0.000000000000,0.000070740293,0.000000000000,0.000000000000,0.000043236787,0.000000000000,0.000000000000,0.000049420743,0.000000000000,0.000000000000,0.000049814651
655,0.000000000000,0.000000000000,0.000136786026,0.000000000000,0.000000000000,0.000138630909,0.000000000000,0.000000000000,0.000139860830,0.000000000000,0.000000000000,0.000100185341,0.000000000000,0.000000000000,0.000099347882,0.000000000000,0.000000000000,0.000099423183,0.000000000000,0.000000000000,0.000071818417,0.000000000000,0.000000000000,0.000078662799,0.000000000000,0.000000000000,0.000080655818,0.000000000000,0.000000000000,0.000064634065,0.000000000000,0.000000000000,0.000070148291,0.000000000000,0.000000000000,0.000070740293,0.000000000000,0.000000000000,0.000043236787,0.000000000000,0.000000000000,0.000049430893,0.000000000000,0.000000000000,0.000049814651
656,0.000000000000,0.000000000000,0.000136786026,0.000000000000,0.000000000000,0.000138630909,0.000000000000,0.000000000000,0.000139860830,0.000000000000,0.000000000000,0.000100185341,0.000000000000,0.000000000000,0.000099347882,0.000000000000,0.000000000000,0.000099423183,0.000000000000,0.000000000000,0.000071818417,0.000000000000,0.000000000000,0.000078662799,0.000000000000,0.000000000000,0.000080655818,0.000000000000,0.000000000000,0.000064634065,0.000000000000,0.000000000000,0.000070166005,0.000000000000,0.000000000000,0.000070757087,0.000000000000,0.000000000000,0.000043317202,0.000000000000,0.000000000000,0.000049533196,0.000000000000,0.000000000000,0.000049814651
657,0.000000000000,0.000000000000,0.000136786026,0.000000000000,0.000000000000,0.000138630909,0.000000000000,0.000000000000,0.000139860830,0.000000000000,0.000000000000,0.000100185341,0.000000000000,0.000000000000,0.000099347882,0.000000000000,0.000000000000,0.000099423183,0.000000000000,0.000000000000,0.000071818417,0.000000000000,0.000000000000,0.000078662799,0.000000000000,0.000000000000,0.000080655818,0.000000000000,0.000000000000,0.000064634065,0.000000000000,0.000000000000,0.000070166005,0.000000000000,0.000000000000,0.000070757087,0.000000000000,0.000000000000,0.000043441861,0.000000000000,0.000000000000,0.000049533196,0.000000000000,0.000000000000,0.000049814651
658,0.000000000000,0.000000000000,0.000136786026,0.000000000000,0.000000000000,0.000138630909,0.000000000000,0.000000000000,0.000139860830,0.000000000000,0.000000000000,0.000100185341,0.000000000000,0.000000000000,0.000099347882,0.000000000000,0.000000000000,0.000099423183,0.000000000000,0.000000000000,0.000071818417,0.000000000000,0.000000000000,0.000078662799,0.000000000000,0.000000000000,0.000080655818,0.000000000000,0.000000000000,0.000064634065,0.000000000000,0.000000000000,0.000070327266,0.000000000000,0.000000000000,0.000070757087,0.000000000000,0.000000000000,0.000043609119,0.000000000000,0.000000000000,0.000049563533,0.000000000000,0.000000000000,0.000049818237
659,0.000000000000,0.000000000000,0.000136786026,0.000000000000,0.000000000000,0.000138630909,0.000000000000,0.000000000000,0.000139860830,0.000000000000,0.000000000000,0.000100185341,0.000000000000,0.000000000000,0.000099507820,0.000000000000,0.000000000000,0.000099423183,0.000000000000,0.000000000000,0.000071851758,0.000000000000,0.000000000000,0.000078722314,0.000000000000,0.000000000000,0.000080655818,0.000000000000,0.000000000000,0.000064634065,0.000000000000,0.000000000000,0.000070327266,0.000000000000,0.000000000000,0.000070757087,0.000000000000,0.000000000000,0.000043609119,0.000000000000,0.000000000000,0.000049563533,0.000000000000,0.000000000000,0.000049838910
660,0.000000000000,0.000000000000,0.000136786026,0.000000000000,0.000000000000,0.000138630909,0.000000000000,0.000000000000,0.000139860830,0.000000000000,0.000000000000,0.000100185341,0.000000000000,0.000000000000,0.000099507820,0.000000000000,0.000000000000,0.000099423183,0.000000000000,0.000000000000,0.000071851758,0.000000000000,0.000000000000,0.000078722314,0.000000000000,0.000000000000,0.000080655818,0.000000000000,0.000000000000,0.000064634065,0.000000000000,0.000000000000,0.000070327266,0.000000000000,0.000000000000,0.000070769284,0.000000000000,0.000000000000,0.000043609119,0.000000000000,0.000000000000,0.000049608377,0.000000000000,0.000000000000,0.000049838910
661,0.000000000000,0.000000000000,0.000136786026,0.000000000000,0.000000000000,0.000138630909,0.000000000000,0.000000000000,0.000139860830,0.000000000000,0.000000000000,0.000100371458,0.000000000000,0.000000000000,0.000099507820,0.000000000000,0.000000000000,0.000099423183,0.000000000000,0.000000000000,0.000071851758,0.000000000000,0.000000000000,0.000078722314,0.000000000000,0.000000000000,0.000080655818,0.000000000000,0.000000000000,0.000064684584,0.000000000000,0.000000000000,0.000070327266,0.000000000000,0.000000000000,0.000070769284,0.000000000000,0.000000000000,0.000043638095,0.000000000000,0.000000000000,0.000049609330,0.000000000000,0.000000000000,0.000049838910
662,0.000000000000,0.000000000000,0.000136786026,0.000000000000,0.000000000000,0.000138630909,0.000000000000,0.000000000000,0.000139860830,0.000000000000,0.000000000000,0.000100371458,0.000000000000,0.000000000000,0.000099507820,0.000000000000,0.000000000000,0.000099423183,0.000000000000,0.000000000000,0.000071851758,0.000000000000,0.000000000000,0.000078722314,0.000000000000,0.000000000000,0.000080655818,0.000000000000,0.000000000000,0.000064684821,0.000000000000,0.000000000000,0.000070341288,0.000000000000,0.000000000000,0.000070769284,0.000000000000,0.000000000000,0.000043638095,0.000000000000,0.000000000000,0.000049633729,0.000000000000,0.000000000000,0.000049838910
663,0.000000000000,0.000000000000,0.000136786026,0.000000000000,0.000000000000,0.000138630909,0.000000000000,0.000000000000,0.000139860830,0.000000000000,0.000000000000,0.000100371458,0.000000000000,0.000000000000,0.000099507820,0.000000000000,0.000000000000,0.000099423183,0.000000000000,0.000000000000,0.000071851758,0.000000000000,0.000000000000,0.000078722314,0.000000000000,0.000000000000,0.000080655818,0.000000000000,0.000000000000,0.000064805371,0.000000000000,0.000000000000,0.000070341288,0.000000000000,0.000000000000,0.000070769284,0.000000000000,0.000000000000,0.000043638095,0.000000000000,0.000000000000,0.000049638280,0.000000000000,0.000000000000,0.000049858008
664,0.000000000000,0.000000000000,0.000136786026,0.000000000000,0.000000000000,0.000138630909,0.000000000000,0.000000000000,0.000139860830,0.000000000000,0.000000000000,0.000100371458,0.000000000000,0.000000000000,0.000099507820,0.000000000000,0.000000000000,0.000099423183,0.000000000000,0.000000000000,0.000071851758,0.000000000000,0.000000000000,0.000078722314,0.000000000000,0.000000000000,0.000080655818,0.000000000000,0.000000000000,0.000064805371,0.000000000000,0.000000000000,0.000070341288,0.000000000000,0.000000000000,0.000070769284,0.000000000000,0.000000000000,0.000043638095,0.000000000000,0.000000000000,0.000049650093,0.000000000000,0.000000000000,0.000049858008
665,0.000000000000,0.000000000000,0.000136786026,0.000000000000,0.000000000000,0.000138630909,0.000000000000,0.000000000000,0.000139860830,0.000000000000,0.000000000000,0.000100371458,0.000000000000,0.000000000000,0.000099507820,0.000000000000,0.000000000000,0.000099423183,0.000000000000,0.000000000000,0.000071851758,0.000000000000,0.000000000000,0.000078722314,0.000000000000,0.000000000000,0.000080655818,0.000000000000,0.000000000000,0.000064822585,0.000000000000,0.000000000000,0.000070366062,0.000000000000,0.000000000000,0.000070769284,0.000000000000,0.000000000000,0.000043638116,0.000000000000,0.000000000000,0.000049650093,0.000000000000,0.000000000000,0.000049858008
666,0.000000000000,0.000000000000,0.000136786026,0.000000000000,0.000000000000,0.000138630909,0.000000000000,0.000000000000,0.000139860830,0.000000000000,0.000000000000,0.000100371458,0.000000000000,0.000000000000,0.000099507820,0.000000000000,0.000000000000,0.000099423183,0.000000000000,0.000000000000,0.000071851758,0.000000000000,0.000000000000,0.000078722314,0.000000000000,0.000000000000,0.000080655818,0.000000000000,0.000000000000,0.000064822585,0.000000000000,0.000000000000,0.000070583080,0.000000000000,0.000000000000,0.000070769284,0.000000000000,0.000000000000,0.000044144185,0.000000000000,0.000000000000,0.000049681696,0.000000000000,0.000000000000,0.000049858008
667,0.000000000000,0.000000000000,0.000136786026,0.000000000000,0.000000000000,0.000138630909,0.000000000000,0.000000000000,0.000139860830,0.000000000000,0.000000000000,0.000100371458,0.000000000000,0.000000000000,0.000099507820,0.000000000000,0.000000000000,0.000099423183,0.000000000000,0.000000000000,0.000071851758,0.000000000000,0.000000000000,0.000078722314,0.000000000000,0.000000000000,0.000080655818,0.000000000000,0.000000000000,0.000064891448,0.000000000000,0.000000000000,0.000070591875,0.000000000000,0.000000000000,0.000070769284,0.000000000000,0.000000000000,0.000044144185,0.000000000000,0.000000000000,0.000049698330,0.000000000000,0.000000000000,0.000049858008
668,0.000000000000,0.000000000000,0.000136786026,0.000000000000,0.000000000000,0.000138630909,0.000000000000,0.000000000000,0.000139860830,0.000000000000,0.000000000000,0.000100371458,0.000000000000,0.000000000000,0.000099507820,0.000000000000,0.000000000000,0.000099423183,0.000000000000,0.000000000000,0.000071851758,0.000000000000,0.000000000000,0.000078722314,0.000000000000,0.000000000000,0.000080655818,0.000000000000,0.000000000000,0.000064891448,0.000000000000,0.000000000000,0.000070591875,0.000000000000,0.000000000000,0.000070786284,0.000000000000,0.000000000000,0.000044144185,0.000000000000,0.000000000000,0.000049698330,0.000000000000,0.000000000000,0.000049858008
669,0.000000000000,0.000000000000,0.000136786026,0.000000000000,0.000000000000,0.000138630909,0.000000000000,0.000000000000,0.000139860830,0.000000000000,0.000000000000,0.000100371458,0.000000000000,0.000000000000,0.000099507820,0.000000000000,0.000000000000,0.000099423183,0.000000000000,0.000000000000,0.000071851758,0.000000000000,0.000000000000,0.000078722314,0.000000000000,0.000000000000,0.000080655818,0.000000000000,0.000000000000,0.000064891448,0.000000000000,0.000000000000,0.000070619833,0.000000000000,0.000000000000,0.000070786284,0.000000000000,0.000000000000,0.000044144185,0.000000000000,0.000000000000,0.000049698330,0.000000000000,0.000000000000,0.000049858008
670,0.000000000000,0.000000000000,0.000136786026,0.000000000000,0.000000000000,0.000138630909,0.000000000000,0.000000000000,0.000139860830,0.000000000000,0.000000000000,0.000100371458,0.000000000000,0.000000000000,0.000099507820,0.000000000000,0.000000000000,0.000099423183,0.000000000000,0.000000000000,0.000072281978,0.000000000000,0.000000000000,0.000078722314,0.000000000000,0.000000000000,0.000080655818,0.000000000000,0.000000000000,0.000064903280,0.000000000000,0.000000000000,0.000070677467,0.000000000000,0.000000000000,0.000070786284,0.000000000000,0.000000000000,0.000044144185,0.000000000000,0.000000000000,0.000049719403,0.000000000000,0.000000000000,0.000049858008
671,0.000000000000,0.000000000000,0.000136786026,0.000000000000,0.000000000000,0.000138630909,0.000000000000,0.000000000000,0.000139860830,0.000000000000,0.000000000000,0.000100371458,0.000000000000,0.000000000000,0.000099652056,0.000000000000,0.000000000000,0.000099423183,0.000000000000,0.000000000000,0.000072281978,0.000000000000,0.000000000000,0.000078722314,0.000000000000,0.000000000000,0.000080655818,0.000000000000,0.000000000000,0.000064903280,0.000000000000,0.000000000000,0.000070677467,0.000000000000,0.000000000000,0.000070786284,0.000000000000,0.000000000000,0.000044200648,0.000000000000,0.000000000000,0.000049742339,0.000000000000,0.000000000000,0.000049993401
672,0.000000000000,0.000000000000,0.000136786026,0.000000000000,0.000000000000,0.000138630909,0.000000000000,0.000000000000,0.000139860830,0.000000000000,0.000000000000,0.000100371458,0.000000000000,0.000000000000,0.000099652056,0.000000000000,0.000000000000,0.000099423183,0.000000000000,0.000000000000,0.000072281978,0.000000000000,0.000000000000,0.000078722314,0.000000000000,0.000000000000,0.000080655818,0.000000000000,0.000000000000,0.000064903280,0.000000000000,0.000000000000,0.000070684739,0.000000000000,0.000000000000,0.000070794894,0.000000000000,0.000000000000,0.000044259031,0.000000000000,0.000000000000,0.000049800577,0.000000000000,0.000000000000,0.000049993401
673,0.000000000000,0.000000000000,0.000136786026,0.000000000000,0.000000000000,0.000138630909,0.000000000000,0.000000000000,0.000139860830,0.000000000000,0.000000000000,0.000100371458,0.000000000000,0.000000000000,0.000099652056,0.000000000000,0.000000000000,0.000099423183,0.000000000000,0.000000000000,0.000072281978,0.000000000000,0.000000000000,0.000078722314,0.000000000000,0.000000000000,0.000080655818,0.000000000000,0.000000000000,0.000064903280,0.000000000000,0.000000000000,0.000070723869,0.000000000000,0.000000000000,0.000070794894,0.000000000000,0.000000000000,0.000044322581,0.000000000000,0.000000000000,0.000049808198,0.000000000000,0.000000000000,0.000050014614
674,0.000000000000,0.000000000000,0.000136786026,0.000000000000,0.000000000000,0.000138630909,0.000000000000,0.000000000000,0.000139860830,0.000000000000,0.000000000000,0.000100371458,0.000000000000,0.000000000000,0.000099652056,0.000000000000,0.000000000000,0.000099423183,0.000000000000,0.000000000000,0.000072281978,0.000000000000,0.000000000000,0.000078722314,0.000000000000,0.000000000000,0.000080655818,0.000000000000,0.000000000000,0.000064903280,0.000000000000,0.000000000000,0.000070723869,0.000000000000,0.000000000000,0.000070794894,0.000000000000,0.000000000000,0.000044328834,0.000000000000,0.000000000000,0.000049808198,0.000000000000,0.000000000000,0.000050014614
675,0.000000000000,0.000000000000,0.000136786026,0.000000000000,0.000000000000,0.000138630909,0.000000000000,0.000000000000,0.000139860830,0.000000000000,0.000000000000,0.000100371458,0.000000000000,0.000000000000,0.000099652056,0.000000000000,0.000000000000,0.000099423183,0.000000000000,0.000000000000,0.000072302428,0.000000000000,0.000000000000,0.000078722314,0.000000000000,0.000000000000,0.000080655818,0.000000000000,0.000000000000,0.000064903280,0.000000000000,0.000000000000,0.000070723869,0.000000000000,0.000000000000,0.000070794894,0.000000000000,0.000000000000,0.000044328834,0.000000000000,0.000000000000,0.000049953971,0.000000000000,0.000000000000,0.000050014614
676,0.000000000000,0.000000000000,0.000136786026,0.000000000000,0.000000000000,0.000138630909,0.000000000000,0.000000000000,0.000139860830,0.000000000000,0.000000000000,0.000100371458,0.000000000000,0.000000000000,0.000099652056,0.000000000000,0.000000000000,0.000099423183,0.000000000000,0.000000000000,0.000072302428,0.000000000000,0.000000000000,0.000078722314,0.000000000000,0.000000000000,0.000080655818,0.000000000000,0.000000000000,0.000064903280,0.000000000000,0.000000000000,0.000070759987,0.000000000000,0.000000000000,0.000070794894,0.000000000000,0.000000000000,0.000044359000,0.000000000000,0.000000000000,0.000049953971,0.000000000000,0.000000000000,0.000050014614
677,0.000000000000,0.000000000000,0.000136786026,0.000000000000,0.000000000000,0.000138630909,0.000000000000,0.000000000000,0.000139860830,0.000000000000,0.000000000000,0.000100371458,0.000000000000,0.000000000000,0.000099652056,0.000000000000,0.000000000000,0.000099423183,0.000000000000,0.000000000000,0.000072302428,0.000000000000,0.000000000000,0.000078722314,0.000000000000,0.000000000000,0.000080655818,0.000000000000,0.000000000000,0.000064903280,0.000000000000,0.000000000000,0.000070764162,0.000000000000,0.000000000000,0.000070794894,0.000000000000,0.000000000000,0.000044363085,0.000000000000,0.000000000000,0.000049953971,0.000000000000,0.000000000000,0.000050014614
678,0.000000000000,0.000000000000,0.000136786026,0.000000000000,0.000000000000,0.000138630909,0.000000000000,0.000000000000,0.000139860830,0.000000000000,0.000000000000,0.000100371458,0.000000000000,0.000000000000,0.000099652056,0.000000000000,0.000000000000,0.000099423183,0.000000000000,0.000000000000,0.000072302428,0.000000000000,0.000000000000,0.000078722314,0.000000000000,0.000000000000,0.000080655818,0.000000000000,0.000000000000,0.000064903280,0.000000000000,0.000000000000,0.000070784685,0.000000000000,0.000000000000,0.000070794894,0.000000000000,0.000000000000,0.000044363085,0.000000000000,0.000000000000,0.000049953971,0.000000000000,0.000000000000,0.000050014614
679,0.000000000000,0.000000000000,0.000136786026,0.000000000000,0.000000000000,0.000138630909,0.000000000000,0.000000000000,0.000139860830,0.000000000000,0.000000000000,0.000100371458,0.000000000000,0.000000000000,0.000099652056,0.000000000000,0.000000000000,0.000099423183,0.000000000000,0.000000000000,0.000072302428,0.000000000000,0.000000000000,0.000078722314,0.000000000000,0.000000000000,0.000080655818,0.000000000000,0.000000000000,0.000064903280,0.000000000000,0.000000000000,0.000070784685,0.000000000000,0.000000000000,0.000070794894,0.000000000000,0.000000000000,0.000044363085,0.000000000000,0.000000000000,0.000050026245,0.000000000000,0.000000000000,0.000050014614
680,0.000000000000,0.000000000000,0.000136786026,0.000000000000,0.000000000000,0.000138630909,0.000000000000,0.000000000000,0.000139860830,0.000000000000,0.000000000000,0.000100371458,0.000000000000,0.000000000000,0.000099652056,0.000000000000,0.000000000000,0.000099423183,0.000000000000,0.000000000000,0.000072302428,0.000000000000,0.000000000000,0.000078722314,0.000000000000,0.000000000000,0.000080655818,0.000000000000,0.000000000000,0.000064903280,0.000000000000,0.000000000000,0.000070784685,0.000000000000,0.000000000000,0.000070794894,0.000000000000,0.000000000000,0.000044394786,0.000000000000,0.000000000000,0.000050078054,0.000000000000,0.000000000000,0.000050014614
681,0.000000000000,0.000000000000,0.000136786026,0.000000000000,0.000000000000,0.000138630909,0.000000000000,0.000000000000,0.000139860830,0.000000000000,0.000000000000,0.000100371458,0.000000000000,0.000000000000,0.000099652056,0.000000000000,0.000000000000,0.000099423183,0.000000000000,0.000000000000,0.000072302428,0.000000000000,0.000000000000,0.000078722314,0.000000000000,0.000000000000,0.000080655818,0.000000000000,0.000000000000,0.000064934986,0.000000000000,0.000000000000,0.000070784685,0.000000000000,0.000000000000,0.000070794894,0.000000000000,0.000000000000,0.000044396322,0.000000000000,0.000000000000,0.000050078054,0.000000000000,0.000000000000,0.000050014614
682,0.000000000000,0.000000000000,0.000136786026,0.000000000000,0.000000000000,0.000138630909,0.000000000000,0.000000000000,0.000139860830,0.000000000000,0.000000000000,0.000100371458,0.000000000000,0.000000000000,0.000099652056,0.000000000000,0.000000000000,0.000099423183,0.000000000000,0.000000000000,0.000072302428,0.000000000000,0.000000000000,0.000078722314,0.000000000000,0.000000000000,0.000080655818,0.000000000000,0.000000000000,0.000064941519,0.000000000000,0.000000000000,0.000070784685,0.000000000000,0.000000000000,0.000070813118,0.000000000000,0.000000000000,0.000044396322,0.000000000000,0.000000000000,0.000050078054,0.000000000000,0.000000000000,0.000050014614
683,0.000000000000,0.000000000000,0.000136786026,0.000000000000,0.000000000000,0.000138630909,0.000000000000,0.000000000000,0.000139860830,0.000000000000,0.000000000000,0.000100371458,0.000000000000,0.000000000000,0.000099652056,0.000000000000,0.000000000000,0.000099423183,0.000000000000,0.000000000000,0.000072302428,0.000000000000,0.000000000000,0.000078722314,0.000000000000,0.000000000000,0.000080655818,0.000000000000,0.000000000000,0.000064941872,0.000000000000,0.000000000000,0.000070784685,0.000000000000,0.000000000000,0.000070813118,0.000000000000,0.000000000000,0.000044470351,0.000000000000,0.000000000000,0.000050078054,0.000000000000,0.000000000000,0.000050014614
684,0.000000000000,0.000000000000,0.000136786026,0.000000000000,0.000000000000,0.000138630909,0.000000000000,0.000000000000,0.000139860830,0.000000000000,0.000000000000,0.000100371458,0.000000000000,0.000000000000,0.000099652056,0.000000000000,0.000000000000,0.000099423183,0.000000000000,0.000000000000,0.000072302428,0.000000000000,0.000000000000,0.000078722314,0.000000000000,0.000000000000,0.000080655818,0.000000000000,0.000000000000,0.000064963057,0.000000000000,0.000000000000,0.000070790492,0.000000000000,0.000000000000,0.000070813118,0.000000000000,0.000000000000,0.000044504951,0.000000000000,0.000000000000,0.000050298953,0.000000000000,0.000000000000,0.000050014614
685,0.000000000000,0.000000000000,0.000136786026,0.000000000000,0.000000000000,0.000138630909,0.000000000000,0.000000000000,0.000139860830,0.000000000000,0.000000000000,0.000100371458,0.000000000000,0.000000000000,0.000099652056,0.000000000000,0.000000000000,0.000099423183,0.000000000000,0.000000000000,0.000072302428,0.000000000000,0.000000000000,0.000078722314,0.000000000000,0.000000000000,0.000080655818,0.000000000000,0.000000000000,0.000064963057,0.000000000000,0.000000000000,0.000070790492,0.000000000000,0.000000000000,0.000070813118,0.000000000000,0.000000000000,0.000044533724,0.000000000000,0.000000000000,0.000050320133,0.000000000000,0.000000000000,0.000050020723
686,0.000000000000,0.000000000000,0.000136786026,0.000000000000,0.000000000000,0.000138630909,0.000000000000,0.000000000000,0.000139860830,0.000000000000,0.000000000000,0.000100371458,0.000000000000,0.000000000000,0.000099652056,0.000000000000,0.000000000000,0.000099423183,0.000000000000,0.000000000000,0.000072302428,0.000000000000,0.000000000000,0.000078722314,0.000000000000,0.000000000000,0.000080655818,0.000000000000,0.000000000000,0.000064995095,0.000000000000,0.000000000000,0.000070790492,0.000000000000,0.000000000000,0.000070890521,0.000000000000,0.000000000000,0.000044533724,0.000000000000,0.000000000000,0.000050320133,0.000000000000,0.000000000000,0.000050177093
687,0.000000000000,0.000000000000,0.000136786026,0.000000000000,0.000000000000,0.000138630909,0.000000000000,0.000000000000,0.000139860830,0.000000000000,0.000000000000,0.000100371458,0.000000000000,0.000000000000,0.000099652056,0.000000000000,0.000000000000,0.000099423183,0.000000000000,0.000000000000,0.000072302428,0.000000000000,0.000000000000,0.000078722314,0.000000000000,0.000000000000,0.000080655818,0.000000000000,0.000000000000,0.000064995095,0.000000000000,0.000000000000,0.000070790492,0.000000000000,0.000000000000,0.000070890521,0.000000000000,0.000000000000,0.000044534827,0.000000000000,0.000000000000,0.000050398238,0.000000000000,0.000000000000,0.000050177093
688,0.000000000000,0.000000000000,0.000136786026,0.000000000000,0.000000000000,0.000138630909,0.000000000000,0.000000000000,0.000139860830,0.000000000000,0.000000000000,0.000100371458,0.000000000000,0.000000000000,0.000099652056,0.000000000000,0.000000000000,0.000099423183,0.000000000000,0.000000000000,0.000072302428,0.000000000000,0.000000000000,0.000078722314,0.000000000000,0.000000000000,0.000080655818,0.000000000000,0.000000000000,0.000065243070,0.000000000000,0.000000000000,0.000070790492,0.000000000000,0.000000000000,0.000070890521,0.000000000000,0.000000000000,0.000044534827,0.000000000000,0.000000000000,0.000050398238,0.000000000000,0.000000000000,0.000050177093
689,0.000000000000,0.000000000000,0.000136786026,0.000000000000,0.000000000000,0.000138630909,0.000000000000,0.000000000000,0.000139860830,0.000000000000,0.000000000000,0.000100371458,0.000000000000,0.000000000000,0.000099652056,0.000000000000,0.000000000000,0.000099423183,0.000000000000,0.000000000000,0.000072359634,0.000000000000,0.000000000000,0.000078722314,0.000000000000,0.000000000000,0.000080655818,0.000000000000,0.000000000000,0.000065243070,0.000000000000,0.000000000000,0.000070790492,0.000000000000,0.000000000000,0.000070890521,0.000000000000,0.000000000000,0.000044544393,0.000000000000,0.000000000000,0.000050413330,0.000000000000,0.000000000000,0.000050177093
690,0.000000000000,0.000000000000,0.000136786026,0.000000000000,0.000000000000,0.000138630909,0.000000000000,0.000000000000,0.000139860830,0.000000000000,0.000000000000,0.000100371458,0.000000000000,0.000000000000,0.000099652056,0.000000000000,0.000000000000,0.000099423183,0.000000000000,0.000000000000,0.000072359634,0.000000000000,0.000000000000,0.000078722314,0.000000000000,0.000000000000,0.000080655818,0.000000000000,0.000000000000,0.000065305833,0.000000000000,0.000000000000,0.000070801101,0.000000000000,0.000000000000,0.000070890521,0.000000000000,0.000000000000,0.000044544393,0.000000000000,0.000000000000,0.000050413330,0.000000000000,0.000000000000,0.000050192469
691,0.000000000000,0.000000000000,0.000136786026,0.000000000000,0.000000000000,0.000138630909,0.000000000000,0.000000000000,0.000139860830,0.000000000000,0.000000000000,0.000100371458,0.000000000000,0.000000000000,0.000099652056,0.000000000000,0.000000000000,0.000099423183,0.000000000000,0.000000000000,0.000072359634,0.000000000000,0.000000000000,0.000078863948,0.000000000000,0.000000000000,0.000080655818,0.000000000000,0.000000000000,0.000065305833,0.000000000000,0.000000000000,0.000070889174,0.000000000000,0.000000000000,0.000070908451,0.000000000000,0.000000000000,0.000044544393,0.000000000000,0.000000000000,0.000050413330,0.000000000000,0.000000000000,0.000050306454
692,0.000000000000,0.000000000000,0.000136786026,0.000000000000,0.000000000000,0.000138630909,0.000000000000,0.000000000000,0.000139860830,0.000000000000,0.000000000000,0.000100371458,0.000000000000,0.000000000000,0.000099652056,0.000000000000,0.000000000000,0.000099423183,0.000000000000,0.000000000000,0.000072359634,0.000000000000,0.000000000000,0.000078863948,0.000000000000,0.000000000000,0.000080655818,0.000000000000,0.000000000000,0.000065361281,0.000000000000,0.000000000000,0.000070889174,0.000000000000,0.000000000000,0.000070908451,0.000000000000,0.000000000000,0.000044544393,0.000000000000,0.000000000000,0.000050413330,0.000000000000,0.000000000000,0.000050306454
693,0.000000000000,0.000000000000,0.000136786026,0.000000000000,0.000000000000,0.000138630909,0.000000000000,0.000000000000,0.000139860830,0.000000000000,0.000000000000,0.000100371458,0.000000000000,0.000000000000,0.000099652056,0.000000000000,0.000000000000,0.000099423183,0.000000000000,0.000000000000,0.000072359634,0.000000000000,0.000000000000,0.000078863948,0.000000000000,0.000000000000,0.000080655818,0.000000000000,0.000000000000,0.000065361281,0.000000000000,0.000000000000,0.000070889174,0.000000000000,0.000000000000,0.000070911264,0.000000000000,0.000000000000,0.000044544393,0.000000000000,0.000000000000,0.000050442759,0.000000000000,0.000000000000,0.000050306454
694,0.000000000000,0.000000000000,0.000136786026,0.000000000000,0.000000000000,0.000138630909,0.000000000000,0.000000000000,0.000139860830,0.000000000000,0.000000000000,0.000100371458,0.000000000000,0.000000000000,0.000099652056,0.000000000000,0.000000000000,0.000099423183,0.000000000000,0.000000000000,0.000072359634,0.000000000000,0.000000000000,0.000078863948,0.000000000000,0.000000000000,0.000080655818,0.000000000000,0.000000000000,0.000065361281,0.000000000000,0.000000000000,0.000070889174,0.000000000000,0.000000000000,0.000071022615,0.000000000000,0.000000000000,0.000044544393,0.000000000000,0.000000000000,0.000050496795,0.000000000000,0.000000000000,0.000050306454
695,0.000000000000,0.000000000000,0.000136786026,0.000000000000,0.000000000000,0.000138630909,0.000000000000,0.000000000000,0.000139860830,0.000000000000,0.000000000000,0.000100371458,0.000000000000,0.000000000000,0.000099652056,0.000000000000,0.000000000000,0.000099423183,0.000000000000,0.000000000000,0.000072359634,0.000000000000,0.000000000000,0.000079441500,0.000000000000,0.000000000000,0.000080655818,0.000000000000,0.000000000000,0.000065361281,0.000000000000,0.000000000000,0.000070889174,0.000000000000,0.000000000000,0.000071022615,0.000000000000,0.000000000000,0.000044544393,0.000000000000,0.000000000000,0.000050558302,0.000000000000,0.000000000000,0.000050306454
696,0.000000000000,0.000000000000,0.000136786026,0.000000000000,0.000000000000,0.000138630909,0.000000000000,0.000000000000,0.000139860830,0.000000000000,0.000000000000,0.000100371458,0.000000000000,0.000000000000,0.000099652056,0.000000000000,0.000000000000,0.000099423183,0.000000000000,0.000000000000,0.000072359634,0.000000000000,0.000000000000,0.000079441500,0.000000000000,0.000000000000,0.000080655818,0.000000000000,0.000000000000,0.000065373652,0.000000000000,0.000000000000,0.000070937145,0.000000000000,0.000000000000,0.000071022615,0.000000000000,0.000000000000,0.000044599991,0.000000000000,0.000000000000,0.000050558302,0.000000000000,0.000000000000,0.000050306454
697,0.000000000000,0.000000000000,0.000136786026,0.000000000000,0.000000000000,0.000138630909,0.000000000000,0.000000000000,0.000139860830,0.000000000000,0.000000000000,0.000100371458,0.000000000000,0.000000000000,0.000099652056,0.000000000000,0.000000000000,0.000099423183,0.000000000000,0.000000000000,0.000072359634,0.000000000000,0.000000000000,0.000079441500,0.000000000000,0.000000000000,0.000080655818,0.000000000000,0.000000000000,0.000065442817,0.000000000000,0.000000000000,0.000070937145,0.000000000000,0.000000000000,0.000071022615,0.000000000000,0.000000000000,0.000044635346,0.000000000000,0.000000000000,0.000050558302,0.000000000000,0.000000000000,0.000050306454
698,0.000000000000,0.000000000000,0.000136786026,0.000000000000,0.000000000000,0.000138630909,0.000000000000,0.000000000000,0.000139860830,0.000000000000,0.000000000000,0.000100371458,0.000000000000,0.000000000000,0.000099652056,0.000000000000,0.000000000000,0.000099423183,0.000000000000,0.000000000000,0.000072359634,0.000000000000,0.000000000000,0.000079441500,0.000000000000,0.000000000000,0.000080655818,0.000000000000,0.000000000000,0.000065442817,0.000000000000,0.000000000000,0.000070937145,0.000000000000,0.000000000000,0.000071022615,0.000000000000,0.000000000000,0.000044635346,0.000000000000,0.000000000000,0.000050558302,0.000000000000,0.000000000000,0.000050306454
699,0.000000000000,0.000000000000,0.000136786026,0.000000000000,0.000000000000,0.000138630909,0.000000000000,0.000000000000,0.000139860830,0.000000000000,0.000000000000,0.000100371458,0.000000000000,0.000000000000,0.000099652056,0.000000000000,0.000000000000,0.000099423183,0.000000000000,0.000000000000,0.000072359634,0.000000000000,0.000000000000,0.000079441500,0.000000000000,0.000000000000,0.000080655818,0.000000000000,0.000000000000,0.000065442817,0.000000000000,0.000000000000,0.000070937145,0.000000000000,0.000000000000,0.000071028258,0.000000000000,0.000000000000,0.000044635346,0.000000000000,0.000000000000,0.000050558302,0.000000000000,0.000000000000,0.000050306454
700,0.000000000000,0.000000000000,0.000136786026,0.000000000000,0.000000000000,0.000138630909,0.000000000000,0.000000000000,0.000139860830,0.000000000000,0.000000000000,0.000100371458,0.000000000000,0.000000000000,0.000099652056,0.000000000000,0.000000000000,0.000099423183,0.000000000000,0.000000000000,0.000072359634,0.000000000000,0.000000000000,0.000079441500,0.000000000000,0.000000000000,0.000080655818,0.000000000000,0.000000000000,0.000065442817,0.000000000000,0.000000000000,0.000070937145,0.000000000000,0.000000000000,0.000071071981,0.000000000000,0.000000000000,0.000044638925,0.000000000000,0.000000000000,0.000050558302,0.000000000000,0.000000000000,0.000050306454
701,0.000000000000,0.000000000000,0.000136786026,0.000000000000,0.000000000000,0.000138630909,0.000000000000,0.000000000000,0.000139860830,0.000000000000,0.000000000000,0.000100371458,0.000000000000,0.000000000000,0.000099652056,0.000000000000,0.000000000000,0.000099423183,0.000000000000,0.000000000000,0.000072367439,0.000000000000,0.000000000000,0.000079441500,0.000000000000,0.000000000000,0.000080655818,0.000000000000,0.000000000000,0.000065442817,0.000000000000,0.000000000000,0.000070937145,0.000000000000,0.000000000000,0.000071077774,0.000000000000,0.000000000000,0.000044638925,0.000000000000,0.000000000000,0.000050558302,0.000000000000,0.000000000000,0.000050306454
702,0.000000000000,0.000000000000,0.000136786026,0.000000000000,0.000000000000,0.000138630909,0.000000000000,0.000000000000,0.000139860830,0.000000000000,0.000000000000,0.000100371458,0.000000000000,0.000000000000,0.000099652056,0.000000000000,0.000000000000,0.000099423183,0.000000000000,0.000000000000,0.000072367439,0.000000000000,0.000000000000,0.000079441500,0.000000000000,0.000000000000,0.000080655818,0.000000000000,0.000000000000,0.000065442817,0.000000000000,0.000000000000,0.000070937145,0.000000000000,0.000000000000,0.000071146708,0.000000000000,0.000000000000,0.000044651153,0.000000000000,0.000000000000,0.000050558302,0.000000000000,0.000000000000,0.000050306454
703,0.000000000000,0.000000000000,0.000136786026,0.000000000000,0.000000000000,0.000138630909,0.000000000000,0.000000000000,0.000139860830,0.000000000000,0.000000000000,0.000100371458,0.000000000000,0.000000000000,0.000099652056,0.000000000000,0.000000000000,0.000099423183,0.000000000000,0.000000000000,0.000072367439,0.000000000000,0.000000000000,0.000079441500,0.000000000000,0.000000000000,0.000080655818,0.000000000000,0.000000000000,0.000065442817,0.000000000000,0.000000000000,0.000070937145,0.000000000000,0.000000000000,0.000071251241,0.000000000000,0.000000000000,0.000044669372,0.000000000000,0.000000000000,0.000050558302,0.000000000000,0.000000000000,0.000050306454
704,0.000000000000,0.000000000000,0.000136786026,0.000000000000,0.000000000000,0.000138630909,0.000000000000,0.000000000000,0.000139860830,0.000000000000,0.000000000000,0.000100371458,0.000000000000,0.000000000000,0.000099652056,0.000000000000,0.000000000000,0.000099423183,0.000000000000,0.000000000000,0.000072367439,0.000000000000,0.000000000000,0.000079441500,0.000000000000,0.000000000000,0.000080655818,0.000000000000,0.000000000000,0.000065442817,0.000000000000,0.000000000000,0.000070993524,0.000000000000,0.000000000000,0.000071251241,0.000000000000,0.000000000000,0.000044669372,0.000000000000,0.000000000000,0.000050558302,0.000000000000,0.000000000000,0.000050306454
705,0.000000000000,0.000000000000,0.000136786026,0.000000000000,0.000000000000,0.000138630909,0.000000000000,0.000000000000,0.000139860830,0.000000000000,0.000000000000,0.000100371458,0.000000000000,0.000000000000,0.000099652056,0.000000000000,0.000000000000,0.000099423183,0.000000000000,0.000000000000,0.000072367439,0.000000000000,0.000000000000,0.000079441500,0.000000000000,0.000000000000,0.000080655818,0.000000000000,0.000000000000,0.000065460556,0.000000000000,0.000000000000,0.000070993524,0.000000000000,0.000000000000,0.000071254157,0.000000000000,0.000000000000,0.000044669372,0.000000000000,0.000000000000,0.000050558302,0.000000000000,0.000000000000,0.000050306454
706,0.000000000000,0.000000000000,0.000136786026,0.000000000000,0.000000000000,0.000138630909,0.000000000000,0.000000000000,0.000139860830,0.000000000000,0.000000000000,0.000100371458,0.000000000000,0.000000000000,0.000099701811,0.000000000000,0.000000000000,0.000099423183,0.000000000000,0.000000000000,0.000072367439,0.000000000000,0.000000000000,0.000079441500,0.000000000000,0.000000000000,0.000080655818,0.000000000000,0.000000000000,0.000065460556,0.000000000000,0.000000000000,0.000070993524,0.000000000000,0.000000000000,0.000071254157,0.000000000000,0.000000000000,0.000044670975,0.000000000000,0.000000000000,0.000050558302,0.000000000000,0.000000000000,0.000050316680
707,0.000000000000,0.000000000000,0.000136786026,0.000000000000,0.000000000000,0.000138630909,0.000000000000,0.000000000000,0.000139860830,0.000000000000,0.000000000000,0.000100371458,0.000000000000,0.000000000000,0.000099701811,0.000000000000,0.000000000000,0.000099423183,0.000000000000,0.000000000000,0.000072694075,0.000000000000,0.000000000000,0.000079441500,0.000000000000,0.000000000000,0.000080655818,0.000000000000,0.000000000000,0.000065463293,0.000000000000,0.000000000000,0.000070993524,0.000000000000,0.000000000000,0.000071477256,0.000000000000,0.000000000000,0.000044672168,0.000000000000,0.000000000000,0.000050558302,0.000000000000,0.000000000000,0.000050356610
708,0.000000000000,0.000000000000,0.000136786026,0.000000000000,0.000000000000,0.000138630909,0.000000000000,0.000000000000,0.000139860830,0.000000000000,0.000000000000,0.000100371458,0.000000000000,0.000000000000,0.000099701811,0.000000000000,0.000000000000,0.000099423183,0.000000000000,0.000000000000,0.000072694075,0.000000000000,0.000000000000,0.000079441500,0.000000000000,0.000000000000,0.000080655818,0.000000000000,0.000000000000,0.000065463293,0.000000000000,0.000000000000,0.000070993524,0.000000000000,0.000000000000,0.000071487573,0.000000000000,0.000000000000,0.000044764753,0.000000000000,0.000000000000,0.000050590468,0.000000000000,0.000000000000,0.000050356610
709,0.000000000000,0.000000000000,0.000136786026,0.000000000000,0.000000000000,0.000138630909,0.000000000000,0.000000000000,0.000139860830,0.000000000000,0.000000000000,0.000100371458,0.000000000000,0.000000000000,0.000099701811,0.000000000000,0.000000000000,0.000099423183,0.000000000000,0.000000000000,0.000072829698,0.000000000000,0.000000000000,0.000079441500,0.000000000000,0.000000000000,0.000080655818,0.000000000000,0.000000000000,0.000065463293,0.000000000000,0.000000000000,0.000071016030,0.000000000000,0.000000000000,0.000071487573,0.000000000000,0.000000000000,0.000044764753,0.000000000000,0.000000000000,0.000050590468,0.000000000000,0.000000000000,0.000050356610
710,0.000000000000,0.000000000000,0.000136786026,0.000000000000,0.000000000000,0.000138630909,0.000000000000,0.000000000000,0.000139860830,0.000000000000,0.000000000000,0.000100371458,0.000000000000,0.000000000000,0.000099701811,0.000000000000,0.000000000000,0.000099423183,0.000000000000,0.000000000000,0.000072829698,0.000000000000,0.000000000000,0.000079441500,0.000000000000,0.000000000000,0.000080655818,0.000000000000,0.000000000000,0.000065463293,0.000000000000,0.000000000000,0.000071016030,0.000000000000,0.000000000000,0.000071487573,0.000000000000,0.000000000000,0.000044764753,0.000000000000,0.000000000000,0.000050665631,0.000000000000,0.000000000000,0.000050434884
711,0.000000000000,0.000000000000,0.000136786026,0.000000000000,0.000000000000,0.000138630909,0.000000000000,0.000000000000,0.000139860830,0.000000000000,0.000000000000,0.000100371458,0.000000000000,0.000000000000,0.000099701811,0.000000000000,0.000000000000,0.000099423183,0.000000000000,0.000000000000,0.000072829698,0.000000000000,0.000000000000,0.000079441500,0.000000000000,0.000000000000,0.000080655818,0.000000000000,0.000000000000,0.000065463293,0.000000000000,0.000000000000,0.000071016030,0.000000000000,0.000000000000,0.000071487573,0.000000000000,0.000000000000,0.000044788683,0.000000000000,0.000000000000,0.000050820701,0.000000000000,0.000000000000,0.000050438006
712,0.000000000000,0.000000000000,0.000136786026,0.000000000000,0.000000000000,0.000138630909,0.000000000000,0.000000000000,0.000139860830,0.000000000000,0.000000000000,0.000100371458,0.000000000000,0.000000000000,0.000099701811,0.000000000000,0.000000000000,0.000099423183,0.000000000000,0.000000000000,0.000072829698,0.000000000000,0.000000000000,0.000079441500,0.000000000000,0.000000000000,0.000080655818,0.000000000000,0.000000000000,0.000065463293,0.000000000000,0.000000000000,0.000071016030,0.000000000000,0.000000000000,0.000071487573,0.000000000000,0.000000000000,0.000044788683,0.000000000000,0.000000000000,0.000050943806,0.000000000000,0.000000000000,0.000050439718
713,0.000000000000,0.000000000000,0.000136786026,0.000000000000,0.000000000000,0.000138630909,0.000000000000,0.000000000000,0.000139860830,0.000000000000,0.000000000000,0.000100371458,0.000000000000,0.000000000000,0.000099701811,0.000000000000,0.000000000000,0.000099423183,0.000000000000,0.000000000000,0.000072856345,0.000000000000,0.000000000000,0.000079441500,0.000000000000,0.000000000000,0.000080655818,0.000000000000,0.000000000000,0.000065463293,0.000000000000,0.000000000000,0.000071016030,0.000000000000,0.000000000000,0.000071487573,0.000000000000,0.000000000000,0.000044788683,0.000000000000,0.000000000000,0.000050943806,0.000000000000,0.000000000000,0.000050439718
714,0.000000000000,0.000000000000,0.000136786026,0.000000000000,0.000000000000,0.000138630909,0.000000000000,0.000000000000,0.000139860830,0.000000000000,0.000000000000,0.000100371458,0.000000000000,0.000000000000,0.000099701811,0.000000000000,0.000000000000,0.000099423183,0.000000000000,0.000000000000,0.000072856345,0.000000000000,0.000000000000,0.000079441500,0.000000000000,0.000000000000,0.000080655818,0.000000000000,0.000000000000,0.000065463293,0.000000000000,0.000000000000,0.000071016030,0.000000000000,0.000000000000,0.000071487573,0.000000000000,0.000000000000,0.000044788683,0.000000000000,0.000000000000,0.000050943806,0.000000000000,0.000000000000,0.000050439718
715,0.000000000000,0.000000000000,0.000136786026,0.000000000000,0.000000000000,0.000138630909,0.000000000000,0.000000000000,0.000139860830,0.000000000000,0.000000000000,0.000100371458,0.000000000000,0.000000000000,0.000099701811,0.000000000000,0.000000000000,0.000099423183,0.000000000000,0.000000000000,0.000072856345,0.000000000000,0.000000000000,0.000079441500,0.000000000000,0.000000000000,0.000080665556,0.000000000000,0.000000000000,0.000065463293,0.000000000000,0.000000000000,0.000071016030,0.000000000000,0.000000000000,0.000071487573,0.000000000000,0.000000000000,0.000044797040,0.000000000000,0.000000000000,0.000050943806,0.000000000000,0.000000000000,0.000050439718
716,0.000000000000,0.000000000000,0.000136786026,0.000000000000,0.000000000000,0.000138630909,0.000000000000,0.000000000000,0.000139860830,0.000000000000,0.000000000000,0.000100371458,0.000000000000,0.000000000000,0.000099701811,0.000000000000,0.000000000000,0.000099423183,0.000000000000,0.000000000000,0.000072921611,0.000000000000,0.000000000000,0.000079441500,0.000000000000,0.000000000000,0.000080665556,0.000000000000,0.000000000000,0.000065463293,0.000000000000,0.000000000000,0.000071051375,0.000000000000,0.000000000000,0.000071487573,0.000000000000,0.000000000000,0.000044797040,0.000000000000,0.000000000000,0.000050947010,0.000000000000,0.000000000000,0.000050439718
717,0.000000000000,0.000000000000,0.000136786026,0.000000000000,0.000000000000,0.000138630909,0.000000000000,0.000000000000,0.000139860830,0.000000000000,0.000000000000,0.000100371458,0.000000000000,0.000000000000,0.000099701811,0.000000000000,0.000000000000,0.000099423183,0.000000000000,0.000000000000,0.000072921611,0.000000000000,0.000000000000,0.000079441500,0.000000000000,0.000000000000,0.000080665556,0.000000000000,0.000000000000,0.000065463293,0.000000000000,0.000000000000,0.000071051375,0.000000000000,0.000000000000,0.000071487573,0.000000000000,0.000000000000,0.000044797040,0.000000000000,0.000000000000,0.000050947010,0.000000000000,0.000000000000,0.000050439718
718,0.000000000000,0.000000000000,0.000136786026,0.000000000000,0.000000000000,0.000138630909,0.000000000000,0.000000000000,0.000139860830,0.000000000000,0.000000000000,0.000100371458,0.000000000000,0.000000000000,0.000099701811,0.000000000000,0.000000000000,0.000099423183,0.000000000000,0.000000000000,0.000072921767,0.000000000000,0.000000000000,0.000079441500,0.000000000000,0.000000000000,0.000080665556,0.000000000000,0.000000000000,0.000065463293,0.000000000000,0.000000000000,0.000071051375,0.000000000000,0.000000000000,0.000071487573,0.000000000000,0.000000000000,0.000044797040,0.000000000000,0.000000000000,0.000050947010,0.000000000000,0.000000000000,0.000050439718
719,0.000000000000,0.000000000000,0.000136786026,0.000000000000,0.000000000000,0.000138630909,0.000000000000,0.000000000000,0.000139860830,0.000000000000,0.000000000000,0.000100371458,0.000000000000,0.000000000000,0.000099701811,0.000000000000,0.000000000000,0.000099423183,0.000000000000,0.000000000000,0.000072922215,0.000000000000,0.000000000000,0.000079441500,0.000000000000,0.000000000000,0.000080665556,0.000000000000,0.000000000000,0.000065472445,0.000000000000,0.000000000000,0.000071051375,0.000000000000,0.000000000000,0.000071487573,0.000000000000,0.000000000000,0.000044797040,0.000000000000,0.000000000000,0.000050947010,0.000000000000,0.000000000000,0.000050442398
720,0.000000000000,0.000000000000,0.000136786026,0.000000000000,0.000000000000,0.000138630909,0.000000000000,0.000000000000,0.000139860830,0.000000000000,0.000000000000,0.000100371458,0.000000000000,0.000000000000,0.000099701811,0.000000000000,0.000000000000,0.000099423183,0.000000000000,0.000000000000,0.000072922215,0.000000000000,0.000000000000,0.000079441500,0.000000000000,0.000000000000,0.000080665556,0.000000000000,0.000000000000,0.000065487494,0.000000000000,0.000000000000,0.000071051375,0.000000000000,0.000000000000,0.000071487573,0.000000000000,0.000000000000,0.000044840810,0.000000000000,0.000000000000,0.000050948471,0.000000000000,0.000000000000,0.000050442398
721,0.000000000000,0.000000000000,0.000136786026,0.000000000000,0.000000000000,0.000138630909,0.000000000000,0.000000000000,0.000139860830,0.000000000000,0.000000000000,0.000100371458,0.000000000000,0.000000000000,0.000099701811,0.000000000000,0.000000000000,0.000099423183,0.000000000000,0.000000000000,0.000072922215,0.000000000000,0.000000000000,0.000079441500,0.000000000000,0.000000000000,0.000080665556,0.000000000000,0.000000000000,0.000065487494,0.000000000000,0.000000000000,0.000071051375,0.000000000000,0.000000000000,0.000071487573,0.000000000000,0.000000000000,0.000044840810,0.000000000000,0.000000000000,0.000050948471,0.000000000000,0.000000000000,0.000050442398
722,0.000000000000,0.000000000000,0.000136786026,0.000000000000,0.000000000000,0.000138630909,0.000000000000,0.000000000000,0.000139860830,0.000000000000,0.000000000000,0.000100371458,0.000000000000,0.000000000000,0.000099701811,0.000000000000,0.000000000000,0.000099423183,0.000000000000,0.000000000000,0.000072922215,0.000000000000,0.000000000000,0.000079441500,0.000000000000,0.000000000000,0.000080665556,0.000000000000,0.000000000000,0.000065487494,0.000000000000,0.000000000000,0.000071051375,0.000000000000,0.000000000000,0.000071542584,0.000000000000,0.000000000000,0.000044840810,0.000000000000,0.000000000000,0.000050948471,0.000000000000,0.000000000000,0.000050444113
723,0.000000000000,0.000000000000,0.000136786026,0.000000000000,0.000000000000,0.000138630909,0.000000000000,0.000000000000,0.000139860830,0.000000000000,0.000000000000,0.000100371458,0.000000000000,0.000000000000,0.000099701811,0.000000000000,0.000000000000,0.000099423183,0.000000000000,0.000000000000,0.000072922215,0.000000000000,0.000000000000,0.000079441500,0.000000000000,0.000000000000,0.000080665556,0.000000000000,0.000000000000,0.000065490004,0.000000000000,0.000000000000,0.000071051375,0.000000000000,0.000000000000,0.000071542584,0.000000000000,0.000000000000,0.000044840810,0.000000000000,0.000000000000,0.000050983531,0.000000000000,0.000000000000,0.000050444113
724,0.000000000000,0.000000000000,0.000136786026,0.000000000000,0.000000000000,0.000138630909,0.000000000000,0.000000000000,0.000139860830,0.000000000000,0.000000000000,0.000100371458,0.000000000000,0.000000000000,0.000099701811,0.000000000000,0.000000000000,0.000099423183,0.000000000000,0.000000000000,0.000072922215,0.000000000000,0.000000000000,0.000079441500,0.000000000000,0.000000000000,0.000080665556,0.000000000000,0.000000000000,0.000065490004,0.000000000000,0.000000000000,0.000071051375,0.000000000000,0.000000000000,0.000071542584,0.000000000000,0.000000000000,0.000044902076,0.000000000000,0.000000000000,0.000050983531,0.000000000000,0.000000000000,0.000050444113
725,0.000000000000,0.000000000000,0.000136786026,0.000000000000,0.000000000000,0.000138630909,0.000000000000,0.000000000000,0.000139860830,0.000000000000,0.000000000000,0.000100390938,0.000000000000,0.000000000000,0.000099701811,0.000000000000,0.000000000000,0.000099423183,0.000000000000,0.000000000000,0.000072922215,0.000000000000,0.000000000000,0.000079441500,0.000000000000,0.000000000000,0.000080665556,0.000000000000,0.000000000000,0.000065490004,0.000000000000,0.000000000000,0.000071051375,0.000000000000,0.000000000000,0.000071565492,0.000000000000,0.000000000000,0.000044902076,0.000000000000,0.000000000000,0.000050983531,0.000000000000,0.000000000000,0.000050444113
726,0.000000000000,0.000000000000,0.000136786026,0.000000000000,0.000000000000,0.000138630909,0.000000000000,0.000000000000,0.000139860830,0.000000000000,0.000000000000,0.000100390938,0.000000000000,0.000000000000,0.000099701811,0.000000000000,0.000000000000,0.000099423183,0.000000000000,0.000000000000,0.000072922215,0.000000000000,0.000000000000,0.000079441500,0.000000000000,0.000000000000,0.000080665556,0.000000000000,0.000000000000,0.000065517396,0.000000000000,0.000000000000,0.000071140268,0.000000000000,0.000000000000,0.000071565492,0.000000000000,0.000000000000,0.000044902076,0.000000000000,0.000000000000,0.000050983531,0.000000000000,0.000000000000,0.000050444113
727,0.000000000000,0.000000000000,0.000136786026,0.000000000000,0.000000000000,0.000138630909,0.000000000000,0.000000000000,0.000139860830,0.000000000000,0.000000000000,0.000100390938,0.000000000000,0.000000000000,0.000099701811,0.000000000000,0.000000000000,0.000099423183,0.000000000000,0.000000000000,0.000072922215,0.000000000000,0.000000000000,0.000079548443,0.000000000000,0.000000000000,0.000080665556,0.000000000000,0.000000000000,0.000065517396,0.000000000000,0.000000000000,0.000071140268,0.000000000000,0.000000000000,0.000071565492,0.000000000000,0.000000000000,0.000044902076,0.000000000000,0.000000000000,0.000050983531,0.000000000000,0.000000000000,0.000050444113
728,0.000000000000,0.000000000000,0.000136786026,0.000000000000,0.000000000000,0.000138630909,0.000000000000,0.000000000000,0.000139860830,0.000000000000,0.000000000000,0.000100390938,0.000000000000,0.000000000000,0.000099701811,0.000000000000,0.000000000000,0.000099423183,0.000000000000,0.000000000000,0.000072922215,0.000000000000,0.000000000000,0.000079548443,0.000000000000,0.000000000000,0.000080665556,0.000000000000,0.000000000000,0.000065517396,0.000000000000,0.000000000000,0.000071140268,0.000000000000,0.000000000000,0.000071565492,0.000000000000,0.000000000000,0.000044906614,0.000000000000,0.000000000000,0.000050983531,0.000000000000,0.000000000000,0.000050444113
729,0.000000000000,0.000000000000,0.000136786026,0.000000000000,0.000000000000,0.000138630909,0.000000000000,0.000000000000,0.000139860830,0.000000000000,0.000000000000,0.000100390938,0.000000000000,0.000000000000,0.000099701811,0.000000000000,0.000000000000,0.000099425103,0.000000000000,0.000000000000,0.000072922215,0.000000000000,0.000000000000,0.000079548443,0.000000000000,0.000000000000,0.000080665556,0.000000000000,0.000000000000,0.000065517396,0.000000000000,0.000000000000,0.000071140268,0.000000000000,0.000000000000,0.000071565492,0.000000000000,0.000000000000,0.000044906614,0.000000000000,0.000000000000,0.000050983531,0.000000000000,0.000000000000,0.000050516063
730,0.000000000000,0.000000000000,0.000136786026,0.000000000000,0.000000000000,0.000138630909,0.000000000000,0.000000000000,0.000139860830,0.000000000000,0.000000000000,0.000100390938,0.000000000000,0.000000000000,0.000099701811,0.000000000000,0.000000000000,0.000099425103,0.000000000000,0.000000000000,0.000072922215,0.000000000000,0.000000000000,0.000079548443,0.000000000000,0.000000000000,0.000080665556,0.000000000000,0.000000000000,0.000065517396,0.000000000000,0.000000000000,0.000071140268,0.000000000000,0.000000000000,0.000071606028,0.000000000000,0.000000000000,0.000044907735,0.000000000000,0.000000000000,0.000050983531,0.000000000000,0.000000000000,0.000050615256
731,0.000000000000,0.000000000000,0.000136818004,0.000000000000,0.000000000000,0.000138630909,0.000000000000,0.000000000000,0.000139860830,0.000000000000,0.000000000000,0.000100390938,0.000000000000,0.000000000000,0.000099701811,0.000000000000,0.000000000000,0.000099425103,0.000000000000,0.000000000000,0.000072922215,0.000000000000,0.000000000000,0.000079548443,0.000000000000,0.000000000000,0.000080665556,0.000000000000,0.000000000000,0.000065517396,0.000000000000,0.000000000000,0.000071140268,0.000000000000,0.000000000000,0.000071704979,0.000000000000,0.000000000000,0.000044907735,0.000000000000,0.000000000000,0.000050983531,0.000000000000,0.000000000000,0.000050615256
732,0.000000000000,0.000000000000,0.000136818004,0.000000000000,0.000000000000,0.000138630909,0.000000000000,0.000000000000,0.000139860830,0.000000000000,0.000000000000,0.000100390938,0.000000000000,0.000000000000,0.000099701811,0.000000000000,0.000000000000,0.000099425103,0.000000000000,0.000000000000,0.000072922215,0.000000000000,0.000000000000,0.000079548443,0.000000000000,0.000000000000,0.000080665556,0.000000000000,0.000000000000,0.000065517396,0.000000000000,0.000000000000,0.000071140268,0.000000000000,0.000000000000,0.000071704979,0.000000000000,0.000000000000,0.000044907735,0.000000000000,0.000000000000,0.000050983826,0.000000000000,0.000000000000,0.000050615256
733,0.000000000000,0.000000000000,0.000136818004,0.000000000000,0.000000000000,0.000138630909,0.000000000000,0.000000000000,0.000139860830,0.000000000000,0.000000000000,0.000100390938,0.000000000000,0.000000000000,0.000099701811,0.000000000000,0.000000000000,0.000099425103,0.000000000000,0.000000000000,0.000072948577,0.000000000000,0.000000000000,0.000079548443,0.000000000000,0.000000000000,0.000080665556,0.000000000000,0.000000000000,0.000065517396,0.000000000000,0.000000000000,0.000071140268,0.000000000000,0.000000000000,0.000071704979,0.000000000000,0.000000000000,0.000044927355,0.000000000000,0.000000000000,0.000050983826,0.000000000000,0.000000000000,0.000050615256
734,0.000000000000,0.000000000000,0.000136818004,0.000000000000,0.000000000000,0.000138630909,0.000000000000,0.000000000000,0.000139860830,0.000000000000,0.000000000000,0.000100390938,0.000000000000,0.000000000000,0.000099701811,0.000000000000,0.000000000000,0.000099425103,0.000000000000,0.000000000000,0.000072957355,0.000000000000,0.000000000000,0.000079548443,0.000000000000,0.000000000000,0.000080665556,0.000000000000,0.000000000000,0.000065517396,0.000000000000,0.000000000000,0.000071144881,0.000000000000,0.000000000000,0.000071704979,0.000000000000,0.000000000000,0.000044927355,0.000000000000,0.000000000000,0.000050983826,0.000000000000,0.000000000000,0.000050615256
735,0.000000000000,0.000000000000,0.000136818004,0.000000000000,0.000000000000,0.000138630909,0.000000000000,0.000000000000,0.000139860830,0.000000000000,0.000000000000,0.000100390938,0.000000000000,0.000000000000,0.000099701811,0.000000000000,0.000000000000,0.000099425103,0.000000000000,0.000000000000,0.000072957355,0.000000000000,0.000000000000,0.000079548443,0.000000000000,0.000000000000,0.000080665556,0.000000000000,0.000000000000,0.000065529892,0.000000000000,0.000000000000,0.000071144881,0.000000000000,0.000000000000,0.000071704979,0.000000000000,0.000000000000,0.000044927355,0.000000000000,0.000000000000,0.000050983826,0.000000000000,0.000000000000,0.000050615256
736,0.000000000000,0.000000000000,0.000136818004,0.000000000000,0.000000000000,0.000138630909,0.000000000000,0.000000000000,0.000139860830,0.000000000000,0.000000000000,0.000100390938,0.000000000000,0.000000000000,0.000099701811,0.000000000000,0.000000000000,0.000099425103,0.000000000000,0.000000000000,0.000073003196,0.000000000000,0.000000000000,0.000079548443,0.000000000000,0.000000000000,0.000080665556,0.000000000000,0.000000000000,0.000065529892,0.000000000000,0.000000000000,0.000071163601,0.000000000000,0.000000000000,0.000071704979,0.000000000000,0.000000000000,0.000044933362,0.000000000000,0.000000000000,0.000051008582,0.000000000000,0.000000000000,0.000050638901
737,0.000000000000,0.000000000000,0.000136818004,0.000000000000,0.000000000000,0.000138630909,0.000000000000,0.000000000000,0.000139860830,0.000000000000,0.000000000000,0.000100413518,0.000000000000,0.000000000000,0.000099701811,0.000000000000,0.000000000000,0.000099425103,0.000000000000,0.000000000000,0.000073003196,0.000000000000,0.000000000000,0.000079548443,0.000000000000,0.000000000000,0.000080665556,0.000000000000,0.000000000000,0.000065944901,0.000000000000,0.000000000000,0.000071163601,0.000000000000,0.000000000000,0.000071704979,0.000000000000,0.000000000000,0.000044933362,0.000000000000,0.000000000000,0.000051008582,0.000000000000,0.000000000000,0.000051163724
738,0.000000000000,0.000000000000,0.000136818004,0.000000000000,0.000000000000,0.000138630909,0.000000000000,0.000000000000,0.000139860830,0.000000000000,0.000000000000,0.000100413518,0.000000000000,0.000000000000,0.000099701811,0.000000000000,0.000000000000,0.000099425103,0.000000000000,0.000000000000,0.000073003196,0.000000000000,0.000000000000,0.000079548443,0.000000000000,0.000000000000,0.000080665556,0.000000000000,0.000000000000,0.000065944901,0.000000000000,0.000000000000,0.000071163601,0.000000000000,0.000000000000,0.000071755737,0.000000000000,0.000000000000,0.000044933362,0.000000000000,0.000000000000,0.000051028532,0.000000000000,0.000000000000,0.000051163724
739,0.000000000000,0.000000000000,0.000136818004,0.000000000000,0.000000000000,0.000138630909,0.000000000000,0.000000000000,0.000139860830,0.000000000000,0.000000000000,0.000100413518,0.000000000000,0.000000000000,0.000099701811,0.000000000000,0.000000000000,0.000099425103,0.000000000000,0.000000000000,0.000073003196,0.000000000000,0.000000000000,0.000079548443,0.000000000000,0.000000000000,0.000080665556,0.000000000000,0.000000000000,0.000065944901,0.000000000000,0.000000000000,0.000071201438,0.000000000000,0.000000000000,0.000071755737,0.000000000000,0.000000000000,0.000044946169,0.000000000000,0.000000000000,0.000051125738,0.000000000000,0.000000000000,0.000051163724
740,0.000000000000,0.000000000000,0.000136818004,0.000000000000,0.000000000000,0.000138630909,0.000000000000,0.000000000000,0.000139860830,0.000000000000,0.000000000000,0.000100413518,0.000000000000,0.000000000000,0.000099701811,0.000000000000,0.000000000000,0.000099425103,0.000000000000,0.000000000000,0.000073003196,0.000000000000,0.000000000000,0.000079548443,0.000000000000,0.000000000000,0.000080665556,0.000000000000,0.000000000000,0.000065944901,0.000000000000,0.000000000000,0.000071205680,0.000000000000,0.000000000000,0.000071755737,0.000000000000,0.000000000000,0.000044946169,0.000000000000,0.000000000000,0.000051129860,0.000000000000,0.000000000000,0.000051416330
741,0.000000000000,0.000000000000,0.000136818004,0.000000000000,0.000000000000,0.000138630909,0.000000000000,0.000000000000,0.000139860830,0.000000000000,0.000000000000,0.000100413518,0.000000000000,0.000000000000,0.000099701811,0.000000000000,0.000000000000,0.000099425103,0.000000000000,0.000000000000,0.000073003196,0.000000000000,0.000000000000,0.000079548443,0.000000000000,0.000000000000,0.000080665556,0.000000000000,0.000000000000,0.000065944901,0.000000000000,0.000000000000,0.000071205680,0.000000000000,0.000000000000,0.000071755737,0.000000000000,0.000000000000,0.000044963483,0.000000000000,0.000000000000,0.000051129860,0.000000000000,0.000000000000,0.000051416330
742,0.000000000000,0.000000000000,0.000136818004,0.000000000000,0.000000000000,0.000138630909,0.000000000000,0.000000000000,0.000139860830,0.000000000000,0.000000000000,0.000100413518,0.000000000000,0.000000000000,0.000099701811,0.000000000000,0.000000000000,0.000099425103,0.000000000000,0.000000000000,0.000073003196,0.000000000000,0.000000000000,0.000079548443,0.000000000000,0.000000000000,0.000080665556,0.000000000000,0.000000000000,0.000065944901,0.000000000000,0.000000000000,0.000071205680,0.000000000000,0.000000000000,0.000071755737,0.000000000000,0.000000000000,0.000044963483,0.000000000000,0.000000000000,0.000051129860,0.000000000000,0.000000000000,0.000051416330
743,0.000000000000,0.000000000000,0.000136818004,0.000000000000,0.000000000000,0.000138630909,0.000000000000,0.000000000000,0.000139860830,0.000000000000,0.000000000000,0.000100413518,0.000000000000,0.000000000000,0.000099701811,0.000000000000,0.000000000000,0.000099425103,0.000000000000,0.000000000000,0.000073003196,0.000000000000,0.000000000000,0.000079548443,0.000000000000,0.000000000000,0.000080665556,0.000000000000,0.000000000000,0.000065968091,0.000000000000,0.000000000000,0.000071205680,0.000000000000,0.000000000000,0.000071755737,0.000000000000,0.000000000000,0.000044963483,0.000000000000,0.000000000000,0.000051129860,0.000000000000,0.000000000000,0.000051468801
744,0.000000000000,0.000000000000,0.000136818004,0.000000000000,0.000000000000,0.000138630909,0.000000000000,0.000000000000,0.000139860830,0.000000000000,0.000000000000,0.000100413518,0.000000000000,0.000000000000,0.000099701811,0.000000000000,0.000000000000,0.000099425103,0.000000000000,0.000000000000,0.000073003196,0.000000000000,0.000000000000,0.000079548443,0.000000000000,0.000000000000,0.000080665556,0.000000000000,0.000000000000,0.000065968091,0.000000000000,0.000000000000,0.000071205680,0.000000000000,0.000000000000,0.000071755737,0.000000000000,0.000000000000,0.000044963483,0.000000000000,0.000000000000,0.000051129860,0.000000000000,0.000000000000,0.000051468801
745,0.000000000000,0.000000000000,0.000136818004,0.000000000000,0.000000000000,0.000138630909,0.000000000000,0.000000000000,0.000139860830,0.000000000000,0.000000000000,0.000100413518,0.000000000000,0.000000000000,0.000099701811,0.000000000000,0.000000000000,0.000099425103,0.000000000000,0.000000000000,0.000073051110,0.000000000000,0.000000000000,0.000079548443,0.000000000000,0.000000000000,0.000080665556,0.000000000000,0.000000000000,0.000065968091,0.000000000000,0.000000000000,0.000071253185,0.000000000000,0.000000000000,0.000071755737,0.000000000000,0.000000000000,0.000044963483,0.000000000000,0.000000000000,0.000051129860,0.000000000000,0.000000000000,0.000051485133
746,0.000000000000,0.000000000000,0.000136818004,0.000000000000,0.000000000000,0.000138630909,0.000000000000,0.000000000000,0.000139860830,0.000000000000,0.000000000000,0.000100413518,0.000000000000,0.000000000000,0.000099701811,0.000000000000,0.000000000000,0.000099425103,0.000000000000,0.000000000000,0.000073051110,0.000000000000,0.000000000000,0.000079548443,0.000000000000,0.000000000000,0.000080665556,0.000000000000,0.000000000000,0.000065968091,0.000000000000,0.000000000000,0.000071253185,0.000000000000,0.000000000000,0.000071755737,0.000000000000,0.000000000000,0.000044963483,0.000000000000,0.000000000000,0.000051129860,0.000000000000,0.000000000000,0.000051485133
747,0.000000000000,0.000000000000,0.000137400987,0.000000000000,0.000000000000,0.000138630909,0.000000000000,0.000000000000,0.000139860830,0.000000000000,0.000000000000,0.000100413518,0.000000000000,0.000000000000,0.000099701811,0.000000000000,0.000000000000,0.000099425103,0.000000000000,0.000000000000,0.000073107439,0.000000000000,0.000000000000,0.000079548443,0.000000000000,0.000000000000,0.000080665556,0.000000000000,0.000000000000,0.000066039304,0.000000000000,0.000000000000,0.000071253185,0.000000000000,0.000000000000,0.000071755737,0.000000000000,0.000000000000,0.000044963483,0.000000000000,0.000000000000,0.000051156046,0.000000000000,0.000000000000,0.000051530134
748,0.000000000000,0.000000000000,0.000137400987,0.000000000000,0.000000000000,0.000138630909,0.000000000000,0.000000000000,0.000139860830,0.000000000000,0.000000000000,0.000100413518,0.000000000000,0.000000000000,0.000099701811,0.000000000000,0.000000000000,0.000099425103,0.000000000000,0.000000000000,0.000073107439,0.000000000000,0.000000000000,0.000079548443,0.000000000000,0.000000000000,0.000080667651,0.000000000000,0.000000000000,0.000066039304,0.000000000000,0.000000000000,0.000071253185,0.000000000000,0.000000000000,0.000071755737,0.000000000000,0.000000000000,0.000044963483,0.000000000000,0.000000000000,0.000051156046,0.000000000000,0.000000000000,0.000051541624
749,0.000000000000,0.000000000000,0.000137400987,0.000000000000,0.000000000000,0.000138630909,0.000000000000,0.000000000000,0.000139860830,0.000000000000,0.000000000000,0.000100413518,0.000000000000,0.000000000000,0.000099701811,0.000000000000,0.000000000000,0.000099425103,0.000000000000,0.000000000000,0.000073107439,0.000000000000,0.000000000000,0.000079548443,0.000000000000,0.000000000000,0.000080667651,0.000000000000,0.000000000000,0.000066039304,0.000000000000,0.000000000000,0.000071253185,0.000000000000,0.000000000000,0.000071792654,0.000000000000,0.000000000000,0.000044963483,0.000000000000,0.000000000000,0.000051156046,0.000000000000,0.000000000000,0.000051542033
750,0.000000000000,0.000000000000,0.000137400987,0.000000000000,0.000000000000,0.000138630909,0.000000000000,0.000000000000,0.000139860830,0.000000000000,0.000000000000,0.000100413518,0.000000000000,0.000000000000,0.000099701811,0.000000000000,0.000000000000,0.000099425103,0.000000000000,0.000000000000,0.000073107439,0.000000000000,0.000000000000,0.000079548443,0.000000000000,0.000000000000,0.000080667651,0.000000000000,0.000000000000,0.000066039304,0.000000000000,0.000000000000,0.000071258716,0.000000000000,0.000000000000,0.000071841718,0.000000000000,0.000000000000,0.000044963483,0.000000000000,0.000000000000,0.000051156046,0.000000000000,0.000000000000,0.000051542033
751,0.000000000000,0.000000000000,0.000137400987,0.000000000000,0.000000000000,0.000138630909,0.000000000000,0.000000000000,0.000139860830,0.000000000000,0.000000000000,0.000100413518,0.000000000000,0.000000000000,0.000099701811,0.000000000000,0.000000000000,0.000099425103,0.000000000000,0.000000000000,0.000073107439,0.000000000000,0.000000000000,0.000079548443,0.000000000000,0.000000000000,0.000080667651,0.000000000000,0.000000000000,0.000066039304,0.000000000000,0.000000000000,0.000071259479,0.000000000000,0.000000000000,0.000071841718,0.000000000000,0.000000000000,0.000044963483,0.000000000000,0.000000000000,0.000051199745,0.000000000000,0.000000000000,0.000051574358
752,0.000000000000,0.000000000000,0.000137400987,0.000000000000,0.000000000000,0.000138630909,0.000000000000,0.000000000000,0.000139860830,0.000000000000,0.000000000000,0.000100413518,0.000000000000,0.000000000000,0.000099701811,0.000000000000,0.000000000000,0.000099425103,0.000000000000,0.000000000000,0.000073107439,0.000000000000,0.000000000000,0.000079548443,0.000000000000,0.000000000000,0.000080667651,0.000000000000,0.000000000000,0.000066077191,0.000000000000,0.000000000000,0.000071259479,0.000000000000,0.000000000000,0.000071841718,0.000000000000,0.000000000000,0.000044983937,0.000000000000,0.000000000000,0.000051199745,0.000000000000,0.000000000000,0.000051574358
753,0.000000000000,0.000000000000,0.000137400987,0.000000000000,0.000000000000,0.000138630909,0.000000000000,0.000000000000,0.000139860830,0.000000000000,0.000000000000,0.000100413518,0.000000000000,0.000000000000,0.000099701811,0.000000000000,0.000000000000,0.000099425103,0.000000000000,0.000000000000,0.000073107439,0.000000000000,0.000000000000,0.000079548443,0.000000000000,0.000000000000,0.000080667651,0.000000000000,0.000000000000,0.000066077191,0.000000000000,0.000000000000,0.000071372651,0.000000000000,0.000000000000,0.000071994423,0.000000000000,0.000000000000,0.000044983937,0.000000000000,0.000000000000,0.000051199745,0.000000000000,0.000000000000,0.000051621084
754,0.000000000000,0.000000000000,0.000137400987,0.000000000000,0.000000000000,0.000138630909,0.000000000000,0.000000000000,0.000139860830,0.000000000000,0.000000000000,0.000100413518,0.000000000000,0.000000000000,0.000099701811,0.000000000000,0.000000000000,0.000099425103,0.000000000000,0.000000000000,0.000073107439,0.000000000000,0.000000000000,0.000079548443,0.000000000000,0.000000000000,0.000080667651,0.000000000000,0.000000000000,0.000066077191,0.000000000000,0.000000000000,0.000071372651,0.000000000000,0.000000000000,0.000071994423,0.000000000000,0.000000000000,0.000044983937,0.000000000000,0.000000000000,0.000051209365,0.000000000000,0.000000000000,0.000051621084
755,0.000000000000,0.000000000000,0.000137400987,0.000000000000,0.000000000000,0.000138630909,0.000000000000,0.000000000000,0.000139860830,0.000000000000,0.000000000000,0.000100413518,0.000000000000,0.000000000000,0.000099701811,0.000000000000,0.000000000000,0.000099425103,0.000000000000,0.000000000000,0.000073107439,0.000000000000,0.000000000000,0.000079594972,0.000000000000,0.000000000000,0.000080667651,0.000000000000,0.000000000000,0.000066148632,0.000000000000,0.000000000000,0.000071372651,0.000000000000,0.000000000000,0.000071994423,0.000000000000,0.000000000000,0.000044997474,0.000000000000,0.000000000000,0.000051209365,0.000000000000,0.000000000000,0.000051665198
756,0.000000000000,0.000000000000,0.000137400987,0.000000000000,0.000000000000,0.000138630909,0.000000000000,0.000000000000,0.000139860830,0.000000000000,0.000000000000,0.000100413518,0.000000000000,0.000000000000,0.000099701811,0.000000000000,0.000000000000,0.000099425103,0.000000000000,0.000000000000,0.000073107439,0.000000000000,0.000000000000,0.000079594972,0.000000000000,0.000000000000,0.000080667651,0.000000000000,0.000000000000,0.000066163018,0.000000000000,0.000000000000,0.000071372651,0.000000000000,0.000000000000,0.000071994423,0.000000000000,0.000000000000,0.000044997474,0.000000000000,0.000000000000,0.000051209365,0.000000000000,0.000000000000,0.000051708666
757,0.000000000000,0.000000000000,0.000137400987,0.000000000000,0.000000000000,0.000138630909,0.000000000000,0.000000000000,0.000139860830,0.000000000000,0.000000000000,0.000100413518,0.000000000000,0.000000000000,0.000099701811,0.000000000000,0.000000000000,0.000099425103,0.000000000000,0.000000000000,0.000073107439,0.000000000000,0.000000000000,0.000079594972,0.000000000000,0.000000000000,0.000080667651,0.000000000000,0.000000000000,0.000066163018,0.000000000000,0.000000000000,0.000071372651,0.000000000000,0.000000000000,0.000072047226,0.000000000000,0.000000000000,0.000044997474,0.000000000000,0.000000000000,0.000051209365,0.000000000000,0.000000000000,0.000051708666
758,0.000000000000,0.000000000000,0.000137400987,0.000000000000,0.000000000000,0.000138630909,0.000000000000,0.000000000000,0.000139860830,0.000000000000,0.000000000000,0.000100413518,0.000000000000,0.000000000000,0.000099701811,0.000000000000,0.000000000000,0.000099425103,0.000000000000,0.000000000000,0.000073107439,0.000000000000,0.000000000000,0.000079594972,0.000000000000,0.000000000000,0.000080667651,0.000000000000,0.000000000000,0.000066163018,0.000000000000,0.000000000000,0.000071372651,0.000000000000,0.000000000000,0.000072366163,0.000000000000,0.000000000000,0.000045081600,0.000000000000,0.000000000000,0.000051209365,0.000000000000,0.000000000000,0.000051787772
759,0.000000000000,0.000000000000,0.000137400987,0.000000000000,0.000000000000,0.000138630909,0.000000000000,0.000000000000,0.000139860830,0.000000000000,0.000000000000,0.000100413518,0.000000000000,0.000000000000,0.000099701811,0.000000000000,0.000000000000,0.000099425103,0.000000000000,0.000000000000,0.000073107439,0.000000000000,0.000000000000,0.000079594972,0.000000000000,0.000000000000,0.000080667651,0.000000000000,0.000000000000,0.000066163018,0.000000000000,0.000000000000,0.000071372651,0.000000000000,0.000000000000,0.000072366163,0.000000000000,0.000000000000,0.000045081600,0.000000000000,0.000000000000,0.000051209365,0.000000000000,0.000000000000,0.000051878397
760,0.000000000000,0.000000000000,0.000137400987,0.000000000000,0.000000000000,0.000138630909,0.000000000000,0.000000000000,0.000139860830,0.000000000000,0.000000000000,0.000100413518,0.000000000000,0.000000000000,0.000099701811,0.000000000000,0.000000000000,0.000099460975,0.000000000000,0.000000000000,0.000073107439,0.000000000000,0.000000000000,0.000079594972,0.000000000000,0.000000000000,0.000080667651,0.000000000000,0.000000000000,0.000066163018,0.000000000000,0.000000000000,0.000071372651,0.000000000000,0.000000000000,0.000072379044,0.000000000000,0.000000000000,0.000045086300,0.000000000000,0.000000000000,0.000051209365,0.000000000000,0.000000000000,0.000051878781
761,0.000000000000,0.000000000000,0.000137400987,0.000000000000,0.000000000000,0.000138630909,0.000000000000,0.000000000000,0.000139860830,0.000000000000,0.000000000000,0.000100413518,0.000000000000,0.000000000000,0.000099701811,0.000000000000,0.000000000000,0.000099460975,0.000000000000,0.000000000000,0.000073107439,0.000000000000,0.000000000000,0.000079594972,0.000000000000,0.000000000000,0.000080667651,0.000000000000,0.000000000000,0.000066163340,0.000000000000,0.000000000000,0.000071372651,0.000000000000,0.000000000000,0.000072428821,0.000000000000,0.000000000000,0.000045086300,0.000000000000,0.000000000000,0.000051209365,0.000000000000,0.000000000000,0.000051920610
762,0.000000000000,0.000000000000,0.000137400987,0.000000000000,0.000000000000,0.000138630909,0.000000000000,0.000000000000,0.000139860830,0.000000000000,0.000000000000,0.000100413518,0.000000000000,0.000000000000,0.000099701811,0.000000000000,0.000000000000,0.000099460975,0.000000000000,0.000000000000,0.000073107439,0.000000000000,0.000000000000,0.000079594972,0.000000000000,0.000000000000,0.000080667651,0.000000000000,0.000000000000,0.000066163340,0.000000000000,0.000000000000,0.000071372651,0.000000000000,0.000000000000,0.000072428821,0.000000000000,0.000000000000,0.000045086300,0.000000000000,0.000000000000,0.000051233872,0.000000000000,0.000000000000,0.000051920610
763,0.000000000000,0.000000000000,0.000137400987,0.000000000000,0.000000000000,0.000138630909,0.000000000000,0.000000000000,0.000139860830,0.000000000000,0.000000000000,0.000100413518,0.000000000000,0.000000000000,0.000099701811,0.000000000000,0.000000000000,0.000099460975,0.000000000000,0.000000000000,0.000073107439,0.000000000000,0.000000000000,0.000079594972,0.000000000000,0.000000000000,0.000080667651,0.000000000000,0.000000000000,0.000066225286,0.000000000000,0.000000000000,0.000071381880,0.000000000000,0.000000000000,0.000072428821,0.000000000000,0.000000000000,0.000045086300,0.000000000000,0.000000000000,0.000051233872,0.000000000000,0.000000000000,0.000051920610
764,0.000000000000,0.000000000000,0.000137400987,0.000000000000,0.000000000000,0.000138630909,0.000000000000,0.000000000000,0.000139860830,0.000000000000,0.000000000000,0.000100413518,0.000000000000,0.000000000000,0.000099701811,0.000000000000,0.000000000000,0.000099460975,0.000000000000,0.000000000000,0.000073107439,0.000000000000,0.000000000000,0.000079594972,0.000000000000,0.000000000000,0.000080667651,0.000000000000,0.000000000000,0.000066225286,0.000000000000,0.000000000000,0.000071381880,0.000000000000,0.000000000000,0.000072428821,0.000000000000,0.000000000000,0.000045086300,0.000000000000,0.000000000000,0.000051261096,0.000000000000,0.000000000000,0.000051920610
765,0.000000000000,0.000000000000,0.000137400987,0.000000000000,0.000000000000,0.000138630909,0.000000000000,0.000000000000,0.000139860830,0.000000000000,0.000000000000,0.000100413518,0.000000000000,0.000000000000,0.000099701811,0.000000000000,0.000000000000,0.000099460975,0.000000000000,0.000000000000,0.000073107439,0.000000000000,0.000000000000,0.000079594972,0.000000000000,0.000000000000,0.000080667651,0.000000000000,0.000000000000,0.000066225286,0.000000000000,0.000000000000,0.000071381880,0.000000000000,0.000000000000,0.000072428821,0.000000000000,0.000000000000,0.000045086300,0.000000000000,0.000000000000,0.000051261096,0.000000000000,0.000000000000,0.000051920610
766,0.000000000000,0.000000000000,0.000137400987,0.000000000000,0.000000000000,0.000138630909,0.000000000000,0.000000000000,0.000139860830,0.000000000000,0.000000000000,0.000100413518,0.000000000000,0.000000000000,0.000099701811,0.000000000000,0.000000000000,0.000099467001,0.000000000000,0.000000000000,0.000073107439,0.000000000000,0.000000000000,0.000079594972,0.000000000000,0.000000000000,0.000080667651,0.000000000000,0.000000000000,0.000066251103,0.000000000000,0.000000000000,0.000071381880,0.000000000000,0.000000000000,0.000072428821,0.000000000000,0.000000000000,0.000045086300,0.000000000000,0.000000000000,0.000051261096,0.000000000000,0.000000000000,0.000051920610
767,0.000000000000,0.000000000000,0.000137400987,0.000000000000,0.000000000000,0.000138630909,0.000000000000,0.000000000000,0.000139860830,0.000000000000,0.000000000000,0.000100413518,0.000000000000,0.000000000000,0.000099701811,0.000000000000,0.000000000000,0.000099467001,0.000000000000,0.000000000000,0.000073107439,0.000000000000,0.000000000000,0.000079594972,0.000000000000,0.000000000000,0.000080667651,0.000000000000,0.000000000000,0.000066295554,0.000000000000,0.000000000000,0.000071381880,0.000000000000,0.000000000000,0.000072428821,0.000000000000,0.000000000000,0.000045086300,0.000000000000,0.000000000000,0.000051261096,0.000000000000,0.000000000000,0.000051920610
768,0.000000000000,0.000000000000,0.000137400987,0.000000000000,0.000000000000,0.000138630909,0.000000000000,0.000000000000,0.000139860830,0.000000000000,0.000000000000,0.000100435009,0.000000000000,0.000000000000,0.000099701811,0.000000000000,0.000000000000,0.000099467001,0.000000000000,0.000000000000,0.000073107439,0.000000000000,0.000000000000,0.000079594972,0.000000000000,0.000000000000,0.000080667651,0.000000000000,0.000000000000,0.000066295554,0.000000000000,0.000000000000,0.000071433754,0.000000000000,0.000000000000,0.000072428821,0.000000000000,0.000000000000,0.000045086300,0.000000000000,0.000000000000,0.000051291018,0.000000000000,0.000000000000,0.000051920610
769,0.000000000000,0.000000000000,0.000137400987,0.000000000000,0.000000000000,0.000138630909,0.000000000000,0.000000000000,0.000139860830,0.000000000000,0.000000000000,0.000100435009,0.000000000000,0.000000000000,0.000099701811,0.000000000000,0.000000000000,0.000099467001,0.000000000000,0.000000000000,0.000073107439,0.000000000000,0.000000000000,0.000079594972,0.000000000000,0.000000000000,0.000080667651,0.000000000000,0.000000000000,0.000066295554,0.000000000000,0.000000000000,0.000071433754,0.000000000000,0.000000000000,0.000072612254,0.000000000000,0.000000000000,0.000045268357,0.000000000000,0.000000000000,0.000051291018,0.000000000000,0.000000000000,0.000051951055
770,0.000000000000,0.000000000000,0.000137400987,0.000000000000,0.000000000000,0.000138630909,0.000000000000,0.000000000000,0.000139860830,0.000000000000,0.000000000000,0.000100435009,0.000000000000,0.000000000000,0.000099701811,0.000000000000,0.000000000000,0.000099467001,0.000000000000,0.000000000000,0.000073107439,0.000000000000,0.000000000000,0.000079594972,0.000000000000,0.000000000000,0.000080667651,0.000000000000,0.000000000000,0.000066327356,0.000000000000,0.000000000000,0.000071433754,0.000000000000,0.000000000000,0.000072612254,0.000000000000,0.000000000000,0.000045268357,0.000000000000,0.000000000000,0.000051292687,0.000000000000,0.000000000000,0.000051951055
771,0.000000000000,0.000000000000,0.000137400987,0.000000000000,0.000000000000,0.000138630909,0.000000000000,0.000000000000,0.000139860830,0.000000000000,0.000000000000,0.000100435009,0.000000000000,0.000000000000,0.000099701811,0.000000000000,0.000000000000,0.000099467001,0.000000000000,0.000000000000,0.000073107439,0.000000000000,0.000000000000,0.000079594972,0.000000000000,0.000000000000,0.000080667651,0.000000000000,0.000000000000,0.000066327356,0.000000000000,0.000000000000,0.000071433754,0.000000000000,0.000000000000,0.000072612254,0.000000000000,0.000000000000,0.000045268357,0.000000000000,0.000000000000,0.000051292687,0.000000000000,0.000000000000,0.000051951055
772,0.000000000000,0.000000000000,0.000137400987,0.000000000000,0.000000000000,0.000138630909,0.000000000000,0.000000000000,0.000139860830,0.000000000000,0.000000000000,0.000100435009,0.000000000000,0.000000000000,0.000099701811,0.000000000000,0.000000000000,0.000099467001,0.000000000000,0.000000000000,0.000073110023,0.000000000000,0.000000000000,0.000079594972,0.000000000000,0.000000000000,0.000080667651,0.000000000000,0.000000000000,0.000066641825,0.000000000000,0.000000000000,0.000071433754,0.000000000000,0.000000000000,0.000072631284,0.000000000000,0.000000000000,0.000045294513,0.000000000000,0.000000000000,0.000051295722,0.000000000000,0.000000000000,0.000051951055
773,0.000000000000,0.000000000000,0.000137400987,0.000000000000,0.000000000000,0.000138630909,0.000000000000,0.000000000000,0.000139860830,0.000000000000,0.000000000000,0.000100435009,0.000000000000,0.000000000000,0.000099701811,0.000000000000,0.000000000000,0.000099467001,0.000000000000,0.000000000000,0.000073110023,0.000000000000,0.000000000000,0.000079594972,0.000000000000,0.000000000000,0.000080667651,0.000000000000,0.000000000000,0.000066641825,0.000000000000,0.000000000000,0.000071433754,0.000000000000,0.000000000000,0.000072631284,0.000000000000,0.000000000000,0.000045324636,0.000000000000,0.000000000000,0.000051295722,0.000000000000,0.000000000000,0.000051951055
774,0.000000000000,0.000000000000,0.000137400987,0.000000000000,0.000000000000,0.000138630909,0.000000000000,0.000000000000,0.000139860830,0.000000000000,0.000000000000,0.000100435009,0.000000000000,0.000000000000,0.000099701811,0.000000000000,0.000000000000,0.000099467001,0.000000000000,0.000000000000,0.000073110712,0.000000000000,0.000000000000,0.000079594972,0.000000000000,0.000000000000,0.000080667651,0.000000000000,0.000000000000,0.000066698413,0.000000000000,0.000000000000,0.000071433754,0.000000000000,0.000000000000,0.000072637210,0.000000000000,0.000000000000,0.000045324636,0.000000000000,0.000000000000,0.000051318699,0.000000000000,0.000000000000,0.000051951055
775,0.000000000000,0.000000000000,0.000137400987,0.000000000000,0.000000000000,0.000138630909,0.000000000000,0.000000000000,0.000139860830,0.000000000000,0.000000000000,0.000100435009,0.000000000000,0.000000000000,0.000099701811,0.000000000000,0.000000000000,0.000099509345,0.000000000000,0.000000000000,0.000073110712,0.000000000000,0.000000000000,0.000079594972,0.000000000000,0.000000000000,0.000080667651,0.000000000000,0.000000000000,0.000066699265,0.000000000000,0.000000000000,0.000071433754,0.000000000000,0.000000000000,0.000072670858,0.000000000000,0.000000000000,0.000045324636,0.000000000000,0.000000000000,0.000051318699,0.000000000000,0.000000000000,0.000051951055
776,0.000000000000,0.000000000000,0.000137400987,0.000000000000,0.000000000000,0.000138630909,0.000000000000,0.000000000000,0.000139860830,0.000000000000,0.000000000000,0.000100435009,0.000000000000,0.000000000000,0.000099701811,0.000000000000,0.000000000000,0.000099509345,0.000000000000,0.000000000000,0.000073116035,0.000000000000,0.000000000000,0.000079594972,0.000000000000,0.000000000000,0.000080667651,0.000000000000,0.000000000000,0.000066699265,0.000000000000,0.000000000000,0.000071433754,0.000000000000,0.000000000000,0.000072670858,0.000000000000,0.000000000000,0.000045329691,0.000000000000,0.000000000000,0.000051331988,0.000000000000,0.000000000000,0.000051984442
777,0.000000000000,0.000000000000,0.000137400987,0.000000000000,0.000000000000,0.000138630909,0.000000000000,0.000000000000,0.000139860830,0.000000000000,0.000000000000,0.000100435009,0.000000000000,0.000000000000,0.000099701811,0.000000000000,0.000000000000,0.000099509345,0.000000000000,0.000000000000,0.000073116035,0.000000000000,0.000000000000,0.000079594972,0.000000000000,0.000000000000,0.000080667651,0.000000000000,0.000000000000,0.000066699265,0.000000000000,0.000000000000,0.000071457414,0.000000000000,0.000000000000,0.000072670858,0.000000000000,0.000000000000,0.000045346073,0.000000000000,0.000000000000,0.000051331988,0.000000000000,0.000000000000,0.000051984442
778,0.000000000000,0.000000000000,0.000137400987,0.000000000000,0.000000000000,0.000138630909,0.000000000000,0.000000000000,0.000139860830,0.000000000000,0.000000000000,0.000100435009,0.000000000000,0.000000000000,0.000099701811,0.000000000000,0.000000000000,0.000099528465,0.000000000000,0.000000000000,0.000073116035,0.000000000000,0.000000000000,0.000079594972,0.000000000000,0.000000000000,0.000080667651,0.000000000000,0.000000000000,0.000066699265,0.000000000000,0.000000000000,0.000071499156,0.000000000000,0.000000000000,0.000072670858,0.000000000000,0.000000000000,0.000045371438,0.000000000000,0.000000000000,0.000051339575,0.000000000000,0.000000000000,0.000051984442
779,0.000000000000,0.000000000000,0.000137400987,0.000000000000,0.000000000000,0.000138630909,0.000000000000,0.000000000000,0.000139860830,0.000000000000,0.000000000000,0.000100435009,0.000000000000,0.000000000000,0.000099701811,0.000000000000,0.000000000000,0.000099528465,0.000000000000,0.000000000000,0.000073116035,0.000000000000,0.000000000000,0.000079594972,0.000000000000,0.000000000000,0.000080667651,0.000000000000,0.000000000000,0.000066699265,0.000000000000,0.000000000000,0.000071499156,0.000000000000,0.000000000000,0.000072670858,0.000000000000,0.000000000000,0.000045392321,0.000000000000,0.000000000000,0.000051339575,0.000000000000,0.000000000000,0.000052225891
780,0.000000000000,0.000000000000,0.000137400987,0.000000000000,0.000000000000,0.000138630909,0.000000000000,0.000000000000,0.000139860830,0.000000000000,0.000000000000,0.000100435009,0.000000000000,0.000000000000,0.000099701811,0.000000000000,0.000000000000,0.000099528465,0.000000000000,0.000000000000,0.000073116035,0.000000000000,0.000000000000,0.000079594972,0.000000000000,0.000000000000,0.000080667651,0.000000000000,0.000000000000,0.000066699265,0.000000000000,0.000000000000,0.000071499156,0.000000000000,0.000000000000,0.000072699647,0.000000000000,0.000000000000,0.000045474322,0.000000000000,0.000000000000,0.000051428397,0.000000000000,0.000000000000,0.000052271994
781,0.000000000000,0.000000000000,0.000137400987,0.000000000000,0.000000000000,0.000138630909,0.000000000000,0.000000000000,0.000139860830,0.000000000000,0.000000000000,0.000100435009,0.000000000000,0.000000000000,0.000099701811,0.000000000000,0.000000000000,0.000099528465,0.000000000000,0.000000000000,0.000073116035,0.000000000000,0.000000000000,0.000079594972,0.000000000000,0.000000000000,0.000080667651,0.000000000000,0.000000000000,0.000066699265,0.000000000000,0.000000000000,0.000071524739,0.000000000000,0.000000000000,0.000072699647,0.000000000000,0.000000000000,0.000045474322,0.000000000000,0.000000000000,0.000051428397,0.000000000000,0.000000000000,0.000052271994
782,0.000000000000,0.000000000000,0.000137400987,0.000000000000,0.000000000000,0.000138630909,0.000000000000,0.000000000000,0.000139860830,0.000000000000,0.000000000000,0.000100435009,0.000000000000,0.000000000000,0.000099701811,0.000000000000,0.000000000000,0.000099528465,0.000000000000,0.000000000000,0.000073116035,0.000000000000,0.000000000000,0.000079594972,0.000000000000,0.000000000000,0.000080667651,0.000000000000,0.000000000000,0.000066794440,0.000000000000,0.000000000000,0.000071524739,0.000000000000,0.000000000000,0.000072699647,0.000000000000,0.000000000000,0.000045474322,0.000000000000,0.000000000000,0.000051428397,0.000000000000,0.000000000000,0.000052306074
783,0.000000000000,0.000000000000,0.000137400987,0.000000000000,0.000000000000,0.000138630909,0.000000000000,0.000000000000,0.000139860830,0.000000000000,0.000000000000,0.000100435009,0.000000000000,0.000000000000,0.000099701811,0.000000000000,0.000000000000,0.000099528465,0.000000000000,0.000000000000,0.000073116035,0.000000000000,0.000000000000,0.000079594972,0.000000000000,0.000000000000,0.000080667651,0.000000000000,0.000000000000,0.000066794440,0.000000000000,0.000000000000,0.000071529882,0.000000000000,0.000000000000,0.000072699647,0.000000000000,0.000000000000,0.000045576330,0.000000000000,0.000000000000,0.000051428397,0.000000000000,0.000000000000,0.000052306074
784,0.000000000000,0.000000000000,0.000137400987,0.000000000000,0.000000000000,0.000138630909,0.000000000000,0.000000000000,0.000139860830,0.000000000000,0.000000000000,0.000100435009,0.000000000000,0.000000000000,0.000099701811,0.000000000000,0.000000000000,0.000099528465,0.000000000000,0.000000000000,0.000073116035,0.000000000000,0.000000000000,0.000079594972,0.000000000000,0.000000000000,0.000080667651,0.000000000000,0.000000000000,0.000066794440,0.000000000000,0.000000000000,0.000071529882,0.000000000000,0.000000000000,0.000072699647,0.000000000000,0.000000000000,0.000045620093,0.000000000000,0.000000000000,0.000051428397,0.000000000000,0.000000000000,0.000052306074
785,0.000000000000,0.000000000000,0.000137400987,0.000000000000,0.000000000000,0.000138630909,0.000000000000,0.000000000000,0.000139860830,0.000000000000,0.000000000000,0.000100435009,0.000000000000,0.000000000000,0.000099701811,0.000000000000,0.000000000000,0.000099528465,0.000000000000,0.000000000000,0.000073116035,0.000000000000,0.000000000000,0.000079594972,0.000000000000,0.000000000000,0.000080667651,0.000000000000,0.000000000000,0.000066794440,0.000000000000,0.000000000000,0.000071562791,0.000000000000,0.000000000000,0.000072699647,0.000000000000,0.000000000000,0.000045620514,0.000000000000,0.000000000000,0.000051436249,0.000000000000,0.000000000000,0.000052405580
786,0.000000000000,0.000000000000,0.000137400987,0.000000000000,0.000000000000,0.000138630909,0.000000000000,0.000000000000,0.000139860830,0.000000000000,0.000000000000,0.000100435009,0.000000000000,0.000000000000,0.000099701811,0.000000000000,0.000000000000,0.000099528465,0.000000000000,0.000000000000,0.000073116035,0.000000000000,0.000000000000,0.000079595661,0.000000000000,0.000000000000,0.000080667651,0.000000000000,0.000000000000,0.000066794440,0.000000000000,0.000000000000,0.000071588600,0.000000000000,0.000000000000,0.000072699647,0.000000000000,0.000000000000,0.000045677554,0.000000000000,0.000000000000,0.000051441091,0.000000000000,0.000000000000,0.000052533938
787,0.000000000000,0.000000000000,0.000137400987,0.000000000000,0.000000000000,0.000138630909,0.000000000000,0.000000000000,0.000139860830,0.000000000000,0.000000000000,0.000100435009,0.000000000000,0.000000000000,0.000099701811,0.000000000000,0.000000000000,0.000099528465,0.000000000000,0.000000000000,0.000073116035,0.000000000000,0.000000000000,0.000079595661,0.000000000000,0.000000000000,0.000080798400,0.000000000000,0.000000000000,0.000066794440,0.000000000000,0.000000000000,0.000071588600,0.000000000000,0.000000000000,0.000072699647,0.000000000000,0.000000000000,0.000045680128,0.000000000000,0.000000000000,0.000051449282,0.000000000000,0.000000000000,0.000052533938
788,0.000000000000,0.000000000000,0.000137400987,0.000000000000,0.000000000000,0.000138630909,0.000000000000,0.000000000000,0.000139860830,0.000000000000,0.000000000000,0.000100435009,0.000000000000,0.000000000000,0.000099701811,0.000000000000,0.000000000000,0.000099800176,0.000000000000,0.000000000000,0.000073116035,0.000000000000,0.000000000000,0.000079595661,0.000000000000,0.000000000000,0.000080798400,0.000000000000,0.000000000000,0.000066825034,0.000000000000,0.000000000000,0.000071588600,0.000000000000,0.000000000000,0.000072723042,0.000000000000,0.000000000000,0.000045758755,0.000000000000,0.000000000000,0.000051449282,0.000000000000,0.000000000000,0.000052547396
789,0.000000000000,0.000000000000,0.000137400987,0.000000000000,0.000000000000,0.000138630909,0.000000000000,0.000000000000,0.000139860830,0.000000000000,0.000000000000,0.000100435009,0.000000000000,0.000000000000,0.000099701811,0.000000000000,0.000000000000,0.000099800176,0.000000000000,0.000000000000,0.000073116035,0.000000000000,0.000000000000,0.000079595661,0.000000000000,0.000000000000,0.000080798400,0.000000000000,0.000000000000,0.000066825034,0.000000000000,0.000000000000,0.000071588600,0.000000000000,0.000000000000,0.000072723042,0.000000000000,0.000000000000,0.000045758755,0.000000000000,0.000000000000,0.000051449282,0.000000000000,0.000000000000,0.000052547396
790,0.000000000000,0.000000000000,0.000137400987,0.000000000000,0.000000000000,0.000138630909,0.000000000000,0.000000000000,0.000139860830,0.000000000000,0.000000000000,0.000100435009,0.000000000000,0.000000000000,0.000099701811,0.000000000000,0.000000000000,0.000100021207,0.000000000000,0.000000000000,0.000073116035,0.000000000000,0.000000000000,0.000079595661,0.000000000000,0.000000000000,0.000080798400,0.000000000000,0.000000000000,0.000066861182,0.000000000000,0.000000000000,0.000071588600,0.000000000000,0.000000000000,0.000072723042,0.000000000000,0.000000000000,0.000045758755,0.000000000000,0.000000000000,0.000051490241,0.000000000000,0.000000000000,0.000052573385
791,0.000000000000,0.000000000000,0.000137400987,0.000000000000,0.000000000000,0.000138630909,0.000000000000,0.000000000000,0.000139860830,0.000000000000,0.000000000000,0.000100435009,0.000000000000,0.000000000000,0.000099701811,0.000000000000,0.000000000000,0.000100021207,0.000000000000,0.000000000000,0.000073116035,0.000000000000,0.000000000000,0.000079595661,0.000000000000,0.000000000000,0.000080798400,0.000000000000,0.000000000000,0.000066861182,0.000000000000,0.000000000000,0.000071588600,0.000000000000,0.000000000000,0.000072723042,0.000000000000,0.000000000000,0.000045761378,0.000000000000,0.000000000000,0.000051497136,0.000000000000,0.000000000000,0.000052573385
792,0.000000000000,0.000000000000,0.000137400987,0.000000000000,0.000000000000,0.000138630909,0.000000000000,0.000000000000,0.000139860830,0.000000000000,0.000000000000,0.000100435009,0.000000000000,0.000000000000,0.000099701811,0.000000000000,0.000000000000,0.000100021207,0.000000000000,0.000000000000,0.000073116035,0.000000000000,0.000000000000,0.000079595661,0.000000000000,0.000000000000,0.000080798400,0.000000000000,0.000000000000,0.000066861182,0.000000000000,0.000000000000,0.000071588600,0.000000000000,0.000000000000,0.000072723042,0.000000000000,0.000000000000,0.000045766519,0.000000000000,0.000000000000,0.000051543742,0.000000000000,0.000000000000,0.000052707766
793,0.000000000000,0.000000000000,0.000137400987,0.000000000000,0.000000000000,0.000138630909,0.000000000000,0.000000000000,0.000139860830,0.000000000000,0.000000000000,0.000100435009,0.000000000000,0.000000000000,0.000099701811,0.000000000000,0.000000000000,0.000100085043,0.000000000000,0.000000000000,0.000073116035,0.000000000000,0.000000000000,0.000079595661,0.000000000000,0.000000000000,0.000080798400,0.000000000000,0.000000000000,0.000066865711,0.000000000000,0.000000000000,0.000071588600,0.000000000000,0.000000000000,0.000072723042,0.000000000000,0.000000000000,0.000045766519,0.000000000000,0.000000000000,0.000051543742,0.000000000000,0.000000000000,0.000052707766
794,0.000000000000,0.000000000000,0.000137400987,0.000000000000,0.000000000000,0.000138630909,0.000000000000,0.000000000000,0.000139860830,0.000000000000,0.000000000000,0.000100435009,0.000000000000,0.000000000000,0.000099701811,0.000000000000,0.000000000000,0.000100085043,0.000000000000,0.000000000000,0.000073116035,0.000000000000,0.000000000000,0.000079595661,0.000000000000,0.000000000000,0.000080798400,0.000000000000,0.000000000000,0.000066965653,0.000000000000,0.000000000000,0.000071588600,0.000000000000,0.000000000000,0.000072742460,0.000000000000,0.000000000000,0.000045766519,0.000000000000,0.000000000000,0.000051596183,0.000000000000,0.000000000000,0.000052707766
795,0.000000000000,0.000000000000,0.000137400987,0.000000000000,0.000000000000,0.000138630909,0.000000000000,0.000000000000,0.000139860830,0.000000000000,0.000000000000,0.000100435009,0.000000000000,0.000000000000,0.000099701811,0.000000000000,0.000000000000,0.000100085043,0.000000000000,0.000000000000,0.000073116035,0.000000000000,0.000000000000,0.000079595661,0.000000000000,0.000000000000,0.000080798400,0.000000000000,0.000000000000,0.000066965653,0.000000000000,0.000000000000,0.000071588600,0.000000000000,0.000000000000,0.000072742460,0.000000000000,0.000000000000,0.000045767869,0.000000000000,0.000000000000,0.000051596183,0.000000000000,0.000000000000,0.000052707766
796,0.000000000000,0.000000000000,0.000137400987,0.000000000000,0.000000000000,0.000138630909,0.000000000000,0.000000000000,0.000139860830,0.000000000000,0.000000000000,0.000100435009,0.000000000000,0.000000000000,0.000099701811,0.000000000000,0.000000000000,0.000100085043,0.000000000000,0.000000000000,0.000073116594,0.000000000000,0.000000000000,0.000079595661,0.000000000000,0.000000000000,0.000080798400,0.000000000000,0.000000000000,0.000066984825,0.000000000000,0.000000000000,0.000071588600,0.000000000000,0.000000000000,0.000072742460,0.000000000000,0.000000000000,0.000045767869,0.000000000000,0.000000000000,0.000051603223,0.000000000000,0.000000000000,0.000052707766
797,0.000000000000,0.000000000000,0.000137400987,0.000000000000,0.000000000000,0.000138630909,0.000000000000,0.000000000000,0.000139860830,0.000000000000,0.000000000000,0.000100435009,0.000000000000,0.000000000000,0.000099701811,0.000000000000,0.000000000000,0.000100085043,0.000000000000,0.000000000000,0.000073116594,0.000000000000,0.000000000000,0.000079595661,0.000000000000,0.000000000000,0.000080798400,0.000000000000,0.000000000000,0.000066984825,0.000000000000,0.000000000000,0.000071588600,0.000000000000,0.000000000000,0.000072742460,0.000000000000,0.000000000000,0.000045780404,0.000000000000,0.000000000000,0.000051603223,0.000000000000,0.000000000000,0.000052707766
798,0.000000000000,0.000000000000,0.000137400987,0.000000000000,0.000000000000,0.000138630909,0.000000000000,0.000000000000,0.000139860830,0.000000000000,0.000000000000,0.000100435009,0.000000000000,0.000000000000,0.000099701811,0.000000000000,0.000000000000,0.000100085043,0.000000000000,0.000000000000,0.000073116594,0.000000000000,0.000000000000,0.000079595661,0.000000000000,0.000000000000,0.000080798400,0.000000000000,0.000000000000,0.000066984825,0.000000000000,0.000000000000,0.000071593350,0.000000000000,0.000000000000,0.000073174675,0.000000000000,0.000000000000,0.000045781003,0.000000000000,0.000000000000,0.000051603223,0.000000000000,0.000000000000,0.000052707766
799,0.000000000000,0.000000000000,0.000137400987,0.000000000000,0.000000000000,0.000138630909,0.000000000000,0.000000000000,0.000139860830,0.000000000000,0.000000000000,0.000100435009,0.000000000000,0.000000000000,0.000099713421,0.000000000000,0.000000000000,0.000100085043,0.000000000000,0.000000000000,0.000073116594,0.000000000000,0.000000000000,0.000079595661,0.000000000000,0.000000000000,0.000080798400,0.000000000000,0.000000000000,0.000066984825,0.000000000000,0.000000000000,0.000071593350,0.000000000000,0.000000000000,0.000073174675,0.000000000000,0.000000000000,0.000045781003,0.000000000000,0.000000000000,0.000051603223,0.000000000000,0.000000000000,0.000052707766
800,0.000000000000,0.000000000000,0.000137400987,0.000000000000,0.000000000000,0.000138630909,0.000000000000,0.000000000000,0.000139860830,0.000000000000,0.000000000000,0.000100435009,0.000000000000,0.000000000000,0.000099713421,0.000000000000,0.000000000000,0.000100085043,0.000000000000,0.000000000000,0.000073116594,0.000000000000,0.000000000000,0.000079595661,0.000000000000,0.000000000000,0.000080798400,0.000000000000,0.000000000000,0.000066984825,0.000000000000,0.000000000000,0.000071593350,0.000000000000,0.000000000000,0.000073174675,0.000000000000,0.000000000000,0.000045781003,0.000000000000,0.000000000000,0.000051603223,0.000000000000,0.000000000000,0.000052707766
801,0.000000000000,0.000000000000,0.000137400987,0.000000000000,0.000000000000,0.000138630909,0.000000000000,0.000000000000,0.000139860830,0.000000000000,0.000000000000,0.000100435009,0.000000000000,0.000000000000,0.000099713421,0.000000000000,0.000000000000,0.000100085043,0.000000000000,0.000000000000,0.000073116594,0.000000000000,0.000000000000,0.000079595661,0.000000000000,0.000000000000,0.000080798400,0.000000000000,0.000000000000,0.000066984825,0.000000000000,0.000000000000,0.000071593350,0.000000000000,0.000000000000,0.000073174675,0.000000000000,0.000000000000,0.000045781003,0.000000000000,0.000000000000,0.000051603223,0.000000000000,0.000000000000,0.000052707766
802,0.000000000000,0.000000000000,0.000137400987,0.000000000000,0.000000000000,0.000138630909,0.000000000000,0.000000000000,0.000139860830,0.000000000000,0.000000000000,0.000100435009,0.000000000000,0.000000000000,0.000099713421,0.000000000000,0.000000000000,0.000100085043,0.000000000000,0.000000000000,0.000073116594,0.000000000000,0.000000000000,0.000079595661,0.000000000000,0.000000000000,0.000080798400,0.000000000000,0.000000000000,0.000066984825,0.000000000000,0.000000000000,0.000071612754,0.000000000000,0.000000000000,0.000073174675,0.000000000000,0.000000000000,0.000045781003,0.000000000000,0.000000000000,0.000051661639,0.000000000000,0.000000000000,0.000052726171
803,0.000000000000,0.000000000000,0.000137400987,0.000000000000,0.000000000000,0.000138630909,0.000000000000,0.000000000000,0.000139860830,0.000000000000,0.000000000000,0.000100435009,0.000000000000,0.000000000000,0.000099713421,0.000000000000,0.000000000000,0.000100163730,0.000000000000,0.000000000000,0.000073116594,0.000000000000,0.000000000000,0.000079595661,0.000000000000,0.000000000000,0.000080798400,0.000000000000,0.000000000000,0.000066984825,0.000000000000,0.000000000000,0.000071612754,0.000000000000,0.000000000000,0.000073174675,0.000000000000,0.000000000000,0.000045818005,0.000000000000,0.000000000000,0.000051661639,0.000000000000,0.000000000000,0.000052726171
804,0.000000000000,0.000000000000,0.000137400987,0.000000000000,0.000000000000,0.000138630909,0.000000000000,0.000000000000,0.000139860830,0.000000000000,0.000000000000,0.000100435009,0.000000000000,0.000000000000,0.000099713421,0.000000000000,0.000000000000,0.000100163730,0.000000000000,0.000000000000,0.000073116594,0.000000000000,0.000000000000,0.000079595661,0.000000000000,0.000000000000,0.000080798400,0.000000000000,0.000000000000,0.000067113418,0.000000000000,0.000000000000,0.000071612754,0.000000000000,0.000000000000,0.000073174675,0.000000000000,0.000000000000,0.000045818005,0.000000000000,0.000000000000,0.000051661639,0.000000000000,0.000000000000,0.000052726171
805,0.000000000000,0.000000000000,0.000137400987,0.000000000000,0.000000000000,0.000138630909,0.000000000000,0.000000000000,0.000139860830,0.000000000000,0.000000000000,0.000100435009,0.000000000000,0.000000000000,0.000099713421,0.000000000000,0.000000000000,0.000100163730,0.000000000000,0.000000000000,0.000073116594,0.000000000000,0.000000000000,0.000079595661,0.000000000000,0.000000000000,0.000080798400,0.000000000000,0.000000000000,0.000067113418,0.000000000000,0.000000000000,0.000071612754,0.000000000000,0.000000000000,0.000073174675,0.000000000000,0.000000000000,0.000045818005,0.000000000000,0.000000000000,0.000051673372,0.000000000000,0.000000000000,0.000052777386
806,0.000000000000,0.000000000000,0.000137400987,0.000000000000,0.000000000000,0.000138630909,0.000000000000,0.000000000000,0.000139860830,0.000000000000,0.000000000000,0.000100435009,0.000000000000,0.000000000000,0.000099713421,0.000000000000,0.000000000000,0.000100163730,0.000000000000,0.000000000000,0.000073116594,0.000000000000,0.000000000000,0.000079595661,0.000000000000,0.000000000000,0.000080798400,0.000000000000,0.000000000000,0.000067329533,0.000000000000,0.000000000000,0.000071612754,0.000000000000,0.000000000000,0.000073174675,0.000000000000,0.000000000000,0.000045818005,0.000000000000,0.000000000000,0.000051673372,0.000000000000,0.000000000000,0.000052777386
807,0.000000000000,0.000000000000,0.000137400987,0.000000000000,0.000000000000,0.000138630909,0.000000000000,0.000000000000,0.000139860830,0.000000000000,0.000000000000,0.000100435009,0.000000000000,0.000000000000,0.000099713421,0.000000000000,0.000000000000,0.000100163730,0.000000000000,0.000000000000,0.000073117130,0.000000000000,0.000000000000,0.000079595661,0.000000000000,0.000000000000,0.000080798400,0.000000000000,0.000000000000,0.000067401902,0.000000000000,0.000000000000,0.000071612754,0.000000000000,0.000000000000,0.000073174675,0.000000000000,0.000000000000,0.000045818005,0.000000000000,0.000000000000,0.000051673372,0.000000000000,0.000000000000,0.000052856926
808,0.000000000000,0.000000000000,0.000137400987,0.000000000000,0.000000000000,0.000138630909,0.000000000000,0.000000000000,0.000139860830,0.000000000000,0.000000000000,0.000100435009,0.000000000000,0.000000000000,0.000099713421,0.000000000000,0.000000000000,0.000100163730,0.000000000000,0.000000000000,0.000073117130,0.000000000000,0.000000000000,0.000079595661,0.000000000000,0.000000000000,0.000080798400,0.000000000000,0.000000000000,0.000067401902,0.000000000000,0.000000000000,0.000071612754,0.000000000000,0.000000000000,0.000073174675,0.000000000000,0.000000000000,0.000045818005,0.000000000000,0.000000000000,0.000051673372,0.000000000000,0.000000000000,0.000052860759
809,0.000000000000,0.000000000000,0.000137400987,0.000000000000,0.000000000000,0.000138630909,0.000000000000,0.000000000000,0.000139860830,0.000000000000,0.000000000000,0.000100435009,0.000000000000,0.000000000000,0.000099757249,0.000000000000,0.000000000000,0.000100163730,0.000000000000,0.000000000000,0.000073117130,0.000000000000,0.000000000000,0.000079595661,0.000000000000,0.000000000000,0.000080798400,0.000000000000,0.000000000000,0.000067401902,0.000000000000,0.000000000000,0.000071612754,0.000000000000,0.000000000000,0.000073174675,0.000000000000,0.000000000000,0.000045847133,0.000000000000,0.000000000000,0.000051673372,0.000000000000,0.000000000000,0.000052860759
810,0.000000000000,0.000000000000,0.000137400987,0.000000000000,0.000000000000,0.000138630909,0.000000000000,0.000000000000,0.000139860830,0.000000000000,0.000000000000,0.000100435009,0.000000000000,0.000000000000,0.000099757249,0.000000000000,0.000000000000,0.000100163730,0.000000000000,0.000000000000,0.000073117130,0.000000000000,0.000000000000,0.000079595661,0.000000000000,0.000000000000,0.000080798400,0.000000000000,0.000000000000,0.000067401902,0.000000000000,0.000000000000,0.000071612754,0.000000000000,0.000000000000,0.000073174675,0.000000000000,0.000000000000,0.000045847133,0.000000000000,0.000000000000,0.000051724428,0.000000000000,0.000000000000,0.000052860759
811,0.000000000000,0.000000000000,0.000137400987,0.000000000000,0.000000000000,0.000138630909,0.000000000000,0.000000000000,0.000139860830,0.000000000000,0.000000000000,0.000100435009,0.000000000000,0.000000000000,0.000099813093,0.000000000000,0.000000000000,0.000100163730,0.000000000000,0.000000000000,0.000073193777,0.000000000000,0.000000000000,0.000079595661,0.000000000000,0.000000000000,0.000080798400,0.000000000000,0.000000000000,0.000067401902,0.000000000000,0.000000000000,0.000071632825,0.000000000000,0.000000000000,0.000073174675,0.000000000000,0.000000000000,0.000045890978,0.000000000000,0.000000000000,0.000051729067,0.000000000000,0.000000000000,0.000052885948
812,0.000000000000,0.000000000000,0.000137400987,0.000000000000,0.000000000000,0.000138630909,0.000000000000,0.000000000000,0.000139860830,0.000000000000,0.000000000000,0.000100435009,0.000000000000,0.000000000000,0.000099813093,0.000000000000,0.000000000000,0.000100163730,0.000000000000,0.000000000000,0.000073193777,0.000000000000,0.000000000000,0.000079595661,0.000000000000,0.000000000000,0.000080798400,0.000000000000,0.000000000000,0.000067401902,0.000000000000,0.000000000000,0.000071632825,0.000000000000,0.000000000000,0.000073174675,0.000000000000,0.000000000000,0.000045890978,0.000000000000,0.000000000000,0.000051737194,0.000000000000,0.000000000000,0.000052885948
813,0.000000000000,0.000000000000,0.000137400987,0.000000000000,0.000000000000,0.000138630909,0.000000000000,0.000000000000,0.000139860830,0.000000000000,0.000000000000,0.000100435009,0.000000000000,0.000000000000,0.000099813093,0.000000000000,0.000000000000,0.000100163730,0.000000000000,0.000000000000,0.000073193777,0.000000000000,0.000000000000,0.000079595661,0.000000000000,0.000000000000,0.000080798400,0.000000000000,0.000000000000,0.000067401902,0.000000000000,0.000000000000,0.000071632825,0.000000000000,0.000000000000,0.000073174675,0.000000000000,0.000000000000,0.000045912520,0.000000000000,0.000000000000,0.000051756187,0.000000000000,0.000000000000,0.000052919835
814,0.000000000000,0.000000000000,0.000137400987,0.000000000000,0.000000000000,0.000138630909,0.000000000000,0.000000000000,0.000139860830,0.000000000000,0.000000000000,0.000100435009,0.000000000000,0.000000000000,0.000099813093,0.000000000000,0.000000000000,0.000100163730,0.000000000000,0.000000000000,0.000073193777,0.000000000000,0.000000000000,0.000079595661,0.000000000000,0.000000000000,0.000080798400,0.000000000000,0.000000000000,0.000067401902,0.000000000000,0.000000000000,0.000071632825,0.000000000000,0.000000000000,0.000073174675,0.000000000000,0.000000000000,0.000045912520,0.000000000000,0.000000000000,0.000051758143,0.000000000000,0.000000000000,0.000052919835
815,0.000000000000,0.000000000000,0.000137400987,0.000000000000,0.000000000000,0.000138630909,0.000000000000,0.000000000000,0.000139860830,0.000000000000,0.000000000000,0.000100435009,0.000000000000,0.000000000000,0.000099813093,0.000000000000,0.000000000000,0.000100163730,0.000000000000,0.000000000000,0.000073193777,0.000000000000,0.000000000000,0.000079595661,0.000000000000,0.000000000000,0.000080798400,0.000000000000,0.000000000000,0.000067401902,0.000000000000,0.000000000000,0.000071632825,0.000000000000,0.000000000000,0.000073191435,0.000000000000,0.000000000000,0.000046236358,0.000000000000,0.000000000000,0.000051758143,0.000000000000,0.000000000000,0.000052960776
816,0.000000000000,0.000000000000,0.000137400987,0.000000000000,0.000000000000,0.000138630909,0.000000000000,0.000000000000,0.000139860830,0.000000000000,0.000000000000,0.000100435009,0.000000000000,0.000000000000,0.000099832573,0.000000000000,0.000000000000,0.000100163730,0.000000000000,0.000000000000,0.000073193777,0.000000000000,0.000000000000,0.000079595661,0.000000000000,0.000000000000,0.000080798400,0.000000000000,0.000000000000,0.000067421459,0.000000000000,0.000000000000,0.000071632825,0.000000000000,0.000000000000,0.000073202628,0.000000000000,0.000000000000,0.000046258145,0.000000000000,0.000000000000,0.000051758143,0.000000000000,0.000000000000,0.000052960776
817,0.000000000000,0.000000000000,0.000137400987,0.000000000000,0.000000000000,0.000138630909,0.000000000000,0.000000000000,0.000139860830,0.000000000000,0.000000000000,0.000100435009,0.000000000000,0.000000000000,0.000099832573,0.000000000000,0.000000000000,0.000100163730,0.000000000000,0.000000000000,0.000073193777,0.000000000000,0.000000000000,0.000079595661,0.000000000000,0.000000000000,0.000080798400,0.000000000000,0.000000000000,0.000067438754,0.000000000000,0.000000000000,0.000071632825,0.000000000000,0.000000000000,0.000073202628,0.000000000000,0.000000000000,0.000046258145,0.000000000000,0.000000000000,0.000051758143,0.000000000000,0.000000000000,0.000052960776
818,0.000000000000,0.000000000000,0.000137400987,0.000000000000,0.000000000000,0.000138630909,0.000000000000,0.000000000000,0.000139860830,0.000000000000,0.000000000000,0.000100435009,0.000000000000,0.000000000000,0.000099832573,0.000000000000,0.000000000000,0.000100163730,0.000000000000,0.000000000000,0.000073193777,0.000000000000,0.000000000000,0.000079595661,0.000000000000,0.000000000000,0.000080798400,0.000000000000,0.000000000000,0.000067438754,0.000000000000,0.000000000000,0.000071632825,0.000000000000,0.000000000000,0.000073202628,0.000000000000,0.000000000000,0.000046293553,0.000000000000,0.000000000000,0.000051758143,0.000000000000,0.000000000000,0.000052960776
819,0.000000000000,0.000000000000,0.000137400987,0.000000000000,0.000000000000,0.000138630909,0.000000000000,0.000000000000,0.000139860830,0.000000000000,0.000000000000,0.000100435009,0.000000000000,0.000000000000,0.000099832573,0.000000000000,0.000000000000,0.000100184676,0.000000000000,0.000000000000,0.000073193777,0.000000000000,0.000000000000,0.000079595661,0.000000000000,0.000000000000,0.000080798400,0.000000000000,0.000000000000,0.000067438754,0.000000000000,0.000000000000,0.000071632825,0.000000000000,0.000000000000,0.000073202628,0.000000000000,0.000000000000,0.000046293553,0.000000000000,0.000000000000,0.000051758143,0.000000000000,0.000000000000,0.000052960776
820,0.000000000000,0.000000000000,0.000137400987,0.000000000000,0.000000000000,0.000138630909,0.000000000000,0.000000000000,0.000139860830,0.000000000000,0.000000000000,0.000100435009,0.000000000000,0.000000000000,0.000099832573,0.000000000000,0.000000000000,0.000100184676,0.000000000000,0.000000000000,0.000073202178,0.000000000000,0.000000000000,0.000079595661,0.000000000000,0.000000000000,0.000080798400,0.000000000000,0.000000000000,0.000067438754,0.000000000000,0.000000000000,0.000071632825,0.000000000000,0.000000000000,0.000073202628,0.000000000000,0.000000000000,0.000046331137,0.000000000000,0.000000000000,0.000051758143,0.000000000000,0.000000000000,0.000052960776
821,0.000000000000,0.000000000000,0.000137400987,0.000000000000,0.000000000000,0.000138630909,0.000000000000,0.000000000000,0.000139860830,0.000000000000,0.000000000000,0.000100435009,0.000000000000,0.000000000000,0.000099832573,0.000000000000,0.000000000000,0.000100184676,0.000000000000,0.000000000000,0.000073202178,0.000000000000,0.000000000000,0.000079595661,0.000000000000,0.000000000000,0.000080798400,0.000000000000,0.000000000000,0.000067489140,0.000000000000,0.000000000000,0.000071700078,0.000000000000,0.000000000000,0.000073202628,0.000000000000,0.000000000000,0.000046331137,0.000000000000,0.000000000000,0.000051758143,0.000000000000,0.000000000000,0.000052960776
822,0.000000000000,0.000000000000,0.000137400987,0.000000000000,0.000000000000,0.000138630909,0.000000000000,0.000000000000,0.000139860830,0.000000000000,0.000000000000,0.000100435009,0.000000000000,0.000000000000,0.000099832573,0.000000000000,0.000000000000,0.000100184676,0.000000000000,0.000000000000,0.000073205331,0.000000000000,0.000000000000,0.000079595661,0.000000000000,0.000000000000,0.000080798400,0.000000000000,0.000000000000,0.000067489140,0.000000000000,0.000000000000,0.000071700078,0.000000000000,0.000000000000,0.000073202628,0.000000000000,0.000000000000,0.000046331137,0.000000000000,0.000000000000,0.000051758143,0.000000000000,0.000000000000,0.000052960776
823,0.000000000000,0.000000000000,0.000137400987,0.000000000000,0.000000000000,0.000138630909,0.000000000000,0.000000000000,0.000139860830,0.000000000000,0.000000000000,0.000100435009,0.000000000000,0.000000000000,0.000099832573,0.000000000000,0.000000000000,0.000100184676,0.000000000000,0.000000000000,0.000073205331,0.000000000000,0.000000000000,0.000079595661,0.000000000000,0.000000000000,0.000080839147,0.000000000000,0.000000000000,0.000067489140,0.000000000000,0.000000000000,0.000071700078,0.000000000000,0.000000000000,0.000073202628,0.000000000000,0.000000000000,0.000046331137,0.000000000000,0.000000000000,0.000051831052,0.000000000000,0.000000000000,0.000052982512
824,0.000000000000,0.000000000000,0.000137400987,0.000000000000,0.000000000000,0.000138630909,0.000000000000,0.000000000000,0.000139860830,0.000000000000,0.000000000000,0.000100435009,0.000000000000,0.000000000000,0.000099832573,0.000000000000,0.000000000000,0.000100184676,0.000000000000,0.000000000000,0.000073205331,0.000000000000,0.000000000000,0.000079595661,0.000000000000,0.000000000000,0.000080839147,0.000000000000,0.000000000000,0.000067495106,0.000000000000,0.000000000000,0.000071700078,0.000000000000,0.000000000000,0.000073202628,0.000000000000,0.000000000000,0.000046331137,0.000000000000,0.000000000000,0.000051831052,0.000000000000,0.000000000000,0.000052982512
825,0.000000000000,0.000000000000,0.000137400987,0.000000000000,0.000000000000,0.000138630909,0.000000000000,0.000000000000,0.000139860830,0.000000000000,0.000000000000,0.000100435009,0.000000000000,0.000000000000,0.000099832573,0.000000000000,0.000000000000,0.000100184676,0.000000000000,0.000000000000,0.000073205331,0.000000000000,0.000000000000,0.000079595661,0.000000000000,0.000000000000,0.000080839147,0.000000000000,0.000000000000,0.000067495106,0.000000000000,0.000000000000,0.000071700078,0.000000000000,0.000000000000,0.000073202628,0.000000000000,0.000000000000,0.000046331137,0.000000000000,0.000000000000,0.000051831052,0.000000000000,0.000000000000,0.000052982512
826,0.000000000000,0.000000000000,0.000137400987,0.000000000000,0.000000000000,0.000138630909,0.000000000000,0.000000000000,0.000139860830,0.000000000000,0.000000000000,0.000100435009,0.000000000000,0.000000000000,0.000099832573,0.000000000000,0.000000000000,0.000100184676,0.000000000000,0.000000000000,0.000073205331,0.000000000000,0.000000000000,0.000079628878,0.000000000000,0.000000000000,0.000080839147,0.000000000000,0.000000000000,0.000067495106,0.000000000000,0.000000000000,0.000071700078,0.000000000000,0.000000000000,0.000073202628,0.000000000000,0.000000000000,0.000046331137,0.000000000000,0.000000000000,0.000051831052,0.000000000000,0.000000000000,0.000052982512
827,0.000000000000,0.000000000000,0.000137400987,0.000000000000,0.000000000000,0.000138630909,0.000000000000,0.000000000000,0.000139860830,0.000000000000,0.000000000000,0.000100435009,0.000000000000,0.000000000000,0.000099832573,0.000000000000,0.000000000000,0.000100184676,0.000000000000,0.000000000000,0.000073205331,0.000000000000,0.000000000000,0.000079628878,0.000000000000,0.000000000000,0.000080839147,0.000000000000,0.000000000000,0.000067495106,0.000000000000,0.000000000000,0.000071700078,0.000000000000,0.000000000000,0.000073202628,0.000000000000,0.000000000000,0.000046428229,0.000000000000,0.000000000000,0.000051831052,0.000000000000,0.000000000000,0.000052982512
828,0.000000000000,0.000000000000,0.000137400987,0.000000000000,0.000000000000,0.000138630909,0.000000000000,0.000000000000,0.000139860830,0.000000000000,0.000000000000,0.000100435009,0.000000000000,0.000000000000,0.000099832573,0.000000000000,0.000000000000,0.000100184676,0.000000000000,0.000000000000,0.000073205331,0.000000000000,0.000000000000,0.000079706410,0.000000000000,0.000000000000,0.000080839147,0.000000000000,0.000000000000,0.000067495106,0.000000000000,0.000000000000,0.000071700078,0.000000000000,0.000000000000,0.000073206012,0.000000000000,0.000000000000,0.000046428229,0.000000000000,0.000000000000,0.000051831052,0.000000000000,0.000000000000,0.000053037159
829,0.000000000000,0.000000000000,0.000137400987,0.000000000000,0.000000000000,0.000138630909,0.000000000000,0.000000000000,0.000139860830,0.000000000000,0.000000000000,0.000100435009,0.000000000000,0.000000000000,0.000099832573,0.000000000000,0.000000000000,0.000100184676,0.000000000000,0.000000000000,0.000073249765,0.000000000000,0.000000000000,0.000079706410,0.000000000000,0.000000000000,0.000080839147,0.000000000000,0.000000000000,0.000067495106,0.000000000000,0.000000000000,0.000071709952,0.000000000000,0.000000000000,0.000073206012,0.000000000000,0.000000000000,0.000046428270,0.000000000000,0.000000000000,0.000051831052,0.000000000000,0.000000000000,0.000053037159
830,0.000000000000,0.000000000000,0.000137400987,0.000000000000,0.000000000000,0.000138630909,0.000000000000,0.000000000000,0.000139860830,0.000000000000,0.000000000000,0.000100435009,0.000000000000,0.000000000000,0.000099832573,0.000000000000,0.000000000000,0.000100184676,0.000000000000,0.000000000000,0.000073249765,0.000000000000,0.000000000000,0.000079706410,0.000000000000,0.000000000000,0.000080839147,0.000000000000,0.000000000000,0.000067495106,0.000000000000,0.000000000000,0.000071709952,0.000000000000,0.000000000000,0.000073206012,0.000000000000,0.000000000000,0.000046428270,0.000000000000,0.000000000000,0.000051833228,0.000000000000,0.000000000000,0.000053037159
831,0.000000000000,0.000000000000,0.000137400987,0.000000000000,0.000000000000,0.000138630909,0.000000000000,0.000000000000,0.000139860830,0.000000000000,0.000000000000,0.000100435009,0.000000000000,0.000000000000,0.000099832573,0.000000000000,0.000000000000,0.000100184676,0.000000000000,0.000000000000,0.000073338321,0.000000000000,0.000000000000,0.000079706410,0.000000000000,0.000000000000,0.000080839147,0.000000000000,0.000000000000,0.000067574108,0.000000000000,0.000000000000,0.000071709952,0.000000000000,0.000000000000,0.000073206012,0.000000000000,0.000000000000,0.000046452397,0.000000000000,0.000000000000,0.000051842854,0.000000000000,0.000000000000,0.000053037159
832,0.000000000000,0.000000000000,0.000137400987,0.000000000000,0.000000000000,0.000138630909,0.000000000000,0.000000000000,0.000139860830,0.000000000000,0.000000000000,0.000100435009,0.000000000000,0.000000000000,0.000099832573,0.000000000000,0.000000000000,0.000100184676,0.000000000000,0.000000000000,0.000073338321,0.000000000000,0.000000000000,0.000079775457,0.000000000000,0.000000000000,0.000080839147,0.000000000000,0.000000000000,0.000067604427,0.000000000000,0.000000000000,0.000071709952,0.000000000000,0.000000000000,0.000073206012,0.000000000000,0.000000000000,0.000046452397,0.000000000000,0.000000000000,0.000051842854,0.000000000000,0.000000000000,0.000053037159
833,0.000000000000,0.000000000000,0.000137400987,0.000000000000,0.000000000000,0.000138630909,0.000000000000,0.000000000000,0.000139860830,0.000000000000,0.000000000000,0.000100435009,0.000000000000,0.000000000000,0.000099832573,0.000000000000,0.000000000000,0.000100184676,0.000000000000,0.000000000000,0.000073347425,0.000000000000,0.000000000000,0.000079775457,0.000000000000,0.000000000000,0.000080839147,0.000000000000,0.000000000000,0.000067604427,0.000000000000,0.000000000000,0.000071709952,0.000000000000,0.000000000000,0.000073206012,0.000000000000,0.000000000000,0.000046457082,0.000000000000,0.000000000000,0.000051842854,0.000000000000,0.000000000000,0.000053037159
834,0.000000000000,0.000000000000,0.000137400987,0.000000000000,0.000000000000,0.000138630909,0.000000000000,0.000000000000,0.000139860830,0.000000000000,0.000000000000,0.000100435009,0.000000000000,0.000000000000,0.000099832573,0.000000000000,0.000000000000,0.000100184676,0.000000000000,0.000000000000,0.000073353415,0.000000000000,0.000000000000,0.000079775457,0.000000000000,0.000000000000,0.000080839147,0.000000000000,0.000000000000,0.000067604427,0.000000000000,0.000000000000,0.000071709952,0.000000000000,0.000000000000,0.000073206012,0.000000000000,0.000000000000,0.000046469522,0.000000000000,0.000000000000,0.000051842854,0.000000000000,0.000000000000,0.000053037159
835,0.000000000000,0.000000000000,0.000137400987,0.000000000000,0.000000000000,0.000138630909,0.000000000000,0.000000000000,0.000139860830,0.000000000000,0.000000000000,0.000100435009,0.000000000000,0.000000000000,0.000099832573,0.000000000000,0.000000000000,0.000100184676,0.000000000000,0.000000000000,0.000073353415,0.000000000000,0.000000000000,0.000079775457,0.000000000000,0.000000000000,0.000080839147,0.000000000000,0.000000000000,0.000067604427,0.000000000000,0.000000000000,0.000071730314,0.000000000000,0.000000000000,0.000073206012,0.000000000000,0.000000000000,0.000046491040,0.000000000000,0.000000000000,0.000051852830,0.000000000000,0.000000000000,0.000053037159
836,0.000000000000,0.000000000000,0.000137400987,0.000000000000,0.000000000000,0.000138630909,0.000000000000,0.000000000000,0.000139860830,0.000000000000,0.000000000000,0.000100435009,0.000000000000,0.000000000000,0.000099832573,0.000000000000,0.000000000000,0.000100184676,0.000000000000,0.000000000000,0.000073353415,0.000000000000,0.000000000000,0.000079775457,0.000000000000,0.000000000000,0.000080839147,0.000000000000,0.000000000000,0.000067604427,0.000000000000,0.000000000000,0.000071730314,0.000000000000,0.000000000000,0.000073206012,0.000000000000,0.000000000000,0.000046523594,0.000000000000,0.000000000000,0.000051852830,0.000000000000,0.000000000000,0.000053075616
837,0.000000000000,0.000000000000,0.000137400987,0.000000000000,0.000000000000,0.000138630909,0.000000000000,0.000000000000,0.000139860830,0.000000000000,0.000000000000,0.000100435009,0.000000000000,0.000000000000,0.000099832573,0.000000000000,0.000000000000,0.000100184676,0.000000000000,0.000000000000,0.000073353415,0.000000000000,0.000000000000,0.000079775457,0.000000000000,0.000000000000,0.000080839147,0.000000000000,0.000000000000,0.000067604427,0.000000000000,0.000000000000,0.000071730314,0.000000000000,0.000000000000,0.000073206012,0.000000000000,0.000000000000,0.000046523594,0.000000000000,0.000000000000,0.000051852830,0.000000000000,0.000000000000,0.000053075616
838,0.000000000000,0.000000000000,0.000137400987,0.000000000000,0.000000000000,0.000138630909,0.000000000000,0.000000000000,0.000139860830,0.000000000000,0.000000000000,0.000100435009,0.000000000000,0.000000000000,0.000099832573,0.000000000000,0.000000000000,0.000100249799,0.000000000000,0.000000000000,0.000073355270,0.000000000000,0.000000000000,0.000079775457,0.000000000000,0.000000000000,0.000080839147,0.000000000000,0.000000000000,0.000067604427,0.000000000000,0.000000000000,0.000071730314,0.000000000000,0.000000000000,0.000073206012,0.000000000000,0.000000000000,0.000046523594,0.000000000000,0.000000000000,0.000051852830,0.000000000000,0.000000000000,0.000053111841
839,0.000000000000,0.000000000000,0.000137400987,0.000000000000,0.000000000000,0.000138630909,0.000000000000,0.000000000000,0.000139860830,0.000000000000,0.000000000000,0.000100435009,0.000000000000,0.000000000000,0.000099855153,0.000000000000,0.000000000000,0.000100249799,0.000000000000,0.000000000000,0.000073355270,0.000000000000,0.000000000000,0.000079775457,0.000000000000,0.000000000000,0.000080839147,0.000000000000,0.000000000000,0.000067604427,0.000000000000,0.000000000000,0.000071730314,0.000000000000,0.000000000000,0.000073206012,0.000000000000,0.000000000000,0.000046523594,0.000000000000,0.000000000000,0.000051894981,0.000000000000,0.000000000000,0.000053111841
840,0.000000000000,0.000000000000,0.000137400987,0.000000000000,0.000000000000,0.000138630909,0.000000000000,0.000000000000,0.000139860830,0.000000000000,0.000000000000,0.000100435009,0.000000000000,0.000000000000,0.000099855153,0.000000000000,0.000000000000,0.000100249799,0.000000000000,0.000000000000,0.000073382066,0.000000000000,0.000000000000,0.000079775457,0.000000000000,0.000000000000,0.000080839147,0.000000000000,0.000000000000,0.000067604427,0.000000000000,0.000000000000,0.000071730314,0.000000000000,0.000000000000,0.000073206012,0.000000000000,0.000000000000,0.000046523594,0.000000000000,0.000000000000,0.000051894981,0.000000000000,0.000000000000,0.000053111841
841,0.000000000000,0.000000000000,0.000137400987,0.000000000000,0.000000000000,0.000138630909,0.000000000000,0.000000000000,0.000139860830,0.000000000000,0.000000000000,0.000100435009,0.000000000000,0.000000000000,0.000099855153,0.000000000000,0.000000000000,0.000100249799,0.000000000000,0.000000000000,0.000073446328,0.000000000000,0.000000000000,0.000079775457,0.000000000000,0.000000000000,0.000081218800,0.000000000000,0.000000000000,0.000067607820,0.000000000000,0.000000000000,0.000071730314,0.000000000000,0.000000000000,0.000073206012,0.000000000000,0.000000000000,0.000046640383,0.000000000000,0.000000000000,0.000051894981,0.000000000000,0.000000000000,0.000053111841
842,0.000000000000,0.000000000000,0.000137400987,0.000000000000,0.000000000000,0.000138630909,0.000000000000,0.000000000000,0.000139860830,0.000000000000,0.000000000000,0.000100435009,0.000000000000,0.000000000000,0.000099855153,0.000000000000,0.000000000000,0.000100249799,0.000000000000,0.000000000000,0.000073446328,0.000000000000,0.000000000000,0.000079778680,0.000000000000,0.000000000000,0.000081378198,0.000000000000,0.000000000000,0.000067607820,0.000000000000,0.000000000000,0.000071730314,0.000000000000,0.000000000000,0.000073206012,0.000000000000,0.000000000000,0.000046640383,0.000000000000,0.000000000000,0.000051972858,0.000000000000,0.000000000000,0.000053111841
843,0.000000000000,0.000000000000,0.000137400987,0.000000000000,0.000000000000,0.000138630909,0.000000000000,0.000000000000,0.000139860830,0.000000000000,0.000000000000,0.000100435009,0.000000000000,0.000000000000,0.000099855153,0.000000000000,0.000000000000,0.000100249799,0.000000000000,0.000000000000,0.000073446328,0.000000000000,0.000000000000,0.000079778680,0.000000000000,0.000000000000,0.000081378198,0.000000000000,0.000000000000,0.000067607820,0.000000000000,0.000000000000,0.000071730314,0.000000000000,0.000000000000,0.000073206012,0.000000000000,0.000000000000,0.000046640383,0.000000000000,0.000000000000,0.000051972858,0.000000000000,0.000000000000,0.000053112819
844,0.000000000000,0.000000000000,0.000137400987,0.000000000000,0.000000000000,0.000138630909,0.000000000000,0.000000000000,0.000139860830,0.000000000000,0.000000000000,0.000100435009,0.000000000000,0.000000000000,0.000099855153,0.000000000000,0.000000000000,0.000100249799,0.000000000000,0.000000000000,0.000073446328,0.000000000000,0.000000000000,0.000079778680,0.000000000000,0.000000000000,0.000081378198,0.000000000000,0.000000000000,0.000067672029,0.000000000000,0.000000000000,0.000071753768,0.000000000000,0.000000000000,0.000073206012,0.000000000000,0.000000000000,0.000046640383,0.000000000000,0.000000000000,0.000051972858,0.000000000000,0.000000000000,0.000053112819
845,0.000000000000,0.000000000000,0.000137400987,0.000000000000,0.000000000000,0.000138630909,0.000000000000,0.000000000000,0.000139860830,0.000000000000,0.000000000000,0.000100435009,0.000000000000,0.000000000000,0.000099855153,0.000000000000,0.000000000000,0.000100249799,0.000000000000,0.000000000000,0.000073446328,0.000000000000,0.000000000000,0.000079778680,0.000000000000,0.000000000000,0.000081378198,0.000000000000,0.000000000000,0.000067672029,0.000000000000,0.000000000000,0.000071753768,0.000000000000,0.000000000000,0.000073206012,0.000000000000,0.000000000000,0.000046640383,0.000000000000,0.000000000000,0.000051972858,0.000000000000,0.000000000000,0.000053112819
846,0.000000000000,0.000000000000,0.000137400987,0.000000000000,0.000000000000,0.000138630909,0.000000000000,0.000000000000,0.000139860830,0.000000000000,0.000000000000,0.000100435009,0.000000000000,0.000000000000,0.000099855153,0.000000000000,0.000000000000,0.000100249799,0.000000000000,0.000000000000,0.000073511801,0.000000000000,0.000000000000,0.000079778680,0.000000000000,0.000000000000,0.000081378198,0.000000000000,0.000000000000,0.000067672029,0.000000000000,0.000000000000,0.000071753768,0.000000000000,0.000000000000,0.000073206012,0.000000000000,0.000000000000,0.000046640383,0.000000000000,0.000000000000,0.000051972858,0.000000000000,0.000000000000,0.000053112819
847,0.000000000000,0.000000000000,0.000137400987,0.000000000000,0.000000000000,0.000138630909,0.000000000000,0.000000000000,0.000139860830,0.000000000000,0.000000000000,0.000100435009,0.000000000000,0.000000000000,0.000099855153,0.000000000000,0.000000000000,0.000100249799,0.000000000000,0.000000000000,0.000073511801,0.000000000000,0.000000000000,0.000079778680,0.000000000000,0.000000000000,0.000081378198,0.000000000000,0.000000000000,0.000067672029,0.000000000000,0.000000000000,0.000071753768,0.000000000000,0.000000000000,0.000073206012,0.000000000000,0.000000000000,0.000046640383,0.000000000000,0.000000000000,0.000051972858,0.000000000000,0.000000000000,0.000053112819
848,0.000000000000,0.000000000000,0.000137400987,0.000000000000,0.000000000000,0.000138630909,0.000000000000,0.000000000000,0.000139860830,0.000000000000,0.000000000000,0.000100435009,0.000000000000,0.000000000000,0.000099855153,0.000000000000,0.000000000000,0.000100249799,0.000000000000,0.000000000000,0.000073511801,0.000000000000,0.000000000000,0.000079778680,0.000000000000,0.000000000000,0.000081378198,0.000000000000,0.000000000000,0.000067997962,0.000000000000,0.000000000000,0.000071753768,0.000000000000,0.000000000000,0.000073206012,0.000000000000,0.000000000000,0.000046681293,0.000000000000,0.000000000000,0.000052072536,0.000000000000,0.000000000000,0.000053196789
849,0.000000000000,0.000000000000,0.000137400987,0.000000000000,0.000000000000,0.000138630909,0.000000000000,0.000000000000,0.000139860830,0.000000000000,0.000000000000,0.000100435009,0.000000000000,0.000000000000,0.000099855153,0.000000000000,0.000000000000,0.000100249799,0.000000000000,0.000000000000,0.000073518996,0.000000000000,0.000000000000,0.000079778680,0.000000000000,0.000000000000,0.000081378198,0.000000000000,0.000000000000,0.000068003106,0.000000000000,0.000000000000,0.000071753768,0.000000000000,0.000000000000,0.000073266310,0.000000000000,0.000000000000,0.000046681293,0.000000000000,0.000000000000,0.000052077834,0.000000000000,0.000000000000,0.000053196789
850,0.000000000000,0.000000000000,0.000137400987,0.000000000000,0.000000000000,0.000138630909,0.000000000000,0.000000000000,0.000139860830,0.000000000000,0.000000000000,0.000100435009,0.000000000000,0.000000000000,0.000099869287,0.000000000000,0.000000000000,0.000100249799,0.000000000000,0.000000000000,0.000073518996,0.000000000000,0.000000000000,0.000079791080,0.000000000000,0.000000000000,0.000081378198,0.000000000000,0.000000000000,0.000068003106,0.000000000000,0.000000000000,0.000071753768,0.000000000000,0.000000000000,0.000073266310,0.000000000000,0.000000000000,0.000046681293,0.000000000000,0.000000000000,0.000052077834,0.000000000000,0.000000000000,0.000053196789
851,0.000000000000,0.000000000000,0.000137400987,0.000000000000,0.000000000000,0.000138630909,0.000000000000,0.000000000000,0.000139860830,0.000000000000,0.000000000000,0.000100435009,0.000000000000,0.000000000000,0.000099992392,0.000000000000,0.000000000000,0.000100287992,0.000000000000,0.000000000000,0.000073518996,0.000000000000,0.000000000000,0.000079796655,0.000000000000,0.000000000000,0.000081378198,0.000000000000,0.000000000000,0.000068003106,0.000000000000,0.000000000000,0.000071753768,0.000000000000,0.000000000000,0.000073266310,0.000000000000,0.000000000000,0.000046681293,0.000000000000,0.000000000000,0.000052077834,0.000000000000,0.000000000000,0.000053196789
852,0.000000000000,0.000000000000,0.000137400987,0.000000000000,0.000000000000,0.000138630909,0.000000000000,0.000000000000,0.000139860830,0.000000000000,0.000000000000,0.000100435009,0.000000000000,0.000000000000,0.000099992392,0.000000000000,0.000000000000,0.000100287992,0.000000000000,0.000000000000,0.000073518996,0.000000000000,0.000000000000,0.000079796655,0.000000000000,0.000000000000,0.000081378198,0.000000000000,0.000000000000,0.000068003106,0.000000000000,0.000000000000,0.000071753768,0.000000000000,0.000000000000,0.000073266310,0.000000000000,0.000000000000,0.000046681293,0.000000000000,0.000000000000,0.000052077834,0.000000000000,0.000000000000,0.000053196789
853,0.000000000000,0.000000000000,0.000137400987,0.000000000000,0.000000000000,0.000138630909,0.000000000000,0.000000000000,0.000139860830,0.000000000000,0.000000000000,0.000100435009,0.000000000000,0.000000000000,0.000099992392,0.000000000000,0.000000000000,0.000100287992,0.000000000000,0.000000000000,0.000073518996,0.000000000000,0.000000000000,0.000079796655,0.000000000000,0.000000000000,0.000081378198,0.000000000000,0.000000000000,0.000068003106,0.000000000000,0.000000000000,0.000071753768,0.000000000000,0.000000000000,0.000073266310,0.000000000000,0.000000000000,0.000046693657,0.000000000000,0.000000000000,0.000052077834,0.000000000000,0.000000000000,0.000053196789
854,0.000000000000,0.000000000000,0.000137400987,0.000000000000,0.000000000000,0.000138630909,0.000000000000,0.000000000000,0.000139860830,0.000000000000,0.000000000000,0.000100435009,0.000000000000,0.000000000000,0.000099992392,0.000000000000,0.000000000000,0.000100287992,0.000000000000,0.000000000000,0.000073518996,0.000000000000,0.000000000000,0.000079796655,0.000000000000,0.000000000000,0.000081378198,0.000000000000,0.000000000000,0.000068003106,0.000000000000,0.000000000000,0.000071753768,0.000000000000,0.000000000000,0.000073266310,0.000000000000,0.000000000000,0.000046693657,0.000000000000,0.000000000000,0.000052077834,0.000000000000,0.000000000000,0.000053203625
855,0.000000000000,0.000000000000,0.000137400987,0.000000000000,0.000000000000,0.000138630909,0.000000000000,0.000000000000,0.000139860830,0.000000000000,0.000000000000,0.000100435009,0.000000000000,0.000000000000,0.000099992392,0.000000000000,0.000000000000,0.000100287992,0.000000000000,0.000000000000,0.000073518996,0.000000000000,0.000000000000,0.000079796655,0.000000000000,0.000000000000,0.000081378198,0.000000000000,0.000000000000,0.000068003106,0.000000000000,0.000000000000,0.000071906961,0.000000000000,0.000000000000,0.000073266310,0.000000000000,0.000000000000,0.000046729797,0.000000000000,0.000000000000,0.000052077834,0.000000000000,0.000000000000,0.000053237160
856,0.000000000000,0.000000000000,0.000137400987,0.000000000000,0.000000000000,0.000138630909,0.000000000000,0.000000000000,0.000139860830,0.000000000000,0.000000000000,0.000100435009,0.000000000000,0.000000000000,0.000099992392,0.000000000000,0.000000000000,0.000100287992,0.000000000000,0.000000000000,0.000073518996,0.000000000000,0.000000000000,0.000079796655,0.000000000000,0.000000000000,0.000081378198,0.000000000000,0.000000000000,0.000068014820,0.000000000000,0.000000000000,0.000071906961,0.000000000000,0.000000000000,0.000073266310,0.000000000000,0.000000000000,0.000046743603,0.000000000000,0.000000000000,0.000052118777,0.000000000000,0.000000000000,0.000053237160
857,0.000000000000,0.000000000000,0.000137400987,0.000000000000,0.000000000000,0.000138630909,0.000000000000,0.000000000000,0.000139860830,0.000000000000,0.000000000000,0.000100435009,0.000000000000,0.000000000000,0.000099992392,0.000000000000,0.000000000000,0.000100287992,0.000000000000,0.000000000000,0.000073518996,0.000000000000,0.000000000000,0.000079796655,0.000000000000,0.000000000000,0.000081378198,0.000000000000,0.000000000000,0.000068014820,0.000000000000,0.000000000000,0.000071906961,0.000000000000,0.000000000000,0.000073302962,0.000000000000,0.000000000000,0.000046750497,0.000000000000,0.000000000000,0.000052118777,0.000000000000,0.000000000000,0.000053237160
858,0.000000000000,0.000000000000,0.000137400987,0.000000000000,0.000000000000,0.000138630909,0.000000000000,0.000000000000,0.000139860830,0.000000000000,0.000000000000,0.000100435009,0.000000000000,0.000000000000,0.000099992392,0.000000000000,0.000000000000,0.000100287992,0.000000000000,0.000000000000,0.000073518996,0.000000000000,0.000000000000,0.000079796655,0.000000000000,0.000000000000,0.000081378198,0.000000000000,0.000000000000,0.000068018624,0.000000000000,0.000000000000,0.000071906961,0.000000000000,0.000000000000,0.000073302962,0.000000000000,0.000000000000,0.000046750497,0.000000000000,0.000000000000,0.000052118777,0.000000000000,0.000000000000,0.000053237160
859,0.000000000000,0.000000000000,0.000137400987,0.000000000000,0.000000000000,0.000138630909,0.000000000000,0.000000000000,0.000139860830,0.000000000000,0.000000000000,0.000100435009,0.000000000000,0.000000000000,0.000099992392,0.000000000000,0.000000000000,0.000100287992,0.000000000000,0.000000000000,0.000073518996,0.000000000000,0.000000000000,0.000079796655,0.000000000000,0.000000000000,0.000081378198,0.000000000000,0.000000000000,0.000068018624,0.000000000000,0.000000000000,0.000071906961,0.000000000000,0.000000000000,0.000073302962,0.000000000000,0.000000000000,0.000046750497,0.000000000000,0.000000000000,0.000052118777,0.000000000000,0.000000000000,0.000053237160
860,0.000000000000,0.000000000000,0.000137400987,0.000000000000,0.000000000000,0.000138630909,0.000000000000,0.000000000000,0.000139860830,0.000000000000,0.000000000000,0.000100435009,0.000000000000,0.000000000000,0.000099992392,0.000000000000,0.000000000000,0.000100369889,0.000000000000,0.000000000000,0.000073518996,0.000000000000,0.000000000000,0.000079796655,0.000000000000,0.000000000000,0.000081378198,0.000000000000,0.000000000000,0.000068018624,0.000000000000,0.000000000000,0.000071906961,0.000000000000,0.000000000000,0.000073302962,0.000000000000,0.000000000000,0.000046750497,0.000000000000,0.000000000000,0.000052119439,0.000000000000,0.000000000000,0.000053237160
861,0.000000000000,0.000000000000,0.000137400987,0.000000000000,0.000000000000,0.000138630909,0.000000000000,0.000000000000,0.000139860830,0.000000000000,0.000000000000,0.000100435009,0.000000000000,0.000000000000,0.000100608782,0.000000000000,0.000000000000,0.000100369889,0.000000000000,0.000000000000,0.000073518996,0.000000000000,0.000000000000,0.000079796655,0.000000000000,0.000000000000,0.000081378198,0.000000000000,0.000000000000,0.000068018624,0.000000000000,0.000000000000,0.000071906961,0.000000000000,0.000000000000,0.000073302962,0.000000000000,0.000000000000,0.000046750497,0.000000000000,0.000000000000,0.000052119439,0.000000000000,0.000000000000,0.000053237160
862,0.000000000000,0.000000000000,0.000137400987,0.000000000000,0.000000000000,0.000138630909,0.000000000000,0.000000000000,0.000139860830,0.000000000000,0.000000000000,0.000100435009,0.000000000000,0.000000000000,0.000100608782,0.000000000000,0.000000000000,0.000100369889,0.000000000000,0.000000000000,0.000073518996,0.000000000000,0.000000000000,0.000079796655,0.000000000000,0.000000000000,0.000081378198,0.000000000000,0.000000000000,0.000068018624,0.000000000000,0.000000000000,0.000071906961,0.000000000000,0.000000000000,0.000073302962,0.000000000000,0.000000000000,0.000046750497,0.000000000000,0.000000000000,0.000052175198,0.000000000000,0.000000000000,0.000053245839
863,0.000000000000,0.000000000000,0.000137400987,0.000000000000,0.000000000000,0.000138630909,0.000000000000,0.000000000000,0.000139860830,0.000000000000,0.000000000000,0.000100435009,0.000000000000,0.000000000000,0.000100608782,0.000000000000,0.000000000000,0.000100369889,0.000000000000,0.000000000000,0.000073518996,0.000000000000,0.000000000000,0.000079796655,0.000000000000,0.000000000000,0.000081378198,0.000000000000,0.000000000000,0.000068035994,0.000000000000,0.000000000000,0.000071906961,0.000000000000,0.000000000000,0.000073302962,0.000000000000,0.000000000000,0.000046750497,0.000000000000,0.000000000000,0.000052176415,0.000000000000,0.000000000000,0.000053245839
864,0.000000000000,0.000000000000,0.000137400987,0.000000000000,0.000000000000,0.000138630909,0.000000000000,0.000000000000,0.000139860830,0.000000000000,0.000000000000,0.000100435009,0.000000000000,0.000000000000,0.000100608782,0.000000000000,0.000000000000,0.000100369889,0.000000000000,0.000000000000,0.000073518996,0.000000000000,0.000000000000,0.000079805137,0.000000000000,0.000000000000,0.000081378198,0.000000000000,0.000000000000,0.000068052399,0.000000000000,0.000000000000,0.000071906961,0.000000000000,0.000000000000,0.000073302962,0.000000000000,0.000000000000,0.000046750497,0.000000000000,0.000000000000,0.000052249004,0.000000000000,0.000000000000,0.000053245839
865,0.000000000000,0.000000000000,0.000137400987,0.000000000000,0.000000000000,0.000138630909,0.000000000000,0.000000000000,0.000139860830,0.000000000000,0.000000000000,0.000100435009,0.000000000000,0.000000000000,0.000100608782,0.000000000000,0.000000000000,0.000100369889,0.000000000000,0.000000000000,0.000073518996,0.000000000000,0.000000000000,0.000079805137,0.000000000000,0.000000000000,0.000081378198,0.000000000000,0.000000000000,0.000068052399,0.000000000000,0.000000000000,0.000071906961,0.000000000000,0.000000000000,0.000073302962,0.000000000000,0.000000000000,0.000046750497,0.000000000000,0.000000000000,0.000052249004,0.000000000000,0.000000000000,0.000053245839
866,0.000000000000,0.000000000000,0.000137400987,0.000000000000,0.000000000000,0.000138630909,0.000000000000,0.000000000000,0.000139860830,0.000000000000,0.000000000000,0.000100435009,0.000000000000,0.000000000000,0.000100780047,0.000000000000,0.000000000000,0.000100369889,0.000000000000,0.000000000000,0.000073518996,0.000000000000,0.000000000000,0.000079805137,0.000000000000,0.000000000000,0.000081378198,0.000000000000,0.000000000000,0.000068087518,0.000000000000,0.000000000000,0.000071906961,0.000000000000,0.000000000000,0.000073302962,0.000000000000,0.000000000000,0.000046757888,0.000000000000,0.000000000000,0.000052255815,0.000000000000,0.000000000000,0.000053245839
867,0.000000000000,0.000000000000,0.000137400987,0.000000000000,0.000000000000,0.000138630909,0.000000000000,0.000000000000,0.000139860830,0.000000000000,0.000000000000,0.000100435009,0.000000000000,0.000000000000,0.000100780047,0.000000000000,0.000000000000,0.000100369889,0.000000000000,0.000000000000,0.000073518996,0.000000000000,0.000000000000,0.000079805137,0.000000000000,0.000000000000,0.000081378198,0.000000000000,0.000000000000,0.000068087518,0.000000000000,0.000000000000,0.000071906961,0.000000000000,0.000000000000,0.000073302962,0.000000000000,0.000000000000,0.000046757888,0.000000000000,0.000000000000,0.000052330126,0.000000000000,0.000000000000,0.000053245839
868,0.000000000000,0.000000000000,0.000137400987,0.000000000000,0.000000000000,0.000138630909,0.000000000000,0.000000000000,0.000139860830,0.000000000000,0.000000000000,0.000100435009,0.000000000000,0.000000000000,0.000100780047,0.000000000000,0.000000000000,0.000100369889,0.000000000000,0.000000000000,0.000073518996,0.000000000000,0.000000000000,0.000079805137,0.000000000000,0.000000000000,0.000081378198,0.000000000000,0.000000000000,0.000068087518,0.000000000000,0.000000000000,0.000071906961,0.000000000000,0.000000000000,0.000073334049,0.000000000000,0.000000000000,0.000046757888,0.000000000000,0.000000000000,0.000052347996,0.000000000000,0.000000000000,0.000053282652
869,0.000000000000,0.000000000000,0.000137400987,0.000000000000,0.000000000000,0.000138630909,0.000000000000,0.000000000000,0.000139860830,0.000000000000,0.000000000000,0.000100435009,0.000000000000,0.000000000000,0.000100780047,0.000000000000,0.000000000000,0.000100369889,0.000000000000,0.000000000000,0.000073518996,0.000000000000,0.000000000000,0.000079805137,0.000000000000,0.000000000000,0.000081378198,0.000000000000,0.000000000000,0.000068087518,0.000000000000,0.000000000000,0.000071906961,0.000000000000,0.000000000000,0.000073334049,0.000000000000,0.000000000000,0.000046757888,0.000000000000,0.000000000000,0.000052362518,0.000000000000,0.000000000000,0.000053282652
870,0.000000000000,0.000000000000,0.000137400987,0.000000000000,0.000000000000,0.000138630909,0.000000000000,0.000000000000,0.000139860830,0.000000000000,0.000000000000,0.000100435009,0.000000000000,0.000000000000,0.000100780047,0.000000000000,0.000000000000,0.000100369889,0.000000000000,0.000000000000,0.000073524540,0.000000000000,0.000000000000,0.000079805137,0.000000000000,0.000000000000,0.000081378198,0.000000000000,0.000000000000,0.000068087518,0.000000000000,0.000000000000,0.000071906961,0.000000000000,0.000000000000,0.000073334049,0.000000000000,0.000000000000,0.000046758461,0.000000000000,0.000000000000,0.000052362518,0.000000000000,0.000000000000,0.000053282652
871,0.000000000000,0.000000000000,0.000137400987,0.000000000000,0.000000000000,0.000138630909,0.000000000000,0.000000000000,0.000139860830,0.000000000000,0.000000000000,0.000100435009,0.000000000000,0.000000000000,0.000100780047,0.000000000000,0.000000000000,0.000100369889,0.000000000000,0.000000000000,0.000073524540,0.000000000000,0.000000000000,0.000079805137,0.000000000000,0.000000000000,0.000081378198,0.000000000000,0.000000000000,0.000068087518,0.000000000000,0.000000000000,0.000071906961,0.000000000000,0.000000000000,0.000073334049,0.000000000000,0.000000000000,0.000046801994,0.000000000000,0.000000000000,0.000052362518,0.000000000000,0.000000000000,0.000053284099
872,0.000000000000,0.000000000000,0.000137400987,0.000000000000,0.000000000000,0.000138630909,0.000000000000,0.000000000000,0.000139860830,0.000000000000,0.000000000000,0.000100435009,0.000000000000,0.000000000000,0.000100788368,0.000000000000,0.000000000000,0.000100369889,0.000000000000,0.000000000000,0.000073524540,0.000000000000,0.000000000000,0.000079805137,0.000000000000,0.000000000000,0.000081378198,0.000000000000,0.000000000000,0.000068087518,0.000000000000,0.000000000000,0.000071934842,0.000000000000,0.000000000000,0.000073334049,0.000000000000,0.000000000000,0.000046801994,0.000000000000,0.000000000000,0.000052362518,0.000000000000,0.000000000000,0.000053284099
873,0.000000000000,0.000000000000,0.000137400987,0.000000000000,0.000000000000,0.000138630909,0.000000000000,0.000000000000,0.000139860830,0.000000000000,0.000000000000,0.000100435009,0.000000000000,0.000000000000,0.000100788368,0.000000000000,0.000000000000,0.000100369889,0.000000000000,0.000000000000,0.000073524540,0.000000000000,0.000000000000,0.000079818973,0.000000000000,0.000000000000,0.000081378198,0.000000000000,0.000000000000,0.000068087518,0.000000000000,0.000000000000,0.000071934842,0.000000000000,0.000000000000,0.000073334049,0.000000000000,0.000000000000,0.000046801994,0.000000000000,0.000000000000,0.000052362518,0.000000000000,0.000000000000,0.000053284099
874,0.000000000000,0.000000000000,0.000137400987,0.000000000000,0.000000000000,0.000138630909,0.000000000000,0.000000000000,0.000139860830,0.000000000000,0.000000000000,0.000100435009,0.000000000000,0.000000000000,0.000100788368,0.000000000000,0.000000000000,0.000100369889,0.000000000000,0.000000000000,0.000073524540,0.000000000000,0.000000000000,0.000079818973,0.000000000000,0.000000000000,0.000081378198,0.000000000000,0.000000000000,0.000068087518,0.000000000000,0.000000000000,0.000071934842,0.000000000000,0.000000000000,0.000073334049,0.000000000000,0.000000000000,0.000046801994,0.000000000000,0.000000000000,0.000052362518,0.000000000000,0.000000000000,0.000053284099
875,0.000000000000,0.000000000000,0.000137400987,0.000000000000,0.000000000000,0.000138630909,0.000000000000,0.000000000000,0.000139860830,0.000000000000,0.000000000000,0.000100435009,0.000000000000,0.000000000000,0.000100788368,0.000000000000,0.000000000000,0.000100369889,0.000000000000,0.000000000000,0.000073524540,0.000000000000,0.000000000000,0.000079818973,0.000000000000,0.000000000000,0.000081378198,0.000000000000,0.000000000000,0.000068087518,0.000000000000,0.000000000000,0.000071934842,0.000000000000,0.000000000000,0.000073334049,0.000000000000,0.000000000000,0.000046839729,0.000000000000,0.000000000000,0.000052362518,0.000000000000,0.000000000000,0.000053297579
876,0.000000000000,0.000000000000,0.000137400987,0.000000000000,0.000000000000,0.000138630909,0.000000000000,0.000000000000,0.000139860830,0.000000000000,0.000000000000,0.000100435009,0.000000000000,0.000000000000,0.000100788368,0.000000000000,0.000000000000,0.000100369889,0.000000000000,0.000000000000,0.000073524540,0.000000000000,0.000000000000,0.000079818973,0.000000000000,0.000000000000,0.000081378198,0.000000000000,0.000000000000,0.000068267845,0.000000000000,0.000000000000,0.000072000987,0.000000000000,0.000000000000,0.000073334049,0.000000000000,0.000000000000,0.000046839729,0.000000000000,0.000000000000,0.000052362518,0.000000000000,0.000000000000,0.000053297579
877,0.000000000000,0.000000000000,0.000137400987,0.000000000000,0.000000000000,0.000138630909,0.000000000000,0.000000000000,0.000139860830,0.000000000000,0.000000000000,0.000100435009,0.000000000000,0.000000000000,0.000100788368,0.000000000000,0.000000000000,0.000100369889,0.000000000000,0.000000000000,0.000073524540,0.000000000000,0.000000000000,0.000079818973,0.000000000000,0.000000000000,0.000081378198,0.000000000000,0.000000000000,0.000068267845,0.000000000000,0.000000000000,0.000072000987,0.000000000000,0.000000000000,0.000073334049,0.000000000000,0.000000000000,0.000046872275,0.000000000000,0.000000000000,0.000052362521,0.000000000000,0.000000000000,0.000053297579
878,0.000000000000,0.000000000000,0.000137400987,0.000000000000,0.000000000000,0.000138630909,0.000000000000,0.000000000000,0.000139860830,0.000000000000,0.000000000000,0.000100435009,0.000000000000,0.000000000000,0.000100788368,0.000000000000,0.000000000000,0.000100369889,0.000000000000,0.000000000000,0.000073524540,0.000000000000,0.000000000000,0.000079818973,0.000000000000,0.000000000000,0.000081378198,0.000000000000,0.000000000000,0.000068267845,0.000000000000,0.000000000000,0.000072000987,0.000000000000,0.000000000000,0.000073334049,0.000000000000,0.000000000000,0.000046887278,0.000000000000,0.000000000000,0.000052362521,0.000000000000,0.000000000000,0.000053397873
879,0.000000000000,0.000000000000,0.000137400987,0.000000000000,0.000000000000,0.000138630909,0.000000000000,0.000000000000,0.000139860830,0.000000000000,0.000000000000,0.000100435009,0.000000000000,0.000000000000,0.000100788368,0.000000000000,0.000000000000,0.000100369889,0.000000000000,0.000000000000,0.000073524540,0.000000000000,0.000000000000,0.000079818973,0.000000000000,0.000000000000,0.000081378198,0.000000000000,0.000000000000,0.000068267845,0.000000000000,0.000000000000,0.000072000987,0.000000000000,0.000000000000,0.000073334049,0.000000000000,0.000000000000,0.000046887278,0.000000000000,0.000000000000,0.000052369452,0.000000000000,0.000000000000,0.000053482276
880,0.000000000000,0.000000000000,0.000137400987,0.000000000000,0.000000000000,0.000138630909,0.000000000000,0.000000000000,0.000139860830,0.000000000000,0.000000000000,0.000100435009,0.000000000000,0.000000000000,0.000100788368,0.000000000000,0.000000000000,0.000100369889,0.000000000000,0.000000000000,0.000073524540,0.000000000000,0.000000000000,0.000079818973,0.000000000000,0.000000000000,0.000081378198,0.000000000000,0.000000000000,0.000068267845,0.000000000000,0.000000000000,0.000072000987,0.000000000000,0.000000000000,0.000073334049,0.000000000000,0.000000000000,0.000046889405,0.000000000000,0.000000000000,0.000052495173,0.000000000000,0.000000000000,0.000053495923
881,0.000000000000,0.000000000000,0.000137400987,0.000000000000,0.000000000000,0.000138630909,0.000000000000,0.000000000000,0.000139860830,0.000000000000,0.000000000000,0.000100435009,0.000000000000,0.000000000000,0.000100788368,0.000000000000,0.000000000000,0.000100369889,0.000000000000,0.000000000000,0.000073524540,0.000000000000,0.000000000000,0.000079818973,0.000000000000,0.000000000000,0.000081378198,0.000000000000,0.000000000000,0.000068267845,0.000000000000,0.000000000000,0.000072000987,0.000000000000,0.000000000000,0.000073334049,0.000000000000,0.000000000000,0.000046889405,0.000000000000,0.000000000000,0.000052501426,0.000000000000,0.000000000000,0.000053499312
882,0.000000000000,0.000000000000,0.000137400987,0.000000000000,0.000000000000,0.000138630909,0.000000000000,0.000000000000,0.000139860830,0.000000000000,0.000000000000,0.000100435009,0.000000000000,0.000000000000,0.000100788368,0.000000000000,0.000000000000,0.000100369889,0.000000000000,0.000000000000,0.000073524540,0.000000000000,0.000000000000,0.000079818973,0.000000000000,0.000000000000,0.000081378198,0.000000000000,0.000000000000,0.000068383255,0.000000000000,0.000000000000,0.000072000987,0.000000000000,0.000000000000,0.000073334049,0.000000000000,0.000000000000,0.000046922502,0.000000000000,0.000000000000,0.000052501426,0.000000000000,0.000000000000,0.000053499312
883,0.000000000000,0.000000000000,0.000137400987,0.000000000000,0.000000000000,0.000138630909,0.000000000000,0.000000000000,0.000139860830,0.000000000000,0.000000000000,0.000100435009,0.000000000000,0.000000000000,0.000100788368,0.000000000000,0.000000000000,0.000100369889,0.000000000000,0.000000000000,0.000073524540,0.000000000000,0.000000000000,0.000079818973,0.000000000000,0.000000000000,0.000081378198,0.000000000000,0.000000000000,0.000068383255,0.000000000000,0.000000000000,0.000072000987,0.000000000000,0.000000000000,0.000073334049,0.000000000000,0.000000000000,0.000046922502,0.000000000000,0.000000000000,0.000052501426,0.000000000000,0.000000000000,0.000053656037
884,0.000000000000,0.000000000000,0.000137400987,0.000000000000,0.000000000000,0.000138630909,0.000000000000,0.000000000000,0.000139860830,0.000000000000,0.000000000000,0.000100435009,0.000000000000,0.000000000000,0.000100788368,0.000000000000,0.000000000000,0.000100369889,0.000000000000,0.000000000000,0.000073524540,0.000000000000,0.000000000000,0.000079818973,0.000000000000,0.000000000000,0.000081378198,0.000000000000,0.000000000000,0.000068383255,0.000000000000,0.000000000000,0.000072000987,0.000000000000,0.000000000000,0.000073334049,0.000000000000,0.000000000000,0.000046922502,0.000000000000,0.000000000000,0.000052501426,0.000000000000,0.000000000000,0.000053656037
885,0.000000000000,0.000000000000,0.000137400987,0.000000000000,0.000000000000,0.000138630909,0.000000000000,0.000000000000,0.000139860830,0.000000000000,0.000000000000,0.000100435009,0.000000000000,0.000000000000,0.000100788368,0.000000000000,0.000000000000,0.000100369889,0.000000000000,0.000000000000,0.000073524540,0.000000000000,0.000000000000,0.000079818973,0.000000000000,0.000000000000,0.000081378198,0.000000000000,0.000000000000,0.000068383255,0.000000000000,0.000000000000,0.000072000987,0.000000000000,0.000000000000,0.000073334049,0.000000000000,0.000000000000,0.000046922502,0.000000000000,0.000000000000,0.000052501426,0.000000000000,0.000000000000,0.000053656037
886,0.000000000000,0.000000000000,0.000137400987,0.000000000000,0.000000000000,0.000138630909,0.000000000000,0.000000000000,0.000139860830,0.000000000000,0.000000000000,0.000100435009,0.000000000000,0.000000000000,0.000100788368,0.000000000000,0.000000000000,0.000100369889,0.000000000000,0.000000000000,0.000073524540,0.000000000000,0.000000000000,0.000079818973,0.000000000000,0.000000000000,0.000081378198,0.000000000000,0.000000000000,0.000068383255,0.000000000000,0.000000000000,0.000072000987,0.000000000000,0.000000000000,0.000073334049,0.000000000000,0.000000000000,0.000046922502,0.000000000000,0.000000000000,0.000052501426,0.000000000000,0.000000000000,0.000053656037
887,0.000000000000,0.000000000000,0.000137400987,0.000000000000,0.000000000000,0.000138630909,0.000000000000,0.000000000000,0.000139860830,0.000000000000,0.000000000000,0.000100435009,0.000000000000,0.000000000000,0.000100838484,0.000000000000,0.000000000000,0.000100369889,0.000000000000,0.000000000000,0.000073616322,0.000000000000,0.000000000000,0.000079839929,0.000000000000,0.000000000000,0.000081378198,0.000000000000,0.000000000000,0.000068383255,0.000000000000,0.000000000000,0.000072000987,0.000000000000,0.000000000000,0.000073334049,0.000000000000,0.000000000000,0.000046951925,0.000000000000,0.000000000000,0.000052501426,0.000000000000,0.000000000000,0.000053656037
888,0.000000000000,0.000000000000,0.000137400987,0.000000000000,0.000000000000,0.000138630909,0.000000000000,0.000000000000,0.000139860830,0.000000000000,0.000000000000,0.000100435009,0.000000000000,0.000000000000,0.000100838484,0.000000000000,0.000000000000,0.000100369889,0.000000000000,0.000000000000,0.000073616322,0.000000000000,0.000000000000,0.000079839929,0.000000000000,0.000000000000,0.000081378198,0.000000000000,0.000000000000,0.000068383255,0.000000000000,0.000000000000,0.000072000987,0.000000000000,0.000000000000,0.000073338970,0.000000000000,0.000000000000,0.000046951925,0.000000000000,0.000000000000,0.000052621885,0.000000000000,0.000000000000,0.000053656037
889,0.000000000000,0.000000000000,0.000137400987,0.000000000000,0.000000000000,0.000138630909,0.000000000000,0.000000000000,0.000139860830,0.000000000000,0.000000000000,0.000100435009,0.000000000000,0.000000000000,0.000100838484,0.000000000000,0.000000000000,0.000100369889,0.000000000000,0.000000000000,0.000073616322,0.000000000000,0.000000000000,0.000079839929,0.000000000000,0.000000000000,0.000081378198,0.000000000000,0.000000000000,0.000068458921,0.000000000000,0.000000000000,0.000072000987,0.000000000000,0.000000000000,0.000073351561,0.000000000000,0.000000000000,0.000046951925,0.000000000000,0.000000000000,0.000052621885,0.000000000000,0.000000000000,0.000053683884
890,0.000000000000,0.000000000000,0.000137400987,0.000000000000,0.000000000000,0.000138630909,0.000000000000,0.000000000000,0.000139860830,0.000000000000,0.000000000000,0.000100435009,0.000000000000,0.000000000000,0.000100838484,0.000000000000,0.000000000000,0.000100369889,0.000000000000,0.000000000000,0.000073616322,0.000000000000,0.000000000000,0.000079839929,0.000000000000,0.000000000000,0.000081378198,0.000000000000,0.000000000000,0.000068458921,0.000000000000,0.000000000000,0.000072213568,0.000000000000,0.000000000000,0.000073351561,0.000000000000,0.000000000000,0.000046956729,0.000000000000,0.000000000000,0.000052733828,0.000000000000,0.000000000000,0.000053739222
891,0.000000000000,0.000000000000,0.000137400987,0.000000000000,0.000000000000,0.000138630909,0.000000000000,0.000000000000,0.000139860830,0.000000000000,0.000000000000,0.000100435009,0.000000000000,0.000000000000,0.000100838484,0.000000000000,0.000000000000,0.000100369889,0.000000000000,0.000000000000,0.000073616322,0.000000000000,0.000000000000,0.000079839929,0.000000000000,0.000000000000,0.000081378198,0.000000000000,0.000000000000,0.000068458921,0.000000000000,0.000000000000,0.000072213568,0.000000000000,0.000000000000,0.000073351561,0.000000000000,0.000000000000,0.000046956729,0.000000000000,0.000000000000,0.000052733828,0.000000000000,0.000000000000,0.000053739222
892,0.000000000000,0.000000000000,0.000137400987,0.000000000000,0.000000000000,0.000138630909,0.000000000000,0.000000000000,0.000139860830,0.000000000000,0.000000000000,0.000100435009,0.000000000000,0.000000000000,0.000100838484,0.000000000000,0.000000000000,0.000100369889,0.000000000000,0.000000000000,0.000073616322,0.000000000000,0.000000000000,0.000079839929,0.000000000000,0.000000000000,0.000081378198,0.000000000000,0.000000000000,0.000068458921,0.000000000000,0.000000000000,0.000072213568,0.000000000000,0.000000000000,0.000073351561,0.000000000000,0.000000000000,0.000046956729,0.000000000000,0.000000000000,0.000052762255,0.000000000000,0.000000000000,0.000053762101
893,0.000000000000,0.000000000000,0.000137400987,0.000000000000,0.000000000000,0.000138630909,0.000000000000,0.000000000000,0.000139860830,0.000000000000,0.000000000000,0.000100435009,0.000000000000,0.000000000000,0.000100838484,0.000000000000,0.000000000000,0.000100369889,0.000000000000,0.000000000000,0.000073616322,0.000000000000,0.000000000000,0.000079839929,0.000000000000,0.000000000000,0.000081378198,0.000000000000,0.000000000000,0.000068458921,0.000000000000,0.000000000000,0.000072213568,0.000000000000,0.000000000000,0.000073351561,0.000000000000,0.000000000000,0.000046957179,0.000000000000,0.000000000000,0.000052762255,0.000000000000,0.000000000000,0.000053762101
894,0.000000000000,0.000000000000,0.000137400987,0.000000000000,0.000000000000,0.000138630909,0.000000000000,0.000000000000,0.000139860830,0.000000000000,0.000000000000,0.000100435009,0.000000000000,0.000000000000,0.000100838484,0.000000000000,0.000000000000,0.000100369889,0.000000000000,0.000000000000,0.000073616322,0.000000000000,0.000000000000,0.000079839929,0.000000000000,0.000000000000,0.000081378198,0.000000000000,0.000000000000,0.000068462884,0.000000000000,0.000000000000,0.000072214011,0.000000000000,0.000000000000,0.000073351561,0.000000000000,0.000000000000,0.000046960717,0.000000000000,0.000000000000,0.000052762255,0.000000000000,0.000000000000,0.000053762101
895,0.000000000000,0.000000000000,0.000137400987,0.000000000000,0.000000000000,0.000138630909,0.000000000000,0.000000000000,0.000139860830,0.000000000000,0.000000000000,0.000100435009,0.000000000000,0.000000000000,0.000100838484,0.000000000000,0.000000000000,0.000100369889,0.000000000000,0.000000000000,0.000073616322,0.000000000000,0.000000000000,0.000079839929,0.000000000000,0.000000000000,0.000081378198,0.000000000000,0.000000000000,0.000068462884,0.000000000000,0.000000000000,0.000072224579,0.000000000000,0.000000000000,0.000073351561,0.000000000000,0.000000000000,0.000047032584,0.000000000000,0.000000000000,0.000052788049,0.000000000000,0.000000000000,0.000053762101
896,0.000000000000,0.000000000000,0.000137400987,0.000000000000,0.000000000000,0.000138630909,0.000000000000,0.000000000000,0.000139860830,0.000000000000,0.000000000000,0.000100435009,0.000000000000,0.000000000000,0.000100838484,0.000000000000,0.000000000000,0.000100369889,0.000000000000,0.000000000000,0.000073616322,0.000000000000,0.000000000000,0.000079839929,0.000000000000,0.000000000000,0.000081378198,0.000000000000,0.000000000000,0.000068462884,0.000000000000,0.000000000000,0.000072224579,0.000000000000,0.000000000000,0.000073351561,0.000000000000,0.000000000000,0.000047032584,0.000000000000,0.000000000000,0.000052829188,0.000000000000,0.000000000000,0.000053831667
897,0.000000000000,0.000000000000,0.000137400987,0.000000000000,0.000000000000,0.000138630909,0.000000000000,0.000000000000,0.000139860830,0.000000000000,0.000000000000,0.000100435009,0.000000000000,0.000000000000,0.000100838484,0.000000000000,0.000000000000,0.000100369889,0.000000000000,0.000000000000,0.000073616322,0.000000000000,0.000000000000,0.000079839929,0.000000000000,0.000000000000,0.000081378198,0.000000000000,0.000000000000,0.000068462884,0.000000000000,0.000000000000,0.000072224579,0.000000000000,0.000000000000,0.000073351561,0.000000000000,0.000000000000,0.000047032584,0.000000000000,0.000000000000,0.000052836668,0.000000000000,0.000000000000,0.000053831667
898,0.000000000000,0.000000000000,0.000137400987,0.000000000000,0.000000000000,0.000138630909,0.000000000000,0.000000000000,0.000139860830,0.000000000000,0.000000000000,0.000100435009,0.000000000000,0.000000000000,0.000100838484,0.000000000000,0.000000000000,0.000100369889,0.000000000000,0.000000000000,0.000073616322,0.000000000000,0.000000000000,0.000079839929,0.000000000000,0.000000000000,0.000081378198,0.000000000000,0.000000000000,0.000068679037,0.000000000000,0.000000000000,0.000072416264,0.000000000000,0.000000000000,0.000073351561,0.000000000000,0.000000000000,0.000047032584,0.000000000000,0.000000000000,0.000052836668,0.000000000000,0.000000000000,0.000053838720
899,0.000000000000,0.000000000000,0.000137400987,0.000000000000,0.000000000000,0.000138630909,0.000000000000,0.000000000000,0.000139860830,0.000000000000,0.000000000000,0.000100435009,0.000000000000,0.000000000000,0.000100838484,0.000000000000,0.000000000000,0.000100369889,0.000000000000,0.000000000000,0.000073616322,0.000000000000,0.000000000000,0.000079839929,0.000000000000,0.000000000000,0.000081378198,0.000000000000,0.000000000000,0.000068679037,0.000000000000,0.000000000000,0.000072416264,0.000000000000,0.000000000000,0.000073351561,0.000000000000,0.000000000000,0.000047129477,0.000000000000,0.000000000000,0.000052855434,0.000000000000,0.000000000000,0.000053838720
900,0.000000000000,0.000000000000,0.000137400987,0.000000000000,0.000000000000,0.000138630909,0.000000000000,0.000000000000,0.000139860830,0.000000000000,0.000000000000,0.000100435009,0.000000000000,0.000000000000,0.000100838484,0.000000000000,0.000000000000,0.000100369889,0.000000000000,0.000000000000,0.000073616322,0.000000000000,0.000000000000,0.000079839929,0.000000000000,0.000000000000,0.000081378198,0.000000000000,0.000000000000,0.000068679037,0.000000000000,0.000000000000,0.000072416264,0.000000000000,0.000000000000,0.000073351561,0.000000000000,0.000000000000,0.000047129477,0.000000000000,0.000000000000,0.000052887119,0.000000000000,0.000000000000,0.000053838720
901,0.000000000000,0.000000000000,0.000137400987,0.000000000000,0.000000000000,0.000138630909,0.000000000000,0.000000000000,0.000139860830,0.000000000000,0.000000000000,0.000100435009,0.000000000000,0.000000000000,0.000100838484,0.000000000000,0.000000000000,0.000100369889,0.000000000000,0.000000000000,0.000073616322,0.000000000000,0.000000000000,0.000079839929,0.000000000000,0.000000000000,0.000081378198,0.000000000000,0.000000000000,0.000068685542,0.000000000000,0.000000000000,0.000072460405,0.000000000000,0.000000000000,0.000073351561,0.000000000000,0.000000000000,0.000047129477,0.000000000000,0.000000000000,0.000052887119,0.000000000000,0.000000000000,0.000053838720
902,0.000000000000,0.000000000000,0.000137400987,0.000000000000,0.000000000000,0.000138630909,0.000000000000,0.000000000000,0.000139860830,0.000000000000,0.000000000000,0.000100435009,0.000000000000,0.000000000000,0.000100838484,0.000000000000,0.000000000000,0.000100369889,0.000000000000,0.000000000000,0.000073775964,0.000000000000,0.000000000000,0.000079839929,0.000000000000,0.000000000000,0.000081378198,0.000000000000,0.000000000000,0.000068685542,0.000000000000,0.000000000000,0.000072460405,0.000000000000,0.000000000000,0.000073351561,0.000000000000,0.000000000000,0.000047129477,0.000000000000,0.000000000000,0.000052887119,0.000000000000,0.000000000000,0.000053875186
903,0.000000000000,0.000000000000,0.000137400987,0.000000000000,0.000000000000,0.000138630909,0.000000000000,0.000000000000,0.000139860830,0.000000000000,0.000000000000,0.000100435009,0.000000000000,0.000000000000,0.000100838484,0.000000000000,0.000000000000,0.000100369889,0.000000000000,0.000000000000,0.000073775964,0.000000000000,0.000000000000,0.000079839929,0.000000000000,0.000000000000,0.000081378198,0.000000000000,0.000000000000,0.000068840808,0.000000000000,0.000000000000,0.000072460405,0.000000000000,0.000000000000,0.000073351561,0.000000000000,0.000000000000,0.000047129477,0.000000000000,0.000000000000,0.000052887756,0.000000000000,0.000000000000,0.000053875341
904,0.000000000000,0.000000000000,0.000137400987,0.000000000000,0.000000000000,0.000138630909,0.000000000000,0.000000000000,0.000139860830,0.000000000000,0.000000000000,0.000100435009,0.000000000000,0.000000000000,0.000100838484,0.000000000000,0.000000000000,0.000100369889,0.000000000000,0.000000000000,0.000073775964,0.000000000000,0.000000000000,0.000079839929,0.000000000000,0.000000000000,0.000081378198,0.000000000000,0.000000000000,0.000068840808,0.000000000000,0.000000000000,0.000072460405,0.000000000000,0.000000000000,0.000073351561,0.000000000000,0.000000000000,0.000047133074,0.000000000000,0.000000000000,0.000052887756,0.000000000000,0.000000000000,0.000053878726
905,0.000000000000,0.000000000000,0.000137400987,0.000000000000,0.000000000000,0.000138630909,0.000000000000,0.000000000000,0.000139860830,0.000000000000,0.000000000000,0.000100435009,0.000000000000,0.000000000000,0.000100838484,0.000000000000,0.000000000000,0.000100369889,0.000000000000,0.000000000000,0.000073775964,0.000000000000,0.000000000000,0.000079839929,0.000000000000,0.000000000000,0.000081378198,0.000000000000,0.000000000000,0.000068840808,0.000000000000,0.000000000000,0.000072460405,0.000000000000,0.000000000000,0.000073351561,0.000000000000,0.000000000000,0.000047133074,0.000000000000,0.000000000000,0.000052888447,0.000000000000,0.000000000000,0.000053878726
906,0.000000000000,0.000000000000,0.000137400987,0.000000000000,0.000000000000,0.000138630909,0.000000000000,0.000000000000,0.000139860830,0.000000000000,0.000000000000,0.000100435009,0.000000000000,0.000000000000,0.000100860234,0.000000000000,0.000000000000,0.000100369889,0.000000000000,0.000000000000,0.000073775964,0.000000000000,0.000000000000,0.000079839929,0.000000000000,0.000000000000,0.000081378198,0.000000000000,0.000000000000,0.000068840808,0.000000000000,0.000000000000,0.000072460405,0.000000000000,0.000000000000,0.000073351561,0.000000000000,0.000000000000,0.000047137718,0.000000000000,0.000000000000,0.000052888447,0.000000000000,0.000000000000,0.000053878726
907,0.000000000000,0.000000000000,0.000137400987,0.000000000000,0.000000000000,0.000138630909,0.000000000000,0.000000000000,0.000139860830,0.000000000000,0.000000000000,0.000100435009,0.000000000000,0.000000000000,0.000100860234,0.000000000000,0.000000000000,0.000100369889,0.000000000000,0.000000000000,0.000073775964,0.000000000000,0.000000000000,0.000079839929,0.000000000000,0.000000000000,0.000081378198,0.000000000000,0.000000000000,0.000068840808,0.000000000000,0.000000000000,0.000072460405,0.000000000000,0.000000000000,0.000073351561,0.000000000000,0.000000000000,0.000047137718,0.000000000000,0.000000000000,0.000052928083,0.000000000000,0.000000000000,0.000053879229
908,0.000000000000,0.000000000000,0.000137400987,0.000000000000,0.000000000000,0.000138630909,0.000000000000,0.000000000000,0.000139860830,0.000000000000,0.000000000000,0.000100435009,0.000000000000,0.000000000000,0.000100860234,0.000000000000,0.000000000000,0.000100369889,0.000000000000,0.000000000000,0.000073775964,0.000000000000,0.000000000000,0.000079839929,0.000000000000,0.000000000000,0.000081378198,0.000000000000,0.000000000000,0.000068840808,0.000000000000,0.000000000000,0.000072460405,0.000000000000,0.000000000000,0.000073351561,0.000000000000,0.000000000000,0.000047137718,0.000000000000,0.000000000000,0.000052928083,0.000000000000,0.000000000000,0.000053879229
909,0.000000000000,0.000000000000,0.000137400987,0.000000000000,0.000000000000,0.000138630909,0.000000000000,0.000000000000,0.000139860830,0.000000000000,0.000000000000,0.000100435009,0.000000000000,0.000000000000,0.000100860234,0.000000000000,0.000000000000,0.000100369889,0.000000000000,0.000000000000,0.000073825779,0.000000000000,0.000000000000,0.000079839929,0.000000000000,0.000000000000,0.000081378198,0.000000000000,0.000000000000,0.000068840808,0.000000000000,0.000000000000,0.000072460405,0.000000000000,0.000000000000,0.000073351561,0.000000000000,0.000000000000,0.000047142002,0.000000000000,0.000000000000,0.000052928083,0.000000000000,0.000000000000,0.000053908211
910,0.000000000000,0.000000000000,0.000137400987,0.000000000000,0.000000000000,0.000138630909,0.000000000000,0.000000000000,0.000139860830,0.000000000000,0.000000000000,0.000100435009,0.000000000000,0.000000000000,0.000100860234,0.000000000000,0.000000000000,0.000100369889,0.000000000000,0.000000000000,0.000073825779,0.000000000000,0.000000000000,0.000079839929,0.000000000000,0.000000000000,0.000081378198,0.000000000000,0.000000000000,0.000068840808,0.000000000000,0.000000000000,0.000072460405,0.000000000000,0.000000000000,0.000073471368,0.000000000000,0.000000000000,0.000047142324,0.000000000000,0.000000000000,0.000052928083,0.000000000000,0.000000000000,0.000053908211
911,0.000000000000,0.000000000000,0.000137400987,0.000000000000,0.000000000000,0.000138630909,0.000000000000,0.000000000000,0.000139860830,0.000000000000,0.000000000000,0.000100435009,0.000000000000,0.000000000000,0.000100860234,0.000000000000,0.000000000000,0.000100369889,0.000000000000,0.000000000000,0.000073825779,0.000000000000,0.000000000000,0.000079839929,0.000000000000,0.000000000000,0.000081378198,0.000000000000,0.000000000000,0.000068840808,0.000000000000,0.000000000000,0.000072460405,0.000000000000,0.000000000000,0.000073471368,0.000000000000,0.000000000000,0.000047142324,0.000000000000,0.000000000000,0.000052928083,0.000000000000,0.000000000000,0.000053908211
912,0.000000000000,0.000000000000,0.000137400987,0.000000000000,0.000000000000,0.000138630909,0.000000000000,0.000000000000,0.000139860830,0.000000000000,0.000000000000,0.000100435009,0.000000000000,0.000000000000,0.000100860234,0.000000000000,0.000000000000,0.000100369889,0.000000000000,0.000000000000,0.000073971505,0.000000000000,0.000000000000,0.000079839929,0.000000000000,0.000000000000,0.000081378198,0.000000000000,0.000000000000,0.000068840808,0.000000000000,0.000000000000,0.000072460405,0.000000000000,0.000000000000,0.000073471368,0.000000000000,0.000000000000,0.000047205523,0.000000000000,0.000000000000,0.000052928083,0.000000000000,0.000000000000,0.000053959786
913,0.000000000000,0.000000000000,0.000137400987,0.000000000000,0.000000000000,0.000138630909,0.000000000000,0.000000000000,0.000139860830,0.000000000000,0.000000000000,0.000100435009,0.000000000000,0.000000000000,0.000100860234,0.000000000000,0.000000000000,0.000100369889,0.000000000000,0.000000000000,0.000073971505,0.000000000000,0.000000000000,0.000079839929,0.000000000000,0.000000000000,0.000081378198,0.000000000000,0.000000000000,0.000068889753,0.000000000000,0.000000000000,0.000072460405,0.000000000000,0.000000000000,0.000073471368,0.000000000000,0.000000000000,0.000047205523,0.000000000000,0.000000000000,0.000052928083,0.000000000000,0.000000000000,0.000053999171
914,0.000000000000,0.000000000000,0.000137400987,0.000000000000,0.000000000000,0.000138630909,0.000000000000,0.000000000000,0.000139860830,0.000000000000,0.000000000000,0.000100435009,0.000000000000,0.000000000000,0.000100860234,0.000000000000,0.000000000000,0.000100369889,0.000000000000,0.000000000000,0.000073971505,0.000000000000,0.000000000000,0.000079839929,0.000000000000,0.000000000000,0.000081378198,0.000000000000,0.000000000000,0.000068889753,0.000000000000,0.000000000000,0.000072460405,0.000000000000,0.000000000000,0.000073471368,0.000000000000,0.000000000000,0.000047205523,0.000000000000,0.000000000000,0.000052928083,0.000000000000,0.000000000000,0.000054020179
915,0.000000000000,0.000000000000,0.000137400987,0.000000000000,0.000000000000,0.000138630909,0.000000000000,0.000000000000,0.000139860830,0.000000000000,0.000000000000,0.000100435009,0.000000000000,0.000000000000,0.000100860234,0.000000000000,0.000000000000,0.000100369889,0.000000000000,0.000000000000,0.000073971505,0.000000000000,0.000000000000,0.000079839929,0.000000000000,0.000000000000,0.000081378198,0.000000000000,0.000000000000,0.000068901690,0.000000000000,0.000000000000,0.000072460405,0.000000000000,0.000000000000,0.000073471368,0.000000000000,0.000000000000,0.000047205523,0.000000000000,0.000000000000,0.000053002991,0.000000000000,0.000000000000,0.000054054175
916,0.000000000000,0.000000000000,0.000137400987,0.000000000000,0.000000000000,0.000138630909,0.000000000000,0.000000000000,0.000139860830,0.000000000000,0.000000000000,0.000100435009,0.000000000000,0.000000000000,0.000100860234,0.000000000000,0.000000000000,0.000100369889,0.000000000000,0.000000000000,0.000074007724,0.000000000000,0.000000000000,0.000079839929,0.000000000000,0.000000000000,0.000081378198,0.000000000000,0.000000000000,0.000068901690,0.000000000000,0.000000000000,0.000072506740,0.000000000000,0.000000000000,0.000073514085,0.000000000000,0.000000000000,0.000047205523,0.000000000000,0.000000000000,0.000053061592,0.000000000000,0.000000000000,0.000054209783
917,0.000000000000,0.000000000000,0.000137400987,0.000000000000,0.000000000000,0.000138630909,0.000000000000,0.000000000000,0.000139860830,0.000000000000,0.000000000000,0.000100435009,0.000000000000,0.000000000000,0.000100860234,0.000000000000,0.000000000000,0.000100369889,0.000000000000,0.000000000000,0.000074007724,0.000000000000,0.000000000000,0.000079839929,0.000000000000,0.000000000000,0.000081378198,0.000000000000,0.000000000000,0.000068901690,0.000000000000,0.000000000000,0.000072506740,0.000000000000,0.000000000000,0.000073514085,0.000000000000,0.000000000000,0.000047205523,0.000000000000,0.000000000000,0.000053061592,0.000000000000,0.000000000000,0.000054214017
918,0.000000000000,0.000000000000,0.000137400987,0.000000000000,0.000000000000,0.000138630909,0.000000000000,0.000000000000,0.000139860830,0.000000000000,0.000000000000,0.000100435009,0.000000000000,0.000000000000,0.000100860234,0.000000000000,0.000000000000,0.000100369889,0.000000000000,0.000000000000,0.000074252902,0.000000000000,0.000000000000,0.000079839929,0.000000000000,0.000000000000,0.000081378198,0.000000000000,0.000000000000,0.000068901690,0.000000000000,0.000000000000,0.000072506740,0.000000000000,0.000000000000,0.000073514085,0.000000000000,0.000000000000,0.000047205523,0.000000000000,0.000000000000,0.000053061592,0.000000000000,0.000000000000,0.000054259279
919,0.000000000000,0.000000000000,0.000137400987,0.000000000000,0.000000000000,0.000138630909,0.000000000000,0.000000000000,0.000139860830,0.000000000000,0.000000000000,0.000100435009,0.000000000000,0.000000000000,0.000100860234,0.000000000000,0.000000000000,0.000100369889,0.000000000000,0.000000000000,0.000074252902,0.000000000000,0.000000000000,0.000079839929,0.000000000000,0.000000000000,0.000081378198,0.000000000000,0.000000000000,0.000068952690,0.000000000000,0.000000000000,0.000072506740,0.000000000000,0.000000000000,0.000073593586,0.000000000000,0.000000000000,0.000047205523,0.000000000000,0.000000000000,0.000053061592,0.000000000000,0.000000000000,0.000054259790
920,0.000000000000,0.000000000000,0.000137400987,0.000000000000,0.000000000000,0.000138630909,0.000000000000,0.000000000000,0.000139860830,0.000000000000,0.000000000000,0.000100435009,0.000000000000,0.000000000000,0.000100860234,0.000000000000,0.000000000000,0.000100369889,0.000000000000,0.000000000000,0.000074252902,0.000000000000,0.000000000000,0.000079839929,0.000000000000,0.000000000000,0.000081378198,0.000000000000,0.000000000000,0.000068952690,0.000000000000,0.000000000000,0.000072560074,0.000000000000,0.000000000000,0.000073593586,0.000000000000,0.000000000000,0.000047205523,0.000000000000,0.000000000000,0.000053061592,0.000000000000,0.000000000000,0.000054259790
921,0.000000000000,0.000000000000,0.000137400987,0.000000000000,0.000000000000,0.000138630909,0.000000000000,0.000000000000,0.000139860830,0.000000000000,0.000000000000,0.000100435009,0.000000000000,0.000000000000,0.000100860234,0.000000000000,0.000000000000,0.000100369889,0.000000000000,0.000000000000,0.000074252902,0.000000000000,0.000000000000,0.000079839929,0.000000000000,0.000000000000,0.000081378198,0.000000000000,0.000000000000,0.000068964837,0.000000000000,0.000000000000,0.000072560074,0.000000000000,0.000000000000,0.000073593586,0.000000000000,0.000000000000,0.000047205523,0.000000000000,0.000000000000,0.000053061592,0.000000000000,0.000000000000,0.000054259790
922,0.000000000000,0.000000000000,0.000137400987,0.000000000000,0.000000000000,0.000138630909,0.000000000000,0.000000000000,0.000139860830,0.000000000000,0.000000000000,0.000100435009,0.000000000000,0.000000000000,0.000100860234,0.000000000000,0.000000000000,0.000100369889,0.000000000000,0.000000000000,0.000074263669,0.000000000000,0.000000000000,0.000079839929,0.000000000000,0.000000000000,0.000081378198,0.000000000000,0.000000000000,0.000069022916,0.000000000000,0.000000000000,0.000072708005,0.000000000000,0.000000000000,0.000073593586,0.000000000000,0.000000000000,0.000047216382,0.000000000000,0.000000000000,0.000053068315,0.000000000000,0.000000000000,0.000054265094
923,0.000000000000,0.000000000000,0.000137400987,0.000000000000,0.000000000000,0.000138630909,0.000000000000,0.000000000000,0.000139860830,0.000000000000,0.000000000000,0.000100435009,0.000000000000,0.000000000000,0.000100860234,0.000000000000,0.000000000000,0.000100369889,0.000000000000,0.000000000000,0.000074421466,0.000000000000,0.000000000000,0.000079839929,0.000000000000,0.000000000000,0.000081378198,0.000000000000,0.000000000000,0.000069022916,0.000000000000,0.000000000000,0.000072708005,0.000000000000,0.000000000000,0.000073593586,0.000000000000,0.000000000000,0.000047216382,0.000000000000,0.000000000000,0.000053087017,0.000000000000,0.000000000000,0.000054268296
924,0.000000000000,0.000000000000,0.000137400987,0.000000000000,0.000000000000,0.000138630909,0.000000000000,0.000000000000,0.000139860830,0.000000000000,0.000000000000,0.000100435009,0.000000000000,0.000000000000,0.000100860234,0.000000000000,0.000000000000,0.000100369889,0.000000000000,0.000000000000,0.000074466487,0.000000000000,0.000000000000,0.000079839929,0.000000000000,0.000000000000,0.000081378198,0.000000000000,0.000000000000,0.000069022916,0.000000000000,0.000000000000,0.000072708005,0.000000000000,0.000000000000,0.000073645210,0.000000000000,0.000000000000,0.000047216382,0.000000000000,0.000000000000,0.000053113406,0.000000000000,0.000000000000,0.000054268296
925,0.000000000000,0.000000000000,0.000137400987,0.000000000000,0.000000000000,0.000138630909,0.000000000000,0.000000000000,0.000139860830,0.000000000000,0.000000000000,0.000100435009,0.000000000000,0.000000000000,0.000100860234,0.000000000000,0.000000000000,0.000100369889,0.000000000000,0.000000000000,0.000074690189,0.000000000000,0.000000000000,0.000079839929,0.000000000000,0.000000000000,0.000081378198,0.000000000000,0.000000000000,0.000069022916,0.000000000000,0.000000000000,0.000072708005,0.000000000000,0.000000000000,0.000073645210,0.000000000000,0.000000000000,0.000047216382,0.000000000000,0.000000000000,0.000053113406,0.000000000000,0.000000000000,0.000054360072
926,0.000000000000,0.000000000000,0.000137400987,0.000000000000,0.000000000000,0.000138630909,0.000000000000,0.000000000000,0.000139860830,0.000000000000,0.000000000000,0.000100435009,0.000000000000,0.000000000000,0.000100860234,0.000000000000,0.000000000000,0.000100369889,0.000000000000,0.000000000000,0.000074690189,0.000000000000,0.000000000000,0.000079839929,0.000000000000,0.000000000000,0.000081378198,0.000000000000,0.000000000000,0.000069022916,0.000000000000,0.000000000000,0.000072739616,0.000000000000,0.000000000000,0.000073645210,0.000000000000,0.000000000000,0.000047233955,0.000000000000,0.000000000000,0.000053113406,0.000000000000,0.000000000000,0.000054365391
927,0.000000000000,0.000000000000,0.000137400987,0.000000000000,0.000000000000,0.000138630909,0.000000000000,0.000000000000,0.000139860830,0.000000000000,0.000000000000,0.000100435009,0.000000000000,0.000000000000,0.000100860234,0.000000000000,0.000000000000,0.000100369889,0.000000000000,0.000000000000,0.000074690189,0.000000000000,0.000000000000,0.000079872925,0.000000000000,0.000000000000,0.000081378198,0.000000000000,0.000000000000,0.000069022916,0.000000000000,0.000000000000,0.000072739616,0.000000000000,0.000000000000,0.000073645210,0.000000000000,0.000000000000,0.000047254232,0.000000000000,0.000000000000,0.000053113406,0.000000000000,0.000000000000,0.000054365391
928,0.000000000000,0.000000000000,0.000137400987,0.000000000000,0.000000000000,0.000138630909,0.000000000000,0.000000000000,0.000139860830,0.000000000000,0.000000000000,0.000100435009,0.000000000000,0.000000000000,0.000100860234,0.000000000000,0.000000000000,0.000100369889,0.000000000000,0.000000000000,0.000074690189,0.000000000000,0.000000000000,0.000079872925,0.000000000000,0.000000000000,0.000081430007,0.000000000000,0.000000000000,0.000069022916,0.000000000000,0.000000000000,0.000072739616,0.000000000000,0.000000000000,0.000073645210,0.000000000000,0.000000000000,0.000047254232,0.000000000000,0.000000000000,0.000053115491,0.000000000000,0.000000000000,0.000054365391
929,0.000000000000,0.000000000000,0.000137400987,0.000000000000,0.000000000000,0.000138630909,0.000000000000,0.000000000000,0.000139860830,0.000000000000,0.000000000000,0.000100435009,0.000000000000,0.000000000000,0.000100860234,0.000000000000,0.000000000000,0.000100369889,0.000000000000,0.000000000000,0.000074690189,0.000000000000,0.000000000000,0.000079872925,0.000000000000,0.000000000000,0.000081430007,0.000000000000,0.000000000000,0.000069022916,0.000000000000,0.000000000000,0.000072739616,0.000000000000,0.000000000000,0.000073645210,0.000000000000,0.000000000000,0.000047254232,0.000000000000,0.000000000000,0.000053115491,0.000000000000,0.000000000000,0.000054369884
930,0.000000000000,0.000000000000,0.000137400987,0.000000000000,0.000000000000,0.000138630909,0.000000000000,0.000000000000,0.000139860830,0.000000000000,0.000000000000,0.000100435009,0.000000000000,0.000000000000,0.000100860234,0.000000000000,0.000000000000,0.000100369889,0.000000000000,0.000000000000,0.000074690189,0.000000000000,0.000000000000,0.000079872925,0.000000000000,0.000000000000,0.000081430007,0.000000000000,0.000000000000,0.000069022916,0.000000000000,0.000000000000,0.000072739616,0.000000000000,0.000000000000,0.000073645210,0.000000000000,0.000000000000,0.000047256673,0.000000000000,0.000000000000,0.000053115491,0.000000000000,0.000000000000,0.000054369884
931,0.000000000000,0.000000000000,0.000137400987,0.000000000000,0.000000000000,0.000138630909,0.000000000000,0.000000000000,0.000139860830,0.000000000000,0.000000000000,0.000100435009,0.000000000000,0.000000000000,0.000100860234,0.000000000000,0.000000000000,0.000100369889,0.000000000000,0.000000000000,0.000074690189,0.000000000000,0.000000000000,0.000080111854,0.000000000000,0.000000000000,0.000081430007,0.000000000000,0.000000000000,0.000069022916,0.000000000000,0.000000000000,0.000072739616,0.000000000000,0.000000000000,0.000073645210,0.000000000000,0.000000000000,0.000047266789,0.000000000000,0.000000000000,0.000053115491,0.000000000000,0.000000000000,0.000054375221
932,0.000000000000,0.000000000000,0.000137400987,0.000000000000,0.000000000000,0.000138630909,0.000000000000,0.000000000000,0.000139860830,0.000000000000,0.000000000000,0.000100435009,0.000000000000,0.000000000000,0.000100860234,0.000000000000,0.000000000000,0.000100369889,0.000000000000,0.000000000000,0.000074690189,0.000000000000,0.000000000000,0.000080304749,0.000000000000,0.000000000000,0.000081430007,0.000000000000,0.000000000000,0.000069022916,0.000000000000,0.000000000000,0.000072739616,0.000000000000,0.000000000000,0.000073645210,0.000000000000,0.000000000000,0.000047267255,0.000000000000,0.000000000000,0.000053265085,0.000000000000,0.000000000000,0.000054398645
933,0.000000000000,0.000000000000,0.000137400987,0.000000000000,0.000000000000,0.000138630909,0.000000000000,0.000000000000,0.000139860830,0.000000000000,0.000000000000,0.000100435009,0.000000000000,0.000000000000,0.000100860234,0.000000000000,0.000000000000,0.000100369889,0.000000000000,0.000000000000,0.000074690189,0.000000000000,0.000000000000,0.000080304749,0.000000000000,0.000000000000,0.000081430007,0.000000000000,0.000000000000,0.000069022916,0.000000000000,0.000000000000,0.000072739616,0.000000000000,0.000000000000,0.000073645210,0.000000000000,0.000000000000,0.000047267255,0.000000000000,0.000000000000,0.000053265085,0.000000000000,0.000000000000,0.000054398645
934,0.000000000000,0.000000000000,0.000137729465,0.000000000000,0.000000000000,0.000138630909,0.000000000000,0.000000000000,0.000139860830,0.000000000000,0.000000000000,0.000100435009,0.000000000000,0.000000000000,0.000100860234,0.000000000000,0.000000000000,0.000100369889,0.000000000000,0.000000000000,0.000074744994,0.000000000000,0.000000000000,0.000080304749,0.000000000000,0.000000000000,0.000081430007,0.000000000000,0.000000000000,0.000069103852,0.000000000000,0.000000000000,0.000072774586,0.000000000000,0.000000000000,0.000073645210,0.000000000000,0.000000000000,0.000047267255,0.000000000000,0.000000000000,0.000053265085,0.000000000000,0.000000000000,0.000054398645
935,0.000000000000,0.000000000000,0.000137729465,0.000000000000,0.000000000000,0.000138630909,0.000000000000,0.000000000000,0.000139860830,0.000000000000,0.000000000000,0.000100435009,0.000000000000,0.000000000000,0.000100860234,0.000000000000,0.000000000000,0.000100369889,0.000000000000,0.000000000000,0.000074744994,0.000000000000,0.000000000000,0.000080304749,0.000000000000,0.000000000000,0.000081430007,0.000000000000,0.000000000000,0.000069103852,0.000000000000,0.000000000000,0.000072774586,0.000000000000,0.000000000000,0.000073645210,0.000000000000,0.000000000000,0.000047267255,0.000000000000,0.000000000000,0.000053295930,0.000000000000,0.000000000000,0.000054398645
936,0.000000000000,0.000000000000,0.000137729465,0.000000000000,0.000000000000,0.000138630909,0.000000000000,0.000000000000,0.000139860830,0.000000000000,0.000000000000,0.000100435009,0.000000000000,0.000000000000,0.000100860234,0.000000000000,0.000000000000,0.000100369889,0.000000000000,0.000000000000,0.000074744994,0.000000000000,0.000000000000,0.000080337692,0.000000000000,0.000000000000,0.000081430007,0.000000000000,0.000000000000,0.000069103852,0.000000000000,0.000000000000,0.000072774586,0.000000000000,0.000000000000,0.000073645210,0.000000000000,0.000000000000,0.000047296667,0.000000000000,0.000000000000,0.000053295930,0.000000000000,0.000000000000,0.000054398645
937,0.000000000000,0.000000000000,0.000137729465,0.000000000000,0.000000000000,0.000138630909,0.000000000000,0.000000000000,0.000139860830,0.000000000000,0.000000000000,0.000100435009,0.000000000000,0.000000000000,0.000100860234,0.000000000000,0.000000000000,0.000100369889,0.000000000000,0.000000000000,0.000074804994,0.000000000000,0.000000000000,0.000080337692,0.000000000000,0.000000000000,0.000081430007,0.000000000000,0.000000000000,0.000069154219,0.000000000000,0.000000000000,0.000072774586,0.000000000000,0.000000000000,0.000073645210,0.000000000000,0.000000000000,0.000047296667,0.000000000000,0.000000000000,0.000053295930,0.000000000000,0.000000000000,0.000054438910
938,0.000000000000,0.000000000000,0.000137729465,0.000000000000,0.000000000000,0.000138630909,0.000000000000,0.000000000000,0.000139860830,0.000000000000,0.000000000000,0.000100435009,0.000000000000,0.000000000000,0.000100860234,0.000000000000,0.000000000000,0.000100369889,0.000000000000,0.000000000000,0.000075003563,0.000000000000,0.000000000000,0.000080337692,0.000000000000,0.000000000000,0.000081430007,0.000000000000,0.000000000000,0.000069154219,0.000000000000,0.000000000000,0.000072774586,0.000000000000,0.000000000000,0.000073645210,0.000000000000,0.000000000000,0.000047296667,0.000000000000,0.000000000000,0.000053295930,0.000000000000,0.000000000000,0.000054438910
939,0.000000000000,0.000000000000,0.000137729465,0.000000000000,0.000000000000,0.000138630909,0.000000000000,0.000000000000,0.000139860830,0.000000000000,0.000000000000,0.000100435009,0.000000000000,0.000000000000,0.000100860234,0.000000000000,0.000000000000,0.000100369889,0.000000000000,0.000000000000,0.000075003563,0.000000000000,0.000000000000,0.000080337692,0.000000000000,0.000000000000,0.000081430007,0.000000000000,0.000000000000,0.000069154219,0.000000000000,0.000000000000,0.000072808543,0.000000000000,0.000000000000,0.000073645210,0.000000000000,0.000000000000,0.000047296667,0.000000000000,0.000000000000,0.000053295930,0.000000000000,0.000000000000,0.000054447490
940,0.000000000000,0.000000000000,0.000137729465,0.000000000000,0.000000000000,0.000138630909,0.000000000000,0.000000000000,0.000139860830,0.000000000000,0.000000000000,0.000100435009,0.000000000000,0.000000000000,0.000100860234,0.000000000000,0.000000000000,0.000100369889,0.000000000000,0.000000000000,0.000075045888,0.000000000000,0.000000000000,0.000080421097,0.000000000000,0.000000000000,0.000081430007,0.000000000000,0.000000000000,0.000069154219,0.000000000000,0.000000000000,0.000072808543,0.000000000000,0.000000000000,0.000073645210,0.000000000000,0.000000000000,0.000047313460,0.000000000000,0.000000000000,0.000053300895,0.000000000000,0.000000000000,0.000054447490
941,0.000000000000,0.000000000000,0.000137729465,0.000000000000,0.000000000000,0.000138630909,0.000000000000,0.000000000000,0.000139860830,0.000000000000,0.000000000000,0.000100435009,0.000000000000,0.000000000000,0.000100860234,0.000000000000,0.000000000000,0.000100369889,0.000000000000,0.000000000000,0.000075045888,0.000000000000,0.000000000000,0.000080421097,0.000000000000,0.000000000000,0.000081430007,0.000000000000,0.000000000000,0.000069154219,0.000000000000,0.000000000000,0.000072808543,0.000000000000,0.000000000000,0.000073645210,0.000000000000,0.000000000000,0.000047320408,0.000000000000,0.000000000000,0.000053300895,0.000000000000,0.000000000000,0.000054447490
942,0.000000000000,0.000000000000,0.000137729465,0.000000000000,0.000000000000,0.000138630909,0.000000000000,0.000000000000,0.000139860830,0.000000000000,0.000000000000,0.000100435009,0.000000000000,0.000000000000,0.000100860234,0.000000000000,0.000000000000,0.000100369889,0.000000000000,0.000000000000,0.000075045888,0.000000000000,0.000000000000,0.000080421097,0.000000000000,0.000000000000,0.000081430007,0.000000000000,0.000000000000,0.000069166573,0.000000000000,0.000000000000,0.000072808543,0.000000000000,0.000000000000,0.000073645210,0.000000000000,0.000000000000,0.000047320408,0.000000000000,0.000000000000,0.000053350789,0.000000000000,0.000000000000,0.000054447490
943,0.000000000000,0.000000000000,0.000137729465,0.000000000000,0.000000000000,0.000138630909,0.000000000000,0.000000000000,0.000139860830,0.000000000000,0.000000000000,0.000100435009,0.000000000000,0.000000000000,0.000100860234,0.000000000000,0.000000000000,0.000100369889,0.000000000000,0.000000000000,0.000075045888,0.000000000000,0.000000000000,0.000080421097,0.000000000000,0.000000000000,0.000081430007,0.000000000000,0.000000000000,0.000069166573,0.000000000000,0.000000000000,0.000072808543,0.000000000000,0.000000000000,0.000073666628,0.000000000000,0.000000000000,0.000047338930,0.000000000000,0.000000000000,0.000053350789,0.000000000000,0.000000000000,0.000054464505
944,0.000000000000,0.000000000000,0.000137729465,0.000000000000,0.000000000000,0.000138630909,0.000000000000,0.000000000000,0.000139860830,0.000000000000,0.000000000000,0.000100435009,0.000000000000,0.000000000000,0.000100860234,0.000000000000,0.000000000000,0.000100369889,0.000000000000,0.000000000000,0.000075045888,0.000000000000,0.000000000000,0.000080421097,0.000000000000,0.000000000000,0.000081430007,0.000000000000,0.000000000000,0.000069166573,0.000000000000,0.000000000000,0.000072808543,0.000000000000,0.000000000000,0.000073666628,0.000000000000,0.000000000000,0.000047338930,0.000000000000,0.000000000000,0.000053350789,0.000000000000,0.000000000000,0.000054464505
945,0.000000000000,0.000000000000,0.000137729465,0.000000000000,0.000000000000,0.000138630909,0.000000000000,0.000000000000,0.000139860830,0.000000000000,0.000000000000,0.000100435009,0.000000000000,0.000000000000,0.000100860234,0.000000000000,0.000000000000,0.000100369889,0.000000000000,0.000000000000,0.000075045888,0.000000000000,0.000000000000,0.000080472320,0.000000000000,0.000000000000,0.000081430007,0.000000000000,0.000000000000,0.000069166573,0.000000000000,0.000000000000,0.000072808543,0.000000000000,0.000000000000,0.000073666628,0.000000000000,0.000000000000,0.000047338930,0.000000000000,0.000000000000,0.000053350789,0.000000000000,0.000000000000,0.000054467735
946,0.000000000000,0.000000000000,0.000137729465,0.000000000000,0.000000000000,0.000138630909,0.000000000000,0.000000000000,0.000139860830,0.000000000000,0.000000000000,0.000100435009,0.000000000000,0.000000000000,0.000100860234,0.000000000000,0.000000000000,0.000100369889,0.000000000000,0.000000000000,0.000075045888,0.000000000000,0.000000000000,0.000080472320,0.000000000000,0.000000000000,0.000081430007,0.000000000000,0.000000000000,0.000069166573,0.000000000000,0.000000000000,0.000072808543,0.000000000000,0.000000000000,0.000073701552,0.000000000000,0.000000000000,0.000047338930,0.000000000000,0.000000000000,0.000053350789,0.000000000000,0.000000000000,0.000054467735
947,0.000000000000,0.000000000000,0.000137729465,0.000000000000,0.000000000000,0.000138630909,0.000000000000,0.000000000000,0.000139860830,0.000000000000,0.000000000000,0.000100435009,0.000000000000,0.000000000000,0.000100860234,0.000000000000,0.000000000000,0.000100369889,0.000000000000,0.000000000000,0.000075045888,0.000000000000,0.000000000000,0.000080472320,0.000000000000,0.000000000000,0.000081430007,0.000000000000,0.000000000000,0.000069166573,0.000000000000,0.000000000000,0.000072808543,0.000000000000,0.000000000000,0.000073775105,0.000000000000,0.000000000000,0.000047346501,0.000000000000,0.000000000000,0.000053381986,0.000000000000,0.000000000000,0.000054467735
948,0.000000000000,0.000000000000,0.000137729465,0.000000000000,0.000000000000,0.000138630909,0.000000000000,0.000000000000,0.000139860830,0.000000000000,0.000000000000,0.000100435009,0.000000000000,0.000000000000,0.000100860234,0.000000000000,0.000000000000,0.000100369889,0.000000000000,0.000000000000,0.000075142771,0.000000000000,0.000000000000,0.000080472320,0.000000000000,0.000000000000,0.000081430007,0.000000000000,0.000000000000,0.000069166573,0.000000000000,0.000000000000,0.000072858421,0.000000000000,0.000000000000,0.000073775105,0.000000000000,0.000000000000,0.000047346501,0.000000000000,0.000000000000,0.000053381986,0.000000000000,0.000000000000,0.000054492996
949,0.000000000000,0.000000000000,0.000137729465,0.000000000000,0.000000000000,0.000138630909,0.000000000000,0.000000000000,0.000139860830,0.000000000000,0.000000000000,0.000100435009,0.000000000000,0.000000000000,0.000100860234,0.000000000000,0.000000000000,0.000100369889,0.000000000000,0.000000000000,0.000075142771,0.000000000000,0.000000000000,0.000080472320,0.000000000000,0.000000000000,0.000081430007,0.000000000000,0.000000000000,0.000069166573,0.000000000000,0.000000000000,0.000072858421,0.000000000000,0.000000000000,0.000073775105,0.000000000000,0.000000000000,0.000047346501,0.000000000000,0.000000000000,0.000053381986,0.000000000000,0.000000000000,0.000054492996
950,0.000000000000,0.000000000000,0.000137729465,0.000000000000,0.000000000000,0.000138630909,0.000000000000,0.000000000000,0.000139860830,0.000000000000,0.000000000000,0.000100435009,0.000000000000,0.000000000000,0.000100860234,0.000000000000,0.000000000000,0.000100369889,0.000000000000,0.000000000000,0.000075142771,0.000000000000,0.000000000000,0.000080472320,0.000000000000,0.000000000000,0.000081430007,0.000000000000,0.000000000000,0.000069166573,0.000000000000,0.000000000000,0.000072858421,0.000000000000,0.000000000000,0.000073775105,0.000000000000,0.000000000000,0.000047346501,0.000000000000,0.000000000000,0.000053381986,0.000000000000,0.000000000000,0.000054494248
951,0.000000000000,0.000000000000,0.000137729465,0.000000000000,0.000000000000,0.000138630909,0.000000000000,0.000000000000,0.000139860830,0.000000000000,0.000000000000,0.000100435009,0.000000000000,0.000000000000,0.000100860234,0.000000000000,0.000000000000,0.000100369889,0.000000000000,0.000000000000,0.000075142771,0.000000000000,0.000000000000,0.000080472320,0.000000000000,0.000000000000,0.000081430007,0.000000000000,0.000000000000,0.000069166573,0.000000000000,0.000000000000,0.000072858421,0.000000000000,0.000000000000,0.000073775105,0.000000000000,0.000000000000,0.000047346501,0.000000000000,0.000000000000,0.000053381986,0.000000000000,0.000000000000,0.000054494248
952,0.000000000000,0.000000000000,0.000137729465,0.000000000000,0.000000000000,0.000138630909,0.000000000000,0.000000000000,0.000139860830,0.000000000000,0.000000000000,0.000100435009,0.000000000000,0.000000000000,0.000100860234,0.000000000000,0.000000000000,0.000100369889,0.000000000000,0.000000000000,0.000075142771,0.000000000000,0.000000000000,0.000080533339,0.000000000000,0.000000000000,0.000081430007,0.000000000000,0.000000000000,0.000069166573,0.000000000000,0.000000000000,0.000072858421,0.000000000000,0.000000000000,0.000073786559,0.000000000000,0.000000000000,0.000047346501,0.000000000000,0.000000000000,0.000053464566,0.000000000000,0.000000000000,0.000054495217
953,0.000000000000,0.000000000000,0.000137729465,0.000000000000,0.000000000000,0.000138630909,0.000000000000,0.000000000000,0.000139860830,0.000000000000,0.000000000000,0.000100435009,0.000000000000,0.000000000000,0.000100860234,0.000000000000,0.000000000000,0.000100369889,0.000000000000,0.000000000000,0.000075142771,0.000000000000,0.000000000000,0.000080533339,0.000000000000,0.000000000000,0.000081430007,0.000000000000,0.000000000000,0.000069166573,0.000000000000,0.000000000000,0.000072858421,0.000000000000,0.000000000000,0.000073786559,0.000000000000,0.000000000000,0.000047399631,0.000000000000,0.000000000000,0.000053464566,0.000000000000,0.000000000000,0.000054521967
954,0.000000000000,0.000000000000,0.000137729465,0.000000000000,0.000000000000,0.000138630909,0.000000000000,0.000000000000,0.000139860830,0.000000000000,0.000000000000,0.000100435009,0.000000000000,0.000000000000,0.000100860234,0.000000000000,0.000000000000,0.000100369889,0.000000000000,0.000000000000,0.000075142771,0.000000000000,0.000000000000,0.000080533339,0.000000000000,0.000000000000,0.000081430007,0.000000000000,0.000000000000,0.000069178358,0.000000000000,0.000000000000,0.000072858421,0.000000000000,0.000000000000,0.000073786559,0.000000000000,0.000000000000,0.000047429168,0.000000000000,0.000000000000,0.000053464566,0.000000000000,0.000000000000,0.000054576496
955,0.000000000000,0.000000000000,0.000138015948,0.000000000000,0.000000000000,0.000138630909,0.000000000000,0.000000000000,0.000139860830,0.000000000000,0.000000000000,0.000100435009,0.000000000000,0.000000000000,0.000100860234,0.000000000000,0.000000000000,0.000100369889,0.000000000000,0.000000000000,0.000075142771,0.000000000000,0.000000000000,0.000080533339,0.000000000000,0.000000000000,0.000081430007,0.000000000000,0.000000000000,0.000069178358,0.000000000000,0.000000000000,0.000072858421,0.000000000000,0.000000000000,0.000073786559,0.000000000000,0.000000000000,0.000047429168,0.000000000000,0.000000000000,0.000053464566,0.000000000000,0.000000000000,0.000054576496
956,0.000000000000,0.000000000000,0.000138015948,0.000000000000,0.000000000000,0.000138630909,0.000000000000,0.000000000000,0.000139860830,0.000000000000,0.000000000000,0.000100435009,0.000000000000,0.000000000000,0.000100860234,0.000000000000,0.000000000000,0.000100369889,0.000000000000,0.000000000000,0.000075142771,0.000000000000,0.000000000000,0.000080533339,0.000000000000,0.000000000000,0.000081430007,0.000000000000,0.000000000000,0.000069178358,0.000000000000,0.000000000000,0.000072876826,0.000000000000,0.000000000000,0.000073786559,0.000000000000,0.000000000000,0.000047429168,0.000000000000,0.000000000000,0.000053464566,0.000000000000,0.000000000000,0.000054576496
957,0.000000000000,0.000000000000,0.000138015948,0.000000000000,0.000000000000,0.000138630909,0.000000000000,0.000000000000,0.000139860830,0.000000000000,0.000000000000,0.000100435009,0.000000000000,0.000000000000,0.000100860234,0.000000000000,0.000000000000,0.000100369889,0.000000000000,0.000000000000,0.000075142771,0.000000000000,0.000000000000,0.000080533339,0.000000000000,0.000000000000,0.000081430007,0.000000000000,0.000000000000,0.000069178358,0.000000000000,0.000000000000,0.000072880899,0.000000000000,0.000000000000,0.000073786559,0.000000000000,0.000000000000,0.000047429168,0.000000000000,0.000000000000,0.000053464566,0.000000000000,0.000000000000,0.000054576496
958,0.000000000000,0.000000000000,0.000138015948,0.000000000000,0.000000000000,0.000138630909,0.000000000000,0.000000000000,0.000139860830,0.000000000000,0.000000000000,0.000100435009,0.000000000000,0.000000000000,0.000100860234,0.000000000000,0.000000000000,0.000100369889,0.000000000000,0.000000000000,0.000075142771,0.000000000000,0.000000000000,0.000080533339,0.000000000000,0.000000000000,0.000081430007,0.000000000000,0.000000000000,0.000069178358,0.000000000000,0.000000000000,0.000072880899,0.000000000000,0.000000000000,0.000073786559,0.000000000000,0.000000000000,0.000047498593,0.000000000000,0.000000000000,0.000053464566,0.000000000000,0.000000000000,0.000054606414
959,0.000000000000,0.000000000000,0.000138015948,0.000000000000,0.000000000000,0.000138630909,0.000000000000,0.000000000000,0.000139860830,0.000000000000,0.000000000000,0.000100435009,0.000000000000,0.000000000000,0.000100860234,0.000000000000,0.000000000000,0.000100369889,0.000000000000,0.000000000000,0.000075142771,0.000000000000,0.000000000000,0.000080533339,0.000000000000,0.000000000000,0.000081430007,0.000000000000,0.000000000000,0.000069242223,0.000000000000,0.000000000000,0.000072880899,0.000000000000,0.000000000000,0.000073786559,0.000000000000,0.000000000000,0.000047548698,0.000000000000,0.000000000000,0.000053464566,0.000000000000,0.000000000000,0.000054636235
960,0.000000000000,0.000000000000,0.000138015948,0.000000000000,0.000000000000,0.000138630909,0.000000000000,0.000000000000,0.000139860830,0.000000000000,0.000000000000,0.000100435009,0.000000000000,0.000000000000,0.000100911772,0.000000000000,0.000000000000,0.000100369889,0.000000000000,0.000000000000,0.000075213091,0.000000000000,0.000000000000,0.000080555756,0.000000000000,0.000000000000,0.000081430007,0.000000000000,0.000000000000,0.000069242223,0.000000000000,0.000000000000,0.000072880899,0.000000000000,0.000000000000,0.000073786559,0.000000000000,0.000000000000,0.000047548698,0.000000000000,0.000000000000,0.000053464566,0.000000000000,0.000000000000,0.000054656134
961,0.000000000000,0.000000000000,0.000138015948,0.000000000000,0.000000000000,0.000138630909,0.000000000000,0.000000000000,0.000139860830,0.000000000000,0.000000000000,0.000100435009,0.000000000000,0.000000000000,0.000100911772,0.000000000000,0.000000000000,0.000100369889,0.000000000000,0.000000000000,0.000075213091,0.000000000000,0.000000000000,0.000080555756,0.000000000000,0.000000000000,0.000081430007,0.000000000000,0.000000000000,0.000069324402,0.000000000000,0.000000000000,0.000072890041,0.000000000000,0.000000000000,0.000073786559,0.000000000000,0.000000000000,0.000047548698,0.000000000000,0.000000000000,0.000053497454,0.000000000000,0.000000000000,0.000054656134
962,0.000000000000,0.000000000000,0.000138015948,0.000000000000,0.000000000000,0.000138630909,0.000000000000,0.000000000000,0.000139860830,0.000000000000,0.000000000000,0.000100435009,0.000000000000,0.000000000000,0.000100911772,0.000000000000,0.000000000000,0.000100369889,0.000000000000,0.000000000000,0.000075307320,0.000000000000,0.000000000000,0.000080555756,0.000000000000,0.000000000000,0.000081430007,0.000000000000,0.000000000000,0.000069345409,0.000000000000,0.000000000000,0.000072890041,0.000000000000,0.000000000000,0.000073786559,0.000000000000,0.000000000000,0.000047548698,0.000000000000,0.000000000000,0.000053497454,0.000000000000,0.000000000000,0.000054669308
963,0.000000000000,0.000000000000,0.000138015948,0.000000000000,0.000000000000,0.000138630909,0.000000000000,0.000000000000,0.000139860830,0.000000000000,0.000000000000,0.000100435009,0.000000000000,0.000000000000,0.000100911772,0.000000000000,0.000000000000,0.000100369889,0.000000000000,0.000000000000,0.000075307320,0.000000000000,0.000000000000,0.000080555756,0.000000000000,0.000000000000,0.000081430007,0.000000000000,0.000000000000,0.000069345409,0.000000000000,0.000000000000,0.000072890041,0.000000000000,0.000000000000,0.000073786559,0.000000000000,0.000000000000,0.000047573583,0.000000000000,0.000000000000,0.000053497454,0.000000000000,0.000000000000,0.000054669308
964,0.000000000000,0.000000000000,0.000138015948,0.000000000000,0.000000000000,0.000138630909,0.000000000000,0.000000000000,0.000139860830,0.000000000000,0.000000000000,0.000100435009,0.000000000000,0.000000000000,0.000100911772,0.000000000000,0.000000000000,0.000100369889,0.000000000000,0.000000000000,0.000075307320,0.000000000000,0.000000000000,0.000080555756,0.000000000000,0.000000000000,0.000081430007,0.000000000000,0.000000000000,0.000069345409,0.000000000000,0.000000000000,0.000072890041,0.000000000000,0.000000000000,0.000073786559,0.000000000000,0.000000000000,0.000047573583,0.000000000000,0.000000000000,0.000053497454,0.000000000000,0.000000000000,0.000054726536
965,0.000000000000,0.000000000000,0.000138015948,0.000000000000,0.000000000000,0.000138630909,0.000000000000,0.000000000000,0.000139860830,0.000000000000,0.000000000000,0.000100435009,0.000000000000,0.000000000000,0.000100911772,0.000000000000,0.000000000000,0.000100369889,0.000000000000,0.000000000000,0.000075307320,0.000000000000,0.000000000000,0.000080555756,0.000000000000,0.000000000000,0.000081430007,0.000000000000,0.000000000000,0.000069345409,0.000000000000,0.000000000000,0.000072890041,0.000000000000,0.000000000000,0.000073786559,0.000000000000,0.000000000000,0.000047573583,0.000000000000,0.000000000000,0.000053497454,0.000000000000,0.000000000000,0.000054810433
966,0.000000000000,0.000000000000,0.000138015948,0.000000000000,0.000000000000,0.000138630909,0.000000000000,0.000000000000,0.000139860830,0.000000000000,0.000000000000,0.000100435009,0.000000000000,0.000000000000,0.000100911772,0.000000000000,0.000000000000,0.000100369889,0.000000000000,0.000000000000,0.000075558211,0.000000000000,0.000000000000,0.000080555756,0.000000000000,0.000000000000,0.000081430007,0.000000000000,0.000000000000,0.000069401725,0.000000000000,0.000000000000,0.000072890041,0.000000000000,0.000000000000,0.000073786559,0.000000000000,0.000000000000,0.000047573583,0.000000000000,0.000000000000,0.000053497454,0.000000000000,0.000000000000,0.000054876291
967,0.000000000000,0.000000000000,0.000138015948,0.000000000000,0.000000000000,0.000138630909,0.000000000000,0.000000000000,0.000139860830,0.000000000000,0.000000000000,0.000100435009,0.000000000000,0.000000000000,0.000100911772,0.000000000000,0.000000000000,0.000100369889,0.000000000000,0.000000000000,0.000075558211,0.000000000000,0.000000000000,0.000080555756,0.000000000000,0.000000000000,0.000081430007,0.000000000000,0.000000000000,0.000069401725,0.000000000000,0.000000000000,0.000072890041,0.000000000000,0.000000000000,0.000073786559,0.000000000000,0.000000000000,0.000047573583,0.000000000000,0.000000000000,0.000053497454,0.000000000000,0.000000000000,0.000054945983
968,0.000000000000,0.000000000000,0.000138015948,0.000000000000,0.000000000000,0.000138630909,0.000000000000,0.000000000000,0.000139860830,0.000000000000,0.000000000000,0.000100435009,0.000000000000,0.000000000000,0.000100911772,0.000000000000,0.000000000000,0.000100369889,0.000000000000,0.000000000000,0.000075558211,0.000000000000,0.000000000000,0.000080555756,0.000000000000,0.000000000000,0.000081430007,0.000000000000,0.000000000000,0.000069401725,0.000000000000,0.000000000000,0.000072890041,0.000000000000,0.000000000000,0.000073786559,0.000000000000,0.000000000000,0.000047598554,0.000000000000,0.000000000000,0.000053497454,0.000000000000,0.000000000000,0.000054945983
969,0.000000000000,0.000000000000,0.000138015948,0.000000000000,0.000000000000,0.000138630909,0.000000000000,0.000000000000,0.000139860830,0.000000000000,0.000000000000,0.000100435009,0.000000000000,0.000000000000,0.000100911772,0.000000000000,0.000000000000,0.000100369889,0.000000000000,0.000000000000,0.000075558211,0.000000000000,0.000000000000,0.000080555756,0.000000000000,0.000000000000,0.000081430007,0.000000000000,0.000000000000,0.000069401725,0.000000000000,0.000000000000,0.000072890041,0.000000000000,0.000000000000,0.000073786559,0.000000000000,0.000000000000,0.000047598554,0.000000000000,0.000000000000,0.000053498761,0.000000000000,0.000000000000,0.000055081230
970,0.000000000000,0.000000000000,0.000138015948,0.000000000000,0.000000000000,0.000138630909,0.000000000000,0.000000000000,0.000139860830,0.000000000000,0.000000000000,0.000100435009,0.000000000000,0.000000000000,0.000101036998,0.000000000000,0.000000000000,0.000100369889,0.000000000000,0.000000000000,0.000075558211,0.000000000000,0.000000000000,0.000080555756,0.000000000000,0.000000000000,0.000081430007,0.000000000000,0.000000000000,0.000069401725,0.000000000000,0.000000000000,0.000072890041,0.000000000000,0.000000000000,0.000073786559,0.000000000000,0.000000000000,0.000047604756,0.000000000000,0.000000000000,0.000053561849,0.000000000000,0.000000000000,0.000055081230
971,0.000000000000,0.000000000000,0.000138015948,0.000000000000,0.000000000000,0.000138630909,0.000000000000,0.000000000000,0.000139860830,0.000000000000,0.000000000000,0.000100435009,0.000000000000,0.000000000000,0.000101036998,0.000000000000,0.000000000000,0.000100369889,0.000000000000,0.000000000000,0.000075558211,0.000000000000,0.000000000000,0.000080555756,0.000000000000,0.000000000000,0.000081430007,0.000000000000,0.000000000000,0.000069401725,0.000000000000,0.000000000000,0.000072890041,0.000000000000,0.000000000000,0.000073786559,0.000000000000,0.000000000000,0.000047604756,0.000000000000,0.000000000000,0.000053561849,0.000000000000,0.000000000000,0.000055081230
972,0.000000000000,0.000000000000,0.000138015948,0.000000000000,0.000000000000,0.000138630909,0.000000000000,0.000000000000,0.000139860830,0.000000000000,0.000000000000,0.000100435009,0.000000000000,0.000000000000,0.000101052529,0.000000000000,0.000000000000,0.000100369889,0.000000000000,0.000000000000,0.000075558211,0.000000000000,0.000000000000,0.000080555756,0.000000000000,0.000000000000,0.000081430007,0.000000000000,0.000000000000,0.000069401725,0.000000000000,0.000000000000,0.000072890041,0.000000000000,0.000000000000,0.000073786559,0.000000000000,0.000000000000,0.000047604756,0.000000000000,0.000000000000,0.000053561849,0.000000000000,0.000000000000,0.000055081230
973,0.000000000000,0.000000000000,0.000138015948,0.000000000000,0.000000000000,0.000138630909,0.000000000000,0.000000000000,0.000139860830,0.000000000000,0.000000000000,0.000100435009,0.000000000000,0.000000000000,0.000101052529,0.000000000000,0.000000000000,0.000100369889,0.000000000000,0.000000000000,0.000075558211,0.000000000000,0.000000000000,0.000080555756,0.000000000000,0.000000000000,0.000081430007,0.000000000000,0.000000000000,0.000069435065,0.000000000000,0.000000000000,0.000072890041,0.000000000000,0.000000000000,0.000073786559,0.000000000000,0.000000000000,0.000047604756,0.000000000000,0.000000000000,0.000053561849,0.000000000000,0.000000000000,0.000055097917
974,0.000000000000,0.000000000000,0.000138015948,0.000000000000,0.000000000000,0.000138630909,0.000000000000,0.000000000000,0.000139860830,0.000000000000,0.000000000000,0.000100435009,0.000000000000,0.000000000000,0.000101052529,0.000000000000,0.000000000000,0.000100369889,0.000000000000,0.000000000000,0.000075607406,0.000000000000,0.000000000000,0.000080555756,0.000000000000,0.000000000000,0.000081430007,0.000000000000,0.000000000000,0.000069499884,0.000000000000,0.000000000000,0.000072890041,0.000000000000,0.000000000000,0.000073786559,0.000000000000,0.000000000000,0.000047604756,0.000000000000,0.000000000000,0.000053562177,0.000000000000,0.000000000000,0.000055097917
975,0.000000000000,0.000000000000,0.000138015948,0.000000000000,0.000000000000,0.000138630909,0.000000000000,0.000000000000,0.000139860830,0.000000000000,0.000000000000,0.000100435009,0.000000000000,0.000000000000,0.000101052529,0.000000000000,0.000000000000,0.000100369889,0.000000000000,0.000000000000,0.000075607406,0.000000000000,0.000000000000,0.000080555756,0.000000000000,0.000000000000,0.000081430007,0.000000000000,0.000000000000,0.000069499884,0.000000000000,0.000000000000,0.000072890041,0.000000000000,0.000000000000,0.000073786559,0.000000000000,0.000000000000,0.000047604756,0.000000000000,0.000000000000,0.000053562177,0.000000000000,0.000000000000,0.000055097917
976,0.000000000000,0.000000000000,0.000138015948,0.000000000000,0.000000000000,0.000138630909,0.000000000000,0.000000000000,0.000139860830,0.000000000000,0.000000000000,0.000100435009,0.000000000000,0.000000000000,0.000101052529,0.000000000000,0.000000000000,0.000100369889,0.000000000000,0.000000000000,0.000075607406,0.000000000000,0.000000000000,0.000080555756,0.000000000000,0.000000000000,0.000081430007,0.000000000000,0.000000000000,0.000069499884,0.000000000000,0.000000000000,0.000072890041,0.000000000000,0.000000000000,0.000073786559,0.000000000000,0.000000000000,0.000047623240,0.000000000000,0.000000000000,0.000053562177,0.000000000000,0.000000000000,0.000055097917
977,0.000000000000,0.000000000000,0.000138015948,0.000000000000,0.000000000000,0.000138630909,0.000000000000,0.000000000000,0.000139860830,0.000000000000,0.000000000000,0.000100435009,0.000000000000,0.000000000000,0.000101052529,0.000000000000,0.000000000000,0.000100369889,0.000000000000,0.000000000000,0.000075654022,0.000000000000,0.000000000000,0.000080555756,0.000000000000,0.000000000000,0.000081430007,0.000000000000,0.000000000000,0.000069499884,0.000000000000,0.000000000000,0.000072890041,0.000000000000,0.000000000000,0.000073786559,0.000000000000,0.000000000000,0.000047623240,0.000000000000,0.000000000000,0.000053562177,0.000000000000,0.000000000000,0.000055097917
978,0.000000000000,0.000000000000,0.000138015948,0.000000000000,0.000000000000,0.000138630909,0.000000000000,0.000000000000,0.000139860830,0.000000000000,0.000000000000,0.000100435009,0.000000000000,0.000000000000,0.000101052529,0.000000000000,0.000000000000,0.000100369889,0.000000000000,0.000000000000,0.000075855134,0.000000000000,0.000000000000,0.000080555756,0.000000000000,0.000000000000,0.000081430007,0.000000000000,0.000000000000,0.000069499884,0.000000000000,0.000000000000,0.000072890041,0.000000000000,0.000000000000,0.000073786559,0.000000000000,0.000000000000,0.000047623240,0.000000000000,0.000000000000,0.000053601147,0.000000000000,0.000000000000,0.000055097917
979,0.000000000000,0.000000000000,0.000138015948,0.000000000000,0.000000000000,0.000138630909,0.000000000000,0.000000000000,0.000139860830,0.000000000000,0.000000000000,0.000100435009,0.000000000000,0.000000000000,0.000101079771,0.000000000000,0.000000000000,0.000100369889,0.000000000000,0.000000000000,0.000075855134,0.000000000000,0.000000000000,0.000080555756,0.000000000000,0.000000000000,0.000081430007,0.000000000000,0.000000000000,0.000069553135,0.000000000000,0.000000000000,0.000072895533,0.000000000000,0.000000000000,0.000073830159,0.000000000000,0.000000000000,0.000047623240,0.000000000000,0.000000000000,0.000053601147,0.000000000000,0.000000000000,0.000055124040
980,0.000000000000,0.000000000000,0.000138015948,0.000000000000,0.000000000000,0.000138630909,0.000000000000,0.000000000000,0.000139860830,0.000000000000,0.000000000000,0.000100435009,0.000000000000,0.000000000000,0.000101079771,0.000000000000,0.000000000000,0.000100369889,0.000000000000,0.000000000000,0.000075855134,0.000000000000,0.000000000000,0.000080555756,0.000000000000,0.000000000000,0.000081430007,0.000000000000,0.000000000000,0.000069553135,0.000000000000,0.000000000000,0.000072895533,0.000000000000,0.000000000000,0.000073830159,0.000000000000,0.000000000000,0.000047623240,0.000000000000,0.000000000000,0.000053601147,0.000000000000,0.000000000000,0.000055127548
981,0.000000000000,0.000000000000,0.000138015948,0.000000000000,0.000000000000,0.000138630909,0.000000000000,0.000000000000,0.000139860830,0.000000000000,0.000000000000,0.000100435009,0.000000000000,0.000000000000,0.000101079771,0.000000000000,0.000000000000,0.000100369889,0.000000000000,0.000000000000,0.000075873029,0.000000000000,0.000000000000,0.000080555756,0.000000000000,0.000000000000,0.000081430007,0.000000000000,0.000000000000,0.000069553135,0.000000000000,0.000000000000,0.000073104468,0.000000000000,0.000000000000,0.000073830159,0.000000000000,0.000000000000,0.000047623240,0.000000000000,0.000000000000,0.000053609657,0.000000000000,0.000000000000,0.000055127548
982,0.000000000000,0.000000000000,0.000138015948,0.000000000000,0.000000000000,0.000138630909,0.000000000000,0.000000000000,0.000139860830,0.000000000000,0.000000000000,0.000100435009,0.000000000000,0.000000000000,0.000101079771,0.000000000000,0.000000000000,0.000100369889,0.000000000000,0.000000000000,0.000075873029,0.000000000000,0.000000000000,0.000080555756,0.000000000000,0.000000000000,0.000081430007,0.000000000000,0.000000000000,0.000069553135,0.000000000000,0.000000000000,0.000073114181,0.000000000000,0.000000000000,0.000073830159,0.000000000000,0.000000000000,0.000047623240,0.000000000000,0.000000000000,0.000053636384,0.000000000000,0.000000000000,0.000055127548
983,0.000000000000,0.000000000000,0.000138015948,0.000000000000,0.000000000000,0.000138630909,0.000000000000,0.000000000000,0.000139860830,0.000000000000,0.000000000000,0.000100435009,0.000000000000,0.000000000000,0.000101115795,0.000000000000,0.000000000000,0.000100369889,0.000000000000,0.000000000000,0.000075873029,0.000000000000,0.000000000000,0.000080555756,0.000000000000,0.000000000000,0.000081430007,0.000000000000,0.000000000000,0.000069596315,0.000000000000,0.000000000000,0.000073114181,0.000000000000,0.000000000000,0.000073830159,0.000000000000,0.000000000000,0.000047623240,0.000000000000,0.000000000000,0.000053636384,0.000000000000,0.000000000000,0.000055178195
984,0.000000000000,0.000000000000,0.000138015948,0.000000000000,0.000000000000,0.000138630909,0.000000000000,0.000000000000,0.000139860830,0.000000000000,0.000000000000,0.000100435009,0.000000000000,0.000000000000,0.000101115795,0.000000000000,0.000000000000,0.000100369889,0.000000000000,0.000000000000,0.000075873029,0.000000000000,0.000000000000,0.000080555756,0.000000000000,0.000000000000,0.000081430007,0.000000000000,0.000000000000,0.000069596315,0.000000000000,0.000000000000,0.000073507795,0.000000000000,0.000000000000,0.000073830159,0.000000000000,0.000000000000,0.000047623240,0.000000000000,0.000000000000,0.000053636384,0.000000000000,0.000000000000,0.000055178195
985,0.000000000000,0.000000000000,0.000138015948,0.000000000000,0.000000000000,0.000138630909,0.000000000000,0.000000000000,0.000139860830,0.000000000000,0.000000000000,0.000100435009,0.000000000000,0.000000000000,0.000101115795,0.000000000000,0.000000000000,0.000100369889,0.000000000000,0.000000000000,0.000075971808,0.000000000000,0.000000000000,0.000080555756,0.000000000000,0.000000000000,0.000081430007,0.000000000000,0.000000000000,0.000069596315,0.000000000000,0.000000000000,0.000073507795,0.000000000000,0.000000000000,0.000073830159,0.000000000000,0.000000000000,0.000047623240,0.000000000000,0.000000000000,0.000053636384,0.000000000000,0.000000000000,0.000055185591
986,0.000000000000,0.000000000000,0.000138015948,0.000000000000,0.000000000000,0.000138630909,0.000000000000,0.000000000000,0.000139860830,0.000000000000,0.000000000000,0.000100435009,0.000000000000,0.000000000000,0.000101115795,0.000000000000,0.000000000000,0.000100369889,0.000000000000,0.000000000000,0.000075971808,0.000000000000,0.000000000000,0.000080555756,0.000000000000,0.000000000000,0.000081430007,0.000000000000,0.000000000000,0.000069596315,0.000000000000,0.000000000000,0.000073507795,0.000000000000,0.000000000000,0.000073830159,0.000000000000,0.000000000000,0.000047623405,0.000000000000,0.000000000000,0.000053636384,0.000000000000,0.000000000000,0.000055185591
987,0.000000000000,0.000000000000,0.000138015948,0.000000000000,0.000000000000,0.000138630909,0.000000000000,0.000000000000,0.000139860830,0.000000000000,0.000000000000,0.000100435009,0.000000000000,0.000000000000,0.000101115795,0.000000000000,0.000000000000,0.000100369889,0.000000000000,0.000000000000,0.000075971808,0.000000000000,0.000000000000,0.000080555756,0.000000000000,0.000000000000,0.000081430007,0.000000000000,0.000000000000,0.000069596315,0.000000000000,0.000000000000,0.000073507795,0.000000000000,0.000000000000,0.000073830159,0.000000000000,0.000000000000,0.000047623405,0.000000000000,0.000000000000,0.000053636384,0.000000000000,0.000000000000,0.000055329578
988,0.000000000000,0.000000000000,0.000138015948,0.000000000000,0.000000000000,0.000138630909,0.000000000000,0.000000000000,0.000139860830,0.000000000000,0.000000000000,0.000100435009,0.000000000000,0.000000000000,0.000101115795,0.000000000000,0.000000000000,0.000100369889,0.000000000000,0.000000000000,0.000075971808,0.000000000000,0.000000000000,0.000080555756,0.000000000000,0.000000000000,0.000081430007,0.000000000000,0.000000000000,0.000069596315,0.000000000000,0.000000000000,0.000073507795,0.000000000000,0.000000000000,0.000073830159,0.000000000000,0.000000000000,0.000047623405,0.000000000000,0.000000000000,0.000053699579,0.000000000000,0.000000000000,0.000055335470
989,0.000000000000,0.000000000000,0.000138015948,0.000000000000,0.000000000000,0.000138630909,0.000000000000,0.000000000000,0.000139860830,0.000000000000,0.000000000000,0.000100435009,0.000000000000,0.000000000000,0.000101115795,0.000000000000,0.000000000000,0.000100369889,0.000000000000,0.000000000000,0.000075971808,0.000000000000,0.000000000000,0.000080562106,0.000000000000,0.000000000000,0.000081430007,0.000000000000,0.000000000000,0.000069596315,0.000000000000,0.000000000000,0.000073507795,0.000000000000,0.000000000000,0.000073830159,0.000000000000,0.000000000000,0.000047623405,0.000000000000,0.000000000000,0.000053699579,0.000000000000,0.000000000000,0.000055342907
990,0.000000000000,0.000000000000,0.000138015948,0.000000000000,0.000000000000,0.000138630909,0.000000000000,0.000000000000,0.000139860830,0.000000000000,0.000000000000,0.000100435009,0.000000000000,0.000000000000,0.000101115795,0.000000000000,0.000000000000,0.000100369889,0.000000000000,0.000000000000,0.000075993044,0.000000000000,0.000000000000,0.000080562106,0.000000000000,0.000000000000,0.000081430007,0.000000000000,0.000000000000,0.000069597643,0.000000000000,0.000000000000,0.000073507795,0.000000000000,0.000000000000,0.000073830159,0.000000000000,0.000000000000,0.000047663520,0.000000000000,0.000000000000,0.000053699579,0.000000000000,0.000000000000,0.000055343989
991,0.000000000000,0.000000000000,0.000138015948,0.000000000000,0.000000000000,0.000138630909,0.000000000000,0.000000000000,0.000139860830,0.000000000000,0.000000000000,0.000100435009,0.000000000000,0.000000000000,0.000101115795,0.000000000000,0.000000000000,0.000100369889,0.000000000000,0.000000000000,0.000075993044,0.000000000000,0.000000000000,0.000080562106,0.000000000000,0.000000000000,0.000081430007,0.000000000000,0.000000000000,0.000069597643,0.000000000000,0.000000000000,0.000073507795,0.000000000000,0.000000000000,0.000073845083,0.000000000000,0.000000000000,0.000047663520,0.000000000000,0.000000000000,0.000053699579,0.000000000000,0.000000000000,0.000055421226
992,0.000000000000,0.000000000000,0.000138015948,0.000000000000,0.000000000000,0.000138630909,0.000000000000,0.000000000000,0.000139860830,0.000000000000,0.000000000000,0.000100435009,0.000000000000,0.000000000000,0.000101198096,0.000000000000,0.000000000000,0.000100369889,0.000000000000,0.000000000000,0.000076121800,0.000000000000,0.000000000000,0.000080562106,0.000000000000,0.000000000000,0.000081430007,0.000000000000,0.000000000000,0.000069597643,0.000000000000,0.000000000000,0.000073507795,0.000000000000,0.000000000000,0.000073908277,0.000000000000,0.000000000000,0.000047669613,0.000000000000,0.000000000000,0.000053699579,0.000000000000,0.000000000000,0.000055421226
993,0.000000000000,0.000000000000,0.000138015948,0.000000000000,0.000000000000,0.000138630909,0.000000000000,0.000000000000,0.000139860830,0.000000000000,0.000000000000,0.000100435009,0.000000000000,0.000000000000,0.000101198096,0.000000000000,0.000000000000,0.000100369889,0.000000000000,0.000000000000,0.000076121800,0.000000000000,0.000000000000,0.000080562106,0.000000000000,0.000000000000,0.000081430007,0.000000000000,0.000000000000,0.000069597643,0.000000000000,0.000000000000,0.000073507795,0.000000000000,0.000000000000,0.000073908277,0.000000000000,0.000000000000,0.000047669613,0.000000000000,0.000000000000,0.000053699579,0.000000000000,0.000000000000,0.000055421226
994,0.000000000000,0.000000000000,0.000138015948,0.000000000000,0.000000000000,0.000138630909,0.000000000000,0.000000000000,0.000139860830,0.000000000000,0.000000000000,0.000100435009,0.000000000000,0.000000000000,0.000101198096,0.000000000000,0.000000000000,0.000100369889,0.000000000000,0.000000000000,0.000076121800,0.000000000000,0.000000000000,0.000080562106,0.000000000000,0.000000000000,0.000081430007,0.000000000000,0.000000000000,0.000069597643,0.000000000000,0.000000000000,0.000073507795,0.000000000000,0.000000000000,0.000073966703,0.000000000000,0.000000000000,0.000047669613,0.000000000000,0.000000000000,0.000053704912,0.000000000000,0.000000000000,0.000055421226
995,0.000000000000,0.000000000000,0.000138015948,0.000000000000,0.000000000000,0.000138630909,0.000000000000,0.000000000000,0.000139860830,0.000000000000,0.000000000000,0.000100435009,0.000000000000,0.000000000000,0.000101198096,0.000000000000,0.000000000000,0.000100369889,0.000000000000,0.000000000000,0.000076121800,0.000000000000,0.000000000000,0.000080562106,0.000000000000,0.000000000000,0.000081430007,0.000000000000,0.000000000000,0.000069597643,0.000000000000,0.000000000000,0.000073507795,0.000000000000,0.000000000000,0.000073966703,0.000000000000,0.000000000000,0.000047669613,0.000000000000,0.000000000000,0.000053704912,0.000000000000,0.000000000000,0.000055434779
996,0.000000000000,0.000000000000,0.000138015948,0.000000000000,0.000000000000,0.000138630909,0.000000000000,0.000000000000,0.000139860830,0.000000000000,0.000000000000,0.000100435009,0.000000000000,0.000000000000,0.000101198096,0.000000000000,0.000000000000,0.000100369889,0.000000000000,0.000000000000,0.000076141573,0.000000000000,0.000000000000,0.000080562106,0.000000000000,0.000000000000,0.000081430007,0.000000000000,0.000000000000,0.000069597643,0.000000000000,0.000000000000,0.000073507795,0.000000000000,0.000000000000,0.000073977079,0.000000000000,0.000000000000,0.000047669613,0.000000000000,0.000000000000,0.000053704912,0.000000000000,0.000000000000,0.000055480306
997,0.000000000000,0.000000000000,0.000138015948,0.000000000000,0.000000000000,0.000138630909,0.000000000000,0.000000000000,0.000139860830,0.000000000000,0.000000000000,0.000100435009,0.000000000000,0.000000000000,0.000101198096,0.000000000000,0.000000000000,0.000100369889,0.000000000000,0.000000000000,0.000076141573,0.000000000000,0.000000000000,0.000080603160,0.000000000000,0.000000000000,0.000081430007,0.000000000000,0.000000000000,0.000069597643,0.000000000000,0.000000000000,0.000073507795,0.000000000000,0.000000000000,0.000073977079,0.000000000000,0.000000000000,0.000047669613,0.000000000000,0.000000000000,0.000053710257,0.000000000000,0.000000000000,0.000055484611
998,0.000000000000,0.000000000000,0.000138015948,0.000000000000,0.000000000000,0.000138630909,0.000000000000,0.000000000000,0.000139860830,0.000000000000,0.000000000000,0.000100435009,0.000000000000,0.000000000000,0.000101198096,0.000000000000,0.000000000000,0.000100369889,0.000000000000,0.000000000000,0.000076141573,0.000000000000,0.000000000000,0.000080603160,0.000000000000,0.000000000000,0.000081430007,0.000000000000,0.000000000000,0.000069597643,0.000000000000,0.000000000000,0.000073507795,0.000000000000,0.000000000000,0.000073977079,0.000000000000,0.000000000000,0.000047669613,0.000000000000,0.000000000000,0.000053710257,0.000000000000,0.000000000000,0.000055484611
999,0.000000000000,0.000000000000,0.000138015948,0.000000000000,0.000000000000,0.000138630909,0.000000000000,0.000000000000,0.000139860830,0.000000000000,0.000000000000,0.000100435009,0.000000000000,0.000000000000,0.000101198096,0.000000000000,0.000000000000,0.000100369889,0.000000000000,0.000000000000,0.000076141573,0.000000000000,0.000000000000,0.000080603160,0.000000000000,0.000000000000,0.000081430007,0.000000000000,0.000000000000,0.000069597643,0.000000000000,0.000000000000,0.000073507795,0.000000000000,0.000000000000,0.000073977079,0.000000000000,0.000000000000,0.000047669613,0.000000000000,0.000000000000,0.000053710257,0.000000000000,0.000000000000,0.000055490616
1000,0.000000000000,0.000000000000,0.000138015948,0.000000000000,0.000000000000,0.000138630909,0.000000000000,0.000000000000,0.000139860830,0.000000000000,0.000000000000,0.000100435009,0.000000000000,0.000000000000,0.000101198096,0.000000000000,0.000000000000,0.000100369889,0.000000000000,0.000000000000,0.000076141573,0.000000000000,0.000000000000,0.000080603160,0.000000000000,0.000000000000,0.000081430007,0.000000000000,0.000000000000,0.000069614733,0.000000000000,0.000000000000,0.000073567403,0.000000000000,0.000000000000,0.000073977079,0.000000000000,0.000000000000,0.000047919348,0.000000000000,0.000000000000,0.000053710257,0.000000000000,0.000000000000,0.000055490616
