Iterasi,P20_G200_10_Customers,P20_G500_10_Customers,P20_G1000_10_Customers,P50_G200_10_Customers,P50_G500_10_Customers,P50_G1000_10_Customers,P100_G200_10_Customers,P100_G500_10_Customers,P100_G1000_10_Customers,P20_G200_20_Customers,P20_G500_20_Customers,P20_G1000_20_Customers,P50_G200_20_Customers,P50_G500_20_Customers,P50_G1000_20_Customers,P100_G200_20_Customers,P100_G500_20_Customers,P100_G1000_20_Customers,P20_G200_30_Customers,P20_G500_30_Customers,P20_G1000_30_Customers,P50_G200_30_Customers,P50_G500_30_Customers,P50_G1000_30_Customers,P100_G200_30_Customers,P100_G500_30_Customers,P100_G1000_30_Customers,P20_G200_40_Customers,P20_G500_40_Customers,P20_G1000_40_Customers,P50_G200_40_Customers,P50_G500_40_Customers,P50_G1000_40_Customers,P100_G200_40_Customers,P100_G500_40_Customers,P100_G1000_40_Customers,P20_G200_50_Customers,P20_G500_50_Customers,P20_G1000_50_Customers,P50_G200_50_Customers,P50_G500_50_Customers,P50_G1000_50_Customers,P100_G200_50_Customers,P100_G500_50_Customers,P100_G1000_50_Customers
1,0.000320748513,0.000312036666,0.000311729515,0.000333709294,0.000327838928,0.000334527627,0.000353815742,0.000337581231,0.000345127941,0.000186944533,0.000186076171,0.000184762122,0.000192484053,0.000195329564,0.000195245766,0.000200409386,0.000200142745,0.000203751349,0.000099292734,0.000098803560,0.000098570503,0.000105078526,0.000103766071,0.000102683836,0.000106443073,0.000105847814,0.000104540184,0.000058947266,0.000056857537,0.000057860141,0.000061879509,0.000060281762,0.000061796582,0.000062896925,0.000063031886,0.000062926144,0.000041663533,0.000036845143,0.000042290361,0.000050495336,0.000050426793,0.000049996984,0.000052009407,0.000052321898,0.000052369575
2,0.000336156020,0.000322078522,0.000320909490,0.000349627841,0.000341625935,0.000348692735,0.000369682487,0.000355290795,0.000360748022,0.000191924833,0.000189496949,0.000193212768,0.000199121187,0.000200979524,0.000201884284,0.000206502562,0.000206820021,0.000207882584,0.000101312578,0.000101269505,0.000100988335,0.000106384952,0.000105543390,0.000105994180,0.000108163929,0.000107542085,0.000106631920,0.000060309077,0.000058290790,0.000059268513,0.000062664581,0.000061626001,0.000063767600,0.000064104289,0.000063553818,0.000064272658,0.000044235848,0.000040811510,0.000044391238,0.000052808420,0.000051860439,0.000050940522,0.000052639160,0.000053146792,0.000052856178
3,0.000348361988,0.000331475980,0.000331609185,0.000358448387,0.000365144760,0.000358124508,0.000383130491,0.000383731370,0.000373296500,0.000195315949,0.000193912261,0.000196653733,0.000204058185,0.000208557290,0.000207471785,0.000213444798,0.000214523226,0.000215474970,0.000103117446,0.000104039459,0.000102388492,0.000108968040,0.000107877266,0.000107966570,0.000110747502,0.000109640072,0.000108717188,0.000061322855,0.000059745036,0.000060069671,0.000063248582,0.000062818567,0.000064856312,0.000065354007,0.000064831652,0.000065278368,0.000046366739,0.000043304558,0.000048352325,0.000053265056,0.000052773135,0.000052215688,0.000053326018,0.000054260013,0.000053464999
4,0.000353710931,0.000339741686,0.000347409927,0.000365045444,0.000380855191,0.000367958873,0.000392314641,0.000400268386,0.000393609949,0.000200681622,0.000200769019,0.000199914674,0.000210830758,0.000214365825,0.000213759498,0.000220656145,0.000221360375,0.000219453634,0.000104881377,0.000105379379,0.000105447219,0.000110970553,0.000109287243,0.000109297497,0.000112884419,0.000111434848,0.000111974759,0.000062387109,0.000061362174,0.000061522695,0.000065149242,0.000064208436,0.000066138675,0.000066144041,0.000065914882,0.000066432224,0.000050026751,0.000045262639,0.000050441302,0.000054027698,0.000053029785,0.000052791637,0.000054170903,0.000054951561,0.000054007749
5,0.000359654234,0.000355642796,0.000349928225,0.000378018977,0.000389942198,0.000376055507,0.000399057774,0.000405306832,0.000399302615,0.000208392078,0.000205498749,0.000202027485,0.000216206099,0.000218791633,0.000218811826,0.000224480343,0.000226404021,0.000221747696,0.000106019679,0.000106897656,0.000106862429,0.000113061566,0.000110422700,0.000111430291,0.000114372993,0.000113889468,0.000113408725,0.000064009986,0.000062834171,0.000062681411,0.000066422977,0.000065128036,0.000067008155,0.000067267031,0.000067085935,0.000067395749,0.000052337551,0.000047487121,0.000051195038,0.000055143424,0.000053599106,0.000053639175,0.000055308047,0.000055478344,0.000054497339
6,0.000369623338,0.000363129128,0.000358949265,0.000386379736,0.000399259234,0.000380221352,0.000405792257,0.000408375700,0.000411020424,0.000212287467,0.000209251562,0.000206934788,0.000221697880,0.000223751777,0.000220006799,0.000230657986,0.000229736236,0.000226331158,0.000107144029,0.000108031084,0.000108785460,0.000114063908,0.000111895171,0.000113537513,0.000116125965,0.000114651090,0.000115095186,0.000064684459,0.000063879065,0.000064075209,0.000067465403,0.000066176075,0.000067941506,0.000068563057,0.000067952587,0.000068479896,0.000053195392,0.000048022727,0.000051798107,0.000055957684,0.000054327210,0.000054097207,0.000055784981,0.000055964124,0.000055023125
7,0.000378782657,0.000367236803,0.000365983708,0.000394644340,0.000406171515,0.000393451864,0.000417064564,0.000417190290,0.000420653996,0.000216303885,0.000212164438,0.000211069246,0.000225178564,0.000228494189,0.000225240691,0.000233725136,0.000231616678,0.000229815351,0.000107833865,0.000108807708,0.000111144970,0.000115557328,0.000113250507,0.000115853647,0.000117470811,0.000116113701,0.000117004027,0.000066014782,0.000064690390,0.000064999108,0.000068177531,0.000067793756,0.000068969084,0.000068958162,0.000069179957,0.000069509620,0.000054023495,0.000051382549,0.000052671180,0.000056182946,0.000054931025,0.000054812431,0.000056276718,0.000056463109,0.000055309586
8,0.000381550391,0.000382434755,0.000376106403,0.000402905417,0.000414135811,0.000403255748,0.000422702669,0.000423996315,0.000424456045,0.000219500265,0.000213566063,0.000213844238,0.000227870579,0.000232240147,0.000229521701,0.000237942031,0.000234673094,0.000234184888,0.000108594774,0.000110977902,0.000112391469,0.000117262041,0.000114981787,0.000117481354,0.000118510552,0.000117780032,0.000117809111,0.000067062388,0.000065211499,0.000066028463,0.000068997944,0.000068521341,0.000069826167,0.000069499282,0.000069787191,0.000070114688,0.000054528164,0.000052284329,0.000053186214,0.000056639882,0.000055438382,0.000055395351,0.000056555788,0.000057583772,0.000055925369
9,0.000383759250,0.000387638175,0.000386896038,0.000411096226,0.000419203429,0.000409076075,0.000425220882,0.000428889682,0.000432284924,0.000222061226,0.000216855947,0.000217630105,0.000230019483,0.000234598054,0.000233838869,0.000241422496,0.000239319971,0.000238443511,0.000109756155,0.000112400191,0.000113640155,0.000118883772,0.000116822222,0.000118703208,0.000118921053,0.000118764028,0.000119103620,0.000067625210,0.000066350775,0.000067133360,0.000070078250,0.000069209474,0.000070937142,0.000070051034,0.000070366453,0.000071523294,0.000055117189,0.000052823842,0.000053658415,0.000057135202,0.000055796506,0.000056237981,0.000057181749,0.000057944438,0.000056426600
10,0.000385542371,0.000394622206,0.000393874726,0.000417053489,0.000420622457,0.000414394547,0.000430629088,0.000433824357,0.000433720599,0.000225544443,0.000218476762,0.000222413416,0.000235109160,0.000237854618,0.000239184354,0.000243768401,0.000243591480,0.000240959658,0.000111118414,0.000113739503,0.000115032497,0.000119586541,0.000119109261,0.000120023171,0.000119713757,0.000121018628,0.000120963377,0.000068352593,0.000067126562,0.000068282801,0.000070693645,0.000070456105,0.000071401301,0.000070955057,0.000071495162,0.000072150035,0.000056144666,0.000053079164,0.000054342001,0.000057476247,0.000056362640,0.000056481587,0.000057426943,0.000058444924,0.000057318671
11,0.000393945335,0.000398730643,0.000397086824,0.000425202807,0.000421584899,0.000422991818,0.000439355968,0.000437240851,0.000440747274,0.000227211070,0.000221555871,0.000224240607,0.000238569266,0.000240166911,0.000240545495,0.000249437020,0.000246397721,0.000244199015,0.000113097131,0.000114890617,0.000116247381,0.000121943114,0.000120443372,0.000120450893,0.000120726142,0.000121971645,0.000122070788,0.000069515039,0.000067656898,0.000069094046,0.000071519062,0.000071615997,0.000071788520,0.000071350951,0.000071814923,0.000072656204,0.000056721045,0.000053790578,0.000054824177,0.000058005267,0.000056476578,0.000057139958,0.000058257193,0.000058975641,0.000057570043
12,0.000400221713,0.000402635091,0.000401692516,0.000432228923,0.000424909127,0.000427967608,0.000447132324,0.000442140014,0.000447481253,0.000229187020,0.000222801985,0.000225316083,0.000244882356,0.000243731750,0.000242686169,0.000252674381,0.000248367361,0.000246088077,0.000114431358,0.000116260063,0.000117892049,0.000123345992,0.000121397726,0.000122695049,0.000122162580,0.000122781640,0.000123102454,0.000070470484,0.000068638427,0.000069367827,0.000072074443,0.000072782678,0.000072354926,0.000072023987,0.000072575920,0.000073418581,0.000057321653,0.000054367848,0.000055161559,0.000058361919,0.000056772362,0.000057603958,0.000058966324,0.000059348003,0.000057951925
13,0.000405874328,0.000404093814,0.000404326895,0.000433222488,0.000430379769,0.000437697537,0.000450303565,0.000444850848,0.000450048738,0.000233252099,0.000224805709,0.000227083744,0.000248712450,0.000245686206,0.000246677728,0.000254259697,0.000251012923,0.000247622862,0.000115663581,0.000117182594,0.000118902390,0.000125394889,0.000123387452,0.000123725252,0.000123570635,0.000124241054,0.000125010650,0.000071361005,0.000069489694,0.000069966147,0.000072899619,0.000073844975,0.000073409473,0.000072701994,0.000073751742,0.000073900671,0.000057638868,0.000054847048,0.000055697944,0.000058867591,0.000057209166,0.000057860708,0.000059328576,0.000059773195,0.000058393198
14,0.000408470258,0.000407059799,0.000411495567,0.000439165399,0.000436127553,0.000439518966,0.000452050586,0.000447553167,0.000452873830,0.000235600303,0.000226852597,0.000228780118,0.000251578665,0.000246696054,0.000248161688,0.000256490054,0.000254622353,0.000250367076,0.000116882773,0.000118500767,0.000119878920,0.000127255855,0.000123868478,0.000125900692,0.000125231561,0.000125655414,0.000125266599,0.000072151627,0.000069923132,0.000070560600,0.000073372047,0.000074815853,0.000073991145,0.000073891649,0.000074431432,0.000074390531,0.000058288515,0.000055082453,0.000056012084,0.000059198528,0.000058035404,0.000058306011,0.000059715260,0.000060163865,0.000058755347
15,0.000413326270,0.000414083607,0.000412571724,0.000441672601,0.000440189129,0.000444068376,0.000455654964,0.000452810984,0.000455951167,0.000237225803,0.000227707951,0.000230928642,0.000254422578,0.000248579287,0.000249822116,0.000258139818,0.000255975956,0.000251908912,0.000117693979,0.000119544754,0.000120607397,0.000128369174,0.000124909417,0.000127157871,0.000126647867,0.000127683119,0.000127016021,0.000072514613,0.000070693813,0.000071203407,0.000074362006,0.000075391924,0.000074480848,0.000074319907,0.000075186197,0.000075204421,0.000058588048,0.000055672239,0.000056634592,0.000059530346,0.000058403717,0.000058950050,0.000059996096,0.000060610734,0.000059211440
16,0.000420737008,0.000420129666,0.000414777251,0.000443238801,0.000441960157,0.000448053034,0.000458396862,0.000454406090,0.000458899269,0.000238733124,0.000229889388,0.000232875984,0.000255758331,0.000251701312,0.000252826775,0.000261958176,0.000258234879,0.000256588959,0.000119267716,0.000120775800,0.000121456295,0.000129704839,0.000125971559,0.000129210606,0.000127306575,0.000128411677,0.000128346049,0.000072890109,0.000071233075,0.000071990562,0.000074845245,0.000076138744,0.000075066891,0.000074630584,0.000075746233,0.000075976832,0.000059072288,0.000055936324,0.000057386776,0.000059696131,0.000058839412,0.000059663619,0.000060299177,0.000060995437,0.000059450623
17,0.000423627167,0.000420760408,0.000419874704,0.000446881310,0.000444195744,0.000451267017,0.000460075156,0.000459346657,0.000463786044,0.000240513085,0.000231474145,0.000234815134,0.000258268319,0.000253854338,0.000255505273,0.000263673324,0.000261752521,0.000260088669,0.000121733825,0.000122123472,0.000122213587,0.000130404536,0.000126567403,0.000130440610,0.000127666782,0.000129177484,0.000129419280,0.000074000507,0.000072317813,0.000072522480,0.000075767826,0.000077176898,0.000075670112,0.000075573643,0.000076445275,0.000076602417,0.000059557809,0.000056198076,0.000057961371,0.000060373422,0.000059942471,0.000059760363,0.000060880643,0.000061560532,0.000059656788
18,0.000427358815,0.000424428452,0.000420190314,0.000447251185,0.000446251503,0.000454191117,0.000461461381,0.000462889627,0.000468724332,0.000240806585,0.000234286235,0.000235818444,0.000260787223,0.000258664513,0.000257153347,0.000265889769,0.000262388534,0.000260492174,0.000122322689,0.000123390711,0.000122859942,0.000131924746,0.000128253238,0.000132300186,0.000128369257,0.000130012567,0.000129951747,0.000075052049,0.000072960532,0.000073098446,0.000076693435,0.000077457482,0.000076493635,0.000075919019,0.000076752896,0.000077493749,0.000059745806,0.000056666997,0.000058311531,0.000060577848,0.000060399103,0.000060325630,0.000061327425,0.000061913242,0.000059948285
19,0.000428984468,0.000427025442,0.000422385767,0.000450902083,0.000448992067,0.000457294946,0.000463934007,0.000465033065,0.000470301803,0.000242300704,0.000237703698,0.000237599865,0.000264980901,0.000261631782,0.000260343955,0.000268657018,0.000264717867,0.000260826346,0.000123428383,0.000124379632,0.000123665721,0.000133138530,0.000129878564,0.000132927251,0.000129845243,0.000130989328,0.000130914863,0.000075571209,0.000073986420,0.000073910922,0.000077203542,0.000077758521,0.000077299944,0.000076263479,0.000076911309,0.000078192786,0.000060132840,0.000057432411,0.000058583806,0.000060954678,0.000060878094,0.000060796225,0.000061486443,0.000062235768,0.000060387432
20,0.000429802829,0.000428147133,0.000425510462,0.000452784986,0.000452135545,0.000459560442,0.000465854376,0.000467274241,0.000472431192,0.000244086839,0.000239550717,0.000238978782,0.000268079535,0.000263446410,0.000262319729,0.000270618198,0.000266632929,0.000264565811,0.000124237372,0.000125360309,0.000124926110,0.000134232727,0.000130987140,0.000133552233,0.000130073672,0.000131809126,0.000131488281,0.000075936528,0.000074863029,0.000074779870,0.000077527821,0.000078362859,0.000077696879,0.000076550933,0.000077783605,0.000078642934,0.000060378431,0.000057812862,0.000059041689,0.000061413407,0.000061355163,0.000061445661,0.000061760389,0.000062702625,0.000060637730
21,0.000431603301,0.000429123238,0.000428713437,0.000453324286,0.000452248165,0.000459752789,0.000469204929,0.000469106784,0.000473305828,0.000246143083,0.000240026673,0.000240371704,0.000269393371,0.000265431244,0.000263391205,0.000272301412,0.000267998600,0.000267023352,0.000125460451,0.000127092697,0.000125817447,0.000134417265,0.000132689056,0.000134437611,0.000131065511,0.000132033494,0.000132922418,0.000076560986,0.000075552955,0.000075378435,0.000078539431,0.000080007426,0.000078223036,0.000076856699,0.000078054034,0.000079018092,0.000060553048,0.000058575545,0.000059491284,0.000061683614,0.000061765760,0.000061969011,0.000061921936,0.000063123991,0.000060664203
22,0.000434257175,0.000432862795,0.000429413343,0.000455472929,0.000455147746,0.000461088858,0.000469204929,0.000474082159,0.000474596118,0.000246854016,0.000240451976,0.000241030260,0.000272113075,0.000267758274,0.000265895522,0.000272399175,0.000269675576,0.000269363506,0.000125857220,0.000128131423,0.000126735352,0.000134997472,0.000133788301,0.000134873998,0.000132124062,0.000132475888,0.000134471797,0.000076996329,0.000075931345,0.000075989510,0.000079258783,0.000081391103,0.000078532028,0.000077400805,0.000078222177,0.000079608473,0.000060879940,0.000058799332,0.000060267620,0.000062189051,0.000062403591,0.000062512576,0.000062248539,0.000063664029,0.000060893535
23,0.000437211873,0.000433250385,0.000435792755,0.000458206909,0.000456185491,0.000462880616,0.000471193233,0.000474997681,0.000474866457,0.000248906853,0.000242734120,0.000242375442,0.000275641140,0.000270444054,0.000268635513,0.000273390017,0.000270195426,0.000270346132,0.000126137285,0.000129198281,0.000127654044,0.000135576839,0.000134745020,0.000135536152,0.000133333660,0.000134446090,0.000135744467,0.000077587428,0.000076753143,0.000076822251,0.000079943629,0.000081749910,0.000079291889,0.000077637818,0.000078508324,0.000080230168,0.000061064254,0.000059151148,0.000060845427,0.000062652396,0.000062970753,0.000063055681,0.000062436477,0.000063954466,0.000061223037
24,0.000440575395,0.000435976981,0.000436738467,0.000464040823,0.000459949491,0.000464998808,0.000472006594,0.000476618674,0.000475716088,0.000250782513,0.000244652309,0.000244318380,0.000277521588,0.000273881334,0.000270059147,0.000274811807,0.000271674143,0.000272038925,0.000126515543,0.000129974221,0.000127784195,0.000136390455,0.000135627112,0.000136351757,0.000133623770,0.000135117916,0.000136758794,0.000077715783,0.000077378358,0.000077042438,0.000080498793,0.000082174460,0.000080333572,0.000078909979,0.000079085419,0.000081008318,0.000061299928,0.000059534744,0.000061225501,0.000062938582,0.000063686346,0.000063271406,0.000062717225,0.000064163167,0.000061568989
25,0.000443929122,0.000436271488,0.000438516280,0.000464554708,0.000460533589,0.000466261275,0.000474608613,0.000477392157,0.000476022900,0.000253433989,0.000245879793,0.000244950963,0.000279670481,0.000276691083,0.000271158684,0.000275181443,0.000272634477,0.000272784317,0.000127048787,0.000130440031,0.000128566870,0.000138240312,0.000137220739,0.000137111767,0.000135671642,0.000135633107,0.000137063475,0.000078168670,0.000078207116,0.000077712963,0.000081605248,0.000082665004,0.000080983469,0.000079287557,0.000079565761,0.000081430534,0.000061599173,0.000059723977,0.000061591336,0.000063081156,0.000064197947,0.000063754301,0.000062957373,0.000064485985,0.000061838687
26,0.000445786895,0.000436638581,0.000441053559,0.000467446648,0.000462216009,0.000467183201,0.000475540289,0.000477592030,0.000477069559,0.000254738210,0.000247888677,0.000248382554,0.000280721092,0.000279571149,0.000272575433,0.000275305812,0.000274028350,0.000274396544,0.000128539207,0.000130890224,0.000129935908,0.000139236057,0.000137772154,0.000138239514,0.000136761629,0.000135991918,0.000138480106,0.000078762740,0.000078694162,0.000078026612,0.000082129319,0.000083606570,0.000081351259,0.000079698088,0.000079878106,0.000081967044,0.000062010243,0.000060110851,0.000061978719,0.000063597447,0.000064787807,0.000064282037,0.000063251472,0.000064860557,0.000062509393
27,0.000446727207,0.000438338835,0.000442860432,0.000472041224,0.000462708195,0.000467316095,0.000477000594,0.000478880631,0.000477069559,0.000255889156,0.000248823285,0.000249101089,0.000283693833,0.000281616495,0.000274171145,0.000277146983,0.000275550897,0.000274803524,0.000130027571,0.000131532784,0.000130441457,0.000140003467,0.000139581512,0.000139591295,0.000137246054,0.000136688294,0.000138584008,0.000079261377,0.000078921917,0.000079013958,0.000082425142,0.000084102184,0.000081981341,0.000080073444,0.000080329545,0.000082850575,0.000062434528,0.000060207252,0.000062243102,0.000063851192,0.000064907845,0.000064633393,0.000063327523,0.000065114919,0.000062668415
28,0.000448206741,0.000440806269,0.000443715170,0.000472798354,0.000464320433,0.000467458378,0.000477000594,0.000479218008,0.000477562664,0.000257358363,0.000251004721,0.000250279556,0.000285266425,0.000283617516,0.000275335335,0.000278300373,0.000278333079,0.000278109135,0.000130131764,0.000131883164,0.000131379138,0.000140635110,0.000139838545,0.000140376603,0.000137699540,0.000137261725,0.000139268520,0.000079450016,0.000079435789,0.000079479171,0.000082810260,0.000084349824,0.000082349981,0.000080573887,0.000080821966,0.000083250912,0.000062697773,0.000060487325,0.000062428696,0.000064252967,0.000065296738,0.000064969974,0.000063425703,0.000065451594,0.000063142855
29,0.000453755640,0.000441868106,0.000447797261,0.000473384695,0.000464614008,0.000470169160,0.000477033765,0.000482142108,0.000477749257,0.000259198066,0.000254565104,0.000252466894,0.000287017816,0.000283912093,0.000276269704,0.000279528979,0.000280652459,0.000278161240,0.000131204322,0.000132707677,0.000132124679,0.000141706671,0.000140980074,0.000141608175,0.000138249226,0.000137754089,0.000140184272,0.000079975454,0.000079845769,0.000080065970,0.000083473340,0.000085293161,0.000082943440,0.000081010157,0.000081278194,0.000083448306,0.000063310547,0.000061105668,0.000062865715,0.000064553415,0.000065391259,0.000065386642,0.000063541027,0.000065766295,0.000063377686
30,0.000454716297,0.000442335127,0.000449023981,0.000473405704,0.000466392231,0.000471810394,0.000477852110,0.000483006628,0.000478064499,0.000260069944,0.000256079881,0.000252721677,0.000288417625,0.000285865241,0.000278248664,0.000280647109,0.000281572395,0.000279363039,0.000132719033,0.000133195034,0.000132868292,0.000142108395,0.000142338391,0.000142099419,0.000138930820,0.000138198866,0.000140372781,0.000080372822,0.000080863812,0.000080565615,0.000084109623,0.000086260051,0.000083462115,0.000081228423,0.000081923816,0.000083599230,0.000063433916,0.000061530231,0.000063224976,0.000064804453,0.000065713418,0.000065566694,0.000063978461,0.000065815334,0.000063775231
31,0.000457549535,0.000442833958,0.000449269914,0.000473730928,0.000467071170,0.000472607228,0.000478146618,0.000484931389,0.000478554600,0.000261579847,0.000258573548,0.000254321461,0.000290350980,0.000288510076,0.000280212072,0.000281462425,0.000282551601,0.000280459403,0.000133513047,0.000133714880,0.000133600698,0.000143166217,0.000143506910,0.000143320702,0.000139682670,0.000138479049,0.000141960445,0.000081152038,0.000081014270,0.000080855103,0.000084718377,0.000086994116,0.000083719087,0.000081692098,0.000082431669,0.000084340748,0.000063524497,0.000061919952,0.000063565972,0.000065085284,0.000065877862,0.000065801712,0.000064068756,0.000066114534,0.000063862204
32,0.000459711666,0.000445771342,0.000449378478,0.000473730928,0.000467697576,0.000472607228,0.000479353916,0.000485239036,0.000478754472,0.000262656966,0.000259125478,0.000257350988,0.000293127199,0.000289996394,0.000281675422,0.000282102508,0.000284601431,0.000282039620,0.000133823709,0.000134962173,0.000134618260,0.000143974378,0.000145012842,0.000144595095,0.000139822911,0.000139346222,0.000142257459,0.000081645944,0.000081642392,0.000081496629,0.000085252171,0.000087538115,0.000083949663,0.000082044564,0.000082659061,0.000085025947,0.000063988937,0.000062200501,0.000063826996,0.000065366747,0.000066522667,0.000066109308,0.000064166563,0.000066254008,0.000064112304
33,0.000460219795,0.000446960667,0.000450565136,0.000474329660,0.000469095151,0.000472607228,0.000481167387,0.000485533543,0.000479528587,0.000264067788,0.000260380019,0.000258045811,0.000295316354,0.000292836792,0.000283100926,0.000282451771,0.000285825968,0.000283272441,0.000134020083,0.000136234255,0.000135500028,0.000144950671,0.000146282049,0.000145947111,0.000140938497,0.000139909319,0.000143827490,0.000081840468,0.000082101505,0.000081581173,0.000086117062,0.000088008141,0.000084643018,0.000082493290,0.000083154473,0.000085670384,0.000064258467,0.000062505424,0.000064055775,0.000065718226,0.000066861084,0.000066518420,0.000064398306,0.000066440155,0.000064421280
34,0.000461102882,0.000450080374,0.000451061101,0.000474720554,0.000469861097,0.000473293374,0.000481545629,0.000486365319,0.000480327191,0.000266048199,0.000261110166,0.000259714738,0.000295793978,0.000294229456,0.000283529030,0.000284681753,0.000286599755,0.000285834844,0.000134311409,0.000136774786,0.000136250870,0.000145505326,0.000147375834,0.000146391814,0.000141671047,0.000140846032,0.000144123147,0.000082061277,0.000083191355,0.000081764415,0.000086197304,0.000088802059,0.000085125076,0.000083110631,0.000083780637,0.000085949953,0.000064426253,0.000062762506,0.000064480515,0.000065930542,0.000067517854,0.000066757380,0.000064810795,0.000066456627,0.000064517557
35,0.000461215960,0.000450815763,0.000451073405,0.000474744578,0.000471246302,0.000473455942,0.000481545629,0.000486365319,0.000480560234,0.000267172139,0.000261876978,0.000260078882,0.000296319597,0.000295867678,0.000284260864,0.000285875606,0.000287454051,0.000286158836,0.000135139011,0.000137645980,0.000136744615,0.000146063007,0.000148248195,0.000147059776,0.000143541184,0.000141656223,0.000144686930,0.000082476616,0.000083251676,0.000082172113,0.000086759584,0.000089241416,0.000085932145,0.000083433314,0.000084122764,0.000086025703,0.000064760762,0.000062782630,0.000064933531,0.000066434271,0.000067767915,0.000066919791,0.000064918324,0.000066771094,0.000064746125
36,0.000461557567,0.000453229611,0.000451675901,0.000474744578,0.000471267150,0.000475376063,0.000481545629,0.000486365319,0.000480560234,0.000269427432,0.000262816996,0.000262409506,0.000297820008,0.000297745313,0.000284867833,0.000287551271,0.000288112139,0.000286737764,0.000135804276,0.000139040458,0.000137949199,0.000146537677,0.000148652634,0.000148391665,0.000143959430,0.000142313444,0.000144686930,0.000082945842,0.000083571448,0.000082585156,0.000087107000,0.000089633435,0.000086557422,0.000083755958,0.000084235741,0.000086230826,0.000064897745,0.000063125825,0.000065182593,0.000067272333,0.000068065804,0.000067155663,0.000065375768,0.000066837765,0.000064917586
37,0.000461557567,0.000456912904,0.000451939428,0.000475014129,0.000472422971,0.000475663366,0.000481545629,0.000486659826,0.000481158967,0.000269722410,0.000264772307,0.000263247424,0.000299581943,0.000298419728,0.000286520861,0.000290317477,0.000288589100,0.000287025930,0.000136414262,0.000139732792,0.000138721707,0.000147214749,0.000149672337,0.000149018906,0.000144586894,0.000142587508,0.000144726083,0.000083585130,0.000083819299,0.000082716752,0.000087338397,0.000089989059,0.000086736433,0.000084425713,0.000084784732,0.000087161969,0.000065309510,0.000063521589,0.000065612757,0.000067602103,0.000068440904,0.000067512228,0.000065727311,0.000067088970,0.000065105332
38,0.000463126084,0.000457168041,0.000453156174,0.000475014129,0.000472709892,0.000476154646,0.000481545629,0.000486659826,0.000481158967,0.000272398096,0.000265599674,0.000264741141,0.000300061606,0.000300297162,0.000288371859,0.000290552976,0.000288742463,0.000288811313,0.000137771907,0.000140164214,0.000139675955,0.000147906013,0.000150526441,0.000149808374,0.000145482644,0.000143664976,0.000145287507,0.000083806183,0.000084049204,0.000082973367,0.000087775219,0.000090571144,0.000088044471,0.000085197704,0.000085011443,0.000087510727,0.000065693223,0.000063786935,0.000065852710,0.000067952089,0.000068766846,0.000067763848,0.000065944100,0.000067395080,0.000065469054
39,0.000464119169,0.000458112162,0.000454099521,0.000475096983,0.000472793638,0.000476154646,0.000482011467,0.000486659826,0.000481158967,0.000275449284,0.000266595079,0.000265022239,0.000302155152,0.000300589674,0.000290365204,0.000292937352,0.000289354129,0.000290333860,0.000138162269,0.000140660853,0.000140098505,0.000148764517,0.000150935790,0.000150847850,0.000146211446,0.000143929424,0.000145713588,0.000084305146,0.000084351685,0.000083410207,0.000088336265,0.000090833111,0.000088438181,0.000085541362,0.000085187536,0.000088192468,0.000065822687,0.000063999999,0.000066093460,0.000068497383,0.000068915019,0.000068148513,0.000066513853,0.000067582427,0.000065496425
40,0.000464119169,0.000459053643,0.000454652708,0.000477422351,0.000472793638,0.000476154646,0.000482257399,0.000486659826,0.000481757699,0.000276706833,0.000267881960,0.000265585016,0.000302378840,0.000301493212,0.000290819676,0.000295577922,0.000290234955,0.000291086197,0.000138702773,0.000141080229,0.000140955817,0.000150402192,0.000152415534,0.000151870137,0.000147289320,0.000144093023,0.000146550263,0.000084755267,0.000084545398,0.000083709975,0.000089052499,0.000091312633,0.000089249344,0.000086000775,0.000085986329,0.000088589571,0.000066107207,0.000064257364,0.000066231923,0.000068603314,0.000069165720,0.000068796125,0.000066589594,0.000067793400,0.000065738699
41,0.000465162264,0.000459877415,0.000454947216,0.000477760302,0.000473022277,0.000476390323,0.000482257399,0.000486659826,0.000481757699,0.000277470675,0.000269313634,0.000267608353,0.000305187694,0.000302605998,0.000294747363,0.000296047195,0.000290667351,0.000293560330,0.000139150629,0.000141772374,0.000141663323,0.000150933332,0.000153110190,0.000152073413,0.000147463933,0.000144565610,0.000146690917,0.000084984745,0.000085011734,0.000084121134,0.000089734982,0.000092011902,0.000089923091,0.000086433683,0.000086267688,0.000088711287,0.000066348647,0.000064595906,0.000066499333,0.000068906044,0.000069478346,0.000069013860,0.000066955934,0.000067949271,0.000066018752
42,0.000465760996,0.000461290247,0.000455029569,0.000482431374,0.000476902706,0.000476950291,0.000482257399,0.000486659826,0.000482052206,0.000277998440,0.000271066366,0.000269297807,0.000305932938,0.000304477113,0.000296200460,0.000297671301,0.000291365383,0.000293682288,0.000139706822,0.000142828734,0.000141962292,0.000151524367,0.000153684456,0.000153849059,0.000148038656,0.000145535905,0.000146924158,0.000085340943,0.000085646580,0.000084504797,0.000090044511,0.000092169829,0.000090666354,0.000086576831,0.000086395198,0.000089020922,0.000066376740,0.000064938701,0.000066671924,0.000069102221,0.000069665014,0.000069395852,0.000066997484,0.000068038989,0.000066229230
43,0.000465760996,0.000461332127,0.000455275502,0.000483172135,0.000478678610,0.000476950291,0.000482311584,0.000486659826,0.000482052206,0.000278653912,0.000271775472,0.000269889247,0.000307210290,0.000305181174,0.000296890018,0.000299450286,0.000292096519,0.000294409826,0.000140157088,0.000143542293,0.000142813521,0.000151932634,0.000154435043,0.000154061939,0.000148596932,0.000146585403,0.000147609892,0.000085708329,0.000086286836,0.000084738777,0.000090828337,0.000092452763,0.000090898256,0.000086917108,0.000086648924,0.000089833452,0.000066745392,0.000065290757,0.000066896680,0.000069267360,0.000070364478,0.000069918749,0.000067495547,0.000068266804,0.000066352096
44,0.000465760996,0.000461538593,0.000458153651,0.000483770867,0.000479178753,0.000479275659,0.000482606091,0.000486659826,0.000482346714,0.000279203493,0.000272342424,0.000271586048,0.000309555513,0.000306133411,0.000298549273,0.000299636815,0.000293505833,0.000296376042,0.000140707982,0.000144661053,0.000143066362,0.000152755228,0.000154844306,0.000154844742,0.000148889836,0.000148317653,0.000148670458,0.000086087854,0.000086392488,0.000085198103,0.000090978605,0.000093072876,0.000091339783,0.000087061005,0.000087082920,0.000090066992,0.000066912481,0.000065899528,0.000067106949,0.000069356872,0.000070651715,0.000070161045,0.000067884113,0.000068635869,0.000066690636
45,0.000466313526,0.000464059596,0.000458702343,0.000483795824,0.000480970443,0.000479300616,0.000482606091,0.000486659826,0.000484672082,0.000281269750,0.000272981722,0.000272850869,0.000311513794,0.000307570013,0.000301375800,0.000301021001,0.000294602161,0.000296876080,0.000141982540,0.000145270062,0.000143640837,0.000153192692,0.000155351392,0.000156041885,0.000149786721,0.000149020549,0.000149414639,0.000086170963,0.000086810610,0.000085609264,0.000091133668,0.000093589047,0.000091719592,0.000087578775,0.000087479458,0.000090166594,0.000067215200,0.000066180563,0.000067336776,0.000069728521,0.000071384463,0.000070322543,0.000068309226,0.000068901296,0.000066814526
46,0.000467812210,0.000464218329,0.000459869255,0.000483795824,0.000481885964,0.000479642063,0.000483832219,0.000486659826,0.000484672082,0.000281691834,0.000275101194,0.000273968799,0.000313352350,0.000308097876,0.000302528166,0.000302495774,0.000295608897,0.000297544568,0.000142558009,0.000145609991,0.000144779267,0.000154190491,0.000156193079,0.000156720013,0.000150514045,0.000149402748,0.000150294311,0.000086526214,0.000086927298,0.000085890777,0.000091419808,0.000093927978,0.000092068923,0.000087955148,0.000087635208,0.000090359009,0.000067290194,0.000066507717,0.000067688145,0.000070095742,0.000071567058,0.000070555017,0.000068657799,0.000069105982,0.000067134130
47,0.000467812210,0.000464230633,0.000460335093,0.000484204250,0.000482018858,0.000479642063,0.000484126727,0.000486659826,0.000484871954,0.000282980139,0.000275776787,0.000275542223,0.000313778104,0.000308505540,0.000304852755,0.000304074858,0.000296248702,0.000298942233,0.000143304124,0.000146726582,0.000145004905,0.000154638405,0.000156984080,0.000157196620,0.000151631522,0.000150038674,0.000150346561,0.000086591103,0.000087044195,0.000086360473,0.000091887602,0.000094427047,0.000092469932,0.000088341240,0.000088395567,0.000090962996,0.000067673897,0.000066675114,0.000068110960,0.000070407817,0.000071728748,0.000071064845,0.000068718346,0.000069279655,0.000067230561
48,0.000468012082,0.000464919530,0.000460335093,0.000484204250,0.000482018858,0.000479642063,0.000484126727,0.000486659826,0.000484871954,0.000284546346,0.000277129196,0.000277126677,0.000315695344,0.000309177487,0.000304936381,0.000304803455,0.000296416029,0.000299085473,0.000143912445,0.000146982206,0.000145499022,0.000156343550,0.000157396343,0.000158242928,0.000151969124,0.000150376808,0.000151228463,0.000087073879,0.000087360000,0.000086647801,0.000092354623,0.000094549536,0.000092813010,0.000088547481,0.000088421406,0.000091133999,0.000067687265,0.000066816637,0.000068421253,0.000070590764,0.000071836939,0.000071461188,0.000068884928,0.000069422998,0.000067461096
49,0.000468216531,0.000465977938,0.000462174123,0.000484204250,0.000482484696,0.000480107901,0.000484259621,0.000486954334,0.000484871954,0.000285236393,0.000278290720,0.000278297824,0.000316944736,0.000309859411,0.000306374458,0.000305846359,0.000296624240,0.000299936651,0.000145276510,0.000147256312,0.000145971178,0.000156723172,0.000158213335,0.000158772785,0.000152134434,0.000151164961,0.000151529479,0.000087725167,0.000087600371,0.000087283472,0.000093103928,0.000095520731,0.000093001944,0.000088862305,0.000088581229,0.000091249011,0.000067932394,0.000067183771,0.000068683533,0.000070888700,0.000072019381,0.000071952837,0.000069154008,0.000069509107,0.000067655393
50,0.000468582469,0.000465977938,0.000462453227,0.000484204250,0.000482484696,0.000480307774,0.000484725459,0.000487553066,0.000484871954,0.000286790478,0.000278857590,0.000278387183,0.000317454043,0.000311150286,0.000307563705,0.000306758652,0.000300241458,0.000302234909,0.000145518597,0.000148243289,0.000146379611,0.000156953513,0.000159004332,0.000159097823,0.000152687955,0.000152362345,0.000151739338,0.000088444378,0.000087834119,0.000087646625,0.000093314559,0.000095807797,0.000093669648,0.000089179284,0.000088762136,0.000091427698,0.000068314889,0.000067584187,0.000069009082,0.000071429649,0.000072270669,0.000072330435,0.000069426161,0.000069650028,0.000067877846
51,0.000468590206,0.000465977938,0.000462919065,0.000484229206,0.000482484696,0.000480307774,0.000484725459,0.000487553066,0.000484871954,0.000287347425,0.000279673046,0.000279123720,0.000319477995,0.000311812923,0.000308762756,0.000307813002,0.000301659979,0.000303091922,0.000146982913,0.000149499693,0.000147567381,0.000157470469,0.000159299251,0.000159511214,0.000154064025,0.000152590123,0.000153054756,0.000089119586,0.000088354489,0.000087957876,0.000094050452,0.000096259570,0.000094317327,0.000089456626,0.000089399384,0.000091550726,0.000068487760,0.000067687310,0.000069158717,0.000071805255,0.000072451448,0.000072377450,0.000069587944,0.000069866971,0.000068057812
52,0.000469398085,0.000465977938,0.000463112862,0.000484827938,0.000482950534,0.000480320078,0.000484725459,0.000487553066,0.000484871954,0.000289084038,0.000280786883,0.000280640250,0.000321094120,0.000313299142,0.000312686969,0.000308210434,0.000302632068,0.000304815924,0.000147350382,0.000150550103,0.000148098640,0.000157545374,0.000159942815,0.000160964926,0.000154219593,0.000153079031,0.000153342999,0.000089172277,0.000088594379,0.000088643219,0.000095048779,0.000096590680,0.000094520662,0.000089609657,0.000089404697,0.000091762637,0.000068676236,0.000067880860,0.000069559184,0.000071885889,0.000072967204,0.000073119943,0.000069718031,0.000069985405,0.000068266689
53,0.000469863923,0.000465977938,0.000463112862,0.000484827938,0.000482950534,0.000481051704,0.000484725459,0.000487553066,0.000485004848,0.000289948846,0.000281081653,0.000282040799,0.000321861923,0.000315888209,0.000313480011,0.000308612033,0.000303729699,0.000306739216,0.000148121099,0.000151473837,0.000148347073,0.000158593418,0.000160526006,0.000161457976,0.000155150883,0.000153320667,0.000153916650,0.000089658987,0.000088669600,0.000088653678,0.000095274514,0.000097123951,0.000095103910,0.000089753991,0.000089951694,0.000092442630,0.000069163036,0.000067948219,0.000069779422,0.000072234554,0.000073200997,0.000073247558,0.000069896710,0.000070031400,0.000068466232
54,0.000469863923,0.000466140507,0.000463407922,0.000484827938,0.000482950534,0.000481051704,0.000484725459,0.000487553066,0.000485004848,0.000291500821,0.000282870687,0.000282744803,0.000322213580,0.000317040769,0.000315150428,0.000309964025,0.000305244165,0.000306799123,0.000149192330,0.000151938970,0.000149273110,0.000159620912,0.000161015582,0.000162152441,0.000155331618,0.000154221531,0.000154392825,0.000089940948,0.000088798557,0.000088933325,0.000095453122,0.000097344112,0.000095272972,0.000090012431,0.000090228495,0.000092743371,0.000069321593,0.000068227515,0.000069865187,0.000072512486,0.000073368216,0.000073508965,0.000070069631,0.000070550499,0.000068791581
55,0.000470303541,0.000466140507,0.000463407922,0.000484827938,0.000482950534,0.000481517542,0.000484725459,0.000487553066,0.000485004848,0.000292306729,0.000283922521,0.000283414859,0.000322725514,0.000317504396,0.000316710643,0.000310442893,0.000307449272,0.000307496253,0.000149246563,0.000152499864,0.000149906030,0.000160013330,0.000161746519,0.000162820664,0.000155564419,0.000154630662,0.000155352388,0.000090018670,0.000089121255,0.000089115791,0.000095646287,0.000097888254,0.000095871537,0.000090302723,0.000090245751,0.000093014627,0.000069578451,0.000068362632,0.000070034387,0.000072724359,0.000073679199,0.000073814869,0.000070219802,0.000070731711,0.000069143862
56,0.000474197077,0.000466460176,0.000463407922,0.000484827938,0.000482975490,0.000481517542,0.000484725459,0.000487553066,0.000485004848,0.000292488681,0.000285186095,0.000284980542,0.000323902880,0.000318534136,0.000319035888,0.000310971703,0.000310238490,0.000308468520,0.000149691211,0.000152951328,0.000150081197,0.000160437817,0.000161950092,0.000163155737,0.000156257404,0.000154935284,0.000155719541,0.000090479431,0.000089603190,0.000089338578,0.000096084507,0.000097979347,0.000096240669,0.000090320558,0.000090368556,0.000093147548,0.000069813223,0.000068643517,0.000070171500,0.000073074575,0.000073975904,0.000073964953,0.000070417139,0.000070949915,0.000069523828
57,0.000474359646,0.000466460176,0.000464692268,0.000484827938,0.000482975490,0.000481824354,0.000484725459,0.000487553066,0.000485004848,0.000294431595,0.000286325228,0.000286624695,0.000324731764,0.000320556873,0.000319624022,0.000311838682,0.000311796274,0.000309764708,0.000149925185,0.000153563491,0.000150923579,0.000160904294,0.000162459666,0.000164300314,0.000156686441,0.000155949043,0.000156405351,0.000090838658,0.000089910268,0.000089599235,0.000096601016,0.000098314959,0.000096491403,0.000090529553,0.000090646020,0.000093343514,0.000070086309,0.000068824958,0.000070301477,0.000073235914,0.000074249696,0.000074011838,0.000070672953,0.000071041950,0.000069593418
58,0.000474872222,0.000467058908,0.000465017967,0.000484827938,0.000482975490,0.000481986540,0.000484725459,0.000487553066,0.000485072982,0.000295195447,0.000288246469,0.000286775837,0.000324944908,0.000320798430,0.000320082295,0.000312983719,0.000311830540,0.000312078053,0.000150133110,0.000153574335,0.000151924193,0.000161250537,0.000163247512,0.000165550828,0.000158109244,0.000156499255,0.000156556743,0.000091223705,0.000089986553,0.000089810164,0.000097017814,0.000098767594,0.000097263334,0.000090991151,0.000090866186,0.000093614938,0.000070293271,0.000068992525,0.000070613488,0.000073283098,0.000074567490,0.000074120080,0.000070792945,0.000071191508,0.000069961865
59,0.000474872222,0.000467211921,0.000465483805,0.000484827938,0.000482975490,0.000482186312,0.000484725459,0.000487553066,0.000485072982,0.000295346631,0.000288740211,0.000288680296,0.000325560561,0.000322300166,0.000320749741,0.000313691367,0.000312291362,0.000312892980,0.000150205064,0.000153693877,0.000152274635,0.000162156427,0.000163891203,0.000166141027,0.000158442318,0.000157070102,0.000157031934,0.000091728270,0.000090484483,0.000090277651,0.000097264543,0.000098876123,0.000097480147,0.000091162467,0.000090960454,0.000093700639,0.000070422735,0.000069165841,0.000070634354,0.000073467207,0.000074879606,0.000074366782,0.000070825134,0.000071390585,0.000070129888
60,0.000475166729,0.000467211921,0.000465507720,0.000484827938,0.000482975490,0.000482186312,0.000484725459,0.000487553066,0.000485538820,0.000295792906,0.000290268505,0.000289738942,0.000327407806,0.000323638499,0.000322664565,0.000314375611,0.000312837384,0.000313209019,0.000150481736,0.000154445137,0.000152469174,0.000163258264,0.000164324063,0.000166643721,0.000158458841,0.000157657116,0.000157237936,0.000092069959,0.000090695644,0.000090497432,0.000097639804,0.000099358807,0.000098216932,0.000091471325,0.000091299693,0.000093764101,0.000070756719,0.000069434322,0.000070846109,0.000073554475,0.000075103730,0.000074400347,0.000070937723,0.000071617014,0.000070259811
61,0.000475166729,0.000467211921,0.000465507720,0.000484827938,0.000482975490,0.000482386184,0.000484725459,0.000487553066,0.000485538820,0.000296022956,0.000290653646,0.000291593530,0.000328989428,0.000324440725,0.000323048068,0.000316114738,0.000314511647,0.000313750100,0.000151302273,0.000155383031,0.000152658088,0.000164359629,0.000164776237,0.000167085790,0.000158838498,0.000157892963,0.000157247185,0.000092124977,0.000091168988,0.000091049811,0.000098183252,0.000099477706,0.000098315942,0.000091902222,0.000091449698,0.000093908461,0.000071071131,0.000069505743,0.000071026764,0.000073713061,0.000075255367,0.000074692108,0.000071226569,0.000071790568,0.000070514128
62,0.000475215709,0.000467211921,0.000465507720,0.000484827938,0.000482975490,0.000482456734,0.000484725459,0.000487553066,0.000485538820,0.000296463181,0.000292377605,0.000292560234,0.000329895037,0.000325133733,0.000324341869,0.000316263262,0.000314520179,0.000314959094,0.000151912689,0.000155900391,0.000152973626,0.000165164938,0.000165387188,0.000167450572,0.000159699276,0.000158231114,0.000157310678,0.000092506682,0.000091538299,0.000091458093,0.000098477527,0.000099682346,0.000098732916,0.000092010448,0.000091739389,0.000094123187,0.000071209341,0.000069736021,0.000071220960,0.000073894362,0.000075380399,0.000074863686,0.000071277599,0.000071801925,0.000070646481
63,0.000476095536,0.000467457854,0.000466920552,0.000484827938,0.000483463795,0.000483349974,0.000484725459,0.000487553066,0.000485784752,0.000297878888,0.000292995272,0.000293938063,0.000330777683,0.000325949466,0.000324893434,0.000316263262,0.000316212813,0.000315403244,0.000152655772,0.000156335480,0.000153187523,0.000165862862,0.000166072225,0.000167847315,0.000160141090,0.000158723506,0.000158197883,0.000092720848,0.000091820642,0.000091636433,0.000098683323,0.000099954943,0.000099140125,0.000092504917,0.000091845215,0.000094187939,0.000071438198,0.000070027941,0.000071254638,0.000074044934,0.000075691872,0.000075118273,0.000071774181,0.000071838025,0.000070887451
64,0.000476927311,0.000467823791,0.000467619573,0.000484827938,0.000483463795,0.000483758399,0.000484725459,0.000487553066,0.000485784752,0.000298946635,0.000295241407,0.000295326110,0.000331144251,0.000327082028,0.000326297689,0.000316878208,0.000317859875,0.000315484330,0.000153386856,0.000156751613,0.000153840797,0.000166098702,0.000166386642,0.000169753616,0.000160297243,0.000159042493,0.000159428023,0.000092894133,0.000092079036,0.000092134338,0.000099137063,0.000100023115,0.000099335840,0.000092536371,0.000092017805,0.000094334718,0.000071725638,0.000070391728,0.000071419099,0.000074496084,0.000076146875,0.000075289775,0.000071844949,0.000071891677,0.000071035274
65,0.000476927311,0.000467823791,0.000468447848,0.000485821023,0.000483463795,0.000483758399,0.000484725459,0.000487553066,0.000485784752,0.000299470709,0.000295556450,0.000295901033,0.000332408433,0.000328432919,0.000326717402,0.000317279782,0.000318278184,0.000315882285,0.000154119682,0.000157193412,0.000154483054,0.000166897204,0.000166596268,0.000171084071,0.000160474225,0.000159793231,0.000160206491,0.000092993079,0.000092573304,0.000092438471,0.000099742456,0.000100351940,0.000099800291,0.000092581957,0.000092581593,0.000094876291,0.000071848664,0.000070434408,0.000071638974,0.000074675784,0.000076429754,0.000075582558,0.000071998186,0.000071891839,0.000071078824
66,0.000476927311,0.000467823791,0.000470773216,0.000485833327,0.000483463795,0.000484102623,0.000484729248,0.000487553066,0.000485784752,0.000299992758,0.000296203180,0.000296883782,0.000333481592,0.000330295707,0.000327016306,0.000317553956,0.000319070690,0.000316975341,0.000154878349,0.000157705569,0.000154570845,0.000167801519,0.000167378455,0.000171214857,0.000161417722,0.000160051022,0.000160701111,0.000093307121,0.000092854081,0.000093120289,0.000099983739,0.000100852300,0.000099989778,0.000092874081,0.000093428942,0.000094904697,0.000071947006,0.000070652533,0.000071909891,0.000074775090,0.000076788487,0.000075654769,0.000072243996,0.000071985585,0.000071379937
67,0.000477672252,0.000467992632,0.000470897155,0.000485833327,0.000483463795,0.000484102623,0.000484729248,0.000487553066,0.000485784752,0.000301975081,0.000296231823,0.000298065598,0.000334954898,0.000330499617,0.000327684580,0.000318120104,0.000320044120,0.000317237971,0.000155385457,0.000158458655,0.000154825298,0.000168291651,0.000167922346,0.000172024340,0.000162290316,0.000160568357,0.000161393410,0.000093511817,0.000093012872,0.000093176733,0.000100296512,0.000101250537,0.000100067944,0.000093472966,0.000093951959,0.000095174382,0.000071983796,0.000070860782,0.000072150788,0.000075233924,0.000076975670,0.000076181956,0.000072335174,0.000072043681,0.000071407008
68,0.000477672252,0.000467992632,0.000471695759,0.000485833327,0.000483463795,0.000484102623,0.000484729248,0.000487553066,0.000485784752,0.000302673549,0.000297133980,0.000299316723,0.000335478235,0.000330679933,0.000329872655,0.000318466527,0.000320667940,0.000317798734,0.000156166178,0.000158913815,0.000154962113,0.000168748564,0.000169043194,0.000172364068,0.000163294813,0.000160906631,0.000161701779,0.000093710245,0.000093085320,0.000093718039,0.000100461661,0.000101615506,0.000100470472,0.000093551762,0.000094195264,0.000095395295,0.000072263648,0.000071052547,0.000072183225,0.000075516773,0.000077262824,0.000076611429,0.000072406911,0.000072083822,0.000071580897
69,0.000477872124,0.000468017588,0.000471695759,0.000485833327,0.000483463795,0.000484235517,0.000484729248,0.000488018904,0.000485784752,0.000302810692,0.000297689968,0.000299477841,0.000335551234,0.000331619177,0.000331097772,0.000318601453,0.000321114708,0.000318051929,0.000156595640,0.000159852899,0.000155218516,0.000170697268,0.000169876485,0.000172835717,0.000164785278,0.000160960403,0.000161754644,0.000093942959,0.000093153690,0.000093862583,0.000100784436,0.000102091904,0.000100743727,0.000093780566,0.000094677914,0.000095589170,0.000072437152,0.000071404034,0.000072447768,0.000075691724,0.000077509033,0.000076650721,0.000072525963,0.000072087486,0.000071703934
70,0.000477872124,0.000468210453,0.000471720716,0.000485833327,0.000483463795,0.000484701355,0.000484729248,0.000488018904,0.000485784752,0.000303678714,0.000298999631,0.000300429854,0.000336347043,0.000332165158,0.000331900624,0.000318601453,0.000321392480,0.000319881555,0.000157103241,0.000160061685,0.000155727790,0.000172280032,0.000171038243,0.000173575035,0.000165333076,0.000161984823,0.000162031796,0.000094010504,0.000093220739,0.000094062952,0.000101139893,0.000102340638,0.000101288440,0.000093883786,0.000094908869,0.000095916639,0.000072804673,0.000071500536,0.000072694476,0.000076027443,0.000077891291,0.000076960953,0.000072601510,0.000072297120,0.000071972083
71,0.000478166632,0.000468480004,0.000471720716,0.000485833327,0.000483463795,0.000484934398,0.000484729248,0.000488018904,0.000485784752,0.000304719480,0.000299368892,0.000301360773,0.000338860423,0.000332545144,0.000332399067,0.000318854437,0.000322269620,0.000320273706,0.000157422576,0.000160477466,0.000155767782,0.000173267980,0.000171308362,0.000174416417,0.000165807511,0.000162925439,0.000162799476,0.000094302166,0.000093645322,0.000094381800,0.000101419647,0.000102572179,0.000101678532,0.000094391164,0.000095022201,0.000095942986,0.000073016723,0.000071702249,0.000072832776,0.000076325469,0.000078137412,0.000077279029,0.000072784883,0.000072639088,0.000071972083
72,0.000478166632,0.000468504961,0.000471733020,0.000486079260,0.000483463795,0.000484934398,0.000484729248,0.000488018904,0.000485784752,0.000304877936,0.000300428730,0.000301596320,0.000339702205,0.000333351614,0.000332994384,0.000319202429,0.000322489758,0.000320967608,0.000158830933,0.000161661815,0.000156159251,0.000173521087,0.000171611303,0.000175172322,0.000165851488,0.000163235389,0.000163073648,0.000094352758,0.000093737473,0.000094557098,0.000102013303,0.000102794353,0.000101762986,0.000094686048,0.000095378942,0.000096079890,0.000073138185,0.000071942744,0.000073114011,0.000076682475,0.000078404513,0.000077493298,0.000073166816,0.000072702302,0.000072178460
73,0.000478166632,0.000468504961,0.000471733020,0.000486079260,0.000483463795,0.000485067292,0.000484862827,0.000488018904,0.000485784752,0.000305102218,0.000300829929,0.000301772578,0.000340350200,0.000334251403,0.000334247113,0.000319615668,0.000322998862,0.000322010288,0.000159062644,0.000162291972,0.000156406504,0.000174001272,0.000171872589,0.000175604287,0.000166545578,0.000164056126,0.000163131606,0.000094841565,0.000093833219,0.000094906996,0.000102407892,0.000103315774,0.000102028599,0.000094818116,0.000095676789,0.000096098236,0.000073180200,0.000072051365,0.000073280405,0.000077069799,0.000078730877,0.000077764005,0.000073345483,0.000072938141,0.000072414748
74,0.000478166632,0.000468504961,0.000471733020,0.000486079260,0.000483463795,0.000485067292,0.000484862827,0.000488018904,0.000485784752,0.000307178186,0.000300948344,0.000303348497,0.000340942070,0.000335040048,0.000334930294,0.000321211043,0.000323458715,0.000322356730,0.000159788131,0.000162566311,0.000156456538,0.000174661282,0.000172452713,0.000175967219,0.000166744206,0.000165433252,0.000163243829,0.000095086946,0.000094023603,0.000095128573,0.000102733454,0.000103548363,0.000102230710,0.000094850437,0.000095833080,0.000096192928,0.000073433340,0.000072497404,0.000073443123,0.000077121513,0.000079051647,0.000077809630,0.000073449373,0.000073147651,0.000072476162
75,0.000478632470,0.000469006596,0.000471926817,0.000486445198,0.000483463795,0.000485533130,0.000484862827,0.000488018904,0.000485784752,0.000307768447,0.000301305196,0.000304634674,0.000341389124,0.000335110104,0.000335820356,0.000322092113,0.000324360459,0.000322598046,0.000159867799,0.000163072778,0.000157095131,0.000175245864,0.000173219799,0.000176671332,0.000168341755,0.000165985355,0.000163395971,0.000095144910,0.000094203232,0.000095629246,0.000103280639,0.000103827577,0.000102757088,0.000095163647,0.000096402292,0.000096429106,0.000073510972,0.000072895729,0.000073746398,0.000077627466,0.000079221693,0.000077970402,0.000073761076,0.000073413412,0.000072493581
76,0.000478632470,0.000469372534,0.000471926817,0.000486445198,0.000483463795,0.000485533130,0.000484862827,0.000488018904,0.000485784752,0.000309308755,0.000301850556,0.000304739504,0.000341551774,0.000335799290,0.000336020593,0.000323846143,0.000324710331,0.000323061336,0.000160482787,0.000163766062,0.000157784169,0.000176054938,0.000173716805,0.000177284795,0.000168424552,0.000166253318,0.000163572284,0.000095452370,0.000094490033,0.000096181002,0.000103963316,0.000104080957,0.000102950777,0.000095530990,0.000096743644,0.000096572260,0.000073714106,0.000073172861,0.000073800167,0.000077824345,0.000079369832,0.000078012378,0.000073786506,0.000073504466,0.000072931076
77,0.000478926978,0.000469838372,0.000471926817,0.000486445198,0.000483463795,0.000485533130,0.000484862827,0.000488018904,0.000485784752,0.000310348443,0.000302263786,0.000306125490,0.000342310656,0.000336562962,0.000336242845,0.000326812193,0.000325380804,0.000323381821,0.000160692741,0.000164535519,0.000158665630,0.000177132018,0.000174242728,0.000177960569,0.000168627015,0.000166548269,0.000163762244,0.000095707964,0.000094560566,0.000096311830,0.000104080548,0.000104540941,0.000103252049,0.000095558793,0.000096845273,0.000096959654,0.000073863998,0.000073458234,0.000074048802,0.000077976392,0.000079839007,0.000078186758,0.000073897619,0.000073535900,0.000073009417
78,0.000478926978,0.000470007212,0.000472172750,0.000486911035,0.000483463795,0.000485533130,0.000484862827,0.000488018904,0.000485784752,0.000310506228,0.000303078878,0.000306503809,0.000342713501,0.000337409959,0.000336701591,0.000327855788,0.000325547696,0.000323381821,0.000161094546,0.000164938630,0.000159056395,0.000177271219,0.000174758590,0.000178451429,0.000168879416,0.000167001885,0.000163989451,0.000095987649,0.000094826106,0.000096569403,0.000104381668,0.000104901380,0.000103636505,0.000095703820,0.000097362560,0.000097115037,0.000074103725,0.000073697228,0.000074154480,0.000078203550,0.000080211251,0.000078274013,0.000073954305,0.000073659146,0.000073405288
79,0.000478926978,0.000470032169,0.000472172750,0.000487205543,0.000483463795,0.000485533130,0.000484862827,0.000488018904,0.000485784752,0.000312936417,0.000303253868,0.000307660590,0.000343749385,0.000337585767,0.000337690280,0.000327872457,0.000325877935,0.000323822435,0.000161269566,0.000165352757,0.000159252480,0.000177271219,0.000175472511,0.000179222397,0.000169518352,0.000167364972,0.000164339076,0.000096139289,0.000095409957,0.000097008872,0.000104839548,0.000105331381,0.000103950570,0.000096003464,0.000097534492,0.000097401961,0.000074329728,0.000074223906,0.000074393574,0.000078447770,0.000080396327,0.000078657955,0.000074288614,0.000074003209,0.000073448399
80,0.000478926978,0.000470730338,0.000472172750,0.000487205543,0.000483463795,0.000485533130,0.000484862827,0.000488018904,0.000485784752,0.000313429364,0.000305684713,0.000308092838,0.000343904610,0.000337645812,0.000338341494,0.000328219653,0.000326280878,0.000324083189,0.000161519776,0.000165695526,0.000159582692,0.000177493996,0.000175815836,0.000180051636,0.000169680756,0.000168416510,0.000164339076,0.000096451989,0.000095680397,0.000097379279,0.000104964661,0.000105539087,0.000104407840,0.000096515967,0.000097534492,0.000097520305,0.000074574307,0.000074523999,0.000074599153,0.000078634216,0.000080853933,0.000078992492,0.000074389735,0.000074112723,0.000073485822
81,0.000478926978,0.000470730338,0.000472655903,0.000487205543,0.000483463795,0.000485558087,0.000484862827,0.000488018904,0.000485784752,0.000315017457,0.000306356182,0.000308622611,0.000344516440,0.000338198874,0.000338765274,0.000329020399,0.000329010363,0.000324619556,0.000162145747,0.000165853180,0.000159844038,0.000178256220,0.000176122577,0.000180506667,0.000170304205,0.000168528239,0.000164556030,0.000096860899,0.000096264515,0.000097617732,0.000105656638,0.000105882632,0.000104692822,0.000096620684,0.000097734359,0.000097614765,0.000074809243,0.000074599513,0.000075144502,0.000078911322,0.000081089526,0.000079216190,0.000074559833,0.000074133701,0.000073537797
82,0.000478926978,0.000470730338,0.000472818471,0.000487205543,0.000483463795,0.000485558087,0.000484862827,0.000488018904,0.000485784752,0.000315017457,0.000307204259,0.000308624813,0.000344680754,0.000338602766,0.000338843143,0.000329375120,0.000329396725,0.000325027504,0.000162300017,0.000166097167,0.000160150340,0.000179112818,0.000176913233,0.000181673281,0.000171119799,0.000169185586,0.000164872712,0.000097168608,0.000096684570,0.000097760856,0.000105869233,0.000106089136,0.000104967768,0.000097204147,0.000097855802,0.000097664989,0.000075000733,0.000074786865,0.000075338854,0.000079105317,0.000081395433,0.000079342775,0.000074561237,0.000074375119,0.000073703765
83,0.000478926978,0.000470730338,0.000473184409,0.000487205543,0.000483463795,0.000485558087,0.000484862827,0.000488018904,0.000485784752,0.000315353458,0.000307904954,0.000308932634,0.000344870940,0.000340329267,0.000339130050,0.000330790652,0.000329858913,0.000325901014,0.000163294974,0.000166180752,0.000160466392,0.000179859272,0.000177806213,0.000183258012,0.000171574490,0.000169359655,0.000165534775,0.000097381805,0.000096717318,0.000098174550,0.000105976943,0.000106433600,0.000105467574,0.000097215094,0.000097937945,0.000097664989,0.000075235795,0.000075057883,0.000075384656,0.000079158001,0.000081738975,0.000079805069,0.000074630499,0.000074569139,0.000073904052
84,0.000478926978,0.000470755295,0.000473184409,0.000487205543,0.000483463795,0.000485558087,0.000484862827,0.000488018904,0.000485784752,0.000317603218,0.000308340660,0.000309466159,0.000345209712,0.000341517365,0.000339307746,0.000331163844,0.000330238717,0.000326836149,0.000163735573,0.000166578443,0.000160926020,0.000180217658,0.000178498781,0.000183771215,0.000171984250,0.000169584136,0.000165883436,0.000097520517,0.000097061145,0.000098319451,0.000106068799,0.000106774315,0.000105816049,0.000097259395,0.000097960849,0.000097727317,0.000075341983,0.000075186000,0.000075907055,0.000079551155,0.000082057581,0.000080098927,0.000074721150,0.000074750458,0.000073958367
85,0.000478926978,0.000470755295,0.000474177494,0.000487205543,0.000483463795,0.000485558087,0.000484862827,0.000488018904,0.000485784752,0.000318579480,0.000308599281,0.000310469610,0.000346063161,0.000342108838,0.000340923847,0.000331571861,0.000330911139,0.000326976783,0.000163982248,0.000167002564,0.000161284258,0.000180374432,0.000178916797,0.000184766753,0.000172769626,0.000169845819,0.000166289597,0.000098009474,0.000097259934,0.000098730118,0.000106724246,0.000107034806,0.000106028906,0.000097363969,0.000097987631,0.000097747531,0.000075556635,0.000075274108,0.000076165688,0.000079916662,0.000082328727,0.000080216655,0.000074721150,0.000075091282,0.000074025275
86,0.000479525710,0.000471521241,0.000474177494,0.000487205543,0.000483632636,0.000485558087,0.000484862827,0.000488018904,0.000485784752,0.000319039282,0.000310195453,0.000311004794,0.000346550515,0.000342910351,0.000341929872,0.000332269656,0.000331825444,0.000328751223,0.000164263305,0.000168246150,0.000161699333,0.000180671107,0.000179141955,0.000184978341,0.000173206863,0.000170585740,0.000167028081,0.000098349388,0.000097282342,0.000099022748,0.000106901198,0.000107273587,0.000106154538,0.000097455155,0.000098066826,0.000097849458,0.000075789770,0.000075488353,0.000076234589,0.000080013536,0.000082422898,0.000080370790,0.000074787562,0.000075147280,0.000074106566
87,0.000479525710,0.000471521241,0.000474177494,0.000487205543,0.000483632636,0.000485558087,0.000484862827,0.000488018904,0.000485784752,0.000320411136,0.000310375367,0.000311494676,0.000347083217,0.000343391525,0.000342253457,0.000332698868,0.000331947704,0.000329217027,0.000164842262,0.000168416721,0.000162303972,0.000180816398,0.000179902237,0.000185504209,0.000173683954,0.000171025467,0.000167374372,0.000098548089,0.000097714380,0.000099330228,0.000107280735,0.000107496340,0.000106232526,0.000097477329,0.000098397078,0.000097924673,0.000075922362,0.000075694190,0.000076473842,0.000080074768,0.000082509829,0.000080472772,0.000074843833,0.000075176167,0.000074615862
88,0.000479820217,0.000471521241,0.000474177494,0.000487205543,0.000483632636,0.000485558087,0.000484862827,0.000488018904,0.000485784752,0.000322363493,0.000311077077,0.000312253271,0.000347546061,0.000343565187,0.000343393231,0.000333194246,0.000332581659,0.000329330164,0.000165065515,0.000168556806,0.000162896728,0.000181572488,0.000180838740,0.000186140723,0.000173827695,0.000171223743,0.000167584499,0.000098579213,0.000097778485,0.000099450270,0.000107732388,0.000107720877,0.000106474956,0.000097510875,0.000098461788,0.000097974328,0.000076061424,0.000075765283,0.000076611870,0.000080252154,0.000082980724,0.000080625074,0.000075088440,0.000075260186,0.000074714194
89,0.000479820217,0.000471683810,0.000474177494,0.000487205543,0.000483632636,0.000485558087,0.000484862827,0.000488018904,0.000485803167,0.000322943192,0.000311648198,0.000314445317,0.000347771841,0.000343764898,0.000344846114,0.000334430849,0.000332965918,0.000329838129,0.000165329776,0.000168655958,0.000164088274,0.000182441068,0.000181625839,0.000186952030,0.000174479414,0.000171616609,0.000167932634,0.000098580780,0.000098038703,0.000099829338,0.000107957385,0.000107961866,0.000106580273,0.000097657426,0.000098792194,0.000098450772,0.000076376591,0.000075923198,0.000076743739,0.000080798713,0.000083175638,0.000081126741,0.000075196768,0.000075550780,0.000074797575
90,0.000479820217,0.000471683810,0.000474346334,0.000487205543,0.000483632636,0.000485558087,0.000484862827,0.000488018904,0.000485803167,0.000323809102,0.000312036824,0.000315568893,0.000348912823,0.000344733141,0.000345263163,0.000335017625,0.000334047995,0.000330400902,0.000165819561,0.000169925389,0.000164544449,0.000182740587,0.000182537578,0.000187516694,0.000175706878,0.000171736627,0.000168052392,0.000098774423,0.000098117081,0.000099996397,0.000108302086,0.000108562635,0.000106905636,0.000098063872,0.000098973166,0.000098450772,0.000076635230,0.000076023029,0.000076852500,0.000081108977,0.000083521860,0.000081264069,0.000075582187,0.000075768254,0.000075069599
91,0.000479820217,0.000471683810,0.000474346334,0.000487205543,0.000483657592,0.000485558087,0.000484862827,0.000488018904,0.000485803167,0.000324813087,0.000312836498,0.000316371015,0.000349990489,0.000345857365,0.000346547928,0.000335760625,0.000334434979,0.000330967620,0.000166045298,0.000170651944,0.000165898079,0.000182901118,0.000183288230,0.000188024599,0.000175838597,0.000172086505,0.000168739936,0.000098815488,0.000098138226,0.000100284992,0.000108664397,0.000108746705,0.000106978737,0.000098076133,0.000099282000,0.000098565482,0.000076848765,0.000076104146,0.000076996879,0.000081182081,0.000083875293,0.000081617354,0.000075609006,0.000075792751,0.000075281125
92,0.000479820217,0.000471683810,0.000474370358,0.000487205543,0.000483657592,0.000485558087,0.000484862827,0.000488018904,0.000485803167,0.000325653751,0.000313663733,0.000316407260,0.000350019562,0.000346203638,0.000346875546,0.000335855578,0.000334727999,0.000332189552,0.000166297722,0.000171677728,0.000166299611,0.000183363182,0.000183966677,0.000188752770,0.000176011423,0.000172500341,0.000168839018,0.000098946792,0.000098249913,0.000100414644,0.000108723328,0.000108933087,0.000107468415,0.000098113118,0.000099448663,0.000099132284,0.000077068896,0.000076382186,0.000077104763,0.000081293705,0.000084049072,0.000081871771,0.000075609006,0.000075834295,0.000075375568
93,0.000479820217,0.000471683810,0.000474736296,0.000487205543,0.000483657592,0.000485558087,0.000484862827,0.000488018904,0.000485803167,0.000326066592,0.000313752126,0.000317237654,0.000350486828,0.000346455676,0.000347275610,0.000335989751,0.000334934247,0.000333102300,0.000166532123,0.000171844162,0.000167230057,0.000184394785,0.000184898656,0.000189099303,0.000176890902,0.000173320535,0.000169007390,0.000099101935,0.000098333496,0.000100695633,0.000109402722,0.000109332239,0.000107703994,0.000098324777,0.000099563973,0.000099244343,0.000077322833,0.000076409760,0.000077417412,0.000081549602,0.000084609129,0.000082156226,0.000075767279,0.000075834295,0.000075431287
94,0.000479820217,0.000471683810,0.000474736296,0.000487205543,0.000483657592,0.000485558087,0.000484862827,0.000488018904,0.000485803167,0.000326066592,0.000313786625,0.000317768391,0.000350856164,0.000346833826,0.000347991320,0.000336155307,0.000334978445,0.000333781659,0.000166860622,0.000171959865,0.000167959133,0.000184998805,0.000185264322,0.000189588011,0.000177228881,0.000173809632,0.000169160298,0.000099356396,0.000098468411,0.000100724847,0.000109945204,0.000109447478,0.000108002480,0.000098424650,0.000099563973,0.000099489153,0.000077466513,0.000076506455,0.000077423103,0.000081764762,0.000084865186,0.000082363879,0.000075850157,0.000075878700,0.000075704358
95,0.000479820217,0.000471683810,0.000474736296,0.000487205543,0.000483657592,0.000485558087,0.000484862827,0.000488018904,0.000485803167,0.000326396314,0.000314303995,0.000318795045,0.000350910166,0.000347160106,0.000348416815,0.000336835917,0.000334982172,0.000334749946,0.000167122157,0.000172263413,0.000167959133,0.000185307675,0.000186096974,0.000190216869,0.000178034186,0.000174031608,0.000169551763,0.000099389212,0.000098905359,0.000100775577,0.000110150804,0.000109784344,0.000108344740,0.000098776576,0.000099772604,0.000099543189,0.000077637937,0.000076792446,0.000077469634,0.000081857646,0.000085084511,0.000082500704,0.000075992446,0.000076021173,0.000075754455
96,0.000482145585,0.000471683810,0.000474736296,0.000487205543,0.000483657592,0.000485558087,0.000484862827,0.000488018904,0.000485803167,0.000326838155,0.000314782360,0.000319308015,0.000350962079,0.000347160507,0.000348809178,0.000338842549,0.000335801785,0.000335962125,0.000167235545,0.000172407482,0.000168284159,0.000185475857,0.000186293778,0.000191070960,0.000178244703,0.000174440414,0.000169847504,0.000099800248,0.000099145152,0.000101140115,0.000110805368,0.000109842216,0.000108978993,0.000098887958,0.000100045195,0.000099618190,0.000078017785,0.000077376407,0.000077571920,0.000082172755,0.000085363484,0.000082584445,0.000076155334,0.000076021173,0.000076085974
97,0.000482145585,0.000471683810,0.000474736296,0.000487205543,0.000483657592,0.000485558087,0.000484862827,0.000488018904,0.000485803167,0.000326911072,0.000315644486,0.000320215910,0.000352858925,0.000347334726,0.000348910581,0.000339269302,0.000336298459,0.000336463388,0.000167518116,0.000172667409,0.000168435654,0.000185976316,0.000186704619,0.000191575538,0.000178596196,0.000174584817,0.000170344735,0.000100000367,0.000099300090,0.000101245249,0.000111156194,0.000109965353,0.000109085017,0.000098898516,0.000100152256,0.000099701897,0.000078258829,0.000077515396,0.000077828394,0.000082327140,0.000085746089,0.000082940601,0.000076155334,0.000076261511,0.000076387244
98,0.000482145585,0.000471683810,0.000474736296,0.000487205543,0.000483657592,0.000485558087,0.000484862827,0.000488018904,0.000485803167,0.000327256934,0.000315926640,0.000320859257,0.000353087905,0.000347346199,0.000350264718,0.000339541975,0.000336811052,0.000336463388,0.000167627882,0.000172867345,0.000168775613,0.000186479179,0.000187075176,0.000192105612,0.000178690796,0.000174728524,0.000170851390,0.000100054942,0.000099693505,0.000101324881,0.000111772565,0.000110059596,0.000109167885,0.000099014951,0.000100463858,0.000099868045,0.000078549554,0.000077589460,0.000078057212,0.000082437391,0.000085850383,0.000083048781,0.000076231867,0.000076261511,0.000076589882
99,0.000482145585,0.000471683810,0.000474736296,0.000487205543,0.000483657592,0.000485558087,0.000484862827,0.000488018904,0.000485803167,0.000327477889,0.000316221748,0.000321501530,0.000353087905,0.000348115006,0.000351231155,0.000340486879,0.000337851670,0.000336809339,0.000168175949,0.000173142729,0.000168922995,0.000186779501,0.000187954791,0.000192461803,0.000179112540,0.000175081116,0.000171082870,0.000100464679,0.000099738624,0.000101339757,0.000111871728,0.000110470326,0.000109214122,0.000099161601,0.000100532388,0.000099935701,0.000078696061,0.000077606309,0.000078151494,0.000082745553,0.000086105980,0.000083227363,0.000076284588,0.000076313957,0.000076802143
100,0.000482145585,0.000471683810,0.000474736296,0.000487205543,0.000483657592,0.000485558087,0.000484862827,0.000488018904,0.000485803167,0.000328072209,0.000316305298,0.000322374229,0.000353239027,0.000348468828,0.000352017863,0.000341218973,0.000338407514,0.000337601987,0.000168256108,0.000173568445,0.000169123612,0.000187235250,0.000188117470,0.000192816342,0.000179179932,0.000175542383,0.000171409736,0.000100665729,0.000099763744,0.000101734785,0.000111997849,0.000110763462,0.000109631561,0.000099792345,0.000101039443,0.000099971284,0.000078925785,0.000077768005,0.000078260587,0.000082887192,0.000086426795,0.000083376511,0.000076436552,0.000076579445,0.000076925074
101,0.000484765461,0.000471683810,0.000476544880,0.000487205543,0.000483657592,0.000485558087,0.000484862827,0.000488018904,0.000485803167,0.000328251370,0.000316532888,0.000323680887,0.000353287496,0.000349986141,0.000352410721,0.000342503518,0.000338854079,0.000338050692,0.000168962586,0.000173725613,0.000169474455,0.000187368964,0.000188484445,0.000193316651,0.000179391697,0.000176665424,0.000171493078,0.000100776159,0.000100000457,0.000101936300,0.000112090766,0.000111247162,0.000109929796,0.000100407521,0.000101104540,0.000100378337,0.000078998338,0.000078120580,0.000078271560,0.000083033931,0.000086496211,0.000083516811,0.000076684374,0.000076642911,0.000077033032
102,0.000484765461,0.000471683810,0.000476569836,0.000487205543,0.000483657592,0.000485558087,0.000484862827,0.000488018904,0.000485803167,0.000329916101,0.000316943624,0.000324231811,0.000353878896,0.000350715913,0.000352722853,0.000342769287,0.000338898112,0.000338156010,0.000169030294,0.000173935309,0.000169656870,0.000187499557,0.000188602292,0.000194335566,0.000179690552,0.000176760798,0.000171555042,0.000100871782,0.000100219173,0.000101987770,0.000112486727,0.000111852491,0.000110157489,0.000100901071,0.000101208781,0.000100536514,0.000079282376,0.000078202390,0.000078332206,0.000083309411,0.000087047778,0.000083972253,0.000076957490,0.000076696499,0.000077461113
103,0.000484765461,0.000471683810,0.000476569836,0.000487205543,0.000483657592,0.000485558087,0.000484862827,0.000488018904,0.000485803167,0.000330523177,0.000317013687,0.000325470585,0.000354043474,0.000351596107,0.000353712122,0.000342915659,0.000339350291,0.000339961075,0.000169222635,0.000174192341,0.000169729733,0.000187557270,0.000189135041,0.000194788313,0.000179777183,0.000176880975,0.000172805290,0.000101104980,0.000100235732,0.000102285134,0.000112600401,0.000112044045,0.000110346494,0.000101076550,0.000101306006,0.000100849200,0.000079607924,0.000078571906,0.000078537754,0.000083473716,0.000087429952,0.000084054016,0.000076964311,0.000076797085,0.000077563782
104,0.000484765461,0.000471683810,0.000476815769,0.000487205543,0.000483657592,0.000485558087,0.000484862827,0.000488018904,0.000485803167,0.000331700326,0.000317069927,0.000325564369,0.000354753970,0.000352423071,0.000354184454,0.000344464205,0.000339747755,0.000340036995,0.000169376264,0.000174409852,0.000169929291,0.000187728850,0.000189498173,0.000195089028,0.000180085166,0.000177268717,0.000172898937,0.000101228789,0.000100437514,0.000102441452,0.000112790006,0.000112151319,0.000110413847,0.000101175584,0.000101396011,0.000100926464,0.000079754975,0.000078743008,0.000078680598,0.000084003304,0.000087577946,0.000084362505,0.000077177411,0.000076903643,0.000077700848
105,0.000484765461,0.000473340503,0.000476815769,0.000487205543,0.000483952100,0.000485558087,0.000484862827,0.000488018904,0.000485803167,0.000331953017,0.000317456961,0.000326614710,0.000355049998,0.000353315342,0.000354348654,0.000344750143,0.000340108017,0.000340402439,0.000170378695,0.000174548326,0.000170099709,0.000188002839,0.000189787701,0.000195128122,0.000180085166,0.000177273099,0.000173062182,0.000101704647,0.000100919736,0.000102598416,0.000113065837,0.000112414571,0.000110721099,0.000101319249,0.000101465244,0.000101014524,0.000079920409,0.000079026830,0.000078976815,0.000084158302,0.000087858270,0.000084510750,0.000077208966,0.000077100022,0.000077725309
106,0.000484765461,0.000473340503,0.000477576115,0.000487205543,0.000483952100,0.000485558087,0.000484862827,0.000488018904,0.000485803167,0.000332032204,0.000317637536,0.000327012173,0.000355400925,0.000353938178,0.000355149760,0.000345848984,0.000340291370,0.000340800816,0.000170451652,0.000174984814,0.000170507964,0.000189021638,0.000190268328,0.000195263812,0.000180407368,0.000177824040,0.000173272350,0.000101884600,0.000101159078,0.000102711240,0.000113367506,0.000112709586,0.000111217618,0.000101493295,0.000101517466,0.000101555703,0.000080055477,0.000079207700,0.000079067119,0.000084338887,0.000087969745,0.000084934244,0.000077390735,0.000077248251,0.000077918273
107,0.000484765461,0.000473340503,0.000477942052,0.000487205543,0.000483952100,0.000485558087,0.000485172091,0.000488018904,0.000485803167,0.000332317693,0.000318125635,0.000327622366,0.000355994217,0.000354101256,0.000355408710,0.000345853482,0.000340650540,0.000340820605,0.000170451652,0.000175616226,0.000170791767,0.000189323722,0.000190870092,0.000195663627,0.000180656836,0.000178178453,0.000173824176,0.000102321458,0.000101259916,0.000102752808,0.000113762592,0.000113222900,0.000111306391,0.000101809126,0.000101555892,0.000101617380,0.000080501477,0.000079300767,0.000079086407,0.000084739256,0.000088064261,0.000085312908,0.000077506798,0.000077594100,0.000078133168
108,0.000484765461,0.000474045975,0.000477942052,0.000487205543,0.000484246608,0.000485558087,0.000485172091,0.000488018904,0.000485803167,0.000332534738,0.000318127216,0.000327790641,0.000356262714,0.000354556699,0.000356726563,0.000347361048,0.000340656783,0.000341043423,0.000170699356,0.000176016085,0.000171922966,0.000189666998,0.000190935003,0.000196192802,0.000180884738,0.000179655111,0.000173963168,0.000102474313,0.000101696147,0.000102982051,0.000113959971,0.000113511724,0.000111467933,0.000101950800,0.000101560570,0.000101989476,0.000080643909,0.000079314939,0.000079288422,0.000084836184,0.000088240090,0.000085443079,0.000077637438,0.000077625902,0.000078304777
109,0.000484765461,0.000474045975,0.000477942052,0.000487205543,0.000484246608,0.000485558087,0.000485371963,0.000488018904,0.000485803167,0.000332993223,0.000318480658,0.000327959880,0.000356262714,0.000356693415,0.000356918332,0.000348155628,0.000340918210,0.000341438166,0.000171067673,0.000176230351,0.000172393035,0.000189907612,0.000191401997,0.000196422476,0.000180884738,0.000179655111,0.000174247131,0.000102760143,0.000101824094,0.000103204671,0.000114260657,0.000113871507,0.000111512314,0.000102128063,0.000102137473,0.000102034817,0.000080865825,0.000079448447,0.000079481780,0.000085189461,0.000088319394,0.000085522882,0.000077717456,0.000077708574,0.000078438136
110,0.000484765461,0.000474045975,0.000478407890,0.000487205543,0.000484246608,0.000485558087,0.000485371963,0.000488018904,0.000485803167,0.000333529275,0.000318523320,0.000328204832,0.000356789032,0.000356903465,0.000357374159,0.000348173251,0.000341040549,0.000342031505,0.000171331575,0.000177361072,0.000172489766,0.000190835272,0.000192767760,0.000196811345,0.000180917256,0.000180155564,0.000175008774,0.000102942789,0.000102136075,0.000103516722,0.000114422100,0.000114018945,0.000111951256,0.000102445006,0.000102344557,0.000102276603,0.000080892978,0.000079783392,0.000079590403,0.000085524760,0.000088438998,0.000085727732,0.000078062814,0.000077761224,0.000078463030
111,0.000484765461,0.000474045975,0.000478407890,0.000487205543,0.000484246608,0.000485558087,0.000485371963,0.000488018904,0.000485803167,0.000333914566,0.000319220484,0.000328736634,0.000356968929,0.000359389890,0.000357887042,0.000348263646,0.000341046187,0.000342297289,0.000171477015,0.000177802640,0.000172843887,0.000191138555,0.000192967633,0.000196896230,0.000181015841,0.000180418732,0.000175106379,0.000103028557,0.000102306691,0.000103609211,0.000114603334,0.000114332473,0.000112012262,0.000102551465,0.000102733078,0.000102348407,0.000081113154,0.000079976225,0.000079817438,0.000085782916,0.000088576479,0.000085881801,0.000078084469,0.000077773047,0.000078756143
112,0.000484765461,0.000474045975,0.000478702397,0.000487205543,0.000484246608,0.000485558087,0.000485371963,0.000488018904,0.000485803167,0.000334438910,0.000319589885,0.000328923492,0.000357275866,0.000359590513,0.000358113624,0.000348838263,0.000341185579,0.000342631467,0.000171797895,0.000178259592,0.000172867483,0.000191786407,0.000193512793,0.000197575312,0.000181120188,0.000180652374,0.000175866980,0.000103417694,0.000102371197,0.000103916554,0.000114941735,0.000114587782,0.000112203682,0.000102711424,0.000102733078,0.000102438128,0.000081194951,0.000080249632,0.000079922331,0.000085816089,0.000088898817,0.000086014440,0.000078226160,0.000077894373,0.000078915500
113,0.000484765461,0.000474045975,0.000478702397,0.000487205543,0.000484246608,0.000485558087,0.000485480528,0.000488018904,0.000485803167,0.000334874640,0.000319589885,0.000329805437,0.000357980685,0.000361890566,0.000358273084,0.000349277958,0.000341301390,0.000343005476,0.000172778263,0.000178761985,0.000173557211,0.000192016735,0.000194327099,0.000197616178,0.000181189588,0.000180759370,0.000175875111,0.000103482635,0.000102388685,0.000104015108,0.000115046553,0.000114971154,0.000112504157,0.000102719603,0.000102935701,0.000102738190,0.000081512786,0.000080496344,0.000079978300,0.000086038960,0.000089209467,0.000086297654,0.000078425155,0.000077960200,0.000079039830
114,0.000484765461,0.000474045975,0.000478702397,0.000487205543,0.000484246608,0.000485558087,0.000485480528,0.000488018904,0.000485803167,0.000335150644,0.000319623274,0.000329903329,0.000358077890,0.000361996928,0.000358459598,0.000349893156,0.000341690878,0.000343041230,0.000172778263,0.000179492540,0.000173805106,0.000193199908,0.000194649774,0.000197922122,0.000181287320,0.000181287916,0.000176023778,0.000103926897,0.000102441324,0.000104159198,0.000115483647,0.000115032822,0.000112549569,0.000102830911,0.000102948670,0.000102912706,0.000081667306,0.000080639960,0.000080019913,0.000086179668,0.000089385202,0.000086330814,0.000078472321,0.000078029622,0.000079082567
115,0.000484765461,0.000474069998,0.000478702397,0.000487205543,0.000484246608,0.000485558087,0.000485480528,0.000488018904,0.000485803167,0.000335464041,0.000322540948,0.000330452593,0.000358099155,0.000361996928,0.000359739443,0.000350206503,0.000341903564,0.000343323623,0.000172932073,0.000179722876,0.000174069374,0.000193516007,0.000195175074,0.000198171253,0.000181306494,0.000181621293,0.000176267119,0.000104005725,0.000102517482,0.000104440386,0.000115699338,0.000115133885,0.000112905528,0.000103190632,0.000103115034,0.000102941402,0.000081770846,0.000080789830,0.000080119043,0.000086397830,0.000089494492,0.000086392201,0.000078502523,0.000078079293,0.000079178489
116,0.000484765461,0.000474069998,0.000478702397,0.000487205543,0.000484246608,0.000485558087,0.000485480528,0.000488018904,0.000485803167,0.000335485563,0.000322869273,0.000330645525,0.000358179192,0.000362209668,0.000360894948,0.000350462995,0.000342562627,0.000343798599,0.000173023297,0.000179785063,0.000174616907,0.000194105475,0.000195254164,0.000198240299,0.000181396924,0.000182246045,0.000176420450,0.000104010329,0.000102941300,0.000104670035,0.000115880002,0.000115337522,0.000112982914,0.000103391426,0.000103228519,0.000102941402,0.000081857194,0.000080869133,0.000080187860,0.000086695782,0.000089816421,0.000086605623,0.000078584092,0.000078324042,0.000079278765
117,0.000484765461,0.000474422109,0.000478702397,0.000487205543,0.000484246608,0.000485558087,0.000485480528,0.000488018904,0.000485803167,0.000336589455,0.000323220831,0.000331079739,0.000358445654,0.000362388737,0.000361228057,0.000350910556,0.000342986969,0.000344521366,0.000173776234,0.000179998639,0.000174941336,0.000194548695,0.000195367565,0.000198904422,0.000181681953,0.000182478628,0.000176833614,0.000104657875,0.000103068621,0.000104752620,0.000116003538,0.000115520335,0.000113012570,0.000103416045,0.000103312324,0.000102989696,0.000081939541,0.000081191923,0.000080304998,0.000086727626,0.000089974474,0.000086749942,0.000078584850,0.000078376689,0.000079282525
118,0.000484765461,0.000474422109,0.000479168235,0.000487205543,0.000484246608,0.000485558087,0.000485480528,0.000488018904,0.000485803167,0.000336795205,0.000323220831,0.000331764545,0.000358939718,0.000362803015,0.000361358601,0.000350915537,0.000343532672,0.000344572506,0.000174277517,0.000180889552,0.000175565843,0.000194861986,0.000195568244,0.000199312930,0.000182245294,0.000183102230,0.000176835843,0.000104912511,0.000103574314,0.000104877294,0.000116410996,0.000115872265,0.000113110848,0.000103465452,0.000103323743,0.000103285407,0.000082288032,0.000081315770,0.000080507759,0.000086883543,0.000090121855,0.000086958058,0.000078601391,0.000078423317,0.000079302190
119,0.000484765461,0.000474422109,0.000479168235,0.000487205543,0.000484246608,0.000485558087,0.000485480528,0.000488018904,0.000485803167,0.000337154239,0.000326287768,0.000332903956,0.000358989699,0.000363020339,0.000361627550,0.000351091580,0.000344480374,0.000344854417,0.000174596140,0.000180939521,0.000175577782,0.000195268885,0.000195720788,0.000199456042,0.000182598860,0.000183568376,0.000177120353,0.000104964798,0.000103678988,0.000105059643,0.000116438230,0.000116158817,0.000113504286,0.000103484284,0.000103414663,0.000103586224,0.000082384407,0.000081348144,0.000080663323,0.000086958354,0.000090332204,0.000087145817,0.000078679728,0.000078493811,0.000079441094
120,0.000484765461,0.000476747476,0.000479168235,0.000487205543,0.000484246608,0.000485558087,0.000485480528,0.000488018904,0.000485803167,0.000337590284,0.000326761609,0.000333641317,0.000359028097,0.000363073894,0.000361952133,0.000351444446,0.000345413610,0.000345366481,0.000175599796,0.000181225762,0.000175861015,0.000195347456,0.000195930035,0.000200754202,0.000182640832,0.000183751172,0.000177311002,0.000105472792,0.000104005438,0.000105242054,0.000116694642,0.000116734538,0.000113622241,0.000103641923,0.000103414663,0.000104045234,0.000082522848,0.000081624016,0.000080761588,0.000087322417,0.000090572753,0.000087263875,0.000078887219,0.000078493811,0.000079441094
121,0.000484765461,0.000476747476,0.000479168235,0.000487205543,0.000484246608,0.000485558087,0.000485480528,0.000488018904,0.000485803167,0.000338074439,0.000327086121,0.000334620970,0.000359764489,0.000363113663,0.000363109011,0.000351696385,0.000345425076,0.000345423596,0.000175791046,0.000181603556,0.000175918055,0.000195500603,0.000196035175,0.000201447342,0.000182693179,0.000184410597,0.000177313545,0.000105861049,0.000104054129,0.000105408832,0.000116840354,0.000116825121,0.000113817989,0.000103787614,0.000103446560,0.000104119698,0.000082656036,0.000081714668,0.000080813581,0.000087526137,0.000090721538,0.000087501603,0.000078972611,0.000078493811,0.000079541591
122,0.000484765461,0.000477041984,0.000479534173,0.000487205543,0.000484246608,0.000485558087,0.000485480528,0.000488018904,0.000485803167,0.000338760362,0.000327173956,0.000334620970,0.000359806488,0.000363496403,0.000363355132,0.000352198671,0.000345498168,0.000345494517,0.000175888974,0.000181959738,0.000176117819,0.000196067451,0.000196287592,0.000201778159,0.000182771234,0.000184505351,0.000178185665,0.000105890015,0.000104116533,0.000105552618,0.000117100833,0.000116835769,0.000113943527,0.000104052040,0.000104221050,0.000104332765,0.000083021819,0.000081881210,0.000080861878,0.000087665868,0.000090812150,0.000087672787,0.000078988435,0.000078637347,0.000079599265
123,0.000484765461,0.000477041984,0.000479534173,0.000487205543,0.000484246608,0.000485558087,0.000485480528,0.000488018904,0.000485803167,0.000338831688,0.000327193710,0.000334845594,0.000360350622,0.000363496403,0.000363415687,0.000352848025,0.000345763376,0.000345722161,0.000176694290,0.000182295951,0.000176385509,0.000196265391,0.000196678355,0.000201865706,0.000183603328,0.000185277398,0.000178891032,0.000106074290,0.000104284392,0.000105618469,0.000117548889,0.000116923294,0.000114178294,0.000104091110,0.000104364795,0.000104407947,0.000083099587,0.000082151258,0.000081199290,0.000087829956,0.000090998693,0.000087768135,0.000079040152,0.000078747407,0.000079699986
124,0.000484765461,0.000477041984,0.000479828680,0.000487205543,0.000484246608,0.000485558087,0.000486312303,0.000488018904,0.000485803167,0.000338903723,0.000327417883,0.000335947830,0.000361398236,0.000364040419,0.000364984014,0.000354419310,0.000346317325,0.000345948989,0.000176788613,0.000182495409,0.000176609735,0.000197130072,0.000196898864,0.000202321054,0.000183732884,0.000185435620,0.000179071260,0.000106325180,0.000104642292,0.000105874375,0.000118094116,0.000116967501,0.000114556930,0.000104595908,0.000104402818,0.000104407947,0.000083189896,0.000082212485,0.000081231100,0.000088179476,0.000091102270,0.000087965942,0.000079088855,0.000078815017,0.000079726410
125,0.000484765461,0.000477041984,0.000479828680,0.000487205543,0.000484246608,0.000485558087,0.000486312303,0.000488018904,0.000485803167,0.000339246513,0.000328768842,0.000336250873,0.000361707139,0.000364196908,0.000365015959,0.000354559013,0.000346465026,0.000346147867,0.000176932058,0.000182969962,0.000176620113,0.000197415405,0.000197366120,0.000202430619,0.000183966495,0.000185645870,0.000179742120,0.000106487973,0.000104673699,0.000106065744,0.000118359453,0.000117043494,0.000114894752,0.000104684076,0.000104437077,0.000104420436,0.000083389816,0.000082260610,0.000081358583,0.000088363053,0.000091217529,0.000088064349,0.000079206876,0.000078847338,0.000079982978
126,0.000484765461,0.000477041984,0.000479828680,0.000487205543,0.000484246608,0.000485558087,0.000486312303,0.000488018904,0.000485803167,0.000339300717,0.000330272961,0.000336483047,0.000361707139,0.000364530614,0.000365267328,0.000355543865,0.000346668057,0.000347739364,0.000176972930,0.000183303125,0.000176798085,0.000197547769,0.000198797296,0.000202615728,0.000183998049,0.000186349135,0.000180040046,0.000106616865,0.000104797402,0.000106092024,0.000119080581,0.000117220234,0.000115122397,0.000104692035,0.000104500812,0.000104472063,0.000083667322,0.000082280661,0.000081534649,0.000088716665,0.000091342836,0.000088270688,0.000079310390,0.000079023514,0.000079982978
127,0.000484765461,0.000477041984,0.000479828680,0.000487205543,0.000484246608,0.000485558087,0.000486312303,0.000488018904,0.000485803167,0.000340311208,0.000330608741,0.000337721503,0.000362142985,0.000364676728,0.000365321023,0.000355966345,0.000347701798,0.000347998211,0.000177483966,0.000183473469,0.000177697342,0.000198284578,0.000199069032,0.000202826859,0.000184035710,0.000186780348,0.000180072400,0.000106812572,0.000105162836,0.000106343103,0.000119174610,0.000117322106,0.000115219250,0.000104845176,0.000104621017,0.000104532162,0.000083727921,0.000082656090,0.000081743641,0.000088926074,0.000091947595,0.000088588035,0.000079477328,0.000079059309,0.000080154628
128,0.000484765461,0.000477489769,0.000479828680,0.000487205543,0.000484246608,0.000485558087,0.000486312303,0.000488018904,0.000485803167,0.000341118256,0.000332516824,0.000338020134,0.000362180941,0.000365550764,0.000365499332,0.000356461931,0.000348370373,0.000348321749,0.000177731852,0.000183935451,0.000177794633,0.000198551702,0.000199866379,0.000203098047,0.000184325726,0.000186903002,0.000180258286,0.000107022974,0.000105381358,0.000106524055,0.000119513404,0.000117564088,0.000115393487,0.000105099032,0.000104651756,0.000104742195,0.000083806854,0.000082752945,0.000081756788,0.000089018602,0.000092099553,0.000088725859,0.000079636188,0.000079074868,0.000080277815
129,0.000484765461,0.000477489769,0.000479828680,0.000487205543,0.000484246608,0.000485558087,0.000486312303,0.000488018904,0.000485803167,0.000341998106,0.000332622254,0.000338602053,0.000362360309,0.000365797855,0.000366272861,0.000356916716,0.000348697189,0.000348321749,0.000177899637,0.000184183907,0.000177990316,0.000199147920,0.000200178740,0.000203185628,0.000185063299,0.000187168772,0.000180730369,0.000107285822,0.000105484714,0.000106660381,0.000120180941,0.000117874611,0.000115480030,0.000105183285,0.000104733131,0.000104821349,0.000083977904,0.000082775815,0.000081780965,0.000089180794,0.000092146632,0.000088813682,0.000079671091,0.000079125353,0.000080296111
130,0.000485059968,0.000477489769,0.000479828680,0.000487205543,0.000484246608,0.000485558087,0.000486312303,0.000488018904,0.000485803167,0.000342314237,0.000332777155,0.000338614306,0.000362670823,0.000366377723,0.000366995228,0.000357143759,0.000348877534,0.000348321749,0.000178002480,0.000184371521,0.000178217977,0.000199312739,0.000200555236,0.000203339324,0.000185242949,0.000187372356,0.000181106130,0.000107334614,0.000105572025,0.000106717572,0.000120207192,0.000118056602,0.000115561177,0.000105502815,0.000104949320,0.000105088036,0.000084216325,0.000083102676,0.000082017842,0.000089330043,0.000092382580,0.000089415186,0.000079709678,0.000079191717,0.000080538892
131,0.000485059968,0.000477489769,0.000479828680,0.000487500051,0.000484246608,0.000485558087,0.000486312303,0.000488018904,0.000485803167,0.000343191573,0.000333137325,0.000338661903,0.000363626174,0.000366570100,0.000367003339,0.000357818098,0.000349216315,0.000348778446,0.000178041881,0.000184653286,0.000178394947,0.000199662910,0.000201082499,0.000203760353,0.000185889441,0.000187723071,0.000181240830,0.000107469214,0.000105795639,0.000106815916,0.000120630300,0.000118177233,0.000115812656,0.000105537576,0.000104983153,0.000105168816,0.000084373110,0.000083214727,0.000082102233,0.000089402282,0.000092659431,0.000089540390,0.000079771859,0.000079281073,0.000080909749
132,0.000485059968,0.000477489769,0.000479828680,0.000487500051,0.000484246608,0.000485558087,0.000486312303,0.000488018904,0.000485803167,0.000343226126,0.000333202928,0.000338681110,0.000363657260,0.000366931284,0.000367579318,0.000358073447,0.000349772913,0.000349809304,0.000178117502,0.000184946456,0.000178629728,0.000200009607,0.000201876897,0.000204538542,0.000186200835,0.000188077508,0.000181420769,0.000107511782,0.000105901288,0.000107093915,0.000120863725,0.000118264191,0.000115897479,0.000105811000,0.000105232201,0.000105558431,0.000084484561,0.000083486232,0.000082404200,0.000089640807,0.000092725334,0.000089655230,0.000079803586,0.000079301251,0.000080969980
133,0.000485059968,0.000477489769,0.000479828680,0.000487500051,0.000484246608,0.000485558087,0.000486312303,0.000488018904,0.000485803167,0.000344614338,0.000333202928,0.000338945017,0.000364450350,0.000367468021,0.000368481700,0.000358836550,0.000349772913,0.000349853627,0.000178320538,0.000184946456,0.000178886131,0.000200311179,0.000202061902,0.000204720286,0.000186324314,0.000188438643,0.000181452899,0.000107713634,0.000106090564,0.000107240114,0.000121048161,0.000118337779,0.000116383759,0.000105983223,0.000105235508,0.000105726925,0.000084578573,0.000083715007,0.000082586228,0.000089810072,0.000092818887,0.000089813870,0.000079815664,0.000079341441,0.000081096351
134,0.000485059968,0.000477500226,0.000479828680,0.000487500051,0.000484246608,0.000485558087,0.000486312303,0.000488018904,0.000485803167,0.000344696273,0.000333727932,0.000339455650,0.000365659366,0.000368127293,0.000369834641,0.000359197087,0.000350086992,0.000349853627,0.000178842168,0.000185160266,0.000179304623,0.000200924056,0.000202192624,0.000205247368,0.000187625494,0.000188539595,0.000182348368,0.000108042591,0.000106366496,0.000107745480,0.000121185252,0.000118555999,0.000116583617,0.000106035317,0.000105268647,0.000105747442,0.000084809416,0.000083815031,0.000082866274,0.000089886061,0.000092957032,0.000089965084,0.000080061408,0.000079366396,0.000081096351
135,0.000485059968,0.000477500226,0.000479828680,0.000487500051,0.000484246608,0.000485558087,0.000486312303,0.000488018904,0.000485803167,0.000345262913,0.000333785563,0.000339544243,0.000365659366,0.000368330405,0.000370779695,0.000359197087,0.000350187764,0.000350422152,0.000178985994,0.000185480776,0.000179666085,0.000201047980,0.000202359145,0.000205887570,0.000188690503,0.000188609093,0.000182573590,0.000108233928,0.000106460322,0.000108033834,0.000121584559,0.000118811893,0.000117016174,0.000106243454,0.000105281466,0.000105993904,0.000085144049,0.000083875022,0.000083169586,0.000089945291,0.000093146899,0.000090164404,0.000080061408,0.000079366396,0.000081314388
136,0.000485059968,0.000477500226,0.000482619886,0.000487500051,0.000484246608,0.000485558087,0.000486445198,0.000488018904,0.000485803167,0.000345794212,0.000333988983,0.000340678194,0.000366159983,0.000368454229,0.000371756036,0.000359730979,0.000351068682,0.000350422152,0.000179088750,0.000185541572,0.000179864885,0.000201594565,0.000202499209,0.000206673393,0.000189154734,0.000188990013,0.000182742339,0.000108308677,0.000106592024,0.000108194089,0.000121933332,0.000118887998,0.000117270617,0.000106407863,0.000105327644,0.000106450337,0.000085380943,0.000084017879,0.000083315833,0.000090068352,0.000093245421,0.000090326374,0.000080062388,0.000079366396,0.000081531779
137,0.000485059968,0.000477948363,0.000482619886,0.000487500051,0.000484246608,0.000485558087,0.000486445198,0.000488018904,0.000485803167,0.000347062037,0.000333993747,0.000341236120,0.000366159983,0.000368609167,0.000371756036,0.000360760342,0.000351942414,0.000351555326,0.000179491604,0.000185690614,0.000180151339,0.000202086370,0.000203335304,0.000208084097,0.000189201200,0.000189258219,0.000182843733,0.000108993448,0.000106835832,0.000108199125,0.000122244587,0.000119107154,0.000117402098,0.000106410685,0.000105358627,0.000106596491,0.000085423059,0.000084051115,0.000083570416,0.000090185296,0.000093503649,0.000090574771,0.000080456870,0.000079366396,0.000081639425
138,0.000485059968,0.000477948363,0.000482619886,0.000487500051,0.000484246608,0.000485558087,0.000486911035,0.000488018904,0.000485803167,0.000347761815,0.000334139735,0.000341620278,0.000366159983,0.000368628903,0.000372028485,0.000361190283,0.000352187274,0.000351555326,0.000179619748,0.000185699595,0.000180185718,0.000203068452,0.000203621498,0.000208234669,0.000189272469,0.000189317980,0.000183185554,0.000109092930,0.000106900511,0.000108338476,0.000122371311,0.000119110708,0.000117699382,0.000106754553,0.000105386992,0.000106957353,0.000085537074,0.000084069848,0.000084004215,0.000090273610,0.000093881591,0.000090682016,0.000080458304,0.000079430559,0.000081700354
139,0.000485059968,0.000478414201,0.000482619886,0.000487500051,0.000484246608,0.000485558087,0.000486911035,0.000488018904,0.000485803167,0.000348177178,0.000334244741,0.000342729588,0.000366159983,0.000368822530,0.000372299293,0.000361190283,0.000352427577,0.000351555326,0.000179760315,0.000185908061,0.000180315898,0.000203236372,0.000204588791,0.000208367265,0.000189557881,0.000190133516,0.000183271860,0.000109271529,0.000106906708,0.000108409626,0.000122456353,0.000119153962,0.000117805843,0.000106864530,0.000105460245,0.000107081589,0.000085739947,0.000084273803,0.000084128036,0.000090345658,0.000094036615,0.000090785460,0.000080511891,0.000079465150,0.000081726146
140,0.000485059968,0.000478414201,0.000482619886,0.000487500051,0.000484246608,0.000485558087,0.000486911035,0.000488018904,0.000485803167,0.000348177178,0.000335174250,0.000343079934,0.000366431584,0.000368836201,0.000372787645,0.000361190283,0.000352583120,0.000351649143,0.000179980773,0.000186281426,0.000181183433,0.000203516076,0.000205334166,0.000208367265,0.000189721704,0.000190617401,0.000183283833,0.000109370598,0.000107223885,0.000108751865,0.000122564949,0.000119389865,0.000117886357,0.000106957346,0.000105658665,0.000107115437,0.000085885044,0.000084374230,0.000084159351,0.000090534418,0.000094137950,0.000090899813,0.000080515285,0.000079467475,0.000081859697
141,0.000485059968,0.000478414201,0.000482619886,0.000487500051,0.000484246608,0.000485558087,0.000486911035,0.000488018904,0.000485803167,0.000349768240,0.000336369187,0.000343160065,0.000366512864,0.000368836201,0.000373431441,0.000361464174,0.000353412278,0.000353046468,0.000180173668,0.000186615074,0.000181465577,0.000203656589,0.000205539329,0.000208747273,0.000189741208,0.000191310381,0.000183301833,0.000109404391,0.000107510308,0.000109202906,0.000123081736,0.000119721498,0.000117973334,0.000106973599,0.000105744980,0.000107439658,0.000086024874,0.000084653668,0.000084220147,0.000090980853,0.000094257685,0.000090971504,0.000080515285,0.000079467475,0.000081927318
142,0.000485059968,0.000478414201,0.000482619886,0.000487500051,0.000484246608,0.000485558087,0.000486911035,0.000488018904,0.000485803167,0.000350074934,0.000337439842,0.000344265647,0.000366604626,0.000368969331,0.000373450911,0.000361996074,0.000353501933,0.000353046468,0.000180674370,0.000186831776,0.000182498301,0.000203796018,0.000205939371,0.000209011282,0.000189985093,0.000191402494,0.000183335366,0.000109656553,0.000107618243,0.000109517815,0.000123453846,0.000120153287,0.000118089678,0.000106973599,0.000106032623,0.000107642595,0.000086276857,0.000084683674,0.000084286229,0.000091012861,0.000094343433,0.000091432124,0.000080725506,0.000079504467,0.000082130258
143,0.000485059968,0.000478414201,0.000482619886,0.000487500051,0.000484246608,0.000485558087,0.000486911035,0.000488018904,0.000485803167,0.000350418078,0.000337574371,0.000344333315,0.000366858496,0.000368969331,0.000373489319,0.000362765568,0.000353659263,0.000353221986,0.000180715715,0.000187215438,0.000182999953,0.000204319910,0.000206113690,0.000209041436,0.000189985093,0.000191661026,0.000183671134,0.000109912647,0.000107648627,0.000109658832,0.000123520683,0.000120221629,0.000118388679,0.000106973599,0.000106136638,0.000107668187,0.000086304826,0.000084802132,0.000084471828,0.000091136467,0.000094425117,0.000091542891,0.000080806400,0.000079541905,0.000082394788
144,0.000485059968,0.000478414201,0.000482619886,0.000487500051,0.000484246608,0.000485558087,0.000486911035,0.000488018904,0.000485803167,0.000350418078,0.000337615860,0.000344695361,0.000367049138,0.000369000915,0.000373511272,0.000362765568,0.000353847673,0.000353708537,0.000180981240,0.000187939569,0.000183286016,0.000204461225,0.000206268694,0.000209712900,0.000190020250,0.000192277422,0.000183878758,0.000110342515,0.000107785822,0.000109833894,0.000123645893,0.000120460561,0.000119028695,0.000107009931,0.000106313525,0.000107688371,0.000086429743,0.000085004891,0.000084520466,0.000091336439,0.000094776849,0.000091867101,0.000080841591,0.000079616408,0.000082511546
145,0.000485059968,0.000478414201,0.000482619886,0.000487500051,0.000484246608,0.000485558087,0.000486911035,0.000488018904,0.000485803167,0.000350797762,0.000338019046,0.000345100419,0.000367074476,0.000369169993,0.000373967605,0.000362778448,0.000354312843,0.000353716605,0.000181184064,0.000188518897,0.000183286303,0.000204531817,0.000206765046,0.000209889613,0.000190086883,0.000192442435,0.000184305961,0.000110368206,0.000108028075,0.000109925578,0.000123695216,0.000120611361,0.000119108933,0.000107408134,0.000106650519,0.000108165539,0.000086560893,0.000085137649,0.000084764618,0.000091435504,0.000094937480,0.000092025772,0.000080922085,0.000079665356,0.000082529841
146,0.000485059968,0.000478414201,0.000482619886,0.000487500051,0.000484246608,0.000485558087,0.000486911035,0.000488018904,0.000485803167,0.000350864168,0.000338163663,0.000346276080,0.000367141430,0.000369204837,0.000374221193,0.000362908696,0.000355009496,0.000353716605,0.000181223641,0.000188671757,0.000183336457,0.000205032409,0.000207194365,0.000210242649,0.000190305899,0.000192491334,0.000184434873,0.000110513081,0.000108217717,0.000110317155,0.000124020358,0.000121008597,0.000119183641,0.000107529910,0.000106695568,0.000108632690,0.000086666091,0.000085278485,0.000084775312,0.000091503287,0.000095203627,0.000092296338,0.000081054435,0.000079698296,0.000082655188
147,0.000485059968,0.000478414201,0.000482619886,0.000487500051,0.000484246608,0.000485558087,0.000486911035,0.000488018904,0.000485803167,0.000352526689,0.000339118357,0.000346599009,0.000367515844,0.000369204837,0.000374588737,0.000363537541,0.000355643411,0.000354044741,0.000181357138,0.000188933342,0.000184274036,0.000205205379,0.000207216480,0.000210379571,0.000190518281,0.000192634568,0.000184462446,0.000110513081,0.000108417833,0.000110354131,0.000124346964,0.000121078953,0.000119577355,0.000107717210,0.000106785987,0.000108686706,0.000086816992,0.000085322123,0.000084787537,0.000091687668,0.000095368107,0.000092670610,0.000081149467,0.000079705858,0.000082710559
148,0.000485059968,0.000478414201,0.000482619886,0.000487500051,0.000484246608,0.000485558087,0.000486911035,0.000488018904,0.000485803167,0.000352549618,0.000339163885,0.000347216838,0.000368005924,0.000369204837,0.000375005019,0.000363574107,0.000355962885,0.000354263468,0.000181497902,0.000189068233,0.000184605716,0.000205534770,0.000207216480,0.000210733162,0.000190827493,0.000192679491,0.000184787597,0.000110534491,0.000108582933,0.000110360261,0.000124475779,0.000121320805,0.000119785991,0.000107750048,0.000106960807,0.000108812227,0.000087133696,0.000085522656,0.000084858201,0.000091925205,0.000095442737,0.000092756716,0.000081277306,0.000079879297,0.000082710559
149,0.000485059968,0.000478414201,0.000482619886,0.000487500051,0.000484246608,0.000485558087,0.000486911035,0.000488018904,0.000485803167,0.000353217627,0.000339350054,0.000347216838,0.000368182190,0.000370106240,0.000376254230,0.000363935949,0.000356142511,0.000354349443,0.000181586871,0.000189533914,0.000185276941,0.000205802180,0.000207442940,0.000211224485,0.000191051610,0.000192940671,0.000184909375,0.000110746397,0.000108665910,0.000110521844,0.000124576282,0.000121356938,0.000120045081,0.000108063550,0.000107068252,0.000108855879,0.000087169450,0.000085578404,0.000084993547,0.000092394980,0.000095644666,0.000093095408,0.000081308077,0.000080018535,0.000082710559
150,0.000485059968,0.000478414201,0.000482619886,0.000487500051,0.000484246608,0.000485558087,0.000486911035,0.000488018904,0.000485803167,0.000354062575,0.000340029057,0.000347255860,0.000369715721,0.000370106240,0.000376983162,0.000364035371,0.000356395145,0.000354838476,0.000181880835,0.000189799702,0.000185529295,0.000206276442,0.000207639679,0.000211597775,0.000191148883,0.000193060030,0.000185108443,0.000110806815,0.000108813622,0.000110700062,0.000124782405,0.000121443249,0.000120360646,0.000108066989,0.000107295554,0.000109363992,0.000087582456,0.000085825553,0.000085040568,0.000092431621,0.000095906501,0.000093196908,0.000081435954,0.000080282087,0.000082710559
151,0.000485059968,0.000478414201,0.000482619886,0.000487500051,0.000484246608,0.000485558087,0.000486911035,0.000488018904,0.000485803167,0.000355078727,0.000340052407,0.000347314906,0.000369794686,0.000370106240,0.000377092956,0.000366561547,0.000356858642,0.000355040296,0.000181957829,0.000189940596,0.000185653743,0.000206873810,0.000207998921,0.000211760682,0.000191164528,0.000193084975,0.000185133695,0.000110865747,0.000108873782,0.000110970872,0.000124835346,0.000122097025,0.000120621992,0.000108274845,0.000107471345,0.000109398403,0.000087742017,0.000086081657,0.000085272196,0.000092535001,0.000095978070,0.000093253670,0.000081508796,0.000080473455,0.000082741183
152,0.000485059968,0.000478414201,0.000482619886,0.000487500051,0.000484246608,0.000485558087,0.000486911035,0.000488018904,0.000485803167,0.000355653080,0.000340468596,0.000347531740,0.000370007042,0.000370161223,0.000377656988,0.000367204879,0.000358136279,0.000355489613,0.000182046974,0.000190321342,0.000186084386,0.000207873089,0.000208484363,0.000211877792,0.000191362050,0.000193643106,0.000185219674,0.000111151658,0.000108894967,0.000111263766,0.000124998418,0.000122232049,0.000120696456,0.000108279953,0.000107807195,0.000109733479,0.000087853477,0.000086315793,0.000085469405,0.000092676008,0.000096048824,0.000093512754,0.000081629366,0.000080575750,0.000082741183
153,0.000485059968,0.000478414201,0.000482619886,0.000487500051,0.000484246608,0.000485558087,0.000486911035,0.000488018904,0.000485803167,0.000356102501,0.000341074846,0.000347667130,0.000370501520,0.000370161223,0.000377656988,0.000367255418,0.000358136279,0.000355489613,0.000182319328,0.000190432979,0.000186127866,0.000208373900,0.000209313334,0.000212245284,0.000191362050,0.000193855905,0.000185684174,0.000111180979,0.000109043843,0.000111286078,0.000125481425,0.000122424744,0.000120827057,0.000108306046,0.000107841288,0.000109733479,0.000088033487,0.000086346366,0.000085538460,0.000093039775,0.000096411336,0.000093648326,0.000081646352,0.000080648671,0.000082755562
154,0.000485059968,0.000478414201,0.000482619886,0.000487500051,0.000484246608,0.000485558087,0.000486911035,0.000488018904,0.000485803167,0.000356237909,0.000341074846,0.000347855520,0.000370720815,0.000370161223,0.000378111179,0.000367405043,0.000358136279,0.000355625377,0.000182364384,0.000191489749,0.000186138137,0.000208685678,0.000209347947,0.000212577220,0.000191495657,0.000194122705,0.000185763762,0.000111322625,0.000109222047,0.000111384942,0.000125847601,0.000122515519,0.000120888491,0.000108346372,0.000107841288,0.000109733479,0.000088073738,0.000086630328,0.000085551827,0.000093124565,0.000096592866,0.000093860617,0.000081700014,0.000080947149,0.000082786215
155,0.000485059968,0.000478414201,0.000482619886,0.000487500051,0.000484246608,0.000485558087,0.000486911035,0.000488018904,0.000485803167,0.000356242839,0.000341074846,0.000347855520,0.000371035991,0.000370588841,0.000378111179,0.000367443108,0.000358654111,0.000355942678,0.000182502976,0.000192369996,0.000186138137,0.000209020110,0.000209836221,0.000212622374,0.000191505594,0.000194289204,0.000186385153,0.000111476538,0.000109515476,0.000111663904,0.000126137839,0.000122791796,0.000121054277,0.000108573552,0.000107859701,0.000109879782,0.000088166505,0.000086681579,0.000085574453,0.000093532632,0.000097044852,0.000093900612,0.000081707679,0.000081044872,0.000082881595
156,0.000485059968,0.000478414201,0.000482619886,0.000487500051,0.000484246608,0.000485558087,0.000486911035,0.000488018904,0.000485803167,0.000356298868,0.000342030724,0.000347970920,0.000371276870,0.000370723057,0.000378141062,0.000367618621,0.000358931118,0.000355952761,0.000182564982,0.000192512389,0.000186359110,0.000209139436,0.000210267576,0.000212709278,0.000191762982,0.000194669352,0.000186395614,0.000111631659,0.000109588927,0.000111847862,0.000126521812,0.000123131669,0.000121181557,0.000108573552,0.000108268468,0.000109932590,0.000088244039,0.000086891754,0.000085727879,0.000093852925,0.000097279497,0.000094041147,0.000081730716,0.000081079815,0.000083047417
157,0.000485059968,0.000478414201,0.000482619886,0.000487500051,0.000484246608,0.000485558087,0.000486911035,0.000488018904,0.000485803167,0.000356579018,0.000343028335,0.000348241240,0.000371435298,0.000370723057,0.000378266959,0.000367723916,0.000358979429,0.000356082148,0.000182802304,0.000192526738,0.000186556990,0.000209774922,0.000210423046,0.000213076861,0.000191831727,0.000195068321,0.000186447006,0.000111748366,0.000109921905,0.000112006884,0.000126574149,0.000123430953,0.000121333026,0.000108636700,0.000108278959,0.000110100086,0.000088395107,0.000087046149,0.000085815085,0.000094016087,0.000097351542,0.000094080284,0.000081730716,0.000081122215,0.000083047417
158,0.000485059968,0.000478414201,0.000482619886,0.000487500051,0.000484246608,0.000485558087,0.000486911035,0.000488018904,0.000485803167,0.000356818276,0.000343317022,0.000348995858,0.000372390240,0.000370779433,0.000378440938,0.000367945565,0.000359038876,0.000356597359,0.000183063375,0.000193165096,0.000186620917,0.000210572899,0.000210568735,0.000213306628,0.000192754475,0.000195738784,0.000186511756,0.000111793957,0.000110205255,0.000112312907,0.000126618050,0.000123646690,0.000121494808,0.000108853981,0.000108335993,0.000110257762,0.000088415710,0.000087182555,0.000085936922,0.000094274120,0.000097374784,0.000094453829,0.000081887440,0.000081417538,0.000083096954
159,0.000485059968,0.000478414201,0.000482619886,0.000487500051,0.000484246608,0.000485558087,0.000486911035,0.000488018904,0.000485803167,0.000357208021,0.000343356621,0.000349527861,0.000372456451,0.000370815938,0.000378440938,0.000368071496,0.000359043051,0.000357072881,0.000183094557,0.000193411175,0.000186755831,0.000210998977,0.000211359061,0.000213365229,0.000192982898,0.000196151268,0.000186616418,0.000111869005,0.000110481065,0.000112428267,0.000127100895,0.000123853394,0.000121652075,0.000109399098,0.000108358461,0.000110426922,0.000088598794,0.000087254916,0.000085969853,0.000094484632,0.000097900003,0.000094668320,0.000081960536,0.000081433355,0.000083110153
160,0.000485059968,0.000478414201,0.000482619886,0.000487500051,0.000484246608,0.000485558087,0.000486911035,0.000488018904,0.000485803167,0.000357388214,0.000343487838,0.000349590221,0.000372489467,0.000370815938,0.000378753863,0.000368170541,0.000359175522,0.000357074886,0.000183266017,0.000193829835,0.000187475929,0.000211382048,0.000211609800,0.000213476736,0.000193096129,0.000196509706,0.000186679451,0.000111897896,0.000110562858,0.000112598527,0.000127149381,0.000124189223,0.000121729470,0.000109430792,0.000108375928,0.000110604432,0.000088752420,0.000087367474,0.000086262011,0.000094613413,0.000098033022,0.000095325440,0.000081983232,0.000081675301,0.000083199945
161,0.000485059968,0.000478414201,0.000482619886,0.000487500051,0.000484246608,0.000485558087,0.000486911035,0.000488018904,0.000485803167,0.000357473150,0.000343487838,0.000349590221,0.000372489467,0.000370815938,0.000378878251,0.000370515386,0.000359434272,0.000357074886,0.000183625908,0.000194146464,0.000187803626,0.000211650411,0.000212075016,0.000213709359,0.000193348765,0.000196867081,0.000186765259,0.000111934431,0.000110639789,0.000112608122,0.000127215979,0.000124253520,0.000121846406,0.000109462020,0.000108568075,0.000110604432,0.000088894935,0.000087593885,0.000086520230,0.000094931102,0.000098386174,0.000095420951,0.000082031846,0.000081724135,0.000083243840
162,0.000485059968,0.000478414201,0.000482619886,0.000487500051,0.000484246608,0.000485558087,0.000486911035,0.000488018904,0.000486097675,0.000357512664,0.000343702480,0.000349871229,0.000372545661,0.000371072157,0.000380084100,0.000370767099,0.000359434272,0.000358478675,0.000183986173,0.000194288137,0.000187803626,0.000211928622,0.000212294362,0.000213909160,0.000193924702,0.000197347953,0.000186841060,0.000112032143,0.000110773975,0.000112972669,0.000127312920,0.000124605861,0.000121955395,0.000109630026,0.000108643180,0.000110906718,0.000088938521,0.000087713399,0.000086735822,0.000094956236,0.000098408596,0.000095695309,0.000082031846,0.000081858033,0.000083508430
163,0.000485059968,0.000478414201,0.000482619886,0.000487500051,0.000484246608,0.000485558087,0.000486911035,0.000488018904,0.000486097675,0.000357734999,0.000343702480,0.000350150696,0.000372722176,0.000371134855,0.000380131651,0.000372087221,0.000360605412,0.000358478675,0.000183988034,0.000194388173,0.000188235433,0.000212332128,0.000212776728,0.000214106102,0.000194179463,0.000197531681,0.000186921902,0.000112307762,0.000110948157,0.000113046844,0.000127346791,0.000124683039,0.000122244685,0.000109649444,0.000108755621,0.000110998723,0.000089018927,0.000087739958,0.000087037845,0.000095323465,0.000098412338,0.000095718318,0.000082237736,0.000082037419,0.000083576038
164,0.000485059968,0.000478414201,0.000482619886,0.000487500051,0.000484246608,0.000485558087,0.000486911035,0.000488018904,0.000486097675,0.000358929057,0.000344255815,0.000350629049,0.000374041000,0.000371134855,0.000380150524,0.000372190451,0.000362416475,0.000358641719,0.000184119392,0.000194580929,0.000188567550,0.000212340454,0.000213166741,0.000214880943,0.000194243917,0.000197740597,0.000186921902,0.000112316993,0.000110977885,0.000113127699,0.000127430715,0.000124810615,0.000122657749,0.000110226828,0.000108998976,0.000111076165,0.000089096370,0.000087867033,0.000087309058,0.000095406773,0.000098525862,0.000095856902,0.000082283441,0.000082038651,0.000083680840
165,0.000485059968,0.000478414201,0.000482619886,0.000487500051,0.000484246608,0.000485558087,0.000486911035,0.000488018904,0.000486097675,0.000358990558,0.000344255926,0.000350989421,0.000374335566,0.000371608275,0.000380265372,0.000372282376,0.000362743731,0.000358666582,0.000184199317,0.000194919520,0.000188818646,0.000212949495,0.000213216133,0.000214880943,0.000194319259,0.000197782107,0.000186991320,0.000112736337,0.000111178575,0.000113266109,0.000127592007,0.000124964049,0.000122690578,0.000110320218,0.000109084935,0.000111079767,0.000089116921,0.000088005648,0.000087857196,0.000095568962,0.000098700447,0.000096019921,0.000082323241,0.000082043239,0.000083849641
166,0.000485059968,0.000478414201,0.000482619886,0.000487500051,0.000484246608,0.000485558087,0.000486911035,0.000488018904,0.000486097675,0.000359705366,0.000344564164,0.000351228528,0.000374338268,0.000372082110,0.000380265372,0.000372600896,0.000362851328,0.000359318080,0.000185323372,0.000195241770,0.000189402974,0.000213129754,0.000213587762,0.000215156062,0.000194331804,0.000197853189,0.000187736651,0.000112990000,0.000111197934,0.000113329615,0.000127744945,0.000125276037,0.000123133744,0.000110593669,0.000109162830,0.000111548490,0.000089244573,0.000088085012,0.000087929541,0.000095706381,0.000098787168,0.000096259126,0.000082498064,0.000082167639,0.000084073888
167,0.000485059968,0.000478414201,0.000482619886,0.000487500051,0.000484246608,0.000485558087,0.000486911035,0.000488018904,0.000486097675,0.000359787702,0.000345736355,0.000351382246,0.000374777541,0.000372082110,0.000380541537,0.000373135285,0.000363113220,0.000359318080,0.000185366336,0.000195241770,0.000189545387,0.000213292829,0.000213889641,0.000215322397,0.000194966650,0.000197853189,0.000187864308,0.000113243158,0.000111486612,0.000113619065,0.000127790891,0.000125561111,0.000123717774,0.000110718450,0.000109655075,0.000111721555,0.000089606923,0.000088182015,0.000088090573,0.000095810362,0.000098846401,0.000096441367,0.000082498064,0.000082180204,0.000084257758
168,0.000485059968,0.000478414201,0.000482619886,0.000487500051,0.000484246608,0.000485558087,0.000486911035,0.000488018904,0.000486097675,0.000360187104,0.000347497950,0.000351382246,0.000375070156,0.000372346881,0.000380541537,0.000374152375,0.000364463873,0.000359318080,0.000185649834,0.000195379022,0.000189628494,0.000213694432,0.000214555641,0.000215546339,0.000195143776,0.000197957402,0.000188281555,0.000113304615,0.000111488025,0.000113759504,0.000127892732,0.000125592853,0.000123781876,0.000110978194,0.000109719458,0.000111750822,0.000089765004,0.000088236923,0.000088128258,0.000095956674,0.000098965859,0.000096608122,0.000082498064,0.000082195410,0.000084360961
169,0.000485059968,0.000478414201,0.000482619886,0.000487500051,0.000484246608,0.000485558087,0.000486911035,0.000488018904,0.000486097675,0.000360213805,0.000347609216,0.000351462887,0.000375337427,0.000373162728,0.000381004801,0.000374258318,0.000364779712,0.000359358166,0.000185768482,0.000195650417,0.000189808766,0.000214922236,0.000215011543,0.000216159612,0.000195171494,0.000197970096,0.000188346953,0.000113367775,0.000111548626,0.000113967984,0.000127941955,0.000125693241,0.000124064596,0.000111088110,0.000109795840,0.000111762517,0.000089941226,0.000088261589,0.000088221998,0.000096059156,0.000099070884,0.000096850338,0.000082507781,0.000082248587,0.000084540975
170,0.000485059968,0.000478414201,0.000482619886,0.000487500051,0.000484246608,0.000485558087,0.000486911035,0.000488018904,0.000486097675,0.000360486615,0.000348753478,0.000351523531,0.000375462363,0.000373214902,0.000381004801,0.000374715166,0.000364856950,0.000359612501,0.000185995757,0.000195941222,0.000189874080,0.000215158607,0.000215217650,0.000216243723,0.000195324786,0.000198186008,0.000188713747,0.000113546658,0.000111630822,0.000114182789,0.000128143276,0.000125891158,0.000124158243,0.000111096561,0.000109992978,0.000111878826,0.000089957951,0.000088385545,0.000088388600,0.000096176249,0.000099236832,0.000096964674,0.000082612779,0.000082340948,0.000084542464
171,0.000485059968,0.000478414201,0.000482619886,0.000487500051,0.000484246608,0.000485558087,0.000486911035,0.000488018904,0.000486097675,0.000360916702,0.000348978811,0.000351655703,0.000375462363,0.000373214902,0.000381358210,0.000375989433,0.000365103722,0.000359764365,0.000186110994,0.000196133366,0.000189935242,0.000215251060,0.000215258952,0.000216246895,0.000195488843,0.000198301243,0.000188771144,0.000113649703,0.000111744295,0.000114580371,0.000128188345,0.000125923432,0.000124399153,0.000111222348,0.000110411293,0.000111931945,0.000090043155,0.000088465483,0.000088452833,0.000096523634,0.000099336821,0.000097384366,0.000082676551,0.000082411591,0.000084584006
172,0.000485059968,0.000478414201,0.000482619886,0.000487500051,0.000484246608,0.000485558087,0.000486911035,0.000488018904,0.000486097675,0.000361034959,0.000349214634,0.000351655703,0.000375643973,0.000373845890,0.000381503706,0.000375989433,0.000365103722,0.000360295783,0.000186307574,0.000196150735,0.000189964425,0.000215512914,0.000215417409,0.000216484317,0.000195655437,0.000198472506,0.000188892263,0.000113744511,0.000111766449,0.000114685205,0.000128231840,0.000126105248,0.000124435640,0.000111432550,0.000110483627,0.000112248765,0.000090117464,0.000088580725,0.000088688026,0.000096904521,0.000099399465,0.000097501634,0.000082682180,0.000082569111,0.000084584006
173,0.000485059968,0.000478414201,0.000482619886,0.000487500051,0.000484246608,0.000485558087,0.000486911035,0.000488018904,0.000486097675,0.000361365311,0.000349214634,0.000351694295,0.000376344356,0.000374110035,0.000381503706,0.000376854496,0.000365105220,0.000360353500,0.000186352334,0.000196259379,0.000190415915,0.000215685960,0.000215609709,0.000217138294,0.000195780141,0.000198612498,0.000188961015,0.000113882993,0.000111883256,0.000115016075,0.000128520377,0.000126443367,0.000124624931,0.000111619740,0.000110501549,0.000112324608,0.000090133770,0.000088589721,0.000088779516,0.000097008660,0.000099442437,0.000097678445,0.000082720020,0.000082728821,0.000084585134
174,0.000485059968,0.000478414201,0.000482619886,0.000487500051,0.000484246608,0.000485558087,0.000486911035,0.000488018904,0.000486097675,0.000361365311,0.000349487280,0.000352381779,0.000376902982,0.000374110035,0.000381503706,0.000377664980,0.000365262111,0.000361292916,0.000186647699,0.000196433667,0.000190962151,0.000215768573,0.000215970151,0.000217138294,0.000195780141,0.000198749394,0.000189179386,0.000113946891,0.000112001434,0.000115085168,0.000128869751,0.000126717826,0.000124883789,0.000111650944,0.000110523668,0.000112421190,0.000090359726,0.000088653279,0.000088926723,0.000097186283,0.000099564045,0.000097823486,0.000082833289,0.000082728821,0.000084672682
175,0.000485059968,0.000478414201,0.000482619886,0.000487500051,0.000484246608,0.000485558087,0.000486911035,0.000488018904,0.000486097675,0.000361389766,0.000349641370,0.000352449300,0.000376966011,0.000374110035,0.000381537909,0.000377872240,0.000365301846,0.000361655530,0.000186799363,0.000196889005,0.000191428596,0.000216474478,0.000216287454,0.000217219722,0.000196189585,0.000198817825,0.000189428946,0.000114088956,0.000112163119,0.000115268956,0.000129046835,0.000127070643,0.000125050337,0.000112025368,0.000110556601,0.000112479396,0.000090628843,0.000088891784,0.000089201190,0.000097390019,0.000099661368,0.000098013276,0.000082912840,0.000082767015,0.000084747461
176,0.000485059968,0.000478414201,0.000482619886,0.000487500051,0.000484246608,0.000485558087,0.000486911035,0.000488018904,0.000486097675,0.000361583350,0.000349727975,0.000352893868,0.000377027693,0.000374315005,0.000381537909,0.000378857665,0.000365984157,0.000361767143,0.000186847737,0.000197468231,0.000191583352,0.000216740467,0.000216297815,0.000217820139,0.000196376603,0.000199300216,0.000190375080,0.000114192072,0.000112208840,0.000115283291,0.000129231219,0.000127464473,0.000125148818,0.000112145772,0.000110686226,0.000112781208,0.000090628843,0.000089090082,0.000089219200,0.000097512266,0.000099717932,0.000098151895,0.000082987174,0.000082770952,0.000084797487
177,0.000485059968,0.000478414201,0.000482619886,0.000487500051,0.000484246608,0.000485558087,0.000486911035,0.000488018904,0.000486097675,0.000361958793,0.000350140675,0.000353113490,0.000377027693,0.000374315005,0.000381715273,0.000378857665,0.000365990576,0.000362374754,0.000186926901,0.000198051054,0.000191711130,0.000217089112,0.000216842579,0.000217917332,0.000196536682,0.000199300216,0.000191135604,0.000114479457,0.000112222961,0.000115700591,0.000129704025,0.000127571128,0.000125197332,0.000112156186,0.000110738098,0.000112790407,0.000090846425,0.000089145055,0.000089266652,0.000097857263,0.000099895021,0.000098499596,0.000083081891,0.000082789600,0.000084840494
178,0.000485059968,0.000479208770,0.000482619886,0.000487500051,0.000484246608,0.000485558087,0.000486911035,0.000488018904,0.000486097675,0.000362112249,0.000352614215,0.000353113490,0.000377295710,0.000374523467,0.000381959310,0.000379327750,0.000366217506,0.000362832179,0.000187263784,0.000198386706,0.000191926025,0.000217245193,0.000217129492,0.000217933640,0.000196544072,0.000199542371,0.000191228661,0.000114690723,0.000112321059,0.000116188193,0.000129955557,0.000127673261,0.000125646423,0.000112263819,0.000110776558,0.000112802459,0.000090910055,0.000089395830,0.000089301748,0.000098105157,0.000100008715,0.000098655573,0.000083187205,0.000082803598,0.000084999295
179,0.000485059968,0.000479208770,0.000482619886,0.000487500051,0.000484246608,0.000485558087,0.000486911035,0.000488018904,0.000486097675,0.000362112249,0.000352739420,0.000353113490,0.000377645395,0.000374523467,0.000382657690,0.000379370739,0.000366772177,0.000363574253,0.000187308214,0.000198401793,0.000192251278,0.000217616009,0.000218038382,0.000218120954,0.000196743577,0.000199996131,0.000191554935,0.000114721767,0.000112348047,0.000116230373,0.000130121936,0.000128005985,0.000125982482,0.000112727538,0.000110845893,0.000112873800,0.000090976976,0.000089511171,0.000089334886,0.000098666660,0.000100148634,0.000098701523,0.000083225823,0.000082855220,0.000085207239
180,0.000485059968,0.000479208770,0.000482619886,0.000487500051,0.000484246608,0.000485558087,0.000486911035,0.000488018904,0.000486097675,0.000362119123,0.000353246983,0.000353678820,0.000378108136,0.000374523467,0.000382657690,0.000379760005,0.000367517645,0.000363685880,0.000187581922,0.000198401793,0.000192710547,0.000217845490,0.000218199088,0.000218415444,0.000197048506,0.000200029700,0.000191579794,0.000114783361,0.000112483452,0.000116263063,0.000130288235,0.000128071594,0.000126212438,0.000112839750,0.000110934769,0.000112892066,0.000091173111,0.000089552899,0.000089465769,0.000098833850,0.000100291409,0.000098984169,0.000083354763,0.000082926292,0.000085402547
181,0.000485059968,0.000479208770,0.000482619886,0.000487500051,0.000484246608,0.000485558087,0.000486911035,0.000488018904,0.000486097675,0.000362119123,0.000353389570,0.000353879465,0.000378484647,0.000375186949,0.000382745631,0.000379938804,0.000367517645,0.000364101819,0.000187667799,0.000198823391,0.000192710547,0.000218761615,0.000218528356,0.000218690211,0.000197048506,0.000200353974,0.000191760249,0.000114887982,0.000112708851,0.000116377850,0.000130512053,0.000128150603,0.000126527286,0.000112839750,0.000111074894,0.000112904352,0.000091369394,0.000089564525,0.000089759567,0.000098905328,0.000100423368,0.000099151154,0.000083491110,0.000083031085,0.000085528654
182,0.000485059968,0.000479208770,0.000482619886,0.000487500051,0.000484246608,0.000485558087,0.000486911035,0.000488018904,0.000486097675,0.000362587552,0.000353576873,0.000354389410,0.000378763299,0.000375186949,0.000383249937,0.000380315463,0.000368171313,0.000364101819,0.000188345635,0.000198843932,0.000192727799,0.000218777849,0.000218817297,0.000218883041,0.000197405091,0.000200386769,0.000191765855,0.000115092447,0.000112830513,0.000116540037,0.000130628224,0.000128193460,0.000126931612,0.000113266537,0.000111581715,0.000113233852,0.000091386872,0.000089641936,0.000089833195,0.000099054064,0.000100717708,0.000099224809,0.000083500354,0.000083178128,0.000085528654
183,0.000485059968,0.000479208770,0.000482619886,0.000487500051,0.000484246608,0.000485558087,0.000486911035,0.000488018904,0.000486097675,0.000363208321,0.000353660416,0.000354389410,0.000379491309,0.000375546260,0.000383271506,0.000380331440,0.000368615053,0.000364151846,0.000188486968,0.000199325321,0.000192758253,0.000219164447,0.000218943634,0.000219369961,0.000197871582,0.000200527771,0.000192010904,0.000115491720,0.000112888690,0.000116852241,0.000130833038,0.000128342453,0.000127103504,0.000113285315,0.000111748842,0.000113324338,0.000091531326,0.000089981583,0.000089855540,0.000099254875,0.000100784429,0.000099353851,0.000083556181,0.000083212070,0.000085550263
184,0.000485059968,0.000479208770,0.000482619886,0.000487500051,0.000484246608,0.000485558087,0.000486911035,0.000488018904,0.000486097675,0.000363208321,0.000353702984,0.000354448821,0.000379491309,0.000375718784,0.000383434849,0.000380461217,0.000369063240,0.000364433075,0.000188794264,0.000199992576,0.000192758253,0.000219424299,0.000219016162,0.000219510289,0.000198078220,0.000201003101,0.000192431222,0.000115551892,0.000112970165,0.000116914903,0.000130993385,0.000128467508,0.000127288586,0.000113390497,0.000111767289,0.000113353078,0.000091606633,0.000090143204,0.000089919342,0.000099629295,0.000100870069,0.000099431662,0.000083595299,0.000083310998,0.000085661695
185,0.000485059968,0.000479208770,0.000482619886,0.000487500051,0.000484246608,0.000485558087,0.000486911035,0.000488018904,0.000486097675,0.000363393172,0.000353900352,0.000354448821,0.000379828648,0.000375718784,0.000384125534,0.000380850187,0.000369262855,0.000365229623,0.000188806136,0.000200135533,0.000192881459,0.000219786248,0.000219594022,0.000219732412,0.000198177413,0.000201003101,0.000192643167,0.000115557322,0.000113124041,0.000117182868,0.000131083739,0.000128668248,0.000128153638,0.000113479190,0.000112208425,0.000113397761,0.000091717171,0.000090336163,0.000089985230,0.000099757025,0.000101021465,0.000099493463,0.000083595299,0.000083931551,0.000085661695
186,0.000485059968,0.000479402568,0.000482619886,0.000487500051,0.000484246608,0.000485558087,0.000486911035,0.000488018904,0.000486097675,0.000363397469,0.000354309192,0.000354465743,0.000380345560,0.000375718784,0.000384199570,0.000381064584,0.000369262855,0.000365824372,0.000188935752,0.000200142684,0.000192941143,0.000220146453,0.000219791606,0.000219871609,0.000198177413,0.000202075808,0.000192654502,0.000115622245,0.000113290102,0.000117290574,0.000131194692,0.000128858774,0.000128410977,0.000113570519,0.000112571689,0.000113636170,0.000091777847,0.000090439943,0.000090060371,0.000099844693,0.000101336245,0.000099606748,0.000083595299,0.000083972761,0.000085728581
187,0.000485059968,0.000479402568,0.000482619886,0.000487500051,0.000484246608,0.000485558087,0.000486911035,0.000488018904,0.000486097675,0.000363580763,0.000354905213,0.000354682909,0.000380345560,0.000375759313,0.000384568651,0.000381097094,0.000369262855,0.000365874653,0.000189061502,0.000200459744,0.000193303238,0.000220146453,0.000219831052,0.000220054719,0.000198367485,0.000202298684,0.000192854796,0.000115759113,0.000113499340,0.000117335415,0.000131382422,0.000129160099,0.000128818458,0.000113636850,0.000112603814,0.000113712329,0.000091904779,0.000090453104,0.000090338544,0.000099976997,0.000101370527,0.000099706163,0.000083618339,0.000083973704,0.000085967737
188,0.000485059968,0.000479402568,0.000482619886,0.000487500051,0.000484246608,0.000485558087,0.000486911035,0.000488018904,0.000486097675,0.000363741725,0.000356132512,0.000354705896,0.000380620573,0.000375759313,0.000384568651,0.000381240889,0.000370140900,0.000365874653,0.000189065343,0.000201144084,0.000193514518,0.000220298799,0.000219915712,0.000220300827,0.000198625454,0.000202521896,0.000193611663,0.000115973446,0.000113605101,0.000117474670,0.000131500704,0.000129393395,0.000128949666,0.000113645467,0.000112630594,0.000113712329,0.000092122360,0.000090499589,0.000090357407,0.000100194174,0.000101516783,0.000099892046,0.000083754861,0.000083973704,0.000086036267
189,0.000485059968,0.000479402568,0.000482619886,0.000487500051,0.000484246608,0.000485558087,0.000486911035,0.000488018904,0.000486097675,0.000364148289,0.000356132512,0.000355860566,0.000380713381,0.000375784867,0.000384568651,0.000381403199,0.000370212618,0.000365874653,0.000189211669,0.000201627943,0.000193612387,0.000220300933,0.000220447854,0.000220340423,0.000198625454,0.000202713859,0.000193625836,0.000116055563,0.000113741843,0.000117511847,0.000131548358,0.000129710870,0.000129153029,0.000113723881,0.000112687947,0.000113737431,0.000092165755,0.000090604453,0.000090488298,0.000100424275,0.000101581100,0.000100043625,0.000083916118,0.000084045755,0.000086247718
190,0.000485059968,0.000479402568,0.000482619886,0.000487500051,0.000484246608,0.000485558087,0.000486911035,0.000488018904,0.000486097675,0.000364150594,0.000356238713,0.000355860566,0.000380840571,0.000376164227,0.000384568651,0.000381403199,0.000370212618,0.000366246714,0.000189647382,0.000201689648,0.000194005356,0.000220421027,0.000220643395,0.000220551407,0.000198809736,0.000202860629,0.000193659453,0.000116088646,0.000113813729,0.000117591526,0.000131742725,0.000129994833,0.000129247741,0.000113979386,0.000113057782,0.000113743716,0.000092190594,0.000090627440,0.000090574031,0.000100525031,0.000101680306,0.000100316562,0.000084044009,0.000084212594,0.000086247718
191,0.000485059968,0.000479402568,0.000482619886,0.000487500051,0.000484246608,0.000485558087,0.000486911035,0.000488018904,0.000486097675,0.000364453384,0.000356636617,0.000356874209,0.000380894335,0.000376538802,0.000384568651,0.000381543624,0.000370436010,0.000366308416,0.000190103266,0.000202360000,0.000194205404,0.000220636281,0.000220945838,0.000221072030,0.000198900510,0.000203006501,0.000193701284,0.000116162444,0.000114058148,0.000118204012,0.000131905900,0.000130119782,0.000129863117,0.000114279901,0.000113303519,0.000113747563,0.000092267285,0.000090885863,0.000090619431,0.000100599836,0.000101873005,0.000100445846,0.000084044009,0.000084218500,0.000086343978
192,0.000485059968,0.000479402568,0.000482619886,0.000487500051,0.000484246608,0.000485558087,0.000486911035,0.000488018904,0.000486097675,0.000364453384,0.000357204048,0.000356874209,0.000381177462,0.000377473625,0.000385000988,0.000381596660,0.000371402791,0.000366363113,0.000190800794,0.000202489431,0.000194282146,0.000221432372,0.000221469743,0.000221530254,0.000198900510,0.000203121083,0.000193709789,0.000116454383,0.000114196669,0.000118360086,0.000131968793,0.000130244277,0.000130442420,0.000114372265,0.000113382005,0.000113816338,0.000092275485,0.000091086000,0.000090807111,0.000100719715,0.000102166447,0.000100542355,0.000084044009,0.000084244959,0.000086358411
193,0.000485059968,0.000479402568,0.000482619886,0.000487500051,0.000484246608,0.000485558087,0.000486911035,0.000488018904,0.000486097675,0.000365259059,0.000357227519,0.000356874209,0.000381177462,0.000377526566,0.000385000988,0.000381900317,0.000371584133,0.000366363113,0.000190837115,0.000202692207,0.000194619284,0.000221797448,0.000221488770,0.000221771917,0.000198900510,0.000203519322,0.000193756867,0.000116528916,0.000114267808,0.000118930510,0.000132036007,0.000130473945,0.000130520691,0.000114794873,0.000113682279,0.000114015096,0.000092441709,0.000091249640,0.000090851434,0.000100830015,0.000102463700,0.000100830416,0.000084080513,0.000084334768,0.000086459081
194,0.000485059968,0.000479402568,0.000482619886,0.000487500051,0.000484246608,0.000485558087,0.000486911035,0.000488018904,0.000486097675,0.000365259059,0.000357411516,0.000356888637,0.000381325510,0.000377667585,0.000385000988,0.000382190599,0.000371584133,0.000366519218,0.000190871405,0.000202782877,0.000194690077,0.000222296369,0.000221654474,0.000222063662,0.000198900510,0.000203559840,0.000194235859,0.000116851411,0.000114357427,0.000118962849,0.000132085470,0.000130732946,0.000131328009,0.000114928461,0.000113685852,0.000114446784,0.000092527851,0.000091306229,0.000090866421,0.000100922917,0.000102574526,0.000101018950,0.000084130587,0.000084372693,0.000086474768
195,0.000485059968,0.000479402568,0.000482619886,0.000487500051,0.000484246608,0.000485558087,0.000486911035,0.000488018904,0.000486097675,0.000365305867,0.000357719701,0.000356936344,0.000381483484,0.000377667585,0.000385023013,0.000382411209,0.000372171929,0.000366616953,0.000191526550,0.000202878698,0.000194690077,0.000222431506,0.000221867767,0.000222168420,0.000198900510,0.000203772020,0.000194297642,0.000116965015,0.000114357427,0.000118999703,0.000132238170,0.000131162331,0.000131420582,0.000115366529,0.000113801643,0.000114541119,0.000092596206,0.000091573688,0.000091176114,0.000101190478,0.000102630905,0.000101466389,0.000084167430,0.000084425472,0.000086715431
196,0.000485059968,0.000479402568,0.000482619886,0.000487500051,0.000484246608,0.000485558087,0.000486911035,0.000488018904,0.000486097675,0.000365663216,0.000357719701,0.000356936344,0.000381483484,0.000377696710,0.000385084173,0.000382613872,0.000372514308,0.000366715068,0.000191722771,0.000202880215,0.000195060155,0.000223482034,0.000222227113,0.000222331068,0.000199021359,0.000203777073,0.000194461358,0.000117063143,0.000114409298,0.000119125017,0.000132309497,0.000131250953,0.000131498144,0.000115536580,0.000113870323,0.000114615615,0.000092736929,0.000091629760,0.000091211809,0.000101352156,0.000102776659,0.000101588603,0.000084232393,0.000084436157,0.000086769775
197,0.000485059968,0.000479402568,0.000482619886,0.000487500051,0.000484246608,0.000485558087,0.000486911035,0.000488018904,0.000486097675,0.000365710078,0.000358196655,0.000356945520,0.000381483484,0.000378343492,0.000385126767,0.000382734667,0.000374203625,0.000367301200,0.000191751992,0.000203317817,0.000195738452,0.000224163785,0.000222512164,0.000222693862,0.000199059188,0.000203777073,0.000194461358,0.000117111981,0.000114412968,0.000119261113,0.000132326770,0.000131515370,0.000131613079,0.000115576266,0.000113919369,0.000114654210,0.000092782071,0.000091671302,0.000091309043,0.000101401601,0.000102927107,0.000101631826,0.000084376042,0.000084459853,0.000086769775
198,0.000485059968,0.000479402568,0.000482619886,0.000487500051,0.000484246608,0.000485558087,0.000486911035,0.000488018904,0.000486097675,0.000365742622,0.000358744016,0.000356945520,0.000381644763,0.000378460046,0.000385126767,0.000382785312,0.000374526461,0.000367321070,0.000192224508,0.000203348222,0.000195865512,0.000224330208,0.000222610033,0.000223241137,0.000199153187,0.000203906346,0.000194479216,0.000117228454,0.000114557791,0.000119261113,0.000132334231,0.000131659269,0.000131810315,0.000115619657,0.000114089255,0.000114794576,0.000093335270,0.000091873696,0.000091584145,0.000101453867,0.000103106265,0.000101659772,0.000084427465,0.000084526105,0.000086808790
199,0.000485059968,0.000479402568,0.000482619886,0.000487500051,0.000484246608,0.000485558087,0.000486911035,0.000488018904,0.000486097675,0.000365839938,0.000359147337,0.000357280881,0.000381799947,0.000378460046,0.000385149739,0.000382789045,0.000374763343,0.000367707802,0.000192408497,0.000203386128,0.000195894261,0.000224418361,0.000222863025,0.000223316214,0.000199153187,0.000204661668,0.000194917572,0.000117377830,0.000114653814,0.000119683412,0.000132480030,0.000131682209,0.000132051640,0.000115888087,0.000114148073,0.000114804276,0.000093423114,0.000091995693,0.000091628677,0.000101744640,0.000103280184,0.000101790451,0.000084602583,0.000084526105,0.000086808790
200,0.000485059968,0.000479402568,0.000482619886,0.000487500051,0.000484246608,0.000485558087,0.000486911035,0.000488018904,0.000486097675,0.000366239805,0.000359335309,0.000357282330,0.000381799947,0.000378897546,0.000385149739,0.000382835759,0.000374976382,0.000367824140,0.000192420802,0.000203652321,0.000195974363,0.000224735407,0.000223661378,0.000223581476,0.000199336174,0.000204763236,0.000195051728,0.000117409534,0.000114753514,0.000119758662,0.000132684733,0.000131823100,0.000132249501,0.000116062161,0.000114197394,0.000114804276,0.000093783375,0.000092075254,0.000091671148,0.000101943592,0.000103380543,0.000101882074,0.000084607737,0.000084544886,0.000086808790
201,0.000000000000,0.000479402568,0.000482619886,0.000000000000,0.000484246608,0.000485558087,0.000000000000,0.000488018904,0.000486097675,0.000000000000,0.000359392773,0.000357469091,0.000000000000,0.000378926245,0.000385149739,0.000000000000,0.000374976382,0.000367953240,0.000000000000,0.000203773828,0.000196099809,0.000000000000,0.000223714781,0.000223666984,0.000000000000,0.000204791619,0.000195109687,0.000000000000,0.000114889780,0.000119796108,0.000000000000,0.000131984618,0.000132374469,0.000000000000,0.000114420962,0.000114841001,0.000000000000,0.000092126359,0.000091722212,0.000000000000,0.000103469273,0.000102103921,0.000000000000,0.000084559854,0.000086824719
202,0.000000000000,0.000479402568,0.000482619886,0.000000000000,0.000484246608,0.000485558087,0.000000000000,0.000488018904,0.000486097675,0.000000000000,0.000359732020,0.000357792851,0.000000000000,0.000379048624,0.000385149739,0.000000000000,0.000375057819,0.000368172058,0.000000000000,0.000203853343,0.000196308887,0.000000000000,0.000223919334,0.000223886014,0.000000000000,0.000204867983,0.000195390329,0.000000000000,0.000114919525,0.000119826332,0.000000000000,0.000132190305,0.000132486746,0.000000000000,0.000114443209,0.000114881572,0.000000000000,0.000092210020,0.000091751144,0.000000000000,0.000103600431,0.000102360085,0.000000000000,0.000084567220,0.000086863419
203,0.000000000000,0.000479402568,0.000482619886,0.000000000000,0.000484246608,0.000485558087,0.000000000000,0.000488018904,0.000486097675,0.000000000000,0.000360445141,0.000357980995,0.000000000000,0.000379162958,0.000385753998,0.000000000000,0.000375118371,0.000368646001,0.000000000000,0.000203915707,0.000196566922,0.000000000000,0.000224054259,0.000224296055,0.000000000000,0.000204917711,0.000195469816,0.000000000000,0.000114942829,0.000119848555,0.000000000000,0.000132426591,0.000132607764,0.000000000000,0.000114551988,0.000115282378,0.000000000000,0.000092280522,0.000091779812,0.000000000000,0.000103793031,0.000102718538,0.000000000000,0.000084567220,0.000086891099
204,0.000000000000,0.000479402568,0.000482619886,0.000000000000,0.000484246608,0.000485558087,0.000000000000,0.000488018904,0.000486097675,0.000000000000,0.000360445141,0.000358449666,0.000000000000,0.000380337871,0.000385753998,0.000000000000,0.000375643405,0.000369337455,0.000000000000,0.000204083371,0.000196759449,0.000000000000,0.000224288053,0.000224526535,0.000000000000,0.000205284933,0.000195542271,0.000000000000,0.000115080399,0.000119907319,0.000000000000,0.000132572301,0.000132619446,0.000000000000,0.000114706906,0.000115333110,0.000000000000,0.000092291011,0.000091826456,0.000000000000,0.000103985652,0.000102862776,0.000000000000,0.000085016176,0.000086891099
205,0.000000000000,0.000479402568,0.000482619886,0.000000000000,0.000484246608,0.000485558087,0.000000000000,0.000488018904,0.000486097675,0.000000000000,0.000360445141,0.000358758176,0.000000000000,0.000380337871,0.000386384279,0.000000000000,0.000375943730,0.000369383005,0.000000000000,0.000204148839,0.000196872212,0.000000000000,0.000224353936,0.000224561519,0.000000000000,0.000205315881,0.000195758557,0.000000000000,0.000115355330,0.000119979175,0.000000000000,0.000132870952,0.000132729909,0.000000000000,0.000114849812,0.000115352854,0.000000000000,0.000092327784,0.000091916192,0.000000000000,0.000104103332,0.000102998485,0.000000000000,0.000085057174,0.000086941946
206,0.000000000000,0.000479402568,0.000482619886,0.000000000000,0.000484246608,0.000485558087,0.000000000000,0.000488018904,0.000486097675,0.000000000000,0.000360777476,0.000358758176,0.000000000000,0.000381148337,0.000386564270,0.000000000000,0.000376088656,0.000369737682,0.000000000000,0.000204769767,0.000196894397,0.000000000000,0.000224485843,0.000224938520,0.000000000000,0.000205341204,0.000196120715,0.000000000000,0.000115422164,0.000119992231,0.000000000000,0.000132997006,0.000133613284,0.000000000000,0.000115083803,0.000115428122,0.000000000000,0.000092456811,0.000092335081,0.000000000000,0.000104201341,0.000103146343,0.000000000000,0.000085099313,0.000086990974
207,0.000000000000,0.000479402568,0.000482619886,0.000000000000,0.000484246608,0.000485558087,0.000000000000,0.000488018904,0.000486097675,0.000000000000,0.000360835625,0.000359375225,0.000000000000,0.000381371496,0.000386577599,0.000000000000,0.000376088656,0.000369808258,0.000000000000,0.000204814030,0.000197263353,0.000000000000,0.000224824272,0.000225074137,0.000000000000,0.000205417788,0.000196238244,0.000000000000,0.000115786808,0.000120233949,0.000000000000,0.000133069777,0.000133693733,0.000000000000,0.000115505001,0.000115551474,0.000000000000,0.000092511231,0.000092335083,0.000000000000,0.000104285061,0.000103209624,0.000000000000,0.000085124167,0.000087054521
208,0.000000000000,0.000479402568,0.000482619886,0.000000000000,0.000484246608,0.000485558087,0.000000000000,0.000488018904,0.000486097675,0.000000000000,0.000361245306,0.000359458790,0.000000000000,0.000381371496,0.000386701493,0.000000000000,0.000376544770,0.000370461583,0.000000000000,0.000204868471,0.000197343431,0.000000000000,0.000224983075,0.000225506325,0.000000000000,0.000205512043,0.000196238244,0.000000000000,0.000115856658,0.000120385459,0.000000000000,0.000133319039,0.000133974501,0.000000000000,0.000115598685,0.000115612012,0.000000000000,0.000092555885,0.000092405465,0.000000000000,0.000104425062,0.000103508290,0.000000000000,0.000085151340,0.000087055100
209,0.000000000000,0.000479402568,0.000482619886,0.000000000000,0.000484246608,0.000485558087,0.000000000000,0.000488018904,0.000486097675,0.000000000000,0.000361309322,0.000359838682,0.000000000000,0.000381371496,0.000386701493,0.000000000000,0.000376544770,0.000370470665,0.000000000000,0.000205114434,0.000197968740,0.000000000000,0.000224983501,0.000225652886,0.000000000000,0.000205585753,0.000196320169,0.000000000000,0.000115916448,0.000120507219,0.000000000000,0.000133346494,0.000134130826,0.000000000000,0.000115626876,0.000115612012,0.000000000000,0.000092624858,0.000092434590,0.000000000000,0.000104703652,0.000103723609,0.000000000000,0.000085151340,0.000087064794
210,0.000000000000,0.000479402568,0.000482619886,0.000000000000,0.000484246608,0.000485558087,0.000000000000,0.000488018904,0.000486097675,0.000000000000,0.000361957519,0.000359989545,0.000000000000,0.000381371496,0.000386701493,0.000000000000,0.000376556176,0.000370566301,0.000000000000,0.000205576259,0.000198006916,0.000000000000,0.000225028235,0.000225934797,0.000000000000,0.000205960599,0.000196554702,0.000000000000,0.000115953470,0.000120507219,0.000000000000,0.000133477601,0.000134332749,0.000000000000,0.000115893829,0.000115612012,0.000000000000,0.000092723254,0.000092568629,0.000000000000,0.000104844795,0.000103798677,0.000000000000,0.000085348844,0.000087149973
211,0.000000000000,0.000479402568,0.000482619886,0.000000000000,0.000484246608,0.000485558087,0.000000000000,0.000488018904,0.000486097675,0.000000000000,0.000363073981,0.000360333237,0.000000000000,0.000381371496,0.000386701493,0.000000000000,0.000377168099,0.000370893688,0.000000000000,0.000205828099,0.000198006916,0.000000000000,0.000225496851,0.000225961000,0.000000000000,0.000206017091,0.000196563506,0.000000000000,0.000116206815,0.000120511015,0.000000000000,0.000133496303,0.000134377732,0.000000000000,0.000116350259,0.000115668047,0.000000000000,0.000092783706,0.000092628469,0.000000000000,0.000104887574,0.000103885644,0.000000000000,0.000085370567,0.000087354636
212,0.000000000000,0.000479402568,0.000482619886,0.000000000000,0.000484246608,0.000485558087,0.000000000000,0.000488018904,0.000486097675,0.000000000000,0.000363638745,0.000360333237,0.000000000000,0.000381371496,0.000386935020,0.000000000000,0.000377168099,0.000370996764,0.000000000000,0.000205964249,0.000198573109,0.000000000000,0.000225689703,0.000225961000,0.000000000000,0.000206151920,0.000196743205,0.000000000000,0.000116279205,0.000120512142,0.000000000000,0.000133873511,0.000134629131,0.000000000000,0.000116500084,0.000115794823,0.000000000000,0.000092946043,0.000092636482,0.000000000000,0.000105049541,0.000103998763,0.000000000000,0.000085380175,0.000087467752
213,0.000000000000,0.000479402568,0.000482619886,0.000000000000,0.000484246608,0.000485558087,0.000000000000,0.000488018904,0.000486097675,0.000000000000,0.000364664801,0.000360412623,0.000000000000,0.000382340164,0.000387330066,0.000000000000,0.000377644028,0.000371017373,0.000000000000,0.000206321806,0.000199129949,0.000000000000,0.000226650089,0.000226404140,0.000000000000,0.000206276029,0.000196878221,0.000000000000,0.000116334764,0.000120550763,0.000000000000,0.000134638993,0.000134777482,0.000000000000,0.000116500124,0.000115907557,0.000000000000,0.000092980133,0.000092945508,0.000000000000,0.000105169045,0.000104054236,0.000000000000,0.000085383356,0.000087488169
214,0.000000000000,0.000479402568,0.000482619886,0.000000000000,0.000484246608,0.000485558087,0.000000000000,0.000488018904,0.000486097675,0.000000000000,0.000364700544,0.000360412623,0.000000000000,0.000382340164,0.000387581202,0.000000000000,0.000377792888,0.000371218956,0.000000000000,0.000206348228,0.000199260434,0.000000000000,0.000226650089,0.000227297991,0.000000000000,0.000206491623,0.000197961555,0.000000000000,0.000116943228,0.000121030225,0.000000000000,0.000135094853,0.000134897454,0.000000000000,0.000116686998,0.000116065888,0.000000000000,0.000093175033,0.000093521605,0.000000000000,0.000105504628,0.000104206477,0.000000000000,0.000085383356,0.000087488169
215,0.000000000000,0.000479402568,0.000482619886,0.000000000000,0.000484246608,0.000485558087,0.000000000000,0.000488018904,0.000486097675,0.000000000000,0.000364732167,0.000360412623,0.000000000000,0.000382340164,0.000388212592,0.000000000000,0.000377853934,0.000371252339,0.000000000000,0.000206348228,0.000199359513,0.000000000000,0.000226698550,0.000227520163,0.000000000000,0.000206572046,0.000198052985,0.000000000000,0.000117047311,0.000121492308,0.000000000000,0.000135354389,0.000134964461,0.000000000000,0.000117086368,0.000116327167,0.000000000000,0.000093360758,0.000093547234,0.000000000000,0.000105600838,0.000104328900,0.000000000000,0.000085654321,0.000087527680
216,0.000000000000,0.000479402568,0.000482619886,0.000000000000,0.000484246608,0.000485558087,0.000000000000,0.000488018904,0.000486097675,0.000000000000,0.000365265606,0.000360579826,0.000000000000,0.000382397729,0.000388212592,0.000000000000,0.000377856008,0.000371252339,0.000000000000,0.000206374140,0.000199359513,0.000000000000,0.000226920235,0.000227609102,0.000000000000,0.000206690557,0.000198141287,0.000000000000,0.000117122548,0.000121559123,0.000000000000,0.000135663017,0.000134984681,0.000000000000,0.000117086368,0.000116426330,0.000000000000,0.000093561609,0.000093591513,0.000000000000,0.000105721374,0.000104568818,0.000000000000,0.000085700903,0.000087583173
217,0.000000000000,0.000479402568,0.000482619886,0.000000000000,0.000484246608,0.000485558087,0.000000000000,0.000488018904,0.000486097675,0.000000000000,0.000365536912,0.000360983885,0.000000000000,0.000382397729,0.000388234322,0.000000000000,0.000377974277,0.000371252339,0.000000000000,0.000206451054,0.000199770506,0.000000000000,0.000226935998,0.000227678538,0.000000000000,0.000206907773,0.000198142573,0.000000000000,0.000117399414,0.000122386799,0.000000000000,0.000135830592,0.000135257020,0.000000000000,0.000117384171,0.000116509434,0.000000000000,0.000093648213,0.000093703123,0.000000000000,0.000106062284,0.000104847003,0.000000000000,0.000085721725,0.000087583173
218,0.000000000000,0.000479402568,0.000482619886,0.000000000000,0.000484246608,0.000485558087,0.000000000000,0.000488018904,0.000486097675,0.000000000000,0.000366524119,0.000360983885,0.000000000000,0.000382511303,0.000388405086,0.000000000000,0.000377974277,0.000371362626,0.000000000000,0.000206471328,0.000199855953,0.000000000000,0.000226999319,0.000228336771,0.000000000000,0.000206923248,0.000198449881,0.000000000000,0.000117581056,0.000122704208,0.000000000000,0.000135886290,0.000135402095,0.000000000000,0.000117730405,0.000116509434,0.000000000000,0.000093699742,0.000093713648,0.000000000000,0.000106136568,0.000104935425,0.000000000000,0.000085737424,0.000087619386
219,0.000000000000,0.000479402568,0.000482619886,0.000000000000,0.000484246608,0.000485558087,0.000000000000,0.000488018904,0.000486097675,0.000000000000,0.000366524119,0.000361389171,0.000000000000,0.000382633774,0.000388405086,0.000000000000,0.000378371051,0.000371399669,0.000000000000,0.000206471990,0.000200370677,0.000000000000,0.000227523111,0.000228349676,0.000000000000,0.000206923248,0.000198571014,0.000000000000,0.000117601322,0.000123110874,0.000000000000,0.000136042374,0.000135605172,0.000000000000,0.000117847190,0.000116525925,0.000000000000,0.000093774293,0.000093798409,0.000000000000,0.000106384645,0.000105156588,0.000000000000,0.000085811611,0.000087619386
220,0.000000000000,0.000479717810,0.000482619886,0.000000000000,0.000484246608,0.000485558087,0.000000000000,0.000488018904,0.000486097675,0.000000000000,0.000366524119,0.000361671138,0.000000000000,0.000382633774,0.000388479643,0.000000000000,0.000378753357,0.000371456546,0.000000000000,0.000206760414,0.000200799515,0.000000000000,0.000227658370,0.000228349676,0.000000000000,0.000207044671,0.000198644645,0.000000000000,0.000117680505,0.000123397592,0.000000000000,0.000136128567,0.000135760334,0.000000000000,0.000117970828,0.000116750554,0.000000000000,0.000093813993,0.000093986877,0.000000000000,0.000106385986,0.000105370535,0.000000000000,0.000085811611,0.000087619386
221,0.000000000000,0.000479717810,0.000482619886,0.000000000000,0.000484246608,0.000485558087,0.000000000000,0.000488018904,0.000486097675,0.000000000000,0.000366524119,0.000362374562,0.000000000000,0.000383096271,0.000389020107,0.000000000000,0.000378797609,0.000371485324,0.000000000000,0.000206843231,0.000200978034,0.000000000000,0.000228805899,0.000228686723,0.000000000000,0.000207393268,0.000198693453,0.000000000000,0.000117680505,0.000123441646,0.000000000000,0.000136476584,0.000135829444,0.000000000000,0.000118002652,0.000116824206,0.000000000000,0.000094086858,0.000094019690,0.000000000000,0.000106470521,0.000105619104,0.000000000000,0.000085992509,0.000087854775
222,0.000000000000,0.000479717810,0.000482619886,0.000000000000,0.000484246608,0.000485558087,0.000000000000,0.000488018904,0.000486097675,0.000000000000,0.000366524119,0.000362386503,0.000000000000,0.000383096271,0.000389160461,0.000000000000,0.000379187748,0.000371548900,0.000000000000,0.000207001685,0.000201451911,0.000000000000,0.000229141946,0.000229056219,0.000000000000,0.000207438050,0.000198782401,0.000000000000,0.000117783629,0.000123507119,0.000000000000,0.000136562546,0.000136106559,0.000000000000,0.000118105183,0.000116922730,0.000000000000,0.000094118542,0.000094187730,0.000000000000,0.000106592915,0.000105870275,0.000000000000,0.000086068115,0.000087964176
223,0.000000000000,0.000479717810,0.000482619886,0.000000000000,0.000484246608,0.000485558087,0.000000000000,0.000488018904,0.000486097675,0.000000000000,0.000366826513,0.000362386503,0.000000000000,0.000383096271,0.000389160461,0.000000000000,0.000379187748,0.000371548900,0.000000000000,0.000207247607,0.000201707744,0.000000000000,0.000229180944,0.000229366727,0.000000000000,0.000208343976,0.000198981343,0.000000000000,0.000117785797,0.000123608374,0.000000000000,0.000136766489,0.000136106559,0.000000000000,0.000118183207,0.000117113676,0.000000000000,0.000094311724,0.000094251671,0.000000000000,0.000106713852,0.000106076056,0.000000000000,0.000086068115,0.000088071574
224,0.000000000000,0.000479717810,0.000482619886,0.000000000000,0.000484246608,0.000485558087,0.000000000000,0.000488018904,0.000486097675,0.000000000000,0.000367241103,0.000362876425,0.000000000000,0.000383223176,0.000389179136,0.000000000000,0.000379320441,0.000371548900,0.000000000000,0.000207774922,0.000201707744,0.000000000000,0.000229315545,0.000229590420,0.000000000000,0.000208343976,0.000199223106,0.000000000000,0.000117944827,0.000123666488,0.000000000000,0.000136774047,0.000136227887,0.000000000000,0.000118183207,0.000117178067,0.000000000000,0.000094327942,0.000094467715,0.000000000000,0.000106792772,0.000106162673,0.000000000000,0.000086128527,0.000088244330
225,0.000000000000,0.000479717810,0.000482619886,0.000000000000,0.000484246608,0.000485558087,0.000000000000,0.000488018904,0.000486097675,0.000000000000,0.000367579569,0.000362876425,0.000000000000,0.000383259629,0.000389179136,0.000000000000,0.000379320441,0.000371548900,0.000000000000,0.000208321787,0.000202003825,0.000000000000,0.000229335132,0.000229685207,0.000000000000,0.000208787812,0.000199905165,0.000000000000,0.000117995453,0.000123797045,0.000000000000,0.000136816259,0.000136427434,0.000000000000,0.000118183545,0.000117455582,0.000000000000,0.000094520335,0.000094770787,0.000000000000,0.000107248565,0.000106373442,0.000000000000,0.000086172670,0.000088244330
226,0.000000000000,0.000479717810,0.000482619886,0.000000000000,0.000484246608,0.000485558087,0.000000000000,0.000488018904,0.000486097675,0.000000000000,0.000367670658,0.000362884285,0.000000000000,0.000384089214,0.000389195102,0.000000000000,0.000379863731,0.000371712341,0.000000000000,0.000208461081,0.000202021461,0.000000000000,0.000229507114,0.000229732267,0.000000000000,0.000208845586,0.000200052129,0.000000000000,0.000118088717,0.000123828103,0.000000000000,0.000137000665,0.000136489694,0.000000000000,0.000118239780,0.000117521459,0.000000000000,0.000094562192,0.000094807357,0.000000000000,0.000107300985,0.000106383993,0.000000000000,0.000086172670,0.000088281498
227,0.000000000000,0.000479717810,0.000482619886,0.000000000000,0.000484246608,0.000485558087,0.000000000000,0.000488018904,0.000486097675,0.000000000000,0.000368434059,0.000362927452,0.000000000000,0.000384928191,0.000389256959,0.000000000000,0.000379962988,0.000371756102,0.000000000000,0.000208766643,0.000202157177,0.000000000000,0.000229814462,0.000229831290,0.000000000000,0.000209141068,0.000200052129,0.000000000000,0.000118142892,0.000123934094,0.000000000000,0.000137135438,0.000136584285,0.000000000000,0.000118294557,0.000117701686,0.000000000000,0.000094850225,0.000095001788,0.000000000000,0.000107359955,0.000106508921,0.000000000000,0.000086190596,0.000088287443
228,0.000000000000,0.000479717810,0.000482619886,0.000000000000,0.000484246608,0.000485558087,0.000000000000,0.000488018904,0.000486097675,0.000000000000,0.000368472911,0.000362927452,0.000000000000,0.000385244349,0.000389417653,0.000000000000,0.000380146846,0.000371756102,0.000000000000,0.000208954552,0.000202240972,0.000000000000,0.000230041434,0.000230064170,0.000000000000,0.000209287974,0.000200482509,0.000000000000,0.000118324412,0.000124225709,0.000000000000,0.000137268856,0.000136613831,0.000000000000,0.000118294557,0.000117736106,0.000000000000,0.000094865235,0.000095040277,0.000000000000,0.000107418627,0.000106522870,0.000000000000,0.000086205877,0.000088348047
229,0.000000000000,0.000479717810,0.000482619886,0.000000000000,0.000484246608,0.000485558087,0.000000000000,0.000488018904,0.000486097675,0.000000000000,0.000368643620,0.000362927452,0.000000000000,0.000385422603,0.000389685677,0.000000000000,0.000380386482,0.000371884317,0.000000000000,0.000209154528,0.000202240972,0.000000000000,0.000230041434,0.000230342432,0.000000000000,0.000209359553,0.000200628671,0.000000000000,0.000118400396,0.000124592021,0.000000000000,0.000137379197,0.000136620918,0.000000000000,0.000118360038,0.000117736961,0.000000000000,0.000095075329,0.000095087048,0.000000000000,0.000107699829,0.000106558490,0.000000000000,0.000086205877,0.000088578802
230,0.000000000000,0.000479717810,0.000482619886,0.000000000000,0.000484246608,0.000485558087,0.000000000000,0.000488018904,0.000486097675,0.000000000000,0.000368702833,0.000363157064,0.000000000000,0.000385422603,0.000389685677,0.000000000000,0.000380434472,0.000371886332,0.000000000000,0.000209184159,0.000203104174,0.000000000000,0.000230274478,0.000230371305,0.000000000000,0.000209383404,0.000200801584,0.000000000000,0.000118468005,0.000124782669,0.000000000000,0.000137408216,0.000136637495,0.000000000000,0.000118360038,0.000117895077,0.000000000000,0.000095080091,0.000095163708,0.000000000000,0.000107864944,0.000106920326,0.000000000000,0.000086248109,0.000088582918
231,0.000000000000,0.000479717810,0.000482619886,0.000000000000,0.000484246608,0.000485558087,0.000000000000,0.000488018904,0.000486097675,0.000000000000,0.000368845209,0.000364019501,0.000000000000,0.000385670770,0.000389685677,0.000000000000,0.000380434472,0.000372295813,0.000000000000,0.000209697591,0.000203408179,0.000000000000,0.000231014272,0.000230417195,0.000000000000,0.000209946299,0.000201012447,0.000000000000,0.000118783702,0.000124860888,0.000000000000,0.000137532364,0.000136706233,0.000000000000,0.000118460075,0.000118227533,0.000000000000,0.000095254841,0.000095293992,0.000000000000,0.000107925752,0.000106991377,0.000000000000,0.000086280751,0.000088679881
232,0.000000000000,0.000479717810,0.000482619886,0.000000000000,0.000484246608,0.000485558087,0.000000000000,0.000488018904,0.000486097675,0.000000000000,0.000368888926,0.000364019501,0.000000000000,0.000385812012,0.000389858202,0.000000000000,0.000380434472,0.000372797432,0.000000000000,0.000209961358,0.000203408179,0.000000000000,0.000231359706,0.000230711859,0.000000000000,0.000209946299,0.000201041075,0.000000000000,0.000118783702,0.000124935663,0.000000000000,0.000137583929,0.000136774415,0.000000000000,0.000118527951,0.000118227533,0.000000000000,0.000095263924,0.000095573013,0.000000000000,0.000107990952,0.000107004580,0.000000000000,0.000086280751,0.000088740422
233,0.000000000000,0.000479717810,0.000482619886,0.000000000000,0.000484246608,0.000485558087,0.000000000000,0.000488018904,0.000486097675,0.000000000000,0.000369588545,0.000364019501,0.000000000000,0.000385812012,0.000390035706,0.000000000000,0.000380448482,0.000372797432,0.000000000000,0.000210177260,0.000204065354,0.000000000000,0.000231830495,0.000230924682,0.000000000000,0.000210049901,0.000201323461,0.000000000000,0.000119017633,0.000124987653,0.000000000000,0.000137872158,0.000136892039,0.000000000000,0.000118564264,0.000118267382,0.000000000000,0.000095366112,0.000095660010,0.000000000000,0.000108327743,0.000107063848,0.000000000000,0.000086301827,0.000088769645
234,0.000000000000,0.000479717810,0.000482619886,0.000000000000,0.000484246608,0.000485558087,0.000000000000,0.000488018904,0.000486097675,0.000000000000,0.000369708352,0.000364019501,0.000000000000,0.000385812012,0.000390107779,0.000000000000,0.000380504634,0.000373277366,0.000000000000,0.000210224427,0.000204303163,0.000000000000,0.000232050846,0.000231117853,0.000000000000,0.000210308142,0.000201516331,0.000000000000,0.000119017633,0.000125017114,0.000000000000,0.000137924244,0.000137512544,0.000000000000,0.000118567380,0.000118411336,0.000000000000,0.000095414052,0.000095894081,0.000000000000,0.000108548686,0.000107225062,0.000000000000,0.000086405056,0.000088769645
235,0.000000000000,0.000479717810,0.000482619886,0.000000000000,0.000484246608,0.000485558087,0.000000000000,0.000488018904,0.000486097675,0.000000000000,0.000369868943,0.000364074167,0.000000000000,0.000385892808,0.000390107779,0.000000000000,0.000380504634,0.000373837558,0.000000000000,0.000210358396,0.000204989921,0.000000000000,0.000232141021,0.000231242348,0.000000000000,0.000210451447,0.000201838939,0.000000000000,0.000119136568,0.000125140153,0.000000000000,0.000138263426,0.000137604216,0.000000000000,0.000118686007,0.000118414333,0.000000000000,0.000095569319,0.000095894629,0.000000000000,0.000108789357,0.000107301103,0.000000000000,0.000086443492,0.000088896919
236,0.000000000000,0.000479717810,0.000482619886,0.000000000000,0.000484246608,0.000485558087,0.000000000000,0.000488018904,0.000486097675,0.000000000000,0.000370419191,0.000364187559,0.000000000000,0.000385892808,0.000390107779,0.000000000000,0.000380801002,0.000373961898,0.000000000000,0.000210398820,0.000205070261,0.000000000000,0.000232230657,0.000231242348,0.000000000000,0.000210655710,0.000201838939,0.000000000000,0.000119239657,0.000125162396,0.000000000000,0.000138356042,0.000137850893,0.000000000000,0.000118911105,0.000118414333,0.000000000000,0.000095665329,0.000096147182,0.000000000000,0.000109024481,0.000107385424,0.000000000000,0.000086475752,0.000088931181
237,0.000000000000,0.000479717810,0.000482619886,0.000000000000,0.000484246608,0.000485558087,0.000000000000,0.000488018904,0.000486097675,0.000000000000,0.000371210560,0.000364206333,0.000000000000,0.000386210236,0.000390107779,0.000000000000,0.000380878273,0.000373969702,0.000000000000,0.000210905876,0.000205124093,0.000000000000,0.000232387563,0.000231249580,0.000000000000,0.000210655710,0.000201838939,0.000000000000,0.000119310970,0.000125493357,0.000000000000,0.000138596078,0.000137947014,0.000000000000,0.000118927168,0.000118432613,0.000000000000,0.000095752881,0.000096373295,0.000000000000,0.000109319654,0.000107414978,0.000000000000,0.000086501727,0.000089173980
238,0.000000000000,0.000479717810,0.000482619886,0.000000000000,0.000484246608,0.000485558087,0.000000000000,0.000488018904,0.000486097675,0.000000000000,0.000371210560,0.000364206333,0.000000000000,0.000386243528,0.000390268835,0.000000000000,0.000380878273,0.000375056203,0.000000000000,0.000210905876,0.000205489854,0.000000000000,0.000233054284,0.000231535558,0.000000000000,0.000210790589,0.000202467025,0.000000000000,0.000119330740,0.000125573676,0.000000000000,0.000138798664,0.000138185319,0.000000000000,0.000118975015,0.000118856147,0.000000000000,0.000095771430,0.000096489869,0.000000000000,0.000109414047,0.000107522792,0.000000000000,0.000086525974,0.000089188513
239,0.000000000000,0.000479717810,0.000482619886,0.000000000000,0.000484246608,0.000485558087,0.000000000000,0.000488018904,0.000486097675,0.000000000000,0.000371210560,0.000364715345,0.000000000000,0.000387033026,0.000390268835,0.000000000000,0.000381052077,0.000375056203,0.000000000000,0.000210962507,0.000205489854,0.000000000000,0.000233114205,0.000231707313,0.000000000000,0.000211118942,0.000202501784,0.000000000000,0.000119399181,0.000125666199,0.000000000000,0.000138802231,0.000138216172,0.000000000000,0.000119219563,0.000118959113,0.000000000000,0.000096162411,0.000096524147,0.000000000000,0.000109655684,0.000107569074,0.000000000000,0.000086733818,0.000089191369
240,0.000000000000,0.000479717810,0.000482619886,0.000000000000,0.000484246608,0.000485558087,0.000000000000,0.000488018904,0.000486097675,0.000000000000,0.000372445817,0.000364715345,0.000000000000,0.000387455548,0.000390284269,0.000000000000,0.000381373103,0.000375658769,0.000000000000,0.000211124224,0.000205868722,0.000000000000,0.000234311213,0.000231849415,0.000000000000,0.000211348069,0.000202708269,0.000000000000,0.000119695439,0.000125687135,0.000000000000,0.000138840047,0.000138264912,0.000000000000,0.000119283824,0.000119091101,0.000000000000,0.000096541523,0.000096829542,0.000000000000,0.000109703762,0.000107870595,0.000000000000,0.000086756483,0.000089392520
241,0.000000000000,0.000479717810,0.000482619886,0.000000000000,0.000484246608,0.000485558087,0.000000000000,0.000488018904,0.000486097675,0.000000000000,0.000372523272,0.000364715345,0.000000000000,0.000387628169,0.000390530992,0.000000000000,0.000381373103,0.000376222764,0.000000000000,0.000211125284,0.000205972478,0.000000000000,0.000234673847,0.000231943735,0.000000000000,0.000211516994,0.000203076254,0.000000000000,0.000119739597,0.000125819338,0.000000000000,0.000139029792,0.000138730732,0.000000000000,0.000119636493,0.000119137567,0.000000000000,0.000096542071,0.000096836020,0.000000000000,0.000109823669,0.000108075239,0.000000000000,0.000086789241,0.000089398219
242,0.000000000000,0.000479717810,0.000482619886,0.000000000000,0.000484246608,0.000485558087,0.000000000000,0.000488018904,0.000486097675,0.000000000000,0.000372845979,0.000364715345,0.000000000000,0.000387853831,0.000390530992,0.000000000000,0.000381375821,0.000376546031,0.000000000000,0.000211443648,0.000206093936,0.000000000000,0.000234797489,0.000231982435,0.000000000000,0.000212450244,0.000203107431,0.000000000000,0.000119754373,0.000126032692,0.000000000000,0.000139229834,0.000138889420,0.000000000000,0.000119732560,0.000119401581,0.000000000000,0.000096570315,0.000096857745,0.000000000000,0.000109970675,0.000108124940,0.000000000000,0.000086888023,0.000089452771
243,0.000000000000,0.000479717810,0.000482619886,0.000000000000,0.000484246608,0.000485558087,0.000000000000,0.000488018904,0.000486097675,0.000000000000,0.000372979431,0.000364737837,0.000000000000,0.000388272752,0.000390637861,0.000000000000,0.000381375821,0.000376760679,0.000000000000,0.000211531025,0.000206196518,0.000000000000,0.000234925104,0.000232016313,0.000000000000,0.000212467685,0.000203382657,0.000000000000,0.000119860851,0.000126062330,0.000000000000,0.000139240021,0.000139134161,0.000000000000,0.000119734482,0.000119432333,0.000000000000,0.000096753072,0.000096907238,0.000000000000,0.000110056479,0.000108452527,0.000000000000,0.000086889150,0.000089540449
244,0.000000000000,0.000479717810,0.000482619886,0.000000000000,0.000484246608,0.000485558087,0.000000000000,0.000488018904,0.000486097675,0.000000000000,0.000372979431,0.000364737837,0.000000000000,0.000388985258,0.000390637861,0.000000000000,0.000381559316,0.000376933569,0.000000000000,0.000211630298,0.000206437609,0.000000000000,0.000235092120,0.000232104813,0.000000000000,0.000212645321,0.000203382657,0.000000000000,0.000119953646,0.000126342208,0.000000000000,0.000139309819,0.000139266502,0.000000000000,0.000119750699,0.000119437065,0.000000000000,0.000096795064,0.000097017057,0.000000000000,0.000110125537,0.000108600764,0.000000000000,0.000086978118,0.000089560571
245,0.000000000000,0.000479717810,0.000482619886,0.000000000000,0.000484246608,0.000485558087,0.000000000000,0.000488018904,0.000486097675,0.000000000000,0.000373038717,0.000365047548,0.000000000000,0.000388985258,0.000390637861,0.000000000000,0.000381559316,0.000376955330,0.000000000000,0.000211630298,0.000206445982,0.000000000000,0.000235145488,0.000232425902,0.000000000000,0.000212779970,0.000203382657,0.000000000000,0.000120110693,0.000126588473,0.000000000000,0.000139769789,0.000139718395,0.000000000000,0.000119947983,0.000119437065,0.000000000000,0.000096877254,0.000097096102,0.000000000000,0.000110158264,0.000108693111,0.000000000000,0.000087003502,0.000089649046
246,0.000000000000,0.000479717810,0.000482619886,0.000000000000,0.000484246608,0.000485558087,0.000000000000,0.000488018904,0.000486097675,0.000000000000,0.000373341016,0.000365649853,0.000000000000,0.000388985258,0.000390699225,0.000000000000,0.000381559316,0.000376968604,0.000000000000,0.000211824751,0.000206489267,0.000000000000,0.000235358515,0.000232690072,0.000000000000,0.000212789209,0.000203542921,0.000000000000,0.000120130923,0.000126945426,0.000000000000,0.000139876814,0.000139728945,0.000000000000,0.000119953928,0.000119437065,0.000000000000,0.000097087282,0.000097145064,0.000000000000,0.000110341860,0.000108733886,0.000000000000,0.000087003502,0.000089650264
247,0.000000000000,0.000479717810,0.000482619886,0.000000000000,0.000484246608,0.000485558087,0.000000000000,0.000488018904,0.000486097675,0.000000000000,0.000374109454,0.000365649853,0.000000000000,0.000389374054,0.000390699225,0.000000000000,0.000381559316,0.000377179793,0.000000000000,0.000212060703,0.000206933851,0.000000000000,0.000235616337,0.000232709588,0.000000000000,0.000212827042,0.000203627510,0.000000000000,0.000120188388,0.000127008263,0.000000000000,0.000139924472,0.000139802549,0.000000000000,0.000119979306,0.000119555426,0.000000000000,0.000097159233,0.000097218810,0.000000000000,0.000110360153,0.000108826018,0.000000000000,0.000087143830,0.000089698165
248,0.000000000000,0.000479717810,0.000482619886,0.000000000000,0.000484246608,0.000485558087,0.000000000000,0.000488018904,0.000486097675,0.000000000000,0.000374109454,0.000365985944,0.000000000000,0.000389970775,0.000390841076,0.000000000000,0.000381559316,0.000377316202,0.000000000000,0.000212320627,0.000207175942,0.000000000000,0.000236035899,0.000232758609,0.000000000000,0.000212907815,0.000203640959,0.000000000000,0.000120295387,0.000127081570,0.000000000000,0.000140052890,0.000139831592,0.000000000000,0.000120015229,0.000119721172,0.000000000000,0.000097211236,0.000097346452,0.000000000000,0.000110602054,0.000108908831,0.000000000000,0.000087311336,0.000089808605
249,0.000000000000,0.000479717810,0.000482619886,0.000000000000,0.000484246608,0.000485558087,0.000000000000,0.000488018904,0.000486097675,0.000000000000,0.000374176789,0.000365985944,0.000000000000,0.000390037541,0.000390982927,0.000000000000,0.000382090776,0.000377316202,0.000000000000,0.000212465607,0.000207406596,0.000000000000,0.000236838397,0.000232919926,0.000000000000,0.000212944007,0.000204216629,0.000000000000,0.000120382850,0.000127174283,0.000000000000,0.000140465187,0.000139836519,0.000000000000,0.000120067105,0.000119746575,0.000000000000,0.000097211879,0.000097528607,0.000000000000,0.000110921308,0.000109023479,0.000000000000,0.000087321347,0.000089844341
250,0.000000000000,0.000479717810,0.000482619886,0.000000000000,0.000484246608,0.000485558087,0.000000000000,0.000488018904,0.000486097675,0.000000000000,0.000374176789,0.000365985944,0.000000000000,0.000390037541,0.000391029650,0.000000000000,0.000382107057,0.000377342909,0.000000000000,0.000212738835,0.000207423488,0.000000000000,0.000236944669,0.000233265600,0.000000000000,0.000213067639,0.000204253509,0.000000000000,0.000120439644,0.000127257360,0.000000000000,0.000140468726,0.000139962728,0.000000000000,0.000120094556,0.000119991445,0.000000000000,0.000097300287,0.000097546302,0.000000000000,0.000110965732,0.000109067735,0.000000000000,0.000087348716,0.000089844341
251,0.000000000000,0.000479717810,0.000482619886,0.000000000000,0.000484246608,0.000485558087,0.000000000000,0.000488018904,0.000486097675,0.000000000000,0.000374176789,0.000365985944,0.000000000000,0.000390068990,0.000391780814,0.000000000000,0.000382768781,0.000377342909,0.000000000000,0.000212856635,0.000207441297,0.000000000000,0.000237578806,0.000233312270,0.000000000000,0.000213130383,0.000204328628,0.000000000000,0.000120490632,0.000127310022,0.000000000000,0.000140523604,0.000140004128,0.000000000000,0.000120150041,0.000120046897,0.000000000000,0.000097349346,0.000097631636,0.000000000000,0.000110992115,0.000109219190,0.000000000000,0.000087474687,0.000089856410
252,0.000000000000,0.000479717810,0.000482619886,0.000000000000,0.000484246608,0.000485558087,0.000000000000,0.000488018904,0.000486097675,0.000000000000,0.000374176789,0.000365985944,0.000000000000,0.000390068990,0.000391780814,0.000000000000,0.000383236607,0.000377342909,0.000000000000,0.000212856635,0.000207672935,0.000000000000,0.000237700786,0.000233323034,0.000000000000,0.000213275422,0.000204496699,0.000000000000,0.000120647407,0.000127310022,0.000000000000,0.000140758944,0.000140089956,0.000000000000,0.000120171215,0.000120186647,0.000000000000,0.000097362281,0.000097721057,0.000000000000,0.000111081313,0.000109377214,0.000000000000,0.000087496960,0.000089883401
253,0.000000000000,0.000479717810,0.000482619886,0.000000000000,0.000484246608,0.000485558087,0.000000000000,0.000488018904,0.000486097675,0.000000000000,0.000374499093,0.000366134845,0.000000000000,0.000390068990,0.000391780814,0.000000000000,0.000383329746,0.000377342909,0.000000000000,0.000212952971,0.000207918055,0.000000000000,0.000237882845,0.000233440423,0.000000000000,0.000213364626,0.000204772941,0.000000000000,0.000120659105,0.000127310022,0.000000000000,0.000140798300,0.000140140800,0.000000000000,0.000120416861,0.000120265766,0.000000000000,0.000097478187,0.000097752105,0.000000000000,0.000111300511,0.000109593865,0.000000000000,0.000087550440,0.000089883401
254,0.000000000000,0.000479717810,0.000482619886,0.000000000000,0.000484246608,0.000485558087,0.000000000000,0.000488018904,0.000486097675,0.000000000000,0.000374852753,0.000366134845,0.000000000000,0.000390147628,0.000391780814,0.000000000000,0.000383338747,0.000377342909,0.000000000000,0.000213146984,0.000207936466,0.000000000000,0.000237938893,0.000233727551,0.000000000000,0.000213535817,0.000204772941,0.000000000000,0.000120822108,0.000127348424,0.000000000000,0.000140857500,0.000140196275,0.000000000000,0.000120489810,0.000120292267,0.000000000000,0.000097518519,0.000097827629,0.000000000000,0.000111381417,0.000109675562,0.000000000000,0.000087561291,0.000090038797
255,0.000000000000,0.000479717810,0.000482619886,0.000000000000,0.000484246608,0.000485558087,0.000000000000,0.000488018904,0.000486097675,0.000000000000,0.000375260929,0.000366134845,0.000000000000,0.000390340326,0.000391906573,0.000000000000,0.000383338747,0.000377342909,0.000000000000,0.000213453901,0.000208604490,0.000000000000,0.000238307146,0.000233727999,0.000000000000,0.000213745196,0.000204944040,0.000000000000,0.000120830787,0.000127405574,0.000000000000,0.000141194550,0.000140318493,0.000000000000,0.000120518500,0.000120292267,0.000000000000,0.000097696081,0.000097940011,0.000000000000,0.000111645117,0.000109878374,0.000000000000,0.000087568954,0.000090200314
256,0.000000000000,0.000479717810,0.000482619886,0.000000000000,0.000484246608,0.000485558087,0.000000000000,0.000488018904,0.000486097675,0.000000000000,0.000375439238,0.000366192856,0.000000000000,0.000391349295,0.000392092489,0.000000000000,0.000383681348,0.000377630990,0.000000000000,0.000213464796,0.000208911307,0.000000000000,0.000238632349,0.000233729916,0.000000000000,0.000214109646,0.000204945840,0.000000000000,0.000120873100,0.000127722036,0.000000000000,0.000141310527,0.000140384573,0.000000000000,0.000120634754,0.000120324059,0.000000000000,0.000097735164,0.000098210735,0.000000000000,0.000111898524,0.000110051265,0.000000000000,0.000087579815,0.000090223018
257,0.000000000000,0.000479717810,0.000482619886,0.000000000000,0.000484246608,0.000485558087,0.000000000000,0.000488018904,0.000486097675,0.000000000000,0.000375439238,0.000366246501,0.000000000000,0.000391997208,0.000392092489,0.000000000000,0.000383681348,0.000377630990,0.000000000000,0.000213504986,0.000209118878,0.000000000000,0.000238902728,0.000233933690,0.000000000000,0.000214366892,0.000205019145,0.000000000000,0.000121004319,0.000127762107,0.000000000000,0.000141352228,0.000140450406,0.000000000000,0.000120639043,0.000120523161,0.000000000000,0.000097938226,0.000098270963,0.000000000000,0.000111957561,0.000110415853,0.000000000000,0.000087580708,0.000090238041
258,0.000000000000,0.000479717810,0.000482619886,0.000000000000,0.000484246608,0.000485558087,0.000000000000,0.000488018904,0.000486097675,0.000000000000,0.000375439238,0.000366246501,0.000000000000,0.000392691378,0.000392116351,0.000000000000,0.000383681348,0.000377797460,0.000000000000,0.000213886525,0.000209118878,0.000000000000,0.000238943453,0.000233933690,0.000000000000,0.000214429182,0.000205062657,0.000000000000,0.000121056856,0.000127864957,0.000000000000,0.000141430527,0.000140786530,0.000000000000,0.000120681238,0.000120554135,0.000000000000,0.000098125961,0.000098404183,0.000000000000,0.000111962072,0.000110580499,0.000000000000,0.000087633421,0.000090320090
259,0.000000000000,0.000479717810,0.000482619886,0.000000000000,0.000484246608,0.000485558087,0.000000000000,0.000488018904,0.000486097675,0.000000000000,0.000375797004,0.000366307744,0.000000000000,0.000392691378,0.000392187243,0.000000000000,0.000383749568,0.000377797460,0.000000000000,0.000214314123,0.000209835739,0.000000000000,0.000239030973,0.000234250815,0.000000000000,0.000214484395,0.000205185568,0.000000000000,0.000121078902,0.000128108433,0.000000000000,0.000141498458,0.000141099644,0.000000000000,0.000120708726,0.000120704686,0.000000000000,0.000098153230,0.000098446168,0.000000000000,0.000111986082,0.000110732014,0.000000000000,0.000087647394,0.000090336006
260,0.000000000000,0.000479717810,0.000482619886,0.000000000000,0.000484246608,0.000485558087,0.000000000000,0.000488018904,0.000486097675,0.000000000000,0.000376029052,0.000366760642,0.000000000000,0.000392691378,0.000392187243,0.000000000000,0.000383749568,0.000377797460,0.000000000000,0.000214408054,0.000209892522,0.000000000000,0.000239063064,0.000234264294,0.000000000000,0.000214650149,0.000205219765,0.000000000000,0.000121094750,0.000128122181,0.000000000000,0.000142033204,0.000141117690,0.000000000000,0.000120708726,0.000121120571,0.000000000000,0.000098569499,0.000098629195,0.000000000000,0.000112396907,0.000110878630,0.000000000000,0.000087703544,0.000090352313
261,0.000000000000,0.000479717810,0.000482619886,0.000000000000,0.000484246608,0.000485558087,0.000000000000,0.000488018904,0.000486097675,0.000000000000,0.000376618427,0.000366777383,0.000000000000,0.000392691378,0.000392187243,0.000000000000,0.000383753334,0.000377797460,0.000000000000,0.000214465066,0.000209892522,0.000000000000,0.000239274321,0.000234289730,0.000000000000,0.000214807137,0.000205219765,0.000000000000,0.000121266244,0.000128208700,0.000000000000,0.000142170941,0.000141742527,0.000000000000,0.000120726408,0.000121362982,0.000000000000,0.000098814347,0.000098715332,0.000000000000,0.000112467366,0.000111305892,0.000000000000,0.000087706195,0.000090452003
262,0.000000000000,0.000479717810,0.000482619886,0.000000000000,0.000484246608,0.000485558087,0.000000000000,0.000488018904,0.000486097675,0.000000000000,0.000376831648,0.000366793253,0.000000000000,0.000392691378,0.000392187243,0.000000000000,0.000383753334,0.000378215378,0.000000000000,0.000214540717,0.000210180251,0.000000000000,0.000239872110,0.000234292146,0.000000000000,0.000215055825,0.000205273472,0.000000000000,0.000121283791,0.000128209041,0.000000000000,0.000142303971,0.000141789738,0.000000000000,0.000120791923,0.000121362982,0.000000000000,0.000098863379,0.000098753951,0.000000000000,0.000112553173,0.000111368887,0.000000000000,0.000087706195,0.000090529581
263,0.000000000000,0.000479717810,0.000482619886,0.000000000000,0.000484246608,0.000485558087,0.000000000000,0.000488018904,0.000486097675,0.000000000000,0.000377827839,0.000366818267,0.000000000000,0.000392691378,0.000392187243,0.000000000000,0.000383756990,0.000378215378,0.000000000000,0.000214618109,0.000210282266,0.000000000000,0.000239872976,0.000234322009,0.000000000000,0.000215062482,0.000205296524,0.000000000000,0.000121283791,0.000128215599,0.000000000000,0.000142532007,0.000141789738,0.000000000000,0.000120958666,0.000121372203,0.000000000000,0.000098907796,0.000098849409,0.000000000000,0.000112654554,0.000111537049,0.000000000000,0.000087729513,0.000090830259
264,0.000000000000,0.000479717810,0.000482619886,0.000000000000,0.000484246608,0.000485558087,0.000000000000,0.000488018904,0.000486097675,0.000000000000,0.000378301359,0.000366818267,0.000000000000,0.000392691378,0.000392187243,0.000000000000,0.000383756990,0.000378260620,0.000000000000,0.000214665384,0.000210699438,0.000000000000,0.000239899439,0.000234386663,0.000000000000,0.000215199012,0.000205455694,0.000000000000,0.000121511062,0.000128279852,0.000000000000,0.000142568821,0.000141789738,0.000000000000,0.000121152567,0.000121372203,0.000000000000,0.000099098721,0.000099099779,0.000000000000,0.000112654554,0.000111919425,0.000000000000,0.000087729513,0.000090907437
265,0.000000000000,0.000479717810,0.000482619886,0.000000000000,0.000484246608,0.000485558087,0.000000000000,0.000488018904,0.000486097675,0.000000000000,0.000378470886,0.000366818267,0.000000000000,0.000392959474,0.000392187243,0.000000000000,0.000383756990,0.000378260620,0.000000000000,0.000215332727,0.000210891008,0.000000000000,0.000240283264,0.000234593094,0.000000000000,0.000215341229,0.000206106416,0.000000000000,0.000121650617,0.000128296319,0.000000000000,0.000142648506,0.000141961441,0.000000000000,0.000121190038,0.000121378274,0.000000000000,0.000099098721,0.000099158504,0.000000000000,0.000112823921,0.000112199488,0.000000000000,0.000087763985,0.000091197549
266,0.000000000000,0.000479717810,0.000482619886,0.000000000000,0.000484246608,0.000485558087,0.000000000000,0.000488018904,0.000486097675,0.000000000000,0.000378470886,0.000367435465,0.000000000000,0.000393298086,0.000392254938,0.000000000000,0.000383894978,0.000378260620,0.000000000000,0.000216105989,0.000210951432,0.000000000000,0.000240703107,0.000234638913,0.000000000000,0.000215491776,0.000206121856,0.000000000000,0.000121857364,0.000128345413,0.000000000000,0.000142648506,0.000142129524,0.000000000000,0.000121298366,0.000121378274,0.000000000000,0.000099137957,0.000099189315,0.000000000000,0.000112964382,0.000112251633,0.000000000000,0.000087784182,0.000091307768
267,0.000000000000,0.000479717810,0.000482619886,0.000000000000,0.000484246608,0.000485558087,0.000000000000,0.000488018904,0.000486097675,0.000000000000,0.000378470886,0.000367436972,0.000000000000,0.000393862503,0.000392289156,0.000000000000,0.000384041779,0.000378265935,0.000000000000,0.000216349726,0.000211122469,0.000000000000,0.000241259810,0.000234788357,0.000000000000,0.000215678391,0.000206181016,0.000000000000,0.000121884974,0.000128445739,0.000000000000,0.000142959364,0.000142163042,0.000000000000,0.000121340109,0.000121398892,0.000000000000,0.000099221783,0.000099245112,0.000000000000,0.000113017116,0.000112415551,0.000000000000,0.000087789848,0.000091357176
268,0.000000000000,0.000479717810,0.000482619886,0.000000000000,0.000484246608,0.000485558087,0.000000000000,0.000488018904,0.000486097675,0.000000000000,0.000378470886,0.000367436972,0.000000000000,0.000394205243,0.000392289156,0.000000000000,0.000384041779,0.000378265935,0.000000000000,0.000216713115,0.000211192532,0.000000000000,0.000241381213,0.000234861891,0.000000000000,0.000216389942,0.000206476875,0.000000000000,0.000121929920,0.000128579448,0.000000000000,0.000142981074,0.000142214308,0.000000000000,0.000121551957,0.000121622757,0.000000000000,0.000099241582,0.000099292803,0.000000000000,0.000113177995,0.000112559759,0.000000000000,0.000087797872,0.000091379789
269,0.000000000000,0.000479717810,0.000482619886,0.000000000000,0.000484246608,0.000485558087,0.000000000000,0.000488018904,0.000486115531,0.000000000000,0.000379537154,0.000367436972,0.000000000000,0.000394251124,0.000392331195,0.000000000000,0.000384181221,0.000378265935,0.000000000000,0.000216713115,0.000211218143,0.000000000000,0.000241695051,0.000234896323,0.000000000000,0.000216849201,0.000206598723,0.000000000000,0.000122053780,0.000128676471,0.000000000000,0.000143101654,0.000142625349,0.000000000000,0.000121560339,0.000121648690,0.000000000000,0.000099447777,0.000099559058,0.000000000000,0.000113226011,0.000112744583,0.000000000000,0.000087811254,0.000091480470
270,0.000000000000,0.000479717810,0.000482619886,0.000000000000,0.000484246608,0.000485558087,0.000000000000,0.000488018904,0.000486115531,0.000000000000,0.000379537154,0.000367684578,0.000000000000,0.000394326559,0.000392331195,0.000000000000,0.000384199234,0.000378758083,0.000000000000,0.000217454328,0.000211277206,0.000000000000,0.000241695051,0.000235141203,0.000000000000,0.000216849201,0.000206922795,0.000000000000,0.000122084891,0.000129143127,0.000000000000,0.000143788819,0.000142654213,0.000000000000,0.000121616934,0.000121675441,0.000000000000,0.000099695162,0.000099560666,0.000000000000,0.000113373429,0.000113031566,0.000000000000,0.000087811254,0.000091564589
271,0.000000000000,0.000479717810,0.000482619886,0.000000000000,0.000484246608,0.000485558087,0.000000000000,0.000488018904,0.000486115531,0.000000000000,0.000379537154,0.000367684578,0.000000000000,0.000394666653,0.000392331195,0.000000000000,0.000384203001,0.000378758083,0.000000000000,0.000217466066,0.000211492373,0.000000000000,0.000241995669,0.000235150215,0.000000000000,0.000216856259,0.000207199082,0.000000000000,0.000122109304,0.000129776039,0.000000000000,0.000143899512,0.000142696031,0.000000000000,0.000121634465,0.000121747163,0.000000000000,0.000099853671,0.000099580425,0.000000000000,0.000113446655,0.000113220938,0.000000000000,0.000087874355,0.000091582159
272,0.000000000000,0.000479717810,0.000482619886,0.000000000000,0.000484246608,0.000485558087,0.000000000000,0.000488018904,0.000486115531,0.000000000000,0.000379990890,0.000368343776,0.000000000000,0.000394666653,0.000392405289,0.000000000000,0.000384228590,0.000378758083,0.000000000000,0.000217466066,0.000211492373,0.000000000000,0.000242391881,0.000235161967,0.000000000000,0.000216941541,0.000207199082,0.000000000000,0.000122247222,0.000129813587,0.000000000000,0.000144281896,0.000142726673,0.000000000000,0.000121780358,0.000121747163,0.000000000000,0.000100004838,0.000099593008,0.000000000000,0.000113659880,0.000113294111,0.000000000000,0.000087877880,0.000091890223
273,0.000000000000,0.000479717810,0.000482619886,0.000000000000,0.000484246608,0.000485558087,0.000000000000,0.000488018904,0.000486115531,0.000000000000,0.000380003123,0.000368343776,0.000000000000,0.000394666653,0.000392421260,0.000000000000,0.000384560271,0.000378758083,0.000000000000,0.000217680054,0.000211492373,0.000000000000,0.000242438326,0.000235289198,0.000000000000,0.000217050254,0.000207230964,0.000000000000,0.000122382543,0.000129872773,0.000000000000,0.000144301894,0.000143133933,0.000000000000,0.000121856653,0.000121802909,0.000000000000,0.000100054944,0.000099941285,0.000000000000,0.000113687306,0.000113395868,0.000000000000,0.000087982040,0.000091890223
274,0.000000000000,0.000479717810,0.000482619886,0.000000000000,0.000484246608,0.000485558087,0.000000000000,0.000488018904,0.000486115531,0.000000000000,0.000380003123,0.000368343776,0.000000000000,0.000394666653,0.000392421260,0.000000000000,0.000384560271,0.000378758083,0.000000000000,0.000217693929,0.000212048732,0.000000000000,0.000242461537,0.000235359834,0.000000000000,0.000217338037,0.000207470719,0.000000000000,0.000122387280,0.000129873917,0.000000000000,0.000144405724,0.000143336000,0.000000000000,0.000122669529,0.000122021094,0.000000000000,0.000100149890,0.000099943837,0.000000000000,0.000113859362,0.000113406768,0.000000000000,0.000087982040,0.000091962794
275,0.000000000000,0.000479717810,0.000482619886,0.000000000000,0.000484246608,0.000485558087,0.000000000000,0.000488018904,0.000486115531,0.000000000000,0.000380246071,0.000368954993,0.000000000000,0.000394666653,0.000392421260,0.000000000000,0.000384650832,0.000378758083,0.000000000000,0.000219189108,0.000212269519,0.000000000000,0.000242520834,0.000235413575,0.000000000000,0.000217606346,0.000207862639,0.000000000000,0.000122397773,0.000129882920,0.000000000000,0.000144422327,0.000143367848,0.000000000000,0.000122676315,0.000122071005,0.000000000000,0.000100184662,0.000100042380,0.000000000000,0.000113944576,0.000113451428,0.000000000000,0.000088212103,0.000091978555
276,0.000000000000,0.000479717810,0.000482619886,0.000000000000,0.000484246608,0.000485558087,0.000000000000,0.000488018904,0.000486115531,0.000000000000,0.000380762982,0.000368954993,0.000000000000,0.000394666653,0.000392757496,0.000000000000,0.000384650832,0.000378758083,0.000000000000,0.000219189108,0.000212286745,0.000000000000,0.000242597866,0.000235561074,0.000000000000,0.000218125647,0.000208329679,0.000000000000,0.000122849097,0.000130182773,0.000000000000,0.000145013545,0.000143497319,0.000000000000,0.000122684069,0.000122128635,0.000000000000,0.000100220213,0.000100093421,0.000000000000,0.000113996505,0.000113526922,0.000000000000,0.000088217949,0.000092037087
277,0.000000000000,0.000479717810,0.000482619886,0.000000000000,0.000484246608,0.000485558087,0.000000000000,0.000488018904,0.000486115531,0.000000000000,0.000380762982,0.000369388634,0.000000000000,0.000394666653,0.000392757496,0.000000000000,0.000385164964,0.000378929756,0.000000000000,0.000219457406,0.000212342580,0.000000000000,0.000242615940,0.000235731042,0.000000000000,0.000218127437,0.000208441366,0.000000000000,0.000123110357,0.000130302622,0.000000000000,0.000145058503,0.000143525777,0.000000000000,0.000122729376,0.000122164674,0.000000000000,0.000100280295,0.000100140069,0.000000000000,0.000114162106,0.000113866847,0.000000000000,0.000088217949,0.000092163940
278,0.000000000000,0.000479717810,0.000482619886,0.000000000000,0.000484246608,0.000485558087,0.000000000000,0.000488018904,0.000486115531,0.000000000000,0.000380762982,0.000369390389,0.000000000000,0.000394739911,0.000392757496,0.000000000000,0.000385164964,0.000378929756,0.000000000000,0.000219725300,0.000212711732,0.000000000000,0.000242615940,0.000235819869,0.000000000000,0.000218365493,0.000208881960,0.000000000000,0.000123128926,0.000130518596,0.000000000000,0.000145168893,0.000143649952,0.000000000000,0.000122729376,0.000122221276,0.000000000000,0.000100281560,0.000100217391,0.000000000000,0.000114331486,0.000114082051,0.000000000000,0.000088245707,0.000092259455
279,0.000000000000,0.000479717810,0.000482619886,0.000000000000,0.000484246608,0.000485558087,0.000000000000,0.000488018904,0.000486115531,0.000000000000,0.000380977742,0.000369732637,0.000000000000,0.000394793862,0.000392757496,0.000000000000,0.000385733168,0.000378929756,0.000000000000,0.000219888314,0.000212844200,0.000000000000,0.000242845273,0.000236013928,0.000000000000,0.000218839487,0.000208987692,0.000000000000,0.000123367117,0.000130576626,0.000000000000,0.000145308583,0.000143850019,0.000000000000,0.000122760702,0.000122292789,0.000000000000,0.000100431643,0.000100276375,0.000000000000,0.000114370614,0.000114118218,0.000000000000,0.000088247530,0.000092356352
280,0.000000000000,0.000479717810,0.000482619886,0.000000000000,0.000484246608,0.000485572843,0.000000000000,0.000488018904,0.000486115531,0.000000000000,0.000380977742,0.000369732637,0.000000000000,0.000394793862,0.000392777352,0.000000000000,0.000385812788,0.000378929756,0.000000000000,0.000220249503,0.000213163358,0.000000000000,0.000243113608,0.000236439958,0.000000000000,0.000219455229,0.000209446508,0.000000000000,0.000123525086,0.000130773595,0.000000000000,0.000145368192,0.000143907615,0.000000000000,0.000122899002,0.000122396444,0.000000000000,0.000100492253,0.000100332035,0.000000000000,0.000114571501,0.000114297755,0.000000000000,0.000088247530,0.000092356352
281,0.000000000000,0.000479717810,0.000482619886,0.000000000000,0.000484246608,0.000485572843,0.000000000000,0.000488018904,0.000486115531,0.000000000000,0.000381155403,0.000369960279,0.000000000000,0.000394793862,0.000392777352,0.000000000000,0.000385812788,0.000378929756,0.000000000000,0.000220603339,0.000213478317,0.000000000000,0.000243280314,0.000236603844,0.000000000000,0.000219603321,0.000209593600,0.000000000000,0.000123617029,0.000131097331,0.000000000000,0.000145494111,0.000143991447,0.000000000000,0.000122971349,0.000122406220,0.000000000000,0.000100635081,0.000100367738,0.000000000000,0.000114622917,0.000114369998,0.000000000000,0.000088287107,0.000092373697
282,0.000000000000,0.000479717810,0.000482619886,0.000000000000,0.000484246608,0.000485572843,0.000000000000,0.000488018904,0.000486115531,0.000000000000,0.000381155403,0.000370007739,0.000000000000,0.000394793862,0.000392826269,0.000000000000,0.000385812788,0.000378929756,0.000000000000,0.000220845505,0.000213811621,0.000000000000,0.000243289531,0.000237053766,0.000000000000,0.000220058415,0.000209593600,0.000000000000,0.000123786379,0.000131264699,0.000000000000,0.000146035019,0.000144083764,0.000000000000,0.000123047177,0.000122505494,0.000000000000,0.000100740101,0.000100385446,0.000000000000,0.000114833671,0.000114435137,0.000000000000,0.000088588116,0.000092395837
283,0.000000000000,0.000479717810,0.000482619886,0.000000000000,0.000484246608,0.000485572843,0.000000000000,0.000488018904,0.000486115531,0.000000000000,0.000381155403,0.000370036123,0.000000000000,0.000394793862,0.000392826269,0.000000000000,0.000385839167,0.000378929756,0.000000000000,0.000221091252,0.000214086717,0.000000000000,0.000243429347,0.000237053766,0.000000000000,0.000220070846,0.000209698677,0.000000000000,0.000123863073,0.000131428612,0.000000000000,0.000146103071,0.000144142576,0.000000000000,0.000123118039,0.000122555314,0.000000000000,0.000101084366,0.000100644072,0.000000000000,0.000114907735,0.000114589004,0.000000000000,0.000088702077,0.000092444335
284,0.000000000000,0.000479717810,0.000482619886,0.000000000000,0.000484246608,0.000485572843,0.000000000000,0.000488018904,0.000486115531,0.000000000000,0.000381155403,0.000370039382,0.000000000000,0.000394994478,0.000392826269,0.000000000000,0.000385839167,0.000378942906,0.000000000000,0.000221133859,0.000214641244,0.000000000000,0.000243579216,0.000237301646,0.000000000000,0.000220511478,0.000209792531,0.000000000000,0.000123889014,0.000131444812,0.000000000000,0.000146509579,0.000144232467,0.000000000000,0.000123168579,0.000122610092,0.000000000000,0.000101199736,0.000100780683,0.000000000000,0.000115049049,0.000114789847,0.000000000000,0.000088775698,0.000092546384
285,0.000000000000,0.000479717810,0.000482619886,0.000000000000,0.000484246608,0.000485572843,0.000000000000,0.000488018904,0.000486115531,0.000000000000,0.000381155403,0.000370039382,0.000000000000,0.000394994478,0.000392983353,0.000000000000,0.000386267126,0.000379107537,0.000000000000,0.000221804836,0.000215237789,0.000000000000,0.000243590572,0.000237408915,0.000000000000,0.000220511478,0.000209848799,0.000000000000,0.000123902504,0.000131485198,0.000000000000,0.000146863302,0.000144693161,0.000000000000,0.000123406807,0.000122619170,0.000000000000,0.000101219473,0.000100854755,0.000000000000,0.000115083517,0.000114847095,0.000000000000,0.000088775698,0.000092546384
286,0.000000000000,0.000479717810,0.000482619886,0.000000000000,0.000484246608,0.000485572843,0.000000000000,0.000488018904,0.000486115531,0.000000000000,0.000381155403,0.000370039382,0.000000000000,0.000395591803,0.000393203928,0.000000000000,0.000386267126,0.000379107537,0.000000000000,0.000222090789,0.000215282092,0.000000000000,0.000243590572,0.000237553516,0.000000000000,0.000220511478,0.000209936559,0.000000000000,0.000124039593,0.000131633996,0.000000000000,0.000146900606,0.000144703329,0.000000000000,0.000123441858,0.000122814432,0.000000000000,0.000101248676,0.000100917638,0.000000000000,0.000115087244,0.000114884189,0.000000000000,0.000088800692,0.000092572529
287,0.000000000000,0.000479717810,0.000482619886,0.000000000000,0.000484246608,0.000485572843,0.000000000000,0.000488018904,0.000486115531,0.000000000000,0.000381180729,0.000370096264,0.000000000000,0.000395591803,0.000393203928,0.000000000000,0.000386315545,0.000379107537,0.000000000000,0.000222213414,0.000215422045,0.000000000000,0.000243694575,0.000237606625,0.000000000000,0.000222399041,0.000209960588,0.000000000000,0.000124047253,0.000131997508,0.000000000000,0.000147005733,0.000144705817,0.000000000000,0.000123444118,0.000122830634,0.000000000000,0.000101625775,0.000100931341,0.000000000000,0.000115235014,0.000114972883,0.000000000000,0.000088818701,0.000092585746
288,0.000000000000,0.000479717810,0.000482619886,0.000000000000,0.000484246608,0.000485572843,0.000000000000,0.000488018904,0.000486115531,0.000000000000,0.000381449025,0.000370318487,0.000000000000,0.000395591803,0.000393203928,0.000000000000,0.000386315545,0.000379740238,0.000000000000,0.000222343808,0.000215524978,0.000000000000,0.000243822139,0.000237622201,0.000000000000,0.000222431343,0.000210679966,0.000000000000,0.000124060658,0.000132033415,0.000000000000,0.000147111822,0.000144832147,0.000000000000,0.000123576377,0.000122855701,0.000000000000,0.000101625775,0.000100952408,0.000000000000,0.000115346380,0.000115195199,0.000000000000,0.000089046435,0.000092585746
289,0.000000000000,0.000479717810,0.000482619886,0.000000000000,0.000484246608,0.000485572843,0.000000000000,0.000488018904,0.000486115531,0.000000000000,0.000381550960,0.000370318487,0.000000000000,0.000396108683,0.000393233879,0.000000000000,0.000386452449,0.000379740238,0.000000000000,0.000222400889,0.000215596536,0.000000000000,0.000243932673,0.000238108673,0.000000000000,0.000222431343,0.000210757661,0.000000000000,0.000124330096,0.000132038479,0.000000000000,0.000147311053,0.000144928521,0.000000000000,0.000123576377,0.000122882820,0.000000000000,0.000101647684,0.000101176724,0.000000000000,0.000115431897,0.000115554852,0.000000000000,0.000089283140,0.000092684070
290,0.000000000000,0.000479717810,0.000482619886,0.000000000000,0.000484246608,0.000485572843,0.000000000000,0.000488018904,0.000486115531,0.000000000000,0.000381967293,0.000370318487,0.000000000000,0.000396108683,0.000393233879,0.000000000000,0.000387095075,0.000379740238,0.000000000000,0.000222776606,0.000215831137,0.000000000000,0.000243987572,0.000238302639,0.000000000000,0.000222559395,0.000211076839,0.000000000000,0.000124532337,0.000132115968,0.000000000000,0.000147313093,0.000144958890,0.000000000000,0.000123639962,0.000122933109,0.000000000000,0.000101662836,0.000101208752,0.000000000000,0.000115670741,0.000115682671,0.000000000000,0.000089326903,0.000092684070
291,0.000000000000,0.000479717810,0.000482619886,0.000000000000,0.000484246608,0.000486371447,0.000000000000,0.000488018904,0.000486127835,0.000000000000,0.000381994777,0.000370323487,0.000000000000,0.000396108683,0.000393233879,0.000000000000,0.000387095075,0.000379740238,0.000000000000,0.000222905982,0.000216100888,0.000000000000,0.000244109545,0.000238349238,0.000000000000,0.000222722253,0.000211076839,0.000000000000,0.000124589635,0.000132471242,0.000000000000,0.000147467871,0.000144983674,0.000000000000,0.000123652554,0.000123123822,0.000000000000,0.000101706994,0.000101487280,0.000000000000,0.000115767217,0.000115803506,0.000000000000,0.000089348305,0.000092693030
292,0.000000000000,0.000479717810,0.000482619886,0.000000000000,0.000484246608,0.000486371447,0.000000000000,0.000488018904,0.000486127835,0.000000000000,0.000381994777,0.000370351451,0.000000000000,0.000396232940,0.000393233879,0.000000000000,0.000387095075,0.000379740238,0.000000000000,0.000223264655,0.000216224681,0.000000000000,0.000244136441,0.000238687013,0.000000000000,0.000222829921,0.000211288168,0.000000000000,0.000124612196,0.000132471242,0.000000000000,0.000147580124,0.000144998450,0.000000000000,0.000123953584,0.000123155242,0.000000000000,0.000101737033,0.000101552954,0.000000000000,0.000116074254,0.000115917711,0.000000000000,0.000089380917,0.000092706093
293,0.000000000000,0.000479717810,0.000482619886,0.000000000000,0.000484246608,0.000486371447,0.000000000000,0.000488018904,0.000486127835,0.000000000000,0.000382009311,0.000370351451,0.000000000000,0.000396235659,0.000393233879,0.000000000000,0.000387095075,0.000379742953,0.000000000000,0.000223779060,0.000216421120,0.000000000000,0.000244209123,0.000239126813,0.000000000000,0.000222829921,0.000211288168,0.000000000000,0.000124616785,0.000132503061,0.000000000000,0.000147840968,0.000145056656,0.000000000000,0.000124299116,0.000123266976,0.000000000000,0.000101770293,0.000101580631,0.000000000000,0.000116461475,0.000115957373,0.000000000000,0.000089409432,0.000092706093
294,0.000000000000,0.000479717810,0.000482619886,0.000000000000,0.000484246608,0.000486371447,0.000000000000,0.000488018904,0.000486422343,0.000000000000,0.000382186400,0.000370351451,0.000000000000,0.000396250567,0.000393667787,0.000000000000,0.000387927948,0.000379742953,0.000000000000,0.000223888008,0.000216598653,0.000000000000,0.000244403737,0.000239282108,0.000000000000,0.000222829921,0.000211637694,0.000000000000,0.000124738926,0.000132619398,0.000000000000,0.000147932464,0.000145109353,0.000000000000,0.000124332988,0.000123354620,0.000000000000,0.000101815993,0.000101580631,0.000000000000,0.000116567773,0.000115998910,0.000000000000,0.000089556139,0.000092920160
295,0.000000000000,0.000479717810,0.000482619886,0.000000000000,0.000484246608,0.000486371447,0.000000000000,0.000488018904,0.000486422343,0.000000000000,0.000382209865,0.000370351451,0.000000000000,0.000396661838,0.000393667787,0.000000000000,0.000387927948,0.000379796206,0.000000000000,0.000224093203,0.000216639650,0.000000000000,0.000244555621,0.000239348622,0.000000000000,0.000222985139,0.000211660762,0.000000000000,0.000125003128,0.000132792101,0.000000000000,0.000147977911,0.000145147343,0.000000000000,0.000124367717,0.000123400388,0.000000000000,0.000101901338,0.000101756904,0.000000000000,0.000116688553,0.000116339347,0.000000000000,0.000089695696,0.000093364409
296,0.000000000000,0.000479717810,0.000482619886,0.000000000000,0.000484246608,0.000486371447,0.000000000000,0.000488018904,0.000486422343,0.000000000000,0.000382209865,0.000370351451,0.000000000000,0.000396685413,0.000393804027,0.000000000000,0.000387927948,0.000379796206,0.000000000000,0.000224177238,0.000216640161,0.000000000000,0.000244563574,0.000239401697,0.000000000000,0.000223008186,0.000211738460,0.000000000000,0.000125034741,0.000132883809,0.000000000000,0.000148220496,0.000145241116,0.000000000000,0.000124411003,0.000123446267,0.000000000000,0.000101938999,0.000101810624,0.000000000000,0.000117216639,0.000116600250,0.000000000000,0.000089709656,0.000093364409
297,0.000000000000,0.000479717810,0.000482619886,0.000000000000,0.000484246608,0.000486371447,0.000000000000,0.000488018904,0.000486422343,0.000000000000,0.000382237561,0.000370351451,0.000000000000,0.000396810937,0.000393804027,0.000000000000,0.000388132872,0.000379796206,0.000000000000,0.000224177875,0.000216747400,0.000000000000,0.000244590626,0.000239401697,0.000000000000,0.000223494097,0.000211738460,0.000000000000,0.000125077246,0.000133247740,0.000000000000,0.000148447848,0.000145327797,0.000000000000,0.000124525012,0.000123508213,0.000000000000,0.000102174344,0.000101938752,0.000000000000,0.000117446204,0.000116650896,0.000000000000,0.000089720573,0.000093462476
298,0.000000000000,0.000479717810,0.000482619886,0.000000000000,0.000484246608,0.000486371447,0.000000000000,0.000488018904,0.000486422343,0.000000000000,0.000382472236,0.000370351451,0.000000000000,0.000396975010,0.000393804027,0.000000000000,0.000388132872,0.000379936243,0.000000000000,0.000224336643,0.000216779977,0.000000000000,0.000245645236,0.000239429103,0.000000000000,0.000223513469,0.000211738460,0.000000000000,0.000125523647,0.000133500758,0.000000000000,0.000148702630,0.000145333833,0.000000000000,0.000124550563,0.000123567159,0.000000000000,0.000102211982,0.000102066187,0.000000000000,0.000117621126,0.000116669007,0.000000000000,0.000089893063,0.000093498113
299,0.000000000000,0.000479717810,0.000482619886,0.000000000000,0.000484246608,0.000486371447,0.000000000000,0.000488018904,0.000486426131,0.000000000000,0.000382567854,0.000370351451,0.000000000000,0.000397057571,0.000393868422,0.000000000000,0.000388132872,0.000379999888,0.000000000000,0.000224401548,0.000216797089,0.000000000000,0.000245848047,0.000239441654,0.000000000000,0.000223704063,0.000211763505,0.000000000000,0.000125696993,0.000133582468,0.000000000000,0.000148723844,0.000145704599,0.000000000000,0.000124555316,0.000124133007,0.000000000000,0.000102265286,0.000102237044,0.000000000000,0.000117740041,0.000117015239,0.000000000000,0.000090098672,0.000093644237
300,0.000000000000,0.000480993165,0.000482619886,0.000000000000,0.000484246608,0.000486371447,0.000000000000,0.000488018904,0.000486901318,0.000000000000,0.000382905527,0.000370351451,0.000000000000,0.000397158631,0.000393868422,0.000000000000,0.000388242335,0.000380060739,0.000000000000,0.000224562102,0.000216853572,0.000000000000,0.000245885601,0.000239443717,0.000000000000,0.000223833915,0.000211868015,0.000000000000,0.000125834067,0.000133588221,0.000000000000,0.000148723844,0.000145769741,0.000000000000,0.000124580932,0.000124227474,0.000000000000,0.000102276691,0.000102357620,0.000000000000,0.000117884737,0.000117019581,0.000000000000,0.000090098672,0.000093717743
301,0.000000000000,0.000480993165,0.000482619886,0.000000000000,0.000484246608,0.000486371447,0.000000000000,0.000488018904,0.000486901318,0.000000000000,0.000382921427,0.000370392915,0.000000000000,0.000397158631,0.000393868422,0.000000000000,0.000388242335,0.000380128638,0.000000000000,0.000224563429,0.000217236321,0.000000000000,0.000246259923,0.000239647702,0.000000000000,0.000223906018,0.000211878441,0.000000000000,0.000125884361,0.000133684577,0.000000000000,0.000149042809,0.000145797013,0.000000000000,0.000125048557,0.000124388493,0.000000000000,0.000102312835,0.000102460563,0.000000000000,0.000117965754,0.000117046768,0.000000000000,0.000090180782,0.000093805828
302,0.000000000000,0.000480993165,0.000482619886,0.000000000000,0.000484246608,0.000486371447,0.000000000000,0.000488018904,0.000486916075,0.000000000000,0.000382921427,0.000370392915,0.000000000000,0.000397158631,0.000393868422,0.000000000000,0.000388242335,0.000380128638,0.000000000000,0.000224563429,0.000217247810,0.000000000000,0.000246262703,0.000239694272,0.000000000000,0.000223957406,0.000212206437,0.000000000000,0.000126281496,0.000133708068,0.000000000000,0.000149409616,0.000145918512,0.000000000000,0.000125170116,0.000124455783,0.000000000000,0.000102406021,0.000102489532,0.000000000000,0.000118094674,0.000117094964,0.000000000000,0.000090287951,0.000093815525
303,0.000000000000,0.000480993165,0.000482619886,0.000000000000,0.000484246608,0.000486371447,0.000000000000,0.000488018904,0.000486916075,0.000000000000,0.000382921427,0.000370461558,0.000000000000,0.000397182439,0.000393868422,0.000000000000,0.000388242335,0.000380128638,0.000000000000,0.000225200636,0.000217406320,0.000000000000,0.000246296365,0.000240081894,0.000000000000,0.000224266131,0.000212271266,0.000000000000,0.000126359859,0.000133750152,0.000000000000,0.000149725421,0.000145959213,0.000000000000,0.000125170116,0.000124667706,0.000000000000,0.000102462921,0.000102610763,0.000000000000,0.000118166327,0.000117247168,0.000000000000,0.000090336841,0.000094055515
304,0.000000000000,0.000480993165,0.000482619886,0.000000000000,0.000484246608,0.000486371447,0.000000000000,0.000488018904,0.000486916075,0.000000000000,0.000382921427,0.000370461558,0.000000000000,0.000397182439,0.000393868422,0.000000000000,0.000388242335,0.000380807785,0.000000000000,0.000225248824,0.000217720642,0.000000000000,0.000246660229,0.000240358748,0.000000000000,0.000224266131,0.000212349860,0.000000000000,0.000126649294,0.000133761229,0.000000000000,0.000149795216,0.000145977578,0.000000000000,0.000125170116,0.000124715684,0.000000000000,0.000102500791,0.000102846492,0.000000000000,0.000118318530,0.000117351549,0.000000000000,0.000090336841,0.000094055515
305,0.000000000000,0.000480993165,0.000482619886,0.000000000000,0.000484246608,0.000486371447,0.000000000000,0.000488018904,0.000486916075,0.000000000000,0.000382921427,0.000370520424,0.000000000000,0.000397252749,0.000393868422,0.000000000000,0.000388242335,0.000380807785,0.000000000000,0.000225720411,0.000218001094,0.000000000000,0.000246678384,0.000240367464,0.000000000000,0.000224286007,0.000212469023,0.000000000000,0.000127006582,0.000133767204,0.000000000000,0.000149969958,0.000145988615,0.000000000000,0.000125371851,0.000124715684,0.000000000000,0.000102537732,0.000103033739,0.000000000000,0.000118389817,0.000117497158,0.000000000000,0.000090355983,0.000094106347
306,0.000000000000,0.000480993165,0.000482619886,0.000000000000,0.000484246608,0.000486371447,0.000000000000,0.000488018904,0.000486916075,0.000000000000,0.000382921427,0.000370520424,0.000000000000,0.000397252749,0.000393868422,0.000000000000,0.000388242335,0.000380807785,0.000000000000,0.000225826608,0.000218090033,0.000000000000,0.000246856336,0.000240544039,0.000000000000,0.000224286007,0.000212526178,0.000000000000,0.000127056489,0.000133860715,0.000000000000,0.000149997374,0.000146399923,0.000000000000,0.000125371927,0.000124752491,0.000000000000,0.000102584699,0.000103219679,0.000000000000,0.000118449175,0.000117727746,0.000000000000,0.000090381339,0.000094115113
307,0.000000000000,0.000480993165,0.000482619886,0.000000000000,0.000484246608,0.000486371447,0.000000000000,0.000488018904,0.000486916075,0.000000000000,0.000382921427,0.000370520424,0.000000000000,0.000397252749,0.000393868422,0.000000000000,0.000388242335,0.000380807785,0.000000000000,0.000225826608,0.000218358892,0.000000000000,0.000246921292,0.000240544039,0.000000000000,0.000224578001,0.000212527925,0.000000000000,0.000127083973,0.000133886185,0.000000000000,0.000150150501,0.000146462484,0.000000000000,0.000125585550,0.000124895828,0.000000000000,0.000102700205,0.000103233553,0.000000000000,0.000118650215,0.000117773481,0.000000000000,0.000090381339,0.000094115113
308,0.000000000000,0.000480993165,0.000482619886,0.000000000000,0.000484246608,0.000486371447,0.000000000000,0.000488018904,0.000487514807,0.000000000000,0.000382921427,0.000370520424,0.000000000000,0.000397649824,0.000393868422,0.000000000000,0.000388242335,0.000380807785,0.000000000000,0.000225912155,0.000218382545,0.000000000000,0.000246995333,0.000240544039,0.000000000000,0.000224619355,0.000212934949,0.000000000000,0.000127085395,0.000133973215,0.000000000000,0.000150251981,0.000146526612,0.000000000000,0.000125593883,0.000124924392,0.000000000000,0.000102761939,0.000103328628,0.000000000000,0.000118841428,0.000117887844,0.000000000000,0.000090426944,0.000094150549
309,0.000000000000,0.000480993165,0.000482619886,0.000000000000,0.000484246608,0.000486371447,0.000000000000,0.000488018904,0.000487514807,0.000000000000,0.000383246435,0.000370699166,0.000000000000,0.000397649824,0.000394021835,0.000000000000,0.000388242335,0.000380807785,0.000000000000,0.000226171651,0.000218790464,0.000000000000,0.000247030056,0.000240666044,0.000000000000,0.000224637689,0.000213150207,0.000000000000,0.000127227267,0.000134026491,0.000000000000,0.000150297825,0.000146610278,0.000000000000,0.000125633431,0.000124932055,0.000000000000,0.000102889262,0.000103388857,0.000000000000,0.000119076857,0.000117931170,0.000000000000,0.000090464547,0.000094161689
310,0.000000000000,0.000480993165,0.000482619886,0.000000000000,0.000484246608,0.000486371447,0.000000000000,0.000488018904,0.000487529563,0.000000000000,0.000383348371,0.000370699166,0.000000000000,0.000397649824,0.000394021835,0.000000000000,0.000388242335,0.000380807785,0.000000000000,0.000226908903,0.000218890358,0.000000000000,0.000247030056,0.000240775042,0.000000000000,0.000224667328,0.000213223287,0.000000000000,0.000127249979,0.000134117559,0.000000000000,0.000150310382,0.000146853637,0.000000000000,0.000125848183,0.000124965655,0.000000000000,0.000103185024,0.000103564812,0.000000000000,0.000119294147,0.000118083063,0.000000000000,0.000090485223,0.000094163872
311,0.000000000000,0.000480993165,0.000482619886,0.000000000000,0.000484246608,0.000486371447,0.000000000000,0.000488018904,0.000487529563,0.000000000000,0.000384242403,0.000371383909,0.000000000000,0.000397649824,0.000394021835,0.000000000000,0.000388242335,0.000380864667,0.000000000000,0.000227193671,0.000219021426,0.000000000000,0.000247068644,0.000240794156,0.000000000000,0.000224667328,0.000213251707,0.000000000000,0.000127316813,0.000134305977,0.000000000000,0.000150391846,0.000146853637,0.000000000000,0.000125899472,0.000124965655,0.000000000000,0.000103223005,0.000103643397,0.000000000000,0.000119491151,0.000118116444,0.000000000000,0.000090546713,0.000094213277
312,0.000000000000,0.000480993165,0.000482619886,0.000000000000,0.000484246608,0.000486371447,0.000000000000,0.000488018904,0.000487529563,0.000000000000,0.000384242403,0.000371383909,0.000000000000,0.000398512858,0.000394021835,0.000000000000,0.000388685500,0.000381240314,0.000000000000,0.000227301832,0.000219021426,0.000000000000,0.000247336951,0.000240869183,0.000000000000,0.000224803820,0.000213302477,0.000000000000,0.000127352751,0.000134492022,0.000000000000,0.000150447438,0.000146866723,0.000000000000,0.000126062178,0.000125471032,0.000000000000,0.000103302430,0.000103710373,0.000000000000,0.000119876330,0.000118212826,0.000000000000,0.000090650942,0.000094213277
313,0.000000000000,0.000480993165,0.000482619886,0.000000000000,0.000484246608,0.000486371447,0.000000000000,0.000488018904,0.000487529563,0.000000000000,0.000384713175,0.000371383909,0.000000000000,0.000398512858,0.000394021835,0.000000000000,0.000388685500,0.000381240314,0.000000000000,0.000227301832,0.000219028874,0.000000000000,0.000247355331,0.000241121262,0.000000000000,0.000225218809,0.000213302477,0.000000000000,0.000127391267,0.000134557952,0.000000000000,0.000150672199,0.000147070298,0.000000000000,0.000126071736,0.000125559000,0.000000000000,0.000103323699,0.000103715694,0.000000000000,0.000119912580,0.000118245213,0.000000000000,0.000090720063,0.000094291024
314,0.000000000000,0.000480993165,0.000482619886,0.000000000000,0.000484246608,0.000486371447,0.000000000000,0.000488018904,0.000487529563,0.000000000000,0.000384713175,0.000371516691,0.000000000000,0.000398512858,0.000394021835,0.000000000000,0.000388685500,0.000381307376,0.000000000000,0.000227380146,0.000219050848,0.000000000000,0.000247597561,0.000241169592,0.000000000000,0.000225218809,0.000213312131,0.000000000000,0.000127419835,0.000134759491,0.000000000000,0.000150682831,0.000147215359,0.000000000000,0.000126140944,0.000125559000,0.000000000000,0.000103335633,0.000103763368,0.000000000000,0.000120052494,0.000118395537,0.000000000000,0.000090757176,0.000094373429
315,0.000000000000,0.000480993165,0.000482619886,0.000000000000,0.000484246608,0.000486371447,0.000000000000,0.000488018904,0.000487529563,0.000000000000,0.000384858811,0.000372125474,0.000000000000,0.000398528420,0.000394045697,0.000000000000,0.000388685500,0.000381325351,0.000000000000,0.000227466085,0.000219427680,0.000000000000,0.000248346226,0.000241195258,0.000000000000,0.000225378496,0.000213589431,0.000000000000,0.000127642356,0.000134769309,0.000000000000,0.000150733357,0.000147251005,0.000000000000,0.000126177874,0.000125559000,0.000000000000,0.000103335633,0.000103785867,0.000000000000,0.000120127929,0.000118544063,0.000000000000,0.000090761525,0.000094380668
316,0.000000000000,0.000480993165,0.000482619886,0.000000000000,0.000484246608,0.000486371447,0.000000000000,0.000488018904,0.000487529563,0.000000000000,0.000384858811,0.000372343498,0.000000000000,0.000398528420,0.000394045697,0.000000000000,0.000388754854,0.000381325351,0.000000000000,0.000227469553,0.000219920631,0.000000000000,0.000248768577,0.000241198408,0.000000000000,0.000225411242,0.000213638433,0.000000000000,0.000127780427,0.000134834470,0.000000000000,0.000150777544,0.000147301918,0.000000000000,0.000126257434,0.000125623888,0.000000000000,0.000103353927,0.000103785867,0.000000000000,0.000120177671,0.000118586368,0.000000000000,0.000090962140,0.000094380668
317,0.000000000000,0.000480993165,0.000482619886,0.000000000000,0.000484246608,0.000486371447,0.000000000000,0.000488018904,0.000487529563,0.000000000000,0.000384858811,0.000372343498,0.000000000000,0.000398554837,0.000394045697,0.000000000000,0.000388754854,0.000381325351,0.000000000000,0.000227507636,0.000219962136,0.000000000000,0.000249927143,0.000241285591,0.000000000000,0.000225411242,0.000213664221,0.000000000000,0.000127934946,0.000135001494,0.000000000000,0.000150923286,0.000147380757,0.000000000000,0.000126357851,0.000125922257,0.000000000000,0.000103383975,0.000103813113,0.000000000000,0.000120282949,0.000118639395,0.000000000000,0.000090968284,0.000094384104
318,0.000000000000,0.000480993165,0.000482619886,0.000000000000,0.000484246608,0.000486371447,0.000000000000,0.000488018904,0.000487529563,0.000000000000,0.000384858811,0.000372423467,0.000000000000,0.000398554837,0.000394045697,0.000000000000,0.000389030232,0.000381325351,0.000000000000,0.000227524760,0.000220014310,0.000000000000,0.000250065495,0.000241295644,0.000000000000,0.000225491026,0.000213768998,0.000000000000,0.000127995038,0.000135054078,0.000000000000,0.000150961009,0.000147810215,0.000000000000,0.000126438753,0.000125993520,0.000000000000,0.000103407177,0.000103891042,0.000000000000,0.000120364229,0.000118639979,0.000000000000,0.000090997039,0.000094384104
319,0.000000000000,0.000480993165,0.000482619886,0.000000000000,0.000484246608,0.000486371447,0.000000000000,0.000488018904,0.000487529563,0.000000000000,0.000385306647,0.000372423467,0.000000000000,0.000398554837,0.000394045697,0.000000000000,0.000389030232,0.000381325351,0.000000000000,0.000227596681,0.000220521649,0.000000000000,0.000250201344,0.000241357832,0.000000000000,0.000225491026,0.000213798345,0.000000000000,0.000127995038,0.000135099326,0.000000000000,0.000151061016,0.000147904629,0.000000000000,0.000126773132,0.000126029732,0.000000000000,0.000103444194,0.000103924682,0.000000000000,0.000120396621,0.000118852752,0.000000000000,0.000091014360,0.000094409608
320,0.000000000000,0.000480993165,0.000482619886,0.000000000000,0.000484246608,0.000486371447,0.000000000000,0.000488018904,0.000487529563,0.000000000000,0.000385306647,0.000372423467,0.000000000000,0.000398554837,0.000394061567,0.000000000000,0.000389030232,0.000381325351,0.000000000000,0.000227725992,0.000220521649,0.000000000000,0.000250201344,0.000241384586,0.000000000000,0.000225585193,0.000213798345,0.000000000000,0.000128028173,0.000135612214,0.000000000000,0.000151102260,0.000148308102,0.000000000000,0.000126902377,0.000126197095,0.000000000000,0.000103468900,0.000104271936,0.000000000000,0.000120561901,0.000118986101,0.000000000000,0.000091121900,0.000094441917
321,0.000000000000,0.000480993165,0.000482619886,0.000000000000,0.000484246608,0.000486371447,0.000000000000,0.000488018904,0.000487529563,0.000000000000,0.000385396821,0.000372613806,0.000000000000,0.000398554837,0.000394135662,0.000000000000,0.000389030232,0.000381484500,0.000000000000,0.000227727492,0.000220951716,0.000000000000,0.000250272874,0.000241504007,0.000000000000,0.000225620953,0.000213838986,0.000000000000,0.000128101545,0.000135614511,0.000000000000,0.000151146515,0.000148309506,0.000000000000,0.000126997675,0.000126240083,0.000000000000,0.000103624418,0.000104434580,0.000000000000,0.000120615218,0.000119127630,0.000000000000,0.000091128289,0.000094441917
322,0.000000000000,0.000480993165,0.000482619886,0.000000000000,0.000484246608,0.000486371447,0.000000000000,0.000488018904,0.000487529563,0.000000000000,0.000385396821,0.000372613806,0.000000000000,0.000399020538,0.000394135662,0.000000000000,0.000389030232,0.000381484500,0.000000000000,0.000227793426,0.000220995313,0.000000000000,0.000250487519,0.000241547099,0.000000000000,0.000225678964,0.000214199797,0.000000000000,0.000128114786,0.000135716773,0.000000000000,0.000151158031,0.000148337209,0.000000000000,0.000127084970,0.000126261659,0.000000000000,0.000103899133,0.000104437659,0.000000000000,0.000120757901,0.000119239486,0.000000000000,0.000091204776,0.000094479408
323,0.000000000000,0.000480993165,0.000482619886,0.000000000000,0.000484246608,0.000486371447,0.000000000000,0.000488018904,0.000487529563,0.000000000000,0.000385396821,0.000372613806,0.000000000000,0.000399343581,0.000394135662,0.000000000000,0.000389117773,0.000381484500,0.000000000000,0.000227925688,0.000221041824,0.000000000000,0.000250546135,0.000241578044,0.000000000000,0.000226251823,0.000214351981,0.000000000000,0.000128348987,0.000135739490,0.000000000000,0.000151196698,0.000148355501,0.000000000000,0.000127279224,0.000126304708,0.000000000000,0.000103899150,0.000104505796,0.000000000000,0.000120806674,0.000119333486,0.000000000000,0.000091346946,0.000094487788
324,0.000000000000,0.000480993165,0.000482619886,0.000000000000,0.000484246608,0.000486371447,0.000000000000,0.000488018904,0.000488328168,0.000000000000,0.000385396821,0.000372776152,0.000000000000,0.000399343581,0.000394135662,0.000000000000,0.000389779497,0.000381484500,0.000000000000,0.000227994059,0.000221059357,0.000000000000,0.000250596686,0.000241578044,0.000000000000,0.000226403540,0.000214351981,0.000000000000,0.000128371544,0.000135781669,0.000000000000,0.000151218333,0.000148511966,0.000000000000,0.000127310961,0.000126586868,0.000000000000,0.000104008548,0.000104643680,0.000000000000,0.000120908989,0.000119443620,0.000000000000,0.000091377822,0.000094530251
325,0.000000000000,0.000480993165,0.000482619886,0.000000000000,0.000484246608,0.000486371447,0.000000000000,0.000488018904,0.000488328168,0.000000000000,0.000385396821,0.000373304227,0.000000000000,0.000399343581,0.000394188469,0.000000000000,0.000389779497,0.000381484500,0.000000000000,0.000228522840,0.000221150865,0.000000000000,0.000250600607,0.000241811154,0.000000000000,0.000226535982,0.000214359780,0.000000000000,0.000128373971,0.000135831572,0.000000000000,0.000151326003,0.000148728902,0.000000000000,0.000127358839,0.000126690921,0.000000000000,0.000104047203,0.000104853481,0.000000000000,0.000120991099,0.000119568866,0.000000000000,0.000091377822,0.000094604876
326,0.000000000000,0.000480993165,0.000482619886,0.000000000000,0.000484246608,0.000486371447,0.000000000000,0.000488018904,0.000488328168,0.000000000000,0.000385783075,0.000374431668,0.000000000000,0.000399343581,0.000394188469,0.000000000000,0.000389779497,0.000381484500,0.000000000000,0.000228542491,0.000221254766,0.000000000000,0.000250605110,0.000242004967,0.000000000000,0.000226541716,0.000214359780,0.000000000000,0.000128426839,0.000135929045,0.000000000000,0.000151639835,0.000148783606,0.000000000000,0.000127373185,0.000126760510,0.000000000000,0.000104062411,0.000105050178,0.000000000000,0.000121028953,0.000119626365,0.000000000000,0.000091584420,0.000094604876
327,0.000000000000,0.000480993165,0.000482619886,0.000000000000,0.000484246608,0.000486371447,0.000000000000,0.000488018904,0.000488328168,0.000000000000,0.000385843381,0.000374431668,0.000000000000,0.000399904636,0.000394188469,0.000000000000,0.000389779497,0.000381484500,0.000000000000,0.000228615017,0.000221303706,0.000000000000,0.000250781159,0.000242316918,0.000000000000,0.000227056502,0.000214450316,0.000000000000,0.000128426839,0.000135930277,0.000000000000,0.000151708659,0.000148856708,0.000000000000,0.000127391676,0.000126803877,0.000000000000,0.000104126010,0.000105147222,0.000000000000,0.000121146257,0.000119659534,0.000000000000,0.000091633583,0.000094632419
328,0.000000000000,0.000480993165,0.000482619886,0.000000000000,0.000484246608,0.000486371447,0.000000000000,0.000488018904,0.000488328168,0.000000000000,0.000385843381,0.000374431668,0.000000000000,0.000399986350,0.000394188469,0.000000000000,0.000389779497,0.000381484500,0.000000000000,0.000228615017,0.000221408711,0.000000000000,0.000250873843,0.000242649844,0.000000000000,0.000227208595,0.000214522863,0.000000000000,0.000128432328,0.000135932750,0.000000000000,0.000151754594,0.000148860886,0.000000000000,0.000127486253,0.000126867007,0.000000000000,0.000104301779,0.000105188386,0.000000000000,0.000121415880,0.000119706655,0.000000000000,0.000091643993,0.000094695351
329,0.000000000000,0.000480993165,0.000482619886,0.000000000000,0.000484246608,0.000486371447,0.000000000000,0.000488018904,0.000488328168,0.000000000000,0.000385846582,0.000374431668,0.000000000000,0.000400423149,0.000394188469,0.000000000000,0.000389779497,0.000381484500,0.000000000000,0.000228648626,0.000221494724,0.000000000000,0.000251066772,0.000243429650,0.000000000000,0.000227308572,0.000214533630,0.000000000000,0.000128511778,0.000135933381,0.000000000000,0.000151920498,0.000148985341,0.000000000000,0.000127526188,0.000126897682,0.000000000000,0.000104530684,0.000105188386,0.000000000000,0.000121554505,0.000119743481,0.000000000000,0.000091694191,0.000094786815
330,0.000000000000,0.000480993165,0.000482619886,0.000000000000,0.000484246608,0.000486371447,0.000000000000,0.000488018904,0.000488328168,0.000000000000,0.000385846582,0.000374561089,0.000000000000,0.000400423149,0.000394251272,0.000000000000,0.000389779497,0.000381530690,0.000000000000,0.000228799361,0.000221564957,0.000000000000,0.000251074339,0.000243461893,0.000000000000,0.000227447063,0.000214533630,0.000000000000,0.000128575835,0.000136231426,0.000000000000,0.000152034183,0.000149103066,0.000000000000,0.000127582209,0.000127340172,0.000000000000,0.000104680270,0.000105383520,0.000000000000,0.000121569493,0.000119813667,0.000000000000,0.000091798335,0.000094792703
331,0.000000000000,0.000480993165,0.000482619886,0.000000000000,0.000484246608,0.000486371447,0.000000000000,0.000488018904,0.000488328168,0.000000000000,0.000386145658,0.000374561089,0.000000000000,0.000400423149,0.000394251272,0.000000000000,0.000389779497,0.000381530690,0.000000000000,0.000228799361,0.000221823584,0.000000000000,0.000251261622,0.000243556537,0.000000000000,0.000227456853,0.000214533630,0.000000000000,0.000128595495,0.000136429292,0.000000000000,0.000152043882,0.000149219732,0.000000000000,0.000128016712,0.000127392929,0.000000000000,0.000104727109,0.000105447488,0.000000000000,0.000121805819,0.000119986692,0.000000000000,0.000091870615,0.000094797554
332,0.000000000000,0.000480993165,0.000482619886,0.000000000000,0.000484246608,0.000486371447,0.000000000000,0.000488018904,0.000488328168,0.000000000000,0.000386676251,0.000374561089,0.000000000000,0.000400423149,0.000394251272,0.000000000000,0.000389779497,0.000381530690,0.000000000000,0.000228800387,0.000221914535,0.000000000000,0.000251381738,0.000243670318,0.000000000000,0.000227751007,0.000214922758,0.000000000000,0.000128659858,0.000136475566,0.000000000000,0.000152179139,0.000149288248,0.000000000000,0.000128062547,0.000127501640,0.000000000000,0.000104898654,0.000105518273,0.000000000000,0.000121913497,0.000120003418,0.000000000000,0.000091895615,0.000094826499
333,0.000000000000,0.000480993165,0.000482619886,0.000000000000,0.000484246608,0.000486371447,0.000000000000,0.000488018904,0.000488328168,0.000000000000,0.000386676251,0.000375039614,0.000000000000,0.000400423149,0.000394251272,0.000000000000,0.000389779497,0.000381548028,0.000000000000,0.000229007434,0.000221914535,0.000000000000,0.000251598016,0.000243874787,0.000000000000,0.000227792734,0.000215276078,0.000000000000,0.000128737404,0.000136545697,0.000000000000,0.000152233140,0.000149859223,0.000000000000,0.000128221963,0.000127558466,0.000000000000,0.000104949294,0.000105804237,0.000000000000,0.000122241789,0.000120077304,0.000000000000,0.000091992266,0.000095119453
334,0.000000000000,0.000480993165,0.000482619886,0.000000000000,0.000484246608,0.000486371447,0.000000000000,0.000488018904,0.000488328168,0.000000000000,0.000386890671,0.000375691894,0.000000000000,0.000400423149,0.000394251272,0.000000000000,0.000389779497,0.000381563253,0.000000000000,0.000229084938,0.000221993358,0.000000000000,0.000251598016,0.000244375083,0.000000000000,0.000228503086,0.000215276078,0.000000000000,0.000128737404,0.000136563208,0.000000000000,0.000152372483,0.000149999927,0.000000000000,0.000128354216,0.000127599391,0.000000000000,0.000105072042,0.000106065302,0.000000000000,0.000122294819,0.000120168480,0.000000000000,0.000092036046,0.000095149992
335,0.000000000000,0.000480993165,0.000482619886,0.000000000000,0.000484246608,0.000486371447,0.000000000000,0.000488018904,0.000488328168,0.000000000000,0.000386890671,0.000375691894,0.000000000000,0.000400423149,0.000394251272,0.000000000000,0.000389827985,0.000381563253,0.000000000000,0.000229084938,0.000222199058,0.000000000000,0.000251633904,0.000244381860,0.000000000000,0.000229076362,0.000215401421,0.000000000000,0.000128979320,0.000136563208,0.000000000000,0.000152568948,0.000150063409,0.000000000000,0.000128427987,0.000127803019,0.000000000000,0.000105150019,0.000106128414,0.000000000000,0.000122446627,0.000120312999,0.000000000000,0.000092036627,0.000095149992
336,0.000000000000,0.000480993165,0.000482619886,0.000000000000,0.000484246608,0.000486371447,0.000000000000,0.000488018904,0.000488328168,0.000000000000,0.000387246319,0.000375691894,0.000000000000,0.000400435292,0.000394334863,0.000000000000,0.000390174766,0.000381683762,0.000000000000,0.000229527010,0.000222262781,0.000000000000,0.000251703302,0.000244469892,0.000000000000,0.000229076362,0.000215401421,0.000000000000,0.000128979320,0.000136732767,0.000000000000,0.000152651875,0.000150063409,0.000000000000,0.000128570159,0.000127844240,0.000000000000,0.000105190415,0.000106144490,0.000000000000,0.000122542280,0.000120460279,0.000000000000,0.000092135686,0.000095167037
337,0.000000000000,0.000480993165,0.000482619886,0.000000000000,0.000484246608,0.000486371447,0.000000000000,0.000488018904,0.000488660934,0.000000000000,0.000387246319,0.000375691894,0.000000000000,0.000400503512,0.000394334863,0.000000000000,0.000390174766,0.000381683762,0.000000000000,0.000229528481,0.000222513102,0.000000000000,0.000251762770,0.000244564385,0.000000000000,0.000229219878,0.000215679552,0.000000000000,0.000129070301,0.000136836084,0.000000000000,0.000152676207,0.000150120956,0.000000000000,0.000128784841,0.000127935101,0.000000000000,0.000105321594,0.000106210297,0.000000000000,0.000122698999,0.000120465336,0.000000000000,0.000092186716,0.000095167037
338,0.000000000000,0.000480993165,0.000482619886,0.000000000000,0.000484246608,0.000486371447,0.000000000000,0.000488018904,0.000488660934,0.000000000000,0.000387310971,0.000375691894,0.000000000000,0.000400825509,0.000394334863,0.000000000000,0.000390654658,0.000381701513,0.000000000000,0.000229528481,0.000222561595,0.000000000000,0.000251762770,0.000244650487,0.000000000000,0.000229219878,0.000215928986,0.000000000000,0.000129155733,0.000136871853,0.000000000000,0.000152696562,0.000150165786,0.000000000000,0.000128895613,0.000128101084,0.000000000000,0.000105352777,0.000106289294,0.000000000000,0.000122759169,0.000120474541,0.000000000000,0.000092288120,0.000095215636
339,0.000000000000,0.000480993165,0.000482619886,0.000000000000,0.000484246608,0.000486371447,0.000000000000,0.000488018904,0.000488660934,0.000000000000,0.000387310971,0.000376105850,0.000000000000,0.000400825509,0.000394334863,0.000000000000,0.000390809926,0.000381748095,0.000000000000,0.000229528481,0.000222952415,0.000000000000,0.000251762770,0.000244650487,0.000000000000,0.000229219878,0.000215941951,0.000000000000,0.000129173472,0.000136885971,0.000000000000,0.000152709407,0.000150467768,0.000000000000,0.000128905286,0.000128227540,0.000000000000,0.000105369686,0.000106327914,0.000000000000,0.000123024816,0.000120779355,0.000000000000,0.000092289311,0.000095217163
340,0.000000000000,0.000480993165,0.000482619886,0.000000000000,0.000484246608,0.000486371447,0.000000000000,0.000488018904,0.000488660934,0.000000000000,0.000387857477,0.000376105850,0.000000000000,0.000400879223,0.000394334863,0.000000000000,0.000390809926,0.000381766040,0.000000000000,0.000229675447,0.000222973136,0.000000000000,0.000251910046,0.000244667816,0.000000000000,0.000230361363,0.000215952348,0.000000000000,0.000129232897,0.000136955738,0.000000000000,0.000153139563,0.000150658958,0.000000000000,0.000128974647,0.000128343752,0.000000000000,0.000105407290,0.000106340879,0.000000000000,0.000123087509,0.000120838010,0.000000000000,0.000092294628,0.000095217163
341,0.000000000000,0.000480993165,0.000482619886,0.000000000000,0.000484246608,0.000486371447,0.000000000000,0.000488018904,0.000489126772,0.000000000000,0.000388124082,0.000376105850,0.000000000000,0.000400879223,0.000394334863,0.000000000000,0.000391477472,0.000381766040,0.000000000000,0.000229835399,0.000223159678,0.000000000000,0.000252183680,0.000245022409,0.000000000000,0.000230369689,0.000216137604,0.000000000000,0.000129260538,0.000137077311,0.000000000000,0.000153274927,0.000150782399,0.000000000000,0.000129074119,0.000128347396,0.000000000000,0.000105491906,0.000106515178,0.000000000000,0.000123237398,0.000120897280,0.000000000000,0.000092315947,0.000095321215
342,0.000000000000,0.000480993165,0.000482619886,0.000000000000,0.000484246608,0.000486371447,0.000000000000,0.000488018904,0.000489126772,0.000000000000,0.000388126704,0.000376105850,0.000000000000,0.000400958238,0.000394334863,0.000000000000,0.000391477472,0.000382337134,0.000000000000,0.000230163788,0.000223521918,0.000000000000,0.000252272344,0.000245049543,0.000000000000,0.000230369689,0.000216207079,0.000000000000,0.000129506110,0.000137178912,0.000000000000,0.000153297643,0.000151001273,0.000000000000,0.000129309986,0.000128447066,0.000000000000,0.000105632657,0.000106703208,0.000000000000,0.000123247782,0.000120922860,0.000000000000,0.000092343166,0.000095321215
343,0.000000000000,0.000480993165,0.000482619886,0.000000000000,0.000484246608,0.000486371447,0.000000000000,0.000488018904,0.000489126772,0.000000000000,0.000388126704,0.000376141813,0.000000000000,0.000401499073,0.000394449954,0.000000000000,0.000391479135,0.000382337134,0.000000000000,0.000230225135,0.000223685814,0.000000000000,0.000252272344,0.000245056229,0.000000000000,0.000230438622,0.000216400774,0.000000000000,0.000129633762,0.000137206046,0.000000000000,0.000153315737,0.000151062616,0.000000000000,0.000129374896,0.000128459511,0.000000000000,0.000105715564,0.000106733476,0.000000000000,0.000123399516,0.000121102324,0.000000000000,0.000092531689,0.000095368858
344,0.000000000000,0.000480993165,0.000482619886,0.000000000000,0.000484246608,0.000486371447,0.000000000000,0.000488018904,0.000489126772,0.000000000000,0.000388152143,0.000376191374,0.000000000000,0.000401501716,0.000394449954,0.000000000000,0.000391479135,0.000382462893,0.000000000000,0.000230355683,0.000223685814,0.000000000000,0.000252342022,0.000245173257,0.000000000000,0.000230930705,0.000216572968,0.000000000000,0.000129669735,0.000137232712,0.000000000000,0.000153428192,0.000151093090,0.000000000000,0.000129463601,0.000128670035,0.000000000000,0.000105730855,0.000106736394,0.000000000000,0.000123427311,0.000121104264,0.000000000000,0.000092586920,0.000095439754
345,0.000000000000,0.000480993165,0.000482619886,0.000000000000,0.000484246608,0.000486371447,0.000000000000,0.000488018904,0.000489126772,0.000000000000,0.000389056842,0.000376191374,0.000000000000,0.000401501716,0.000394449954,0.000000000000,0.000391479135,0.000382462893,0.000000000000,0.000230552917,0.000223691138,0.000000000000,0.000252440813,0.000245404913,0.000000000000,0.000230930705,0.000216873791,0.000000000000,0.000129670442,0.000137424724,0.000000000000,0.000153606317,0.000151097770,0.000000000000,0.000129532041,0.000128730658,0.000000000000,0.000106014634,0.000106756415,0.000000000000,0.000123677850,0.000121127611,0.000000000000,0.000092734934,0.000095459204
346,0.000000000000,0.000480993165,0.000482619886,0.000000000000,0.000484246608,0.000486371447,0.000000000000,0.000488018904,0.000489126772,0.000000000000,0.000389099008,0.000376191374,0.000000000000,0.000401501716,0.000394512723,0.000000000000,0.000391479135,0.000382462893,0.000000000000,0.000230552917,0.000223778630,0.000000000000,0.000252472470,0.000246126749,0.000000000000,0.000231017314,0.000216914042,0.000000000000,0.000129770228,0.000137424724,0.000000000000,0.000153662316,0.000151120649,0.000000000000,0.000129619187,0.000128739336,0.000000000000,0.000106021115,0.000106855852,0.000000000000,0.000123721714,0.000121180853,0.000000000000,0.000092780077,0.000095605077
347,0.000000000000,0.000480993165,0.000482619886,0.000000000000,0.000484246608,0.000486371447,0.000000000000,0.000488018904,0.000489126772,0.000000000000,0.000389250238,0.000376551091,0.000000000000,0.000401501716,0.000394512723,0.000000000000,0.000391479135,0.000382462893,0.000000000000,0.000230632030,0.000223967430,0.000000000000,0.000252502227,0.000246165772,0.000000000000,0.000231348968,0.000216971507,0.000000000000,0.000129887349,0.000137424724,0.000000000000,0.000153745595,0.000151208747,0.000000000000,0.000129796827,0.000128964983,0.000000000000,0.000106034184,0.000106931301,0.000000000000,0.000123838126,0.000121394764,0.000000000000,0.000092877647,0.000095627817
348,0.000000000000,0.000480993165,0.000482619886,0.000000000000,0.000484246608,0.000486371447,0.000000000000,0.000488018904,0.000489126772,0.000000000000,0.000389250238,0.000376551091,0.000000000000,0.000401563079,0.000394512723,0.000000000000,0.000391479135,0.000382486754,0.000000000000,0.000230632030,0.000224226971,0.000000000000,0.000252781081,0.000246284292,0.000000000000,0.000231942560,0.000217209073,0.000000000000,0.000129887349,0.000137556362,0.000000000000,0.000153832702,0.000151298805,0.000000000000,0.000129796847,0.000129075914,0.000000000000,0.000106121704,0.000106963429,0.000000000000,0.000123852141,0.000121549484,0.000000000000,0.000092880486,0.000095907325
349,0.000000000000,0.000480993165,0.000482619886,0.000000000000,0.000484246608,0.000486371447,0.000000000000,0.000488018904,0.000489126772,0.000000000000,0.000389259014,0.000376551091,0.000000000000,0.000401676743,0.000394516829,0.000000000000,0.000391752026,0.000382486754,0.000000000000,0.000230736937,0.000224226971,0.000000000000,0.000252941279,0.000246635142,0.000000000000,0.000232102046,0.000217307928,0.000000000000,0.000130015049,0.000137556362,0.000000000000,0.000153843875,0.000151562528,0.000000000000,0.000129862503,0.000129135478,0.000000000000,0.000106275313,0.000107098850,0.000000000000,0.000123860329,0.000121572494,0.000000000000,0.000092889476,0.000096039302
350,0.000000000000,0.000480993165,0.000482619886,0.000000000000,0.000484246608,0.000486371447,0.000000000000,0.000488018904,0.000489126772,0.000000000000,0.000389259014,0.000377002135,0.000000000000,0.000401676743,0.000394516829,0.000000000000,0.000391942002,0.000382486754,0.000000000000,0.000230912340,0.000224270039,0.000000000000,0.000253810396,0.000246687840,0.000000000000,0.000232123921,0.000217387831,0.000000000000,0.000130117265,0.000137664748,0.000000000000,0.000153860655,0.000151787642,0.000000000000,0.000130021568,0.000129196908,0.000000000000,0.000106327120,0.000107146408,0.000000000000,0.000123910577,0.000121636667,0.000000000000,0.000092958307,0.000096049829
351,0.000000000000,0.000480993165,0.000482619886,0.000000000000,0.000484246608,0.000486371447,0.000000000000,0.000488018904,0.000489126772,0.000000000000,0.000389259014,0.000377002135,0.000000000000,0.000401676743,0.000394516829,0.000000000000,0.000391942497,0.000382486754,0.000000000000,0.000230988526,0.000224319654,0.000000000000,0.000253848455,0.000246687840,0.000000000000,0.000232128466,0.000217465045,0.000000000000,0.000130289222,0.000137807923,0.000000000000,0.000153907773,0.000151998189,0.000000000000,0.000130025855,0.000129292555,0.000000000000,0.000106345267,0.000107172549,0.000000000000,0.000123946802,0.000121702873,0.000000000000,0.000093143208,0.000096064545
352,0.000000000000,0.000480993165,0.000482619886,0.000000000000,0.000484246608,0.000486371447,0.000000000000,0.000488018904,0.000489126772,0.000000000000,0.000389272866,0.000377142748,0.000000000000,0.000402215440,0.000394516829,0.000000000000,0.000391942497,0.000382486754,0.000000000000,0.000231064821,0.000224545991,0.000000000000,0.000253848455,0.000246804708,0.000000000000,0.000232191891,0.000217632760,0.000000000000,0.000130296730,0.000137814859,0.000000000000,0.000153942663,0.000152182215,0.000000000000,0.000130096404,0.000129357394,0.000000000000,0.000106386687,0.000107192227,0.000000000000,0.000124105083,0.000121712184,0.000000000000,0.000093154191,0.000096090727
353,0.000000000000,0.000480993165,0.000482619886,0.000000000000,0.000484246608,0.000486371447,0.000000000000,0.000488018904,0.000489126772,0.000000000000,0.000389272866,0.000377745193,0.000000000000,0.000402215440,0.000394516829,0.000000000000,0.000392204671,0.000382486754,0.000000000000,0.000231145076,0.000224734691,0.000000000000,0.000253994332,0.000246804708,0.000000000000,0.000232448660,0.000217889963,0.000000000000,0.000130387292,0.000137881607,0.000000000000,0.000154003175,0.000152182215,0.000000000000,0.000130214512,0.000129552576,0.000000000000,0.000106412431,0.000107530594,0.000000000000,0.000124140966,0.000121753632,0.000000000000,0.000093154191,0.000096142213
354,0.000000000000,0.000480993165,0.000482619886,0.000000000000,0.000484246608,0.000486371447,0.000000000000,0.000488018904,0.000489126772,0.000000000000,0.000389272866,0.000377745193,0.000000000000,0.000402215440,0.000394516829,0.000000000000,0.000392204671,0.000382486754,0.000000000000,0.000231232871,0.000224840648,0.000000000000,0.000254313034,0.000247059719,0.000000000000,0.000232461584,0.000217889963,0.000000000000,0.000130427931,0.000138365847,0.000000000000,0.000154070771,0.000152213306,0.000000000000,0.000130681020,0.000129579066,0.000000000000,0.000106558968,0.000107624496,0.000000000000,0.000124180455,0.000121809454,0.000000000000,0.000093154274,0.000096233815
355,0.000000000000,0.000480993165,0.000482619886,0.000000000000,0.000484246608,0.000486371447,0.000000000000,0.000488018904,0.000489126772,0.000000000000,0.000389272866,0.000377745193,0.000000000000,0.000402215440,0.000394516829,0.000000000000,0.000392204671,0.000382486754,0.000000000000,0.000231498660,0.000225176122,0.000000000000,0.000254317006,0.000247059719,0.000000000000,0.000232792631,0.000218194614,0.000000000000,0.000130520340,0.000138380831,0.000000000000,0.000154115862,0.000152415196,0.000000000000,0.000130707521,0.000129720046,0.000000000000,0.000106593248,0.000107649430,0.000000000000,0.000124432771,0.000121910991,0.000000000000,0.000093259803,0.000096376004
356,0.000000000000,0.000480993165,0.000482619886,0.000000000000,0.000484246608,0.000486371447,0.000000000000,0.000488018904,0.000489126772,0.000000000000,0.000389272866,0.000377745193,0.000000000000,0.000402215440,0.000394643735,0.000000000000,0.000392350231,0.000382673501,0.000000000000,0.000231498660,0.000225243205,0.000000000000,0.000254475690,0.000247224766,0.000000000000,0.000232811264,0.000218194614,0.000000000000,0.000130596352,0.000138407130,0.000000000000,0.000154115862,0.000152436564,0.000000000000,0.000130776398,0.000129842127,0.000000000000,0.000106782737,0.000107693149,0.000000000000,0.000124661674,0.000121930517,0.000000000000,0.000093315979,0.000096652505
357,0.000000000000,0.000480993165,0.000482619886,0.000000000000,0.000484246608,0.000486371447,0.000000000000,0.000488018904,0.000489126772,0.000000000000,0.000389272866,0.000377836230,0.000000000000,0.000402215440,0.000394643735,0.000000000000,0.000392350231,0.000382913891,0.000000000000,0.000232138132,0.000225243205,0.000000000000,0.000254538130,0.000247224766,0.000000000000,0.000232991949,0.000218341580,0.000000000000,0.000130819562,0.000138547737,0.000000000000,0.000154115862,0.000152508803,0.000000000000,0.000130957850,0.000129894013,0.000000000000,0.000106782737,0.000107830722,0.000000000000,0.000124774741,0.000121930684,0.000000000000,0.000093464155,0.000096652505
358,0.000000000000,0.000480993165,0.000482619886,0.000000000000,0.000484246608,0.000486371447,0.000000000000,0.000488018904,0.000489126772,0.000000000000,0.000389272866,0.000377873901,0.000000000000,0.000402215440,0.000394647984,0.000000000000,0.000392350231,0.000382913891,0.000000000000,0.000232159333,0.000225246495,0.000000000000,0.000254538130,0.000247224766,0.000000000000,0.000232998050,0.000218449052,0.000000000000,0.000130833493,0.000138596240,0.000000000000,0.000154115862,0.000152548756,0.000000000000,0.000131222301,0.000130201305,0.000000000000,0.000106808652,0.000107830722,0.000000000000,0.000124836451,0.000122074297,0.000000000000,0.000093611008,0.000096704759
359,0.000000000000,0.000480993165,0.000482619886,0.000000000000,0.000484246608,0.000486371447,0.000000000000,0.000488018904,0.000489126772,0.000000000000,0.000389414635,0.000377873901,0.000000000000,0.000402215440,0.000394730426,0.000000000000,0.000392350231,0.000382913891,0.000000000000,0.000232303274,0.000225297527,0.000000000000,0.000254687798,0.000247440794,0.000000000000,0.000233009625,0.000218550262,0.000000000000,0.000130839222,0.000138614856,0.000000000000,0.000154187299,0.000152600816,0.000000000000,0.000131319377,0.000130270590,0.000000000000,0.000106913273,0.000107830722,0.000000000000,0.000124906506,0.000122128351,0.000000000000,0.000093746329,0.000096709383
360,0.000000000000,0.000480993165,0.000482619886,0.000000000000,0.000484246608,0.000486371447,0.000000000000,0.000488018904,0.000489126772,0.000000000000,0.000389414635,0.000377873901,0.000000000000,0.000402215440,0.000394730426,0.000000000000,0.000392388522,0.000382913891,0.000000000000,0.000232332893,0.000225400544,0.000000000000,0.000254861173,0.000247583247,0.000000000000,0.000233029521,0.000218550262,0.000000000000,0.000130909710,0.000138696706,0.000000000000,0.000154195947,0.000152659056,0.000000000000,0.000131398979,0.000130464143,0.000000000000,0.000106930002,0.000107906075,0.000000000000,0.000124912164,0.000122224652,0.000000000000,0.000093775574,0.000096737413
361,0.000000000000,0.000480993165,0.000482619886,0.000000000000,0.000484246608,0.000486371447,0.000000000000,0.000488018904,0.000489126772,0.000000000000,0.000389414635,0.000377873901,0.000000000000,0.000402405001,0.000394769628,0.000000000000,0.000392394995,0.000382913891,0.000000000000,0.000232396668,0.000225408306,0.000000000000,0.000254895199,0.000247583247,0.000000000000,0.000233063264,0.000218660544,0.000000000000,0.000131321985,0.000138865747,0.000000000000,0.000154195947,0.000152662834,0.000000000000,0.000131446806,0.000130611056,0.000000000000,0.000106939044,0.000107941019,0.000000000000,0.000125012358,0.000122313621,0.000000000000,0.000093775574,0.000096745719
362,0.000000000000,0.000480993165,0.000482619886,0.000000000000,0.000484246608,0.000486371447,0.000000000000,0.000488018904,0.000489126772,0.000000000000,0.000389414635,0.000377873901,0.000000000000,0.000402857705,0.000394769628,0.000000000000,0.000392394995,0.000382913891,0.000000000000,0.000232396668,0.000225557552,0.000000000000,0.000254953437,0.000247609096,0.000000000000,0.000233141814,0.000218686495,0.000000000000,0.000131344284,0.000138872861,0.000000000000,0.000154385144,0.000152973123,0.000000000000,0.000131502804,0.000130774304,0.000000000000,0.000106960816,0.000107941019,0.000000000000,0.000125105828,0.000122540156,0.000000000000,0.000093788317,0.000096745719
363,0.000000000000,0.000480993165,0.000482619886,0.000000000000,0.000484246608,0.000486371447,0.000000000000,0.000488018904,0.000489126772,0.000000000000,0.000389414635,0.000377873901,0.000000000000,0.000402857705,0.000394769628,0.000000000000,0.000392513630,0.000382913891,0.000000000000,0.000232396668,0.000225576249,0.000000000000,0.000255036029,0.000247694877,0.000000000000,0.000233286391,0.000218979339,0.000000000000,0.000131370762,0.000138984553,0.000000000000,0.000154404791,0.000153008421,0.000000000000,0.000131589303,0.000130853209,0.000000000000,0.000107072097,0.000108030803,0.000000000000,0.000125189638,0.000122550621,0.000000000000,0.000093806499,0.000096758890
364,0.000000000000,0.000480993165,0.000482619886,0.000000000000,0.000484246608,0.000486371447,0.000000000000,0.000488018904,0.000489126772,0.000000000000,0.000389467061,0.000377873901,0.000000000000,0.000402857705,0.000394769628,0.000000000000,0.000392513630,0.000382913891,0.000000000000,0.000233098874,0.000225602129,0.000000000000,0.000255136232,0.000247832343,0.000000000000,0.000233294535,0.000218979339,0.000000000000,0.000131833334,0.000139086843,0.000000000000,0.000154456872,0.000153008421,0.000000000000,0.000131634180,0.000130911320,0.000000000000,0.000107104118,0.000108049718,0.000000000000,0.000125267490,0.000122552295,0.000000000000,0.000093859437,0.000096762421
365,0.000000000000,0.000480993165,0.000482619886,0.000000000000,0.000484246608,0.000486371447,0.000000000000,0.000488018904,0.000489126772,0.000000000000,0.000389467061,0.000377928512,0.000000000000,0.000402857705,0.000394769628,0.000000000000,0.000392525803,0.000383057470,0.000000000000,0.000233210070,0.000225838903,0.000000000000,0.000255420792,0.000247834562,0.000000000000,0.000233294535,0.000219605927,0.000000000000,0.000131886142,0.000139270903,0.000000000000,0.000154477792,0.000153108630,0.000000000000,0.000132134920,0.000130930829,0.000000000000,0.000107155889,0.000108068676,0.000000000000,0.000125288791,0.000122587320,0.000000000000,0.000093974334,0.000096833243
366,0.000000000000,0.000480993165,0.000482619886,0.000000000000,0.000484246608,0.000486371447,0.000000000000,0.000488018904,0.000489126772,0.000000000000,0.000389764095,0.000377964662,0.000000000000,0.000402857705,0.000394769628,0.000000000000,0.000392668594,0.000383057470,0.000000000000,0.000233321597,0.000226075716,0.000000000000,0.000255420792,0.000248042801,0.000000000000,0.000233323727,0.000219814157,0.000000000000,0.000131989793,0.000139354486,0.000000000000,0.000154595812,0.000153268412,0.000000000000,0.000132145997,0.000131028218,0.000000000000,0.000107155889,0.000108082713,0.000000000000,0.000125400364,0.000122708531,0.000000000000,0.000093987926,0.000096911023
367,0.000000000000,0.000480993165,0.000482619886,0.000000000000,0.000484246608,0.000486371447,0.000000000000,0.000488018904,0.000489126772,0.000000000000,0.000389764095,0.000377964662,0.000000000000,0.000402857705,0.000394769628,0.000000000000,0.000393256904,0.000383057470,0.000000000000,0.000233480612,0.000226184709,0.000000000000,0.000255420792,0.000248158474,0.000000000000,0.000233458900,0.000220286604,0.000000000000,0.000131991406,0.000139503906,0.000000000000,0.000154595812,0.000153602769,0.000000000000,0.000132253540,0.000131116572,0.000000000000,0.000107164760,0.000108091996,0.000000000000,0.000125435369,0.000122732841,0.000000000000,0.000094040955,0.000096911023
368,0.000000000000,0.000480993165,0.000482619886,0.000000000000,0.000484246608,0.000486371447,0.000000000000,0.000488018904,0.000489126772,0.000000000000,0.000389764095,0.000378041343,0.000000000000,0.000402857705,0.000395468684,0.000000000000,0.000393256904,0.000383202155,0.000000000000,0.000233523494,0.000226193586,0.000000000000,0.000255449941,0.000248308990,0.000000000000,0.000233769201,0.000220412886,0.000000000000,0.000131996625,0.000139603058,0.000000000000,0.000154596659,0.000153667958,0.000000000000,0.000132299837,0.000131151888,0.000000000000,0.000107203243,0.000108107833,0.000000000000,0.000125642482,0.000122766319,0.000000000000,0.000094108833,0.000097080979
369,0.000000000000,0.000480993165,0.000482619886,0.000000000000,0.000484246608,0.000486371447,0.000000000000,0.000488018904,0.000489126772,0.000000000000,0.000389764095,0.000378041343,0.000000000000,0.000402857705,0.000395468684,0.000000000000,0.000393256904,0.000383272486,0.000000000000,0.000233539906,0.000226341080,0.000000000000,0.000255504187,0.000248446431,0.000000000000,0.000233995509,0.000220530296,0.000000000000,0.000132032634,0.000139609465,0.000000000000,0.000154669640,0.000153726702,0.000000000000,0.000132441812,0.000131154427,0.000000000000,0.000107236824,0.000108119781,0.000000000000,0.000125695666,0.000122775891,0.000000000000,0.000094269113,0.000097091114
370,0.000000000000,0.000480993165,0.000482619886,0.000000000000,0.000484246608,0.000486371447,0.000000000000,0.000488018904,0.000489126772,0.000000000000,0.000389782638,0.000378041343,0.000000000000,0.000402857705,0.000395530655,0.000000000000,0.000393256904,0.000383564437,0.000000000000,0.000233539906,0.000226341080,0.000000000000,0.000255504187,0.000248446431,0.000000000000,0.000234471633,0.000220615157,0.000000000000,0.000132049261,0.000139752729,0.000000000000,0.000154805645,0.000153815045,0.000000000000,0.000132660293,0.000131154427,0.000000000000,0.000107306505,0.000108170734,0.000000000000,0.000125729936,0.000122826397,0.000000000000,0.000094377813,0.000097093646
371,0.000000000000,0.000480993165,0.000482619886,0.000000000000,0.000484246608,0.000486371447,0.000000000000,0.000488018904,0.000489126772,0.000000000000,0.000389782638,0.000378041343,0.000000000000,0.000402857705,0.000395530655,0.000000000000,0.000393256904,0.000383564437,0.000000000000,0.000233740206,0.000226341080,0.000000000000,0.000255616608,0.000248446431,0.000000000000,0.000234480218,0.000220714426,0.000000000000,0.000132061185,0.000139977842,0.000000000000,0.000154908327,0.000153909837,0.000000000000,0.000132661664,0.000131234318,0.000000000000,0.000107373150,0.000108328123,0.000000000000,0.000125778656,0.000122947183,0.000000000000,0.000094430397,0.000097099747
372,0.000000000000,0.000480993165,0.000482619886,0.000000000000,0.000484246608,0.000486371447,0.000000000000,0.000488018904,0.000489126772,0.000000000000,0.000389782638,0.000378335736,0.000000000000,0.000402916571,0.000395530655,0.000000000000,0.000393256904,0.000383564437,0.000000000000,0.000233816498,0.000226432747,0.000000000000,0.000255626281,0.000248446431,0.000000000000,0.000234508456,0.000220850193,0.000000000000,0.000132448173,0.000140005532,0.000000000000,0.000154981177,0.000153924556,0.000000000000,0.000132853684,0.000131334028,0.000000000000,0.000107385171,0.000108328123,0.000000000000,0.000125858357,0.000123005265,0.000000000000,0.000094523197,0.000097232719
373,0.000000000000,0.000480993165,0.000482619886,0.000000000000,0.000484246608,0.000486371447,0.000000000000,0.000488018904,0.000489126772,0.000000000000,0.000389782638,0.000378335736,0.000000000000,0.000402916571,0.000395530655,0.000000000000,0.000393319686,0.000383564437,0.000000000000,0.000233816498,0.000226432747,0.000000000000,0.000255749737,0.000248483541,0.000000000000,0.000235194561,0.000220860479,0.000000000000,0.000132448173,0.000140029319,0.000000000000,0.000155028436,0.000154063334,0.000000000000,0.000133058496,0.000131526526,0.000000000000,0.000107402214,0.000108357445,0.000000000000,0.000125998178,0.000123087558,0.000000000000,0.000094546106,0.000097247383
374,0.000000000000,0.000480993165,0.000482619886,0.000000000000,0.000484246608,0.000486371447,0.000000000000,0.000488018904,0.000489126772,0.000000000000,0.000389782638,0.000378335736,0.000000000000,0.000402916571,0.000395530655,0.000000000000,0.000393364009,0.000383564437,0.000000000000,0.000233816498,0.000226432747,0.000000000000,0.000255818013,0.000248501045,0.000000000000,0.000235229004,0.000221053432,0.000000000000,0.000132479227,0.000140124427,0.000000000000,0.000155040123,0.000154398777,0.000000000000,0.000133087643,0.000131574322,0.000000000000,0.000107500372,0.000108372634,0.000000000000,0.000126003723,0.000123096202,0.000000000000,0.000094552830,0.000097257647
375,0.000000000000,0.000480993165,0.000482619886,0.000000000000,0.000484246608,0.000486371447,0.000000000000,0.000488018904,0.000489126772,0.000000000000,0.000389782638,0.000378335736,0.000000000000,0.000402916571,0.000395530655,0.000000000000,0.000393364009,0.000383612238,0.000000000000,0.000234240267,0.000226432747,0.000000000000,0.000255818013,0.000248501045,0.000000000000,0.000235279899,0.000221136792,0.000000000000,0.000132522257,0.000140145585,0.000000000000,0.000155082265,0.000154828207,0.000000000000,0.000133114531,0.000131587907,0.000000000000,0.000107584215,0.000108486119,0.000000000000,0.000126211450,0.000123187616,0.000000000000,0.000094620893,0.000097257647
376,0.000000000000,0.000480993165,0.000482619886,0.000000000000,0.000484246608,0.000486371447,0.000000000000,0.000488018904,0.000489126772,0.000000000000,0.000389782638,0.000378335736,0.000000000000,0.000402916571,0.000395988210,0.000000000000,0.000393364009,0.000383612238,0.000000000000,0.000234240267,0.000226768075,0.000000000000,0.000255910081,0.000248739306,0.000000000000,0.000235454979,0.000221331286,0.000000000000,0.000132643455,0.000140167750,0.000000000000,0.000155147030,0.000154949164,0.000000000000,0.000133191127,0.000131655657,0.000000000000,0.000107611923,0.000108565399,0.000000000000,0.000126244113,0.000123249346,0.000000000000,0.000094626471,0.000097377354
377,0.000000000000,0.000480993165,0.000482619886,0.000000000000,0.000484246608,0.000486371447,0.000000000000,0.000488018904,0.000489126772,0.000000000000,0.000389806069,0.000378563952,0.000000000000,0.000402932473,0.000395988210,0.000000000000,0.000393518329,0.000383757699,0.000000000000,0.000235001469,0.000226840281,0.000000000000,0.000256191642,0.000248762557,0.000000000000,0.000235644978,0.000221496110,0.000000000000,0.000132643455,0.000140198988,0.000000000000,0.000155312758,0.000154963044,0.000000000000,0.000133387613,0.000131666935,0.000000000000,0.000107611923,0.000108959858,0.000000000000,0.000126305301,0.000123360197,0.000000000000,0.000094704185,0.000097383467
378,0.000000000000,0.000480993165,0.000482619886,0.000000000000,0.000484246608,0.000486371447,0.000000000000,0.000488018904,0.000489126772,0.000000000000,0.000390277654,0.000378563952,0.000000000000,0.000402932473,0.000395988210,0.000000000000,0.000393518329,0.000383757699,0.000000000000,0.000235008808,0.000226943012,0.000000000000,0.000256191642,0.000248762557,0.000000000000,0.000235975677,0.000221498947,0.000000000000,0.000132758477,0.000140279029,0.000000000000,0.000155357272,0.000155090060,0.000000000000,0.000133437811,0.000131817783,0.000000000000,0.000107629913,0.000108968535,0.000000000000,0.000126500286,0.000123589238,0.000000000000,0.000094773100,0.000097385777
379,0.000000000000,0.000480993165,0.000482619886,0.000000000000,0.000484246608,0.000486371447,0.000000000000,0.000488018904,0.000489126772,0.000000000000,0.000390277654,0.000378626785,0.000000000000,0.000402932473,0.000395988210,0.000000000000,0.000393518329,0.000383757699,0.000000000000,0.000235011623,0.000226964503,0.000000000000,0.000256191642,0.000248925889,0.000000000000,0.000236043164,0.000221611309,0.000000000000,0.000132965840,0.000140279029,0.000000000000,0.000155357272,0.000155090060,0.000000000000,0.000133459909,0.000131842335,0.000000000000,0.000107706599,0.000108975792,0.000000000000,0.000126508208,0.000123661136,0.000000000000,0.000094787701,0.000097546114
380,0.000000000000,0.000480993165,0.000482619886,0.000000000000,0.000484246608,0.000486371447,0.000000000000,0.000488018904,0.000489126772,0.000000000000,0.000390277654,0.000378626785,0.000000000000,0.000402932473,0.000395988210,0.000000000000,0.000393518329,0.000383757699,0.000000000000,0.000235029802,0.000227239974,0.000000000000,0.000256191642,0.000249178396,0.000000000000,0.000236704392,0.000221767854,0.000000000000,0.000132986191,0.000140282516,0.000000000000,0.000155772295,0.000155181155,0.000000000000,0.000133614287,0.000131890474,0.000000000000,0.000108066544,0.000108992200,0.000000000000,0.000126572274,0.000123755273,0.000000000000,0.000094890700,0.000097546114
381,0.000000000000,0.000480993165,0.000482619886,0.000000000000,0.000484246608,0.000486371447,0.000000000000,0.000488018904,0.000489126772,0.000000000000,0.000390277654,0.000378628291,0.000000000000,0.000402932473,0.000396092152,0.000000000000,0.000393574246,0.000383761805,0.000000000000,0.000235071824,0.000227248705,0.000000000000,0.000256309985,0.000249235281,0.000000000000,0.000237036543,0.000222104199,0.000000000000,0.000133086691,0.000140290656,0.000000000000,0.000155840863,0.000155388774,0.000000000000,0.000133637988,0.000132132510,0.000000000000,0.000108263059,0.000109032041,0.000000000000,0.000126678021,0.000124034207,0.000000000000,0.000095115756,0.000097569325
382,0.000000000000,0.000480993165,0.000482619886,0.000000000000,0.000484246608,0.000486371447,0.000000000000,0.000488018904,0.000489126772,0.000000000000,0.000390277654,0.000378628291,0.000000000000,0.000402932473,0.000396092152,0.000000000000,0.000393953603,0.000383761805,0.000000000000,0.000235270566,0.000227323148,0.000000000000,0.000256314942,0.000249235281,0.000000000000,0.000237038933,0.000222380936,0.000000000000,0.000133094949,0.000140307530,0.000000000000,0.000155840863,0.000155388774,0.000000000000,0.000133655341,0.000132160973,0.000000000000,0.000108522248,0.000109147504,0.000000000000,0.000126752822,0.000124343633,0.000000000000,0.000095155039,0.000097587179
383,0.000000000000,0.000480993165,0.000482619886,0.000000000000,0.000484246608,0.000486371447,0.000000000000,0.000488018904,0.000489126772,0.000000000000,0.000390892053,0.000378628291,0.000000000000,0.000402932473,0.000396918269,0.000000000000,0.000394095455,0.000383904674,0.000000000000,0.000235281424,0.000227435005,0.000000000000,0.000256638571,0.000249299144,0.000000000000,0.000237261503,0.000222439880,0.000000000000,0.000133149487,0.000140329246,0.000000000000,0.000155867849,0.000155471027,0.000000000000,0.000133690873,0.000132444473,0.000000000000,0.000108526930,0.000109269942,0.000000000000,0.000126791813,0.000124389088,0.000000000000,0.000095370999,0.000097765366
384,0.000000000000,0.000480993165,0.000482619886,0.000000000000,0.000484246608,0.000486371447,0.000000000000,0.000488018904,0.000489126772,0.000000000000,0.000390892053,0.000378628291,0.000000000000,0.000402932473,0.000396918269,0.000000000000,0.000394095455,0.000383904674,0.000000000000,0.000235385000,0.000228062510,0.000000000000,0.000256761315,0.000249299144,0.000000000000,0.000237261503,0.000222527099,0.000000000000,0.000133275896,0.000140338131,0.000000000000,0.000156108109,0.000155572553,0.000000000000,0.000133718500,0.000132569599,0.000000000000,0.000108536570,0.000109448018,0.000000000000,0.000126856490,0.000124447335,0.000000000000,0.000095431458,0.000097765366
385,0.000000000000,0.000480993165,0.000482619886,0.000000000000,0.000484246608,0.000486371447,0.000000000000,0.000488018904,0.000489126772,0.000000000000,0.000390892053,0.000378628291,0.000000000000,0.000402932473,0.000397393060,0.000000000000,0.000394120428,0.000383904674,0.000000000000,0.000235612656,0.000228164979,0.000000000000,0.000256761315,0.000249372920,0.000000000000,0.000237356228,0.000222973503,0.000000000000,0.000133275896,0.000140641324,0.000000000000,0.000156221207,0.000155910924,0.000000000000,0.000133832643,0.000132613652,0.000000000000,0.000108536570,0.000109464711,0.000000000000,0.000127002207,0.000124503322,0.000000000000,0.000095484131,0.000097910852
386,0.000000000000,0.000480993165,0.000482619886,0.000000000000,0.000484246608,0.000486371447,0.000000000000,0.000488018904,0.000489126772,0.000000000000,0.000390892053,0.000378963541,0.000000000000,0.000402932473,0.000397393060,0.000000000000,0.000394120428,0.000383904674,0.000000000000,0.000235639723,0.000228166363,0.000000000000,0.000256761315,0.000249435899,0.000000000000,0.000237707488,0.000222991507,0.000000000000,0.000133290189,0.000140707361,0.000000000000,0.000156281357,0.000155911717,0.000000000000,0.000134051774,0.000132649960,0.000000000000,0.000108582787,0.000109635298,0.000000000000,0.000127144847,0.000124506237,0.000000000000,0.000095522187,0.000097910852
387,0.000000000000,0.000480993165,0.000482619886,0.000000000000,0.000484246608,0.000486371447,0.000000000000,0.000488018904,0.000489126772,0.000000000000,0.000390907778,0.000378963541,0.000000000000,0.000402932473,0.000397578953,0.000000000000,0.000394120428,0.000383904674,0.000000000000,0.000235676749,0.000228268061,0.000000000000,0.000256761315,0.000249644536,0.000000000000,0.000237882291,0.000223030691,0.000000000000,0.000133344579,0.000140740174,0.000000000000,0.000156284722,0.000155986423,0.000000000000,0.000134226206,0.000132683622,0.000000000000,0.000108970968,0.000109658755,0.000000000000,0.000127268280,0.000124593748,0.000000000000,0.000095594692,0.000097925090
388,0.000000000000,0.000480993165,0.000482619886,0.000000000000,0.000484246608,0.000486371447,0.000000000000,0.000488018904,0.000489126772,0.000000000000,0.000391118526,0.000378967905,0.000000000000,0.000402932473,0.000397578953,0.000000000000,0.000394120428,0.000383904674,0.000000000000,0.000235676749,0.000228439937,0.000000000000,0.000256761315,0.000249679919,0.000000000000,0.000237886301,0.000223066095,0.000000000000,0.000133367055,0.000140741860,0.000000000000,0.000156676704,0.000156057308,0.000000000000,0.000134241678,0.000132904397,0.000000000000,0.000109196853,0.000109682696,0.000000000000,0.000127327475,0.000124732412,0.000000000000,0.000095901358,0.000097937566
389,0.000000000000,0.000480993165,0.000482619886,0.000000000000,0.000484246608,0.000486371447,0.000000000000,0.000488018904,0.000489126772,0.000000000000,0.000391147988,0.000378967905,0.000000000000,0.000402935188,0.000397640734,0.000000000000,0.000394120428,0.000383904674,0.000000000000,0.000235831648,0.000228543615,0.000000000000,0.000256761315,0.000249679919,0.000000000000,0.000237973055,0.000223190180,0.000000000000,0.000133842634,0.000140823152,0.000000000000,0.000156711748,0.000156092177,0.000000000000,0.000134439110,0.000132995034,0.000000000000,0.000109395886,0.000109736609,0.000000000000,0.000127331842,0.000124828538,0.000000000000,0.000095910000,0.000097937566
390,0.000000000000,0.000480993165,0.000482619886,0.000000000000,0.000484246608,0.000486371447,0.000000000000,0.000488018904,0.000489126772,0.000000000000,0.000391147988,0.000379043490,0.000000000000,0.000402935188,0.000397640734,0.000000000000,0.000394120428,0.000383904674,0.000000000000,0.000235957513,0.000228792909,0.000000000000,0.000256761315,0.000249919124,0.000000000000,0.000237973055,0.000223456698,0.000000000000,0.000133881568,0.000140824269,0.000000000000,0.000156896314,0.000156302073,0.000000000000,0.000134439416,0.000132997329,0.000000000000,0.000109415352,0.000109803423,0.000000000000,0.000127361619,0.000124937121,0.000000000000,0.000095910000,0.000097941891
391,0.000000000000,0.000480993165,0.000482619886,0.000000000000,0.000484246608,0.000486371447,0.000000000000,0.000488018904,0.000489126772,0.000000000000,0.000391147988,0.000379043490,0.000000000000,0.000402935188,0.000397701181,0.000000000000,0.000394181792,0.000383904674,0.000000000000,0.000235957513,0.000228933040,0.000000000000,0.000256761315,0.000250150439,0.000000000000,0.000237974740,0.000223457737,0.000000000000,0.000133914508,0.000140974402,0.000000000000,0.000156922048,0.000156302073,0.000000000000,0.000134765940,0.000133031091,0.000000000000,0.000109740276,0.000109813392,0.000000000000,0.000127556858,0.000125020535,0.000000000000,0.000095948568,0.000098055254
392,0.000000000000,0.000480993165,0.000482619886,0.000000000000,0.000484246608,0.000486371447,0.000000000000,0.000488018904,0.000489126772,0.000000000000,0.000391147988,0.000379043490,0.000000000000,0.000402935188,0.000397701181,0.000000000000,0.000394246187,0.000384090567,0.000000000000,0.000235976732,0.000229025133,0.000000000000,0.000256774383,0.000250517677,0.000000000000,0.000238188978,0.000223457737,0.000000000000,0.000134030982,0.000140974402,0.000000000000,0.000156939491,0.000156356809,0.000000000000,0.000135067837,0.000133481040,0.000000000000,0.000109740276,0.000109879569,0.000000000000,0.000127792724,0.000125034148,0.000000000000,0.000096049895,0.000098156867
393,0.000000000000,0.000480993165,0.000482619886,0.000000000000,0.000484246608,0.000486371447,0.000000000000,0.000488018904,0.000489126772,0.000000000000,0.000391147988,0.000379043490,0.000000000000,0.000402935188,0.000397701181,0.000000000000,0.000394246187,0.000384090567,0.000000000000,0.000235976732,0.000229025133,0.000000000000,0.000256774383,0.000250517677,0.000000000000,0.000238188978,0.000223458975,0.000000000000,0.000134358276,0.000140974402,0.000000000000,0.000157113077,0.000156494951,0.000000000000,0.000135308868,0.000133513551,0.000000000000,0.000109771737,0.000110156594,0.000000000000,0.000127802353,0.000125046371,0.000000000000,0.000096127898,0.000098156867
394,0.000000000000,0.000480993165,0.000482619886,0.000000000000,0.000484246608,0.000486371447,0.000000000000,0.000488018904,0.000489126772,0.000000000000,0.000391252660,0.000379043490,0.000000000000,0.000402935188,0.000397734858,0.000000000000,0.000394246187,0.000384090567,0.000000000000,0.000236192400,0.000229143780,0.000000000000,0.000256805752,0.000250549280,0.000000000000,0.000238409024,0.000223566772,0.000000000000,0.000134403955,0.000140974402,0.000000000000,0.000157132306,0.000156555980,0.000000000000,0.000135326437,0.000133554364,0.000000000000,0.000109815131,0.000110181095,0.000000000000,0.000127815703,0.000125127416,0.000000000000,0.000096359655,0.000098211378
395,0.000000000000,0.000480993165,0.000482619886,0.000000000000,0.000484246608,0.000486371447,0.000000000000,0.000488018904,0.000489126772,0.000000000000,0.000391252660,0.000379043490,0.000000000000,0.000402935188,0.000397734858,0.000000000000,0.000394928547,0.000384287987,0.000000000000,0.000236220992,0.000229143780,0.000000000000,0.000256853221,0.000250549280,0.000000000000,0.000238500090,0.000223766166,0.000000000000,0.000134693864,0.000141025167,0.000000000000,0.000157722284,0.000156596796,0.000000000000,0.000135351065,0.000133789762,0.000000000000,0.000109840308,0.000110208246,0.000000000000,0.000127833198,0.000125180046,0.000000000000,0.000096684787,0.000098242077
396,0.000000000000,0.000480993165,0.000482619886,0.000000000000,0.000484246608,0.000486371447,0.000000000000,0.000488018904,0.000489126772,0.000000000000,0.000391252660,0.000379043490,0.000000000000,0.000402935188,0.000397734858,0.000000000000,0.000394928547,0.000384288063,0.000000000000,0.000236220992,0.000229462481,0.000000000000,0.000256853221,0.000250550834,0.000000000000,0.000238500090,0.000223862812,0.000000000000,0.000135071757,0.000141039047,0.000000000000,0.000157809746,0.000156823065,0.000000000000,0.000135438549,0.000133825266,0.000000000000,0.000109906473,0.000110263578,0.000000000000,0.000128023549,0.000125456199,0.000000000000,0.000096768745,0.000098242077
397,0.000000000000,0.000480993165,0.000482619886,0.000000000000,0.000484246608,0.000486371447,0.000000000000,0.000488018904,0.000489126772,0.000000000000,0.000391252660,0.000379043490,0.000000000000,0.000402935188,0.000397734858,0.000000000000,0.000394952409,0.000384366778,0.000000000000,0.000236983104,0.000229462481,0.000000000000,0.000256920681,0.000250550834,0.000000000000,0.000238821768,0.000223910704,0.000000000000,0.000135183666,0.000141113471,0.000000000000,0.000157871449,0.000156953211,0.000000000000,0.000135438549,0.000134195699,0.000000000000,0.000109945848,0.000110448763,0.000000000000,0.000128168772,0.000125591560,0.000000000000,0.000096908262,0.000098242077
398,0.000000000000,0.000480993165,0.000482619886,0.000000000000,0.000484246608,0.000486371447,0.000000000000,0.000488018904,0.000489126772,0.000000000000,0.000391252660,0.000379272512,0.000000000000,0.000402951788,0.000397775463,0.000000000000,0.000394952409,0.000384516062,0.000000000000,0.000237099499,0.000229462481,0.000000000000,0.000256920681,0.000250677829,0.000000000000,0.000238837539,0.000223915119,0.000000000000,0.000135514808,0.000141188827,0.000000000000,0.000157901319,0.000157151934,0.000000000000,0.000135603421,0.000134315948,0.000000000000,0.000110048806,0.000110578947,0.000000000000,0.000128290167,0.000125688527,0.000000000000,0.000097009267,0.000098564786
399,0.000000000000,0.000480993165,0.000482619886,0.000000000000,0.000484246608,0.000486371447,0.000000000000,0.000488018904,0.000489126772,0.000000000000,0.000391466791,0.000379272512,0.000000000000,0.000402951788,0.000397775463,0.000000000000,0.000394952409,0.000384516062,0.000000000000,0.000237234540,0.000229462481,0.000000000000,0.000257219152,0.000250737606,0.000000000000,0.000238922353,0.000224071456,0.000000000000,0.000135551930,0.000141215609,0.000000000000,0.000158147970,0.000157250824,0.000000000000,0.000136192531,0.000134428885,0.000000000000,0.000110051503,0.000110580153,0.000000000000,0.000128357951,0.000125808445,0.000000000000,0.000097138774,0.000098567288
400,0.000000000000,0.000480993165,0.000482619886,0.000000000000,0.000484246608,0.000486371447,0.000000000000,0.000488018904,0.000489126772,0.000000000000,0.000391466791,0.000379534412,0.000000000000,0.000402951788,0.000397775463,0.000000000000,0.000395097924,0.000384664874,0.000000000000,0.000237234540,0.000229571535,0.000000000000,0.000257219152,0.000250844923,0.000000000000,0.000239127960,0.000224071456,0.000000000000,0.000135585161,0.000141219935,0.000000000000,0.000158204492,0.000157294374,0.000000000000,0.000136430596,0.000134428885,0.000000000000,0.000110202827,0.000110637041,0.000000000000,0.000128544315,0.000125862117,0.000000000000,0.000097163182,0.000098567288
401,0.000000000000,0.000480993165,0.000482619886,0.000000000000,0.000484246608,0.000486371447,0.000000000000,0.000488018904,0.000489126772,0.000000000000,0.000391466791,0.000379541070,0.000000000000,0.000402951788,0.000397822116,0.000000000000,0.000395247545,0.000384880111,0.000000000000,0.000237234540,0.000229650900,0.000000000000,0.000257494667,0.000250919795,0.000000000000,0.000239127960,0.000224259648,0.000000000000,0.000135585161,0.000141282040,0.000000000000,0.000158394094,0.000157352856,0.000000000000,0.000136451232,0.000134442542,0.000000000000,0.000110310170,0.000110676198,0.000000000000,0.000128611088,0.000125910906,0.000000000000,0.000097220856,0.000098567288
402,0.000000000000,0.000480993165,0.000482619886,0.000000000000,0.000484246608,0.000486371447,0.000000000000,0.000488018904,0.000489126772,0.000000000000,0.000391466791,0.000379684849,0.000000000000,0.000402951788,0.000397822116,0.000000000000,0.000395247545,0.000384880111,0.000000000000,0.000237501612,0.000229803016,0.000000000000,0.000257573387,0.000251089935,0.000000000000,0.000239127960,0.000224281181,0.000000000000,0.000135620687,0.000141282040,0.000000000000,0.000158394094,0.000157574981,0.000000000000,0.000136555145,0.000134810323,0.000000000000,0.000110341215,0.000110876552,0.000000000000,0.000128689954,0.000125948164,0.000000000000,0.000097252064,0.000098567378
403,0.000000000000,0.000480993165,0.000482619886,0.000000000000,0.000484246608,0.000486371447,0.000000000000,0.000488018904,0.000489126772,0.000000000000,0.000391466791,0.000380202516,0.000000000000,0.000402951788,0.000397822116,0.000000000000,0.000395247545,0.000385053689,0.000000000000,0.000237501612,0.000230090436,0.000000000000,0.000258026414,0.000251098245,0.000000000000,0.000239127960,0.000224452338,0.000000000000,0.000135799971,0.000141782810,0.000000000000,0.000158412137,0.000158145871,0.000000000000,0.000136657407,0.000134901552,0.000000000000,0.000110359536,0.000110921001,0.000000000000,0.000128722579,0.000126007089,0.000000000000,0.000097453928,0.000098575610
404,0.000000000000,0.000480993165,0.000482619886,0.000000000000,0.000484246608,0.000486371447,0.000000000000,0.000488018904,0.000489126772,0.000000000000,0.000391466791,0.000380202516,0.000000000000,0.000402951788,0.000397832686,0.000000000000,0.000395247545,0.000385291032,0.000000000000,0.000237501612,0.000230100873,0.000000000000,0.000258026414,0.000251192397,0.000000000000,0.000239613205,0.000224765578,0.000000000000,0.000135809916,0.000141782810,0.000000000000,0.000158421723,0.000158148020,0.000000000000,0.000136657407,0.000134966926,0.000000000000,0.000110400803,0.000110988691,0.000000000000,0.000128777463,0.000126051336,0.000000000000,0.000097567112,0.000098601164
405,0.000000000000,0.000480993165,0.000482619886,0.000000000000,0.000484246608,0.000486371447,0.000000000000,0.000488018904,0.000489126772,0.000000000000,0.000391466791,0.000380758826,0.000000000000,0.000402951788,0.000397896196,0.000000000000,0.000395511227,0.000385291032,0.000000000000,0.000237776959,0.000230101291,0.000000000000,0.000258324719,0.000251449900,0.000000000000,0.000239613205,0.000224778091,0.000000000000,0.000135840606,0.000141867039,0.000000000000,0.000158432760,0.000158205591,0.000000000000,0.000136679023,0.000135061031,0.000000000000,0.000110505839,0.000110988691,0.000000000000,0.000128820594,0.000126051336,0.000000000000,0.000097575682,0.000098613371
406,0.000000000000,0.000480993165,0.000482619886,0.000000000000,0.000484246608,0.000486371447,0.000000000000,0.000488018904,0.000489126772,0.000000000000,0.000391466791,0.000380796386,0.000000000000,0.000402951788,0.000397896196,0.000000000000,0.000395511227,0.000385291032,0.000000000000,0.000237860028,0.000230128553,0.000000000000,0.000258419616,0.000251449900,0.000000000000,0.000239857889,0.000224833928,0.000000000000,0.000135941783,0.000141867039,0.000000000000,0.000158612603,0.000158222700,0.000000000000,0.000136942401,0.000135138227,0.000000000000,0.000110518640,0.000111182933,0.000000000000,0.000129481370,0.000126117549,0.000000000000,0.000097575682,0.000098644414
407,0.000000000000,0.000480993165,0.000482619886,0.000000000000,0.000484246608,0.000486371447,0.000000000000,0.000488018904,0.000489126772,0.000000000000,0.000391466791,0.000380796386,0.000000000000,0.000403188403,0.000398175199,0.000000000000,0.000395511227,0.000385307604,0.000000000000,0.000237970997,0.000230129605,0.000000000000,0.000258419616,0.000251579677,0.000000000000,0.000240083056,0.000224833928,0.000000000000,0.000136028272,0.000141908737,0.000000000000,0.000158618743,0.000158272960,0.000000000000,0.000137273884,0.000135212794,0.000000000000,0.000110715627,0.000111239149,0.000000000000,0.000129502206,0.000126172316,0.000000000000,0.000097702015,0.000098661458
408,0.000000000000,0.000480993165,0.000482619886,0.000000000000,0.000484246608,0.000486371447,0.000000000000,0.000488018904,0.000489126772,0.000000000000,0.000391529783,0.000380803097,0.000000000000,0.000403188403,0.000398318390,0.000000000000,0.000395511227,0.000385307604,0.000000000000,0.000238090876,0.000230136095,0.000000000000,0.000258431550,0.000251590820,0.000000000000,0.000240260529,0.000224833928,0.000000000000,0.000136061007,0.000141932074,0.000000000000,0.000158742441,0.000158272960,0.000000000000,0.000137334128,0.000135356004,0.000000000000,0.000110806970,0.000111354450,0.000000000000,0.000129519493,0.000126227094,0.000000000000,0.000097794293,0.000098687560
409,0.000000000000,0.000480993165,0.000482619886,0.000000000000,0.000484246608,0.000486371447,0.000000000000,0.000488018904,0.000489126772,0.000000000000,0.000391576927,0.000380803097,0.000000000000,0.000403188403,0.000398318390,0.000000000000,0.000395511227,0.000385307604,0.000000000000,0.000238091121,0.000230136095,0.000000000000,0.000258459978,0.000251594720,0.000000000000,0.000240363300,0.000224902731,0.000000000000,0.000136304411,0.000141965363,0.000000000000,0.000158915808,0.000158286488,0.000000000000,0.000137512377,0.000135453415,0.000000000000,0.000110869768,0.000111577826,0.000000000000,0.000129632585,0.000126263369,0.000000000000,0.000097803703,0.000098698116
410,0.000000000000,0.000480993165,0.000482619886,0.000000000000,0.000484246608,0.000486371447,0.000000000000,0.000488018904,0.000489126772,0.000000000000,0.000391619017,0.000380803097,0.000000000000,0.000403188403,0.000398318390,0.000000000000,0.000395511227,0.000385393330,0.000000000000,0.000238099919,0.000230136095,0.000000000000,0.000258459978,0.000251613331,0.000000000000,0.000240363300,0.000225026020,0.000000000000,0.000136449797,0.000142147148,0.000000000000,0.000158948673,0.000158299072,0.000000000000,0.000137544207,0.000135672971,0.000000000000,0.000110874778,0.000111738139,0.000000000000,0.000129696696,0.000126263369,0.000000000000,0.000097820908,0.000098862703
411,0.000000000000,0.000480993165,0.000482619886,0.000000000000,0.000484246608,0.000486371447,0.000000000000,0.000488018904,0.000489126772,0.000000000000,0.000391619017,0.000380803097,0.000000000000,0.000403188403,0.000398318390,0.000000000000,0.000395511227,0.000385393330,0.000000000000,0.000238197879,0.000230139522,0.000000000000,0.000258465233,0.000251961293,0.000000000000,0.000240394308,0.000225182790,0.000000000000,0.000136545374,0.000142147148,0.000000000000,0.000159286088,0.000158415144,0.000000000000,0.000137650162,0.000135780211,0.000000000000,0.000110946393,0.000111749478,0.000000000000,0.000129837465,0.000126292799,0.000000000000,0.000097877346,0.000098862703
412,0.000000000000,0.000480993165,0.000482619886,0.000000000000,0.000484246608,0.000486371447,0.000000000000,0.000488018904,0.000489126772,0.000000000000,0.000391619017,0.000380803097,0.000000000000,0.000403188403,0.000398381899,0.000000000000,0.000395511227,0.000385393330,0.000000000000,0.000238197879,0.000230139522,0.000000000000,0.000258668280,0.000251999525,0.000000000000,0.000240421490,0.000225299417,0.000000000000,0.000136604055,0.000142147148,0.000000000000,0.000159286088,0.000158628957,0.000000000000,0.000137690355,0.000135809080,0.000000000000,0.000110977041,0.000111996197,0.000000000000,0.000129846116,0.000126329653,0.000000000000,0.000097884605,0.000098960668
413,0.000000000000,0.000480993165,0.000482619886,0.000000000000,0.000484246608,0.000486371447,0.000000000000,0.000488018904,0.000489126772,0.000000000000,0.000391619017,0.000381027885,0.000000000000,0.000403188403,0.000398381899,0.000000000000,0.000395511227,0.000385393330,0.000000000000,0.000238302734,0.000230439618,0.000000000000,0.000258668280,0.000252048528,0.000000000000,0.000240438816,0.000225299417,0.000000000000,0.000136719979,0.000142253487,0.000000000000,0.000159455995,0.000158780760,0.000000000000,0.000137694220,0.000135846059,0.000000000000,0.000111008430,0.000112052694,0.000000000000,0.000129968175,0.000126343944,0.000000000000,0.000097894077,0.000098964910
414,0.000000000000,0.000480993165,0.000482619886,0.000000000000,0.000484246608,0.000486371447,0.000000000000,0.000488018904,0.000489126772,0.000000000000,0.000391744022,0.000381067680,0.000000000000,0.000403188403,0.000398785246,0.000000000000,0.000396273169,0.000385393330,0.000000000000,0.000238302734,0.000230799956,0.000000000000,0.000258707587,0.000252198959,0.000000000000,0.000240592882,0.000225299417,0.000000000000,0.000136720506,0.000142287890,0.000000000000,0.000159489411,0.000158831828,0.000000000000,0.000137832290,0.000135923320,0.000000000000,0.000111083949,0.000112063202,0.000000000000,0.000130101542,0.000126420231,0.000000000000,0.000097929891,0.000098969847
415,0.000000000000,0.000480993165,0.000482619886,0.000000000000,0.000484246608,0.000486371447,0.000000000000,0.000488018904,0.000489126772,0.000000000000,0.000391744515,0.000381067680,0.000000000000,0.000403188403,0.000398785246,0.000000000000,0.000396273169,0.000385393330,0.000000000000,0.000238728675,0.000230879124,0.000000000000,0.000258711852,0.000252214543,0.000000000000,0.000240629572,0.000225328633,0.000000000000,0.000137035592,0.000142388719,0.000000000000,0.000159492122,0.000158917504,0.000000000000,0.000138096187,0.000136133748,0.000000000000,0.000111143834,0.000112121967,0.000000000000,0.000130236868,0.000126472826,0.000000000000,0.000097933931,0.000098982836
416,0.000000000000,0.000480993165,0.000482619886,0.000000000000,0.000484246608,0.000486371447,0.000000000000,0.000488018904,0.000489126772,0.000000000000,0.000391744515,0.000381067680,0.000000000000,0.000403188403,0.000398785246,0.000000000000,0.000396273169,0.000385393330,0.000000000000,0.000238882721,0.000231034135,0.000000000000,0.000258714250,0.000252225015,0.000000000000,0.000240736416,0.000225328633,0.000000000000,0.000137043929,0.000142388719,0.000000000000,0.000159628798,0.000159020477,0.000000000000,0.000138114722,0.000136175129,0.000000000000,0.000111172005,0.000112224030,0.000000000000,0.000130540610,0.000126496823,0.000000000000,0.000097980922,0.000099028921
417,0.000000000000,0.000480993165,0.000482619886,0.000000000000,0.000484246608,0.000486371447,0.000000000000,0.000488018904,0.000489126772,0.000000000000,0.000391982154,0.000381178612,0.000000000000,0.000403188403,0.000398785246,0.000000000000,0.000396273169,0.000385780730,0.000000000000,0.000239048252,0.000231034135,0.000000000000,0.000258755090,0.000252225015,0.000000000000,0.000240805699,0.000225552515,0.000000000000,0.000137047124,0.000142423476,0.000000000000,0.000159699938,0.000159094256,0.000000000000,0.000138117011,0.000136254770,0.000000000000,0.000111233251,0.000112226039,0.000000000000,0.000130553283,0.000126552802,0.000000000000,0.000098013309,0.000099075432
418,0.000000000000,0.000480993165,0.000482619886,0.000000000000,0.000484246608,0.000486371447,0.000000000000,0.000488018904,0.000489126772,0.000000000000,0.000391982154,0.000381190683,0.000000000000,0.000403188403,0.000398785246,0.000000000000,0.000396273169,0.000385902562,0.000000000000,0.000239053441,0.000231034135,0.000000000000,0.000258913831,0.000252394270,0.000000000000,0.000240987209,0.000225574809,0.000000000000,0.000137345659,0.000142465902,0.000000000000,0.000159772187,0.000159503547,0.000000000000,0.000138117011,0.000136279246,0.000000000000,0.000111245819,0.000112226039,0.000000000000,0.000130616672,0.000126879190,0.000000000000,0.000098192447,0.000099080391
419,0.000000000000,0.000480993165,0.000482619886,0.000000000000,0.000484246608,0.000486371447,0.000000000000,0.000488018904,0.000489126772,0.000000000000,0.000391982154,0.000381231960,0.000000000000,0.000403188403,0.000398785246,0.000000000000,0.000396273169,0.000386195523,0.000000000000,0.000239124277,0.000231041602,0.000000000000,0.000258920142,0.000252470295,0.000000000000,0.000241228250,0.000225606141,0.000000000000,0.000137448214,0.000142672332,0.000000000000,0.000159804303,0.000159546323,0.000000000000,0.000138163662,0.000136439377,0.000000000000,0.000111245819,0.000112233867,0.000000000000,0.000130744148,0.000126892777,0.000000000000,0.000098192447,0.000099108828
420,0.000000000000,0.000480993165,0.000482619886,0.000000000000,0.000484246608,0.000486371447,0.000000000000,0.000488018904,0.000489126772,0.000000000000,0.000391984412,0.000381231960,0.000000000000,0.000403188403,0.000398785246,0.000000000000,0.000396273169,0.000386195523,0.000000000000,0.000239131012,0.000231231251,0.000000000000,0.000258920142,0.000252528503,0.000000000000,0.000241239855,0.000225606141,0.000000000000,0.000137624240,0.000142680710,0.000000000000,0.000159819552,0.000159549075,0.000000000000,0.000138243036,0.000136518521,0.000000000000,0.000111280768,0.000112284537,0.000000000000,0.000130932607,0.000127028055,0.000000000000,0.000098192447,0.000099115246
421,0.000000000000,0.000480993165,0.000482619886,0.000000000000,0.000484246608,0.000486371447,0.000000000000,0.000488018904,0.000489126772,0.000000000000,0.000391984412,0.000381311290,0.000000000000,0.000403188403,0.000398785246,0.000000000000,0.000396273169,0.000386195523,0.000000000000,0.000239131012,0.000231304846,0.000000000000,0.000259363659,0.000252691410,0.000000000000,0.000241284831,0.000225606141,0.000000000000,0.000137631505,0.000142680710,0.000000000000,0.000159836159,0.000159587256,0.000000000000,0.000138266693,0.000136525126,0.000000000000,0.000111530927,0.000112413469,0.000000000000,0.000130939984,0.000127200112,0.000000000000,0.000098308562,0.000099169333
422,0.000000000000,0.000480993165,0.000482619886,0.000000000000,0.000484246608,0.000486371447,0.000000000000,0.000488018904,0.000489126772,0.000000000000,0.000391997843,0.000381311290,0.000000000000,0.000403188403,0.000398879616,0.000000000000,0.000396273169,0.000386195523,0.000000000000,0.000239479823,0.000231377230,0.000000000000,0.000259495274,0.000252691410,0.000000000000,0.000241325949,0.000225821631,0.000000000000,0.000137706393,0.000142680710,0.000000000000,0.000159897094,0.000159822150,0.000000000000,0.000138575070,0.000136536202,0.000000000000,0.000111577258,0.000112463533,0.000000000000,0.000131121460,0.000127226134,0.000000000000,0.000098341946,0.000099202668
423,0.000000000000,0.000480993165,0.000482619886,0.000000000000,0.000484246608,0.000486371447,0.000000000000,0.000488018904,0.000489126772,0.000000000000,0.000391997843,0.000381311290,0.000000000000,0.000403188403,0.000398879616,0.000000000000,0.000396273169,0.000386195523,0.000000000000,0.000240131804,0.000231404782,0.000000000000,0.000259696200,0.000252720447,0.000000000000,0.000241348055,0.000225821631,0.000000000000,0.000138032500,0.000142680710,0.000000000000,0.000159897094,0.000159822150,0.000000000000,0.000138733543,0.000136536202,0.000000000000,0.000111593369,0.000112463533,0.000000000000,0.000131144265,0.000127368597,0.000000000000,0.000098376296,0.000099219106
424,0.000000000000,0.000480993165,0.000482619886,0.000000000000,0.000484246608,0.000486371447,0.000000000000,0.000488018904,0.000489126772,0.000000000000,0.000391997843,0.000381311290,0.000000000000,0.000403188403,0.000398879616,0.000000000000,0.000396321657,0.000386195523,0.000000000000,0.000240159574,0.000231404782,0.000000000000,0.000259696200,0.000252737272,0.000000000000,0.000241394724,0.000225821631,0.000000000000,0.000138378355,0.000142747603,0.000000000000,0.000159897889,0.000159874209,0.000000000000,0.000138765103,0.000136542338,0.000000000000,0.000111594931,0.000112496011,0.000000000000,0.000131150369,0.000127400501,0.000000000000,0.000098404620,0.000099258792
425,0.000000000000,0.000480993165,0.000482619886,0.000000000000,0.000484246608,0.000486371447,0.000000000000,0.000488018904,0.000489126772,0.000000000000,0.000392017029,0.000381564607,0.000000000000,0.000403188403,0.000398879616,0.000000000000,0.000396321657,0.000386791457,0.000000000000,0.000240286964,0.000231412990,0.000000000000,0.000259696200,0.000252737272,0.000000000000,0.000241627487,0.000225879564,0.000000000000,0.000138390336,0.000142774735,0.000000000000,0.000160059177,0.000159879179,0.000000000000,0.000139000596,0.000136797252,0.000000000000,0.000111635111,0.000112518216,0.000000000000,0.000131224665,0.000127508270,0.000000000000,0.000098447504,0.000099274552
426,0.000000000000,0.000480993165,0.000482619886,0.000000000000,0.000484246608,0.000486371447,0.000000000000,0.000488018904,0.000489126772,0.000000000000,0.000392017029,0.000381564607,0.000000000000,0.000403268025,0.000398997058,0.000000000000,0.000396321657,0.000386791457,0.000000000000,0.000240290439,0.000231629870,0.000000000000,0.000259715391,0.000253191152,0.000000000000,0.000241627487,0.000225947054,0.000000000000,0.000138396265,0.000142774735,0.000000000000,0.000160164888,0.000159900666,0.000000000000,0.000139000596,0.000136932942,0.000000000000,0.000111649706,0.000112632521,0.000000000000,0.000131412052,0.000127561864,0.000000000000,0.000098524663,0.000099274552
427,0.000000000000,0.000480993165,0.000482619886,0.000000000000,0.000484246608,0.000486371447,0.000000000000,0.000488018904,0.000489126772,0.000000000000,0.000392017029,0.000381651126,0.000000000000,0.000403268025,0.000398997058,0.000000000000,0.000396385226,0.000386791457,0.000000000000,0.000240408948,0.000231629870,0.000000000000,0.000259721248,0.000253199879,0.000000000000,0.000241743388,0.000225947054,0.000000000000,0.000138462351,0.000142774735,0.000000000000,0.000160242751,0.000159988409,0.000000000000,0.000139074612,0.000137557841,0.000000000000,0.000111657920,0.000112674575,0.000000000000,0.000131504649,0.000127571173,0.000000000000,0.000098563688,0.000099274552
428,0.000000000000,0.000480993165,0.000482619886,0.000000000000,0.000484246608,0.000486371447,0.000000000000,0.000488018904,0.000489126772,0.000000000000,0.000392017029,0.000381651126,0.000000000000,0.000403284311,0.000398997058,0.000000000000,0.000396447955,0.000386791457,0.000000000000,0.000240456932,0.000231629870,0.000000000000,0.000259835538,0.000253279192,0.000000000000,0.000242232981,0.000226051649,0.000000000000,0.000138529449,0.000142774735,0.000000000000,0.000160262430,0.000160020608,0.000000000000,0.000139083825,0.000137557841,0.000000000000,0.000111745918,0.000112698082,0.000000000000,0.000131559358,0.000127592035,0.000000000000,0.000098586857,0.000099464836
429,0.000000000000,0.000480993165,0.000482619886,0.000000000000,0.000484246608,0.000486371447,0.000000000000,0.000488018904,0.000489126772,0.000000000000,0.000392017029,0.000381660116,0.000000000000,0.000403284311,0.000398997058,0.000000000000,0.000396447955,0.000386791457,0.000000000000,0.000240456932,0.000231676551,0.000000000000,0.000259874998,0.000253290794,0.000000000000,0.000242232981,0.000226160509,0.000000000000,0.000138618959,0.000142944991,0.000000000000,0.000160385242,0.000160043743,0.000000000000,0.000139118699,0.000137660757,0.000000000000,0.000111991078,0.000112704676,0.000000000000,0.000131559358,0.000127737720,0.000000000000,0.000098666651,0.000099582894
430,0.000000000000,0.000480993165,0.000482619886,0.000000000000,0.000484246608,0.000486371447,0.000000000000,0.000488018904,0.000489126772,0.000000000000,0.000392247479,0.000381660116,0.000000000000,0.000403297121,0.000398997058,0.000000000000,0.000396447955,0.000386791457,0.000000000000,0.000240866504,0.000232259328,0.000000000000,0.000259932053,0.000253513968,0.000000000000,0.000242357947,0.000226243840,0.000000000000,0.000138679474,0.000142968435,0.000000000000,0.000160400894,0.000160207653,0.000000000000,0.000139457652,0.000137660757,0.000000000000,0.000111991078,0.000112748669,0.000000000000,0.000131595776,0.000127849016,0.000000000000,0.000098712207,0.000099582894
431,0.000000000000,0.000480993165,0.000482619886,0.000000000000,0.000484246608,0.000486371447,0.000000000000,0.000488018904,0.000489126772,0.000000000000,0.000392247479,0.000381660116,0.000000000000,0.000403297121,0.000398997058,0.000000000000,0.000396457149,0.000386791457,0.000000000000,0.000240866504,0.000232473568,0.000000000000,0.000260006392,0.000253513968,0.000000000000,0.000242357947,0.000226455097,0.000000000000,0.000138998973,0.000143113932,0.000000000000,0.000160673697,0.000160302216,0.000000000000,0.000139551241,0.000137779104,0.000000000000,0.000112118250,0.000112817078,0.000000000000,0.000131681379,0.000128078557,0.000000000000,0.000098722059,0.000099584803
432,0.000000000000,0.000480993165,0.000482619886,0.000000000000,0.000484246608,0.000486371447,0.000000000000,0.000488018904,0.000489126772,0.000000000000,0.000392247479,0.000381660116,0.000000000000,0.000403297121,0.000398997058,0.000000000000,0.000396457149,0.000386791457,0.000000000000,0.000240866504,0.000232473568,0.000000000000,0.000260006392,0.000253563015,0.000000000000,0.000242357947,0.000226517449,0.000000000000,0.000139000645,0.000143178321,0.000000000000,0.000160760664,0.000160302813,0.000000000000,0.000139564687,0.000137813396,0.000000000000,0.000112151229,0.000112882542,0.000000000000,0.000131724021,0.000128175565,0.000000000000,0.000098722059,0.000099584921
433,0.000000000000,0.000480993165,0.000482619886,0.000000000000,0.000484246608,0.000486371447,0.000000000000,0.000488018904,0.000489126772,0.000000000000,0.000392247479,0.000381660116,0.000000000000,0.000403297121,0.000398997058,0.000000000000,0.000396457149,0.000386791457,0.000000000000,0.000240980087,0.000232473568,0.000000000000,0.000260144705,0.000253622410,0.000000000000,0.000242412346,0.000227086585,0.000000000000,0.000139052278,0.000143193884,0.000000000000,0.000161108029,0.000160392906,0.000000000000,0.000139655137,0.000137857162,0.000000000000,0.000112157144,0.000112904619,0.000000000000,0.000132037128,0.000128247740,0.000000000000,0.000098738735,0.000099597848
434,0.000000000000,0.000480993165,0.000482619886,0.000000000000,0.000484246608,0.000486371447,0.000000000000,0.000488018904,0.000489126772,0.000000000000,0.000392247479,0.000381660116,0.000000000000,0.000403297121,0.000398997058,0.000000000000,0.000396519878,0.000386791457,0.000000000000,0.000241049322,0.000232992882,0.000000000000,0.000260144705,0.000253642809,0.000000000000,0.000242412346,0.000227127518,0.000000000000,0.000139175931,0.000143210603,0.000000000000,0.000161110151,0.000160403852,0.000000000000,0.000139655137,0.000138021314,0.000000000000,0.000112209630,0.000113042020,0.000000000000,0.000132069577,0.000128247740,0.000000000000,0.000098769423,0.000099597848
435,0.000000000000,0.000480993165,0.000482619886,0.000000000000,0.000484246608,0.000486371447,0.000000000000,0.000488018904,0.000489126772,0.000000000000,0.000392247479,0.000381660116,0.000000000000,0.000403297121,0.000398997058,0.000000000000,0.000396519878,0.000386791457,0.000000000000,0.000241314697,0.000232992882,0.000000000000,0.000260175461,0.000253642809,0.000000000000,0.000242580123,0.000227299473,0.000000000000,0.000139175931,0.000143258159,0.000000000000,0.000161219899,0.000160403852,0.000000000000,0.000139747577,0.000138032395,0.000000000000,0.000112235376,0.000113059039,0.000000000000,0.000132075545,0.000128344857,0.000000000000,0.000098788002,0.000099618296
436,0.000000000000,0.000480993165,0.000482619886,0.000000000000,0.000484246608,0.000486371447,0.000000000000,0.000488018904,0.000489126772,0.000000000000,0.000392247479,0.000381660116,0.000000000000,0.000403297121,0.000398997058,0.000000000000,0.000396519878,0.000386791457,0.000000000000,0.000241716370,0.000233040333,0.000000000000,0.000260175461,0.000253642809,0.000000000000,0.000242807255,0.000227555381,0.000000000000,0.000139181744,0.000143270976,0.000000000000,0.000161275384,0.000160825187,0.000000000000,0.000139760279,0.000138139926,0.000000000000,0.000112246161,0.000113059039,0.000000000000,0.000132111935,0.000128550828,0.000000000000,0.000098791390,0.000099618296
437,0.000000000000,0.000480993165,0.000482619886,0.000000000000,0.000484246608,0.000486371447,0.000000000000,0.000488018904,0.000489126772,0.000000000000,0.000392247479,0.000381660116,0.000000000000,0.000403297121,0.000398997058,0.000000000000,0.000396556814,0.000386791457,0.000000000000,0.000241832591,0.000233157329,0.000000000000,0.000260678653,0.000253662719,0.000000000000,0.000242824752,0.000227594494,0.000000000000,0.000139296316,0.000143292693,0.000000000000,0.000161713278,0.000160879127,0.000000000000,0.000139764460,0.000138139926,0.000000000000,0.000112415415,0.000113329706,0.000000000000,0.000132122197,0.000128630667,0.000000000000,0.000098791390,0.000099630920
438,0.000000000000,0.000480993165,0.000482619886,0.000000000000,0.000484246608,0.000486371447,0.000000000000,0.000488018904,0.000489126772,0.000000000000,0.000392310306,0.000381660116,0.000000000000,0.000403361517,0.000398997058,0.000000000000,0.000397048992,0.000387351024,0.000000000000,0.000241839123,0.000233184427,0.000000000000,0.000260678653,0.000253662719,0.000000000000,0.000242900479,0.000227764438,0.000000000000,0.000139296316,0.000143388264,0.000000000000,0.000161888135,0.000161024035,0.000000000000,0.000139834806,0.000138172171,0.000000000000,0.000112601730,0.000113357018,0.000000000000,0.000132122197,0.000128710955,0.000000000000,0.000098823029,0.000099631176
439,0.000000000000,0.000480993165,0.000482619886,0.000000000000,0.000484246608,0.000486371447,0.000000000000,0.000488018904,0.000489126772,0.000000000000,0.000392310306,0.000381660116,0.000000000000,0.000403361517,0.000398997058,0.000000000000,0.000397048992,0.000387351024,0.000000000000,0.000241907327,0.000233255990,0.000000000000,0.000260678653,0.000253863079,0.000000000000,0.000242929398,0.000227948095,0.000000000000,0.000139371251,0.000143453731,0.000000000000,0.000162002712,0.000161056588,0.000000000000,0.000139893127,0.000138172171,0.000000000000,0.000112665294,0.000113384194,0.000000000000,0.000132188758,0.000128824186,0.000000000000,0.000098823029,0.000099631176
440,0.000000000000,0.000480993165,0.000482619886,0.000000000000,0.000484246608,0.000486371447,0.000000000000,0.000488018904,0.000489126772,0.000000000000,0.000392310306,0.000381660116,0.000000000000,0.000403361517,0.000398997058,0.000000000000,0.000397048992,0.000387351024,0.000000000000,0.000242073530,0.000233300320,0.000000000000,0.000260778739,0.000253863079,0.000000000000,0.000242964888,0.000228126812,0.000000000000,0.000139447475,0.000143523420,0.000000000000,0.000162017873,0.000161056588,0.000000000000,0.000140417685,0.000138269264,0.000000000000,0.000112665294,0.000113440605,0.000000000000,0.000132192316,0.000128920145,0.000000000000,0.000099157202,0.000099648295
441,0.000000000000,0.000480993165,0.000482619886,0.000000000000,0.000484246608,0.000486371447,0.000000000000,0.000488018904,0.000489126772,0.000000000000,0.000392310306,0.000381660116,0.000000000000,0.000403385378,0.000398997058,0.000000000000,0.000397048992,0.000387365058,0.000000000000,0.000242131241,0.000233310638,0.000000000000,0.000260778739,0.000253903240,0.000000000000,0.000242968586,0.000228126812,0.000000000000,0.000139481283,0.000143554751,0.000000000000,0.000162058078,0.000161108893,0.000000000000,0.000140498818,0.000138294209,0.000000000000,0.000113144029,0.000113548108,0.000000000000,0.000132211458,0.000129081277,0.000000000000,0.000099174170,0.000099661250
442,0.000000000000,0.000480993165,0.000482619886,0.000000000000,0.000484246608,0.000486371447,0.000000000000,0.000488018904,0.000489126772,0.000000000000,0.000392310306,0.000381660116,0.000000000000,0.000403385378,0.000398997058,0.000000000000,0.000397048992,0.000387365058,0.000000000000,0.000242246763,0.000233369445,0.000000000000,0.000261000813,0.000253923110,0.000000000000,0.000242983172,0.000228161158,0.000000000000,0.000139793702,0.000143554751,0.000000000000,0.000162306272,0.000161158539,0.000000000000,0.000140572116,0.000138338198,0.000000000000,0.000113327269,0.000113608931,0.000000000000,0.000132229865,0.000129105797,0.000000000000,0.000099239938,0.000099661250
443,0.000000000000,0.000480993165,0.000482619886,0.000000000000,0.000484246608,0.000486371447,0.000000000000,0.000488018904,0.000489126772,0.000000000000,0.000392310306,0.000381660116,0.000000000000,0.000403385378,0.000398997058,0.000000000000,0.000397048992,0.000387585998,0.000000000000,0.000242459352,0.000233475028,0.000000000000,0.000261000813,0.000253923110,0.000000000000,0.000243287817,0.000228176932,0.000000000000,0.000139827602,0.000143751681,0.000000000000,0.000162895916,0.000161160171,0.000000000000,0.000141124035,0.000138712632,0.000000000000,0.000113356250,0.000113870785,0.000000000000,0.000132579922,0.000129138244,0.000000000000,0.000099325125,0.000099661250
444,0.000000000000,0.000480993165,0.000482619886,0.000000000000,0.000484246608,0.000486371447,0.000000000000,0.000488018904,0.000489126772,0.000000000000,0.000392310306,0.000381660116,0.000000000000,0.000403448107,0.000398997058,0.000000000000,0.000397048992,0.000387585998,0.000000000000,0.000242494496,0.000233475028,0.000000000000,0.000261688487,0.000254122539,0.000000000000,0.000243310613,0.000228360421,0.000000000000,0.000139841603,0.000143964365,0.000000000000,0.000162895916,0.000161161827,0.000000000000,0.000141196651,0.000138757611,0.000000000000,0.000113470824,0.000113878653,0.000000000000,0.000132608454,0.000129147765,0.000000000000,0.000099338909,0.000099676998
445,0.000000000000,0.000480993165,0.000482619886,0.000000000000,0.000484246608,0.000486371447,0.000000000000,0.000488018904,0.000489126772,0.000000000000,0.000392310306,0.000381660116,0.000000000000,0.000403448107,0.000398997058,0.000000000000,0.000397048992,0.000388043309,0.000000000000,0.000242494496,0.000233543565,0.000000000000,0.000261688487,0.000254251473,0.000000000000,0.000243589422,0.000228427945,0.000000000000,0.000139888371,0.000144502208,0.000000000000,0.000162974127,0.000161161850,0.000000000000,0.000141225434,0.000138890451,0.000000000000,0.000113470824,0.000113878834,0.000000000000,0.000132627656,0.000129281801,0.000000000000,0.000099622346,0.000099676998
446,0.000000000000,0.000480993165,0.000482619886,0.000000000000,0.000484246608,0.000486371447,0.000000000000,0.000488018904,0.000489126772,0.000000000000,0.000392310306,0.000381660116,0.000000000000,0.000403448107,0.000398997058,0.000000000000,0.000397048992,0.000388357273,0.000000000000,0.000242535279,0.000233567728,0.000000000000,0.000261688487,0.000254251473,0.000000000000,0.000243589422,0.000228936566,0.000000000000,0.000139947614,0.000144511598,0.000000000000,0.000163014754,0.000161295740,0.000000000000,0.000141486340,0.000138901510,0.000000000000,0.000113534771,0.000114009966,0.000000000000,0.000132690126,0.000129350927,0.000000000000,0.000099746831,0.000099676998
447,0.000000000000,0.000480993165,0.000482619886,0.000000000000,0.000484246608,0.000486371447,0.000000000000,0.000488018904,0.000489126772,0.000000000000,0.000392310306,0.000381660116,0.000000000000,0.000403448107,0.000398997058,0.000000000000,0.000397048992,0.000388357273,0.000000000000,0.000242535279,0.000233617278,0.000000000000,0.000261823583,0.000254251473,0.000000000000,0.000243593843,0.000229033263,0.000000000000,0.000139948100,0.000144575476,0.000000000000,0.000163030433,0.000161306228,0.000000000000,0.000141486340,0.000139058251,0.000000000000,0.000113543865,0.000114092960,0.000000000000,0.000132999347,0.000129758615,0.000000000000,0.000099819843,0.000099676998
448,0.000000000000,0.000480993165,0.000482619886,0.000000000000,0.000484246608,0.000486371447,0.000000000000,0.000488018904,0.000489126772,0.000000000000,0.000392310306,0.000381660116,0.000000000000,0.000403448107,0.000398997058,0.000000000000,0.000397048992,0.000388422799,0.000000000000,0.000242546303,0.000233702255,0.000000000000,0.000261912461,0.000254414742,0.000000000000,0.000243593843,0.000229033263,0.000000000000,0.000139978630,0.000144621018,0.000000000000,0.000163171586,0.000161403405,0.000000000000,0.000141610622,0.000139072947,0.000000000000,0.000113640372,0.000114135189,0.000000000000,0.000133054238,0.000129784009,0.000000000000,0.000099819902,0.000099693357
449,0.000000000000,0.000480993165,0.000482619886,0.000000000000,0.000484246608,0.000486371447,0.000000000000,0.000488018904,0.000489126772,0.000000000000,0.000392310306,0.000381660116,0.000000000000,0.000403448107,0.000398997058,0.000000000000,0.000397048992,0.000388422799,0.000000000000,0.000242546303,0.000233702255,0.000000000000,0.000261987450,0.000254552374,0.000000000000,0.000243593843,0.000229301592,0.000000000000,0.000140024206,0.000144680778,0.000000000000,0.000163238726,0.000161601039,0.000000000000,0.000141742700,0.000139258830,0.000000000000,0.000113641584,0.000114431174,0.000000000000,0.000133160476,0.000129803769,0.000000000000,0.000099863526,0.000099695457
450,0.000000000000,0.000480993165,0.000482619886,0.000000000000,0.000484246608,0.000486371447,0.000000000000,0.000488018904,0.000489126772,0.000000000000,0.000392373692,0.000381660116,0.000000000000,0.000403448107,0.000398997058,0.000000000000,0.000397048992,0.000388643409,0.000000000000,0.000242546303,0.000233702255,0.000000000000,0.000261987450,0.000254552374,0.000000000000,0.000243593843,0.000229301592,0.000000000000,0.000140082634,0.000144747629,0.000000000000,0.000163247981,0.000161618361,0.000000000000,0.000141875400,0.000139327030,0.000000000000,0.000113727875,0.000114572837,0.000000000000,0.000133327414,0.000129803993,0.000000000000,0.000099878660,0.000099697307
451,0.000000000000,0.000480993165,0.000482619886,0.000000000000,0.000484246608,0.000486371447,0.000000000000,0.000488018904,0.000489126772,0.000000000000,0.000392459392,0.000381660116,0.000000000000,0.000403448107,0.000398997058,0.000000000000,0.000397048992,0.000388648487,0.000000000000,0.000242693912,0.000233836528,0.000000000000,0.000262051933,0.000254552374,0.000000000000,0.000243686489,0.000229363979,0.000000000000,0.000140160360,0.000144993793,0.000000000000,0.000163288565,0.000161618361,0.000000000000,0.000141927297,0.000139485947,0.000000000000,0.000113727875,0.000114611726,0.000000000000,0.000133412126,0.000129855202,0.000000000000,0.000100022634,0.000099700740
452,0.000000000000,0.000480993165,0.000482619886,0.000000000000,0.000484246608,0.000486371447,0.000000000000,0.000488018904,0.000489126772,0.000000000000,0.000392459392,0.000381660116,0.000000000000,0.000403634000,0.000398997058,0.000000000000,0.000397048992,0.000388648487,0.000000000000,0.000242766546,0.000233869594,0.000000000000,0.000262250459,0.000254597662,0.000000000000,0.000243826804,0.000229364091,0.000000000000,0.000140216456,0.000145031532,0.000000000000,0.000163288565,0.000161655591,0.000000000000,0.000141970362,0.000139686013,0.000000000000,0.000113860684,0.000114720292,0.000000000000,0.000133443954,0.000129867588,0.000000000000,0.000100444801,0.000099723038
453,0.000000000000,0.000480993165,0.000482619886,0.000000000000,0.000484246608,0.000486371447,0.000000000000,0.000488018904,0.000489126772,0.000000000000,0.000392459392,0.000381660116,0.000000000000,0.000403634000,0.000398997058,0.000000000000,0.000397048992,0.000388648487,0.000000000000,0.000243048007,0.000233872287,0.000000000000,0.000262451347,0.000254597662,0.000000000000,0.000243826804,0.000229534299,0.000000000000,0.000140356722,0.000145081195,0.000000000000,0.000163326256,0.000161738346,0.000000000000,0.000142325954,0.000139834593,0.000000000000,0.000114058450,0.000114746743,0.000000000000,0.000133541232,0.000130019311,0.000000000000,0.000100455098,0.000099723038
454,0.000000000000,0.000480993165,0.000482619886,0.000000000000,0.000484246608,0.000486371447,0.000000000000,0.000488018904,0.000489126772,0.000000000000,0.000392459392,0.000381660116,0.000000000000,0.000403634000,0.000398997058,0.000000000000,0.000397048992,0.000388648487,0.000000000000,0.000243048007,0.000234378274,0.000000000000,0.000262675473,0.000254671143,0.000000000000,0.000243856141,0.000229573711,0.000000000000,0.000140356722,0.000145082741,0.000000000000,0.000163326256,0.000161755987,0.000000000000,0.000142350662,0.000139982570,0.000000000000,0.000114379124,0.000114874495,0.000000000000,0.000133561236,0.000130019311,0.000000000000,0.000100506817,0.000099723038
455,0.000000000000,0.000480993165,0.000482619886,0.000000000000,0.000484246608,0.000486371447,0.000000000000,0.000488018904,0.000489126772,0.000000000000,0.000392459392,0.000381660116,0.000000000000,0.000403634000,0.000398997058,0.000000000000,0.000397048992,0.000388648487,0.000000000000,0.000243168577,0.000234378274,0.000000000000,0.000262675473,0.000254673550,0.000000000000,0.000243856141,0.000229699106,0.000000000000,0.000140376856,0.000145119403,0.000000000000,0.000163810874,0.000161760808,0.000000000000,0.000142399533,0.000140133856,0.000000000000,0.000114405236,0.000115032403,0.000000000000,0.000133589154,0.000130045945,0.000000000000,0.000100557878,0.000099734465
456,0.000000000000,0.000480993165,0.000482619886,0.000000000000,0.000484246608,0.000486371447,0.000000000000,0.000488018904,0.000489126772,0.000000000000,0.000392459392,0.000381698527,0.000000000000,0.000403634000,0.000398997058,0.000000000000,0.000397048992,0.000388893966,0.000000000000,0.000243203816,0.000234724508,0.000000000000,0.000262675473,0.000254675797,0.000000000000,0.000243881623,0.000229699106,0.000000000000,0.000140407817,0.000145119403,0.000000000000,0.000163810874,0.000161804148,0.000000000000,0.000142407432,0.000140731544,0.000000000000,0.000114425412,0.000115040263,0.000000000000,0.000133629855,0.000130201194,0.000000000000,0.000100711269,0.000099814101
457,0.000000000000,0.000480993165,0.000482619886,0.000000000000,0.000484246608,0.000486371447,0.000000000000,0.000488018904,0.000489126772,0.000000000000,0.000392459392,0.000381761969,0.000000000000,0.000403634000,0.000399053238,0.000000000000,0.000397048992,0.000389056724,0.000000000000,0.000243203816,0.000234786567,0.000000000000,0.000262675473,0.000254675797,0.000000000000,0.000243914995,0.000230342754,0.000000000000,0.000140409013,0.000145186497,0.000000000000,0.000163810983,0.000161804148,0.000000000000,0.000142421963,0.000140819252,0.000000000000,0.000114482588,0.000115088074,0.000000000000,0.000133684740,0.000130252538,0.000000000000,0.000100804968,0.000099814101
458,0.000000000000,0.000480993165,0.000482619886,0.000000000000,0.000484246608,0.000486371447,0.000000000000,0.000488018904,0.000489126772,0.000000000000,0.000392459392,0.000381761969,0.000000000000,0.000403634000,0.000399108908,0.000000000000,0.000397048992,0.000389230573,0.000000000000,0.000243203816,0.000234786567,0.000000000000,0.000262675473,0.000254691045,0.000000000000,0.000244037264,0.000230342754,0.000000000000,0.000140409013,0.000145229545,0.000000000000,0.000163946488,0.000161912351,0.000000000000,0.000142486387,0.000140886559,0.000000000000,0.000114505633,0.000115108021,0.000000000000,0.000133789963,0.000130301637,0.000000000000,0.000100941864,0.000099817164
459,0.000000000000,0.000480993165,0.000482619886,0.000000000000,0.000484246608,0.000486371447,0.000000000000,0.000488018904,0.000489126772,0.000000000000,0.000392459392,0.000381761969,0.000000000000,0.000403634000,0.000399108908,0.000000000000,0.000397079435,0.000389230573,0.000000000000,0.000243292832,0.000235198193,0.000000000000,0.000262721798,0.000254744827,0.000000000000,0.000244037264,0.000230342754,0.000000000000,0.000140419946,0.000145257424,0.000000000000,0.000163973292,0.000161912351,0.000000000000,0.000142545295,0.000140901100,0.000000000000,0.000114530839,0.000115120348,0.000000000000,0.000133789963,0.000130331774,0.000000000000,0.000100993711,0.000099835616
460,0.000000000000,0.000480993165,0.000482619886,0.000000000000,0.000484246608,0.000486371447,0.000000000000,0.000488018904,0.000489126772,0.000000000000,0.000392459392,0.000381761969,0.000000000000,0.000403634000,0.000399108908,0.000000000000,0.000397079435,0.000389230573,0.000000000000,0.000243442423,0.000235211243,0.000000000000,0.000262721798,0.000254765488,0.000000000000,0.000244062816,0.000230478369,0.000000000000,0.000140612975,0.000145260597,0.000000000000,0.000164001156,0.000162276910,0.000000000000,0.000142546163,0.000140932294,0.000000000000,0.000114552774,0.000115203687,0.000000000000,0.000133823483,0.000130403136,0.000000000000,0.000101157993,0.000099886497
461,0.000000000000,0.000480993165,0.000482619886,0.000000000000,0.000484246608,0.000486371447,0.000000000000,0.000488018904,0.000489126772,0.000000000000,0.000392459392,0.000381761969,0.000000000000,0.000403634000,0.000399108908,0.000000000000,0.000397079435,0.000389230573,0.000000000000,0.000243550305,0.000235250883,0.000000000000,0.000262725539,0.000254765488,0.000000000000,0.000244062816,0.000230524681,0.000000000000,0.000140624855,0.000145379585,0.000000000000,0.000164001156,0.000162289779,0.000000000000,0.000142558305,0.000141085248,0.000000000000,0.000114588337,0.000115352562,0.000000000000,0.000133900202,0.000130639555,0.000000000000,0.000101181763,0.000099888605
462,0.000000000000,0.000480993165,0.000482619886,0.000000000000,0.000484246608,0.000486371447,0.000000000000,0.000488018904,0.000489126772,0.000000000000,0.000392526119,0.000381761969,0.000000000000,0.000403634000,0.000399108908,0.000000000000,0.000397079435,0.000389550789,0.000000000000,0.000243652772,0.000235328442,0.000000000000,0.000262766173,0.000254765488,0.000000000000,0.000244063171,0.000230569501,0.000000000000,0.000140788397,0.000145380522,0.000000000000,0.000164001156,0.000162343866,0.000000000000,0.000142674601,0.000141189542,0.000000000000,0.000114685642,0.000115400743,0.000000000000,0.000133931705,0.000130653634,0.000000000000,0.000101296603,0.000099966261
463,0.000000000000,0.000480993165,0.000482619886,0.000000000000,0.000484246608,0.000486371447,0.000000000000,0.000488018904,0.000489126772,0.000000000000,0.000392630443,0.000381761969,0.000000000000,0.000403634000,0.000399108908,0.000000000000,0.000397610661,0.000389550789,0.000000000000,0.000243652772,0.000235328442,0.000000000000,0.000262766173,0.000254772918,0.000000000000,0.000244190777,0.000230569501,0.000000000000,0.000140868216,0.000145384332,0.000000000000,0.000164076344,0.000162500144,0.000000000000,0.000142711206,0.000141253405,0.000000000000,0.000114760560,0.000115429595,0.000000000000,0.000133993337,0.000130696255,0.000000000000,0.000101381101,0.000099966261
464,0.000000000000,0.000480993165,0.000482619886,0.000000000000,0.000484246608,0.000486371447,0.000000000000,0.000488018904,0.000489126772,0.000000000000,0.000392630443,0.000381761969,0.000000000000,0.000403634000,0.000399108908,0.000000000000,0.000397610661,0.000389550789,0.000000000000,0.000243652772,0.000235551278,0.000000000000,0.000262766173,0.000255171245,0.000000000000,0.000244190777,0.000230625849,0.000000000000,0.000141100644,0.000145384332,0.000000000000,0.000164138419,0.000162500144,0.000000000000,0.000142954046,0.000141257558,0.000000000000,0.000114787309,0.000115434601,0.000000000000,0.000134288503,0.000130808264,0.000000000000,0.000101466639,0.000099966261
465,0.000000000000,0.000480993165,0.000482619886,0.000000000000,0.000484246608,0.000486371447,0.000000000000,0.000488018904,0.000489126772,0.000000000000,0.000392630443,0.000381761969,0.000000000000,0.000403634000,0.000399108908,0.000000000000,0.000397610661,0.000389608073,0.000000000000,0.000243777816,0.000235613270,0.000000000000,0.000262766173,0.000255263411,0.000000000000,0.000244190777,0.000230625849,0.000000000000,0.000141136620,0.000145471238,0.000000000000,0.000164161160,0.000162532524,0.000000000000,0.000143050752,0.000141436677,0.000000000000,0.000115055759,0.000115443387,0.000000000000,0.000134380204,0.000130813889,0.000000000000,0.000101466639,0.000099970304
466,0.000000000000,0.000480993165,0.000482619886,0.000000000000,0.000484246608,0.000486371447,0.000000000000,0.000488018904,0.000489126772,0.000000000000,0.000392630443,0.000381761969,0.000000000000,0.000403634000,0.000399108908,0.000000000000,0.000397610661,0.000389608073,0.000000000000,0.000243777816,0.000235718731,0.000000000000,0.000262923105,0.000255265433,0.000000000000,0.000244223112,0.000230787110,0.000000000000,0.000141203392,0.000145495766,0.000000000000,0.000164172818,0.000162539863,0.000000000000,0.000143142459,0.000141500200,0.000000000000,0.000115437491,0.000115557630,0.000000000000,0.000134419766,0.000130940636,0.000000000000,0.000101563652,0.000099970304
467,0.000000000000,0.000480993165,0.000482619886,0.000000000000,0.000484246608,0.000486371447,0.000000000000,0.000488018904,0.000489126772,0.000000000000,0.000392630443,0.000381761969,0.000000000000,0.000403634000,0.000399108908,0.000000000000,0.000397610661,0.000389608073,0.000000000000,0.000243777816,0.000235718731,0.000000000000,0.000262942580,0.000255342303,0.000000000000,0.000244225859,0.000230787110,0.000000000000,0.000141205396,0.000145557250,0.000000000000,0.000164203231,0.000162539863,0.000000000000,0.000143255152,0.000141500200,0.000000000000,0.000115513761,0.000115594341,0.000000000000,0.000134472821,0.000130984207,0.000000000000,0.000101575810,0.000099990543
468,0.000000000000,0.000480993165,0.000482619886,0.000000000000,0.000484246608,0.000486371447,0.000000000000,0.000488018904,0.000489126772,0.000000000000,0.000392630443,0.000381761969,0.000000000000,0.000403634000,0.000399108908,0.000000000000,0.000398243362,0.000389619219,0.000000000000,0.000243777816,0.000235723234,0.000000000000,0.000262981063,0.000255344536,0.000000000000,0.000244443273,0.000230787110,0.000000000000,0.000141312388,0.000145621407,0.000000000000,0.000164224670,0.000162562070,0.000000000000,0.000143625421,0.000141588002,0.000000000000,0.000115532394,0.000115594341,0.000000000000,0.000134498344,0.000131000325,0.000000000000,0.000101596438,0.000100041399
469,0.000000000000,0.000480993165,0.000482619886,0.000000000000,0.000484246608,0.000486371447,0.000000000000,0.000488018904,0.000489126772,0.000000000000,0.000392630443,0.000381761969,0.000000000000,0.000403634000,0.000399108908,0.000000000000,0.000398243362,0.000389619219,0.000000000000,0.000243792027,0.000235738073,0.000000000000,0.000263051768,0.000255384580,0.000000000000,0.000244506222,0.000230787110,0.000000000000,0.000141353452,0.000145789380,0.000000000000,0.000164254344,0.000162587511,0.000000000000,0.000143625421,0.000141652684,0.000000000000,0.000115532788,0.000115658960,0.000000000000,0.000134554434,0.000131041717,0.000000000000,0.000101617471,0.000100163986
470,0.000000000000,0.000480993165,0.000482619886,0.000000000000,0.000484246608,0.000486371447,0.000000000000,0.000488018904,0.000489126772,0.000000000000,0.000392630443,0.000382287595,0.000000000000,0.000403634000,0.000399108908,0.000000000000,0.000398243362,0.000389619219,0.000000000000,0.000243792027,0.000235738073,0.000000000000,0.000263051768,0.000255501374,0.000000000000,0.000244506222,0.000230787110,0.000000000000,0.000141612717,0.000145814451,0.000000000000,0.000164316644,0.000162608122,0.000000000000,0.000143686277,0.000141655035,0.000000000000,0.000115682055,0.000115816109,0.000000000000,0.000134590584,0.000131159982,0.000000000000,0.000101619943,0.000100204386
471,0.000000000000,0.000480993165,0.000482619886,0.000000000000,0.000484246608,0.000486371447,0.000000000000,0.000488018904,0.000489126772,0.000000000000,0.000392630443,0.000382287595,0.000000000000,0.000403634000,0.000399108908,0.000000000000,0.000398243362,0.000389619219,0.000000000000,0.000243792027,0.000235771574,0.000000000000,0.000263051768,0.000255678488,0.000000000000,0.000244531733,0.000230787110,0.000000000000,0.000141612717,0.000145814451,0.000000000000,0.000164524377,0.000162684686,0.000000000000,0.000143700743,0.000141712030,0.000000000000,0.000115719064,0.000115851896,0.000000000000,0.000134678230,0.000131187196,0.000000000000,0.000101647537,0.000100204828
472,0.000000000000,0.000480993165,0.000482619886,0.000000000000,0.000484246608,0.000486371447,0.000000000000,0.000488018904,0.000489126772,0.000000000000,0.000392630443,0.000382287595,0.000000000000,0.000403634000,0.000399108908,0.000000000000,0.000398243362,0.000389619219,0.000000000000,0.000243920857,0.000235862412,0.000000000000,0.000263055964,0.000256445348,0.000000000000,0.000244531733,0.000230787110,0.000000000000,0.000141746006,0.000145865313,0.000000000000,0.000164558495,0.000162706573,0.000000000000,0.000143922197,0.000141721510,0.000000000000,0.000115887858,0.000115906577,0.000000000000,0.000134981835,0.000131227466,0.000000000000,0.000101658372,0.000100208226
473,0.000000000000,0.000480993165,0.000482619886,0.000000000000,0.000484246608,0.000486686690,0.000000000000,0.000488018904,0.000489126772,0.000000000000,0.000392630443,0.000382287595,0.000000000000,0.000403634000,0.000399108908,0.000000000000,0.000398243362,0.000389619219,0.000000000000,0.000243920857,0.000235862412,0.000000000000,0.000263411120,0.000256445348,0.000000000000,0.000244531733,0.000230787110,0.000000000000,0.000141852753,0.000145865313,0.000000000000,0.000165179266,0.000162714079,0.000000000000,0.000143966388,0.000141777841,0.000000000000,0.000115924409,0.000115906577,0.000000000000,0.000135031950,0.000131429169,0.000000000000,0.000102196543,0.000100212278
474,0.000000000000,0.000480993165,0.000482619886,0.000000000000,0.000484246608,0.000486686690,0.000000000000,0.000488018904,0.000489126772,0.000000000000,0.000392630443,0.000382332069,0.000000000000,0.000403634000,0.000399108908,0.000000000000,0.000398243362,0.000389619219,0.000000000000,0.000244007571,0.000235862412,0.000000000000,0.000263907544,0.000256445348,0.000000000000,0.000244531733,0.000230958815,0.000000000000,0.000141945416,0.000145904379,0.000000000000,0.000165228497,0.000162745215,0.000000000000,0.000144117076,0.000142252265,0.000000000000,0.000115948214,0.000116015315,0.000000000000,0.000135140294,0.000131434335,0.000000000000,0.000102242790,0.000100213752
475,0.000000000000,0.000480993165,0.000482619886,0.000000000000,0.000484246608,0.000486686690,0.000000000000,0.000488018904,0.000489126772,0.000000000000,0.000392630443,0.000382332069,0.000000000000,0.000403634000,0.000399108908,0.000000000000,0.000398243362,0.000389619219,0.000000000000,0.000244007571,0.000235868288,0.000000000000,0.000264682332,0.000256445348,0.000000000000,0.000244531733,0.000231115749,0.000000000000,0.000142309941,0.000145908640,0.000000000000,0.000165249883,0.000162750777,0.000000000000,0.000144117076,0.000142438055,0.000000000000,0.000115954716,0.000116164943,0.000000000000,0.000135156953,0.000131434335,0.000000000000,0.000102261150,0.000100225415
476,0.000000000000,0.000480993165,0.000482619886,0.000000000000,0.000484246608,0.000486686690,0.000000000000,0.000488018904,0.000489126772,0.000000000000,0.000392630443,0.000382382916,0.000000000000,0.000403634000,0.000399108908,0.000000000000,0.000398243362,0.000389619219,0.000000000000,0.000244642625,0.000235868288,0.000000000000,0.000264682332,0.000256463196,0.000000000000,0.000244601779,0.000231115749,0.000000000000,0.000142356990,0.000146014458,0.000000000000,0.000165260030,0.000162821136,0.000000000000,0.000144340703,0.000142592959,0.000000000000,0.000115954716,0.000116191752,0.000000000000,0.000135196627,0.000131643711,0.000000000000,0.000102359534,0.000100225415
477,0.000000000000,0.000480993165,0.000482619886,0.000000000000,0.000484246608,0.000486686690,0.000000000000,0.000488018904,0.000489126772,0.000000000000,0.000392675759,0.000382382916,0.000000000000,0.000403634000,0.000399108908,0.000000000000,0.000398258587,0.000389619219,0.000000000000,0.000244642625,0.000235945500,0.000000000000,0.000264732469,0.000256463196,0.000000000000,0.000244601779,0.000231115749,0.000000000000,0.000142356990,0.000146034727,0.000000000000,0.000165263912,0.000162821136,0.000000000000,0.000144350391,0.000142657738,0.000000000000,0.000116282790,0.000116192319,0.000000000000,0.000135200290,0.000131787186,0.000000000000,0.000102424315,0.000100225415
478,0.000000000000,0.000480993165,0.000482619886,0.000000000000,0.000484246608,0.000486686690,0.000000000000,0.000488018904,0.000489126772,0.000000000000,0.000392675759,0.000382382916,0.000000000000,0.000403634000,0.000399108908,0.000000000000,0.000398258587,0.000389688567,0.000000000000,0.000245063648,0.000235945500,0.000000000000,0.000264838688,0.000256463196,0.000000000000,0.000244601779,0.000231115749,0.000000000000,0.000142411039,0.000146064395,0.000000000000,0.000165354004,0.000162840313,0.000000000000,0.000144378956,0.000142713034,0.000000000000,0.000116378724,0.000116269952,0.000000000000,0.000135347495,0.000131794149,0.000000000000,0.000102424315,0.000100231572
479,0.000000000000,0.000480993165,0.000482619886,0.000000000000,0.000484246608,0.000486686690,0.000000000000,0.000488018904,0.000489126772,0.000000000000,0.000392675759,0.000382382916,0.000000000000,0.000403634000,0.000399108908,0.000000000000,0.000398258587,0.000389688567,0.000000000000,0.000245063648,0.000236012249,0.000000000000,0.000264862100,0.000256505769,0.000000000000,0.000244601779,0.000231115749,0.000000000000,0.000142536430,0.000146090983,0.000000000000,0.000165500211,0.000162889507,0.000000000000,0.000144899799,0.000142774492,0.000000000000,0.000116428313,0.000116481160,0.000000000000,0.000135402527,0.000132113531,0.000000000000,0.000102444415,0.000100240213
480,0.000000000000,0.000480993165,0.000482619886,0.000000000000,0.000484246608,0.000486686690,0.000000000000,0.000488018904,0.000489126772,0.000000000000,0.000392872032,0.000382382916,0.000000000000,0.000404170600,0.000399170272,0.000000000000,0.000398258587,0.000389688567,0.000000000000,0.000245082250,0.000236041596,0.000000000000,0.000264946014,0.000256505769,0.000000000000,0.000244608047,0.000231115749,0.000000000000,0.000142911728,0.000146289705,0.000000000000,0.000165546143,0.000162903776,0.000000000000,0.000145017615,0.000142930386,0.000000000000,0.000116458395,0.000116551148,0.000000000000,0.000135419778,0.000132130698,0.000000000000,0.000102489596,0.000100313676
481,0.000000000000,0.000480993165,0.000482619886,0.000000000000,0.000484246608,0.000486686690,0.000000000000,0.000488018904,0.000489126772,0.000000000000,0.000392872032,0.000382568832,0.000000000000,0.000404170600,0.000399170272,0.000000000000,0.000398258587,0.000389688567,0.000000000000,0.000245082250,0.000236041596,0.000000000000,0.000264946014,0.000257043182,0.000000000000,0.000244762448,0.000231115749,0.000000000000,0.000143027396,0.000146302797,0.000000000000,0.000165546143,0.000162904288,0.000000000000,0.000145017615,0.000142930386,0.000000000000,0.000116475955,0.000116558486,0.000000000000,0.000135624890,0.000132158379,0.000000000000,0.000102502205,0.000100341743
482,0.000000000000,0.000480993165,0.000482619886,0.000000000000,0.000484246608,0.000486686690,0.000000000000,0.000488018904,0.000489126772,0.000000000000,0.000392872032,0.000382568832,0.000000000000,0.000404170600,0.000399170272,0.000000000000,0.000398258587,0.000389688567,0.000000000000,0.000245126123,0.000236069085,0.000000000000,0.000264946014,0.000257204210,0.000000000000,0.000244768841,0.000231239849,0.000000000000,0.000143072579,0.000146332770,0.000000000000,0.000165580065,0.000162950818,0.000000000000,0.000145027491,0.000142969233,0.000000000000,0.000116565544,0.000116561560,0.000000000000,0.000135633570,0.000132233598,0.000000000000,0.000102520756,0.000100341743
483,0.000000000000,0.000480993165,0.000482619886,0.000000000000,0.000484246608,0.000486686690,0.000000000000,0.000488018904,0.000489126772,0.000000000000,0.000392872032,0.000382568832,0.000000000000,0.000404170600,0.000399170272,0.000000000000,0.000398319951,0.000389688567,0.000000000000,0.000245129333,0.000236111991,0.000000000000,0.000264946014,0.000257415831,0.000000000000,0.000244768841,0.000231239849,0.000000000000,0.000143150593,0.000146332770,0.000000000000,0.000165583193,0.000162992227,0.000000000000,0.000145140827,0.000142969233,0.000000000000,0.000116581573,0.000116570502,0.000000000000,0.000135677360,0.000132234274,0.000000000000,0.000102547854,0.000100407933
484,0.000000000000,0.000480993165,0.000482619886,0.000000000000,0.000484246608,0.000486686690,0.000000000000,0.000488018904,0.000489126772,0.000000000000,0.000392872032,0.000382568832,0.000000000000,0.000404170600,0.000399170272,0.000000000000,0.000398319951,0.000389688567,0.000000000000,0.000245297727,0.000236118178,0.000000000000,0.000264946014,0.000257509567,0.000000000000,0.000244768841,0.000231239849,0.000000000000,0.000143179753,0.000146383375,0.000000000000,0.000165583579,0.000163074629,0.000000000000,0.000145196009,0.000142998708,0.000000000000,0.000116581573,0.000116602614,0.000000000000,0.000135981556,0.000132301161,0.000000000000,0.000102673808,0.000100437531
485,0.000000000000,0.000480993165,0.000482619886,0.000000000000,0.000484246608,0.000486686690,0.000000000000,0.000488018904,0.000489126772,0.000000000000,0.000392872032,0.000382627155,0.000000000000,0.000404170600,0.000399170272,0.000000000000,0.000398384433,0.000389688567,0.000000000000,0.000245405745,0.000236257197,0.000000000000,0.000264949304,0.000257622032,0.000000000000,0.000244780402,0.000231239849,0.000000000000,0.000143193198,0.000146383375,0.000000000000,0.000165627732,0.000163083025,0.000000000000,0.000145249366,0.000143165096,0.000000000000,0.000116631812,0.000116618610,0.000000000000,0.000136000909,0.000132336177,0.000000000000,0.000102835292,0.000100437531
486,0.000000000000,0.000480993165,0.000482619886,0.000000000000,0.000484246608,0.000486686690,0.000000000000,0.000488018904,0.000489126772,0.000000000000,0.000392872032,0.000382627155,0.000000000000,0.000404227481,0.000399170272,0.000000000000,0.000398384433,0.000389688567,0.000000000000,0.000245405745,0.000236271618,0.000000000000,0.000264949304,0.000257721889,0.000000000000,0.000244782739,0.000231321546,0.000000000000,0.000143285233,0.000146383904,0.000000000000,0.000165627732,0.000163158780,0.000000000000,0.000145479531,0.000143600251,0.000000000000,0.000116652691,0.000116668572,0.000000000000,0.000136017294,0.000132368534,0.000000000000,0.000102835292,0.000100453262
487,0.000000000000,0.000480993165,0.000482619886,0.000000000000,0.000484246608,0.000486686690,0.000000000000,0.000488018904,0.000489126772,0.000000000000,0.000392872032,0.000382627155,0.000000000000,0.000404227481,0.000399170272,0.000000000000,0.000398384433,0.000389688567,0.000000000000,0.000245436325,0.000236271618,0.000000000000,0.000265018530,0.000257721889,0.000000000000,0.000244782739,0.000231323014,0.000000000000,0.000143678593,0.000146411015,0.000000000000,0.000165697489,0.000163439164,0.000000000000,0.000145541766,0.000143606985,0.000000000000,0.000116684289,0.000116670015,0.000000000000,0.000136046074,0.000132393891,0.000000000000,0.000102835292,0.000100453262
488,0.000000000000,0.000480993165,0.000482619886,0.000000000000,0.000484246608,0.000486686690,0.000000000000,0.000488018904,0.000489126772,0.000000000000,0.000392872032,0.000382667943,0.000000000000,0.000404268030,0.000399170272,0.000000000000,0.000398384433,0.000389688567,0.000000000000,0.000245468726,0.000236284851,0.000000000000,0.000265018530,0.000258284786,0.000000000000,0.000244782739,0.000231674453,0.000000000000,0.000143716545,0.000146411015,0.000000000000,0.000165697489,0.000163464899,0.000000000000,0.000145611514,0.000143610223,0.000000000000,0.000116713061,0.000116694025,0.000000000000,0.000136159756,0.000132456782,0.000000000000,0.000103040530,0.000100507886
489,0.000000000000,0.000480993165,0.000482619886,0.000000000000,0.000484246608,0.000486686690,0.000000000000,0.000488018904,0.000489126772,0.000000000000,0.000392872032,0.000382667943,0.000000000000,0.000404268030,0.000399170272,0.000000000000,0.000398384433,0.000389688567,0.000000000000,0.000245468726,0.000236284851,0.000000000000,0.000265018530,0.000258284786,0.000000000000,0.000244782739,0.000231722436,0.000000000000,0.000144119659,0.000146440666,0.000000000000,0.000165734546,0.000163465611,0.000000000000,0.000145870241,0.000143679779,0.000000000000,0.000116748243,0.000116733574,0.000000000000,0.000136165797,0.000132477852,0.000000000000,0.000103081243,0.000100527548
490,0.000000000000,0.000480993165,0.000482619886,0.000000000000,0.000484246608,0.000486686690,0.000000000000,0.000488018904,0.000489126772,0.000000000000,0.000392872032,0.000382667943,0.000000000000,0.000404330759,0.000399170272,0.000000000000,0.000398384433,0.000389688567,0.000000000000,0.000245468726,0.000236510663,0.000000000000,0.000265520388,0.000258292353,0.000000000000,0.000244782739,0.000231732337,0.000000000000,0.000144162495,0.000146440666,0.000000000000,0.000165751391,0.000163868269,0.000000000000,0.000146056175,0.000143679779,0.000000000000,0.000116808891,0.000116797488,0.000000000000,0.000136165797,0.000132495784,0.000000000000,0.000103100193,0.000100527548
491,0.000000000000,0.000480993165,0.000482619886,0.000000000000,0.000484246608,0.000486686690,0.000000000000,0.000488018904,0.000489126772,0.000000000000,0.000392872032,0.000382667943,0.000000000000,0.000404330759,0.000399170272,0.000000000000,0.000398384433,0.000389688567,0.000000000000,0.000245845731,0.000236998246,0.000000000000,0.000265555584,0.000258292353,0.000000000000,0.000244856138,0.000231736014,0.000000000000,0.000144162495,0.000146445147,0.000000000000,0.000165760018,0.000163961384,0.000000000000,0.000146070597,0.000143701930,0.000000000000,0.000116819204,0.000116847824,0.000000000000,0.000136362757,0.000132504517,0.000000000000,0.000103175242,0.000100590824
492,0.000000000000,0.000480993165,0.000482619886,0.000000000000,0.000484246608,0.000486686690,0.000000000000,0.000488018904,0.000489126772,0.000000000000,0.000392872032,0.000382667943,0.000000000000,0.000404386675,0.000399170272,0.000000000000,0.000398384433,0.000389688567,0.000000000000,0.000245845731,0.000236998246,0.000000000000,0.000265664835,0.000258292353,0.000000000000,0.000244945188,0.000231736014,0.000000000000,0.000144266639,0.000146504592,0.000000000000,0.000165862557,0.000164007716,0.000000000000,0.000146804076,0.000143825568,0.000000000000,0.000116865159,0.000116867271,0.000000000000,0.000136438681,0.000132590177,0.000000000000,0.000103196189,0.000100688575
493,0.000000000000,0.000480993165,0.000482619886,0.000000000000,0.000484246608,0.000486686690,0.000000000000,0.000488018904,0.000489126772,0.000000000000,0.000393039497,0.000382667943,0.000000000000,0.000404386675,0.000399170272,0.000000000000,0.000398384433,0.000389688567,0.000000000000,0.000245845731,0.000236998246,0.000000000000,0.000265829194,0.000258476284,0.000000000000,0.000244945188,0.000231736014,0.000000000000,0.000144503284,0.000146504592,0.000000000000,0.000166103312,0.000164078389,0.000000000000,0.000146804699,0.000143836501,0.000000000000,0.000116929540,0.000116910989,0.000000000000,0.000136475614,0.000132639351,0.000000000000,0.000103251517,0.000100698099
494,0.000000000000,0.000480993165,0.000482619886,0.000000000000,0.000484246608,0.000486686690,0.000000000000,0.000488018904,0.000489126772,0.000000000000,0.000393039497,0.000382667943,0.000000000000,0.000404386675,0.000399170272,0.000000000000,0.000398384433,0.000389812532,0.000000000000,0.000246250674,0.000237057892,0.000000000000,0.000265917219,0.000258476284,0.000000000000,0.000244945188,0.000231765302,0.000000000000,0.000144828067,0.000146528085,0.000000000000,0.000166128900,0.000164092922,0.000000000000,0.000147178029,0.000143906235,0.000000000000,0.000117006852,0.000116928267,0.000000000000,0.000136500921,0.000132650843,0.000000000000,0.000103268840,0.000100811068
495,0.000000000000,0.000480993165,0.000482619886,0.000000000000,0.000484246608,0.000486686690,0.000000000000,0.000488018904,0.000489126772,0.000000000000,0.000393039497,0.000382667943,0.000000000000,0.000404386675,0.000399170272,0.000000000000,0.000398384433,0.000389812532,0.000000000000,0.000246427491,0.000237057892,0.000000000000,0.000265917219,0.000258927094,0.000000000000,0.000244949548,0.000231765302,0.000000000000,0.000144838212,0.000146538439,0.000000000000,0.000166171588,0.000164173348,0.000000000000,0.000147200383,0.000143981811,0.000000000000,0.000117037035,0.000117077419,0.000000000000,0.000136600121,0.000132656507,0.000000000000,0.000103391313,0.000100814881
496,0.000000000000,0.000480993165,0.000482619886,0.000000000000,0.000484246608,0.000486686690,0.000000000000,0.000488018904,0.000489126772,0.000000000000,0.000393039497,0.000382667943,0.000000000000,0.000404386675,0.000399170272,0.000000000000,0.000398384433,0.000389812532,0.000000000000,0.000246458722,0.000237136546,0.000000000000,0.000265981385,0.000259002110,0.000000000000,0.000244971848,0.000231765302,0.000000000000,0.000144880276,0.000146540392,0.000000000000,0.000166499354,0.000164173348,0.000000000000,0.000147239749,0.000144017621,0.000000000000,0.000117044982,0.000117080869,0.000000000000,0.000136733787,0.000132697009,0.000000000000,0.000103391313,0.000100838970
497,0.000000000000,0.000480993165,0.000482619886,0.000000000000,0.000484246608,0.000486686690,0.000000000000,0.000488018904,0.000489126772,0.000000000000,0.000393039497,0.000382667943,0.000000000000,0.000404386675,0.000399170272,0.000000000000,0.000398384433,0.000389812532,0.000000000000,0.000246580523,0.000237159708,0.000000000000,0.000266228516,0.000259002110,0.000000000000,0.000245250525,0.000231765302,0.000000000000,0.000144972860,0.000146638145,0.000000000000,0.000166514165,0.000164193352,0.000000000000,0.000147258112,0.000144069118,0.000000000000,0.000117068605,0.000117080869,0.000000000000,0.000136737420,0.000132764590,0.000000000000,0.000103394470,0.000100838970
498,0.000000000000,0.000480993165,0.000482619886,0.000000000000,0.000484246608,0.000486686690,0.000000000000,0.000488018904,0.000489126772,0.000000000000,0.000393039497,0.000382667943,0.000000000000,0.000404386675,0.000399170272,0.000000000000,0.000398384433,0.000389812532,0.000000000000,0.000246580523,0.000237414900,0.000000000000,0.000266228516,0.000259063315,0.000000000000,0.000245250525,0.000231849401,0.000000000000,0.000144992505,0.000146701474,0.000000000000,0.000166660570,0.000164261425,0.000000000000,0.000147270016,0.000144115700,0.000000000000,0.000117098685,0.000117135027,0.000000000000,0.000136906394,0.000132798892,0.000000000000,0.000103440592,0.000100838970
499,0.000000000000,0.000480993165,0.000482619886,0.000000000000,0.000484246608,0.000486686690,0.000000000000,0.000488018904,0.000489126772,0.000000000000,0.000393039497,0.000382751127,0.000000000000,0.000404386675,0.000399170272,0.000000000000,0.000398384433,0.000389912254,0.000000000000,0.000247281318,0.000237510085,0.000000000000,0.000266395510,0.000259063315,0.000000000000,0.000245250525,0.000231897311,0.000000000000,0.000144997119,0.000147283184,0.000000000000,0.000166753496,0.000164290674,0.000000000000,0.000147282971,0.000144265169,0.000000000000,0.000117124008,0.000117162632,0.000000000000,0.000136994988,0.000132878409,0.000000000000,0.000103977992,0.000100838970
500,0.000000000000,0.000480993165,0.000482619886,0.000000000000,0.000484246608,0.000486686690,0.000000000000,0.000488018904,0.000489126772,0.000000000000,0.000393039497,0.000382751127,0.000000000000,0.000404386675,0.000399170272,0.000000000000,0.000398408295,0.000389923702,0.000000000000,0.000247320942,0.000237745590,0.000000000000,0.000266395510,0.000259063315,0.000000000000,0.000245250525,0.000231897311,0.000000000000,0.000145018322,0.000147326342,0.000000000000,0.000166832865,0.000164307085,0.000000000000,0.000147443991,0.000144329280,0.000000000000,0.000117170255,0.000117172355,0.000000000000,0.000137279549,0.000132891725,0.000000000000,0.000103977992,0.000100893456
501,0.000000000000,0.000000000000,0.000482619886,0.000000000000,0.000000000000,0.000486686690,0.000000000000,0.000000000000,0.000489126772,0.000000000000,0.000000000000,0.000382751127,0.000000000000,0.000000000000,0.000399170272,0.000000000000,0.000000000000,0.000389923702,0.000000000000,0.000000000000,0.000237745590,0.000000000000,0.000000000000,0.000259063315,0.000000000000,0.000000000000,0.000231897311,0.000000000000,0.000000000000,0.000147338690,0.000000000000,0.000000000000,0.000164428725,0.000000000000,0.000000000000,0.000144376738,0.000000000000,0.000000000000,0.000117207996,0.000000000000,0.000000000000,0.000132915896,0.000000000000,0.000000000000,0.000100933304
502,0.000000000000,0.000000000000,0.000482619886,0.000000000000,0.000000000000,0.000486686690,0.000000000000,0.000000000000,0.000489126772,0.000000000000,0.000000000000,0.000382751127,0.000000000000,0.000000000000,0.000399170272,0.000000000000,0.000000000000,0.000389923702,0.000000000000,0.000000000000,0.000237745590,0.000000000000,0.000000000000,0.000259119216,0.000000000000,0.000000000000,0.000231897311,0.000000000000,0.000000000000,0.000147359339,0.000000000000,0.000000000000,0.000164450520,0.000000000000,0.000000000000,0.000144485250,0.000000000000,0.000000000000,0.000117207996,0.000000000000,0.000000000000,0.000132987602,0.000000000000,0.000000000000,0.000101143048
503,0.000000000000,0.000000000000,0.000482619886,0.000000000000,0.000000000000,0.000486686690,0.000000000000,0.000000000000,0.000489126772,0.000000000000,0.000000000000,0.000382751127,0.000000000000,0.000000000000,0.000399297177,0.000000000000,0.000000000000,0.000389923702,0.000000000000,0.000000000000,0.000237745590,0.000000000000,0.000000000000,0.000259427364,0.000000000000,0.000000000000,0.000231897311,0.000000000000,0.000000000000,0.000147392208,0.000000000000,0.000000000000,0.000164494704,0.000000000000,0.000000000000,0.000144529910,0.000000000000,0.000000000000,0.000117244833,0.000000000000,0.000000000000,0.000133000110,0.000000000000,0.000000000000,0.000101143048
504,0.000000000000,0.000000000000,0.000482619886,0.000000000000,0.000000000000,0.000486686690,0.000000000000,0.000000000000,0.000489126772,0.000000000000,0.000000000000,0.000382751127,0.000000000000,0.000000000000,0.000399297177,0.000000000000,0.000000000000,0.000389923702,0.000000000000,0.000000000000,0.000237853009,0.000000000000,0.000000000000,0.000259454637,0.000000000000,0.000000000000,0.000231902804,0.000000000000,0.000000000000,0.000147395652,0.000000000000,0.000000000000,0.000164537702,0.000000000000,0.000000000000,0.000144972032,0.000000000000,0.000000000000,0.000117289123,0.000000000000,0.000000000000,0.000133020107,0.000000000000,0.000000000000,0.000101143048
505,0.000000000000,0.000000000000,0.000482619886,0.000000000000,0.000000000000,0.000486686690,0.000000000000,0.000000000000,0.000489126772,0.000000000000,0.000000000000,0.000382865415,0.000000000000,0.000000000000,0.000399297177,0.000000000000,0.000000000000,0.000389923702,0.000000000000,0.000000000000,0.000237933956,0.000000000000,0.000000000000,0.000259483702,0.000000000000,0.000000000000,0.000231902804,0.000000000000,0.000000000000,0.000147414887,0.000000000000,0.000000000000,0.000164560190,0.000000000000,0.000000000000,0.000145019399,0.000000000000,0.000000000000,0.000117363139,0.000000000000,0.000000000000,0.000133024611,0.000000000000,0.000000000000,0.000101143048
506,0.000000000000,0.000000000000,0.000482619886,0.000000000000,0.000000000000,0.000486686690,0.000000000000,0.000000000000,0.000489126772,0.000000000000,0.000000000000,0.000382865415,0.000000000000,0.000000000000,0.000399359981,0.000000000000,0.000000000000,0.000389923702,0.000000000000,0.000000000000,0.000237933956,0.000000000000,0.000000000000,0.000259483702,0.000000000000,0.000000000000,0.000231964832,0.000000000000,0.000000000000,0.000147430450,0.000000000000,0.000000000000,0.000164562512,0.000000000000,0.000000000000,0.000145167200,0.000000000000,0.000000000000,0.000117393523,0.000000000000,0.000000000000,0.000133036022,0.000000000000,0.000000000000,0.000101148220
507,0.000000000000,0.000000000000,0.000482619886,0.000000000000,0.000000000000,0.000486686690,0.000000000000,0.000000000000,0.000489126772,0.000000000000,0.000000000000,0.000382865415,0.000000000000,0.000000000000,0.000399893920,0.000000000000,0.000000000000,0.000389923702,0.000000000000,0.000000000000,0.000237993908,0.000000000000,0.000000000000,0.000259483702,0.000000000000,0.000000000000,0.000232063556,0.000000000000,0.000000000000,0.000147447675,0.000000000000,0.000000000000,0.000164595610,0.000000000000,0.000000000000,0.000145185421,0.000000000000,0.000000000000,0.000117431352,0.000000000000,0.000000000000,0.000133061702,0.000000000000,0.000000000000,0.000101148220
508,0.000000000000,0.000000000000,0.000482619886,0.000000000000,0.000000000000,0.000486686690,0.000000000000,0.000000000000,0.000489126772,0.000000000000,0.000000000000,0.000382865415,0.000000000000,0.000000000000,0.000399893920,0.000000000000,0.000000000000,0.000389975100,0.000000000000,0.000000000000,0.000237993908,0.000000000000,0.000000000000,0.000259561790,0.000000000000,0.000000000000,0.000232113181,0.000000000000,0.000000000000,0.000147462357,0.000000000000,0.000000000000,0.000164664854,0.000000000000,0.000000000000,0.000145568398,0.000000000000,0.000000000000,0.000117431352,0.000000000000,0.000000000000,0.000133201275,0.000000000000,0.000000000000,0.000101224043
509,0.000000000000,0.000000000000,0.000482619886,0.000000000000,0.000000000000,0.000486686690,0.000000000000,0.000000000000,0.000489126772,0.000000000000,0.000000000000,0.000382922690,0.000000000000,0.000000000000,0.000399925811,0.000000000000,0.000000000000,0.000389975100,0.000000000000,0.000000000000,0.000237994789,0.000000000000,0.000000000000,0.000259561790,0.000000000000,0.000000000000,0.000232117950,0.000000000000,0.000000000000,0.000147604040,0.000000000000,0.000000000000,0.000164664854,0.000000000000,0.000000000000,0.000145608653,0.000000000000,0.000000000000,0.000117437958,0.000000000000,0.000000000000,0.000133208897,0.000000000000,0.000000000000,0.000101225286
510,0.000000000000,0.000000000000,0.000482619886,0.000000000000,0.000000000000,0.000486686690,0.000000000000,0.000000000000,0.000489126772,0.000000000000,0.000000000000,0.000382922690,0.000000000000,0.000000000000,0.000400001370,0.000000000000,0.000000000000,0.000389975100,0.000000000000,0.000000000000,0.000237994789,0.000000000000,0.000000000000,0.000259637091,0.000000000000,0.000000000000,0.000232121686,0.000000000000,0.000000000000,0.000147674827,0.000000000000,0.000000000000,0.000164704857,0.000000000000,0.000000000000,0.000145924939,0.000000000000,0.000000000000,0.000117474344,0.000000000000,0.000000000000,0.000133220467,0.000000000000,0.000000000000,0.000101247646
511,0.000000000000,0.000000000000,0.000482619886,0.000000000000,0.000000000000,0.000486686690,0.000000000000,0.000000000000,0.000489126772,0.000000000000,0.000000000000,0.000382922690,0.000000000000,0.000000000000,0.000400001370,0.000000000000,0.000000000000,0.000389975100,0.000000000000,0.000000000000,0.000237994789,0.000000000000,0.000000000000,0.000259661101,0.000000000000,0.000000000000,0.000232121686,0.000000000000,0.000000000000,0.000147680787,0.000000000000,0.000000000000,0.000164711151,0.000000000000,0.000000000000,0.000145959572,0.000000000000,0.000000000000,0.000117559229,0.000000000000,0.000000000000,0.000133220838,0.000000000000,0.000000000000,0.000101247646
512,0.000000000000,0.000000000000,0.000482619886,0.000000000000,0.000000000000,0.000486686690,0.000000000000,0.000000000000,0.000489126772,0.000000000000,0.000000000000,0.000382922690,0.000000000000,0.000000000000,0.000400001370,0.000000000000,0.000000000000,0.000389975100,0.000000000000,0.000000000000,0.000237994789,0.000000000000,0.000000000000,0.000259661101,0.000000000000,0.000000000000,0.000232234305,0.000000000000,0.000000000000,0.000147755350,0.000000000000,0.000000000000,0.000164728540,0.000000000000,0.000000000000,0.000145967739,0.000000000000,0.000000000000,0.000117570670,0.000000000000,0.000000000000,0.000133256575,0.000000000000,0.000000000000,0.000101247646
513,0.000000000000,0.000000000000,0.000482619886,0.000000000000,0.000000000000,0.000486686690,0.000000000000,0.000000000000,0.000489126772,0.000000000000,0.000000000000,0.000382922690,0.000000000000,0.000000000000,0.000400001370,0.000000000000,0.000000000000,0.000389975100,0.000000000000,0.000000000000,0.000237994789,0.000000000000,0.000000000000,0.000259661101,0.000000000000,0.000000000000,0.000232270944,0.000000000000,0.000000000000,0.000147761959,0.000000000000,0.000000000000,0.000164744271,0.000000000000,0.000000000000,0.000146220801,0.000000000000,0.000000000000,0.000117603381,0.000000000000,0.000000000000,0.000133278637,0.000000000000,0.000000000000,0.000101261158
514,0.000000000000,0.000000000000,0.000482619886,0.000000000000,0.000000000000,0.000486686690,0.000000000000,0.000000000000,0.000489126772,0.000000000000,0.000000000000,0.000382922690,0.000000000000,0.000000000000,0.000400858299,0.000000000000,0.000000000000,0.000389975100,0.000000000000,0.000000000000,0.000237994789,0.000000000000,0.000000000000,0.000259703822,0.000000000000,0.000000000000,0.000232398083,0.000000000000,0.000000000000,0.000147792438,0.000000000000,0.000000000000,0.000164744271,0.000000000000,0.000000000000,0.000146326943,0.000000000000,0.000000000000,0.000117614216,0.000000000000,0.000000000000,0.000133358948,0.000000000000,0.000000000000,0.000101284310
515,0.000000000000,0.000000000000,0.000482619886,0.000000000000,0.000000000000,0.000486686690,0.000000000000,0.000000000000,0.000489126772,0.000000000000,0.000000000000,0.000382922690,0.000000000000,0.000000000000,0.000400858299,0.000000000000,0.000000000000,0.000389975100,0.000000000000,0.000000000000,0.000238229319,0.000000000000,0.000000000000,0.000259924402,0.000000000000,0.000000000000,0.000232398083,0.000000000000,0.000000000000,0.000147816396,0.000000000000,0.000000000000,0.000164765487,0.000000000000,0.000000000000,0.000146420297,0.000000000000,0.000000000000,0.000117614216,0.000000000000,0.000000000000,0.000133374500,0.000000000000,0.000000000000,0.000101355818
516,0.000000000000,0.000000000000,0.000482619886,0.000000000000,0.000000000000,0.000486686690,0.000000000000,0.000000000000,0.000489126772,0.000000000000,0.000000000000,0.000383141965,0.000000000000,0.000000000000,0.000400858299,0.000000000000,0.000000000000,0.000389975100,0.000000000000,0.000000000000,0.000238299585,0.000000000000,0.000000000000,0.000259924402,0.000000000000,0.000000000000,0.000232402866,0.000000000000,0.000000000000,0.000147865744,0.000000000000,0.000000000000,0.000164765487,0.000000000000,0.000000000000,0.000146647333,0.000000000000,0.000000000000,0.000117791850,0.000000000000,0.000000000000,0.000133395100,0.000000000000,0.000000000000,0.000101432557
517,0.000000000000,0.000000000000,0.000482619886,0.000000000000,0.000000000000,0.000486686690,0.000000000000,0.000000000000,0.000489126772,0.000000000000,0.000000000000,0.000383490523,0.000000000000,0.000000000000,0.000400858299,0.000000000000,0.000000000000,0.000389975100,0.000000000000,0.000000000000,0.000238299585,0.000000000000,0.000000000000,0.000259953842,0.000000000000,0.000000000000,0.000232413339,0.000000000000,0.000000000000,0.000147865744,0.000000000000,0.000000000000,0.000164858972,0.000000000000,0.000000000000,0.000147412091,0.000000000000,0.000000000000,0.000117888161,0.000000000000,0.000000000000,0.000133455606,0.000000000000,0.000000000000,0.000101438267
518,0.000000000000,0.000000000000,0.000482619886,0.000000000000,0.000000000000,0.000486686690,0.000000000000,0.000000000000,0.000489126772,0.000000000000,0.000000000000,0.000383490523,0.000000000000,0.000000000000,0.000400858299,0.000000000000,0.000000000000,0.000389975100,0.000000000000,0.000000000000,0.000238745495,0.000000000000,0.000000000000,0.000260066272,0.000000000000,0.000000000000,0.000232580662,0.000000000000,0.000000000000,0.000147865744,0.000000000000,0.000000000000,0.000164900004,0.000000000000,0.000000000000,0.000147562991,0.000000000000,0.000000000000,0.000117891192,0.000000000000,0.000000000000,0.000133505107,0.000000000000,0.000000000000,0.000101459739
519,0.000000000000,0.000000000000,0.000482619886,0.000000000000,0.000000000000,0.000486686690,0.000000000000,0.000000000000,0.000489126772,0.000000000000,0.000000000000,0.000383490523,0.000000000000,0.000000000000,0.000400858299,0.000000000000,0.000000000000,0.000389975100,0.000000000000,0.000000000000,0.000238745495,0.000000000000,0.000000000000,0.000260066272,0.000000000000,0.000000000000,0.000232647129,0.000000000000,0.000000000000,0.000147865744,0.000000000000,0.000000000000,0.000165026110,0.000000000000,0.000000000000,0.000147802759,0.000000000000,0.000000000000,0.000117920624,0.000000000000,0.000000000000,0.000133520144,0.000000000000,0.000000000000,0.000101500639
520,0.000000000000,0.000000000000,0.000482619886,0.000000000000,0.000000000000,0.000486686690,0.000000000000,0.000000000000,0.000489126772,0.000000000000,0.000000000000,0.000383501711,0.000000000000,0.000000000000,0.000400858299,0.000000000000,0.000000000000,0.000389975100,0.000000000000,0.000000000000,0.000238771511,0.000000000000,0.000000000000,0.000260094578,0.000000000000,0.000000000000,0.000232757908,0.000000000000,0.000000000000,0.000147948339,0.000000000000,0.000000000000,0.000165026818,0.000000000000,0.000000000000,0.000148089705,0.000000000000,0.000000000000,0.000117925717,0.000000000000,0.000000000000,0.000133563160,0.000000000000,0.000000000000,0.000101512818
521,0.000000000000,0.000000000000,0.000482619886,0.000000000000,0.000000000000,0.000486686690,0.000000000000,0.000000000000,0.000489126772,0.000000000000,0.000000000000,0.000383501711,0.000000000000,0.000000000000,0.000400858299,0.000000000000,0.000000000000,0.000389975100,0.000000000000,0.000000000000,0.000238771511,0.000000000000,0.000000000000,0.000260208939,0.000000000000,0.000000000000,0.000232757908,0.000000000000,0.000000000000,0.000147949906,0.000000000000,0.000000000000,0.000165027089,0.000000000000,0.000000000000,0.000148341533,0.000000000000,0.000000000000,0.000117971550,0.000000000000,0.000000000000,0.000133642924,0.000000000000,0.000000000000,0.000101521605
522,0.000000000000,0.000000000000,0.000482619886,0.000000000000,0.000000000000,0.000486686690,0.000000000000,0.000000000000,0.000489126772,0.000000000000,0.000000000000,0.000383501711,0.000000000000,0.000000000000,0.000400858299,0.000000000000,0.000000000000,0.000389975100,0.000000000000,0.000000000000,0.000239136567,0.000000000000,0.000000000000,0.000260238777,0.000000000000,0.000000000000,0.000232759776,0.000000000000,0.000000000000,0.000147949906,0.000000000000,0.000000000000,0.000165027089,0.000000000000,0.000000000000,0.000148345553,0.000000000000,0.000000000000,0.000118005317,0.000000000000,0.000000000000,0.000133669947,0.000000000000,0.000000000000,0.000101566675
523,0.000000000000,0.000000000000,0.000482619886,0.000000000000,0.000000000000,0.000486686690,0.000000000000,0.000000000000,0.000489126772,0.000000000000,0.000000000000,0.000384318141,0.000000000000,0.000000000000,0.000401084018,0.000000000000,0.000000000000,0.000389975100,0.000000000000,0.000000000000,0.000239136567,0.000000000000,0.000000000000,0.000260238777,0.000000000000,0.000000000000,0.000232762328,0.000000000000,0.000000000000,0.000148012927,0.000000000000,0.000000000000,0.000165059132,0.000000000000,0.000000000000,0.000148367076,0.000000000000,0.000000000000,0.000118013938,0.000000000000,0.000000000000,0.000133816874,0.000000000000,0.000000000000,0.000101706279
524,0.000000000000,0.000000000000,0.000482619886,0.000000000000,0.000000000000,0.000486686690,0.000000000000,0.000000000000,0.000489126772,0.000000000000,0.000000000000,0.000384318141,0.000000000000,0.000000000000,0.000401084018,0.000000000000,0.000000000000,0.000390010105,0.000000000000,0.000000000000,0.000239560145,0.000000000000,0.000000000000,0.000260238777,0.000000000000,0.000000000000,0.000232762328,0.000000000000,0.000000000000,0.000148012927,0.000000000000,0.000000000000,0.000165059132,0.000000000000,0.000000000000,0.000148398799,0.000000000000,0.000000000000,0.000118088241,0.000000000000,0.000000000000,0.000134060314,0.000000000000,0.000000000000,0.000101834200
525,0.000000000000,0.000000000000,0.000482619886,0.000000000000,0.000000000000,0.000486686690,0.000000000000,0.000000000000,0.000489126772,0.000000000000,0.000000000000,0.000384318141,0.000000000000,0.000000000000,0.000401084018,0.000000000000,0.000000000000,0.000390013250,0.000000000000,0.000000000000,0.000239616950,0.000000000000,0.000000000000,0.000260238777,0.000000000000,0.000000000000,0.000232762328,0.000000000000,0.000000000000,0.000148012927,0.000000000000,0.000000000000,0.000165100878,0.000000000000,0.000000000000,0.000148471691,0.000000000000,0.000000000000,0.000118127581,0.000000000000,0.000000000000,0.000134159041,0.000000000000,0.000000000000,0.000101926751
526,0.000000000000,0.000000000000,0.000482619886,0.000000000000,0.000000000000,0.000486686690,0.000000000000,0.000000000000,0.000489126772,0.000000000000,0.000000000000,0.000384318141,0.000000000000,0.000000000000,0.000401084018,0.000000000000,0.000000000000,0.000390013250,0.000000000000,0.000000000000,0.000239616950,0.000000000000,0.000000000000,0.000260238777,0.000000000000,0.000000000000,0.000232913930,0.000000000000,0.000000000000,0.000148066698,0.000000000000,0.000000000000,0.000165122044,0.000000000000,0.000000000000,0.000148693853,0.000000000000,0.000000000000,0.000118145189,0.000000000000,0.000000000000,0.000134163228,0.000000000000,0.000000000000,0.000102000933
527,0.000000000000,0.000000000000,0.000482619886,0.000000000000,0.000000000000,0.000486686690,0.000000000000,0.000000000000,0.000489126772,0.000000000000,0.000000000000,0.000384318141,0.000000000000,0.000000000000,0.000401084018,0.000000000000,0.000000000000,0.000390013250,0.000000000000,0.000000000000,0.000239895466,0.000000000000,0.000000000000,0.000260238777,0.000000000000,0.000000000000,0.000233066486,0.000000000000,0.000000000000,0.000148098912,0.000000000000,0.000000000000,0.000165122044,0.000000000000,0.000000000000,0.000148775350,0.000000000000,0.000000000000,0.000118167026,0.000000000000,0.000000000000,0.000134185665,0.000000000000,0.000000000000,0.000102000933
528,0.000000000000,0.000000000000,0.000482619886,0.000000000000,0.000000000000,0.000486686690,0.000000000000,0.000000000000,0.000489126772,0.000000000000,0.000000000000,0.000384318141,0.000000000000,0.000000000000,0.000401084018,0.000000000000,0.000000000000,0.000390013250,0.000000000000,0.000000000000,0.000239895466,0.000000000000,0.000000000000,0.000260238777,0.000000000000,0.000000000000,0.000233213399,0.000000000000,0.000000000000,0.000148129237,0.000000000000,0.000000000000,0.000165149481,0.000000000000,0.000000000000,0.000148848315,0.000000000000,0.000000000000,0.000118167026,0.000000000000,0.000000000000,0.000134200501,0.000000000000,0.000000000000,0.000102209810
529,0.000000000000,0.000000000000,0.000482619886,0.000000000000,0.000000000000,0.000486686690,0.000000000000,0.000000000000,0.000489126772,0.000000000000,0.000000000000,0.000384318141,0.000000000000,0.000000000000,0.000401084018,0.000000000000,0.000000000000,0.000390013250,0.000000000000,0.000000000000,0.000240071764,0.000000000000,0.000000000000,0.000260238777,0.000000000000,0.000000000000,0.000233247336,0.000000000000,0.000000000000,0.000148220902,0.000000000000,0.000000000000,0.000165168041,0.000000000000,0.000000000000,0.000148860664,0.000000000000,0.000000000000,0.000118214872,0.000000000000,0.000000000000,0.000134216094,0.000000000000,0.000000000000,0.000102253088
530,0.000000000000,0.000000000000,0.000482619886,0.000000000000,0.000000000000,0.000486686690,0.000000000000,0.000000000000,0.000489126772,0.000000000000,0.000000000000,0.000385084187,0.000000000000,0.000000000000,0.000401084018,0.000000000000,0.000000000000,0.000390013250,0.000000000000,0.000000000000,0.000240071764,0.000000000000,0.000000000000,0.000260240005,0.000000000000,0.000000000000,0.000233249684,0.000000000000,0.000000000000,0.000148220902,0.000000000000,0.000000000000,0.000165175060,0.000000000000,0.000000000000,0.000149061942,0.000000000000,0.000000000000,0.000118232467,0.000000000000,0.000000000000,0.000134281610,0.000000000000,0.000000000000,0.000102368535
531,0.000000000000,0.000000000000,0.000482619886,0.000000000000,0.000000000000,0.000486686690,0.000000000000,0.000000000000,0.000489126772,0.000000000000,0.000000000000,0.000385850216,0.000000000000,0.000000000000,0.000401084018,0.000000000000,0.000000000000,0.000390013250,0.000000000000,0.000000000000,0.000240071764,0.000000000000,0.000000000000,0.000260240005,0.000000000000,0.000000000000,0.000233249684,0.000000000000,0.000000000000,0.000148251925,0.000000000000,0.000000000000,0.000165195337,0.000000000000,0.000000000000,0.000149110474,0.000000000000,0.000000000000,0.000118304856,0.000000000000,0.000000000000,0.000134311001,0.000000000000,0.000000000000,0.000102368535
532,0.000000000000,0.000000000000,0.000482619886,0.000000000000,0.000000000000,0.000486686690,0.000000000000,0.000000000000,0.000489126772,0.000000000000,0.000000000000,0.000385931398,0.000000000000,0.000000000000,0.000401084018,0.000000000000,0.000000000000,0.000390013250,0.000000000000,0.000000000000,0.000240071764,0.000000000000,0.000000000000,0.000260240005,0.000000000000,0.000000000000,0.000233452984,0.000000000000,0.000000000000,0.000148251925,0.000000000000,0.000000000000,0.000165317279,0.000000000000,0.000000000000,0.000149141452,0.000000000000,0.000000000000,0.000118360359,0.000000000000,0.000000000000,0.000134401352,0.000000000000,0.000000000000,0.000102438864
533,0.000000000000,0.000000000000,0.000482619886,0.000000000000,0.000000000000,0.000486686690,0.000000000000,0.000000000000,0.000489126772,0.000000000000,0.000000000000,0.000385931398,0.000000000000,0.000000000000,0.000401084018,0.000000000000,0.000000000000,0.000390013250,0.000000000000,0.000000000000,0.000240071764,0.000000000000,0.000000000000,0.000260267363,0.000000000000,0.000000000000,0.000233452984,0.000000000000,0.000000000000,0.000148251925,0.000000000000,0.000000000000,0.000165317279,0.000000000000,0.000000000000,0.000149200956,0.000000000000,0.000000000000,0.000118376238,0.000000000000,0.000000000000,0.000134535468,0.000000000000,0.000000000000,0.000102441561
534,0.000000000000,0.000000000000,0.000482619886,0.000000000000,0.000000000000,0.000486686690,0.000000000000,0.000000000000,0.000489126772,0.000000000000,0.000000000000,0.000385931398,0.000000000000,0.000000000000,0.000401084018,0.000000000000,0.000000000000,0.000390144350,0.000000000000,0.000000000000,0.000240170963,0.000000000000,0.000000000000,0.000260267363,0.000000000000,0.000000000000,0.000233461420,0.000000000000,0.000000000000,0.000148282668,0.000000000000,0.000000000000,0.000165485842,0.000000000000,0.000000000000,0.000149346730,0.000000000000,0.000000000000,0.000118386289,0.000000000000,0.000000000000,0.000134539824,0.000000000000,0.000000000000,0.000102455107
535,0.000000000000,0.000000000000,0.000482619886,0.000000000000,0.000000000000,0.000486686690,0.000000000000,0.000000000000,0.000489126772,0.000000000000,0.000000000000,0.000385931398,0.000000000000,0.000000000000,0.000401084018,0.000000000000,0.000000000000,0.000390144350,0.000000000000,0.000000000000,0.000240170963,0.000000000000,0.000000000000,0.000260267363,0.000000000000,0.000000000000,0.000233489527,0.000000000000,0.000000000000,0.000148303097,0.000000000000,0.000000000000,0.000165496391,0.000000000000,0.000000000000,0.000149357439,0.000000000000,0.000000000000,0.000118397656,0.000000000000,0.000000000000,0.000134539824,0.000000000000,0.000000000000,0.000102498109
536,0.000000000000,0.000000000000,0.000482619886,0.000000000000,0.000000000000,0.000486686690,0.000000000000,0.000000000000,0.000489126772,0.000000000000,0.000000000000,0.000385987621,0.000000000000,0.000000000000,0.000401084018,0.000000000000,0.000000000000,0.000390288895,0.000000000000,0.000000000000,0.000240180555,0.000000000000,0.000000000000,0.000260267363,0.000000000000,0.000000000000,0.000233506371,0.000000000000,0.000000000000,0.000148334383,0.000000000000,0.000000000000,0.000165502136,0.000000000000,0.000000000000,0.000149384029,0.000000000000,0.000000000000,0.000118452352,0.000000000000,0.000000000000,0.000134539824,0.000000000000,0.000000000000,0.000102620891
537,0.000000000000,0.000000000000,0.000482619886,0.000000000000,0.000000000000,0.000486686690,0.000000000000,0.000000000000,0.000489126772,0.000000000000,0.000000000000,0.000385987621,0.000000000000,0.000000000000,0.000401084018,0.000000000000,0.000000000000,0.000390288895,0.000000000000,0.000000000000,0.000240221257,0.000000000000,0.000000000000,0.000260267363,0.000000000000,0.000000000000,0.000233595844,0.000000000000,0.000000000000,0.000148367453,0.000000000000,0.000000000000,0.000165502136,0.000000000000,0.000000000000,0.000149450258,0.000000000000,0.000000000000,0.000118591791,0.000000000000,0.000000000000,0.000134586413,0.000000000000,0.000000000000,0.000102635403
538,0.000000000000,0.000000000000,0.000482619886,0.000000000000,0.000000000000,0.000486686690,0.000000000000,0.000000000000,0.000489126772,0.000000000000,0.000000000000,0.000386003522,0.000000000000,0.000000000000,0.000401084018,0.000000000000,0.000000000000,0.000390288895,0.000000000000,0.000000000000,0.000240221257,0.000000000000,0.000000000000,0.000260436727,0.000000000000,0.000000000000,0.000233670877,0.000000000000,0.000000000000,0.000148367453,0.000000000000,0.000000000000,0.000165560757,0.000000000000,0.000000000000,0.000149509277,0.000000000000,0.000000000000,0.000118612695,0.000000000000,0.000000000000,0.000134589676,0.000000000000,0.000000000000,0.000102653253
539,0.000000000000,0.000000000000,0.000482619886,0.000000000000,0.000000000000,0.000486686690,0.000000000000,0.000000000000,0.000489126772,0.000000000000,0.000000000000,0.000386022801,0.000000000000,0.000000000000,0.000401084018,0.000000000000,0.000000000000,0.000390288895,0.000000000000,0.000000000000,0.000240307111,0.000000000000,0.000000000000,0.000260446945,0.000000000000,0.000000000000,0.000233670877,0.000000000000,0.000000000000,0.000148384518,0.000000000000,0.000000000000,0.000165562860,0.000000000000,0.000000000000,0.000149699635,0.000000000000,0.000000000000,0.000118617524,0.000000000000,0.000000000000,0.000134626663,0.000000000000,0.000000000000,0.000102665702
540,0.000000000000,0.000000000000,0.000482619886,0.000000000000,0.000000000000,0.000486686690,0.000000000000,0.000000000000,0.000489126772,0.000000000000,0.000000000000,0.000386022801,0.000000000000,0.000000000000,0.000401084018,0.000000000000,0.000000000000,0.000390288895,0.000000000000,0.000000000000,0.000240307111,0.000000000000,0.000000000000,0.000260463764,0.000000000000,0.000000000000,0.000233810909,0.000000000000,0.000000000000,0.000148413538,0.000000000000,0.000000000000,0.000165578837,0.000000000000,0.000000000000,0.000149708530,0.000000000000,0.000000000000,0.000118683384,0.000000000000,0.000000000000,0.000134633911,0.000000000000,0.000000000000,0.000102712570
541,0.000000000000,0.000000000000,0.000482619886,0.000000000000,0.000000000000,0.000486686690,0.000000000000,0.000000000000,0.000489126772,0.000000000000,0.000000000000,0.000386022801,0.000000000000,0.000000000000,0.000401331878,0.000000000000,0.000000000000,0.000390288895,0.000000000000,0.000000000000,0.000240307111,0.000000000000,0.000000000000,0.000260463764,0.000000000000,0.000000000000,0.000233810909,0.000000000000,0.000000000000,0.000148504793,0.000000000000,0.000000000000,0.000165666789,0.000000000000,0.000000000000,0.000149816735,0.000000000000,0.000000000000,0.000118868098,0.000000000000,0.000000000000,0.000134768976,0.000000000000,0.000000000000,0.000103055837
542,0.000000000000,0.000000000000,0.000482619886,0.000000000000,0.000000000000,0.000486686690,0.000000000000,0.000000000000,0.000489126772,0.000000000000,0.000000000000,0.000386022801,0.000000000000,0.000000000000,0.000401331878,0.000000000000,0.000000000000,0.000390525968,0.000000000000,0.000000000000,0.000240403456,0.000000000000,0.000000000000,0.000260694196,0.000000000000,0.000000000000,0.000233916490,0.000000000000,0.000000000000,0.000148538650,0.000000000000,0.000000000000,0.000165697993,0.000000000000,0.000000000000,0.000149930692,0.000000000000,0.000000000000,0.000118869099,0.000000000000,0.000000000000,0.000134778036,0.000000000000,0.000000000000,0.000103059902
543,0.000000000000,0.000000000000,0.000482619886,0.000000000000,0.000000000000,0.000486686690,0.000000000000,0.000000000000,0.000489126772,0.000000000000,0.000000000000,0.000386022801,0.000000000000,0.000000000000,0.000401331878,0.000000000000,0.000000000000,0.000390525968,0.000000000000,0.000000000000,0.000240403456,0.000000000000,0.000000000000,0.000260694196,0.000000000000,0.000000000000,0.000234036462,0.000000000000,0.000000000000,0.000148564798,0.000000000000,0.000000000000,0.000165940983,0.000000000000,0.000000000000,0.000149954154,0.000000000000,0.000000000000,0.000118892474,0.000000000000,0.000000000000,0.000134853339,0.000000000000,0.000000000000,0.000103063980
544,0.000000000000,0.000000000000,0.000482619886,0.000000000000,0.000000000000,0.000486686690,0.000000000000,0.000000000000,0.000489126772,0.000000000000,0.000000000000,0.000386022801,0.000000000000,0.000000000000,0.000401331878,0.000000000000,0.000000000000,0.000390591504,0.000000000000,0.000000000000,0.000240528413,0.000000000000,0.000000000000,0.000260730688,0.000000000000,0.000000000000,0.000234036462,0.000000000000,0.000000000000,0.000148564798,0.000000000000,0.000000000000,0.000166024258,0.000000000000,0.000000000000,0.000149988396,0.000000000000,0.000000000000,0.000119034259,0.000000000000,0.000000000000,0.000134853339,0.000000000000,0.000000000000,0.000103080371
545,0.000000000000,0.000000000000,0.000482619886,0.000000000000,0.000000000000,0.000486686690,0.000000000000,0.000000000000,0.000489126772,0.000000000000,0.000000000000,0.000386047871,0.000000000000,0.000000000000,0.000401331878,0.000000000000,0.000000000000,0.000390591504,0.000000000000,0.000000000000,0.000240794839,0.000000000000,0.000000000000,0.000260834754,0.000000000000,0.000000000000,0.000234039978,0.000000000000,0.000000000000,0.000148618758,0.000000000000,0.000000000000,0.000166108176,0.000000000000,0.000000000000,0.000150128934,0.000000000000,0.000000000000,0.000119163927,0.000000000000,0.000000000000,0.000134853339,0.000000000000,0.000000000000,0.000103091848
546,0.000000000000,0.000000000000,0.000482619886,0.000000000000,0.000000000000,0.000486686690,0.000000000000,0.000000000000,0.000489126772,0.000000000000,0.000000000000,0.000386047871,0.000000000000,0.000000000000,0.000401331878,0.000000000000,0.000000000000,0.000390591504,0.000000000000,0.000000000000,0.000240895728,0.000000000000,0.000000000000,0.000260843866,0.000000000000,0.000000000000,0.000234163413,0.000000000000,0.000000000000,0.000148655429,0.000000000000,0.000000000000,0.000166108402,0.000000000000,0.000000000000,0.000150211607,0.000000000000,0.000000000000,0.000119203616,0.000000000000,0.000000000000,0.000134865039,0.000000000000,0.000000000000,0.000103096884
547,0.000000000000,0.000000000000,0.000482619886,0.000000000000,0.000000000000,0.000486686690,0.000000000000,0.000000000000,0.000489126772,0.000000000000,0.000000000000,0.000386047871,0.000000000000,0.000000000000,0.000401331878,0.000000000000,0.000000000000,0.000390591504,0.000000000000,0.000000000000,0.000240895728,0.000000000000,0.000000000000,0.000260846687,0.000000000000,0.000000000000,0.000234163413,0.000000000000,0.000000000000,0.000148665443,0.000000000000,0.000000000000,0.000166810301,0.000000000000,0.000000000000,0.000150294543,0.000000000000,0.000000000000,0.000119206850,0.000000000000,0.000000000000,0.000134972013,0.000000000000,0.000000000000,0.000103102326
548,0.000000000000,0.000000000000,0.000482619886,0.000000000000,0.000000000000,0.000486686690,0.000000000000,0.000000000000,0.000489126772,0.000000000000,0.000000000000,0.000386049884,0.000000000000,0.000000000000,0.000401331878,0.000000000000,0.000000000000,0.000390591504,0.000000000000,0.000000000000,0.000240895728,0.000000000000,0.000000000000,0.000260846687,0.000000000000,0.000000000000,0.000234163413,0.000000000000,0.000000000000,0.000148672966,0.000000000000,0.000000000000,0.000166854979,0.000000000000,0.000000000000,0.000150353089,0.000000000000,0.000000000000,0.000119214403,0.000000000000,0.000000000000,0.000135030748,0.000000000000,0.000000000000,0.000103294763
549,0.000000000000,0.000000000000,0.000482619886,0.000000000000,0.000000000000,0.000486686690,0.000000000000,0.000000000000,0.000489126772,0.000000000000,0.000000000000,0.000386108459,0.000000000000,0.000000000000,0.000401331878,0.000000000000,0.000000000000,0.000390591504,0.000000000000,0.000000000000,0.000240895728,0.000000000000,0.000000000000,0.000260846687,0.000000000000,0.000000000000,0.000234270943,0.000000000000,0.000000000000,0.000148834185,0.000000000000,0.000000000000,0.000166936515,0.000000000000,0.000000000000,0.000150377532,0.000000000000,0.000000000000,0.000119225753,0.000000000000,0.000000000000,0.000135445391,0.000000000000,0.000000000000,0.000103294763
550,0.000000000000,0.000000000000,0.000482619886,0.000000000000,0.000000000000,0.000486686690,0.000000000000,0.000000000000,0.000489126772,0.000000000000,0.000000000000,0.000386108459,0.000000000000,0.000000000000,0.000401331878,0.000000000000,0.000000000000,0.000390591504,0.000000000000,0.000000000000,0.000240933491,0.000000000000,0.000000000000,0.000260847379,0.000000000000,0.000000000000,0.000234438281,0.000000000000,0.000000000000,0.000148834185,0.000000000000,0.000000000000,0.000166954264,0.000000000000,0.000000000000,0.000150450645,0.000000000000,0.000000000000,0.000119297460,0.000000000000,0.000000000000,0.000135638550,0.000000000000,0.000000000000,0.000103413053
551,0.000000000000,0.000000000000,0.000482619886,0.000000000000,0.000000000000,0.000486686690,0.000000000000,0.000000000000,0.000489126772,0.000000000000,0.000000000000,0.000386398353,0.000000000000,0.000000000000,0.000401331878,0.000000000000,0.000000000000,0.000390591504,0.000000000000,0.000000000000,0.000240968024,0.000000000000,0.000000000000,0.000260850764,0.000000000000,0.000000000000,0.000235107081,0.000000000000,0.000000000000,0.000148878646,0.000000000000,0.000000000000,0.000167057228,0.000000000000,0.000000000000,0.000150473121,0.000000000000,0.000000000000,0.000119297460,0.000000000000,0.000000000000,0.000135699538,0.000000000000,0.000000000000,0.000103444694
552,0.000000000000,0.000000000000,0.000482619886,0.000000000000,0.000000000000,0.000486686690,0.000000000000,0.000000000000,0.000489126772,0.000000000000,0.000000000000,0.000386398353,0.000000000000,0.000000000000,0.000401331878,0.000000000000,0.000000000000,0.000390591504,0.000000000000,0.000000000000,0.000240968024,0.000000000000,0.000000000000,0.000260938236,0.000000000000,0.000000000000,0.000235249957,0.000000000000,0.000000000000,0.000149132174,0.000000000000,0.000000000000,0.000167057228,0.000000000000,0.000000000000,0.000150548579,0.000000000000,0.000000000000,0.000119301667,0.000000000000,0.000000000000,0.000135735895,0.000000000000,0.000000000000,0.000103500885
553,0.000000000000,0.000000000000,0.000482619886,0.000000000000,0.000000000000,0.000486686690,0.000000000000,0.000000000000,0.000489126772,0.000000000000,0.000000000000,0.000386398353,0.000000000000,0.000000000000,0.000401331878,0.000000000000,0.000000000000,0.000390591504,0.000000000000,0.000000000000,0.000241504095,0.000000000000,0.000000000000,0.000260941060,0.000000000000,0.000000000000,0.000235273136,0.000000000000,0.000000000000,0.000149132174,0.000000000000,0.000000000000,0.000167123754,0.000000000000,0.000000000000,0.000151046521,0.000000000000,0.000000000000,0.000119323751,0.000000000000,0.000000000000,0.000135752944,0.000000000000,0.000000000000,0.000103500885
554,0.000000000000,0.000000000000,0.000482619886,0.000000000000,0.000000000000,0.000486686690,0.000000000000,0.000000000000,0.000489126772,0.000000000000,0.000000000000,0.000386794539,0.000000000000,0.000000000000,0.000401331878,0.000000000000,0.000000000000,0.000390809644,0.000000000000,0.000000000000,0.000241592983,0.000000000000,0.000000000000,0.000261751860,0.000000000000,0.000000000000,0.000235318720,0.000000000000,0.000000000000,0.000149209557,0.000000000000,0.000000000000,0.000167153120,0.000000000000,0.000000000000,0.000151096067,0.000000000000,0.000000000000,0.000119327836,0.000000000000,0.000000000000,0.000135897117,0.000000000000,0.000000000000,0.000103553478
555,0.000000000000,0.000000000000,0.000482619886,0.000000000000,0.000000000000,0.000486701446,0.000000000000,0.000000000000,0.000489126772,0.000000000000,0.000000000000,0.000386794539,0.000000000000,0.000000000000,0.000401331878,0.000000000000,0.000000000000,0.000390809644,0.000000000000,0.000000000000,0.000241592983,0.000000000000,0.000000000000,0.000261751860,0.000000000000,0.000000000000,0.000235318720,0.000000000000,0.000000000000,0.000149296324,0.000000000000,0.000000000000,0.000167153120,0.000000000000,0.000000000000,0.000151373871,0.000000000000,0.000000000000,0.000119356924,0.000000000000,0.000000000000,0.000135897117,0.000000000000,0.000000000000,0.000103590596
556,0.000000000000,0.000000000000,0.000482619886,0.000000000000,0.000000000000,0.000486701446,0.000000000000,0.000000000000,0.000489126772,0.000000000000,0.000000000000,0.000386794539,0.000000000000,0.000000000000,0.000401470184,0.000000000000,0.000000000000,0.000390809644,0.000000000000,0.000000000000,0.000241592983,0.000000000000,0.000000000000,0.000261753248,0.000000000000,0.000000000000,0.000235318720,0.000000000000,0.000000000000,0.000149388898,0.000000000000,0.000000000000,0.000167191425,0.000000000000,0.000000000000,0.000151398296,0.000000000000,0.000000000000,0.000119356924,0.000000000000,0.000000000000,0.000135978933,0.000000000000,0.000000000000,0.000103590596
557,0.000000000000,0.000000000000,0.000482619886,0.000000000000,0.000000000000,0.000486701446,0.000000000000,0.000000000000,0.000489126772,0.000000000000,0.000000000000,0.000386794539,0.000000000000,0.000000000000,0.000401470184,0.000000000000,0.000000000000,0.000390809644,0.000000000000,0.000000000000,0.000241592983,0.000000000000,0.000000000000,0.000262026065,0.000000000000,0.000000000000,0.000235346605,0.000000000000,0.000000000000,0.000149403265,0.000000000000,0.000000000000,0.000167191425,0.000000000000,0.000000000000,0.000151407433,0.000000000000,0.000000000000,0.000119413850,0.000000000000,0.000000000000,0.000135980380,0.000000000000,0.000000000000,0.000103724070
558,0.000000000000,0.000000000000,0.000482619886,0.000000000000,0.000000000000,0.000486701446,0.000000000000,0.000000000000,0.000489126772,0.000000000000,0.000000000000,0.000386794539,0.000000000000,0.000000000000,0.000401470184,0.000000000000,0.000000000000,0.000390809644,0.000000000000,0.000000000000,0.000241592983,0.000000000000,0.000000000000,0.000262026065,0.000000000000,0.000000000000,0.000235382210,0.000000000000,0.000000000000,0.000149403265,0.000000000000,0.000000000000,0.000167226399,0.000000000000,0.000000000000,0.000151547600,0.000000000000,0.000000000000,0.000119501759,0.000000000000,0.000000000000,0.000135990291,0.000000000000,0.000000000000,0.000103794424
559,0.000000000000,0.000000000000,0.000482619886,0.000000000000,0.000000000000,0.000486701446,0.000000000000,0.000000000000,0.000489126772,0.000000000000,0.000000000000,0.000386794539,0.000000000000,0.000000000000,0.000401470184,0.000000000000,0.000000000000,0.000390809644,0.000000000000,0.000000000000,0.000241592983,0.000000000000,0.000000000000,0.000262026065,0.000000000000,0.000000000000,0.000235382210,0.000000000000,0.000000000000,0.000149403265,0.000000000000,0.000000000000,0.000167320573,0.000000000000,0.000000000000,0.000151627536,0.000000000000,0.000000000000,0.000119630077,0.000000000000,0.000000000000,0.000135990395,0.000000000000,0.000000000000,0.000103802170
560,0.000000000000,0.000000000000,0.000482619886,0.000000000000,0.000000000000,0.000486701446,0.000000000000,0.000000000000,0.000489126772,0.000000000000,0.000000000000,0.000386953132,0.000000000000,0.000000000000,0.000401470184,0.000000000000,0.000000000000,0.000391303149,0.000000000000,0.000000000000,0.000241597204,0.000000000000,0.000000000000,0.000262026065,0.000000000000,0.000000000000,0.000235382210,0.000000000000,0.000000000000,0.000149403265,0.000000000000,0.000000000000,0.000167347133,0.000000000000,0.000000000000,0.000151628241,0.000000000000,0.000000000000,0.000119780120,0.000000000000,0.000000000000,0.000136113592,0.000000000000,0.000000000000,0.000103864673
561,0.000000000000,0.000000000000,0.000482619886,0.000000000000,0.000000000000,0.000486701446,0.000000000000,0.000000000000,0.000489126772,0.000000000000,0.000000000000,0.000386953132,0.000000000000,0.000000000000,0.000401478557,0.000000000000,0.000000000000,0.000391303149,0.000000000000,0.000000000000,0.000241706210,0.000000000000,0.000000000000,0.000262060520,0.000000000000,0.000000000000,0.000235382210,0.000000000000,0.000000000000,0.000149426220,0.000000000000,0.000000000000,0.000167503295,0.000000000000,0.000000000000,0.000151738915,0.000000000000,0.000000000000,0.000119790793,0.000000000000,0.000000000000,0.000136120645,0.000000000000,0.000000000000,0.000103899031
562,0.000000000000,0.000000000000,0.000482619886,0.000000000000,0.000000000000,0.000486701446,0.000000000000,0.000000000000,0.000489126772,0.000000000000,0.000000000000,0.000386953132,0.000000000000,0.000000000000,0.000401478557,0.000000000000,0.000000000000,0.000391303149,0.000000000000,0.000000000000,0.000241706210,0.000000000000,0.000000000000,0.000262060520,0.000000000000,0.000000000000,0.000235383154,0.000000000000,0.000000000000,0.000149516165,0.000000000000,0.000000000000,0.000167507382,0.000000000000,0.000000000000,0.000151804037,0.000000000000,0.000000000000,0.000119954554,0.000000000000,0.000000000000,0.000136180187,0.000000000000,0.000000000000,0.000103899031
563,0.000000000000,0.000000000000,0.000482619886,0.000000000000,0.000000000000,0.000486701446,0.000000000000,0.000000000000,0.000489126772,0.000000000000,0.000000000000,0.000386953132,0.000000000000,0.000000000000,0.000401478557,0.000000000000,0.000000000000,0.000391303149,0.000000000000,0.000000000000,0.000241706210,0.000000000000,0.000000000000,0.000262087172,0.000000000000,0.000000000000,0.000235383154,0.000000000000,0.000000000000,0.000149516165,0.000000000000,0.000000000000,0.000167507382,0.000000000000,0.000000000000,0.000151813855,0.000000000000,0.000000000000,0.000120021234,0.000000000000,0.000000000000,0.000136335172,0.000000000000,0.000000000000,0.000103904684
564,0.000000000000,0.000000000000,0.000482619886,0.000000000000,0.000000000000,0.000486701446,0.000000000000,0.000000000000,0.000489126772,0.000000000000,0.000000000000,0.000386953132,0.000000000000,0.000000000000,0.000401478557,0.000000000000,0.000000000000,0.000391303149,0.000000000000,0.000000000000,0.000241709100,0.000000000000,0.000000000000,0.000262800697,0.000000000000,0.000000000000,0.000235468806,0.000000000000,0.000000000000,0.000149639662,0.000000000000,0.000000000000,0.000167519308,0.000000000000,0.000000000000,0.000151859716,0.000000000000,0.000000000000,0.000120143578,0.000000000000,0.000000000000,0.000136481996,0.000000000000,0.000000000000,0.000103947645
565,0.000000000000,0.000000000000,0.000482619886,0.000000000000,0.000000000000,0.000487500051,0.000000000000,0.000000000000,0.000489126772,0.000000000000,0.000000000000,0.000386953132,0.000000000000,0.000000000000,0.000401478557,0.000000000000,0.000000000000,0.000391303149,0.000000000000,0.000000000000,0.000241709100,0.000000000000,0.000000000000,0.000262917887,0.000000000000,0.000000000000,0.000235943850,0.000000000000,0.000000000000,0.000149639662,0.000000000000,0.000000000000,0.000167519308,0.000000000000,0.000000000000,0.000151877278,0.000000000000,0.000000000000,0.000120143578,0.000000000000,0.000000000000,0.000136662378,0.000000000000,0.000000000000,0.000103971679
566,0.000000000000,0.000000000000,0.000482619886,0.000000000000,0.000000000000,0.000487500051,0.000000000000,0.000000000000,0.000489126772,0.000000000000,0.000000000000,0.000386953132,0.000000000000,0.000000000000,0.000401478557,0.000000000000,0.000000000000,0.000391303149,0.000000000000,0.000000000000,0.000241831730,0.000000000000,0.000000000000,0.000262917887,0.000000000000,0.000000000000,0.000235943850,0.000000000000,0.000000000000,0.000149725908,0.000000000000,0.000000000000,0.000167541808,0.000000000000,0.000000000000,0.000151944159,0.000000000000,0.000000000000,0.000120168022,0.000000000000,0.000000000000,0.000136748380,0.000000000000,0.000000000000,0.000104002870
567,0.000000000000,0.000000000000,0.000482619886,0.000000000000,0.000000000000,0.000487500051,0.000000000000,0.000000000000,0.000489126772,0.000000000000,0.000000000000,0.000386953132,0.000000000000,0.000000000000,0.000401478557,0.000000000000,0.000000000000,0.000391303149,0.000000000000,0.000000000000,0.000242049475,0.000000000000,0.000000000000,0.000262926036,0.000000000000,0.000000000000,0.000235943850,0.000000000000,0.000000000000,0.000149749910,0.000000000000,0.000000000000,0.000167674405,0.000000000000,0.000000000000,0.000152036063,0.000000000000,0.000000000000,0.000120328654,0.000000000000,0.000000000000,0.000136754698,0.000000000000,0.000000000000,0.000104027532
568,0.000000000000,0.000000000000,0.000482619886,0.000000000000,0.000000000000,0.000487500051,0.000000000000,0.000000000000,0.000489126772,0.000000000000,0.000000000000,0.000386953132,0.000000000000,0.000000000000,0.000401478557,0.000000000000,0.000000000000,0.000391303149,0.000000000000,0.000000000000,0.000242208019,0.000000000000,0.000000000000,0.000262926036,0.000000000000,0.000000000000,0.000235943850,0.000000000000,0.000000000000,0.000149749910,0.000000000000,0.000000000000,0.000167674405,0.000000000000,0.000000000000,0.000152136702,0.000000000000,0.000000000000,0.000120334893,0.000000000000,0.000000000000,0.000136852840,0.000000000000,0.000000000000,0.000104074307
569,0.000000000000,0.000000000000,0.000482619886,0.000000000000,0.000000000000,0.000487500051,0.000000000000,0.000000000000,0.000489126772,0.000000000000,0.000000000000,0.000386953132,0.000000000000,0.000000000000,0.000401478557,0.000000000000,0.000000000000,0.000391303149,0.000000000000,0.000000000000,0.000242214801,0.000000000000,0.000000000000,0.000262991220,0.000000000000,0.000000000000,0.000236166318,0.000000000000,0.000000000000,0.000149810299,0.000000000000,0.000000000000,0.000167683235,0.000000000000,0.000000000000,0.000152181684,0.000000000000,0.000000000000,0.000120547646,0.000000000000,0.000000000000,0.000136852840,0.000000000000,0.000000000000,0.000104375298
570,0.000000000000,0.000000000000,0.000482619886,0.000000000000,0.000000000000,0.000487500051,0.000000000000,0.000000000000,0.000489126772,0.000000000000,0.000000000000,0.000386953132,0.000000000000,0.000000000000,0.000401478557,0.000000000000,0.000000000000,0.000391303149,0.000000000000,0.000000000000,0.000242214801,0.000000000000,0.000000000000,0.000263059657,0.000000000000,0.000000000000,0.000236300217,0.000000000000,0.000000000000,0.000150107271,0.000000000000,0.000000000000,0.000167735335,0.000000000000,0.000000000000,0.000152223595,0.000000000000,0.000000000000,0.000120554167,0.000000000000,0.000000000000,0.000136865484,0.000000000000,0.000000000000,0.000104552200
571,0.000000000000,0.000000000000,0.000482619886,0.000000000000,0.000000000000,0.000487500051,0.000000000000,0.000000000000,0.000489126772,0.000000000000,0.000000000000,0.000386953132,0.000000000000,0.000000000000,0.000401478557,0.000000000000,0.000000000000,0.000391303149,0.000000000000,0.000000000000,0.000242278466,0.000000000000,0.000000000000,0.000263059657,0.000000000000,0.000000000000,0.000236325429,0.000000000000,0.000000000000,0.000150130389,0.000000000000,0.000000000000,0.000167759730,0.000000000000,0.000000000000,0.000152262472,0.000000000000,0.000000000000,0.000120672296,0.000000000000,0.000000000000,0.000136891819,0.000000000000,0.000000000000,0.000104552200
572,0.000000000000,0.000000000000,0.000482619886,0.000000000000,0.000000000000,0.000487500051,0.000000000000,0.000000000000,0.000489126772,0.000000000000,0.000000000000,0.000386953132,0.000000000000,0.000000000000,0.000401478557,0.000000000000,0.000000000000,0.000391344089,0.000000000000,0.000000000000,0.000242333373,0.000000000000,0.000000000000,0.000263059657,0.000000000000,0.000000000000,0.000237077461,0.000000000000,0.000000000000,0.000150270249,0.000000000000,0.000000000000,0.000167759730,0.000000000000,0.000000000000,0.000152337390,0.000000000000,0.000000000000,0.000120672296,0.000000000000,0.000000000000,0.000136892466,0.000000000000,0.000000000000,0.000104552200
573,0.000000000000,0.000000000000,0.000482619886,0.000000000000,0.000000000000,0.000487500051,0.000000000000,0.000000000000,0.000489126772,0.000000000000,0.000000000000,0.000386953132,0.000000000000,0.000000000000,0.000401478557,0.000000000000,0.000000000000,0.000391344089,0.000000000000,0.000000000000,0.000242333373,0.000000000000,0.000000000000,0.000263059657,0.000000000000,0.000000000000,0.000237127602,0.000000000000,0.000000000000,0.000150270249,0.000000000000,0.000000000000,0.000167760517,0.000000000000,0.000000000000,0.000152343067,0.000000000000,0.000000000000,0.000120772166,0.000000000000,0.000000000000,0.000136920655,0.000000000000,0.000000000000,0.000104636659
574,0.000000000000,0.000000000000,0.000482619886,0.000000000000,0.000000000000,0.000487500051,0.000000000000,0.000000000000,0.000489126772,0.000000000000,0.000000000000,0.000386953132,0.000000000000,0.000000000000,0.000401478557,0.000000000000,0.000000000000,0.000391344089,0.000000000000,0.000000000000,0.000242333373,0.000000000000,0.000000000000,0.000263726975,0.000000000000,0.000000000000,0.000237238969,0.000000000000,0.000000000000,0.000150455991,0.000000000000,0.000000000000,0.000167781268,0.000000000000,0.000000000000,0.000152343067,0.000000000000,0.000000000000,0.000120805254,0.000000000000,0.000000000000,0.000136932242,0.000000000000,0.000000000000,0.000104636659
575,0.000000000000,0.000000000000,0.000482619886,0.000000000000,0.000000000000,0.000487500051,0.000000000000,0.000000000000,0.000489126772,0.000000000000,0.000000000000,0.000386953132,0.000000000000,0.000000000000,0.000401478557,0.000000000000,0.000000000000,0.000391358719,0.000000000000,0.000000000000,0.000242333373,0.000000000000,0.000000000000,0.000263898280,0.000000000000,0.000000000000,0.000237306314,0.000000000000,0.000000000000,0.000150455991,0.000000000000,0.000000000000,0.000167781268,0.000000000000,0.000000000000,0.000152343067,0.000000000000,0.000000000000,0.000120806778,0.000000000000,0.000000000000,0.000136932242,0.000000000000,0.000000000000,0.000104636659
576,0.000000000000,0.000000000000,0.000482619886,0.000000000000,0.000000000000,0.000487500051,0.000000000000,0.000000000000,0.000489126772,0.000000000000,0.000000000000,0.000386953132,0.000000000000,0.000000000000,0.000401478557,0.000000000000,0.000000000000,0.000392438129,0.000000000000,0.000000000000,0.000242333373,0.000000000000,0.000000000000,0.000263908369,0.000000000000,0.000000000000,0.000237633971,0.000000000000,0.000000000000,0.000150623059,0.000000000000,0.000000000000,0.000167781268,0.000000000000,0.000000000000,0.000152362077,0.000000000000,0.000000000000,0.000120835062,0.000000000000,0.000000000000,0.000137002524,0.000000000000,0.000000000000,0.000104671517
577,0.000000000000,0.000000000000,0.000482619886,0.000000000000,0.000000000000,0.000487500051,0.000000000000,0.000000000000,0.000489126772,0.000000000000,0.000000000000,0.000386953132,0.000000000000,0.000000000000,0.000401478557,0.000000000000,0.000000000000,0.000392438129,0.000000000000,0.000000000000,0.000242348534,0.000000000000,0.000000000000,0.000263963883,0.000000000000,0.000000000000,0.000237636472,0.000000000000,0.000000000000,0.000150623059,0.000000000000,0.000000000000,0.000167784588,0.000000000000,0.000000000000,0.000152374360,0.000000000000,0.000000000000,0.000120920571,0.000000000000,0.000000000000,0.000137098226,0.000000000000,0.000000000000,0.000104671517
578,0.000000000000,0.000000000000,0.000482619886,0.000000000000,0.000000000000,0.000487500051,0.000000000000,0.000000000000,0.000489126772,0.000000000000,0.000000000000,0.000386953132,0.000000000000,0.000000000000,0.000401478557,0.000000000000,0.000000000000,0.000392438129,0.000000000000,0.000000000000,0.000242348534,0.000000000000,0.000000000000,0.000263963883,0.000000000000,0.000000000000,0.000237636472,0.000000000000,0.000000000000,0.000150623059,0.000000000000,0.000000000000,0.000167787465,0.000000000000,0.000000000000,0.000152386354,0.000000000000,0.000000000000,0.000120920571,0.000000000000,0.000000000000,0.000137098226,0.000000000000,0.000000000000,0.000104671517
579,0.000000000000,0.000000000000,0.000482619886,0.000000000000,0.000000000000,0.000487500051,0.000000000000,0.000000000000,0.000489126772,0.000000000000,0.000000000000,0.000386953132,0.000000000000,0.000000000000,0.000401478557,0.000000000000,0.000000000000,0.000392438129,0.000000000000,0.000000000000,0.000242348534,0.000000000000,0.000000000000,0.000264045677,0.000000000000,0.000000000000,0.000237636472,0.000000000000,0.000000000000,0.000150629700,0.000000000000,0.000000000000,0.000167787465,0.000000000000,0.000000000000,0.000152386354,0.000000000000,0.000000000000,0.000120949458,0.000000000000,0.000000000000,0.000137229657,0.000000000000,0.000000000000,0.000104698882
580,0.000000000000,0.000000000000,0.000482619886,0.000000000000,0.000000000000,0.000487500051,0.000000000000,0.000000000000,0.000489126772,0.000000000000,0.000000000000,0.000386953132,0.000000000000,0.000000000000,0.000401478557,0.000000000000,0.000000000000,0.000392438129,0.000000000000,0.000000000000,0.000242419964,0.000000000000,0.000000000000,0.000264247441,0.000000000000,0.000000000000,0.000237660261,0.000000000000,0.000000000000,0.000150631779,0.000000000000,0.000000000000,0.000167867515,0.000000000000,0.000000000000,0.000152386354,0.000000000000,0.000000000000,0.000121020004,0.000000000000,0.000000000000,0.000137266864,0.000000000000,0.000000000000,0.000104698882
581,0.000000000000,0.000000000000,0.000482619886,0.000000000000,0.000000000000,0.000487500051,0.000000000000,0.000000000000,0.000489126772,0.000000000000,0.000000000000,0.000386953132,0.000000000000,0.000000000000,0.000401478557,0.000000000000,0.000000000000,0.000392438129,0.000000000000,0.000000000000,0.000242419964,0.000000000000,0.000000000000,0.000264336598,0.000000000000,0.000000000000,0.000237856938,0.000000000000,0.000000000000,0.000150631779,0.000000000000,0.000000000000,0.000167880589,0.000000000000,0.000000000000,0.000152455616,0.000000000000,0.000000000000,0.000121030813,0.000000000000,0.000000000000,0.000137288871,0.000000000000,0.000000000000,0.000104770572
582,0.000000000000,0.000000000000,0.000482619886,0.000000000000,0.000000000000,0.000487500051,0.000000000000,0.000000000000,0.000489126772,0.000000000000,0.000000000000,0.000386953132,0.000000000000,0.000000000000,0.000401478557,0.000000000000,0.000000000000,0.000392438129,0.000000000000,0.000000000000,0.000242419964,0.000000000000,0.000000000000,0.000264336598,0.000000000000,0.000000000000,0.000237902378,0.000000000000,0.000000000000,0.000150631779,0.000000000000,0.000000000000,0.000167896203,0.000000000000,0.000000000000,0.000152455701,0.000000000000,0.000000000000,0.000121163656,0.000000000000,0.000000000000,0.000137416036,0.000000000000,0.000000000000,0.000104770572
583,0.000000000000,0.000000000000,0.000482619886,0.000000000000,0.000000000000,0.000487500051,0.000000000000,0.000000000000,0.000489126772,0.000000000000,0.000000000000,0.000386953132,0.000000000000,0.000000000000,0.000401478557,0.000000000000,0.000000000000,0.000392438129,0.000000000000,0.000000000000,0.000242634143,0.000000000000,0.000000000000,0.000264336598,0.000000000000,0.000000000000,0.000238041720,0.000000000000,0.000000000000,0.000150863402,0.000000000000,0.000000000000,0.000167896203,0.000000000000,0.000000000000,0.000152456917,0.000000000000,0.000000000000,0.000121210307,0.000000000000,0.000000000000,0.000137573533,0.000000000000,0.000000000000,0.000104770572
584,0.000000000000,0.000000000000,0.000482619886,0.000000000000,0.000000000000,0.000487500051,0.000000000000,0.000000000000,0.000489126772,0.000000000000,0.000000000000,0.000386953132,0.000000000000,0.000000000000,0.000401478557,0.000000000000,0.000000000000,0.000392438129,0.000000000000,0.000000000000,0.000243080749,0.000000000000,0.000000000000,0.000264336598,0.000000000000,0.000000000000,0.000238041720,0.000000000000,0.000000000000,0.000150983748,0.000000000000,0.000000000000,0.000167940682,0.000000000000,0.000000000000,0.000152767433,0.000000000000,0.000000000000,0.000121262662,0.000000000000,0.000000000000,0.000137637879,0.000000000000,0.000000000000,0.000104792865
585,0.000000000000,0.000000000000,0.000482619886,0.000000000000,0.000000000000,0.000487500051,0.000000000000,0.000000000000,0.000489126772,0.000000000000,0.000000000000,0.000386953132,0.000000000000,0.000000000000,0.000401478557,0.000000000000,0.000000000000,0.000392438129,0.000000000000,0.000000000000,0.000243489191,0.000000000000,0.000000000000,0.000264336598,0.000000000000,0.000000000000,0.000238086346,0.000000000000,0.000000000000,0.000150985639,0.000000000000,0.000000000000,0.000167943872,0.000000000000,0.000000000000,0.000152771737,0.000000000000,0.000000000000,0.000121262662,0.000000000000,0.000000000000,0.000137670657,0.000000000000,0.000000000000,0.000104825113
586,0.000000000000,0.000000000000,0.000482619886,0.000000000000,0.000000000000,0.000487500051,0.000000000000,0.000000000000,0.000489126772,0.000000000000,0.000000000000,0.000386953132,0.000000000000,0.000000000000,0.000401478557,0.000000000000,0.000000000000,0.000392829024,0.000000000000,0.000000000000,0.000243628906,0.000000000000,0.000000000000,0.000264336598,0.000000000000,0.000000000000,0.000238526234,0.000000000000,0.000000000000,0.000150985639,0.000000000000,0.000000000000,0.000167943872,0.000000000000,0.000000000000,0.000152816773,0.000000000000,0.000000000000,0.000121406176,0.000000000000,0.000000000000,0.000137693793,0.000000000000,0.000000000000,0.000104828680
587,0.000000000000,0.000000000000,0.000482619886,0.000000000000,0.000000000000,0.000487500051,0.000000000000,0.000000000000,0.000489126772,0.000000000000,0.000000000000,0.000386953132,0.000000000000,0.000000000000,0.000401478557,0.000000000000,0.000000000000,0.000393473072,0.000000000000,0.000000000000,0.000243628906,0.000000000000,0.000000000000,0.000264336598,0.000000000000,0.000000000000,0.000238598044,0.000000000000,0.000000000000,0.000151053546,0.000000000000,0.000000000000,0.000167961232,0.000000000000,0.000000000000,0.000152816773,0.000000000000,0.000000000000,0.000121467059,0.000000000000,0.000000000000,0.000137737417,0.000000000000,0.000000000000,0.000104828680
588,0.000000000000,0.000000000000,0.000482619886,0.000000000000,0.000000000000,0.000487500051,0.000000000000,0.000000000000,0.000489126772,0.000000000000,0.000000000000,0.000386953132,0.000000000000,0.000000000000,0.000401478557,0.000000000000,0.000000000000,0.000393473072,0.000000000000,0.000000000000,0.000243976829,0.000000000000,0.000000000000,0.000264336598,0.000000000000,0.000000000000,0.000238829962,0.000000000000,0.000000000000,0.000151053546,0.000000000000,0.000000000000,0.000168464884,0.000000000000,0.000000000000,0.000152856371,0.000000000000,0.000000000000,0.000121473733,0.000000000000,0.000000000000,0.000137737475,0.000000000000,0.000000000000,0.000104857250
589,0.000000000000,0.000000000000,0.000482619886,0.000000000000,0.000000000000,0.000487500051,0.000000000000,0.000000000000,0.000489126772,0.000000000000,0.000000000000,0.000386953132,0.000000000000,0.000000000000,0.000401478557,0.000000000000,0.000000000000,0.000393473072,0.000000000000,0.000000000000,0.000243976829,0.000000000000,0.000000000000,0.000264336598,0.000000000000,0.000000000000,0.000238829962,0.000000000000,0.000000000000,0.000151061901,0.000000000000,0.000000000000,0.000168522529,0.000000000000,0.000000000000,0.000152882151,0.000000000000,0.000000000000,0.000121519412,0.000000000000,0.000000000000,0.000137753425,0.000000000000,0.000000000000,0.000104857250
590,0.000000000000,0.000000000000,0.000482619886,0.000000000000,0.000000000000,0.000487500051,0.000000000000,0.000000000000,0.000489126772,0.000000000000,0.000000000000,0.000386997163,0.000000000000,0.000000000000,0.000401478557,0.000000000000,0.000000000000,0.000393473072,0.000000000000,0.000000000000,0.000243976829,0.000000000000,0.000000000000,0.000264336598,0.000000000000,0.000000000000,0.000239007847,0.000000000000,0.000000000000,0.000151065695,0.000000000000,0.000000000000,0.000168529135,0.000000000000,0.000000000000,0.000153006697,0.000000000000,0.000000000000,0.000121757969,0.000000000000,0.000000000000,0.000137795130,0.000000000000,0.000000000000,0.000105032324
591,0.000000000000,0.000000000000,0.000482619886,0.000000000000,0.000000000000,0.000487500051,0.000000000000,0.000000000000,0.000489126772,0.000000000000,0.000000000000,0.000386997163,0.000000000000,0.000000000000,0.000401478557,0.000000000000,0.000000000000,0.000393473072,0.000000000000,0.000000000000,0.000244115468,0.000000000000,0.000000000000,0.000264336598,0.000000000000,0.000000000000,0.000239007847,0.000000000000,0.000000000000,0.000151109184,0.000000000000,0.000000000000,0.000168529135,0.000000000000,0.000000000000,0.000153024293,0.000000000000,0.000000000000,0.000121946706,0.000000000000,0.000000000000,0.000137859675,0.000000000000,0.000000000000,0.000105451398
592,0.000000000000,0.000000000000,0.000482619886,0.000000000000,0.000000000000,0.000487500051,0.000000000000,0.000000000000,0.000489126772,0.000000000000,0.000000000000,0.000386997163,0.000000000000,0.000000000000,0.000401478557,0.000000000000,0.000000000000,0.000393520362,0.000000000000,0.000000000000,0.000244133362,0.000000000000,0.000000000000,0.000264437045,0.000000000000,0.000000000000,0.000239123225,0.000000000000,0.000000000000,0.000151109184,0.000000000000,0.000000000000,0.000168529135,0.000000000000,0.000000000000,0.000153060655,0.000000000000,0.000000000000,0.000121951237,0.000000000000,0.000000000000,0.000138205730,0.000000000000,0.000000000000,0.000105534807
593,0.000000000000,0.000000000000,0.000482619886,0.000000000000,0.000000000000,0.000487500051,0.000000000000,0.000000000000,0.000489126772,0.000000000000,0.000000000000,0.000386997163,0.000000000000,0.000000000000,0.000401478557,0.000000000000,0.000000000000,0.000393650031,0.000000000000,0.000000000000,0.000244335854,0.000000000000,0.000000000000,0.000264437045,0.000000000000,0.000000000000,0.000239135733,0.000000000000,0.000000000000,0.000151281865,0.000000000000,0.000000000000,0.000168530987,0.000000000000,0.000000000000,0.000153067823,0.000000000000,0.000000000000,0.000121973477,0.000000000000,0.000000000000,0.000138211019,0.000000000000,0.000000000000,0.000105534807
594,0.000000000000,0.000000000000,0.000482619886,0.000000000000,0.000000000000,0.000487500051,0.000000000000,0.000000000000,0.000489126772,0.000000000000,0.000000000000,0.000386997163,0.000000000000,0.000000000000,0.000401478557,0.000000000000,0.000000000000,0.000393650031,0.000000000000,0.000000000000,0.000244361046,0.000000000000,0.000000000000,0.000264437045,0.000000000000,0.000000000000,0.000239167979,0.000000000000,0.000000000000,0.000151383849,0.000000000000,0.000000000000,0.000168538144,0.000000000000,0.000000000000,0.000153067823,0.000000000000,0.000000000000,0.000122006131,0.000000000000,0.000000000000,0.000138224475,0.000000000000,0.000000000000,0.000105534807
595,0.000000000000,0.000000000000,0.000482619886,0.000000000000,0.000000000000,0.000487500051,0.000000000000,0.000000000000,0.000489126772,0.000000000000,0.000000000000,0.000386997163,0.000000000000,0.000000000000,0.000401478557,0.000000000000,0.000000000000,0.000393650031,0.000000000000,0.000000000000,0.000244361046,0.000000000000,0.000000000000,0.000264437045,0.000000000000,0.000000000000,0.000239256470,0.000000000000,0.000000000000,0.000151451814,0.000000000000,0.000000000000,0.000168538144,0.000000000000,0.000000000000,0.000153079662,0.000000000000,0.000000000000,0.000122275951,0.000000000000,0.000000000000,0.000138280047,0.000000000000,0.000000000000,0.000105628036
596,0.000000000000,0.000000000000,0.000482619886,0.000000000000,0.000000000000,0.000487500051,0.000000000000,0.000000000000,0.000489126772,0.000000000000,0.000000000000,0.000386997163,0.000000000000,0.000000000000,0.000401478557,0.000000000000,0.000000000000,0.000393650031,0.000000000000,0.000000000000,0.000244361046,0.000000000000,0.000000000000,0.000264471487,0.000000000000,0.000000000000,0.000239256470,0.000000000000,0.000000000000,0.000151703767,0.000000000000,0.000000000000,0.000168554247,0.000000000000,0.000000000000,0.000153084439,0.000000000000,0.000000000000,0.000122371311,0.000000000000,0.000000000000,0.000138290855,0.000000000000,0.000000000000,0.000105764858
597,0.000000000000,0.000000000000,0.000482619886,0.000000000000,0.000000000000,0.000487500051,0.000000000000,0.000000000000,0.000489126772,0.000000000000,0.000000000000,0.000386997163,0.000000000000,0.000000000000,0.000401478557,0.000000000000,0.000000000000,0.000393650031,0.000000000000,0.000000000000,0.000244572282,0.000000000000,0.000000000000,0.000264471487,0.000000000000,0.000000000000,0.000239366281,0.000000000000,0.000000000000,0.000151731721,0.000000000000,0.000000000000,0.000168554247,0.000000000000,0.000000000000,0.000153664585,0.000000000000,0.000000000000,0.000122401856,0.000000000000,0.000000000000,0.000138394046,0.000000000000,0.000000000000,0.000105850150
598,0.000000000000,0.000000000000,0.000482619886,0.000000000000,0.000000000000,0.000487500051,0.000000000000,0.000000000000,0.000489126772,0.000000000000,0.000000000000,0.000386997163,0.000000000000,0.000000000000,0.000401478557,0.000000000000,0.000000000000,0.000393650031,0.000000000000,0.000000000000,0.000244572282,0.000000000000,0.000000000000,0.000264480692,0.000000000000,0.000000000000,0.000239411113,0.000000000000,0.000000000000,0.000151766421,0.000000000000,0.000000000000,0.000168829861,0.000000000000,0.000000000000,0.000153685584,0.000000000000,0.000000000000,0.000122401856,0.000000000000,0.000000000000,0.000138402669,0.000000000000,0.000000000000,0.000105894462
599,0.000000000000,0.000000000000,0.000482619886,0.000000000000,0.000000000000,0.000487500051,0.000000000000,0.000000000000,0.000489126772,0.000000000000,0.000000000000,0.000386997163,0.000000000000,0.000000000000,0.000401478557,0.000000000000,0.000000000000,0.000393650031,0.000000000000,0.000000000000,0.000244572282,0.000000000000,0.000000000000,0.000264515637,0.000000000000,0.000000000000,0.000239436496,0.000000000000,0.000000000000,0.000151771067,0.000000000000,0.000000000000,0.000168839656,0.000000000000,0.000000000000,0.000153701130,0.000000000000,0.000000000000,0.000122524506,0.000000000000,0.000000000000,0.000138479433,0.000000000000,0.000000000000,0.000105894462
600,0.000000000000,0.000000000000,0.000482619886,0.000000000000,0.000000000000,0.000487500051,0.000000000000,0.000000000000,0.000489126772,0.000000000000,0.000000000000,0.000386997163,0.000000000000,0.000000000000,0.000401478557,0.000000000000,0.000000000000,0.000393835924,0.000000000000,0.000000000000,0.000244572282,0.000000000000,0.000000000000,0.000264515637,0.000000000000,0.000000000000,0.000239459768,0.000000000000,0.000000000000,0.000151772772,0.000000000000,0.000000000000,0.000168891878,0.000000000000,0.000000000000,0.000153701130,0.000000000000,0.000000000000,0.000122660814,0.000000000000,0.000000000000,0.000138486930,0.000000000000,0.000000000000,0.000105903483
601,0.000000000000,0.000000000000,0.000482619886,0.000000000000,0.000000000000,0.000487500051,0.000000000000,0.000000000000,0.000489126772,0.000000000000,0.000000000000,0.000387013276,0.000000000000,0.000000000000,0.000401478557,0.000000000000,0.000000000000,0.000394005183,0.000000000000,0.000000000000,0.000244572282,0.000000000000,0.000000000000,0.000264515637,0.000000000000,0.000000000000,0.000239758546,0.000000000000,0.000000000000,0.000151772772,0.000000000000,0.000000000000,0.000169009649,0.000000000000,0.000000000000,0.000153824178,0.000000000000,0.000000000000,0.000122676650,0.000000000000,0.000000000000,0.000138497843,0.000000000000,0.000000000000,0.000105914804
602,0.000000000000,0.000000000000,0.000482619886,0.000000000000,0.000000000000,0.000487500051,0.000000000000,0.000000000000,0.000489126772,0.000000000000,0.000000000000,0.000387013276,0.000000000000,0.000000000000,0.000401478557,0.000000000000,0.000000000000,0.000394005183,0.000000000000,0.000000000000,0.000245260623,0.000000000000,0.000000000000,0.000264515637,0.000000000000,0.000000000000,0.000239788882,0.000000000000,0.000000000000,0.000151809766,0.000000000000,0.000000000000,0.000169064088,0.000000000000,0.000000000000,0.000153864898,0.000000000000,0.000000000000,0.000122693142,0.000000000000,0.000000000000,0.000138550693,0.000000000000,0.000000000000,0.000105946236
603,0.000000000000,0.000000000000,0.000482619886,0.000000000000,0.000000000000,0.000487500051,0.000000000000,0.000000000000,0.000489126772,0.000000000000,0.000000000000,0.000387013276,0.000000000000,0.000000000000,0.000401478557,0.000000000000,0.000000000000,0.000394005183,0.000000000000,0.000000000000,0.000245260623,0.000000000000,0.000000000000,0.000264515637,0.000000000000,0.000000000000,0.000239789098,0.000000000000,0.000000000000,0.000151809766,0.000000000000,0.000000000000,0.000169348679,0.000000000000,0.000000000000,0.000154412271,0.000000000000,0.000000000000,0.000122712933,0.000000000000,0.000000000000,0.000138571146,0.000000000000,0.000000000000,0.000106023396
604,0.000000000000,0.000000000000,0.000482619886,0.000000000000,0.000000000000,0.000487500051,0.000000000000,0.000000000000,0.000489126772,0.000000000000,0.000000000000,0.000387013276,0.000000000000,0.000000000000,0.000401478557,0.000000000000,0.000000000000,0.000394005183,0.000000000000,0.000000000000,0.000245260623,0.000000000000,0.000000000000,0.000265033005,0.000000000000,0.000000000000,0.000239902682,0.000000000000,0.000000000000,0.000151876134,0.000000000000,0.000000000000,0.000169428594,0.000000000000,0.000000000000,0.000154423183,0.000000000000,0.000000000000,0.000122727014,0.000000000000,0.000000000000,0.000138571146,0.000000000000,0.000000000000,0.000106023396
605,0.000000000000,0.000000000000,0.000482619886,0.000000000000,0.000000000000,0.000487500051,0.000000000000,0.000000000000,0.000489126772,0.000000000000,0.000000000000,0.000387013276,0.000000000000,0.000000000000,0.000401478557,0.000000000000,0.000000000000,0.000394005183,0.000000000000,0.000000000000,0.000245308716,0.000000000000,0.000000000000,0.000265033005,0.000000000000,0.000000000000,0.000239930002,0.000000000000,0.000000000000,0.000152003094,0.000000000000,0.000000000000,0.000169452070,0.000000000000,0.000000000000,0.000154423183,0.000000000000,0.000000000000,0.000122734783,0.000000000000,0.000000000000,0.000138612473,0.000000000000,0.000000000000,0.000106045309
606,0.000000000000,0.000000000000,0.000482619886,0.000000000000,0.000000000000,0.000487500051,0.000000000000,0.000000000000,0.000489126772,0.000000000000,0.000000000000,0.000387013276,0.000000000000,0.000000000000,0.000401478557,0.000000000000,0.000000000000,0.000394020472,0.000000000000,0.000000000000,0.000245321762,0.000000000000,0.000000000000,0.000265092535,0.000000000000,0.000000000000,0.000239930002,0.000000000000,0.000000000000,0.000152003557,0.000000000000,0.000000000000,0.000169452070,0.000000000000,0.000000000000,0.000154487294,0.000000000000,0.000000000000,0.000122744937,0.000000000000,0.000000000000,0.000138638377,0.000000000000,0.000000000000,0.000106132266
607,0.000000000000,0.000000000000,0.000482619886,0.000000000000,0.000000000000,0.000487500051,0.000000000000,0.000000000000,0.000489126772,0.000000000000,0.000000000000,0.000387076662,0.000000000000,0.000000000000,0.000401478557,0.000000000000,0.000000000000,0.000394077019,0.000000000000,0.000000000000,0.000245384015,0.000000000000,0.000000000000,0.000265135689,0.000000000000,0.000000000000,0.000239972186,0.000000000000,0.000000000000,0.000152037322,0.000000000000,0.000000000000,0.000169473879,0.000000000000,0.000000000000,0.000154503897,0.000000000000,0.000000000000,0.000122794318,0.000000000000,0.000000000000,0.000138771457,0.000000000000,0.000000000000,0.000106132266
608,0.000000000000,0.000000000000,0.000482619886,0.000000000000,0.000000000000,0.000487500051,0.000000000000,0.000000000000,0.000489126772,0.000000000000,0.000000000000,0.000387076662,0.000000000000,0.000000000000,0.000401478557,0.000000000000,0.000000000000,0.000394286578,0.000000000000,0.000000000000,0.000245384015,0.000000000000,0.000000000000,0.000265135689,0.000000000000,0.000000000000,0.000240167520,0.000000000000,0.000000000000,0.000152037322,0.000000000000,0.000000000000,0.000170011283,0.000000000000,0.000000000000,0.000154549336,0.000000000000,0.000000000000,0.000122831231,0.000000000000,0.000000000000,0.000138771457,0.000000000000,0.000000000000,0.000106171689
609,0.000000000000,0.000000000000,0.000482619886,0.000000000000,0.000000000000,0.000487500051,0.000000000000,0.000000000000,0.000489126772,0.000000000000,0.000000000000,0.000387076662,0.000000000000,0.000000000000,0.000401478557,0.000000000000,0.000000000000,0.000394286578,0.000000000000,0.000000000000,0.000245384015,0.000000000000,0.000000000000,0.000265182739,0.000000000000,0.000000000000,0.000240253676,0.000000000000,0.000000000000,0.000152056012,0.000000000000,0.000000000000,0.000170011283,0.000000000000,0.000000000000,0.000154554526,0.000000000000,0.000000000000,0.000122892091,0.000000000000,0.000000000000,0.000138776107,0.000000000000,0.000000000000,0.000106431960
610,0.000000000000,0.000000000000,0.000482619886,0.000000000000,0.000000000000,0.000487500051,0.000000000000,0.000000000000,0.000489126772,0.000000000000,0.000000000000,0.000387076662,0.000000000000,0.000000000000,0.000401478557,0.000000000000,0.000000000000,0.000394286578,0.000000000000,0.000000000000,0.000245384015,0.000000000000,0.000000000000,0.000265182739,0.000000000000,0.000000000000,0.000240253676,0.000000000000,0.000000000000,0.000152056012,0.000000000000,0.000000000000,0.000170011283,0.000000000000,0.000000000000,0.000154554526,0.000000000000,0.000000000000,0.000122904240,0.000000000000,0.000000000000,0.000138782045,0.000000000000,0.000000000000,0.000106465768
611,0.000000000000,0.000000000000,0.000482619886,0.000000000000,0.000000000000,0.000487500051,0.000000000000,0.000000000000,0.000489126772,0.000000000000,0.000000000000,0.000387076662,0.000000000000,0.000000000000,0.000401478557,0.000000000000,0.000000000000,0.000394286578,0.000000000000,0.000000000000,0.000245384015,0.000000000000,0.000000000000,0.000265182739,0.000000000000,0.000000000000,0.000240326028,0.000000000000,0.000000000000,0.000152156178,0.000000000000,0.000000000000,0.000170028453,0.000000000000,0.000000000000,0.000154569164,0.000000000000,0.000000000000,0.000122904605,0.000000000000,0.000000000000,0.000138782045,0.000000000000,0.000000000000,0.000106465768
612,0.000000000000,0.000000000000,0.000482619886,0.000000000000,0.000000000000,0.000487500051,0.000000000000,0.000000000000,0.000489126772,0.000000000000,0.000000000000,0.000387089676,0.000000000000,0.000000000000,0.000401478557,0.000000000000,0.000000000000,0.000394286578,0.000000000000,0.000000000000,0.000245402141,0.000000000000,0.000000000000,0.000265350354,0.000000000000,0.000000000000,0.000240326028,0.000000000000,0.000000000000,0.000152158562,0.000000000000,0.000000000000,0.000170070147,0.000000000000,0.000000000000,0.000154578098,0.000000000000,0.000000000000,0.000122939709,0.000000000000,0.000000000000,0.000138793256,0.000000000000,0.000000000000,0.000106471871
613,0.000000000000,0.000000000000,0.000482619886,0.000000000000,0.000000000000,0.000487500051,0.000000000000,0.000000000000,0.000489126772,0.000000000000,0.000000000000,0.000387089676,0.000000000000,0.000000000000,0.000401478557,0.000000000000,0.000000000000,0.000394302054,0.000000000000,0.000000000000,0.000245402141,0.000000000000,0.000000000000,0.000265499892,0.000000000000,0.000000000000,0.000240375653,0.000000000000,0.000000000000,0.000152167951,0.000000000000,0.000000000000,0.000170112865,0.000000000000,0.000000000000,0.000154609894,0.000000000000,0.000000000000,0.000122947582,0.000000000000,0.000000000000,0.000138796072,0.000000000000,0.000000000000,0.000106471871
614,0.000000000000,0.000000000000,0.000482619886,0.000000000000,0.000000000000,0.000487500051,0.000000000000,0.000000000000,0.000489126772,0.000000000000,0.000000000000,0.000387089676,0.000000000000,0.000000000000,0.000401478557,0.000000000000,0.000000000000,0.000394302054,0.000000000000,0.000000000000,0.000245402141,0.000000000000,0.000000000000,0.000265532733,0.000000000000,0.000000000000,0.000240380122,0.000000000000,0.000000000000,0.000152221010,0.000000000000,0.000000000000,0.000170123926,0.000000000000,0.000000000000,0.000154609894,0.000000000000,0.000000000000,0.000122947582,0.000000000000,0.000000000000,0.000138887560,0.000000000000,0.000000000000,0.000106476337
615,0.000000000000,0.000000000000,0.000482619886,0.000000000000,0.000000000000,0.000487500051,0.000000000000,0.000000000000,0.000489126772,0.000000000000,0.000000000000,0.000387089676,0.000000000000,0.000000000000,0.000401478557,0.000000000000,0.000000000000,0.000394302054,0.000000000000,0.000000000000,0.000245402141,0.000000000000,0.000000000000,0.000265532733,0.000000000000,0.000000000000,0.000240418818,0.000000000000,0.000000000000,0.000152292639,0.000000000000,0.000000000000,0.000170145061,0.000000000000,0.000000000000,0.000154735761,0.000000000000,0.000000000000,0.000122967950,0.000000000000,0.000000000000,0.000138907838,0.000000000000,0.000000000000,0.000106556551
616,0.000000000000,0.000000000000,0.000482619886,0.000000000000,0.000000000000,0.000487500051,0.000000000000,0.000000000000,0.000489126772,0.000000000000,0.000000000000,0.000387089676,0.000000000000,0.000000000000,0.000401478557,0.000000000000,0.000000000000,0.000394302054,0.000000000000,0.000000000000,0.000245402141,0.000000000000,0.000000000000,0.000265532733,0.000000000000,0.000000000000,0.000241739302,0.000000000000,0.000000000000,0.000152792311,0.000000000000,0.000000000000,0.000170148370,0.000000000000,0.000000000000,0.000154735761,0.000000000000,0.000000000000,0.000122980712,0.000000000000,0.000000000000,0.000138908949,0.000000000000,0.000000000000,0.000106556551
617,0.000000000000,0.000000000000,0.000482619886,0.000000000000,0.000000000000,0.000487500051,0.000000000000,0.000000000000,0.000489126772,0.000000000000,0.000000000000,0.000387474849,0.000000000000,0.000000000000,0.000401478557,0.000000000000,0.000000000000,0.000394302054,0.000000000000,0.000000000000,0.000245402141,0.000000000000,0.000000000000,0.000265532733,0.000000000000,0.000000000000,0.000242245126,0.000000000000,0.000000000000,0.000152799425,0.000000000000,0.000000000000,0.000170175421,0.000000000000,0.000000000000,0.000154750388,0.000000000000,0.000000000000,0.000122984301,0.000000000000,0.000000000000,0.000139332168,0.000000000000,0.000000000000,0.000106556551
618,0.000000000000,0.000000000000,0.000482619886,0.000000000000,0.000000000000,0.000487500051,0.000000000000,0.000000000000,0.000489126772,0.000000000000,0.000000000000,0.000387474849,0.000000000000,0.000000000000,0.000401478557,0.000000000000,0.000000000000,0.000394302054,0.000000000000,0.000000000000,0.000245402141,0.000000000000,0.000000000000,0.000265679511,0.000000000000,0.000000000000,0.000242258700,0.000000000000,0.000000000000,0.000152991925,0.000000000000,0.000000000000,0.000170175421,0.000000000000,0.000000000000,0.000154840956,0.000000000000,0.000000000000,0.000123136916,0.000000000000,0.000000000000,0.000139368245,0.000000000000,0.000000000000,0.000106556551
619,0.000000000000,0.000000000000,0.000482619886,0.000000000000,0.000000000000,0.000487500051,0.000000000000,0.000000000000,0.000489126772,0.000000000000,0.000000000000,0.000387474849,0.000000000000,0.000000000000,0.000401478557,0.000000000000,0.000000000000,0.000394344642,0.000000000000,0.000000000000,0.000245402141,0.000000000000,0.000000000000,0.000265698228,0.000000000000,0.000000000000,0.000242258700,0.000000000000,0.000000000000,0.000153046672,0.000000000000,0.000000000000,0.000170175421,0.000000000000,0.000000000000,0.000154857075,0.000000000000,0.000000000000,0.000123149105,0.000000000000,0.000000000000,0.000139415317,0.000000000000,0.000000000000,0.000106556551
620,0.000000000000,0.000000000000,0.000482619886,0.000000000000,0.000000000000,0.000487500051,0.000000000000,0.000000000000,0.000489126772,0.000000000000,0.000000000000,0.000387474849,0.000000000000,0.000000000000,0.000401478557,0.000000000000,0.000000000000,0.000394344642,0.000000000000,0.000000000000,0.000245633511,0.000000000000,0.000000000000,0.000265698228,0.000000000000,0.000000000000,0.000242258700,0.000000000000,0.000000000000,0.000153046672,0.000000000000,0.000000000000,0.000170176455,0.000000000000,0.000000000000,0.000154983709,0.000000000000,0.000000000000,0.000123323967,0.000000000000,0.000000000000,0.000139814844,0.000000000000,0.000000000000,0.000106564114
621,0.000000000000,0.000000000000,0.000482619886,0.000000000000,0.000000000000,0.000487500051,0.000000000000,0.000000000000,0.000489126772,0.000000000000,0.000000000000,0.000387474849,0.000000000000,0.000000000000,0.000401478557,0.000000000000,0.000000000000,0.000394344642,0.000000000000,0.000000000000,0.000245723340,0.000000000000,0.000000000000,0.000265698228,0.000000000000,0.000000000000,0.000242258700,0.000000000000,0.000000000000,0.000153178705,0.000000000000,0.000000000000,0.000170292266,0.000000000000,0.000000000000,0.000155068414,0.000000000000,0.000000000000,0.000123338104,0.000000000000,0.000000000000,0.000139943811,0.000000000000,0.000000000000,0.000106566571
622,0.000000000000,0.000000000000,0.000482619886,0.000000000000,0.000000000000,0.000487500051,0.000000000000,0.000000000000,0.000489126772,0.000000000000,0.000000000000,0.000387474849,0.000000000000,0.000000000000,0.000401478557,0.000000000000,0.000000000000,0.000394411660,0.000000000000,0.000000000000,0.000245781550,0.000000000000,0.000000000000,0.000265698228,0.000000000000,0.000000000000,0.000242345805,0.000000000000,0.000000000000,0.000153178705,0.000000000000,0.000000000000,0.000170329867,0.000000000000,0.000000000000,0.000155358427,0.000000000000,0.000000000000,0.000123416292,0.000000000000,0.000000000000,0.000139957238,0.000000000000,0.000000000000,0.000106566571
623,0.000000000000,0.000000000000,0.000482619886,0.000000000000,0.000000000000,0.000487500051,0.000000000000,0.000000000000,0.000489126772,0.000000000000,0.000000000000,0.000387474849,0.000000000000,0.000000000000,0.000401478557,0.000000000000,0.000000000000,0.000394411660,0.000000000000,0.000000000000,0.000245781550,0.000000000000,0.000000000000,0.000265698228,0.000000000000,0.000000000000,0.000242500427,0.000000000000,0.000000000000,0.000153236755,0.000000000000,0.000000000000,0.000170372938,0.000000000000,0.000000000000,0.000155472290,0.000000000000,0.000000000000,0.000123422988,0.000000000000,0.000000000000,0.000139957238,0.000000000000,0.000000000000,0.000106608841
624,0.000000000000,0.000000000000,0.000482619886,0.000000000000,0.000000000000,0.000487500051,0.000000000000,0.000000000000,0.000489126772,0.000000000000,0.000000000000,0.000387474849,0.000000000000,0.000000000000,0.000401478557,0.000000000000,0.000000000000,0.000394411660,0.000000000000,0.000000000000,0.000245781550,0.000000000000,0.000000000000,0.000265708932,0.000000000000,0.000000000000,0.000242960078,0.000000000000,0.000000000000,0.000153327139,0.000000000000,0.000000000000,0.000170374057,0.000000000000,0.000000000000,0.000155503261,0.000000000000,0.000000000000,0.000123422988,0.000000000000,0.000000000000,0.000139983673,0.000000000000,0.000000000000,0.000106608841
625,0.000000000000,0.000000000000,0.000482619886,0.000000000000,0.000000000000,0.000487500051,0.000000000000,0.000000000000,0.000489141528,0.000000000000,0.000000000000,0.000387474849,0.000000000000,0.000000000000,0.000401478557,0.000000000000,0.000000000000,0.000394411660,0.000000000000,0.000000000000,0.000245800665,0.000000000000,0.000000000000,0.000265744080,0.000000000000,0.000000000000,0.000242960078,0.000000000000,0.000000000000,0.000153327139,0.000000000000,0.000000000000,0.000170394233,0.000000000000,0.000000000000,0.000155542613,0.000000000000,0.000000000000,0.000123424533,0.000000000000,0.000000000000,0.000140078964,0.000000000000,0.000000000000,0.000106608841
626,0.000000000000,0.000000000000,0.000482619886,0.000000000000,0.000000000000,0.000487514807,0.000000000000,0.000000000000,0.000489141528,0.000000000000,0.000000000000,0.000387474849,0.000000000000,0.000000000000,0.000401478557,0.000000000000,0.000000000000,0.000394411660,0.000000000000,0.000000000000,0.000245849025,0.000000000000,0.000000000000,0.000265744080,0.000000000000,0.000000000000,0.000242960078,0.000000000000,0.000000000000,0.000153340178,0.000000000000,0.000000000000,0.000170394233,0.000000000000,0.000000000000,0.000155557601,0.000000000000,0.000000000000,0.000123449516,0.000000000000,0.000000000000,0.000140112945,0.000000000000,0.000000000000,0.000106653510
627,0.000000000000,0.000000000000,0.000482619886,0.000000000000,0.000000000000,0.000487514807,0.000000000000,0.000000000000,0.000489141528,0.000000000000,0.000000000000,0.000387483823,0.000000000000,0.000000000000,0.000401478557,0.000000000000,0.000000000000,0.000394411660,0.000000000000,0.000000000000,0.000245849025,0.000000000000,0.000000000000,0.000265754901,0.000000000000,0.000000000000,0.000242960078,0.000000000000,0.000000000000,0.000153390973,0.000000000000,0.000000000000,0.000170426810,0.000000000000,0.000000000000,0.000155562760,0.000000000000,0.000000000000,0.000123476897,0.000000000000,0.000000000000,0.000140295344,0.000000000000,0.000000000000,0.000106671382
628,0.000000000000,0.000000000000,0.000482619886,0.000000000000,0.000000000000,0.000487514807,0.000000000000,0.000000000000,0.000489141528,0.000000000000,0.000000000000,0.000387483823,0.000000000000,0.000000000000,0.000401478557,0.000000000000,0.000000000000,0.000394411660,0.000000000000,0.000000000000,0.000245849025,0.000000000000,0.000000000000,0.000266021656,0.000000000000,0.000000000000,0.000243308045,0.000000000000,0.000000000000,0.000153390973,0.000000000000,0.000000000000,0.000170606213,0.000000000000,0.000000000000,0.000155711232,0.000000000000,0.000000000000,0.000123546626,0.000000000000,0.000000000000,0.000140354612,0.000000000000,0.000000000000,0.000106671382
629,0.000000000000,0.000000000000,0.000482619886,0.000000000000,0.000000000000,0.000487514807,0.000000000000,0.000000000000,0.000489141528,0.000000000000,0.000000000000,0.000387483823,0.000000000000,0.000000000000,0.000401478557,0.000000000000,0.000000000000,0.000394411660,0.000000000000,0.000000000000,0.000245857822,0.000000000000,0.000000000000,0.000266021656,0.000000000000,0.000000000000,0.000243323438,0.000000000000,0.000000000000,0.000153524664,0.000000000000,0.000000000000,0.000170606213,0.000000000000,0.000000000000,0.000155716587,0.000000000000,0.000000000000,0.000123546626,0.000000000000,0.000000000000,0.000140512413,0.000000000000,0.000000000000,0.000106752158
630,0.000000000000,0.000000000000,0.000482619886,0.000000000000,0.000000000000,0.000487514807,0.000000000000,0.000000000000,0.000489141528,0.000000000000,0.000000000000,0.000387483823,0.000000000000,0.000000000000,0.000401478557,0.000000000000,0.000000000000,0.000394411660,0.000000000000,0.000000000000,0.000245857822,0.000000000000,0.000000000000,0.000266028058,0.000000000000,0.000000000000,0.000243323438,0.000000000000,0.000000000000,0.000153524664,0.000000000000,0.000000000000,0.000170664155,0.000000000000,0.000000000000,0.000155716587,0.000000000000,0.000000000000,0.000123583580,0.000000000000,0.000000000000,0.000140647965,0.000000000000,0.000000000000,0.000106752158
631,0.000000000000,0.000000000000,0.000482619886,0.000000000000,0.000000000000,0.000487514807,0.000000000000,0.000000000000,0.000489141528,0.000000000000,0.000000000000,0.000387483823,0.000000000000,0.000000000000,0.000401478557,0.000000000000,0.000000000000,0.000394411660,0.000000000000,0.000000000000,0.000245857822,0.000000000000,0.000000000000,0.000266028058,0.000000000000,0.000000000000,0.000243463348,0.000000000000,0.000000000000,0.000153524664,0.000000000000,0.000000000000,0.000170680470,0.000000000000,0.000000000000,0.000155757601,0.000000000000,0.000000000000,0.000123593816,0.000000000000,0.000000000000,0.000140649531,0.000000000000,0.000000000000,0.000106753944
632,0.000000000000,0.000000000000,0.000482619886,0.000000000000,0.000000000000,0.000487514807,0.000000000000,0.000000000000,0.000489141528,0.000000000000,0.000000000000,0.000387483823,0.000000000000,0.000000000000,0.000401478557,0.000000000000,0.000000000000,0.000394537419,0.000000000000,0.000000000000,0.000245857822,0.000000000000,0.000000000000,0.000266028058,0.000000000000,0.000000000000,0.000243463348,0.000000000000,0.000000000000,0.000153694563,0.000000000000,0.000000000000,0.000170689056,0.000000000000,0.000000000000,0.000155806963,0.000000000000,0.000000000000,0.000123670672,0.000000000000,0.000000000000,0.000140684797,0.000000000000,0.000000000000,0.000106798601
633,0.000000000000,0.000000000000,0.000482619886,0.000000000000,0.000000000000,0.000487514807,0.000000000000,0.000000000000,0.000489141528,0.000000000000,0.000000000000,0.000387483823,0.000000000000,0.000000000000,0.000401478557,0.000000000000,0.000000000000,0.000394537419,0.000000000000,0.000000000000,0.000245857822,0.000000000000,0.000000000000,0.000266028058,0.000000000000,0.000000000000,0.000243463348,0.000000000000,0.000000000000,0.000153698036,0.000000000000,0.000000000000,0.000170726238,0.000000000000,0.000000000000,0.000155881352,0.000000000000,0.000000000000,0.000123696071,0.000000000000,0.000000000000,0.000140855254,0.000000000000,0.000000000000,0.000106798601
634,0.000000000000,0.000000000000,0.000482619886,0.000000000000,0.000000000000,0.000487514807,0.000000000000,0.000000000000,0.000489141528,0.000000000000,0.000000000000,0.000387483823,0.000000000000,0.000000000000,0.000401597757,0.000000000000,0.000000000000,0.000394537419,0.000000000000,0.000000000000,0.000245857822,0.000000000000,0.000000000000,0.000266028058,0.000000000000,0.000000000000,0.000243523903,0.000000000000,0.000000000000,0.000153698036,0.000000000000,0.000000000000,0.000171084079,0.000000000000,0.000000000000,0.000155890265,0.000000000000,0.000000000000,0.000123820552,0.000000000000,0.000000000000,0.000140939093,0.000000000000,0.000000000000,0.000106800656
635,0.000000000000,0.000000000000,0.000482619886,0.000000000000,0.000000000000,0.000487514807,0.000000000000,0.000000000000,0.000489141528,0.000000000000,0.000000000000,0.000387483823,0.000000000000,0.000000000000,0.000401597757,0.000000000000,0.000000000000,0.000394537419,0.000000000000,0.000000000000,0.000246040886,0.000000000000,0.000000000000,0.000266193219,0.000000000000,0.000000000000,0.000243607491,0.000000000000,0.000000000000,0.000154226839,0.000000000000,0.000000000000,0.000171117664,0.000000000000,0.000000000000,0.000155914329,0.000000000000,0.000000000000,0.000123838174,0.000000000000,0.000000000000,0.000141066404,0.000000000000,0.000000000000,0.000106800656
636,0.000000000000,0.000000000000,0.000482619886,0.000000000000,0.000000000000,0.000487514807,0.000000000000,0.000000000000,0.000489141528,0.000000000000,0.000000000000,0.000387483823,0.000000000000,0.000000000000,0.000401597757,0.000000000000,0.000000000000,0.000394537419,0.000000000000,0.000000000000,0.000246044238,0.000000000000,0.000000000000,0.000266193219,0.000000000000,0.000000000000,0.000243775205,0.000000000000,0.000000000000,0.000154619831,0.000000000000,0.000000000000,0.000171148366,0.000000000000,0.000000000000,0.000155965703,0.000000000000,0.000000000000,0.000123838174,0.000000000000,0.000000000000,0.000141224781,0.000000000000,0.000000000000,0.000106814897
637,0.000000000000,0.000000000000,0.000482619886,0.000000000000,0.000000000000,0.000487514807,0.000000000000,0.000000000000,0.000489141528,0.000000000000,0.000000000000,0.000387483823,0.000000000000,0.000000000000,0.000401597757,0.000000000000,0.000000000000,0.000394537419,0.000000000000,0.000000000000,0.000246044238,0.000000000000,0.000000000000,0.000266193219,0.000000000000,0.000000000000,0.000243775205,0.000000000000,0.000000000000,0.000154658133,0.000000000000,0.000000000000,0.000171179765,0.000000000000,0.000000000000,0.000155985349,0.000000000000,0.000000000000,0.000123865852,0.000000000000,0.000000000000,0.000141264404,0.000000000000,0.000000000000,0.000106814897
638,0.000000000000,0.000000000000,0.000482619886,0.000000000000,0.000000000000,0.000487514807,0.000000000000,0.000000000000,0.000489141528,0.000000000000,0.000000000000,0.000387483823,0.000000000000,0.000000000000,0.000401653051,0.000000000000,0.000000000000,0.000394537419,0.000000000000,0.000000000000,0.000246044238,0.000000000000,0.000000000000,0.000266193219,0.000000000000,0.000000000000,0.000243775205,0.000000000000,0.000000000000,0.000154658133,0.000000000000,0.000000000000,0.000171199954,0.000000000000,0.000000000000,0.000155996633,0.000000000000,0.000000000000,0.000123896947,0.000000000000,0.000000000000,0.000141267039,0.000000000000,0.000000000000,0.000106832000
639,0.000000000000,0.000000000000,0.000482619886,0.000000000000,0.000000000000,0.000487514807,0.000000000000,0.000000000000,0.000489141528,0.000000000000,0.000000000000,0.000387483823,0.000000000000,0.000000000000,0.000401653051,0.000000000000,0.000000000000,0.000394537419,0.000000000000,0.000000000000,0.000246173933,0.000000000000,0.000000000000,0.000266193219,0.000000000000,0.000000000000,0.000243775205,0.000000000000,0.000000000000,0.000154705105,0.000000000000,0.000000000000,0.000171199954,0.000000000000,0.000000000000,0.000155996633,0.000000000000,0.000000000000,0.000123973379,0.000000000000,0.000000000000,0.000141375227,0.000000000000,0.000000000000,0.000106860141
640,0.000000000000,0.000000000000,0.000482619886,0.000000000000,0.000000000000,0.000487514807,0.000000000000,0.000000000000,0.000489141528,0.000000000000,0.000000000000,0.000387483823,0.000000000000,0.000000000000,0.000401653051,0.000000000000,0.000000000000,0.000394537419,0.000000000000,0.000000000000,0.000246173933,0.000000000000,0.000000000000,0.000266193219,0.000000000000,0.000000000000,0.000243843173,0.000000000000,0.000000000000,0.000154709385,0.000000000000,0.000000000000,0.000171351648,0.000000000000,0.000000000000,0.000156024302,0.000000000000,0.000000000000,0.000124002918,0.000000000000,0.000000000000,0.000141399044,0.000000000000,0.000000000000,0.000106861217
641,0.000000000000,0.000000000000,0.000482619886,0.000000000000,0.000000000000,0.000487514807,0.000000000000,0.000000000000,0.000489141528,0.000000000000,0.000000000000,0.000387483823,0.000000000000,0.000000000000,0.000401653051,0.000000000000,0.000000000000,0.000394537419,0.000000000000,0.000000000000,0.000246173933,0.000000000000,0.000000000000,0.000266193219,0.000000000000,0.000000000000,0.000243843173,0.000000000000,0.000000000000,0.000154709385,0.000000000000,0.000000000000,0.000171418617,0.000000000000,0.000000000000,0.000156053702,0.000000000000,0.000000000000,0.000124057499,0.000000000000,0.000000000000,0.000141429270,0.000000000000,0.000000000000,0.000106904542
642,0.000000000000,0.000000000000,0.000482619886,0.000000000000,0.000000000000,0.000487514807,0.000000000000,0.000000000000,0.000489141528,0.000000000000,0.000000000000,0.000387483823,0.000000000000,0.000000000000,0.000401653051,0.000000000000,0.000000000000,0.000394537419,0.000000000000,0.000000000000,0.000246173933,0.000000000000,0.000000000000,0.000266193219,0.000000000000,0.000000000000,0.000243852259,0.000000000000,0.000000000000,0.000154709385,0.000000000000,0.000000000000,0.000171451985,0.000000000000,0.000000000000,0.000156179209,0.000000000000,0.000000000000,0.000124081607,0.000000000000,0.000000000000,0.000141468852,0.000000000000,0.000000000000,0.000106919392
643,0.000000000000,0.000000000000,0.000482619886,0.000000000000,0.000000000000,0.000487514807,0.000000000000,0.000000000000,0.000489141528,0.000000000000,0.000000000000,0.000387483823,0.000000000000,0.000000000000,0.000401653051,0.000000000000,0.000000000000,0.000394537419,0.000000000000,0.000000000000,0.000246173933,0.000000000000,0.000000000000,0.000266193219,0.000000000000,0.000000000000,0.000243920804,0.000000000000,0.000000000000,0.000154710696,0.000000000000,0.000000000000,0.000171453530,0.000000000000,0.000000000000,0.000156179209,0.000000000000,0.000000000000,0.000124102856,0.000000000000,0.000000000000,0.000141477681,0.000000000000,0.000000000000,0.000106919392
644,0.000000000000,0.000000000000,0.000482619886,0.000000000000,0.000000000000,0.000487514807,0.000000000000,0.000000000000,0.000489141528,0.000000000000,0.000000000000,0.000387483823,0.000000000000,0.000000000000,0.000401653051,0.000000000000,0.000000000000,0.000394537419,0.000000000000,0.000000000000,0.000246173933,0.000000000000,0.000000000000,0.000266193219,0.000000000000,0.000000000000,0.000244086307,0.000000000000,0.000000000000,0.000154755735,0.000000000000,0.000000000000,0.000171453530,0.000000000000,0.000000000000,0.000156179209,0.000000000000,0.000000000000,0.000124102856,0.000000000000,0.000000000000,0.000141605060,0.000000000000,0.000000000000,0.000107185005
645,0.000000000000,0.000000000000,0.000482619886,0.000000000000,0.000000000000,0.000487514807,0.000000000000,0.000000000000,0.000489141528,0.000000000000,0.000000000000,0.000387483823,0.000000000000,0.000000000000,0.000401653051,0.000000000000,0.000000000000,0.000394537419,0.000000000000,0.000000000000,0.000246173933,0.000000000000,0.000000000000,0.000266193219,0.000000000000,0.000000000000,0.000244086307,0.000000000000,0.000000000000,0.000154755735,0.000000000000,0.000000000000,0.000171453530,0.000000000000,0.000000000000,0.000156179209,0.000000000000,0.000000000000,0.000124160926,0.000000000000,0.000000000000,0.000141664322,0.000000000000,0.000000000000,0.000107185005
646,0.000000000000,0.000000000000,0.000482619886,0.000000000000,0.000000000000,0.000487514807,0.000000000000,0.000000000000,0.000489141528,0.000000000000,0.000000000000,0.000387483823,0.000000000000,0.000000000000,0.000401653051,0.000000000000,0.000000000000,0.000394537419,0.000000000000,0.000000000000,0.000246173933,0.000000000000,0.000000000000,0.000266193219,0.000000000000,0.000000000000,0.000244160513,0.000000000000,0.000000000000,0.000154755735,0.000000000000,0.000000000000,0.000171499443,0.000000000000,0.000000000000,0.000156182515,0.000000000000,0.000000000000,0.000124202226,0.000000000000,0.000000000000,0.000141664322,0.000000000000,0.000000000000,0.000107234969
647,0.000000000000,0.000000000000,0.000482619886,0.000000000000,0.000000000000,0.000487514807,0.000000000000,0.000000000000,0.000489141528,0.000000000000,0.000000000000,0.000387483823,0.000000000000,0.000000000000,0.000401653051,0.000000000000,0.000000000000,0.000394537419,0.000000000000,0.000000000000,0.000246301047,0.000000000000,0.000000000000,0.000266193219,0.000000000000,0.000000000000,0.000244186076,0.000000000000,0.000000000000,0.000154760528,0.000000000000,0.000000000000,0.000171515516,0.000000000000,0.000000000000,0.000156324968,0.000000000000,0.000000000000,0.000124400201,0.000000000000,0.000000000000,0.000141664322,0.000000000000,0.000000000000,0.000107347811
648,0.000000000000,0.000000000000,0.000482619886,0.000000000000,0.000000000000,0.000487514807,0.000000000000,0.000000000000,0.000489141528,0.000000000000,0.000000000000,0.000387483823,0.000000000000,0.000000000000,0.000401653051,0.000000000000,0.000000000000,0.000394599929,0.000000000000,0.000000000000,0.000246301047,0.000000000000,0.000000000000,0.000266193219,0.000000000000,0.000000000000,0.000244487173,0.000000000000,0.000000000000,0.000154830441,0.000000000000,0.000000000000,0.000171515516,0.000000000000,0.000000000000,0.000156324968,0.000000000000,0.000000000000,0.000124411604,0.000000000000,0.000000000000,0.000141672914,0.000000000000,0.000000000000,0.000107356703
649,0.000000000000,0.000000000000,0.000482619886,0.000000000000,0.000000000000,0.000487514807,0.000000000000,0.000000000000,0.000489141528,0.000000000000,0.000000000000,0.000387483823,0.000000000000,0.000000000000,0.000401653051,0.000000000000,0.000000000000,0.000394599929,0.000000000000,0.000000000000,0.000246301812,0.000000000000,0.000000000000,0.000266193219,0.000000000000,0.000000000000,0.000244487173,0.000000000000,0.000000000000,0.000154830441,0.000000000000,0.000000000000,0.000171538588,0.000000000000,0.000000000000,0.000156653563,0.000000000000,0.000000000000,0.000124421677,0.000000000000,0.000000000000,0.000141691570,0.000000000000,0.000000000000,0.000107381436
650,0.000000000000,0.000000000000,0.000482619886,0.000000000000,0.000000000000,0.000487514807,0.000000000000,0.000000000000,0.000489141528,0.000000000000,0.000000000000,0.000387483823,0.000000000000,0.000000000000,0.000401653051,0.000000000000,0.000000000000,0.000394599929,0.000000000000,0.000000000000,0.000246475872,0.000000000000,0.000000000000,0.000266193219,0.000000000000,0.000000000000,0.000244487173,0.000000000000,0.000000000000,0.000154830441,0.000000000000,0.000000000000,0.000171634191,0.000000000000,0.000000000000,0.000156682428,0.000000000000,0.000000000000,0.000124491364,0.000000000000,0.000000000000,0.000141756434,0.000000000000,0.000000000000,0.000107381436
651,0.000000000000,0.000000000000,0.000482619886,0.000000000000,0.000000000000,0.000487514807,0.000000000000,0.000000000000,0.000489141528,0.000000000000,0.000000000000,0.000387483823,0.000000000000,0.000000000000,0.000401653051,0.000000000000,0.000000000000,0.000394599929,0.000000000000,0.000000000000,0.000246475872,0.000000000000,0.000000000000,0.000266193219,0.000000000000,0.000000000000,0.000244549314,0.000000000000,0.000000000000,0.000154888216,0.000000000000,0.000000000000,0.000171634191,0.000000000000,0.000000000000,0.000156707971,0.000000000000,0.000000000000,0.000124519653,0.000000000000,0.000000000000,0.000141775772,0.000000000000,0.000000000000,0.000107507220
652,0.000000000000,0.000000000000,0.000482619886,0.000000000000,0.000000000000,0.000487514807,0.000000000000,0.000000000000,0.000489141528,0.000000000000,0.000000000000,0.000387483823,0.000000000000,0.000000000000,0.000401653051,0.000000000000,0.000000000000,0.000394599929,0.000000000000,0.000000000000,0.000246475872,0.000000000000,0.000000000000,0.000266193219,0.000000000000,0.000000000000,0.000244549314,0.000000000000,0.000000000000,0.000154914120,0.000000000000,0.000000000000,0.000171674009,0.000000000000,0.000000000000,0.000156802561,0.000000000000,0.000000000000,0.000124612999,0.000000000000,0.000000000000,0.000141787830,0.000000000000,0.000000000000,0.000107731533
653,0.000000000000,0.000000000000,0.000482619886,0.000000000000,0.000000000000,0.000487514807,0.000000000000,0.000000000000,0.000489141528,0.000000000000,0.000000000000,0.000387483823,0.000000000000,0.000000000000,0.000401653051,0.000000000000,0.000000000000,0.000394599929,0.000000000000,0.000000000000,0.000246475872,0.000000000000,0.000000000000,0.000266193219,0.000000000000,0.000000000000,0.000244549314,0.000000000000,0.000000000000,0.000154983924,0.000000000000,0.000000000000,0.000171674009,0.000000000000,0.000000000000,0.000157320820,0.000000000000,0.000000000000,0.000124626573,0.000000000000,0.000000000000,0.000141824772,0.000000000000,0.000000000000,0.000107731533
654,0.000000000000,0.000000000000,0.000482619886,0.000000000000,0.000000000000,0.000487514807,0.000000000000,0.000000000000,0.000489141528,0.000000000000,0.000000000000,0.000387483823,0.000000000000,0.000000000000,0.000401653051,0.000000000000,0.000000000000,0.000394599929,0.000000000000,0.000000000000,0.000246498511,0.000000000000,0.000000000000,0.000266236664,0.000000000000,0.000000000000,0.000244549314,0.000000000000,0.000000000000,0.000154983924,0.000000000000,0.000000000000,0.000171685279,0.000000000000,0.000000000000,0.000157775680,0.000000000000,0.000000000000,0.000124633412,0.000000000000,0.000000000000,0.000141828407,0.000000000000,0.000000000000,0.000107823341
655,0.000000000000,0.000000000000,0.000482619886,0.000000000000,0.000000000000,0.000487514807,0.000000000000,0.000000000000,0.000489141528,0.000000000000,0.000000000000,0.000387483823,0.000000000000,0.000000000000,0.000401653051,0.000000000000,0.000000000000,0.000394599929,0.000000000000,0.000000000000,0.000246500485,0.000000000000,0.000000000000,0.000266341208,0.000000000000,0.000000000000,0.000244595235,0.000000000000,0.000000000000,0.000154995745,0.000000000000,0.000000000000,0.000171685279,0.000000000000,0.000000000000,0.000157775680,0.000000000000,0.000000000000,0.000124668413,0.000000000000,0.000000000000,0.000141896570,0.000000000000,0.000000000000,0.000107853808
656,0.000000000000,0.000000000000,0.000482619886,0.000000000000,0.000000000000,0.000487514807,0.000000000000,0.000000000000,0.000489141528,0.000000000000,0.000000000000,0.000387483823,0.000000000000,0.000000000000,0.000401653051,0.000000000000,0.000000000000,0.000394599929,0.000000000000,0.000000000000,0.000246500485,0.000000000000,0.000000000000,0.000266341208,0.000000000000,0.000000000000,0.000244647582,0.000000000000,0.000000000000,0.000155116891,0.000000000000,0.000000000000,0.000171732150,0.000000000000,0.000000000000,0.000157938008,0.000000000000,0.000000000000,0.000124668413,0.000000000000,0.000000000000,0.000141956767,0.000000000000,0.000000000000,0.000107853808
657,0.000000000000,0.000000000000,0.000482619886,0.000000000000,0.000000000000,0.000487514807,0.000000000000,0.000000000000,0.000489141528,0.000000000000,0.000000000000,0.000387483823,0.000000000000,0.000000000000,0.000401653051,0.000000000000,0.000000000000,0.000394599929,0.000000000000,0.000000000000,0.000246500485,0.000000000000,0.000000000000,0.000266341208,0.000000000000,0.000000000000,0.000244647582,0.000000000000,0.000000000000,0.000155116891,0.000000000000,0.000000000000,0.000171732150,0.000000000000,0.000000000000,0.000158047118,0.000000000000,0.000000000000,0.000124698182,0.000000000000,0.000000000000,0.000141977391,0.000000000000,0.000000000000,0.000107853808
658,0.000000000000,0.000000000000,0.000482619886,0.000000000000,0.000000000000,0.000487514807,0.000000000000,0.000000000000,0.000489141528,0.000000000000,0.000000000000,0.000387483823,0.000000000000,0.000000000000,0.000401653051,0.000000000000,0.000000000000,0.000395368719,0.000000000000,0.000000000000,0.000246520831,0.000000000000,0.000000000000,0.000266341208,0.000000000000,0.000000000000,0.000244824511,0.000000000000,0.000000000000,0.000155224839,0.000000000000,0.000000000000,0.000171732150,0.000000000000,0.000000000000,0.000158047118,0.000000000000,0.000000000000,0.000124707140,0.000000000000,0.000000000000,0.000141992227,0.000000000000,0.000000000000,0.000107884308
659,0.000000000000,0.000000000000,0.000482619886,0.000000000000,0.000000000000,0.000488313411,0.000000000000,0.000000000000,0.000489141528,0.000000000000,0.000000000000,0.000387483823,0.000000000000,0.000000000000,0.000401653051,0.000000000000,0.000000000000,0.000395368719,0.000000000000,0.000000000000,0.000246520831,0.000000000000,0.000000000000,0.000266341208,0.000000000000,0.000000000000,0.000244840336,0.000000000000,0.000000000000,0.000155505737,0.000000000000,0.000000000000,0.000171901372,0.000000000000,0.000000000000,0.000158237604,0.000000000000,0.000000000000,0.000124722937,0.000000000000,0.000000000000,0.000142041197,0.000000000000,0.000000000000,0.000107884308
660,0.000000000000,0.000000000000,0.000482619886,0.000000000000,0.000000000000,0.000488313411,0.000000000000,0.000000000000,0.000489141528,0.000000000000,0.000000000000,0.000387509194,0.000000000000,0.000000000000,0.000401653051,0.000000000000,0.000000000000,0.000395368719,0.000000000000,0.000000000000,0.000246525688,0.000000000000,0.000000000000,0.000266341208,0.000000000000,0.000000000000,0.000244840336,0.000000000000,0.000000000000,0.000155607364,0.000000000000,0.000000000000,0.000171901732,0.000000000000,0.000000000000,0.000158346864,0.000000000000,0.000000000000,0.000124725746,0.000000000000,0.000000000000,0.000142124703,0.000000000000,0.000000000000,0.000107887628
661,0.000000000000,0.000000000000,0.000482619886,0.000000000000,0.000000000000,0.000488313411,0.000000000000,0.000000000000,0.000489141528,0.000000000000,0.000000000000,0.000387509194,0.000000000000,0.000000000000,0.000401653051,0.000000000000,0.000000000000,0.000395368719,0.000000000000,0.000000000000,0.000246525688,0.000000000000,0.000000000000,0.000266341208,0.000000000000,0.000000000000,0.000244854819,0.000000000000,0.000000000000,0.000155609911,0.000000000000,0.000000000000,0.000171942928,0.000000000000,0.000000000000,0.000158346864,0.000000000000,0.000000000000,0.000124764617,0.000000000000,0.000000000000,0.000142160723,0.000000000000,0.000000000000,0.000107887628
662,0.000000000000,0.000000000000,0.000482619886,0.000000000000,0.000000000000,0.000488313411,0.000000000000,0.000000000000,0.000489341401,0.000000000000,0.000000000000,0.000387509194,0.000000000000,0.000000000000,0.000401653051,0.000000000000,0.000000000000,0.000395368719,0.000000000000,0.000000000000,0.000246525688,0.000000000000,0.000000000000,0.000266341208,0.000000000000,0.000000000000,0.000244858014,0.000000000000,0.000000000000,0.000155609911,0.000000000000,0.000000000000,0.000171944471,0.000000000000,0.000000000000,0.000158373416,0.000000000000,0.000000000000,0.000124788916,0.000000000000,0.000000000000,0.000142181930,0.000000000000,0.000000000000,0.000107892790
663,0.000000000000,0.000000000000,0.000482619886,0.000000000000,0.000000000000,0.000488313411,0.000000000000,0.000000000000,0.000489341401,0.000000000000,0.000000000000,0.000387509194,0.000000000000,0.000000000000,0.000401653051,0.000000000000,0.000000000000,0.000395368719,0.000000000000,0.000000000000,0.000246553705,0.000000000000,0.000000000000,0.000266341208,0.000000000000,0.000000000000,0.000244941054,0.000000000000,0.000000000000,0.000155609911,0.000000000000,0.000000000000,0.000172145904,0.000000000000,0.000000000000,0.000158541771,0.000000000000,0.000000000000,0.000124852461,0.000000000000,0.000000000000,0.000142187385,0.000000000000,0.000000000000,0.000107916713
664,0.000000000000,0.000000000000,0.000482619886,0.000000000000,0.000000000000,0.000488313411,0.000000000000,0.000000000000,0.000489341401,0.000000000000,0.000000000000,0.000387524899,0.000000000000,0.000000000000,0.000401653051,0.000000000000,0.000000000000,0.000395368719,0.000000000000,0.000000000000,0.000246553705,0.000000000000,0.000000000000,0.000266341208,0.000000000000,0.000000000000,0.000244941054,0.000000000000,0.000000000000,0.000155609911,0.000000000000,0.000000000000,0.000172170194,0.000000000000,0.000000000000,0.000158605448,0.000000000000,0.000000000000,0.000124860100,0.000000000000,0.000000000000,0.000142196950,0.000000000000,0.000000000000,0.000107927057
665,0.000000000000,0.000000000000,0.000482619886,0.000000000000,0.000000000000,0.000488313411,0.000000000000,0.000000000000,0.000489341401,0.000000000000,0.000000000000,0.000387524899,0.000000000000,0.000000000000,0.000401653051,0.000000000000,0.000000000000,0.000395368719,0.000000000000,0.000000000000,0.000246621860,0.000000000000,0.000000000000,0.000266341208,0.000000000000,0.000000000000,0.000245013446,0.000000000000,0.000000000000,0.000155800419,0.000000000000,0.000000000000,0.000172251015,0.000000000000,0.000000000000,0.000158609566,0.000000000000,0.000000000000,0.000124866413,0.000000000000,0.000000000000,0.000142229120,0.000000000000,0.000000000000,0.000107952625
666,0.000000000000,0.000000000000,0.000482619886,0.000000000000,0.000000000000,0.000488313411,0.000000000000,0.000000000000,0.000489341401,0.000000000000,0.000000000000,0.000387524899,0.000000000000,0.000000000000,0.000401653051,0.000000000000,0.000000000000,0.000395368719,0.000000000000,0.000000000000,0.000246634329,0.000000000000,0.000000000000,0.000266341208,0.000000000000,0.000000000000,0.000246017023,0.000000000000,0.000000000000,0.000155872394,0.000000000000,0.000000000000,0.000172251015,0.000000000000,0.000000000000,0.000158714498,0.000000000000,0.000000000000,0.000125021533,0.000000000000,0.000000000000,0.000142229120,0.000000000000,0.000000000000,0.000107965390
667,0.000000000000,0.000000000000,0.000482619886,0.000000000000,0.000000000000,0.000488313411,0.000000000000,0.000000000000,0.000489341401,0.000000000000,0.000000000000,0.000387604669,0.000000000000,0.000000000000,0.000401653051,0.000000000000,0.000000000000,0.000395368719,0.000000000000,0.000000000000,0.000246634329,0.000000000000,0.000000000000,0.000266341208,0.000000000000,0.000000000000,0.000246017023,0.000000000000,0.000000000000,0.000155949066,0.000000000000,0.000000000000,0.000172431918,0.000000000000,0.000000000000,0.000158720925,0.000000000000,0.000000000000,0.000125125862,0.000000000000,0.000000000000,0.000142269571,0.000000000000,0.000000000000,0.000108044570
668,0.000000000000,0.000000000000,0.000482619886,0.000000000000,0.000000000000,0.000488313411,0.000000000000,0.000000000000,0.000489341401,0.000000000000,0.000000000000,0.000387604669,0.000000000000,0.000000000000,0.000401653051,0.000000000000,0.000000000000,0.000395368719,0.000000000000,0.000000000000,0.000247258965,0.000000000000,0.000000000000,0.000266341208,0.000000000000,0.000000000000,0.000246031870,0.000000000000,0.000000000000,0.000155949271,0.000000000000,0.000000000000,0.000172487585,0.000000000000,0.000000000000,0.000158752682,0.000000000000,0.000000000000,0.000125169357,0.000000000000,0.000000000000,0.000142274915,0.000000000000,0.000000000000,0.000108048383
669,0.000000000000,0.000000000000,0.000482619886,0.000000000000,0.000000000000,0.000488313411,0.000000000000,0.000000000000,0.000489341401,0.000000000000,0.000000000000,0.000387604669,0.000000000000,0.000000000000,0.000401653051,0.000000000000,0.000000000000,0.000395368719,0.000000000000,0.000000000000,0.000247640051,0.000000000000,0.000000000000,0.000266341208,0.000000000000,0.000000000000,0.000246031870,0.000000000000,0.000000000000,0.000155951380,0.000000000000,0.000000000000,0.000172487585,0.000000000000,0.000000000000,0.000158772708,0.000000000000,0.000000000000,0.000125370658,0.000000000000,0.000000000000,0.000142367368,0.000000000000,0.000000000000,0.000108048383
670,0.000000000000,0.000000000000,0.000482619886,0.000000000000,0.000000000000,0.000488313411,0.000000000000,0.000000000000,0.000489341401,0.000000000000,0.000000000000,0.000387604669,0.000000000000,0.000000000000,0.000401653051,0.000000000000,0.000000000000,0.000395368719,0.000000000000,0.000000000000,0.000247660678,0.000000000000,0.000000000000,0.000266341208,0.000000000000,0.000000000000,0.000246035146,0.000000000000,0.000000000000,0.000155951380,0.000000000000,0.000000000000,0.000172487585,0.000000000000,0.000000000000,0.000158786108,0.000000000000,0.000000000000,0.000125543568,0.000000000000,0.000000000000,0.000142407505,0.000000000000,0.000000000000,0.000108066790
671,0.000000000000,0.000000000000,0.000482619886,0.000000000000,0.000000000000,0.000488313411,0.000000000000,0.000000000000,0.000489341401,0.000000000000,0.000000000000,0.000387604669,0.000000000000,0.000000000000,0.000401653051,0.000000000000,0.000000000000,0.000395368719,0.000000000000,0.000000000000,0.000248362571,0.000000000000,0.000000000000,0.000266365521,0.000000000000,0.000000000000,0.000246035967,0.000000000000,0.000000000000,0.000155954199,0.000000000000,0.000000000000,0.000172518730,0.000000000000,0.000000000000,0.000158786932,0.000000000000,0.000000000000,0.000125579264,0.000000000000,0.000000000000,0.000142407505,0.000000000000,0.000000000000,0.000108067886
672,0.000000000000,0.000000000000,0.000482619886,0.000000000000,0.000000000000,0.000488313411,0.000000000000,0.000000000000,0.000489341401,0.000000000000,0.000000000000,0.000387604669,0.000000000000,0.000000000000,0.000401653051,0.000000000000,0.000000000000,0.000395368719,0.000000000000,0.000000000000,0.000248362571,0.000000000000,0.000000000000,0.000266365521,0.000000000000,0.000000000000,0.000246101805,0.000000000000,0.000000000000,0.000155954199,0.000000000000,0.000000000000,0.000172518730,0.000000000000,0.000000000000,0.000158846188,0.000000000000,0.000000000000,0.000125642864,0.000000000000,0.000000000000,0.000142560102,0.000000000000,0.000000000000,0.000108072520
673,0.000000000000,0.000000000000,0.000482619886,0.000000000000,0.000000000000,0.000488313411,0.000000000000,0.000000000000,0.000489341401,0.000000000000,0.000000000000,0.000387604669,0.000000000000,0.000000000000,0.000401653051,0.000000000000,0.000000000000,0.000395368719,0.000000000000,0.000000000000,0.000248362571,0.000000000000,0.000000000000,0.000266365521,0.000000000000,0.000000000000,0.000246101805,0.000000000000,0.000000000000,0.000155965809,0.000000000000,0.000000000000,0.000172566715,0.000000000000,0.000000000000,0.000158847280,0.000000000000,0.000000000000,0.000125695649,0.000000000000,0.000000000000,0.000142560102,0.000000000000,0.000000000000,0.000108088700
674,0.000000000000,0.000000000000,0.000482619886,0.000000000000,0.000000000000,0.000488313411,0.000000000000,0.000000000000,0.000489341401,0.000000000000,0.000000000000,0.000388056019,0.000000000000,0.000000000000,0.000401653051,0.000000000000,0.000000000000,0.000395368719,0.000000000000,0.000000000000,0.000248362571,0.000000000000,0.000000000000,0.000266384533,0.000000000000,0.000000000000,0.000246139878,0.000000000000,0.000000000000,0.000156039407,0.000000000000,0.000000000000,0.000172566715,0.000000000000,0.000000000000,0.000158849276,0.000000000000,0.000000000000,0.000125717355,0.000000000000,0.000000000000,0.000142656219,0.000000000000,0.000000000000,0.000108088700
675,0.000000000000,0.000000000000,0.000482619886,0.000000000000,0.000000000000,0.000488313411,0.000000000000,0.000000000000,0.000489341401,0.000000000000,0.000000000000,0.000388056019,0.000000000000,0.000000000000,0.000401653051,0.000000000000,0.000000000000,0.000395432105,0.000000000000,0.000000000000,0.000248362571,0.000000000000,0.000000000000,0.000266384533,0.000000000000,0.000000000000,0.000246165003,0.000000000000,0.000000000000,0.000156097343,0.000000000000,0.000000000000,0.000172566715,0.000000000000,0.000000000000,0.000158849276,0.000000000000,0.000000000000,0.000125717355,0.000000000000,0.000000000000,0.000142805684,0.000000000000,0.000000000000,0.000108093361
676,0.000000000000,0.000000000000,0.000482619886,0.000000000000,0.000000000000,0.000488313411,0.000000000000,0.000000000000,0.000489341401,0.000000000000,0.000000000000,0.000388056019,0.000000000000,0.000000000000,0.000401653051,0.000000000000,0.000000000000,0.000395432105,0.000000000000,0.000000000000,0.000248362571,0.000000000000,0.000000000000,0.000266455706,0.000000000000,0.000000000000,0.000246215150,0.000000000000,0.000000000000,0.000156097343,0.000000000000,0.000000000000,0.000172572505,0.000000000000,0.000000000000,0.000158940274,0.000000000000,0.000000000000,0.000125737176,0.000000000000,0.000000000000,0.000142848760,0.000000000000,0.000000000000,0.000108093361
677,0.000000000000,0.000000000000,0.000482619886,0.000000000000,0.000000000000,0.000488313411,0.000000000000,0.000000000000,0.000489341401,0.000000000000,0.000000000000,0.000388056019,0.000000000000,0.000000000000,0.000401653051,0.000000000000,0.000000000000,0.000395432105,0.000000000000,0.000000000000,0.000248362571,0.000000000000,0.000000000000,0.000266486400,0.000000000000,0.000000000000,0.000246215150,0.000000000000,0.000000000000,0.000156133992,0.000000000000,0.000000000000,0.000172572505,0.000000000000,0.000000000000,0.000158960188,0.000000000000,0.000000000000,0.000125789993,0.000000000000,0.000000000000,0.000142884708,0.000000000000,0.000000000000,0.000108095388
678,0.000000000000,0.000000000000,0.000482619886,0.000000000000,0.000000000000,0.000488313411,0.000000000000,0.000000000000,0.000489341401,0.000000000000,0.000000000000,0.000388056019,0.000000000000,0.000000000000,0.000401653051,0.000000000000,0.000000000000,0.000395432105,0.000000000000,0.000000000000,0.000248406270,0.000000000000,0.000000000000,0.000266486400,0.000000000000,0.000000000000,0.000246287221,0.000000000000,0.000000000000,0.000156156733,0.000000000000,0.000000000000,0.000172581226,0.000000000000,0.000000000000,0.000159086762,0.000000000000,0.000000000000,0.000125791476,0.000000000000,0.000000000000,0.000142884708,0.000000000000,0.000000000000,0.000108095388
679,0.000000000000,0.000000000000,0.000482619886,0.000000000000,0.000000000000,0.000488313411,0.000000000000,0.000000000000,0.000489341401,0.000000000000,0.000000000000,0.000388056019,0.000000000000,0.000000000000,0.000401653051,0.000000000000,0.000000000000,0.000395432105,0.000000000000,0.000000000000,0.000248406270,0.000000000000,0.000000000000,0.000266486400,0.000000000000,0.000000000000,0.000246317840,0.000000000000,0.000000000000,0.000156156733,0.000000000000,0.000000000000,0.000172581226,0.000000000000,0.000000000000,0.000159098052,0.000000000000,0.000000000000,0.000125854562,0.000000000000,0.000000000000,0.000142884708,0.000000000000,0.000000000000,0.000108145842
680,0.000000000000,0.000000000000,0.000482619886,0.000000000000,0.000000000000,0.000488313411,0.000000000000,0.000000000000,0.000489341401,0.000000000000,0.000000000000,0.000388056019,0.000000000000,0.000000000000,0.000401653051,0.000000000000,0.000000000000,0.000395432105,0.000000000000,0.000000000000,0.000248406270,0.000000000000,0.000000000000,0.000266594466,0.000000000000,0.000000000000,0.000246342607,0.000000000000,0.000000000000,0.000156156733,0.000000000000,0.000000000000,0.000172581226,0.000000000000,0.000000000000,0.000159098052,0.000000000000,0.000000000000,0.000125893338,0.000000000000,0.000000000000,0.000142891308,0.000000000000,0.000000000000,0.000108145842
681,0.000000000000,0.000000000000,0.000482619886,0.000000000000,0.000000000000,0.000488313411,0.000000000000,0.000000000000,0.000489341401,0.000000000000,0.000000000000,0.000388056019,0.000000000000,0.000000000000,0.000401653051,0.000000000000,0.000000000000,0.000395432105,0.000000000000,0.000000000000,0.000248406270,0.000000000000,0.000000000000,0.000266594466,0.000000000000,0.000000000000,0.000246342607,0.000000000000,0.000000000000,0.000156248080,0.000000000000,0.000000000000,0.000172592847,0.000000000000,0.000000000000,0.000159132661,0.000000000000,0.000000000000,0.000126110357,0.000000000000,0.000000000000,0.000142902021,0.000000000000,0.000000000000,0.000108206226
682,0.000000000000,0.000000000000,0.000482619886,0.000000000000,0.000000000000,0.000488313411,0.000000000000,0.000000000000,0.000489341401,0.000000000000,0.000000000000,0.000388056019,0.000000000000,0.000000000000,0.000401653051,0.000000000000,0.000000000000,0.000395432105,0.000000000000,0.000000000000,0.000248406270,0.000000000000,0.000000000000,0.000266594466,0.000000000000,0.000000000000,0.000246583706,0.000000000000,0.000000000000,0.000156248080,0.000000000000,0.000000000000,0.000172592847,0.000000000000,0.000000000000,0.000159137577,0.000000000000,0.000000000000,0.000126149527,0.000000000000,0.000000000000,0.000142988779,0.000000000000,0.000000000000,0.000108206226
683,0.000000000000,0.000000000000,0.000482619886,0.000000000000,0.000000000000,0.000488313411,0.000000000000,0.000000000000,0.000489341401,0.000000000000,0.000000000000,0.000388056019,0.000000000000,0.000000000000,0.000401653051,0.000000000000,0.000000000000,0.000395432105,0.000000000000,0.000000000000,0.000248672762,0.000000000000,0.000000000000,0.000266594466,0.000000000000,0.000000000000,0.000246628023,0.000000000000,0.000000000000,0.000156248080,0.000000000000,0.000000000000,0.000172982145,0.000000000000,0.000000000000,0.000159182758,0.000000000000,0.000000000000,0.000126153672,0.000000000000,0.000000000000,0.000143070468,0.000000000000,0.000000000000,0.000108206226
684,0.000000000000,0.000000000000,0.000482619886,0.000000000000,0.000000000000,0.000488313411,0.000000000000,0.000000000000,0.000489341401,0.000000000000,0.000000000000,0.000388056019,0.000000000000,0.000000000000,0.000401653051,0.000000000000,0.000000000000,0.000395432105,0.000000000000,0.000000000000,0.000248672762,0.000000000000,0.000000000000,0.000266594467,0.000000000000,0.000000000000,0.000246653507,0.000000000000,0.000000000000,0.000156284397,0.000000000000,0.000000000000,0.000173084915,0.000000000000,0.000000000000,0.000159206369,0.000000000000,0.000000000000,0.000126157419,0.000000000000,0.000000000000,0.000143074232,0.000000000000,0.000000000000,0.000108256948
685,0.000000000000,0.000000000000,0.000482619886,0.000000000000,0.000000000000,0.000488313411,0.000000000000,0.000000000000,0.000489341401,0.000000000000,0.000000000000,0.000388056019,0.000000000000,0.000000000000,0.000401653051,0.000000000000,0.000000000000,0.000395432105,0.000000000000,0.000000000000,0.000248672762,0.000000000000,0.000000000000,0.000266594467,0.000000000000,0.000000000000,0.000246655529,0.000000000000,0.000000000000,0.000156337439,0.000000000000,0.000000000000,0.000173084915,0.000000000000,0.000000000000,0.000159206369,0.000000000000,0.000000000000,0.000126562794,0.000000000000,0.000000000000,0.000143074232,0.000000000000,0.000000000000,0.000108256948
686,0.000000000000,0.000000000000,0.000482619886,0.000000000000,0.000000000000,0.000488313411,0.000000000000,0.000000000000,0.000489341401,0.000000000000,0.000000000000,0.000388056019,0.000000000000,0.000000000000,0.000401653051,0.000000000000,0.000000000000,0.000395432105,0.000000000000,0.000000000000,0.000248689022,0.000000000000,0.000000000000,0.000266594467,0.000000000000,0.000000000000,0.000246655529,0.000000000000,0.000000000000,0.000156370372,0.000000000000,0.000000000000,0.000173108517,0.000000000000,0.000000000000,0.000159224601,0.000000000000,0.000000000000,0.000126567697,0.000000000000,0.000000000000,0.000143160330,0.000000000000,0.000000000000,0.000108256948
687,0.000000000000,0.000000000000,0.000482619886,0.000000000000,0.000000000000,0.000488313411,0.000000000000,0.000000000000,0.000489341401,0.000000000000,0.000000000000,0.000388056019,0.000000000000,0.000000000000,0.000401653051,0.000000000000,0.000000000000,0.000395432105,0.000000000000,0.000000000000,0.000248707053,0.000000000000,0.000000000000,0.000266594467,0.000000000000,0.000000000000,0.000246732786,0.000000000000,0.000000000000,0.000156420708,0.000000000000,0.000000000000,0.000173108731,0.000000000000,0.000000000000,0.000159224601,0.000000000000,0.000000000000,0.000126572444,0.000000000000,0.000000000000,0.000143350515,0.000000000000,0.000000000000,0.000108256948
688,0.000000000000,0.000000000000,0.000482619886,0.000000000000,0.000000000000,0.000488313411,0.000000000000,0.000000000000,0.000489341401,0.000000000000,0.000000000000,0.000388056019,0.000000000000,0.000000000000,0.000401653051,0.000000000000,0.000000000000,0.000395432105,0.000000000000,0.000000000000,0.000248707053,0.000000000000,0.000000000000,0.000266843622,0.000000000000,0.000000000000,0.000246773670,0.000000000000,0.000000000000,0.000156976869,0.000000000000,0.000000000000,0.000173716747,0.000000000000,0.000000000000,0.000159224601,0.000000000000,0.000000000000,0.000126656785,0.000000000000,0.000000000000,0.000143373730,0.000000000000,0.000000000000,0.000108302015
689,0.000000000000,0.000000000000,0.000482619886,0.000000000000,0.000000000000,0.000488313411,0.000000000000,0.000000000000,0.000489341401,0.000000000000,0.000000000000,0.000388056019,0.000000000000,0.000000000000,0.000401653051,0.000000000000,0.000000000000,0.000395432105,0.000000000000,0.000000000000,0.000249309346,0.000000000000,0.000000000000,0.000266843622,0.000000000000,0.000000000000,0.000246957138,0.000000000000,0.000000000000,0.000156977951,0.000000000000,0.000000000000,0.000173870568,0.000000000000,0.000000000000,0.000159224601,0.000000000000,0.000000000000,0.000126656785,0.000000000000,0.000000000000,0.000143656534,0.000000000000,0.000000000000,0.000108359802
690,0.000000000000,0.000000000000,0.000482619886,0.000000000000,0.000000000000,0.000488313411,0.000000000000,0.000000000000,0.000489341401,0.000000000000,0.000000000000,0.000388056019,0.000000000000,0.000000000000,0.000401653051,0.000000000000,0.000000000000,0.000395432105,0.000000000000,0.000000000000,0.000249309346,0.000000000000,0.000000000000,0.000266843622,0.000000000000,0.000000000000,0.000246957138,0.000000000000,0.000000000000,0.000157000692,0.000000000000,0.000000000000,0.000173912331,0.000000000000,0.000000000000,0.000159267371,0.000000000000,0.000000000000,0.000126656785,0.000000000000,0.000000000000,0.000143812827,0.000000000000,0.000000000000,0.000108362647
691,0.000000000000,0.000000000000,0.000482619886,0.000000000000,0.000000000000,0.000488313411,0.000000000000,0.000000000000,0.000489341401,0.000000000000,0.000000000000,0.000388056019,0.000000000000,0.000000000000,0.000401653051,0.000000000000,0.000000000000,0.000395432105,0.000000000000,0.000000000000,0.000249326417,0.000000000000,0.000000000000,0.000266843622,0.000000000000,0.000000000000,0.000246985576,0.000000000000,0.000000000000,0.000157000692,0.000000000000,0.000000000000,0.000173950075,0.000000000000,0.000000000000,0.000159276887,0.000000000000,0.000000000000,0.000126718586,0.000000000000,0.000000000000,0.000143812827,0.000000000000,0.000000000000,0.000108373898
692,0.000000000000,0.000000000000,0.000482619886,0.000000000000,0.000000000000,0.000488313411,0.000000000000,0.000000000000,0.000489341401,0.000000000000,0.000000000000,0.000388056019,0.000000000000,0.000000000000,0.000401653051,0.000000000000,0.000000000000,0.000395488730,0.000000000000,0.000000000000,0.000249326417,0.000000000000,0.000000000000,0.000266843622,0.000000000000,0.000000000000,0.000247338793,0.000000000000,0.000000000000,0.000157083831,0.000000000000,0.000000000000,0.000173968225,0.000000000000,0.000000000000,0.000159324439,0.000000000000,0.000000000000,0.000126832771,0.000000000000,0.000000000000,0.000143819687,0.000000000000,0.000000000000,0.000108584047
693,0.000000000000,0.000000000000,0.000482619886,0.000000000000,0.000000000000,0.000488313411,0.000000000000,0.000000000000,0.000489341401,0.000000000000,0.000000000000,0.000388056019,0.000000000000,0.000000000000,0.000401653051,0.000000000000,0.000000000000,0.000395488730,0.000000000000,0.000000000000,0.000249326417,0.000000000000,0.000000000000,0.000266843622,0.000000000000,0.000000000000,0.000247356987,0.000000000000,0.000000000000,0.000157083831,0.000000000000,0.000000000000,0.000174020277,0.000000000000,0.000000000000,0.000159324439,0.000000000000,0.000000000000,0.000126877343,0.000000000000,0.000000000000,0.000143883941,0.000000000000,0.000000000000,0.000108584047
694,0.000000000000,0.000000000000,0.000482619886,0.000000000000,0.000000000000,0.000488313411,0.000000000000,0.000000000000,0.000489341401,0.000000000000,0.000000000000,0.000388056019,0.000000000000,0.000000000000,0.000401653051,0.000000000000,0.000000000000,0.000395488730,0.000000000000,0.000000000000,0.000249401894,0.000000000000,0.000000000000,0.000266843622,0.000000000000,0.000000000000,0.000247356987,0.000000000000,0.000000000000,0.000157111556,0.000000000000,0.000000000000,0.000174051367,0.000000000000,0.000000000000,0.000159324439,0.000000000000,0.000000000000,0.000126886237,0.000000000000,0.000000000000,0.000143949850,0.000000000000,0.000000000000,0.000108586742
695,0.000000000000,0.000000000000,0.000482619886,0.000000000000,0.000000000000,0.000488313411,0.000000000000,0.000000000000,0.000489341401,0.000000000000,0.000000000000,0.000388056019,0.000000000000,0.000000000000,0.000401653051,0.000000000000,0.000000000000,0.000395490858,0.000000000000,0.000000000000,0.000249401894,0.000000000000,0.000000000000,0.000266843622,0.000000000000,0.000000000000,0.000247536540,0.000000000000,0.000000000000,0.000157111556,0.000000000000,0.000000000000,0.000174136664,0.000000000000,0.000000000000,0.000159385538,0.000000000000,0.000000000000,0.000126932086,0.000000000000,0.000000000000,0.000144049904,0.000000000000,0.000000000000,0.000108586742
696,0.000000000000,0.000000000000,0.000482619886,0.000000000000,0.000000000000,0.000488313411,0.000000000000,0.000000000000,0.000489341401,0.000000000000,0.000000000000,0.000388056019,0.000000000000,0.000000000000,0.000401653051,0.000000000000,0.000000000000,0.000395490858,0.000000000000,0.000000000000,0.000249584572,0.000000000000,0.000000000000,0.000266880437,0.000000000000,0.000000000000,0.000247536540,0.000000000000,0.000000000000,0.000157111556,0.000000000000,0.000000000000,0.000174155144,0.000000000000,0.000000000000,0.000159454933,0.000000000000,0.000000000000,0.000127070757,0.000000000000,0.000000000000,0.000144082067,0.000000000000,0.000000000000,0.000108586742
697,0.000000000000,0.000000000000,0.000482619886,0.000000000000,0.000000000000,0.000488313411,0.000000000000,0.000000000000,0.000489341401,0.000000000000,0.000000000000,0.000388143535,0.000000000000,0.000000000000,0.000401653051,0.000000000000,0.000000000000,0.000395490858,0.000000000000,0.000000000000,0.000249584572,0.000000000000,0.000000000000,0.000266880437,0.000000000000,0.000000000000,0.000247536540,0.000000000000,0.000000000000,0.000157111556,0.000000000000,0.000000000000,0.000174171421,0.000000000000,0.000000000000,0.000159454933,0.000000000000,0.000000000000,0.000127083281,0.000000000000,0.000000000000,0.000144092561,0.000000000000,0.000000000000,0.000108586742
698,0.000000000000,0.000000000000,0.000482619886,0.000000000000,0.000000000000,0.000488313411,0.000000000000,0.000000000000,0.000489341401,0.000000000000,0.000000000000,0.000388143535,0.000000000000,0.000000000000,0.000401653051,0.000000000000,0.000000000000,0.000395490858,0.000000000000,0.000000000000,0.000249584572,0.000000000000,0.000000000000,0.000266926162,0.000000000000,0.000000000000,0.000247536540,0.000000000000,0.000000000000,0.000157158155,0.000000000000,0.000000000000,0.000174171421,0.000000000000,0.000000000000,0.000159497426,0.000000000000,0.000000000000,0.000127236734,0.000000000000,0.000000000000,0.000144157163,0.000000000000,0.000000000000,0.000108683246
699,0.000000000000,0.000000000000,0.000482619886,0.000000000000,0.000000000000,0.000488313411,0.000000000000,0.000000000000,0.000489341401,0.000000000000,0.000000000000,0.000388143535,0.000000000000,0.000000000000,0.000401653051,0.000000000000,0.000000000000,0.000395490858,0.000000000000,0.000000000000,0.000249584572,0.000000000000,0.000000000000,0.000266926162,0.000000000000,0.000000000000,0.000247536540,0.000000000000,0.000000000000,0.000157244094,0.000000000000,0.000000000000,0.000174171785,0.000000000000,0.000000000000,0.000159512205,0.000000000000,0.000000000000,0.000127238269,0.000000000000,0.000000000000,0.000144170158,0.000000000000,0.000000000000,0.000108883547
700,0.000000000000,0.000000000000,0.000482619886,0.000000000000,0.000000000000,0.000488313411,0.000000000000,0.000000000000,0.000489341401,0.000000000000,0.000000000000,0.000388143535,0.000000000000,0.000000000000,0.000401653051,0.000000000000,0.000000000000,0.000395490858,0.000000000000,0.000000000000,0.000250110394,0.000000000000,0.000000000000,0.000266926162,0.000000000000,0.000000000000,0.000247577048,0.000000000000,0.000000000000,0.000157244094,0.000000000000,0.000000000000,0.000174171785,0.000000000000,0.000000000000,0.000159616310,0.000000000000,0.000000000000,0.000127264295,0.000000000000,0.000000000000,0.000144171810,0.000000000000,0.000000000000,0.000108885351
701,0.000000000000,0.000000000000,0.000482619886,0.000000000000,0.000000000000,0.000488313411,0.000000000000,0.000000000000,0.000489341401,0.000000000000,0.000000000000,0.000388143535,0.000000000000,0.000000000000,0.000401653051,0.000000000000,0.000000000000,0.000395490858,0.000000000000,0.000000000000,0.000250110394,0.000000000000,0.000000000000,0.000266936479,0.000000000000,0.000000000000,0.000247659919,0.000000000000,0.000000000000,0.000157255304,0.000000000000,0.000000000000,0.000174217484,0.000000000000,0.000000000000,0.000159620071,0.000000000000,0.000000000000,0.000127597107,0.000000000000,0.000000000000,0.000144194430,0.000000000000,0.000000000000,0.000108889484
702,0.000000000000,0.000000000000,0.000482619886,0.000000000000,0.000000000000,0.000488313411,0.000000000000,0.000000000000,0.000489341401,0.000000000000,0.000000000000,0.000388143535,0.000000000000,0.000000000000,0.000401653051,0.000000000000,0.000000000000,0.000395490858,0.000000000000,0.000000000000,0.000250110394,0.000000000000,0.000000000000,0.000266936479,0.000000000000,0.000000000000,0.000247659919,0.000000000000,0.000000000000,0.000157255304,0.000000000000,0.000000000000,0.000174217484,0.000000000000,0.000000000000,0.000159652245,0.000000000000,0.000000000000,0.000127703793,0.000000000000,0.000000000000,0.000144228621,0.000000000000,0.000000000000,0.000108910991
703,0.000000000000,0.000000000000,0.000482619886,0.000000000000,0.000000000000,0.000488313411,0.000000000000,0.000000000000,0.000489341401,0.000000000000,0.000000000000,0.000388143535,0.000000000000,0.000000000000,0.000401653051,0.000000000000,0.000000000000,0.000395490858,0.000000000000,0.000000000000,0.000250545884,0.000000000000,0.000000000000,0.000266936479,0.000000000000,0.000000000000,0.000247937306,0.000000000000,0.000000000000,0.000157255304,0.000000000000,0.000000000000,0.000174366511,0.000000000000,0.000000000000,0.000159683581,0.000000000000,0.000000000000,0.000127806564,0.000000000000,0.000000000000,0.000144324990,0.000000000000,0.000000000000,0.000108954575
704,0.000000000000,0.000000000000,0.000482619886,0.000000000000,0.000000000000,0.000488313411,0.000000000000,0.000000000000,0.000489341401,0.000000000000,0.000000000000,0.000388143535,0.000000000000,0.000000000000,0.000401653051,0.000000000000,0.000000000000,0.000395490858,0.000000000000,0.000000000000,0.000250552759,0.000000000000,0.000000000000,0.000266936479,0.000000000000,0.000000000000,0.000248215753,0.000000000000,0.000000000000,0.000157255304,0.000000000000,0.000000000000,0.000174366511,0.000000000000,0.000000000000,0.000159683581,0.000000000000,0.000000000000,0.000127825503,0.000000000000,0.000000000000,0.000144324990,0.000000000000,0.000000000000,0.000108975135
705,0.000000000000,0.000000000000,0.000482619886,0.000000000000,0.000000000000,0.000488313411,0.000000000000,0.000000000000,0.000489341401,0.000000000000,0.000000000000,0.000388143535,0.000000000000,0.000000000000,0.000401653051,0.000000000000,0.000000000000,0.000395490858,0.000000000000,0.000000000000,0.000250552759,0.000000000000,0.000000000000,0.000266966822,0.000000000000,0.000000000000,0.000248216500,0.000000000000,0.000000000000,0.000157255304,0.000000000000,0.000000000000,0.000174379746,0.000000000000,0.000000000000,0.000159720844,0.000000000000,0.000000000000,0.000127825503,0.000000000000,0.000000000000,0.000144328579,0.000000000000,0.000000000000,0.000108975135
706,0.000000000000,0.000000000000,0.000482619886,0.000000000000,0.000000000000,0.000488313411,0.000000000000,0.000000000000,0.000489341401,0.000000000000,0.000000000000,0.000388143535,0.000000000000,0.000000000000,0.000401653051,0.000000000000,0.000000000000,0.000395490858,0.000000000000,0.000000000000,0.000250555795,0.000000000000,0.000000000000,0.000266966822,0.000000000000,0.000000000000,0.000248216500,0.000000000000,0.000000000000,0.000157294346,0.000000000000,0.000000000000,0.000174380822,0.000000000000,0.000000000000,0.000159742006,0.000000000000,0.000000000000,0.000127825503,0.000000000000,0.000000000000,0.000144391557,0.000000000000,0.000000000000,0.000108975135
707,0.000000000000,0.000000000000,0.000482619886,0.000000000000,0.000000000000,0.000488313411,0.000000000000,0.000000000000,0.000489341401,0.000000000000,0.000000000000,0.000388143535,0.000000000000,0.000000000000,0.000401653051,0.000000000000,0.000000000000,0.000395490858,0.000000000000,0.000000000000,0.000250555795,0.000000000000,0.000000000000,0.000266966822,0.000000000000,0.000000000000,0.000248216500,0.000000000000,0.000000000000,0.000157301418,0.000000000000,0.000000000000,0.000174470892,0.000000000000,0.000000000000,0.000159745020,0.000000000000,0.000000000000,0.000127845461,0.000000000000,0.000000000000,0.000144391557,0.000000000000,0.000000000000,0.000108975135
708,0.000000000000,0.000000000000,0.000482619886,0.000000000000,0.000000000000,0.000488313411,0.000000000000,0.000000000000,0.000489341401,0.000000000000,0.000000000000,0.000388143535,0.000000000000,0.000000000000,0.000401653051,0.000000000000,0.000000000000,0.000395490858,0.000000000000,0.000000000000,0.000250626091,0.000000000000,0.000000000000,0.000266966822,0.000000000000,0.000000000000,0.000248216500,0.000000000000,0.000000000000,0.000157301418,0.000000000000,0.000000000000,0.000174470892,0.000000000000,0.000000000000,0.000159802126,0.000000000000,0.000000000000,0.000127896839,0.000000000000,0.000000000000,0.000144395250,0.000000000000,0.000000000000,0.000108976190
709,0.000000000000,0.000000000000,0.000482619886,0.000000000000,0.000000000000,0.000488313411,0.000000000000,0.000000000000,0.000489341401,0.000000000000,0.000000000000,0.000388143535,0.000000000000,0.000000000000,0.000401653051,0.000000000000,0.000000000000,0.000395490858,0.000000000000,0.000000000000,0.000250884747,0.000000000000,0.000000000000,0.000266966822,0.000000000000,0.000000000000,0.000248223701,0.000000000000,0.000000000000,0.000157302408,0.000000000000,0.000000000000,0.000174471152,0.000000000000,0.000000000000,0.000159802126,0.000000000000,0.000000000000,0.000127935628,0.000000000000,0.000000000000,0.000144433157,0.000000000000,0.000000000000,0.000109008194
710,0.000000000000,0.000000000000,0.000482619886,0.000000000000,0.000000000000,0.000488313411,0.000000000000,0.000000000000,0.000489341401,0.000000000000,0.000000000000,0.000388143535,0.000000000000,0.000000000000,0.000401653051,0.000000000000,0.000000000000,0.000395490858,0.000000000000,0.000000000000,0.000250884747,0.000000000000,0.000000000000,0.000266966822,0.000000000000,0.000000000000,0.000248223701,0.000000000000,0.000000000000,0.000157302408,0.000000000000,0.000000000000,0.000174471152,0.000000000000,0.000000000000,0.000159817806,0.000000000000,0.000000000000,0.000127947065,0.000000000000,0.000000000000,0.000144453601,0.000000000000,0.000000000000,0.000109008194
711,0.000000000000,0.000000000000,0.000482619886,0.000000000000,0.000000000000,0.000488313411,0.000000000000,0.000000000000,0.000489341401,0.000000000000,0.000000000000,0.000388143535,0.000000000000,0.000000000000,0.000401653051,0.000000000000,0.000000000000,0.000395490858,0.000000000000,0.000000000000,0.000250884747,0.000000000000,0.000000000000,0.000266966822,0.000000000000,0.000000000000,0.000248223701,0.000000000000,0.000000000000,0.000157320253,0.000000000000,0.000000000000,0.000174531624,0.000000000000,0.000000000000,0.000159835395,0.000000000000,0.000000000000,0.000127993709,0.000000000000,0.000000000000,0.000144482484,0.000000000000,0.000000000000,0.000109103701
712,0.000000000000,0.000000000000,0.000482619886,0.000000000000,0.000000000000,0.000488313411,0.000000000000,0.000000000000,0.000489341401,0.000000000000,0.000000000000,0.000388143535,0.000000000000,0.000000000000,0.000401653051,0.000000000000,0.000000000000,0.000395490858,0.000000000000,0.000000000000,0.000250884747,0.000000000000,0.000000000000,0.000266966822,0.000000000000,0.000000000000,0.000248350056,0.000000000000,0.000000000000,0.000157320253,0.000000000000,0.000000000000,0.000174531624,0.000000000000,0.000000000000,0.000159851579,0.000000000000,0.000000000000,0.000128016498,0.000000000000,0.000000000000,0.000144508166,0.000000000000,0.000000000000,0.000109103701
713,0.000000000000,0.000000000000,0.000482619886,0.000000000000,0.000000000000,0.000488313411,0.000000000000,0.000000000000,0.000489341401,0.000000000000,0.000000000000,0.000388143535,0.000000000000,0.000000000000,0.000401653051,0.000000000000,0.000000000000,0.000395490858,0.000000000000,0.000000000000,0.000250884747,0.000000000000,0.000000000000,0.000266966822,0.000000000000,0.000000000000,0.000248379048,0.000000000000,0.000000000000,0.000157343748,0.000000000000,0.000000000000,0.000174541611,0.000000000000,0.000000000000,0.000159899413,0.000000000000,0.000000000000,0.000128081177,0.000000000000,0.000000000000,0.000144581273,0.000000000000,0.000000000000,0.000109138601
714,0.000000000000,0.000000000000,0.000482619886,0.000000000000,0.000000000000,0.000488313411,0.000000000000,0.000000000000,0.000489341401,0.000000000000,0.000000000000,0.000388143535,0.000000000000,0.000000000000,0.000401653051,0.000000000000,0.000000000000,0.000395490858,0.000000000000,0.000000000000,0.000250967061,0.000000000000,0.000000000000,0.000266966822,0.000000000000,0.000000000000,0.000248452273,0.000000000000,0.000000000000,0.000157343748,0.000000000000,0.000000000000,0.000174619846,0.000000000000,0.000000000000,0.000159921308,0.000000000000,0.000000000000,0.000128081774,0.000000000000,0.000000000000,0.000144613771,0.000000000000,0.000000000000,0.000109197534
715,0.000000000000,0.000000000000,0.000482619886,0.000000000000,0.000000000000,0.000488313411,0.000000000000,0.000000000000,0.000489341401,0.000000000000,0.000000000000,0.000388143535,0.000000000000,0.000000000000,0.000401653051,0.000000000000,0.000000000000,0.000395490858,0.000000000000,0.000000000000,0.000251072890,0.000000000000,0.000000000000,0.000266966822,0.000000000000,0.000000000000,0.000248452273,0.000000000000,0.000000000000,0.000157343748,0.000000000000,0.000000000000,0.000174735086,0.000000000000,0.000000000000,0.000159921308,0.000000000000,0.000000000000,0.000128095107,0.000000000000,0.000000000000,0.000144633929,0.000000000000,0.000000000000,0.000109197534
716,0.000000000000,0.000000000000,0.000482619886,0.000000000000,0.000000000000,0.000488313411,0.000000000000,0.000000000000,0.000489341401,0.000000000000,0.000000000000,0.000388143535,0.000000000000,0.000000000000,0.000401653051,0.000000000000,0.000000000000,0.000395543054,0.000000000000,0.000000000000,0.000251072890,0.000000000000,0.000000000000,0.000266966822,0.000000000000,0.000000000000,0.000248489189,0.000000000000,0.000000000000,0.000157343748,0.000000000000,0.000000000000,0.000174735086,0.000000000000,0.000000000000,0.000159985437,0.000000000000,0.000000000000,0.000128137066,0.000000000000,0.000000000000,0.000144633929,0.000000000000,0.000000000000,0.000109198169
717,0.000000000000,0.000000000000,0.000482619886,0.000000000000,0.000000000000,0.000488313411,0.000000000000,0.000000000000,0.000489341401,0.000000000000,0.000000000000,0.000388143535,0.000000000000,0.000000000000,0.000401653051,0.000000000000,0.000000000000,0.000395543054,0.000000000000,0.000000000000,0.000251099229,0.000000000000,0.000000000000,0.000266966822,0.000000000000,0.000000000000,0.000248492007,0.000000000000,0.000000000000,0.000157355644,0.000000000000,0.000000000000,0.000174735086,0.000000000000,0.000000000000,0.000159985437,0.000000000000,0.000000000000,0.000128157255,0.000000000000,0.000000000000,0.000144639252,0.000000000000,0.000000000000,0.000109200661
718,0.000000000000,0.000000000000,0.000482619886,0.000000000000,0.000000000000,0.000488313411,0.000000000000,0.000000000000,0.000489341401,0.000000000000,0.000000000000,0.000388330485,0.000000000000,0.000000000000,0.000401653051,0.000000000000,0.000000000000,0.000395543054,0.000000000000,0.000000000000,0.000251254696,0.000000000000,0.000000000000,0.000266966822,0.000000000000,0.000000000000,0.000248492007,0.000000000000,0.000000000000,0.000157377892,0.000000000000,0.000000000000,0.000174806889,0.000000000000,0.000000000000,0.000159985437,0.000000000000,0.000000000000,0.000128192428,0.000000000000,0.000000000000,0.000144978136,0.000000000000,0.000000000000,0.000109226736
719,0.000000000000,0.000000000000,0.000482619886,0.000000000000,0.000000000000,0.000488313411,0.000000000000,0.000000000000,0.000489341401,0.000000000000,0.000000000000,0.000388330485,0.000000000000,0.000000000000,0.000401653051,0.000000000000,0.000000000000,0.000395543054,0.000000000000,0.000000000000,0.000251339684,0.000000000000,0.000000000000,0.000266968861,0.000000000000,0.000000000000,0.000248495446,0.000000000000,0.000000000000,0.000157394059,0.000000000000,0.000000000000,0.000174806889,0.000000000000,0.000000000000,0.000160112629,0.000000000000,0.000000000000,0.000128197273,0.000000000000,0.000000000000,0.000144990141,0.000000000000,0.000000000000,0.000109226736
720,0.000000000000,0.000000000000,0.000482619886,0.000000000000,0.000000000000,0.000488313411,0.000000000000,0.000000000000,0.000489341401,0.000000000000,0.000000000000,0.000388330485,0.000000000000,0.000000000000,0.000401653051,0.000000000000,0.000000000000,0.000395543054,0.000000000000,0.000000000000,0.000251339684,0.000000000000,0.000000000000,0.000266968861,0.000000000000,0.000000000000,0.000248518631,0.000000000000,0.000000000000,0.000157411703,0.000000000000,0.000000000000,0.000174830190,0.000000000000,0.000000000000,0.000160112629,0.000000000000,0.000000000000,0.000128352187,0.000000000000,0.000000000000,0.000145017819,0.000000000000,0.000000000000,0.000109243779
721,0.000000000000,0.000000000000,0.000482619886,0.000000000000,0.000000000000,0.000488313411,0.000000000000,0.000000000000,0.000489341401,0.000000000000,0.000000000000,0.000388330485,0.000000000000,0.000000000000,0.000401653051,0.000000000000,0.000000000000,0.000395543054,0.000000000000,0.000000000000,0.000251446746,0.000000000000,0.000000000000,0.000266968861,0.000000000000,0.000000000000,0.000248696254,0.000000000000,0.000000000000,0.000157458988,0.000000000000,0.000000000000,0.000174885448,0.000000000000,0.000000000000,0.000160123645,0.000000000000,0.000000000000,0.000128545080,0.000000000000,0.000000000000,0.000145022365,0.000000000000,0.000000000000,0.000109384434
722,0.000000000000,0.000000000000,0.000482619886,0.000000000000,0.000000000000,0.000488313411,0.000000000000,0.000000000000,0.000489341401,0.000000000000,0.000000000000,0.000388330485,0.000000000000,0.000000000000,0.000401653051,0.000000000000,0.000000000000,0.000395543054,0.000000000000,0.000000000000,0.000251582664,0.000000000000,0.000000000000,0.000266968861,0.000000000000,0.000000000000,0.000248696254,0.000000000000,0.000000000000,0.000157483517,0.000000000000,0.000000000000,0.000174967618,0.000000000000,0.000000000000,0.000160144206,0.000000000000,0.000000000000,0.000128565422,0.000000000000,0.000000000000,0.000145034949,0.000000000000,0.000000000000,0.000109414151
723,0.000000000000,0.000000000000,0.000482619886,0.000000000000,0.000000000000,0.000488313411,0.000000000000,0.000000000000,0.000489341401,0.000000000000,0.000000000000,0.000388330485,0.000000000000,0.000000000000,0.000401653051,0.000000000000,0.000000000000,0.000395543054,0.000000000000,0.000000000000,0.000251582664,0.000000000000,0.000000000000,0.000266968861,0.000000000000,0.000000000000,0.000248696254,0.000000000000,0.000000000000,0.000157483517,0.000000000000,0.000000000000,0.000174969111,0.000000000000,0.000000000000,0.000160144206,0.000000000000,0.000000000000,0.000128599713,0.000000000000,0.000000000000,0.000145043496,0.000000000000,0.000000000000,0.000109414151
724,0.000000000000,0.000000000000,0.000482619886,0.000000000000,0.000000000000,0.000488313411,0.000000000000,0.000000000000,0.000489341401,0.000000000000,0.000000000000,0.000388330485,0.000000000000,0.000000000000,0.000401653051,0.000000000000,0.000000000000,0.000395543054,0.000000000000,0.000000000000,0.000251582664,0.000000000000,0.000000000000,0.000266968861,0.000000000000,0.000000000000,0.000248696254,0.000000000000,0.000000000000,0.000157528926,0.000000000000,0.000000000000,0.000175076812,0.000000000000,0.000000000000,0.000160167578,0.000000000000,0.000000000000,0.000128627779,0.000000000000,0.000000000000,0.000145115636,0.000000000000,0.000000000000,0.000109422858
725,0.000000000000,0.000000000000,0.000482619886,0.000000000000,0.000000000000,0.000488313411,0.000000000000,0.000000000000,0.000489341401,0.000000000000,0.000000000000,0.000388330485,0.000000000000,0.000000000000,0.000401653051,0.000000000000,0.000000000000,0.000395543054,0.000000000000,0.000000000000,0.000251582664,0.000000000000,0.000000000000,0.000266968861,0.000000000000,0.000000000000,0.000248696254,0.000000000000,0.000000000000,0.000157528926,0.000000000000,0.000000000000,0.000175076812,0.000000000000,0.000000000000,0.000160191388,0.000000000000,0.000000000000,0.000128663912,0.000000000000,0.000000000000,0.000145129974,0.000000000000,0.000000000000,0.000109422858
726,0.000000000000,0.000000000000,0.000482619886,0.000000000000,0.000000000000,0.000488313411,0.000000000000,0.000000000000,0.000489341401,0.000000000000,0.000000000000,0.000388330485,0.000000000000,0.000000000000,0.000401653051,0.000000000000,0.000000000000,0.000395543054,0.000000000000,0.000000000000,0.000251582664,0.000000000000,0.000000000000,0.000266968861,0.000000000000,0.000000000000,0.000248918301,0.000000000000,0.000000000000,0.000157528926,0.000000000000,0.000000000000,0.000175080727,0.000000000000,0.000000000000,0.000160461498,0.000000000000,0.000000000000,0.000128682798,0.000000000000,0.000000000000,0.000145129974,0.000000000000,0.000000000000,0.000109422858
727,0.000000000000,0.000000000000,0.000482619886,0.000000000000,0.000000000000,0.000488313411,0.000000000000,0.000000000000,0.000489341401,0.000000000000,0.000000000000,0.000388330485,0.000000000000,0.000000000000,0.000401653051,0.000000000000,0.000000000000,0.000395543054,0.000000000000,0.000000000000,0.000251582664,0.000000000000,0.000000000000,0.000266968861,0.000000000000,0.000000000000,0.000248918301,0.000000000000,0.000000000000,0.000157528926,0.000000000000,0.000000000000,0.000175103023,0.000000000000,0.000000000000,0.000160461498,0.000000000000,0.000000000000,0.000128698616,0.000000000000,0.000000000000,0.000145130214,0.000000000000,0.000000000000,0.000109422858
728,0.000000000000,0.000000000000,0.000482619886,0.000000000000,0.000000000000,0.000488313411,0.000000000000,0.000000000000,0.000489341401,0.000000000000,0.000000000000,0.000388330485,0.000000000000,0.000000000000,0.000401653051,0.000000000000,0.000000000000,0.000395543054,0.000000000000,0.000000000000,0.000251621262,0.000000000000,0.000000000000,0.000266968861,0.000000000000,0.000000000000,0.000249021878,0.000000000000,0.000000000000,0.000157590752,0.000000000000,0.000000000000,0.000175133289,0.000000000000,0.000000000000,0.000160461498,0.000000000000,0.000000000000,0.000128736479,0.000000000000,0.000000000000,0.000145160028,0.000000000000,0.000000000000,0.000109469481
729,0.000000000000,0.000000000000,0.000482619886,0.000000000000,0.000000000000,0.000488313411,0.000000000000,0.000000000000,0.000489341401,0.000000000000,0.000000000000,0.000388330485,0.000000000000,0.000000000000,0.000401653051,0.000000000000,0.000000000000,0.000395543054,0.000000000000,0.000000000000,0.000251621262,0.000000000000,0.000000000000,0.000267097685,0.000000000000,0.000000000000,0.000249172108,0.000000000000,0.000000000000,0.000157610374,0.000000000000,0.000000000000,0.000175154943,0.000000000000,0.000000000000,0.000160461498,0.000000000000,0.000000000000,0.000128822094,0.000000000000,0.000000000000,0.000145219896,0.000000000000,0.000000000000,0.000109656737
730,0.000000000000,0.000000000000,0.000482619886,0.000000000000,0.000000000000,0.000488313411,0.000000000000,0.000000000000,0.000489341401,0.000000000000,0.000000000000,0.000388330485,0.000000000000,0.000000000000,0.000401653051,0.000000000000,0.000000000000,0.000395543054,0.000000000000,0.000000000000,0.000251621262,0.000000000000,0.000000000000,0.000267097685,0.000000000000,0.000000000000,0.000249172108,0.000000000000,0.000000000000,0.000157610374,0.000000000000,0.000000000000,0.000175272746,0.000000000000,0.000000000000,0.000160461498,0.000000000000,0.000000000000,0.000129001409,0.000000000000,0.000000000000,0.000145224326,0.000000000000,0.000000000000,0.000109778590
731,0.000000000000,0.000000000000,0.000482619886,0.000000000000,0.000000000000,0.000488313411,0.000000000000,0.000000000000,0.000489341401,0.000000000000,0.000000000000,0.000388330485,0.000000000000,0.000000000000,0.000401653051,0.000000000000,0.000000000000,0.000395543054,0.000000000000,0.000000000000,0.000251746270,0.000000000000,0.000000000000,0.000267097685,0.000000000000,0.000000000000,0.000249172108,0.000000000000,0.000000000000,0.000157610374,0.000000000000,0.000000000000,0.000175362624,0.000000000000,0.000000000000,0.000160461498,0.000000000000,0.000000000000,0.000129033687,0.000000000000,0.000000000000,0.000145301573,0.000000000000,0.000000000000,0.000109860463
732,0.000000000000,0.000000000000,0.000482619886,0.000000000000,0.000000000000,0.000488313411,0.000000000000,0.000000000000,0.000489341401,0.000000000000,0.000000000000,0.000388330485,0.000000000000,0.000000000000,0.000401653051,0.000000000000,0.000000000000,0.000395543054,0.000000000000,0.000000000000,0.000251746270,0.000000000000,0.000000000000,0.000267097685,0.000000000000,0.000000000000,0.000249172108,0.000000000000,0.000000000000,0.000157644134,0.000000000000,0.000000000000,0.000175385350,0.000000000000,0.000000000000,0.000160479630,0.000000000000,0.000000000000,0.000129061250,0.000000000000,0.000000000000,0.000146029630,0.000000000000,0.000000000000,0.000109861664
733,0.000000000000,0.000000000000,0.000482619886,0.000000000000,0.000000000000,0.000488313411,0.000000000000,0.000000000000,0.000489341401,0.000000000000,0.000000000000,0.000388330485,0.000000000000,0.000000000000,0.000401653051,0.000000000000,0.000000000000,0.000395543054,0.000000000000,0.000000000000,0.000252133480,0.000000000000,0.000000000000,0.000267097685,0.000000000000,0.000000000000,0.000249201584,0.000000000000,0.000000000000,0.000157644134,0.000000000000,0.000000000000,0.000175411542,0.000000000000,0.000000000000,0.000160482859,0.000000000000,0.000000000000,0.000129197956,0.000000000000,0.000000000000,0.000146073481,0.000000000000,0.000000000000,0.000109951458
734,0.000000000000,0.000000000000,0.000482619886,0.000000000000,0.000000000000,0.000488313411,0.000000000000,0.000000000000,0.000489341401,0.000000000000,0.000000000000,0.000388330485,0.000000000000,0.000000000000,0.000401653051,0.000000000000,0.000000000000,0.000395543054,0.000000000000,0.000000000000,0.000252133480,0.000000000000,0.000000000000,0.000267097685,0.000000000000,0.000000000000,0.000249263025,0.000000000000,0.000000000000,0.000157716049,0.000000000000,0.000000000000,0.000175450886,0.000000000000,0.000000000000,0.000160520319,0.000000000000,0.000000000000,0.000129202678,0.000000000000,0.000000000000,0.000146134529,0.000000000000,0.000000000000,0.000109996909
735,0.000000000000,0.000000000000,0.000482619886,0.000000000000,0.000000000000,0.000488313411,0.000000000000,0.000000000000,0.000489341401,0.000000000000,0.000000000000,0.000388330485,0.000000000000,0.000000000000,0.000401653051,0.000000000000,0.000000000000,0.000395543054,0.000000000000,0.000000000000,0.000252295598,0.000000000000,0.000000000000,0.000267097685,0.000000000000,0.000000000000,0.000249306729,0.000000000000,0.000000000000,0.000157721070,0.000000000000,0.000000000000,0.000175450886,0.000000000000,0.000000000000,0.000160627542,0.000000000000,0.000000000000,0.000129202678,0.000000000000,0.000000000000,0.000146283540,0.000000000000,0.000000000000,0.000109996909
736,0.000000000000,0.000000000000,0.000482619886,0.000000000000,0.000000000000,0.000488313411,0.000000000000,0.000000000000,0.000489341401,0.000000000000,0.000000000000,0.000388330485,0.000000000000,0.000000000000,0.000401653051,0.000000000000,0.000000000000,0.000395543054,0.000000000000,0.000000000000,0.000252295598,0.000000000000,0.000000000000,0.000267097685,0.000000000000,0.000000000000,0.000249441405,0.000000000000,0.000000000000,0.000157739943,0.000000000000,0.000000000000,0.000175524048,0.000000000000,0.000000000000,0.000160897555,0.000000000000,0.000000000000,0.000129433532,0.000000000000,0.000000000000,0.000146325368,0.000000000000,0.000000000000,0.000109996909
737,0.000000000000,0.000000000000,0.000482619886,0.000000000000,0.000000000000,0.000488313411,0.000000000000,0.000000000000,0.000489341401,0.000000000000,0.000000000000,0.000388330485,0.000000000000,0.000000000000,0.000401653051,0.000000000000,0.000000000000,0.000395543054,0.000000000000,0.000000000000,0.000252295598,0.000000000000,0.000000000000,0.000267097685,0.000000000000,0.000000000000,0.000249522411,0.000000000000,0.000000000000,0.000157765470,0.000000000000,0.000000000000,0.000175620305,0.000000000000,0.000000000000,0.000160906880,0.000000000000,0.000000000000,0.000129433532,0.000000000000,0.000000000000,0.000146336166,0.000000000000,0.000000000000,0.000110020917
738,0.000000000000,0.000000000000,0.000482619886,0.000000000000,0.000000000000,0.000488313411,0.000000000000,0.000000000000,0.000489341401,0.000000000000,0.000000000000,0.000388330485,0.000000000000,0.000000000000,0.000401653051,0.000000000000,0.000000000000,0.000395543054,0.000000000000,0.000000000000,0.000252295598,0.000000000000,0.000000000000,0.000267097685,0.000000000000,0.000000000000,0.000249631320,0.000000000000,0.000000000000,0.000157765470,0.000000000000,0.000000000000,0.000175622238,0.000000000000,0.000000000000,0.000160917656,0.000000000000,0.000000000000,0.000129433532,0.000000000000,0.000000000000,0.000146436076,0.000000000000,0.000000000000,0.000110051403
739,0.000000000000,0.000000000000,0.000482619886,0.000000000000,0.000000000000,0.000488313411,0.000000000000,0.000000000000,0.000489341401,0.000000000000,0.000000000000,0.000388330485,0.000000000000,0.000000000000,0.000401653051,0.000000000000,0.000000000000,0.000395543054,0.000000000000,0.000000000000,0.000252309732,0.000000000000,0.000000000000,0.000267447817,0.000000000000,0.000000000000,0.000249631320,0.000000000000,0.000000000000,0.000157766754,0.000000000000,0.000000000000,0.000175733907,0.000000000000,0.000000000000,0.000160954491,0.000000000000,0.000000000000,0.000129451838,0.000000000000,0.000000000000,0.000146570855,0.000000000000,0.000000000000,0.000110219123
740,0.000000000000,0.000000000000,0.000482619886,0.000000000000,0.000000000000,0.000488313411,0.000000000000,0.000000000000,0.000489341401,0.000000000000,0.000000000000,0.000388330485,0.000000000000,0.000000000000,0.000401653051,0.000000000000,0.000000000000,0.000395543054,0.000000000000,0.000000000000,0.000252309732,0.000000000000,0.000000000000,0.000267447817,0.000000000000,0.000000000000,0.000249633107,0.000000000000,0.000000000000,0.000157794378,0.000000000000,0.000000000000,0.000175755696,0.000000000000,0.000000000000,0.000160954491,0.000000000000,0.000000000000,0.000129488475,0.000000000000,0.000000000000,0.000146664690,0.000000000000,0.000000000000,0.000110283824
741,0.000000000000,0.000000000000,0.000482619886,0.000000000000,0.000000000000,0.000488313411,0.000000000000,0.000000000000,0.000489341401,0.000000000000,0.000000000000,0.000388565236,0.000000000000,0.000000000000,0.000401653051,0.000000000000,0.000000000000,0.000395543054,0.000000000000,0.000000000000,0.000252321900,0.000000000000,0.000000000000,0.000267447817,0.000000000000,0.000000000000,0.000249652995,0.000000000000,0.000000000000,0.000158192019,0.000000000000,0.000000000000,0.000175755696,0.000000000000,0.000000000000,0.000161223997,0.000000000000,0.000000000000,0.000129532498,0.000000000000,0.000000000000,0.000146664690,0.000000000000,0.000000000000,0.000110416908
742,0.000000000000,0.000000000000,0.000482619886,0.000000000000,0.000000000000,0.000488313411,0.000000000000,0.000000000000,0.000489341401,0.000000000000,0.000000000000,0.000388565236,0.000000000000,0.000000000000,0.000401653051,0.000000000000,0.000000000000,0.000395543054,0.000000000000,0.000000000000,0.000252321900,0.000000000000,0.000000000000,0.000267447817,0.000000000000,0.000000000000,0.000249652995,0.000000000000,0.000000000000,0.000158240833,0.000000000000,0.000000000000,0.000175763869,0.000000000000,0.000000000000,0.000161371233,0.000000000000,0.000000000000,0.000129577901,0.000000000000,0.000000000000,0.000146708663,0.000000000000,0.000000000000,0.000110438785
743,0.000000000000,0.000000000000,0.000482619886,0.000000000000,0.000000000000,0.000488313411,0.000000000000,0.000000000000,0.000489341401,0.000000000000,0.000000000000,0.000388565236,0.000000000000,0.000000000000,0.000401653051,0.000000000000,0.000000000000,0.000395543054,0.000000000000,0.000000000000,0.000252510404,0.000000000000,0.000000000000,0.000267447817,0.000000000000,0.000000000000,0.000249652995,0.000000000000,0.000000000000,0.000158255956,0.000000000000,0.000000000000,0.000175763869,0.000000000000,0.000000000000,0.000161481316,0.000000000000,0.000000000000,0.000129577901,0.000000000000,0.000000000000,0.000146751574,0.000000000000,0.000000000000,0.000110445546
744,0.000000000000,0.000000000000,0.000482619886,0.000000000000,0.000000000000,0.000488313411,0.000000000000,0.000000000000,0.000489341401,0.000000000000,0.000000000000,0.000388565236,0.000000000000,0.000000000000,0.000402030538,0.000000000000,0.000000000000,0.000395543054,0.000000000000,0.000000000000,0.000252510404,0.000000000000,0.000000000000,0.000267447817,0.000000000000,0.000000000000,0.000249652995,0.000000000000,0.000000000000,0.000158255956,0.000000000000,0.000000000000,0.000175785857,0.000000000000,0.000000000000,0.000161514752,0.000000000000,0.000000000000,0.000129650148,0.000000000000,0.000000000000,0.000146759078,0.000000000000,0.000000000000,0.000110445546
745,0.000000000000,0.000000000000,0.000482619886,0.000000000000,0.000000000000,0.000488313411,0.000000000000,0.000000000000,0.000489341401,0.000000000000,0.000000000000,0.000388565236,0.000000000000,0.000000000000,0.000402030538,0.000000000000,0.000000000000,0.000395543054,0.000000000000,0.000000000000,0.000252510404,0.000000000000,0.000000000000,0.000267447817,0.000000000000,0.000000000000,0.000249652995,0.000000000000,0.000000000000,0.000158255956,0.000000000000,0.000000000000,0.000175792806,0.000000000000,0.000000000000,0.000161541623,0.000000000000,0.000000000000,0.000129650148,0.000000000000,0.000000000000,0.000146985882,0.000000000000,0.000000000000,0.000110479475
746,0.000000000000,0.000000000000,0.000482619886,0.000000000000,0.000000000000,0.000488313411,0.000000000000,0.000000000000,0.000489341401,0.000000000000,0.000000000000,0.000388565236,0.000000000000,0.000000000000,0.000402030538,0.000000000000,0.000000000000,0.000395543054,0.000000000000,0.000000000000,0.000252589622,0.000000000000,0.000000000000,0.000267506309,0.000000000000,0.000000000000,0.000249652995,0.000000000000,0.000000000000,0.000158277843,0.000000000000,0.000000000000,0.000175808865,0.000000000000,0.000000000000,0.000161578201,0.000000000000,0.000000000000,0.000129650148,0.000000000000,0.000000000000,0.000146985882,0.000000000000,0.000000000000,0.000110479475
747,0.000000000000,0.000000000000,0.000482619886,0.000000000000,0.000000000000,0.000488313411,0.000000000000,0.000000000000,0.000489341401,0.000000000000,0.000000000000,0.000388565236,0.000000000000,0.000000000000,0.000402030538,0.000000000000,0.000000000000,0.000395543054,0.000000000000,0.000000000000,0.000252699239,0.000000000000,0.000000000000,0.000267506309,0.000000000000,0.000000000000,0.000249652995,0.000000000000,0.000000000000,0.000158277843,0.000000000000,0.000000000000,0.000175907556,0.000000000000,0.000000000000,0.000161634525,0.000000000000,0.000000000000,0.000129668558,0.000000000000,0.000000000000,0.000146994445,0.000000000000,0.000000000000,0.000110778230
748,0.000000000000,0.000000000000,0.000482619886,0.000000000000,0.000000000000,0.000488313411,0.000000000000,0.000000000000,0.000489341401,0.000000000000,0.000000000000,0.000388565236,0.000000000000,0.000000000000,0.000402030538,0.000000000000,0.000000000000,0.000395543054,0.000000000000,0.000000000000,0.000252876119,0.000000000000,0.000000000000,0.000267506309,0.000000000000,0.000000000000,0.000249863508,0.000000000000,0.000000000000,0.000158277843,0.000000000000,0.000000000000,0.000175921265,0.000000000000,0.000000000000,0.000161639195,0.000000000000,0.000000000000,0.000129730958,0.000000000000,0.000000000000,0.000147131907,0.000000000000,0.000000000000,0.000110793852
749,0.000000000000,0.000000000000,0.000482619886,0.000000000000,0.000000000000,0.000488313411,0.000000000000,0.000000000000,0.000489341401,0.000000000000,0.000000000000,0.000388565236,0.000000000000,0.000000000000,0.000402030538,0.000000000000,0.000000000000,0.000395543054,0.000000000000,0.000000000000,0.000252876119,0.000000000000,0.000000000000,0.000267506309,0.000000000000,0.000000000000,0.000249863508,0.000000000000,0.000000000000,0.000158277843,0.000000000000,0.000000000000,0.000175921265,0.000000000000,0.000000000000,0.000161639195,0.000000000000,0.000000000000,0.000129753224,0.000000000000,0.000000000000,0.000147167097,0.000000000000,0.000000000000,0.000110793852
750,0.000000000000,0.000000000000,0.000482619886,0.000000000000,0.000000000000,0.000488313411,0.000000000000,0.000000000000,0.000489341401,0.000000000000,0.000000000000,0.000388565236,0.000000000000,0.000000000000,0.000402030538,0.000000000000,0.000000000000,0.000395543054,0.000000000000,0.000000000000,0.000253158645,0.000000000000,0.000000000000,0.000267506309,0.000000000000,0.000000000000,0.000249863508,0.000000000000,0.000000000000,0.000158286161,0.000000000000,0.000000000000,0.000175921723,0.000000000000,0.000000000000,0.000161658151,0.000000000000,0.000000000000,0.000129788090,0.000000000000,0.000000000000,0.000147233934,0.000000000000,0.000000000000,0.000110793996
751,0.000000000000,0.000000000000,0.000482619886,0.000000000000,0.000000000000,0.000488313411,0.000000000000,0.000000000000,0.000489341401,0.000000000000,0.000000000000,0.000388628600,0.000000000000,0.000000000000,0.000402030538,0.000000000000,0.000000000000,0.000395543054,0.000000000000,0.000000000000,0.000253160270,0.000000000000,0.000000000000,0.000267506309,0.000000000000,0.000000000000,0.000249917613,0.000000000000,0.000000000000,0.000158286161,0.000000000000,0.000000000000,0.000175921723,0.000000000000,0.000000000000,0.000161688499,0.000000000000,0.000000000000,0.000129867639,0.000000000000,0.000000000000,0.000147233934,0.000000000000,0.000000000000,0.000110794693
752,0.000000000000,0.000000000000,0.000482619886,0.000000000000,0.000000000000,0.000488313411,0.000000000000,0.000000000000,0.000489341401,0.000000000000,0.000000000000,0.000388628600,0.000000000000,0.000000000000,0.000402030538,0.000000000000,0.000000000000,0.000395543054,0.000000000000,0.000000000000,0.000253160270,0.000000000000,0.000000000000,0.000267560628,0.000000000000,0.000000000000,0.000250070794,0.000000000000,0.000000000000,0.000158304226,0.000000000000,0.000000000000,0.000176017233,0.000000000000,0.000000000000,0.000161746817,0.000000000000,0.000000000000,0.000129927954,0.000000000000,0.000000000000,0.000147306218,0.000000000000,0.000000000000,0.000110797513
753,0.000000000000,0.000000000000,0.000482619886,0.000000000000,0.000000000000,0.000488313411,0.000000000000,0.000000000000,0.000489341401,0.000000000000,0.000000000000,0.000388628600,0.000000000000,0.000000000000,0.000402030538,0.000000000000,0.000000000000,0.000395543054,0.000000000000,0.000000000000,0.000253205897,0.000000000000,0.000000000000,0.000267560628,0.000000000000,0.000000000000,0.000250070794,0.000000000000,0.000000000000,0.000158304226,0.000000000000,0.000000000000,0.000176113102,0.000000000000,0.000000000000,0.000161877939,0.000000000000,0.000000000000,0.000130174473,0.000000000000,0.000000000000,0.000147418867,0.000000000000,0.000000000000,0.000110797513
754,0.000000000000,0.000000000000,0.000482619886,0.000000000000,0.000000000000,0.000488313411,0.000000000000,0.000000000000,0.000489341401,0.000000000000,0.000000000000,0.000388628600,0.000000000000,0.000000000000,0.000402030538,0.000000000000,0.000000000000,0.000395543054,0.000000000000,0.000000000000,0.000253275593,0.000000000000,0.000000000000,0.000267560628,0.000000000000,0.000000000000,0.000250194493,0.000000000000,0.000000000000,0.000158331406,0.000000000000,0.000000000000,0.000176122944,0.000000000000,0.000000000000,0.000161906193,0.000000000000,0.000000000000,0.000130184722,0.000000000000,0.000000000000,0.000147466091,0.000000000000,0.000000000000,0.000110813679
755,0.000000000000,0.000000000000,0.000482619886,0.000000000000,0.000000000000,0.000488313411,0.000000000000,0.000000000000,0.000489341401,0.000000000000,0.000000000000,0.000388628600,0.000000000000,0.000000000000,0.000402030538,0.000000000000,0.000000000000,0.000395543054,0.000000000000,0.000000000000,0.000253275593,0.000000000000,0.000000000000,0.000267886023,0.000000000000,0.000000000000,0.000250194933,0.000000000000,0.000000000000,0.000158331406,0.000000000000,0.000000000000,0.000176122944,0.000000000000,0.000000000000,0.000161906193,0.000000000000,0.000000000000,0.000130213809,0.000000000000,0.000000000000,0.000147471825,0.000000000000,0.000000000000,0.000110822143
756,0.000000000000,0.000000000000,0.000482619886,0.000000000000,0.000000000000,0.000488313411,0.000000000000,0.000000000000,0.000489341401,0.000000000000,0.000000000000,0.000388628600,0.000000000000,0.000000000000,0.000402030538,0.000000000000,0.000000000000,0.000395543054,0.000000000000,0.000000000000,0.000253275593,0.000000000000,0.000000000000,0.000267886023,0.000000000000,0.000000000000,0.000250194933,0.000000000000,0.000000000000,0.000158331406,0.000000000000,0.000000000000,0.000176146693,0.000000000000,0.000000000000,0.000162216335,0.000000000000,0.000000000000,0.000130213921,0.000000000000,0.000000000000,0.000147471825,0.000000000000,0.000000000000,0.000110937702
757,0.000000000000,0.000000000000,0.000482619886,0.000000000000,0.000000000000,0.000488313411,0.000000000000,0.000000000000,0.000489341401,0.000000000000,0.000000000000,0.000388628600,0.000000000000,0.000000000000,0.000402030538,0.000000000000,0.000000000000,0.000395543054,0.000000000000,0.000000000000,0.000253275593,0.000000000000,0.000000000000,0.000267886023,0.000000000000,0.000000000000,0.000250194933,0.000000000000,0.000000000000,0.000158331406,0.000000000000,0.000000000000,0.000176146693,0.000000000000,0.000000000000,0.000162216335,0.000000000000,0.000000000000,0.000130264985,0.000000000000,0.000000000000,0.000147511792,0.000000000000,0.000000000000,0.000110937702
758,0.000000000000,0.000000000000,0.000482619886,0.000000000000,0.000000000000,0.000488313411,0.000000000000,0.000000000000,0.000489341401,0.000000000000,0.000000000000,0.000388628600,0.000000000000,0.000000000000,0.000402030538,0.000000000000,0.000000000000,0.000395543054,0.000000000000,0.000000000000,0.000253319778,0.000000000000,0.000000000000,0.000267886023,0.000000000000,0.000000000000,0.000250346928,0.000000000000,0.000000000000,0.000158331406,0.000000000000,0.000000000000,0.000176212148,0.000000000000,0.000000000000,0.000162245756,0.000000000000,0.000000000000,0.000130471181,0.000000000000,0.000000000000,0.000147540389,0.000000000000,0.000000000000,0.000110976838
759,0.000000000000,0.000000000000,0.000482619886,0.000000000000,0.000000000000,0.000488313411,0.000000000000,0.000000000000,0.000489341401,0.000000000000,0.000000000000,0.000388628600,0.000000000000,0.000000000000,0.000402030538,0.000000000000,0.000000000000,0.000395543054,0.000000000000,0.000000000000,0.000253708040,0.000000000000,0.000000000000,0.000267886023,0.000000000000,0.000000000000,0.000250365826,0.000000000000,0.000000000000,0.000158468307,0.000000000000,0.000000000000,0.000176345827,0.000000000000,0.000000000000,0.000162245756,0.000000000000,0.000000000000,0.000130518425,0.000000000000,0.000000000000,0.000147572324,0.000000000000,0.000000000000,0.000110976838
760,0.000000000000,0.000000000000,0.000482619886,0.000000000000,0.000000000000,0.000488313411,0.000000000000,0.000000000000,0.000489341401,0.000000000000,0.000000000000,0.000388628600,0.000000000000,0.000000000000,0.000402030538,0.000000000000,0.000000000000,0.000395543054,0.000000000000,0.000000000000,0.000253710417,0.000000000000,0.000000000000,0.000267886023,0.000000000000,0.000000000000,0.000250365826,0.000000000000,0.000000000000,0.000158474588,0.000000000000,0.000000000000,0.000176345827,0.000000000000,0.000000000000,0.000162333107,0.000000000000,0.000000000000,0.000130552316,0.000000000000,0.000000000000,0.000147578957,0.000000000000,0.000000000000,0.000110976838
761,0.000000000000,0.000000000000,0.000482619886,0.000000000000,0.000000000000,0.000488313411,0.000000000000,0.000000000000,0.000489341401,0.000000000000,0.000000000000,0.000388628600,0.000000000000,0.000000000000,0.000402030538,0.000000000000,0.000000000000,0.000395543054,0.000000000000,0.000000000000,0.000253789115,0.000000000000,0.000000000000,0.000267886023,0.000000000000,0.000000000000,0.000250467441,0.000000000000,0.000000000000,0.000158523961,0.000000000000,0.000000000000,0.000176626069,0.000000000000,0.000000000000,0.000162407886,0.000000000000,0.000000000000,0.000130562080,0.000000000000,0.000000000000,0.000147630385,0.000000000000,0.000000000000,0.000111047632
762,0.000000000000,0.000000000000,0.000482619886,0.000000000000,0.000000000000,0.000488313411,0.000000000000,0.000000000000,0.000489341401,0.000000000000,0.000000000000,0.000388628600,0.000000000000,0.000000000000,0.000402030538,0.000000000000,0.000000000000,0.000395543054,0.000000000000,0.000000000000,0.000253994086,0.000000000000,0.000000000000,0.000267886023,0.000000000000,0.000000000000,0.000250467441,0.000000000000,0.000000000000,0.000158523961,0.000000000000,0.000000000000,0.000176633491,0.000000000000,0.000000000000,0.000162515143,0.000000000000,0.000000000000,0.000130596401,0.000000000000,0.000000000000,0.000147670210,0.000000000000,0.000000000000,0.000111068665
763,0.000000000000,0.000000000000,0.000482619886,0.000000000000,0.000000000000,0.000488313411,0.000000000000,0.000000000000,0.000489341401,0.000000000000,0.000000000000,0.000388628600,0.000000000000,0.000000000000,0.000402030538,0.000000000000,0.000000000000,0.000395543054,0.000000000000,0.000000000000,0.000254001718,0.000000000000,0.000000000000,0.000267886023,0.000000000000,0.000000000000,0.000250576169,0.000000000000,0.000000000000,0.000158523961,0.000000000000,0.000000000000,0.000176633491,0.000000000000,0.000000000000,0.000162580305,0.000000000000,0.000000000000,0.000130656938,0.000000000000,0.000000000000,0.000148183387,0.000000000000,0.000000000000,0.000111080031
764,0.000000000000,0.000000000000,0.000482619886,0.000000000000,0.000000000000,0.000488313411,0.000000000000,0.000000000000,0.000489341401,0.000000000000,0.000000000000,0.000388628600,0.000000000000,0.000000000000,0.000402030538,0.000000000000,0.000000000000,0.000395543054,0.000000000000,0.000000000000,0.000254001718,0.000000000000,0.000000000000,0.000267922055,0.000000000000,0.000000000000,0.000250626236,0.000000000000,0.000000000000,0.000158523961,0.000000000000,0.000000000000,0.000176674417,0.000000000000,0.000000000000,0.000162580305,0.000000000000,0.000000000000,0.000130678301,0.000000000000,0.000000000000,0.000148205599,0.000000000000,0.000000000000,0.000111082926
765,0.000000000000,0.000000000000,0.000482619886,0.000000000000,0.000000000000,0.000488313411,0.000000000000,0.000000000000,0.000489341401,0.000000000000,0.000000000000,0.000388628600,0.000000000000,0.000000000000,0.000402030538,0.000000000000,0.000000000000,0.000395543054,0.000000000000,0.000000000000,0.000254001718,0.000000000000,0.000000000000,0.000267922055,0.000000000000,0.000000000000,0.000250811767,0.000000000000,0.000000000000,0.000158571966,0.000000000000,0.000000000000,0.000176674417,0.000000000000,0.000000000000,0.000162580305,0.000000000000,0.000000000000,0.000130739492,0.000000000000,0.000000000000,0.000148369097,0.000000000000,0.000000000000,0.000111129893
766,0.000000000000,0.000000000000,0.000482619886,0.000000000000,0.000000000000,0.000488313411,0.000000000000,0.000000000000,0.000489341401,0.000000000000,0.000000000000,0.000388628600,0.000000000000,0.000000000000,0.000402030538,0.000000000000,0.000000000000,0.000395543054,0.000000000000,0.000000000000,0.000254001718,0.000000000000,0.000000000000,0.000267922055,0.000000000000,0.000000000000,0.000250811767,0.000000000000,0.000000000000,0.000158697923,0.000000000000,0.000000000000,0.000176674417,0.000000000000,0.000000000000,0.000162580305,0.000000000000,0.000000000000,0.000130853511,0.000000000000,0.000000000000,0.000148389475,0.000000000000,0.000000000000,0.000111129893
767,0.000000000000,0.000000000000,0.000482619886,0.000000000000,0.000000000000,0.000488313411,0.000000000000,0.000000000000,0.000489341401,0.000000000000,0.000000000000,0.000388628600,0.000000000000,0.000000000000,0.000402030538,0.000000000000,0.000000000000,0.000395543054,0.000000000000,0.000000000000,0.000254001718,0.000000000000,0.000000000000,0.000267922055,0.000000000000,0.000000000000,0.000250811767,0.000000000000,0.000000000000,0.000158729816,0.000000000000,0.000000000000,0.000176679459,0.000000000000,0.000000000000,0.000162744195,0.000000000000,0.000000000000,0.000130985262,0.000000000000,0.000000000000,0.000148392355,0.000000000000,0.000000000000,0.000111176915
768,0.000000000000,0.000000000000,0.000482619886,0.000000000000,0.000000000000,0.000488313411,0.000000000000,0.000000000000,0.000489341401,0.000000000000,0.000000000000,0.000388628600,0.000000000000,0.000000000000,0.000402030538,0.000000000000,0.000000000000,0.000395543054,0.000000000000,0.000000000000,0.000254016677,0.000000000000,0.000000000000,0.000267922055,0.000000000000,0.000000000000,0.000250811767,0.000000000000,0.000000000000,0.000158759799,0.000000000000,0.000000000000,0.000176780049,0.000000000000,0.000000000000,0.000162801376,0.000000000000,0.000000000000,0.000131015241,0.000000000000,0.000000000000,0.000148397618,0.000000000000,0.000000000000,0.000111197637
769,0.000000000000,0.000000000000,0.000482619886,0.000000000000,0.000000000000,0.000488313411,0.000000000000,0.000000000000,0.000489341401,0.000000000000,0.000000000000,0.000388628600,0.000000000000,0.000000000000,0.000402030538,0.000000000000,0.000000000000,0.000395543054,0.000000000000,0.000000000000,0.000254016677,0.000000000000,0.000000000000,0.000267922055,0.000000000000,0.000000000000,0.000250811767,0.000000000000,0.000000000000,0.000158774570,0.000000000000,0.000000000000,0.000176781634,0.000000000000,0.000000000000,0.000162851849,0.000000000000,0.000000000000,0.000131067903,0.000000000000,0.000000000000,0.000148397618,0.000000000000,0.000000000000,0.000111197637
770,0.000000000000,0.000000000000,0.000482619886,0.000000000000,0.000000000000,0.000488313411,0.000000000000,0.000000000000,0.000489341401,0.000000000000,0.000000000000,0.000388628600,0.000000000000,0.000000000000,0.000402030538,0.000000000000,0.000000000000,0.000395543054,0.000000000000,0.000000000000,0.000254016677,0.000000000000,0.000000000000,0.000268102282,0.000000000000,0.000000000000,0.000250811767,0.000000000000,0.000000000000,0.000158786556,0.000000000000,0.000000000000,0.000176812481,0.000000000000,0.000000000000,0.000162881495,0.000000000000,0.000000000000,0.000131067903,0.000000000000,0.000000000000,0.000148455016,0.000000000000,0.000000000000,0.000111206847
771,0.000000000000,0.000000000000,0.000482619886,0.000000000000,0.000000000000,0.000488313411,0.000000000000,0.000000000000,0.000489341401,0.000000000000,0.000000000000,0.000388628600,0.000000000000,0.000000000000,0.000402030538,0.000000000000,0.000000000000,0.000395543054,0.000000000000,0.000000000000,0.000254016677,0.000000000000,0.000000000000,0.000268102282,0.000000000000,0.000000000000,0.000250938081,0.000000000000,0.000000000000,0.000158786556,0.000000000000,0.000000000000,0.000176824503,0.000000000000,0.000000000000,0.000162888251,0.000000000000,0.000000000000,0.000131093244,0.000000000000,0.000000000000,0.000148459301,0.000000000000,0.000000000000,0.000111239906
772,0.000000000000,0.000000000000,0.000482619886,0.000000000000,0.000000000000,0.000488313411,0.000000000000,0.000000000000,0.000489341401,0.000000000000,0.000000000000,0.000388628600,0.000000000000,0.000000000000,0.000402030538,0.000000000000,0.000000000000,0.000395567135,0.000000000000,0.000000000000,0.000254016677,0.000000000000,0.000000000000,0.000268102282,0.000000000000,0.000000000000,0.000250981179,0.000000000000,0.000000000000,0.000158786556,0.000000000000,0.000000000000,0.000176838960,0.000000000000,0.000000000000,0.000162915415,0.000000000000,0.000000000000,0.000131130185,0.000000000000,0.000000000000,0.000148473073,0.000000000000,0.000000000000,0.000111253844
773,0.000000000000,0.000000000000,0.000482619886,0.000000000000,0.000000000000,0.000488313411,0.000000000000,0.000000000000,0.000489341401,0.000000000000,0.000000000000,0.000388628600,0.000000000000,0.000000000000,0.000402030538,0.000000000000,0.000000000000,0.000395567135,0.000000000000,0.000000000000,0.000254016677,0.000000000000,0.000000000000,0.000268118273,0.000000000000,0.000000000000,0.000250981179,0.000000000000,0.000000000000,0.000158808546,0.000000000000,0.000000000000,0.000176839045,0.000000000000,0.000000000000,0.000163118255,0.000000000000,0.000000000000,0.000131130441,0.000000000000,0.000000000000,0.000148531236,0.000000000000,0.000000000000,0.000111326535
774,0.000000000000,0.000000000000,0.000482619886,0.000000000000,0.000000000000,0.000488313411,0.000000000000,0.000000000000,0.000489341401,0.000000000000,0.000000000000,0.000388675635,0.000000000000,0.000000000000,0.000402030538,0.000000000000,0.000000000000,0.000395567135,0.000000000000,0.000000000000,0.000254627308,0.000000000000,0.000000000000,0.000268118273,0.000000000000,0.000000000000,0.000251237132,0.000000000000,0.000000000000,0.000158851161,0.000000000000,0.000000000000,0.000176839045,0.000000000000,0.000000000000,0.000163138175,0.000000000000,0.000000000000,0.000131130441,0.000000000000,0.000000000000,0.000148531236,0.000000000000,0.000000000000,0.000111327157
775,0.000000000000,0.000000000000,0.000482619886,0.000000000000,0.000000000000,0.000488313411,0.000000000000,0.000000000000,0.000489341401,0.000000000000,0.000000000000,0.000388675635,0.000000000000,0.000000000000,0.000402030538,0.000000000000,0.000000000000,0.000395567135,0.000000000000,0.000000000000,0.000254966351,0.000000000000,0.000000000000,0.000268118273,0.000000000000,0.000000000000,0.000251237132,0.000000000000,0.000000000000,0.000158851161,0.000000000000,0.000000000000,0.000176839045,0.000000000000,0.000000000000,0.000163138175,0.000000000000,0.000000000000,0.000131186680,0.000000000000,0.000000000000,0.000148602502,0.000000000000,0.000000000000,0.000111336201
776,0.000000000000,0.000000000000,0.000482619886,0.000000000000,0.000000000000,0.000488313411,0.000000000000,0.000000000000,0.000489341401,0.000000000000,0.000000000000,0.000388675635,0.000000000000,0.000000000000,0.000402030538,0.000000000000,0.000000000000,0.000395567135,0.000000000000,0.000000000000,0.000254966351,0.000000000000,0.000000000000,0.000268118273,0.000000000000,0.000000000000,0.000251237132,0.000000000000,0.000000000000,0.000158854691,0.000000000000,0.000000000000,0.000176841608,0.000000000000,0.000000000000,0.000163192471,0.000000000000,0.000000000000,0.000131271162,0.000000000000,0.000000000000,0.000148619154,0.000000000000,0.000000000000,0.000111336201
777,0.000000000000,0.000000000000,0.000482619886,0.000000000000,0.000000000000,0.000488313411,0.000000000000,0.000000000000,0.000489341401,0.000000000000,0.000000000000,0.000388675635,0.000000000000,0.000000000000,0.000402030538,0.000000000000,0.000000000000,0.000395567135,0.000000000000,0.000000000000,0.000254971313,0.000000000000,0.000000000000,0.000268118273,0.000000000000,0.000000000000,0.000251237132,0.000000000000,0.000000000000,0.000158854691,0.000000000000,0.000000000000,0.000177091423,0.000000000000,0.000000000000,0.000163206545,0.000000000000,0.000000000000,0.000131308161,0.000000000000,0.000000000000,0.000148665039,0.000000000000,0.000000000000,0.000111384967
778,0.000000000000,0.000000000000,0.000482619886,0.000000000000,0.000000000000,0.000488313411,0.000000000000,0.000000000000,0.000489341401,0.000000000000,0.000000000000,0.000388675635,0.000000000000,0.000000000000,0.000402030538,0.000000000000,0.000000000000,0.000395567135,0.000000000000,0.000000000000,0.000254971313,0.000000000000,0.000000000000,0.000268118273,0.000000000000,0.000000000000,0.000251237132,0.000000000000,0.000000000000,0.000158979524,0.000000000000,0.000000000000,0.000177104508,0.000000000000,0.000000000000,0.000163705299,0.000000000000,0.000000000000,0.000131308161,0.000000000000,0.000000000000,0.000148682555,0.000000000000,0.000000000000,0.000111477180
779,0.000000000000,0.000000000000,0.000482619886,0.000000000000,0.000000000000,0.000488313411,0.000000000000,0.000000000000,0.000489341401,0.000000000000,0.000000000000,0.000388675635,0.000000000000,0.000000000000,0.000402030538,0.000000000000,0.000000000000,0.000395567135,0.000000000000,0.000000000000,0.000254981989,0.000000000000,0.000000000000,0.000268178914,0.000000000000,0.000000000000,0.000251257282,0.000000000000,0.000000000000,0.000158991394,0.000000000000,0.000000000000,0.000177131805,0.000000000000,0.000000000000,0.000163735335,0.000000000000,0.000000000000,0.000131391316,0.000000000000,0.000000000000,0.000148682555,0.000000000000,0.000000000000,0.000111488521
780,0.000000000000,0.000000000000,0.000482619886,0.000000000000,0.000000000000,0.000488313411,0.000000000000,0.000000000000,0.000489341401,0.000000000000,0.000000000000,0.000388675635,0.000000000000,0.000000000000,0.000402030538,0.000000000000,0.000000000000,0.000395567135,0.000000000000,0.000000000000,0.000254981989,0.000000000000,0.000000000000,0.000268178914,0.000000000000,0.000000000000,0.000251257282,0.000000000000,0.000000000000,0.000158991394,0.000000000000,0.000000000000,0.000177141769,0.000000000000,0.000000000000,0.000163735459,0.000000000000,0.000000000000,0.000131413865,0.000000000000,0.000000000000,0.000148712118,0.000000000000,0.000000000000,0.000111495174
781,0.000000000000,0.000000000000,0.000482619886,0.000000000000,0.000000000000,0.000488313411,0.000000000000,0.000000000000,0.000489341401,0.000000000000,0.000000000000,0.000388675635,0.000000000000,0.000000000000,0.000402030538,0.000000000000,0.000000000000,0.000395567135,0.000000000000,0.000000000000,0.000255050802,0.000000000000,0.000000000000,0.000268369019,0.000000000000,0.000000000000,0.000251257282,0.000000000000,0.000000000000,0.000158991394,0.000000000000,0.000000000000,0.000177301864,0.000000000000,0.000000000000,0.000163790392,0.000000000000,0.000000000000,0.000131445092,0.000000000000,0.000000000000,0.000148966255,0.000000000000,0.000000000000,0.000111495174
782,0.000000000000,0.000000000000,0.000482619886,0.000000000000,0.000000000000,0.000488313411,0.000000000000,0.000000000000,0.000489341401,0.000000000000,0.000000000000,0.000388675635,0.000000000000,0.000000000000,0.000402030538,0.000000000000,0.000000000000,0.000395567135,0.000000000000,0.000000000000,0.000255132027,0.000000000000,0.000000000000,0.000268369019,0.000000000000,0.000000000000,0.000251257282,0.000000000000,0.000000000000,0.000158991394,0.000000000000,0.000000000000,0.000177301864,0.000000000000,0.000000000000,0.000163823292,0.000000000000,0.000000000000,0.000131494682,0.000000000000,0.000000000000,0.000148991994,0.000000000000,0.000000000000,0.000111626796
783,0.000000000000,0.000000000000,0.000482619886,0.000000000000,0.000000000000,0.000488313411,0.000000000000,0.000000000000,0.000489341401,0.000000000000,0.000000000000,0.000388675635,0.000000000000,0.000000000000,0.000402030538,0.000000000000,0.000000000000,0.000395567135,0.000000000000,0.000000000000,0.000255132027,0.000000000000,0.000000000000,0.000268369019,0.000000000000,0.000000000000,0.000251257282,0.000000000000,0.000000000000,0.000158991394,0.000000000000,0.000000000000,0.000177340349,0.000000000000,0.000000000000,0.000163847581,0.000000000000,0.000000000000,0.000131968763,0.000000000000,0.000000000000,0.000148998465,0.000000000000,0.000000000000,0.000111626796
784,0.000000000000,0.000000000000,0.000482619886,0.000000000000,0.000000000000,0.000488313411,0.000000000000,0.000000000000,0.000489341401,0.000000000000,0.000000000000,0.000388675635,0.000000000000,0.000000000000,0.000402030538,0.000000000000,0.000000000000,0.000395567135,0.000000000000,0.000000000000,0.000255188287,0.000000000000,0.000000000000,0.000268369019,0.000000000000,0.000000000000,0.000251318695,0.000000000000,0.000000000000,0.000159021110,0.000000000000,0.000000000000,0.000177340349,0.000000000000,0.000000000000,0.000163917839,0.000000000000,0.000000000000,0.000132009671,0.000000000000,0.000000000000,0.000149137100,0.000000000000,0.000000000000,0.000111626796
785,0.000000000000,0.000000000000,0.000482619886,0.000000000000,0.000000000000,0.000488313411,0.000000000000,0.000000000000,0.000489341401,0.000000000000,0.000000000000,0.000388675635,0.000000000000,0.000000000000,0.000402030538,0.000000000000,0.000000000000,0.000395567135,0.000000000000,0.000000000000,0.000255263077,0.000000000000,0.000000000000,0.000268369019,0.000000000000,0.000000000000,0.000251318695,0.000000000000,0.000000000000,0.000159031503,0.000000000000,0.000000000000,0.000177375489,0.000000000000,0.000000000000,0.000163962242,0.000000000000,0.000000000000,0.000132042368,0.000000000000,0.000000000000,0.000149291478,0.000000000000,0.000000000000,0.000111630876
786,0.000000000000,0.000000000000,0.000482619886,0.000000000000,0.000000000000,0.000488313411,0.000000000000,0.000000000000,0.000489341401,0.000000000000,0.000000000000,0.000388675635,0.000000000000,0.000000000000,0.000402030538,0.000000000000,0.000000000000,0.000395567135,0.000000000000,0.000000000000,0.000255263077,0.000000000000,0.000000000000,0.000268369019,0.000000000000,0.000000000000,0.000251318695,0.000000000000,0.000000000000,0.000159036687,0.000000000000,0.000000000000,0.000177475516,0.000000000000,0.000000000000,0.000164159158,0.000000000000,0.000000000000,0.000132042368,0.000000000000,0.000000000000,0.000149394204,0.000000000000,0.000000000000,0.000111641202
787,0.000000000000,0.000000000000,0.000482619886,0.000000000000,0.000000000000,0.000488313411,0.000000000000,0.000000000000,0.000489341401,0.000000000000,0.000000000000,0.000388675635,0.000000000000,0.000000000000,0.000402030538,0.000000000000,0.000000000000,0.000395567135,0.000000000000,0.000000000000,0.000255287693,0.000000000000,0.000000000000,0.000268369019,0.000000000000,0.000000000000,0.000251318695,0.000000000000,0.000000000000,0.000159036687,0.000000000000,0.000000000000,0.000177477348,0.000000000000,0.000000000000,0.000164200137,0.000000000000,0.000000000000,0.000132050200,0.000000000000,0.000000000000,0.000149400701,0.000000000000,0.000000000000,0.000111641202
788,0.000000000000,0.000000000000,0.000482619886,0.000000000000,0.000000000000,0.000488313411,0.000000000000,0.000000000000,0.000489341401,0.000000000000,0.000000000000,0.000388890881,0.000000000000,0.000000000000,0.000402030538,0.000000000000,0.000000000000,0.000395567135,0.000000000000,0.000000000000,0.000255356150,0.000000000000,0.000000000000,0.000268385443,0.000000000000,0.000000000000,0.000251347936,0.000000000000,0.000000000000,0.000159036687,0.000000000000,0.000000000000,0.000177477348,0.000000000000,0.000000000000,0.000164200475,0.000000000000,0.000000000000,0.000132057573,0.000000000000,0.000000000000,0.000149423996,0.000000000000,0.000000000000,0.000111710463
789,0.000000000000,0.000000000000,0.000482619886,0.000000000000,0.000000000000,0.000488313411,0.000000000000,0.000000000000,0.000489341401,0.000000000000,0.000000000000,0.000388890881,0.000000000000,0.000000000000,0.000402030538,0.000000000000,0.000000000000,0.000395567135,0.000000000000,0.000000000000,0.000255356150,0.000000000000,0.000000000000,0.000268385443,0.000000000000,0.000000000000,0.000251493011,0.000000000000,0.000000000000,0.000159036687,0.000000000000,0.000000000000,0.000177477348,0.000000000000,0.000000000000,0.000164206357,0.000000000000,0.000000000000,0.000132192370,0.000000000000,0.000000000000,0.000149426471,0.000000000000,0.000000000000,0.000111735409
790,0.000000000000,0.000000000000,0.000482619886,0.000000000000,0.000000000000,0.000488313411,0.000000000000,0.000000000000,0.000489341401,0.000000000000,0.000000000000,0.000388890881,0.000000000000,0.000000000000,0.000402030538,0.000000000000,0.000000000000,0.000395567135,0.000000000000,0.000000000000,0.000255358037,0.000000000000,0.000000000000,0.000268385443,0.000000000000,0.000000000000,0.000251493011,0.000000000000,0.000000000000,0.000159036687,0.000000000000,0.000000000000,0.000177477348,0.000000000000,0.000000000000,0.000164206357,0.000000000000,0.000000000000,0.000132192370,0.000000000000,0.000000000000,0.000149431064,0.000000000000,0.000000000000,0.000111744024
791,0.000000000000,0.000000000000,0.000482619886,0.000000000000,0.000000000000,0.000488313411,0.000000000000,0.000000000000,0.000489341401,0.000000000000,0.000000000000,0.000388890881,0.000000000000,0.000000000000,0.000402030538,0.000000000000,0.000000000000,0.000395567135,0.000000000000,0.000000000000,0.000255358037,0.000000000000,0.000000000000,0.000268426220,0.000000000000,0.000000000000,0.000251493011,0.000000000000,0.000000000000,0.000159067796,0.000000000000,0.000000000000,0.000178112632,0.000000000000,0.000000000000,0.000164227563,0.000000000000,0.000000000000,0.000132192370,0.000000000000,0.000000000000,0.000149603629,0.000000000000,0.000000000000,0.000111744024
792,0.000000000000,0.000000000000,0.000482619886,0.000000000000,0.000000000000,0.000488313411,0.000000000000,0.000000000000,0.000489341401,0.000000000000,0.000000000000,0.000388890881,0.000000000000,0.000000000000,0.000402030538,0.000000000000,0.000000000000,0.000395567135,0.000000000000,0.000000000000,0.000255358037,0.000000000000,0.000000000000,0.000268426220,0.000000000000,0.000000000000,0.000251505719,0.000000000000,0.000000000000,0.000159205724,0.000000000000,0.000000000000,0.000178112632,0.000000000000,0.000000000000,0.000164269433,0.000000000000,0.000000000000,0.000132362306,0.000000000000,0.000000000000,0.000149740521,0.000000000000,0.000000000000,0.000111910153
793,0.000000000000,0.000000000000,0.000482619886,0.000000000000,0.000000000000,0.000488313411,0.000000000000,0.000000000000,0.000489341401,0.000000000000,0.000000000000,0.000388890881,0.000000000000,0.000000000000,0.000402030538,0.000000000000,0.000000000000,0.000395567135,0.000000000000,0.000000000000,0.000255358037,0.000000000000,0.000000000000,0.000268426220,0.000000000000,0.000000000000,0.000251505719,0.000000000000,0.000000000000,0.000159205724,0.000000000000,0.000000000000,0.000178166912,0.000000000000,0.000000000000,0.000164296227,0.000000000000,0.000000000000,0.000132417207,0.000000000000,0.000000000000,0.000149769357,0.000000000000,0.000000000000,0.000112034816
794,0.000000000000,0.000000000000,0.000482619886,0.000000000000,0.000000000000,0.000488313411,0.000000000000,0.000000000000,0.000489341401,0.000000000000,0.000000000000,0.000388890881,0.000000000000,0.000000000000,0.000402030538,0.000000000000,0.000000000000,0.000395567135,0.000000000000,0.000000000000,0.000255443293,0.000000000000,0.000000000000,0.000268426220,0.000000000000,0.000000000000,0.000251510933,0.000000000000,0.000000000000,0.000159235098,0.000000000000,0.000000000000,0.000178166912,0.000000000000,0.000000000000,0.000164303970,0.000000000000,0.000000000000,0.000132616557,0.000000000000,0.000000000000,0.000149797822,0.000000000000,0.000000000000,0.000112041794
795,0.000000000000,0.000000000000,0.000482619886,0.000000000000,0.000000000000,0.000488313411,0.000000000000,0.000000000000,0.000489341401,0.000000000000,0.000000000000,0.000388890881,0.000000000000,0.000000000000,0.000402030538,0.000000000000,0.000000000000,0.000395567135,0.000000000000,0.000000000000,0.000255565886,0.000000000000,0.000000000000,0.000268426220,0.000000000000,0.000000000000,0.000251516990,0.000000000000,0.000000000000,0.000159276728,0.000000000000,0.000000000000,0.000178166912,0.000000000000,0.000000000000,0.000164315766,0.000000000000,0.000000000000,0.000132662680,0.000000000000,0.000000000000,0.000149913354,0.000000000000,0.000000000000,0.000112044592
796,0.000000000000,0.000000000000,0.000482619886,0.000000000000,0.000000000000,0.000488313411,0.000000000000,0.000000000000,0.000489341401,0.000000000000,0.000000000000,0.000388890881,0.000000000000,0.000000000000,0.000402030538,0.000000000000,0.000000000000,0.000395567135,0.000000000000,0.000000000000,0.000255565886,0.000000000000,0.000000000000,0.000268426220,0.000000000000,0.000000000000,0.000251516990,0.000000000000,0.000000000000,0.000159276728,0.000000000000,0.000000000000,0.000178166912,0.000000000000,0.000000000000,0.000164365907,0.000000000000,0.000000000000,0.000132893916,0.000000000000,0.000000000000,0.000149930540,0.000000000000,0.000000000000,0.000112116703
797,0.000000000000,0.000000000000,0.000482619886,0.000000000000,0.000000000000,0.000488313411,0.000000000000,0.000000000000,0.000489341401,0.000000000000,0.000000000000,0.000388890881,0.000000000000,0.000000000000,0.000402030538,0.000000000000,0.000000000000,0.000395567135,0.000000000000,0.000000000000,0.000255565886,0.000000000000,0.000000000000,0.000268426220,0.000000000000,0.000000000000,0.000251516990,0.000000000000,0.000000000000,0.000159276728,0.000000000000,0.000000000000,0.000178202380,0.000000000000,0.000000000000,0.000164451862,0.000000000000,0.000000000000,0.000132933715,0.000000000000,0.000000000000,0.000149935678,0.000000000000,0.000000000000,0.000112171287
798,0.000000000000,0.000000000000,0.000482619886,0.000000000000,0.000000000000,0.000488313411,0.000000000000,0.000000000000,0.000489341401,0.000000000000,0.000000000000,0.000388890881,0.000000000000,0.000000000000,0.000402030538,0.000000000000,0.000000000000,0.000395567135,0.000000000000,0.000000000000,0.000255565886,0.000000000000,0.000000000000,0.000268426220,0.000000000000,0.000000000000,0.000251516990,0.000000000000,0.000000000000,0.000159306973,0.000000000000,0.000000000000,0.000178206351,0.000000000000,0.000000000000,0.000164507362,0.000000000000,0.000000000000,0.000132993258,0.000000000000,0.000000000000,0.000149941413,0.000000000000,0.000000000000,0.000112208693
799,0.000000000000,0.000000000000,0.000482619886,0.000000000000,0.000000000000,0.000488313411,0.000000000000,0.000000000000,0.000489341401,0.000000000000,0.000000000000,0.000388890881,0.000000000000,0.000000000000,0.000402030538,0.000000000000,0.000000000000,0.000395567135,0.000000000000,0.000000000000,0.000255823369,0.000000000000,0.000000000000,0.000268426220,0.000000000000,0.000000000000,0.000251602654,0.000000000000,0.000000000000,0.000159306973,0.000000000000,0.000000000000,0.000178417021,0.000000000000,0.000000000000,0.000164519693,0.000000000000,0.000000000000,0.000132993258,0.000000000000,0.000000000000,0.000150124774,0.000000000000,0.000000000000,0.000112208693
800,0.000000000000,0.000000000000,0.000482619886,0.000000000000,0.000000000000,0.000488313411,0.000000000000,0.000000000000,0.000489341401,0.000000000000,0.000000000000,0.000388890881,0.000000000000,0.000000000000,0.000402030538,0.000000000000,0.000000000000,0.000395567135,0.000000000000,0.000000000000,0.000255823369,0.000000000000,0.000000000000,0.000268428993,0.000000000000,0.000000000000,0.000251602654,0.000000000000,0.000000000000,0.000159347492,0.000000000000,0.000000000000,0.000178508491,0.000000000000,0.000000000000,0.000164624196,0.000000000000,0.000000000000,0.000133014903,0.000000000000,0.000000000000,0.000150146241,0.000000000000,0.000000000000,0.000112208693
801,0.000000000000,0.000000000000,0.000482619886,0.000000000000,0.000000000000,0.000488313411,0.000000000000,0.000000000000,0.000489341401,0.000000000000,0.000000000000,0.000388890881,0.000000000000,0.000000000000,0.000402030538,0.000000000000,0.000000000000,0.000395567135,0.000000000000,0.000000000000,0.000255823369,0.000000000000,0.000000000000,0.000268428993,0.000000000000,0.000000000000,0.000251647929,0.000000000000,0.000000000000,0.000159352025,0.000000000000,0.000000000000,0.000178508491,0.000000000000,0.000000000000,0.000164735799,0.000000000000,0.000000000000,0.000133017740,0.000000000000,0.000000000000,0.000150184406,0.000000000000,0.000000000000,0.000112246288
802,0.000000000000,0.000000000000,0.000482619886,0.000000000000,0.000000000000,0.000488313411,0.000000000000,0.000000000000,0.000489341401,0.000000000000,0.000000000000,0.000388890881,0.000000000000,0.000000000000,0.000402030538,0.000000000000,0.000000000000,0.000395567135,0.000000000000,0.000000000000,0.000255912276,0.000000000000,0.000000000000,0.000268428993,0.000000000000,0.000000000000,0.000251731728,0.000000000000,0.000000000000,0.000159412883,0.000000000000,0.000000000000,0.000178508491,0.000000000000,0.000000000000,0.000165076404,0.000000000000,0.000000000000,0.000133020507,0.000000000000,0.000000000000,0.000150276731,0.000000000000,0.000000000000,0.000112246288
803,0.000000000000,0.000000000000,0.000482619886,0.000000000000,0.000000000000,0.000488313411,0.000000000000,0.000000000000,0.000489341401,0.000000000000,0.000000000000,0.000388890881,0.000000000000,0.000000000000,0.000402030538,0.000000000000,0.000000000000,0.000395567135,0.000000000000,0.000000000000,0.000255912276,0.000000000000,0.000000000000,0.000268428993,0.000000000000,0.000000000000,0.000252000389,0.000000000000,0.000000000000,0.000159494012,0.000000000000,0.000000000000,0.000178508491,0.000000000000,0.000000000000,0.000165481353,0.000000000000,0.000000000000,0.000133194006,0.000000000000,0.000000000000,0.000150284309,0.000000000000,0.000000000000,0.000112246288
804,0.000000000000,0.000000000000,0.000482619886,0.000000000000,0.000000000000,0.000488313411,0.000000000000,0.000000000000,0.000489341401,0.000000000000,0.000000000000,0.000388890881,0.000000000000,0.000000000000,0.000402030538,0.000000000000,0.000000000000,0.000395567135,0.000000000000,0.000000000000,0.000255912276,0.000000000000,0.000000000000,0.000268428993,0.000000000000,0.000000000000,0.000252000389,0.000000000000,0.000000000000,0.000159510247,0.000000000000,0.000000000000,0.000178508491,0.000000000000,0.000000000000,0.000165495456,0.000000000000,0.000000000000,0.000133201498,0.000000000000,0.000000000000,0.000150285528,0.000000000000,0.000000000000,0.000112309817
805,0.000000000000,0.000000000000,0.000482619886,0.000000000000,0.000000000000,0.000488313411,0.000000000000,0.000000000000,0.000489341401,0.000000000000,0.000000000000,0.000388890881,0.000000000000,0.000000000000,0.000402030538,0.000000000000,0.000000000000,0.000395567135,0.000000000000,0.000000000000,0.000255963391,0.000000000000,0.000000000000,0.000268466997,0.000000000000,0.000000000000,0.000252291657,0.000000000000,0.000000000000,0.000159528623,0.000000000000,0.000000000000,0.000178568556,0.000000000000,0.000000000000,0.000165495456,0.000000000000,0.000000000000,0.000133201498,0.000000000000,0.000000000000,0.000150443566,0.000000000000,0.000000000000,0.000112324321
806,0.000000000000,0.000000000000,0.000482619886,0.000000000000,0.000000000000,0.000488313411,0.000000000000,0.000000000000,0.000489341401,0.000000000000,0.000000000000,0.000388890881,0.000000000000,0.000000000000,0.000402030538,0.000000000000,0.000000000000,0.000395567135,0.000000000000,0.000000000000,0.000255990239,0.000000000000,0.000000000000,0.000268466997,0.000000000000,0.000000000000,0.000252291657,0.000000000000,0.000000000000,0.000159994294,0.000000000000,0.000000000000,0.000178568556,0.000000000000,0.000000000000,0.000165495456,0.000000000000,0.000000000000,0.000133255650,0.000000000000,0.000000000000,0.000150480283,0.000000000000,0.000000000000,0.000112342701
807,0.000000000000,0.000000000000,0.000482619886,0.000000000000,0.000000000000,0.000488313411,0.000000000000,0.000000000000,0.000489341401,0.000000000000,0.000000000000,0.000388890881,0.000000000000,0.000000000000,0.000402030538,0.000000000000,0.000000000000,0.000395567135,0.000000000000,0.000000000000,0.000255990239,0.000000000000,0.000000000000,0.000268466997,0.000000000000,0.000000000000,0.000252422120,0.000000000000,0.000000000000,0.000160018252,0.000000000000,0.000000000000,0.000178568556,0.000000000000,0.000000000000,0.000165495456,0.000000000000,0.000000000000,0.000133255949,0.000000000000,0.000000000000,0.000150481132,0.000000000000,0.000000000000,0.000112403186
808,0.000000000000,0.000000000000,0.000482619886,0.000000000000,0.000000000000,0.000488313411,0.000000000000,0.000000000000,0.000489341401,0.000000000000,0.000000000000,0.000388890881,0.000000000000,0.000000000000,0.000402030538,0.000000000000,0.000000000000,0.000395567135,0.000000000000,0.000000000000,0.000255990239,0.000000000000,0.000000000000,0.000268466997,0.000000000000,0.000000000000,0.000252422120,0.000000000000,0.000000000000,0.000160018252,0.000000000000,0.000000000000,0.000178588608,0.000000000000,0.000000000000,0.000165495456,0.000000000000,0.000000000000,0.000133283624,0.000000000000,0.000000000000,0.000150505408,0.000000000000,0.000000000000,0.000112522539
809,0.000000000000,0.000000000000,0.000482619886,0.000000000000,0.000000000000,0.000488313411,0.000000000000,0.000000000000,0.000489341401,0.000000000000,0.000000000000,0.000388890881,0.000000000000,0.000000000000,0.000402030538,0.000000000000,0.000000000000,0.000395567135,0.000000000000,0.000000000000,0.000255990239,0.000000000000,0.000000000000,0.000268466997,0.000000000000,0.000000000000,0.000252422120,0.000000000000,0.000000000000,0.000160018252,0.000000000000,0.000000000000,0.000178699530,0.000000000000,0.000000000000,0.000165583242,0.000000000000,0.000000000000,0.000133325014,0.000000000000,0.000000000000,0.000150506273,0.000000000000,0.000000000000,0.000112637981
810,0.000000000000,0.000000000000,0.000482619886,0.000000000000,0.000000000000,0.000488313411,0.000000000000,0.000000000000,0.000489341401,0.000000000000,0.000000000000,0.000388890881,0.000000000000,0.000000000000,0.000402030538,0.000000000000,0.000000000000,0.000395567135,0.000000000000,0.000000000000,0.000255990239,0.000000000000,0.000000000000,0.000268466997,0.000000000000,0.000000000000,0.000252422120,0.000000000000,0.000000000000,0.000160018252,0.000000000000,0.000000000000,0.000178699530,0.000000000000,0.000000000000,0.000165583242,0.000000000000,0.000000000000,0.000133504325,0.000000000000,0.000000000000,0.000150547239,0.000000000000,0.000000000000,0.000112647849
811,0.000000000000,0.000000000000,0.000482619886,0.000000000000,0.000000000000,0.000488313411,0.000000000000,0.000000000000,0.000489341401,0.000000000000,0.000000000000,0.000388890881,0.000000000000,0.000000000000,0.000402030538,0.000000000000,0.000000000000,0.000395708986,0.000000000000,0.000000000000,0.000256333454,0.000000000000,0.000000000000,0.000268466997,0.000000000000,0.000000000000,0.000252599131,0.000000000000,0.000000000000,0.000160188672,0.000000000000,0.000000000000,0.000178743571,0.000000000000,0.000000000000,0.000166069107,0.000000000000,0.000000000000,0.000133520280,0.000000000000,0.000000000000,0.000150583943,0.000000000000,0.000000000000,0.000112876652
812,0.000000000000,0.000000000000,0.000482619886,0.000000000000,0.000000000000,0.000488313411,0.000000000000,0.000000000000,0.000489341401,0.000000000000,0.000000000000,0.000388890881,0.000000000000,0.000000000000,0.000402094047,0.000000000000,0.000000000000,0.000395708986,0.000000000000,0.000000000000,0.000256333454,0.000000000000,0.000000000000,0.000268466997,0.000000000000,0.000000000000,0.000252677316,0.000000000000,0.000000000000,0.000160188672,0.000000000000,0.000000000000,0.000178751948,0.000000000000,0.000000000000,0.000166111520,0.000000000000,0.000000000000,0.000133592148,0.000000000000,0.000000000000,0.000150583943,0.000000000000,0.000000000000,0.000112880368
813,0.000000000000,0.000000000000,0.000482619886,0.000000000000,0.000000000000,0.000488313411,0.000000000000,0.000000000000,0.000489341401,0.000000000000,0.000000000000,0.000388890881,0.000000000000,0.000000000000,0.000402094047,0.000000000000,0.000000000000,0.000395708986,0.000000000000,0.000000000000,0.000256333454,0.000000000000,0.000000000000,0.000268466997,0.000000000000,0.000000000000,0.000252679623,0.000000000000,0.000000000000,0.000160188672,0.000000000000,0.000000000000,0.000178842224,0.000000000000,0.000000000000,0.000166256022,0.000000000000,0.000000000000,0.000133968910,0.000000000000,0.000000000000,0.000150586103,0.000000000000,0.000000000000,0.000112912355
814,0.000000000000,0.000000000000,0.000482619886,0.000000000000,0.000000000000,0.000488313411,0.000000000000,0.000000000000,0.000489341401,0.000000000000,0.000000000000,0.000388890881,0.000000000000,0.000000000000,0.000402094047,0.000000000000,0.000000000000,0.000395708986,0.000000000000,0.000000000000,0.000256381292,0.000000000000,0.000000000000,0.000268466997,0.000000000000,0.000000000000,0.000252734207,0.000000000000,0.000000000000,0.000160255404,0.000000000000,0.000000000000,0.000178873143,0.000000000000,0.000000000000,0.000166256022,0.000000000000,0.000000000000,0.000133968910,0.000000000000,0.000000000000,0.000150632827,0.000000000000,0.000000000000,0.000112949024
815,0.000000000000,0.000000000000,0.000482619886,0.000000000000,0.000000000000,0.000488313411,0.000000000000,0.000000000000,0.000489341401,0.000000000000,0.000000000000,0.000388890881,0.000000000000,0.000000000000,0.000402094047,0.000000000000,0.000000000000,0.000395708986,0.000000000000,0.000000000000,0.000256468340,0.000000000000,0.000000000000,0.000268466997,0.000000000000,0.000000000000,0.000252841537,0.000000000000,0.000000000000,0.000160268300,0.000000000000,0.000000000000,0.000178948213,0.000000000000,0.000000000000,0.000166294764,0.000000000000,0.000000000000,0.000133976742,0.000000000000,0.000000000000,0.000150637352,0.000000000000,0.000000000000,0.000112962707
816,0.000000000000,0.000000000000,0.000482619886,0.000000000000,0.000000000000,0.000488313411,0.000000000000,0.000000000000,0.000489341401,0.000000000000,0.000000000000,0.000388890881,0.000000000000,0.000000000000,0.000402094047,0.000000000000,0.000000000000,0.000395708986,0.000000000000,0.000000000000,0.000256468340,0.000000000000,0.000000000000,0.000268466997,0.000000000000,0.000000000000,0.000253405538,0.000000000000,0.000000000000,0.000160293995,0.000000000000,0.000000000000,0.000179000538,0.000000000000,0.000000000000,0.000166528182,0.000000000000,0.000000000000,0.000134480086,0.000000000000,0.000000000000,0.000150671036,0.000000000000,0.000000000000,0.000112962707
817,0.000000000000,0.000000000000,0.000482619886,0.000000000000,0.000000000000,0.000488313411,0.000000000000,0.000000000000,0.000489341401,0.000000000000,0.000000000000,0.000388890881,0.000000000000,0.000000000000,0.000402094047,0.000000000000,0.000000000000,0.000395708986,0.000000000000,0.000000000000,0.000256494627,0.000000000000,0.000000000000,0.000268466997,0.000000000000,0.000000000000,0.000253527922,0.000000000000,0.000000000000,0.000160700612,0.000000000000,0.000000000000,0.000179012926,0.000000000000,0.000000000000,0.000166743286,0.000000000000,0.000000000000,0.000134547708,0.000000000000,0.000000000000,0.000150686460,0.000000000000,0.000000000000,0.000112962707
818,0.000000000000,0.000000000000,0.000482619886,0.000000000000,0.000000000000,0.000488313411,0.000000000000,0.000000000000,0.000489341401,0.000000000000,0.000000000000,0.000388890881,0.000000000000,0.000000000000,0.000402094047,0.000000000000,0.000000000000,0.000395708986,0.000000000000,0.000000000000,0.000256708080,0.000000000000,0.000000000000,0.000268466997,0.000000000000,0.000000000000,0.000253527922,0.000000000000,0.000000000000,0.000160707207,0.000000000000,0.000000000000,0.000179018330,0.000000000000,0.000000000000,0.000166763353,0.000000000000,0.000000000000,0.000134817426,0.000000000000,0.000000000000,0.000150721140,0.000000000000,0.000000000000,0.000112966286
819,0.000000000000,0.000000000000,0.000482619886,0.000000000000,0.000000000000,0.000488313411,0.000000000000,0.000000000000,0.000489341401,0.000000000000,0.000000000000,0.000388890881,0.000000000000,0.000000000000,0.000402094047,0.000000000000,0.000000000000,0.000395708986,0.000000000000,0.000000000000,0.000256708080,0.000000000000,0.000000000000,0.000268592353,0.000000000000,0.000000000000,0.000253527922,0.000000000000,0.000000000000,0.000160828951,0.000000000000,0.000000000000,0.000179023819,0.000000000000,0.000000000000,0.000166763353,0.000000000000,0.000000000000,0.000134817426,0.000000000000,0.000000000000,0.000150814223,0.000000000000,0.000000000000,0.000112966286
820,0.000000000000,0.000000000000,0.000482619886,0.000000000000,0.000000000000,0.000488313411,0.000000000000,0.000000000000,0.000489341401,0.000000000000,0.000000000000,0.000388890881,0.000000000000,0.000000000000,0.000402094047,0.000000000000,0.000000000000,0.000395708986,0.000000000000,0.000000000000,0.000256771437,0.000000000000,0.000000000000,0.000268592353,0.000000000000,0.000000000000,0.000253527922,0.000000000000,0.000000000000,0.000160828951,0.000000000000,0.000000000000,0.000179023819,0.000000000000,0.000000000000,0.000166767732,0.000000000000,0.000000000000,0.000134884062,0.000000000000,0.000000000000,0.000150816868,0.000000000000,0.000000000000,0.000113260526
821,0.000000000000,0.000000000000,0.000482619886,0.000000000000,0.000000000000,0.000488313411,0.000000000000,0.000000000000,0.000489341401,0.000000000000,0.000000000000,0.000388890881,0.000000000000,0.000000000000,0.000402094047,0.000000000000,0.000000000000,0.000395708986,0.000000000000,0.000000000000,0.000256771437,0.000000000000,0.000000000000,0.000268592353,0.000000000000,0.000000000000,0.000253527922,0.000000000000,0.000000000000,0.000160835069,0.000000000000,0.000000000000,0.000179041295,0.000000000000,0.000000000000,0.000166830739,0.000000000000,0.000000000000,0.000134903761,0.000000000000,0.000000000000,0.000150998033,0.000000000000,0.000000000000,0.000113260526
822,0.000000000000,0.000000000000,0.000482619886,0.000000000000,0.000000000000,0.000488313411,0.000000000000,0.000000000000,0.000489341401,0.000000000000,0.000000000000,0.000388890881,0.000000000000,0.000000000000,0.000402094047,0.000000000000,0.000000000000,0.000395708986,0.000000000000,0.000000000000,0.000256771437,0.000000000000,0.000000000000,0.000268592353,0.000000000000,0.000000000000,0.000253637499,0.000000000000,0.000000000000,0.000160838108,0.000000000000,0.000000000000,0.000179058435,0.000000000000,0.000000000000,0.000166969019,0.000000000000,0.000000000000,0.000134903761,0.000000000000,0.000000000000,0.000151397227,0.000000000000,0.000000000000,0.000113275578
823,0.000000000000,0.000000000000,0.000482619886,0.000000000000,0.000000000000,0.000488313411,0.000000000000,0.000000000000,0.000489341401,0.000000000000,0.000000000000,0.000388890881,0.000000000000,0.000000000000,0.000402094047,0.000000000000,0.000000000000,0.000395708986,0.000000000000,0.000000000000,0.000256806221,0.000000000000,0.000000000000,0.000268592353,0.000000000000,0.000000000000,0.000253637499,0.000000000000,0.000000000000,0.000160951035,0.000000000000,0.000000000000,0.000179058435,0.000000000000,0.000000000000,0.000166981757,0.000000000000,0.000000000000,0.000134920317,0.000000000000,0.000000000000,0.000151397227,0.000000000000,0.000000000000,0.000113306073
824,0.000000000000,0.000000000000,0.000482619886,0.000000000000,0.000000000000,0.000488313411,0.000000000000,0.000000000000,0.000489341401,0.000000000000,0.000000000000,0.000388890881,0.000000000000,0.000000000000,0.000402094047,0.000000000000,0.000000000000,0.000395708986,0.000000000000,0.000000000000,0.000256806221,0.000000000000,0.000000000000,0.000268592353,0.000000000000,0.000000000000,0.000253637499,0.000000000000,0.000000000000,0.000161034594,0.000000000000,0.000000000000,0.000179064816,0.000000000000,0.000000000000,0.000166981757,0.000000000000,0.000000000000,0.000134920317,0.000000000000,0.000000000000,0.000151599976,0.000000000000,0.000000000000,0.000113306073
825,0.000000000000,0.000000000000,0.000482619886,0.000000000000,0.000000000000,0.000488313411,0.000000000000,0.000000000000,0.000489341401,0.000000000000,0.000000000000,0.000388890881,0.000000000000,0.000000000000,0.000402094047,0.000000000000,0.000000000000,0.000395708986,0.000000000000,0.000000000000,0.000256933870,0.000000000000,0.000000000000,0.000268769914,0.000000000000,0.000000000000,0.000253637499,0.000000000000,0.000000000000,0.000161034594,0.000000000000,0.000000000000,0.000179091442,0.000000000000,0.000000000000,0.000166986367,0.000000000000,0.000000000000,0.000134936878,0.000000000000,0.000000000000,0.000151606406,0.000000000000,0.000000000000,0.000113425132
826,0.000000000000,0.000000000000,0.000482619886,0.000000000000,0.000000000000,0.000488313411,0.000000000000,0.000000000000,0.000489341401,0.000000000000,0.000000000000,0.000388890881,0.000000000000,0.000000000000,0.000402094047,0.000000000000,0.000000000000,0.000395708986,0.000000000000,0.000000000000,0.000256933870,0.000000000000,0.000000000000,0.000268769914,0.000000000000,0.000000000000,0.000253656903,0.000000000000,0.000000000000,0.000161095881,0.000000000000,0.000000000000,0.000179091442,0.000000000000,0.000000000000,0.000166986367,0.000000000000,0.000000000000,0.000134965574,0.000000000000,0.000000000000,0.000151667400,0.000000000000,0.000000000000,0.000113522670
827,0.000000000000,0.000000000000,0.000482619886,0.000000000000,0.000000000000,0.000488313411,0.000000000000,0.000000000000,0.000489341401,0.000000000000,0.000000000000,0.000388890881,0.000000000000,0.000000000000,0.000402094047,0.000000000000,0.000000000000,0.000395708986,0.000000000000,0.000000000000,0.000256975041,0.000000000000,0.000000000000,0.000268769914,0.000000000000,0.000000000000,0.000253656903,0.000000000000,0.000000000000,0.000161095881,0.000000000000,0.000000000000,0.000179130401,0.000000000000,0.000000000000,0.000166986367,0.000000000000,0.000000000000,0.000134965574,0.000000000000,0.000000000000,0.000151676911,0.000000000000,0.000000000000,0.000113553256
828,0.000000000000,0.000000000000,0.000482619886,0.000000000000,0.000000000000,0.000488313411,0.000000000000,0.000000000000,0.000489341401,0.000000000000,0.000000000000,0.000388890881,0.000000000000,0.000000000000,0.000402094047,0.000000000000,0.000000000000,0.000395708986,0.000000000000,0.000000000000,0.000256975041,0.000000000000,0.000000000000,0.000268769914,0.000000000000,0.000000000000,0.000253656903,0.000000000000,0.000000000000,0.000161106058,0.000000000000,0.000000000000,0.000179130401,0.000000000000,0.000000000000,0.000166999778,0.000000000000,0.000000000000,0.000135039624,0.000000000000,0.000000000000,0.000151676911,0.000000000000,0.000000000000,0.000113783196
829,0.000000000000,0.000000000000,0.000482619886,0.000000000000,0.000000000000,0.000488313411,0.000000000000,0.000000000000,0.000489341401,0.000000000000,0.000000000000,0.000388890881,0.000000000000,0.000000000000,0.000402094047,0.000000000000,0.000000000000,0.000395708986,0.000000000000,0.000000000000,0.000256975041,0.000000000000,0.000000000000,0.000268769914,0.000000000000,0.000000000000,0.000253678625,0.000000000000,0.000000000000,0.000161106058,0.000000000000,0.000000000000,0.000179247605,0.000000000000,0.000000000000,0.000167078862,0.000000000000,0.000000000000,0.000135044552,0.000000000000,0.000000000000,0.000151722555,0.000000000000,0.000000000000,0.000113841146
830,0.000000000000,0.000000000000,0.000482634642,0.000000000000,0.000000000000,0.000488313411,0.000000000000,0.000000000000,0.000489341401,0.000000000000,0.000000000000,0.000388890881,0.000000000000,0.000000000000,0.000402094047,0.000000000000,0.000000000000,0.000395708986,0.000000000000,0.000000000000,0.000257019535,0.000000000000,0.000000000000,0.000268769914,0.000000000000,0.000000000000,0.000253679707,0.000000000000,0.000000000000,0.000161109085,0.000000000000,0.000000000000,0.000179253110,0.000000000000,0.000000000000,0.000167133520,0.000000000000,0.000000000000,0.000135068778,0.000000000000,0.000000000000,0.000151762048,0.000000000000,0.000000000000,0.000113841146
831,0.000000000000,0.000000000000,0.000482634642,0.000000000000,0.000000000000,0.000488313411,0.000000000000,0.000000000000,0.000489341401,0.000000000000,0.000000000000,0.000388890881,0.000000000000,0.000000000000,0.000402094047,0.000000000000,0.000000000000,0.000395708986,0.000000000000,0.000000000000,0.000257186723,0.000000000000,0.000000000000,0.000268933527,0.000000000000,0.000000000000,0.000254615202,0.000000000000,0.000000000000,0.000161109085,0.000000000000,0.000000000000,0.000179256390,0.000000000000,0.000000000000,0.000167314567,0.000000000000,0.000000000000,0.000135257771,0.000000000000,0.000000000000,0.000151797815,0.000000000000,0.000000000000,0.000113871392
832,0.000000000000,0.000000000000,0.000482634642,0.000000000000,0.000000000000,0.000488313411,0.000000000000,0.000000000000,0.000489341401,0.000000000000,0.000000000000,0.000388890881,0.000000000000,0.000000000000,0.000402094047,0.000000000000,0.000000000000,0.000395708986,0.000000000000,0.000000000000,0.000257186723,0.000000000000,0.000000000000,0.000268933527,0.000000000000,0.000000000000,0.000254615202,0.000000000000,0.000000000000,0.000161122204,0.000000000000,0.000000000000,0.000179256390,0.000000000000,0.000000000000,0.000167340773,0.000000000000,0.000000000000,0.000135257771,0.000000000000,0.000000000000,0.000152036599,0.000000000000,0.000000000000,0.000113913365
833,0.000000000000,0.000000000000,0.000482634642,0.000000000000,0.000000000000,0.000488313411,0.000000000000,0.000000000000,0.000489341401,0.000000000000,0.000000000000,0.000388890881,0.000000000000,0.000000000000,0.000402094047,0.000000000000,0.000000000000,0.000395708986,0.000000000000,0.000000000000,0.000257335055,0.000000000000,0.000000000000,0.000268933527,0.000000000000,0.000000000000,0.000254615202,0.000000000000,0.000000000000,0.000161122204,0.000000000000,0.000000000000,0.000179351821,0.000000000000,0.000000000000,0.000167370504,0.000000000000,0.000000000000,0.000135275076,0.000000000000,0.000000000000,0.000152077849,0.000000000000,0.000000000000,0.000113941329
834,0.000000000000,0.000000000000,0.000482634642,0.000000000000,0.000000000000,0.000488313411,0.000000000000,0.000000000000,0.000489341401,0.000000000000,0.000000000000,0.000388890881,0.000000000000,0.000000000000,0.000402094047,0.000000000000,0.000000000000,0.000395708986,0.000000000000,0.000000000000,0.000257451238,0.000000000000,0.000000000000,0.000268933527,0.000000000000,0.000000000000,0.000254615202,0.000000000000,0.000000000000,0.000161122204,0.000000000000,0.000000000000,0.000179351821,0.000000000000,0.000000000000,0.000167370504,0.000000000000,0.000000000000,0.000135281596,0.000000000000,0.000000000000,0.000152126768,0.000000000000,0.000000000000,0.000113941329
835,0.000000000000,0.000000000000,0.000482634642,0.000000000000,0.000000000000,0.000488313411,0.000000000000,0.000000000000,0.000489341401,0.000000000000,0.000000000000,0.000388890881,0.000000000000,0.000000000000,0.000402094047,0.000000000000,0.000000000000,0.000395708986,0.000000000000,0.000000000000,0.000257504641,0.000000000000,0.000000000000,0.000268933527,0.000000000000,0.000000000000,0.000254615202,0.000000000000,0.000000000000,0.000161122204,0.000000000000,0.000000000000,0.000179351821,0.000000000000,0.000000000000,0.000167528189,0.000000000000,0.000000000000,0.000135281596,0.000000000000,0.000000000000,0.000152263512,0.000000000000,0.000000000000,0.000113977248
836,0.000000000000,0.000000000000,0.000482634642,0.000000000000,0.000000000000,0.000488313411,0.000000000000,0.000000000000,0.000489341401,0.000000000000,0.000000000000,0.000388890881,0.000000000000,0.000000000000,0.000402094047,0.000000000000,0.000000000000,0.000395708986,0.000000000000,0.000000000000,0.000257504641,0.000000000000,0.000000000000,0.000268933527,0.000000000000,0.000000000000,0.000255086047,0.000000000000,0.000000000000,0.000161122204,0.000000000000,0.000000000000,0.000179351821,0.000000000000,0.000000000000,0.000167564647,0.000000000000,0.000000000000,0.000135321516,0.000000000000,0.000000000000,0.000152263512,0.000000000000,0.000000000000,0.000114018226
837,0.000000000000,0.000000000000,0.000482634642,0.000000000000,0.000000000000,0.000488313411,0.000000000000,0.000000000000,0.000489341401,0.000000000000,0.000000000000,0.000388890881,0.000000000000,0.000000000000,0.000402094047,0.000000000000,0.000000000000,0.000395708986,0.000000000000,0.000000000000,0.000257504641,0.000000000000,0.000000000000,0.000268933527,0.000000000000,0.000000000000,0.000255086047,0.000000000000,0.000000000000,0.000161213845,0.000000000000,0.000000000000,0.000179806837,0.000000000000,0.000000000000,0.000167566143,0.000000000000,0.000000000000,0.000135328736,0.000000000000,0.000000000000,0.000152361497,0.000000000000,0.000000000000,0.000114018226
838,0.000000000000,0.000000000000,0.000482634642,0.000000000000,0.000000000000,0.000488313411,0.000000000000,0.000000000000,0.000489341401,0.000000000000,0.000000000000,0.000388890881,0.000000000000,0.000000000000,0.000402094047,0.000000000000,0.000000000000,0.000395708986,0.000000000000,0.000000000000,0.000257605640,0.000000000000,0.000000000000,0.000268933527,0.000000000000,0.000000000000,0.000255086047,0.000000000000,0.000000000000,0.000161220495,0.000000000000,0.000000000000,0.000179806837,0.000000000000,0.000000000000,0.000167652688,0.000000000000,0.000000000000,0.000135335151,0.000000000000,0.000000000000,0.000152408779,0.000000000000,0.000000000000,0.000114025866
839,0.000000000000,0.000000000000,0.000483433247,0.000000000000,0.000000000000,0.000488313411,0.000000000000,0.000000000000,0.000489341401,0.000000000000,0.000000000000,0.000388890881,0.000000000000,0.000000000000,0.000402094047,0.000000000000,0.000000000000,0.000395708986,0.000000000000,0.000000000000,0.000257690509,0.000000000000,0.000000000000,0.000268933527,0.000000000000,0.000000000000,0.000255086047,0.000000000000,0.000000000000,0.000161380664,0.000000000000,0.000000000000,0.000179806837,0.000000000000,0.000000000000,0.000167729271,0.000000000000,0.000000000000,0.000135409853,0.000000000000,0.000000000000,0.000152427118,0.000000000000,0.000000000000,0.000114029381
840,0.000000000000,0.000000000000,0.000483433247,0.000000000000,0.000000000000,0.000488313411,0.000000000000,0.000000000000,0.000489341401,0.000000000000,0.000000000000,0.000388890881,0.000000000000,0.000000000000,0.000402094047,0.000000000000,0.000000000000,0.000395708986,0.000000000000,0.000000000000,0.000257728952,0.000000000000,0.000000000000,0.000268933527,0.000000000000,0.000000000000,0.000255113912,0.000000000000,0.000000000000,0.000161390549,0.000000000000,0.000000000000,0.000179906658,0.000000000000,0.000000000000,0.000167788130,0.000000000000,0.000000000000,0.000135443971,0.000000000000,0.000000000000,0.000152455143,0.000000000000,0.000000000000,0.000114052275
841,0.000000000000,0.000000000000,0.000483433247,0.000000000000,0.000000000000,0.000488313411,0.000000000000,0.000000000000,0.000489341401,0.000000000000,0.000000000000,0.000388890881,0.000000000000,0.000000000000,0.000402094047,0.000000000000,0.000000000000,0.000395708986,0.000000000000,0.000000000000,0.000257728952,0.000000000000,0.000000000000,0.000268933527,0.000000000000,0.000000000000,0.000255198845,0.000000000000,0.000000000000,0.000161448916,0.000000000000,0.000000000000,0.000179906844,0.000000000000,0.000000000000,0.000167794713,0.000000000000,0.000000000000,0.000135453077,0.000000000000,0.000000000000,0.000152472325,0.000000000000,0.000000000000,0.000114052275
842,0.000000000000,0.000000000000,0.000483433247,0.000000000000,0.000000000000,0.000488313411,0.000000000000,0.000000000000,0.000489341401,0.000000000000,0.000000000000,0.000388890881,0.000000000000,0.000000000000,0.000402094047,0.000000000000,0.000000000000,0.000395708986,0.000000000000,0.000000000000,0.000258010909,0.000000000000,0.000000000000,0.000268933527,0.000000000000,0.000000000000,0.000255201034,0.000000000000,0.000000000000,0.000161477711,0.000000000000,0.000000000000,0.000180053010,0.000000000000,0.000000000000,0.000167858850,0.000000000000,0.000000000000,0.000135499999,0.000000000000,0.000000000000,0.000152523587,0.000000000000,0.000000000000,0.000114288879
843,0.000000000000,0.000000000000,0.000483433247,0.000000000000,0.000000000000,0.000488313411,0.000000000000,0.000000000000,0.000489341401,0.000000000000,0.000000000000,0.000388890881,0.000000000000,0.000000000000,0.000402094047,0.000000000000,0.000000000000,0.000395708986,0.000000000000,0.000000000000,0.000258087154,0.000000000000,0.000000000000,0.000268956566,0.000000000000,0.000000000000,0.000255253914,0.000000000000,0.000000000000,0.000161573732,0.000000000000,0.000000000000,0.000180089988,0.000000000000,0.000000000000,0.000167958141,0.000000000000,0.000000000000,0.000135839226,0.000000000000,0.000000000000,0.000152636982,0.000000000000,0.000000000000,0.000114295661
844,0.000000000000,0.000000000000,0.000483433247,0.000000000000,0.000000000000,0.000488313411,0.000000000000,0.000000000000,0.000489341401,0.000000000000,0.000000000000,0.000388890881,0.000000000000,0.000000000000,0.000402094047,0.000000000000,0.000000000000,0.000395708986,0.000000000000,0.000000000000,0.000258210542,0.000000000000,0.000000000000,0.000269025553,0.000000000000,0.000000000000,0.000255253914,0.000000000000,0.000000000000,0.000161588040,0.000000000000,0.000000000000,0.000180089988,0.000000000000,0.000000000000,0.000167958181,0.000000000000,0.000000000000,0.000135859424,0.000000000000,0.000000000000,0.000152647402,0.000000000000,0.000000000000,0.000114323820
845,0.000000000000,0.000000000000,0.000483433247,0.000000000000,0.000000000000,0.000488313411,0.000000000000,0.000000000000,0.000489341401,0.000000000000,0.000000000000,0.000388890881,0.000000000000,0.000000000000,0.000402094047,0.000000000000,0.000000000000,0.000395708986,0.000000000000,0.000000000000,0.000258541335,0.000000000000,0.000000000000,0.000269025553,0.000000000000,0.000000000000,0.000255253914,0.000000000000,0.000000000000,0.000161603150,0.000000000000,0.000000000000,0.000180104927,0.000000000000,0.000000000000,0.000167958181,0.000000000000,0.000000000000,0.000135972496,0.000000000000,0.000000000000,0.000152651968,0.000000000000,0.000000000000,0.000114499069
846,0.000000000000,0.000000000000,0.000483433247,0.000000000000,0.000000000000,0.000488313411,0.000000000000,0.000000000000,0.000489341401,0.000000000000,0.000000000000,0.000388890881,0.000000000000,0.000000000000,0.000402094047,0.000000000000,0.000000000000,0.000395708986,0.000000000000,0.000000000000,0.000258541335,0.000000000000,0.000000000000,0.000269025553,0.000000000000,0.000000000000,0.000255253914,0.000000000000,0.000000000000,0.000161659075,0.000000000000,0.000000000000,0.000180104927,0.000000000000,0.000000000000,0.000168053761,0.000000000000,0.000000000000,0.000135979757,0.000000000000,0.000000000000,0.000152751884,0.000000000000,0.000000000000,0.000114502210
847,0.000000000000,0.000000000000,0.000483433247,0.000000000000,0.000000000000,0.000488313411,0.000000000000,0.000000000000,0.000489341401,0.000000000000,0.000000000000,0.000388906782,0.000000000000,0.000000000000,0.000402094047,0.000000000000,0.000000000000,0.000395708986,0.000000000000,0.000000000000,0.000258630971,0.000000000000,0.000000000000,0.000269025553,0.000000000000,0.000000000000,0.000255253914,0.000000000000,0.000000000000,0.000161797595,0.000000000000,0.000000000000,0.000180177832,0.000000000000,0.000000000000,0.000168187191,0.000000000000,0.000000000000,0.000136041224,0.000000000000,0.000000000000,0.000152859970,0.000000000000,0.000000000000,0.000114514417
848,0.000000000000,0.000000000000,0.000483433247,0.000000000000,0.000000000000,0.000488313411,0.000000000000,0.000000000000,0.000489341401,0.000000000000,0.000000000000,0.000388906782,0.000000000000,0.000000000000,0.000402094047,0.000000000000,0.000000000000,0.000395708986,0.000000000000,0.000000000000,0.000258810809,0.000000000000,0.000000000000,0.000269025553,0.000000000000,0.000000000000,0.000255275174,0.000000000000,0.000000000000,0.000161797595,0.000000000000,0.000000000000,0.000180177832,0.000000000000,0.000000000000,0.000168187191,0.000000000000,0.000000000000,0.000136072718,0.000000000000,0.000000000000,0.000152866083,0.000000000000,0.000000000000,0.000114575532
849,0.000000000000,0.000000000000,0.000483433247,0.000000000000,0.000000000000,0.000488313411,0.000000000000,0.000000000000,0.000489341401,0.000000000000,0.000000000000,0.000388906782,0.000000000000,0.000000000000,0.000402094047,0.000000000000,0.000000000000,0.000395708986,0.000000000000,0.000000000000,0.000259072117,0.000000000000,0.000000000000,0.000269025553,0.000000000000,0.000000000000,0.000255460044,0.000000000000,0.000000000000,0.000161858218,0.000000000000,0.000000000000,0.000180177832,0.000000000000,0.000000000000,0.000168347794,0.000000000000,0.000000000000,0.000136131894,0.000000000000,0.000000000000,0.000152949369,0.000000000000,0.000000000000,0.000114575532
850,0.000000000000,0.000000000000,0.000483433247,0.000000000000,0.000000000000,0.000488313411,0.000000000000,0.000000000000,0.000489341401,0.000000000000,0.000000000000,0.000388906782,0.000000000000,0.000000000000,0.000402094047,0.000000000000,0.000000000000,0.000395708986,0.000000000000,0.000000000000,0.000259072117,0.000000000000,0.000000000000,0.000269025553,0.000000000000,0.000000000000,0.000255589782,0.000000000000,0.000000000000,0.000161921584,0.000000000000,0.000000000000,0.000180207687,0.000000000000,0.000000000000,0.000168352128,0.000000000000,0.000000000000,0.000136234794,0.000000000000,0.000000000000,0.000152980746,0.000000000000,0.000000000000,0.000114634522
851,0.000000000000,0.000000000000,0.000483433247,0.000000000000,0.000000000000,0.000488313411,0.000000000000,0.000000000000,0.000489341401,0.000000000000,0.000000000000,0.000388906782,0.000000000000,0.000000000000,0.000402094047,0.000000000000,0.000000000000,0.000395834745,0.000000000000,0.000000000000,0.000259072117,0.000000000000,0.000000000000,0.000269055973,0.000000000000,0.000000000000,0.000255589782,0.000000000000,0.000000000000,0.000161975770,0.000000000000,0.000000000000,0.000180207687,0.000000000000,0.000000000000,0.000168352128,0.000000000000,0.000000000000,0.000136234794,0.000000000000,0.000000000000,0.000152983667,0.000000000000,0.000000000000,0.000114701450
852,0.000000000000,0.000000000000,0.000483433247,0.000000000000,0.000000000000,0.000488313411,0.000000000000,0.000000000000,0.000489341401,0.000000000000,0.000000000000,0.000388906782,0.000000000000,0.000000000000,0.000402094047,0.000000000000,0.000000000000,0.000395834745,0.000000000000,0.000000000000,0.000259072117,0.000000000000,0.000000000000,0.000269055973,0.000000000000,0.000000000000,0.000255589782,0.000000000000,0.000000000000,0.000162013444,0.000000000000,0.000000000000,0.000180239154,0.000000000000,0.000000000000,0.000168352128,0.000000000000,0.000000000000,0.000136253053,0.000000000000,0.000000000000,0.000153025770,0.000000000000,0.000000000000,0.000114780664
853,0.000000000000,0.000000000000,0.000483433247,0.000000000000,0.000000000000,0.000488313411,0.000000000000,0.000000000000,0.000489341401,0.000000000000,0.000000000000,0.000388906782,0.000000000000,0.000000000000,0.000402094047,0.000000000000,0.000000000000,0.000395834745,0.000000000000,0.000000000000,0.000259072117,0.000000000000,0.000000000000,0.000269055973,0.000000000000,0.000000000000,0.000255685020,0.000000000000,0.000000000000,0.000162066044,0.000000000000,0.000000000000,0.000180239154,0.000000000000,0.000000000000,0.000168360864,0.000000000000,0.000000000000,0.000136262354,0.000000000000,0.000000000000,0.000153025925,0.000000000000,0.000000000000,0.000114780664
854,0.000000000000,0.000000000000,0.000483433247,0.000000000000,0.000000000000,0.000488313411,0.000000000000,0.000000000000,0.000489341401,0.000000000000,0.000000000000,0.000388906782,0.000000000000,0.000000000000,0.000402094047,0.000000000000,0.000000000000,0.000395834745,0.000000000000,0.000000000000,0.000259072117,0.000000000000,0.000000000000,0.000269055973,0.000000000000,0.000000000000,0.000255697781,0.000000000000,0.000000000000,0.000162278135,0.000000000000,0.000000000000,0.000180288528,0.000000000000,0.000000000000,0.000168360864,0.000000000000,0.000000000000,0.000136262354,0.000000000000,0.000000000000,0.000153025925,0.000000000000,0.000000000000,0.000114985774
855,0.000000000000,0.000000000000,0.000483433247,0.000000000000,0.000000000000,0.000488313411,0.000000000000,0.000000000000,0.000489341401,0.000000000000,0.000000000000,0.000388906782,0.000000000000,0.000000000000,0.000402094047,0.000000000000,0.000000000000,0.000395834745,0.000000000000,0.000000000000,0.000259072117,0.000000000000,0.000000000000,0.000269055973,0.000000000000,0.000000000000,0.000255697781,0.000000000000,0.000000000000,0.000162314242,0.000000000000,0.000000000000,0.000180307822,0.000000000000,0.000000000000,0.000168360864,0.000000000000,0.000000000000,0.000136264794,0.000000000000,0.000000000000,0.000153038377,0.000000000000,0.000000000000,0.000115061691
856,0.000000000000,0.000000000000,0.000483433247,0.000000000000,0.000000000000,0.000488313411,0.000000000000,0.000000000000,0.000489341401,0.000000000000,0.000000000000,0.000388906782,0.000000000000,0.000000000000,0.000402094047,0.000000000000,0.000000000000,0.000395834745,0.000000000000,0.000000000000,0.000259120448,0.000000000000,0.000000000000,0.000269055973,0.000000000000,0.000000000000,0.000255697781,0.000000000000,0.000000000000,0.000162324927,0.000000000000,0.000000000000,0.000180307822,0.000000000000,0.000000000000,0.000168360864,0.000000000000,0.000000000000,0.000136291644,0.000000000000,0.000000000000,0.000153131711,0.000000000000,0.000000000000,0.000115061691
857,0.000000000000,0.000000000000,0.000483433247,0.000000000000,0.000000000000,0.000488313411,0.000000000000,0.000000000000,0.000489341401,0.000000000000,0.000000000000,0.000388906782,0.000000000000,0.000000000000,0.000402094047,0.000000000000,0.000000000000,0.000395834745,0.000000000000,0.000000000000,0.000259120448,0.000000000000,0.000000000000,0.000269055973,0.000000000000,0.000000000000,0.000255697781,0.000000000000,0.000000000000,0.000162334279,0.000000000000,0.000000000000,0.000180307891,0.000000000000,0.000000000000,0.000168424012,0.000000000000,0.000000000000,0.000136477437,0.000000000000,0.000000000000,0.000153402693,0.000000000000,0.000000000000,0.000115077977
858,0.000000000000,0.000000000000,0.000483433247,0.000000000000,0.000000000000,0.000488313411,0.000000000000,0.000000000000,0.000489341401,0.000000000000,0.000000000000,0.000388906782,0.000000000000,0.000000000000,0.000402094047,0.000000000000,0.000000000000,0.000395834745,0.000000000000,0.000000000000,0.000259120448,0.000000000000,0.000000000000,0.000269063852,0.000000000000,0.000000000000,0.000255697781,0.000000000000,0.000000000000,0.000162334279,0.000000000000,0.000000000000,0.000180326852,0.000000000000,0.000000000000,0.000168463485,0.000000000000,0.000000000000,0.000136507644,0.000000000000,0.000000000000,0.000153542787,0.000000000000,0.000000000000,0.000115080589
859,0.000000000000,0.000000000000,0.000483433247,0.000000000000,0.000000000000,0.000488313411,0.000000000000,0.000000000000,0.000489341401,0.000000000000,0.000000000000,0.000388906782,0.000000000000,0.000000000000,0.000402094047,0.000000000000,0.000000000000,0.000395834745,0.000000000000,0.000000000000,0.000259120448,0.000000000000,0.000000000000,0.000269063852,0.000000000000,0.000000000000,0.000255697781,0.000000000000,0.000000000000,0.000162339042,0.000000000000,0.000000000000,0.000180462023,0.000000000000,0.000000000000,0.000168482635,0.000000000000,0.000000000000,0.000136507644,0.000000000000,0.000000000000,0.000153561298,0.000000000000,0.000000000000,0.000115199052
860,0.000000000000,0.000000000000,0.000483433247,0.000000000000,0.000000000000,0.000488313411,0.000000000000,0.000000000000,0.000489341401,0.000000000000,0.000000000000,0.000388906782,0.000000000000,0.000000000000,0.000402094047,0.000000000000,0.000000000000,0.000395834745,0.000000000000,0.000000000000,0.000259120448,0.000000000000,0.000000000000,0.000269063852,0.000000000000,0.000000000000,0.000255697781,0.000000000000,0.000000000000,0.000162343450,0.000000000000,0.000000000000,0.000180462023,0.000000000000,0.000000000000,0.000168482635,0.000000000000,0.000000000000,0.000136546054,0.000000000000,0.000000000000,0.000153563860,0.000000000000,0.000000000000,0.000115259007
861,0.000000000000,0.000000000000,0.000483433247,0.000000000000,0.000000000000,0.000488313411,0.000000000000,0.000000000000,0.000489341401,0.000000000000,0.000000000000,0.000388906782,0.000000000000,0.000000000000,0.000402094047,0.000000000000,0.000000000000,0.000395834745,0.000000000000,0.000000000000,0.000259439075,0.000000000000,0.000000000000,0.000269067716,0.000000000000,0.000000000000,0.000255697781,0.000000000000,0.000000000000,0.000162343450,0.000000000000,0.000000000000,0.000180502003,0.000000000000,0.000000000000,0.000168490770,0.000000000000,0.000000000000,0.000136546054,0.000000000000,0.000000000000,0.000153783206,0.000000000000,0.000000000000,0.000115289923
862,0.000000000000,0.000000000000,0.000483433247,0.000000000000,0.000000000000,0.000488313411,0.000000000000,0.000000000000,0.000489341401,0.000000000000,0.000000000000,0.000388906782,0.000000000000,0.000000000000,0.000402094047,0.000000000000,0.000000000000,0.000395834745,0.000000000000,0.000000000000,0.000259439075,0.000000000000,0.000000000000,0.000269067716,0.000000000000,0.000000000000,0.000255697781,0.000000000000,0.000000000000,0.000162343450,0.000000000000,0.000000000000,0.000180502003,0.000000000000,0.000000000000,0.000168490770,0.000000000000,0.000000000000,0.000136608365,0.000000000000,0.000000000000,0.000153789889,0.000000000000,0.000000000000,0.000115525746
863,0.000000000000,0.000000000000,0.000483433247,0.000000000000,0.000000000000,0.000488313411,0.000000000000,0.000000000000,0.000489341401,0.000000000000,0.000000000000,0.000388906782,0.000000000000,0.000000000000,0.000402094047,0.000000000000,0.000000000000,0.000395858606,0.000000000000,0.000000000000,0.000259440425,0.000000000000,0.000000000000,0.000269067716,0.000000000000,0.000000000000,0.000255697781,0.000000000000,0.000000000000,0.000162468027,0.000000000000,0.000000000000,0.000180504515,0.000000000000,0.000000000000,0.000168610884,0.000000000000,0.000000000000,0.000136624790,0.000000000000,0.000000000000,0.000153858674,0.000000000000,0.000000000000,0.000115525746
864,0.000000000000,0.000000000000,0.000483433247,0.000000000000,0.000000000000,0.000488313411,0.000000000000,0.000000000000,0.000489341401,0.000000000000,0.000000000000,0.000388906782,0.000000000000,0.000000000000,0.000402094047,0.000000000000,0.000000000000,0.000395897255,0.000000000000,0.000000000000,0.000260227944,0.000000000000,0.000000000000,0.000269097317,0.000000000000,0.000000000000,0.000255697781,0.000000000000,0.000000000000,0.000162468027,0.000000000000,0.000000000000,0.000180568507,0.000000000000,0.000000000000,0.000168611838,0.000000000000,0.000000000000,0.000136624790,0.000000000000,0.000000000000,0.000153858674,0.000000000000,0.000000000000,0.000115537943
865,0.000000000000,0.000000000000,0.000483433247,0.000000000000,0.000000000000,0.000488313411,0.000000000000,0.000000000000,0.000489341401,0.000000000000,0.000000000000,0.000388906782,0.000000000000,0.000000000000,0.000402094047,0.000000000000,0.000000000000,0.000395897255,0.000000000000,0.000000000000,0.000260394014,0.000000000000,0.000000000000,0.000269097317,0.000000000000,0.000000000000,0.000255697781,0.000000000000,0.000000000000,0.000162591412,0.000000000000,0.000000000000,0.000180568507,0.000000000000,0.000000000000,0.000168689376,0.000000000000,0.000000000000,0.000136673883,0.000000000000,0.000000000000,0.000153886038,0.000000000000,0.000000000000,0.000115537943
866,0.000000000000,0.000000000000,0.000483433247,0.000000000000,0.000000000000,0.000488313411,0.000000000000,0.000000000000,0.000489341401,0.000000000000,0.000000000000,0.000389164088,0.000000000000,0.000000000000,0.000402094047,0.000000000000,0.000000000000,0.000395897255,0.000000000000,0.000000000000,0.000260394014,0.000000000000,0.000000000000,0.000269097317,0.000000000000,0.000000000000,0.000255800406,0.000000000000,0.000000000000,0.000162780105,0.000000000000,0.000000000000,0.000180568507,0.000000000000,0.000000000000,0.000168689376,0.000000000000,0.000000000000,0.000136709399,0.000000000000,0.000000000000,0.000153905297,0.000000000000,0.000000000000,0.000115730460
867,0.000000000000,0.000000000000,0.000483433247,0.000000000000,0.000000000000,0.000488313411,0.000000000000,0.000000000000,0.000489341401,0.000000000000,0.000000000000,0.000389164088,0.000000000000,0.000000000000,0.000402094047,0.000000000000,0.000000000000,0.000395897255,0.000000000000,0.000000000000,0.000260552258,0.000000000000,0.000000000000,0.000269097317,0.000000000000,0.000000000000,0.000255800406,0.000000000000,0.000000000000,0.000162780105,0.000000000000,0.000000000000,0.000180568507,0.000000000000,0.000000000000,0.000168690774,0.000000000000,0.000000000000,0.000136733097,0.000000000000,0.000000000000,0.000153906385,0.000000000000,0.000000000000,0.000115742950
868,0.000000000000,0.000000000000,0.000483433247,0.000000000000,0.000000000000,0.000488313411,0.000000000000,0.000000000000,0.000489341401,0.000000000000,0.000000000000,0.000389164088,0.000000000000,0.000000000000,0.000402094047,0.000000000000,0.000000000000,0.000395897255,0.000000000000,0.000000000000,0.000260936907,0.000000000000,0.000000000000,0.000269097317,0.000000000000,0.000000000000,0.000255800406,0.000000000000,0.000000000000,0.000162881502,0.000000000000,0.000000000000,0.000180568507,0.000000000000,0.000000000000,0.000168705148,0.000000000000,0.000000000000,0.000136739826,0.000000000000,0.000000000000,0.000153906385,0.000000000000,0.000000000000,0.000115754164
869,0.000000000000,0.000000000000,0.000483433247,0.000000000000,0.000000000000,0.000488313411,0.000000000000,0.000000000000,0.000489341401,0.000000000000,0.000000000000,0.000389164088,0.000000000000,0.000000000000,0.000402094047,0.000000000000,0.000000000000,0.000395897255,0.000000000000,0.000000000000,0.000260936907,0.000000000000,0.000000000000,0.000269097317,0.000000000000,0.000000000000,0.000255800406,0.000000000000,0.000000000000,0.000162881502,0.000000000000,0.000000000000,0.000180568507,0.000000000000,0.000000000000,0.000168709409,0.000000000000,0.000000000000,0.000136793719,0.000000000000,0.000000000000,0.000153929436,0.000000000000,0.000000000000,0.000115866995
870,0.000000000000,0.000000000000,0.000483433247,0.000000000000,0.000000000000,0.000488313411,0.000000000000,0.000000000000,0.000489341401,0.000000000000,0.000000000000,0.000389164088,0.000000000000,0.000000000000,0.000402094047,0.000000000000,0.000000000000,0.000395897255,0.000000000000,0.000000000000,0.000260936907,0.000000000000,0.000000000000,0.000269097317,0.000000000000,0.000000000000,0.000255882660,0.000000000000,0.000000000000,0.000162898833,0.000000000000,0.000000000000,0.000180614229,0.000000000000,0.000000000000,0.000168761222,0.000000000000,0.000000000000,0.000136839507,0.000000000000,0.000000000000,0.000153941200,0.000000000000,0.000000000000,0.000115872008
871,0.000000000000,0.000000000000,0.000483433247,0.000000000000,0.000000000000,0.000488313411,0.000000000000,0.000000000000,0.000489341401,0.000000000000,0.000000000000,0.000389164088,0.000000000000,0.000000000000,0.000402094047,0.000000000000,0.000000000000,0.000395897255,0.000000000000,0.000000000000,0.000260962003,0.000000000000,0.000000000000,0.000269145250,0.000000000000,0.000000000000,0.000255882660,0.000000000000,0.000000000000,0.000162980000,0.000000000000,0.000000000000,0.000180616186,0.000000000000,0.000000000000,0.000168793926,0.000000000000,0.000000000000,0.000136906718,0.000000000000,0.000000000000,0.000153941200,0.000000000000,0.000000000000,0.000115910926
872,0.000000000000,0.000000000000,0.000483433247,0.000000000000,0.000000000000,0.000488313411,0.000000000000,0.000000000000,0.000489341401,0.000000000000,0.000000000000,0.000389164088,0.000000000000,0.000000000000,0.000402094047,0.000000000000,0.000000000000,0.000395897255,0.000000000000,0.000000000000,0.000260972272,0.000000000000,0.000000000000,0.000269158552,0.000000000000,0.000000000000,0.000255884003,0.000000000000,0.000000000000,0.000162980000,0.000000000000,0.000000000000,0.000180634200,0.000000000000,0.000000000000,0.000168826381,0.000000000000,0.000000000000,0.000136906718,0.000000000000,0.000000000000,0.000153941200,0.000000000000,0.000000000000,0.000115967940
873,0.000000000000,0.000000000000,0.000483433247,0.000000000000,0.000000000000,0.000488313411,0.000000000000,0.000000000000,0.000489341401,0.000000000000,0.000000000000,0.000389164088,0.000000000000,0.000000000000,0.000402094047,0.000000000000,0.000000000000,0.000395897255,0.000000000000,0.000000000000,0.000260991678,0.000000000000,0.000000000000,0.000269158552,0.000000000000,0.000000000000,0.000255884003,0.000000000000,0.000000000000,0.000162992234,0.000000000000,0.000000000000,0.000180634200,0.000000000000,0.000000000000,0.000168841170,0.000000000000,0.000000000000,0.000136906718,0.000000000000,0.000000000000,0.000154000059,0.000000000000,0.000000000000,0.000115972387
874,0.000000000000,0.000000000000,0.000483433247,0.000000000000,0.000000000000,0.000488313411,0.000000000000,0.000000000000,0.000489341401,0.000000000000,0.000000000000,0.000389164088,0.000000000000,0.000000000000,0.000402094047,0.000000000000,0.000000000000,0.000395897255,0.000000000000,0.000000000000,0.000261004296,0.000000000000,0.000000000000,0.000269664121,0.000000000000,0.000000000000,0.000256366595,0.000000000000,0.000000000000,0.000163102845,0.000000000000,0.000000000000,0.000180661681,0.000000000000,0.000000000000,0.000168842245,0.000000000000,0.000000000000,0.000136923852,0.000000000000,0.000000000000,0.000154002371,0.000000000000,0.000000000000,0.000116016005
875,0.000000000000,0.000000000000,0.000483433247,0.000000000000,0.000000000000,0.000488313411,0.000000000000,0.000000000000,0.000489341401,0.000000000000,0.000000000000,0.000389167450,0.000000000000,0.000000000000,0.000402094047,0.000000000000,0.000000000000,0.000395897255,0.000000000000,0.000000000000,0.000261004296,0.000000000000,0.000000000000,0.000269664121,0.000000000000,0.000000000000,0.000256383915,0.000000000000,0.000000000000,0.000163102845,0.000000000000,0.000000000000,0.000180712999,0.000000000000,0.000000000000,0.000168845118,0.000000000000,0.000000000000,0.000136931063,0.000000000000,0.000000000000,0.000154332038,0.000000000000,0.000000000000,0.000116114150
876,0.000000000000,0.000000000000,0.000483433247,0.000000000000,0.000000000000,0.000488313411,0.000000000000,0.000000000000,0.000489341401,0.000000000000,0.000000000000,0.000389621399,0.000000000000,0.000000000000,0.000402094047,0.000000000000,0.000000000000,0.000395897255,0.000000000000,0.000000000000,0.000261008856,0.000000000000,0.000000000000,0.000269664121,0.000000000000,0.000000000000,0.000256383915,0.000000000000,0.000000000000,0.000163127406,0.000000000000,0.000000000000,0.000180712999,0.000000000000,0.000000000000,0.000168850300,0.000000000000,0.000000000000,0.000136931063,0.000000000000,0.000000000000,0.000154390718,0.000000000000,0.000000000000,0.000116125602
877,0.000000000000,0.000000000000,0.000483433247,0.000000000000,0.000000000000,0.000488313411,0.000000000000,0.000000000000,0.000489341401,0.000000000000,0.000000000000,0.000389621399,0.000000000000,0.000000000000,0.000402094047,0.000000000000,0.000000000000,0.000395897255,0.000000000000,0.000000000000,0.000261008856,0.000000000000,0.000000000000,0.000269664121,0.000000000000,0.000000000000,0.000256383915,0.000000000000,0.000000000000,0.000163180944,0.000000000000,0.000000000000,0.000180774553,0.000000000000,0.000000000000,0.000168859249,0.000000000000,0.000000000000,0.000136931063,0.000000000000,0.000000000000,0.000154515162,0.000000000000,0.000000000000,0.000116206480
878,0.000000000000,0.000000000000,0.000483433247,0.000000000000,0.000000000000,0.000488313411,0.000000000000,0.000000000000,0.000489341401,0.000000000000,0.000000000000,0.000389621399,0.000000000000,0.000000000000,0.000402094047,0.000000000000,0.000000000000,0.000395897255,0.000000000000,0.000000000000,0.000261028374,0.000000000000,0.000000000000,0.000269664121,0.000000000000,0.000000000000,0.000256383915,0.000000000000,0.000000000000,0.000163248066,0.000000000000,0.000000000000,0.000180874310,0.000000000000,0.000000000000,0.000168868773,0.000000000000,0.000000000000,0.000136999982,0.000000000000,0.000000000000,0.000154515162,0.000000000000,0.000000000000,0.000116249629
879,0.000000000000,0.000000000000,0.000483433247,0.000000000000,0.000000000000,0.000488313411,0.000000000000,0.000000000000,0.000489341401,0.000000000000,0.000000000000,0.000389621399,0.000000000000,0.000000000000,0.000402094047,0.000000000000,0.000000000000,0.000395897255,0.000000000000,0.000000000000,0.000261028374,0.000000000000,0.000000000000,0.000269664121,0.000000000000,0.000000000000,0.000256385281,0.000000000000,0.000000000000,0.000163248066,0.000000000000,0.000000000000,0.000180877620,0.000000000000,0.000000000000,0.000168901023,0.000000000000,0.000000000000,0.000137068106,0.000000000000,0.000000000000,0.000154521685,0.000000000000,0.000000000000,0.000116256435
880,0.000000000000,0.000000000000,0.000483433247,0.000000000000,0.000000000000,0.000488313411,0.000000000000,0.000000000000,0.000489341401,0.000000000000,0.000000000000,0.000389621399,0.000000000000,0.000000000000,0.000402094047,0.000000000000,0.000000000000,0.000395897255,0.000000000000,0.000000000000,0.000261080424,0.000000000000,0.000000000000,0.000269664121,0.000000000000,0.000000000000,0.000256385577,0.000000000000,0.000000000000,0.000163258960,0.000000000000,0.000000000000,0.000180878196,0.000000000000,0.000000000000,0.000168901023,0.000000000000,0.000000000000,0.000137079925,0.000000000000,0.000000000000,0.000154535048,0.000000000000,0.000000000000,0.000116256435
881,0.000000000000,0.000000000000,0.000483433247,0.000000000000,0.000000000000,0.000488313411,0.000000000000,0.000000000000,0.000489341401,0.000000000000,0.000000000000,0.000389621399,0.000000000000,0.000000000000,0.000402094047,0.000000000000,0.000000000000,0.000395897255,0.000000000000,0.000000000000,0.000261080424,0.000000000000,0.000000000000,0.000269664121,0.000000000000,0.000000000000,0.000256393022,0.000000000000,0.000000000000,0.000163445428,0.000000000000,0.000000000000,0.000180900012,0.000000000000,0.000000000000,0.000168901023,0.000000000000,0.000000000000,0.000137116185,0.000000000000,0.000000000000,0.000154535048,0.000000000000,0.000000000000,0.000116387493
882,0.000000000000,0.000000000000,0.000483433247,0.000000000000,0.000000000000,0.000488313411,0.000000000000,0.000000000000,0.000489341401,0.000000000000,0.000000000000,0.000390053601,0.000000000000,0.000000000000,0.000402094047,0.000000000000,0.000000000000,0.000395897255,0.000000000000,0.000000000000,0.000261080424,0.000000000000,0.000000000000,0.000269664121,0.000000000000,0.000000000000,0.000256467988,0.000000000000,0.000000000000,0.000163500175,0.000000000000,0.000000000000,0.000180900012,0.000000000000,0.000000000000,0.000168901767,0.000000000000,0.000000000000,0.000137116185,0.000000000000,0.000000000000,0.000154595876,0.000000000000,0.000000000000,0.000116387493
883,0.000000000000,0.000000000000,0.000483433247,0.000000000000,0.000000000000,0.000488313411,0.000000000000,0.000000000000,0.000489341401,0.000000000000,0.000000000000,0.000390053601,0.000000000000,0.000000000000,0.000402094047,0.000000000000,0.000000000000,0.000395897255,0.000000000000,0.000000000000,0.000261080424,0.000000000000,0.000000000000,0.000269664121,0.000000000000,0.000000000000,0.000256695047,0.000000000000,0.000000000000,0.000163508405,0.000000000000,0.000000000000,0.000180903260,0.000000000000,0.000000000000,0.000168912886,0.000000000000,0.000000000000,0.000137116185,0.000000000000,0.000000000000,0.000154699515,0.000000000000,0.000000000000,0.000116416361
884,0.000000000000,0.000000000000,0.000483433247,0.000000000000,0.000000000000,0.000488313411,0.000000000000,0.000000000000,0.000489341401,0.000000000000,0.000000000000,0.000390053601,0.000000000000,0.000000000000,0.000402094047,0.000000000000,0.000000000000,0.000395897255,0.000000000000,0.000000000000,0.000261081793,0.000000000000,0.000000000000,0.000269664121,0.000000000000,0.000000000000,0.000256695047,0.000000000000,0.000000000000,0.000163550146,0.000000000000,0.000000000000,0.000180935153,0.000000000000,0.000000000000,0.000168912886,0.000000000000,0.000000000000,0.000137158572,0.000000000000,0.000000000000,0.000154699515,0.000000000000,0.000000000000,0.000116647889
885,0.000000000000,0.000000000000,0.000483433247,0.000000000000,0.000000000000,0.000488313411,0.000000000000,0.000000000000,0.000489341401,0.000000000000,0.000000000000,0.000390053601,0.000000000000,0.000000000000,0.000402094047,0.000000000000,0.000000000000,0.000395897255,0.000000000000,0.000000000000,0.000261081793,0.000000000000,0.000000000000,0.000269664121,0.000000000000,0.000000000000,0.000256695047,0.000000000000,0.000000000000,0.000163563367,0.000000000000,0.000000000000,0.000180971957,0.000000000000,0.000000000000,0.000168961799,0.000000000000,0.000000000000,0.000137158572,0.000000000000,0.000000000000,0.000154731373,0.000000000000,0.000000000000,0.000116647889
886,0.000000000000,0.000000000000,0.000483433247,0.000000000000,0.000000000000,0.000488313411,0.000000000000,0.000000000000,0.000489341401,0.000000000000,0.000000000000,0.000390053601,0.000000000000,0.000000000000,0.000402094047,0.000000000000,0.000000000000,0.000395897255,0.000000000000,0.000000000000,0.000261493004,0.000000000000,0.000000000000,0.000269664121,0.000000000000,0.000000000000,0.000256695047,0.000000000000,0.000000000000,0.000163570962,0.000000000000,0.000000000000,0.000181036585,0.000000000000,0.000000000000,0.000168961799,0.000000000000,0.000000000000,0.000137158572,0.000000000000,0.000000000000,0.000154762038,0.000000000000,0.000000000000,0.000116664359
887,0.000000000000,0.000000000000,0.000483433247,0.000000000000,0.000000000000,0.000488313411,0.000000000000,0.000000000000,0.000489341401,0.000000000000,0.000000000000,0.000390053601,0.000000000000,0.000000000000,0.000402094047,0.000000000000,0.000000000000,0.000395921335,0.000000000000,0.000000000000,0.000262182135,0.000000000000,0.000000000000,0.000269664121,0.000000000000,0.000000000000,0.000256695047,0.000000000000,0.000000000000,0.000163646802,0.000000000000,0.000000000000,0.000181036585,0.000000000000,0.000000000000,0.000168961799,0.000000000000,0.000000000000,0.000137159410,0.000000000000,0.000000000000,0.000154762038,0.000000000000,0.000000000000,0.000116685564
888,0.000000000000,0.000000000000,0.000483433247,0.000000000000,0.000000000000,0.000488313411,0.000000000000,0.000000000000,0.000489341401,0.000000000000,0.000000000000,0.000390053601,0.000000000000,0.000000000000,0.000402094047,0.000000000000,0.000000000000,0.000395921335,0.000000000000,0.000000000000,0.000262182135,0.000000000000,0.000000000000,0.000269664121,0.000000000000,0.000000000000,0.000256695047,0.000000000000,0.000000000000,0.000163646802,0.000000000000,0.000000000000,0.000181096582,0.000000000000,0.000000000000,0.000168961799,0.000000000000,0.000000000000,0.000137234763,0.000000000000,0.000000000000,0.000154771634,0.000000000000,0.000000000000,0.000116767317
889,0.000000000000,0.000000000000,0.000483433247,0.000000000000,0.000000000000,0.000488313411,0.000000000000,0.000000000000,0.000489341401,0.000000000000,0.000000000000,0.000390053601,0.000000000000,0.000000000000,0.000402094047,0.000000000000,0.000000000000,0.000395921335,0.000000000000,0.000000000000,0.000262234794,0.000000000000,0.000000000000,0.000269664121,0.000000000000,0.000000000000,0.000256695047,0.000000000000,0.000000000000,0.000163646802,0.000000000000,0.000000000000,0.000181096582,0.000000000000,0.000000000000,0.000168961799,0.000000000000,0.000000000000,0.000137256155,0.000000000000,0.000000000000,0.000154785805,0.000000000000,0.000000000000,0.000116831080
890,0.000000000000,0.000000000000,0.000483433247,0.000000000000,0.000000000000,0.000488313411,0.000000000000,0.000000000000,0.000489341401,0.000000000000,0.000000000000,0.000390053601,0.000000000000,0.000000000000,0.000402094047,0.000000000000,0.000000000000,0.000395921335,0.000000000000,0.000000000000,0.000263448443,0.000000000000,0.000000000000,0.000269664121,0.000000000000,0.000000000000,0.000256889049,0.000000000000,0.000000000000,0.000163671239,0.000000000000,0.000000000000,0.000181096582,0.000000000000,0.000000000000,0.000168961799,0.000000000000,0.000000000000,0.000137256155,0.000000000000,0.000000000000,0.000154790581,0.000000000000,0.000000000000,0.000116857262
891,0.000000000000,0.000000000000,0.000483433247,0.000000000000,0.000000000000,0.000488313411,0.000000000000,0.000000000000,0.000489341401,0.000000000000,0.000000000000,0.000390053601,0.000000000000,0.000000000000,0.000402094047,0.000000000000,0.000000000000,0.000395921335,0.000000000000,0.000000000000,0.000263557442,0.000000000000,0.000000000000,0.000269664121,0.000000000000,0.000000000000,0.000256889049,0.000000000000,0.000000000000,0.000163671239,0.000000000000,0.000000000000,0.000181096582,0.000000000000,0.000000000000,0.000168995371,0.000000000000,0.000000000000,0.000137614363,0.000000000000,0.000000000000,0.000154790581,0.000000000000,0.000000000000,0.000116864144
892,0.000000000000,0.000000000000,0.000483433247,0.000000000000,0.000000000000,0.000488313411,0.000000000000,0.000000000000,0.000489341401,0.000000000000,0.000000000000,0.000390053601,0.000000000000,0.000000000000,0.000402094047,0.000000000000,0.000000000000,0.000395921335,0.000000000000,0.000000000000,0.000263557442,0.000000000000,0.000000000000,0.000269664121,0.000000000000,0.000000000000,0.000257143393,0.000000000000,0.000000000000,0.000163678231,0.000000000000,0.000000000000,0.000181294477,0.000000000000,0.000000000000,0.000169057618,0.000000000000,0.000000000000,0.000137648464,0.000000000000,0.000000000000,0.000154790581,0.000000000000,0.000000000000,0.000116892497
893,0.000000000000,0.000000000000,0.000483433247,0.000000000000,0.000000000000,0.000488313411,0.000000000000,0.000000000000,0.000489341401,0.000000000000,0.000000000000,0.000390053601,0.000000000000,0.000000000000,0.000402094047,0.000000000000,0.000000000000,0.000395921335,0.000000000000,0.000000000000,0.000263805148,0.000000000000,0.000000000000,0.000269664121,0.000000000000,0.000000000000,0.000257143393,0.000000000000,0.000000000000,0.000163972181,0.000000000000,0.000000000000,0.000181296189,0.000000000000,0.000000000000,0.000169065202,0.000000000000,0.000000000000,0.000137684869,0.000000000000,0.000000000000,0.000154863490,0.000000000000,0.000000000000,0.000116917842
894,0.000000000000,0.000000000000,0.000483433247,0.000000000000,0.000000000000,0.000488313411,0.000000000000,0.000000000000,0.000489341401,0.000000000000,0.000000000000,0.000390053601,0.000000000000,0.000000000000,0.000402094047,0.000000000000,0.000000000000,0.000395921335,0.000000000000,0.000000000000,0.000263805148,0.000000000000,0.000000000000,0.000269664121,0.000000000000,0.000000000000,0.000257143393,0.000000000000,0.000000000000,0.000164236143,0.000000000000,0.000000000000,0.000181296189,0.000000000000,0.000000000000,0.000169065202,0.000000000000,0.000000000000,0.000137735219,0.000000000000,0.000000000000,0.000154873135,0.000000000000,0.000000000000,0.000116924901
895,0.000000000000,0.000000000000,0.000483433247,0.000000000000,0.000000000000,0.000488313411,0.000000000000,0.000000000000,0.000489341401,0.000000000000,0.000000000000,0.000390053601,0.000000000000,0.000000000000,0.000402094047,0.000000000000,0.000000000000,0.000395921335,0.000000000000,0.000000000000,0.000263878006,0.000000000000,0.000000000000,0.000269664121,0.000000000000,0.000000000000,0.000257143393,0.000000000000,0.000000000000,0.000164236143,0.000000000000,0.000000000000,0.000181296189,0.000000000000,0.000000000000,0.000169095459,0.000000000000,0.000000000000,0.000137735219,0.000000000000,0.000000000000,0.000155189429,0.000000000000,0.000000000000,0.000116956756
896,0.000000000000,0.000000000000,0.000483433247,0.000000000000,0.000000000000,0.000488313411,0.000000000000,0.000000000000,0.000489341401,0.000000000000,0.000000000000,0.000390053601,0.000000000000,0.000000000000,0.000402094047,0.000000000000,0.000000000000,0.000395921335,0.000000000000,0.000000000000,0.000263878006,0.000000000000,0.000000000000,0.000269664121,0.000000000000,0.000000000000,0.000257143393,0.000000000000,0.000000000000,0.000164238958,0.000000000000,0.000000000000,0.000181304619,0.000000000000,0.000000000000,0.000169095459,0.000000000000,0.000000000000,0.000137844007,0.000000000000,0.000000000000,0.000155212292,0.000000000000,0.000000000000,0.000116974289
897,0.000000000000,0.000000000000,0.000483433247,0.000000000000,0.000000000000,0.000488313411,0.000000000000,0.000000000000,0.000489341401,0.000000000000,0.000000000000,0.000390053601,0.000000000000,0.000000000000,0.000402094047,0.000000000000,0.000000000000,0.000395921335,0.000000000000,0.000000000000,0.000263878006,0.000000000000,0.000000000000,0.000269664121,0.000000000000,0.000000000000,0.000257143393,0.000000000000,0.000000000000,0.000164243422,0.000000000000,0.000000000000,0.000181304619,0.000000000000,0.000000000000,0.000169097248,0.000000000000,0.000000000000,0.000137881246,0.000000000000,0.000000000000,0.000155295848,0.000000000000,0.000000000000,0.000117009750
898,0.000000000000,0.000000000000,0.000483433247,0.000000000000,0.000000000000,0.000488313411,0.000000000000,0.000000000000,0.000489341401,0.000000000000,0.000000000000,0.000390053601,0.000000000000,0.000000000000,0.000402094047,0.000000000000,0.000000000000,0.000395921335,0.000000000000,0.000000000000,0.000263878006,0.000000000000,0.000000000000,0.000269664121,0.000000000000,0.000000000000,0.000257766585,0.000000000000,0.000000000000,0.000164243422,0.000000000000,0.000000000000,0.000181304619,0.000000000000,0.000000000000,0.000169097248,0.000000000000,0.000000000000,0.000137882507,0.000000000000,0.000000000000,0.000155355588,0.000000000000,0.000000000000,0.000117011419
899,0.000000000000,0.000000000000,0.000483433247,0.000000000000,0.000000000000,0.000488313411,0.000000000000,0.000000000000,0.000489341401,0.000000000000,0.000000000000,0.000390053601,0.000000000000,0.000000000000,0.000402094047,0.000000000000,0.000000000000,0.000395921335,0.000000000000,0.000000000000,0.000263892653,0.000000000000,0.000000000000,0.000269664121,0.000000000000,0.000000000000,0.000257766585,0.000000000000,0.000000000000,0.000164243422,0.000000000000,0.000000000000,0.000181954326,0.000000000000,0.000000000000,0.000169097248,0.000000000000,0.000000000000,0.000137910776,0.000000000000,0.000000000000,0.000155714911,0.000000000000,0.000000000000,0.000117018053
900,0.000000000000,0.000000000000,0.000483433247,0.000000000000,0.000000000000,0.000488313411,0.000000000000,0.000000000000,0.000489341401,0.000000000000,0.000000000000,0.000390053601,0.000000000000,0.000000000000,0.000402094047,0.000000000000,0.000000000000,0.000395921335,0.000000000000,0.000000000000,0.000263892653,0.000000000000,0.000000000000,0.000269711934,0.000000000000,0.000000000000,0.000257783608,0.000000000000,0.000000000000,0.000164254241,0.000000000000,0.000000000000,0.000181954326,0.000000000000,0.000000000000,0.000169743292,0.000000000000,0.000000000000,0.000137967798,0.000000000000,0.000000000000,0.000155942617,0.000000000000,0.000000000000,0.000117033599
901,0.000000000000,0.000000000000,0.000483433247,0.000000000000,0.000000000000,0.000488313411,0.000000000000,0.000000000000,0.000489341401,0.000000000000,0.000000000000,0.000390053601,0.000000000000,0.000000000000,0.000402094047,0.000000000000,0.000000000000,0.000395921335,0.000000000000,0.000000000000,0.000263954743,0.000000000000,0.000000000000,0.000269711934,0.000000000000,0.000000000000,0.000257904558,0.000000000000,0.000000000000,0.000164268401,0.000000000000,0.000000000000,0.000181954326,0.000000000000,0.000000000000,0.000169745595,0.000000000000,0.000000000000,0.000138050670,0.000000000000,0.000000000000,0.000155942617,0.000000000000,0.000000000000,0.000117113999
902,0.000000000000,0.000000000000,0.000483433247,0.000000000000,0.000000000000,0.000488313411,0.000000000000,0.000000000000,0.000489341401,0.000000000000,0.000000000000,0.000390053601,0.000000000000,0.000000000000,0.000402094047,0.000000000000,0.000000000000,0.000395921335,0.000000000000,0.000000000000,0.000263973338,0.000000000000,0.000000000000,0.000269711934,0.000000000000,0.000000000000,0.000257953530,0.000000000000,0.000000000000,0.000164319703,0.000000000000,0.000000000000,0.000181963017,0.000000000000,0.000000000000,0.000169747771,0.000000000000,0.000000000000,0.000138099679,0.000000000000,0.000000000000,0.000155993436,0.000000000000,0.000000000000,0.000117136642
903,0.000000000000,0.000000000000,0.000483433247,0.000000000000,0.000000000000,0.000488313411,0.000000000000,0.000000000000,0.000489341401,0.000000000000,0.000000000000,0.000390053601,0.000000000000,0.000000000000,0.000402094047,0.000000000000,0.000000000000,0.000395921335,0.000000000000,0.000000000000,0.000263973338,0.000000000000,0.000000000000,0.000269711934,0.000000000000,0.000000000000,0.000257960680,0.000000000000,0.000000000000,0.000164319703,0.000000000000,0.000000000000,0.000181963017,0.000000000000,0.000000000000,0.000169748170,0.000000000000,0.000000000000,0.000138099679,0.000000000000,0.000000000000,0.000156011952,0.000000000000,0.000000000000,0.000117244418
904,0.000000000000,0.000000000000,0.000483433247,0.000000000000,0.000000000000,0.000488313411,0.000000000000,0.000000000000,0.000489341401,0.000000000000,0.000000000000,0.000390053601,0.000000000000,0.000000000000,0.000402094047,0.000000000000,0.000000000000,0.000395921335,0.000000000000,0.000000000000,0.000263973338,0.000000000000,0.000000000000,0.000269711934,0.000000000000,0.000000000000,0.000257960680,0.000000000000,0.000000000000,0.000164342030,0.000000000000,0.000000000000,0.000182029346,0.000000000000,0.000000000000,0.000169748170,0.000000000000,0.000000000000,0.000138122383,0.000000000000,0.000000000000,0.000156039385,0.000000000000,0.000000000000,0.000117303084
905,0.000000000000,0.000000000000,0.000483433247,0.000000000000,0.000000000000,0.000488313411,0.000000000000,0.000000000000,0.000489341401,0.000000000000,0.000000000000,0.000390053601,0.000000000000,0.000000000000,0.000402094047,0.000000000000,0.000000000000,0.000395921335,0.000000000000,0.000000000000,0.000264055335,0.000000000000,0.000000000000,0.000269711934,0.000000000000,0.000000000000,0.000257960680,0.000000000000,0.000000000000,0.000164383299,0.000000000000,0.000000000000,0.000182064229,0.000000000000,0.000000000000,0.000169748170,0.000000000000,0.000000000000,0.000138122383,0.000000000000,0.000000000000,0.000156050435,0.000000000000,0.000000000000,0.000117322956
906,0.000000000000,0.000000000000,0.000483433247,0.000000000000,0.000000000000,0.000488313411,0.000000000000,0.000000000000,0.000489341401,0.000000000000,0.000000000000,0.000390053601,0.000000000000,0.000000000000,0.000402094047,0.000000000000,0.000000000000,0.000395921335,0.000000000000,0.000000000000,0.000264055335,0.000000000000,0.000000000000,0.000269711934,0.000000000000,0.000000000000,0.000258369621,0.000000000000,0.000000000000,0.000164478089,0.000000000000,0.000000000000,0.000182064229,0.000000000000,0.000000000000,0.000169748170,0.000000000000,0.000000000000,0.000138138245,0.000000000000,0.000000000000,0.000156085892,0.000000000000,0.000000000000,0.000117350441
907,0.000000000000,0.000000000000,0.000483433247,0.000000000000,0.000000000000,0.000488313411,0.000000000000,0.000000000000,0.000489341401,0.000000000000,0.000000000000,0.000390053601,0.000000000000,0.000000000000,0.000402094047,0.000000000000,0.000000000000,0.000395921335,0.000000000000,0.000000000000,0.000264055335,0.000000000000,0.000000000000,0.000269711934,0.000000000000,0.000000000000,0.000258413599,0.000000000000,0.000000000000,0.000164478089,0.000000000000,0.000000000000,0.000182069624,0.000000000000,0.000000000000,0.000169757979,0.000000000000,0.000000000000,0.000138146092,0.000000000000,0.000000000000,0.000156128427,0.000000000000,0.000000000000,0.000117366552
908,0.000000000000,0.000000000000,0.000483433247,0.000000000000,0.000000000000,0.000488313411,0.000000000000,0.000000000000,0.000489341401,0.000000000000,0.000000000000,0.000390053601,0.000000000000,0.000000000000,0.000402094047,0.000000000000,0.000000000000,0.000395921335,0.000000000000,0.000000000000,0.000264080163,0.000000000000,0.000000000000,0.000269711934,0.000000000000,0.000000000000,0.000258505823,0.000000000000,0.000000000000,0.000164512993,0.000000000000,0.000000000000,0.000182090480,0.000000000000,0.000000000000,0.000169779950,0.000000000000,0.000000000000,0.000138146092,0.000000000000,0.000000000000,0.000156128427,0.000000000000,0.000000000000,0.000117366552
909,0.000000000000,0.000000000000,0.000483433247,0.000000000000,0.000000000000,0.000488313411,0.000000000000,0.000000000000,0.000489341401,0.000000000000,0.000000000000,0.000390053601,0.000000000000,0.000000000000,0.000402094047,0.000000000000,0.000000000000,0.000395921335,0.000000000000,0.000000000000,0.000264237162,0.000000000000,0.000000000000,0.000269775981,0.000000000000,0.000000000000,0.000258505823,0.000000000000,0.000000000000,0.000164573801,0.000000000000,0.000000000000,0.000182090480,0.000000000000,0.000000000000,0.000169779950,0.000000000000,0.000000000000,0.000138261645,0.000000000000,0.000000000000,0.000156130716,0.000000000000,0.000000000000,0.000117366552
910,0.000000000000,0.000000000000,0.000483433247,0.000000000000,0.000000000000,0.000488313411,0.000000000000,0.000000000000,0.000489341401,0.000000000000,0.000000000000,0.000390053601,0.000000000000,0.000000000000,0.000402094047,0.000000000000,0.000000000000,0.000395921335,0.000000000000,0.000000000000,0.000264237162,0.000000000000,0.000000000000,0.000269775981,0.000000000000,0.000000000000,0.000258585334,0.000000000000,0.000000000000,0.000164600919,0.000000000000,0.000000000000,0.000182090480,0.000000000000,0.000000000000,0.000169779950,0.000000000000,0.000000000000,0.000138297048,0.000000000000,0.000000000000,0.000156166625,0.000000000000,0.000000000000,0.000117441214
911,0.000000000000,0.000000000000,0.000483433247,0.000000000000,0.000000000000,0.000488313411,0.000000000000,0.000000000000,0.000489341401,0.000000000000,0.000000000000,0.000390053601,0.000000000000,0.000000000000,0.000402094047,0.000000000000,0.000000000000,0.000395921335,0.000000000000,0.000000000000,0.000264328470,0.000000000000,0.000000000000,0.000269775981,0.000000000000,0.000000000000,0.000258852883,0.000000000000,0.000000000000,0.000164611352,0.000000000000,0.000000000000,0.000182115143,0.000000000000,0.000000000000,0.000169945764,0.000000000000,0.000000000000,0.000138297048,0.000000000000,0.000000000000,0.000156171445,0.000000000000,0.000000000000,0.000117449550
912,0.000000000000,0.000000000000,0.000483433247,0.000000000000,0.000000000000,0.000488313411,0.000000000000,0.000000000000,0.000489341401,0.000000000000,0.000000000000,0.000390053601,0.000000000000,0.000000000000,0.000402094047,0.000000000000,0.000000000000,0.000395921335,0.000000000000,0.000000000000,0.000264328470,0.000000000000,0.000000000000,0.000269775981,0.000000000000,0.000000000000,0.000258852883,0.000000000000,0.000000000000,0.000164649595,0.000000000000,0.000000000000,0.000182115143,0.000000000000,0.000000000000,0.000169945764,0.000000000000,0.000000000000,0.000138394593,0.000000000000,0.000000000000,0.000156239742,0.000000000000,0.000000000000,0.000117449550
913,0.000000000000,0.000000000000,0.000483433247,0.000000000000,0.000000000000,0.000488313411,0.000000000000,0.000000000000,0.000489341401,0.000000000000,0.000000000000,0.000390053601,0.000000000000,0.000000000000,0.000402094047,0.000000000000,0.000000000000,0.000395921335,0.000000000000,0.000000000000,0.000264328470,0.000000000000,0.000000000000,0.000269775981,0.000000000000,0.000000000000,0.000258858489,0.000000000000,0.000000000000,0.000164649595,0.000000000000,0.000000000000,0.000182233685,0.000000000000,0.000000000000,0.000169961582,0.000000000000,0.000000000000,0.000138410640,0.000000000000,0.000000000000,0.000156239742,0.000000000000,0.000000000000,0.000117449550
914,0.000000000000,0.000000000000,0.000483433247,0.000000000000,0.000000000000,0.000488313411,0.000000000000,0.000000000000,0.000489341401,0.000000000000,0.000000000000,0.000390053601,0.000000000000,0.000000000000,0.000402094047,0.000000000000,0.000000000000,0.000395921335,0.000000000000,0.000000000000,0.000264328470,0.000000000000,0.000000000000,0.000269775981,0.000000000000,0.000000000000,0.000258858489,0.000000000000,0.000000000000,0.000164653317,0.000000000000,0.000000000000,0.000182328669,0.000000000000,0.000000000000,0.000169961582,0.000000000000,0.000000000000,0.000138429499,0.000000000000,0.000000000000,0.000156267188,0.000000000000,0.000000000000,0.000117466055
915,0.000000000000,0.000000000000,0.000483433247,0.000000000000,0.000000000000,0.000488313411,0.000000000000,0.000000000000,0.000489341401,0.000000000000,0.000000000000,0.000390053601,0.000000000000,0.000000000000,0.000402094047,0.000000000000,0.000000000000,0.000395921335,0.000000000000,0.000000000000,0.000264328470,0.000000000000,0.000000000000,0.000269778216,0.000000000000,0.000000000000,0.000258878390,0.000000000000,0.000000000000,0.000164746094,0.000000000000,0.000000000000,0.000182328669,0.000000000000,0.000000000000,0.000170006667,0.000000000000,0.000000000000,0.000138436796,0.000000000000,0.000000000000,0.000156283772,0.000000000000,0.000000000000,0.000117532399
916,0.000000000000,0.000000000000,0.000483433247,0.000000000000,0.000000000000,0.000488313411,0.000000000000,0.000000000000,0.000489341401,0.000000000000,0.000000000000,0.000390053601,0.000000000000,0.000000000000,0.000402094047,0.000000000000,0.000000000000,0.000395921335,0.000000000000,0.000000000000,0.000264328470,0.000000000000,0.000000000000,0.000269778216,0.000000000000,0.000000000000,0.000258920185,0.000000000000,0.000000000000,0.000164746094,0.000000000000,0.000000000000,0.000182328669,0.000000000000,0.000000000000,0.000170018421,0.000000000000,0.000000000000,0.000138463655,0.000000000000,0.000000000000,0.000156323426,0.000000000000,0.000000000000,0.000117532399
917,0.000000000000,0.000000000000,0.000483433247,0.000000000000,0.000000000000,0.000488313411,0.000000000000,0.000000000000,0.000489341401,0.000000000000,0.000000000000,0.000390053601,0.000000000000,0.000000000000,0.000402094047,0.000000000000,0.000000000000,0.000395921335,0.000000000000,0.000000000000,0.000264328470,0.000000000000,0.000000000000,0.000269778216,0.000000000000,0.000000000000,0.000258949138,0.000000000000,0.000000000000,0.000164754582,0.000000000000,0.000000000000,0.000182333685,0.000000000000,0.000000000000,0.000170095958,0.000000000000,0.000000000000,0.000138498505,0.000000000000,0.000000000000,0.000156360022,0.000000000000,0.000000000000,0.000117534534
918,0.000000000000,0.000000000000,0.000483433247,0.000000000000,0.000000000000,0.000488313411,0.000000000000,0.000000000000,0.000489341401,0.000000000000,0.000000000000,0.000390053601,0.000000000000,0.000000000000,0.000402094047,0.000000000000,0.000000000000,0.000395921335,0.000000000000,0.000000000000,0.000264328470,0.000000000000,0.000000000000,0.000269778216,0.000000000000,0.000000000000,0.000258949138,0.000000000000,0.000000000000,0.000164754582,0.000000000000,0.000000000000,0.000182333685,0.000000000000,0.000000000000,0.000170186659,0.000000000000,0.000000000000,0.000138498505,0.000000000000,0.000000000000,0.000156373142,0.000000000000,0.000000000000,0.000117534534
919,0.000000000000,0.000000000000,0.000483433247,0.000000000000,0.000000000000,0.000488313411,0.000000000000,0.000000000000,0.000489341401,0.000000000000,0.000000000000,0.000390053601,0.000000000000,0.000000000000,0.000402094047,0.000000000000,0.000000000000,0.000395921335,0.000000000000,0.000000000000,0.000264328470,0.000000000000,0.000000000000,0.000269778216,0.000000000000,0.000000000000,0.000258973962,0.000000000000,0.000000000000,0.000164754582,0.000000000000,0.000000000000,0.000182365918,0.000000000000,0.000000000000,0.000170186659,0.000000000000,0.000000000000,0.000138498505,0.000000000000,0.000000000000,0.000156572531,0.000000000000,0.000000000000,0.000117573959
920,0.000000000000,0.000000000000,0.000483433247,0.000000000000,0.000000000000,0.000488313411,0.000000000000,0.000000000000,0.000489341401,0.000000000000,0.000000000000,0.000390053601,0.000000000000,0.000000000000,0.000402094047,0.000000000000,0.000000000000,0.000395921335,0.000000000000,0.000000000000,0.000264328470,0.000000000000,0.000000000000,0.000269778216,0.000000000000,0.000000000000,0.000259085175,0.000000000000,0.000000000000,0.000164763507,0.000000000000,0.000000000000,0.000182365918,0.000000000000,0.000000000000,0.000170192480,0.000000000000,0.000000000000,0.000138502304,0.000000000000,0.000000000000,0.000156600620,0.000000000000,0.000000000000,0.000117573959
921,0.000000000000,0.000000000000,0.000483433247,0.000000000000,0.000000000000,0.000488313411,0.000000000000,0.000000000000,0.000489341401,0.000000000000,0.000000000000,0.000390053601,0.000000000000,0.000000000000,0.000402094047,0.000000000000,0.000000000000,0.000395921335,0.000000000000,0.000000000000,0.000264328470,0.000000000000,0.000000000000,0.000269778216,0.000000000000,0.000000000000,0.000259085175,0.000000000000,0.000000000000,0.000164811736,0.000000000000,0.000000000000,0.000182365918,0.000000000000,0.000000000000,0.000170269390,0.000000000000,0.000000000000,0.000138523197,0.000000000000,0.000000000000,0.000156629698,0.000000000000,0.000000000000,0.000117601719
922,0.000000000000,0.000000000000,0.000483433247,0.000000000000,0.000000000000,0.000488313411,0.000000000000,0.000000000000,0.000489940133,0.000000000000,0.000000000000,0.000390053601,0.000000000000,0.000000000000,0.000402094047,0.000000000000,0.000000000000,0.000395921335,0.000000000000,0.000000000000,0.000264420256,0.000000000000,0.000000000000,0.000269778216,0.000000000000,0.000000000000,0.000259085175,0.000000000000,0.000000000000,0.000164929881,0.000000000000,0.000000000000,0.000182383899,0.000000000000,0.000000000000,0.000170281378,0.000000000000,0.000000000000,0.000138589153,0.000000000000,0.000000000000,0.000156634709,0.000000000000,0.000000000000,0.000117638017
923,0.000000000000,0.000000000000,0.000483433247,0.000000000000,0.000000000000,0.000488313411,0.000000000000,0.000000000000,0.000489940133,0.000000000000,0.000000000000,0.000390053601,0.000000000000,0.000000000000,0.000402094047,0.000000000000,0.000000000000,0.000395921335,0.000000000000,0.000000000000,0.000264500661,0.000000000000,0.000000000000,0.000269778216,0.000000000000,0.000000000000,0.000259184084,0.000000000000,0.000000000000,0.000164950165,0.000000000000,0.000000000000,0.000182384004,0.000000000000,0.000000000000,0.000170293181,0.000000000000,0.000000000000,0.000138589153,0.000000000000,0.000000000000,0.000156694296,0.000000000000,0.000000000000,0.000117638017
924,0.000000000000,0.000000000000,0.000483433247,0.000000000000,0.000000000000,0.000488313411,0.000000000000,0.000000000000,0.000489940133,0.000000000000,0.000000000000,0.000390053601,0.000000000000,0.000000000000,0.000402094047,0.000000000000,0.000000000000,0.000395921335,0.000000000000,0.000000000000,0.000264728560,0.000000000000,0.000000000000,0.000269778216,0.000000000000,0.000000000000,0.000259271914,0.000000000000,0.000000000000,0.000164968476,0.000000000000,0.000000000000,0.000182384004,0.000000000000,0.000000000000,0.000170345427,0.000000000000,0.000000000000,0.000138589153,0.000000000000,0.000000000000,0.000156694296,0.000000000000,0.000000000000,0.000117673396
925,0.000000000000,0.000000000000,0.000483433247,0.000000000000,0.000000000000,0.000488313411,0.000000000000,0.000000000000,0.000489940133,0.000000000000,0.000000000000,0.000390053601,0.000000000000,0.000000000000,0.000402094047,0.000000000000,0.000000000000,0.000395921335,0.000000000000,0.000000000000,0.000264793302,0.000000000000,0.000000000000,0.000269778216,0.000000000000,0.000000000000,0.000259388378,0.000000000000,0.000000000000,0.000164968476,0.000000000000,0.000000000000,0.000182384004,0.000000000000,0.000000000000,0.000170353117,0.000000000000,0.000000000000,0.000138589153,0.000000000000,0.000000000000,0.000156694296,0.000000000000,0.000000000000,0.000117913895
926,0.000000000000,0.000000000000,0.000483433247,0.000000000000,0.000000000000,0.000488313411,0.000000000000,0.000000000000,0.000489940133,0.000000000000,0.000000000000,0.000390053601,0.000000000000,0.000000000000,0.000402094047,0.000000000000,0.000000000000,0.000395921335,0.000000000000,0.000000000000,0.000264793302,0.000000000000,0.000000000000,0.000269778216,0.000000000000,0.000000000000,0.000259388378,0.000000000000,0.000000000000,0.000164997773,0.000000000000,0.000000000000,0.000182384004,0.000000000000,0.000000000000,0.000170354498,0.000000000000,0.000000000000,0.000138662365,0.000000000000,0.000000000000,0.000156728210,0.000000000000,0.000000000000,0.000117913895
927,0.000000000000,0.000000000000,0.000483433247,0.000000000000,0.000000000000,0.000488313411,0.000000000000,0.000000000000,0.000489940133,0.000000000000,0.000000000000,0.000390107160,0.000000000000,0.000000000000,0.000402094047,0.000000000000,0.000000000000,0.000395921335,0.000000000000,0.000000000000,0.000264820180,0.000000000000,0.000000000000,0.000269778216,0.000000000000,0.000000000000,0.000259388378,0.000000000000,0.000000000000,0.000164997773,0.000000000000,0.000000000000,0.000182384004,0.000000000000,0.000000000000,0.000170372516,0.000000000000,0.000000000000,0.000138665599,0.000000000000,0.000000000000,0.000156728210,0.000000000000,0.000000000000,0.000117913895
928,0.000000000000,0.000000000000,0.000483433247,0.000000000000,0.000000000000,0.000488313411,0.000000000000,0.000000000000,0.000489940133,0.000000000000,0.000000000000,0.000390107160,0.000000000000,0.000000000000,0.000402094047,0.000000000000,0.000000000000,0.000395921335,0.000000000000,0.000000000000,0.000265083125,0.000000000000,0.000000000000,0.000269778216,0.000000000000,0.000000000000,0.000259388378,0.000000000000,0.000000000000,0.000165035991,0.000000000000,0.000000000000,0.000182545119,0.000000000000,0.000000000000,0.000170395458,0.000000000000,0.000000000000,0.000138683796,0.000000000000,0.000000000000,0.000156728210,0.000000000000,0.000000000000,0.000118081131
929,0.000000000000,0.000000000000,0.000483433247,0.000000000000,0.000000000000,0.000488313411,0.000000000000,0.000000000000,0.000489940133,0.000000000000,0.000000000000,0.000390107160,0.000000000000,0.000000000000,0.000402094047,0.000000000000,0.000000000000,0.000395921335,0.000000000000,0.000000000000,0.000265083125,0.000000000000,0.000000000000,0.000269778216,0.000000000000,0.000000000000,0.000259388378,0.000000000000,0.000000000000,0.000165065328,0.000000000000,0.000000000000,0.000182600032,0.000000000000,0.000000000000,0.000170514412,0.000000000000,0.000000000000,0.000138683796,0.000000000000,0.000000000000,0.000156757888,0.000000000000,0.000000000000,0.000118147204
930,0.000000000000,0.000000000000,0.000483433247,0.000000000000,0.000000000000,0.000488313411,0.000000000000,0.000000000000,0.000489940133,0.000000000000,0.000000000000,0.000390107160,0.000000000000,0.000000000000,0.000402094047,0.000000000000,0.000000000000,0.000395921335,0.000000000000,0.000000000000,0.000265181659,0.000000000000,0.000000000000,0.000269778216,0.000000000000,0.000000000000,0.000259395025,0.000000000000,0.000000000000,0.000165065328,0.000000000000,0.000000000000,0.000182653869,0.000000000000,0.000000000000,0.000170514412,0.000000000000,0.000000000000,0.000138910019,0.000000000000,0.000000000000,0.000156758339,0.000000000000,0.000000000000,0.000118155024
931,0.000000000000,0.000000000000,0.000483433247,0.000000000000,0.000000000000,0.000488313411,0.000000000000,0.000000000000,0.000489940133,0.000000000000,0.000000000000,0.000390291917,0.000000000000,0.000000000000,0.000402094047,0.000000000000,0.000000000000,0.000395921335,0.000000000000,0.000000000000,0.000265398492,0.000000000000,0.000000000000,0.000269826728,0.000000000000,0.000000000000,0.000259395025,0.000000000000,0.000000000000,0.000165065328,0.000000000000,0.000000000000,0.000182653869,0.000000000000,0.000000000000,0.000170532149,0.000000000000,0.000000000000,0.000138938158,0.000000000000,0.000000000000,0.000156758339,0.000000000000,0.000000000000,0.000118259086
932,0.000000000000,0.000000000000,0.000483433247,0.000000000000,0.000000000000,0.000488313411,0.000000000000,0.000000000000,0.000489940133,0.000000000000,0.000000000000,0.000390291917,0.000000000000,0.000000000000,0.000402094047,0.000000000000,0.000000000000,0.000395921335,0.000000000000,0.000000000000,0.000265398492,0.000000000000,0.000000000000,0.000269826728,0.000000000000,0.000000000000,0.000259395025,0.000000000000,0.000000000000,0.000165065328,0.000000000000,0.000000000000,0.000182703609,0.000000000000,0.000000000000,0.000170556889,0.000000000000,0.000000000000,0.000138950376,0.000000000000,0.000000000000,0.000156878748,0.000000000000,0.000000000000,0.000118316728
933,0.000000000000,0.000000000000,0.000483433247,0.000000000000,0.000000000000,0.000488313411,0.000000000000,0.000000000000,0.000489940133,0.000000000000,0.000000000000,0.000390291917,0.000000000000,0.000000000000,0.000402094047,0.000000000000,0.000000000000,0.000395921335,0.000000000000,0.000000000000,0.000265623927,0.000000000000,0.000000000000,0.000269826728,0.000000000000,0.000000000000,0.000259395025,0.000000000000,0.000000000000,0.000165065328,0.000000000000,0.000000000000,0.000182703609,0.000000000000,0.000000000000,0.000170556889,0.000000000000,0.000000000000,0.000138965543,0.000000000000,0.000000000000,0.000156880998,0.000000000000,0.000000000000,0.000118316728
934,0.000000000000,0.000000000000,0.000483433247,0.000000000000,0.000000000000,0.000488313411,0.000000000000,0.000000000000,0.000489940133,0.000000000000,0.000000000000,0.000390291917,0.000000000000,0.000000000000,0.000402094047,0.000000000000,0.000000000000,0.000395921335,0.000000000000,0.000000000000,0.000265623927,0.000000000000,0.000000000000,0.000269826728,0.000000000000,0.000000000000,0.000259432081,0.000000000000,0.000000000000,0.000165065328,0.000000000000,0.000000000000,0.000182748815,0.000000000000,0.000000000000,0.000170556889,0.000000000000,0.000000000000,0.000138966329,0.000000000000,0.000000000000,0.000156880998,0.000000000000,0.000000000000,0.000118336677
935,0.000000000000,0.000000000000,0.000483433247,0.000000000000,0.000000000000,0.000488313411,0.000000000000,0.000000000000,0.000489940133,0.000000000000,0.000000000000,0.000390291917,0.000000000000,0.000000000000,0.000402094047,0.000000000000,0.000000000000,0.000395921335,0.000000000000,0.000000000000,0.000265623927,0.000000000000,0.000000000000,0.000269826728,0.000000000000,0.000000000000,0.000259432081,0.000000000000,0.000000000000,0.000165065328,0.000000000000,0.000000000000,0.000182748815,0.000000000000,0.000000000000,0.000170578899,0.000000000000,0.000000000000,0.000139015536,0.000000000000,0.000000000000,0.000156945617,0.000000000000,0.000000000000,0.000118365735
936,0.000000000000,0.000000000000,0.000483433247,0.000000000000,0.000000000000,0.000488313411,0.000000000000,0.000000000000,0.000489940133,0.000000000000,0.000000000000,0.000390349630,0.000000000000,0.000000000000,0.000402094047,0.000000000000,0.000000000000,0.000395921335,0.000000000000,0.000000000000,0.000265623927,0.000000000000,0.000000000000,0.000269827119,0.000000000000,0.000000000000,0.000259432081,0.000000000000,0.000000000000,0.000165065328,0.000000000000,0.000000000000,0.000182748815,0.000000000000,0.000000000000,0.000170698584,0.000000000000,0.000000000000,0.000139015536,0.000000000000,0.000000000000,0.000156953142,0.000000000000,0.000000000000,0.000118449156
937,0.000000000000,0.000000000000,0.000483433247,0.000000000000,0.000000000000,0.000488313411,0.000000000000,0.000000000000,0.000489940133,0.000000000000,0.000000000000,0.000390349630,0.000000000000,0.000000000000,0.000402094047,0.000000000000,0.000000000000,0.000395921335,0.000000000000,0.000000000000,0.000265623927,0.000000000000,0.000000000000,0.000269827119,0.000000000000,0.000000000000,0.000259432081,0.000000000000,0.000000000000,0.000165078160,0.000000000000,0.000000000000,0.000182911241,0.000000000000,0.000000000000,0.000170698584,0.000000000000,0.000000000000,0.000139038830,0.000000000000,0.000000000000,0.000157016584,0.000000000000,0.000000000000,0.000118466964
938,0.000000000000,0.000000000000,0.000483433247,0.000000000000,0.000000000000,0.000488313411,0.000000000000,0.000000000000,0.000489940133,0.000000000000,0.000000000000,0.000390349630,0.000000000000,0.000000000000,0.000402094047,0.000000000000,0.000000000000,0.000395921335,0.000000000000,0.000000000000,0.000265623927,0.000000000000,0.000000000000,0.000269827119,0.000000000000,0.000000000000,0.000259499778,0.000000000000,0.000000000000,0.000165078160,0.000000000000,0.000000000000,0.000182911241,0.000000000000,0.000000000000,0.000170744589,0.000000000000,0.000000000000,0.000139052966,0.000000000000,0.000000000000,0.000157016770,0.000000000000,0.000000000000,0.000118507998
939,0.000000000000,0.000000000000,0.000483433247,0.000000000000,0.000000000000,0.000488313411,0.000000000000,0.000000000000,0.000489940133,0.000000000000,0.000000000000,0.000390349630,0.000000000000,0.000000000000,0.000402094047,0.000000000000,0.000000000000,0.000395921335,0.000000000000,0.000000000000,0.000265623927,0.000000000000,0.000000000000,0.000269827119,0.000000000000,0.000000000000,0.000259499778,0.000000000000,0.000000000000,0.000165240419,0.000000000000,0.000000000000,0.000182928775,0.000000000000,0.000000000000,0.000170744589,0.000000000000,0.000000000000,0.000139072041,0.000000000000,0.000000000000,0.000157041444,0.000000000000,0.000000000000,0.000118509984
940,0.000000000000,0.000000000000,0.000483433247,0.000000000000,0.000000000000,0.000488313411,0.000000000000,0.000000000000,0.000489940133,0.000000000000,0.000000000000,0.000390349630,0.000000000000,0.000000000000,0.000402094047,0.000000000000,0.000000000000,0.000395921335,0.000000000000,0.000000000000,0.000265623927,0.000000000000,0.000000000000,0.000269955966,0.000000000000,0.000000000000,0.000259554910,0.000000000000,0.000000000000,0.000165246024,0.000000000000,0.000000000000,0.000182928775,0.000000000000,0.000000000000,0.000170798195,0.000000000000,0.000000000000,0.000139118048,0.000000000000,0.000000000000,0.000157103316,0.000000000000,0.000000000000,0.000118511922
941,0.000000000000,0.000000000000,0.000483433247,0.000000000000,0.000000000000,0.000488313411,0.000000000000,0.000000000000,0.000489940133,0.000000000000,0.000000000000,0.000390349630,0.000000000000,0.000000000000,0.000402094047,0.000000000000,0.000000000000,0.000395921335,0.000000000000,0.000000000000,0.000265623927,0.000000000000,0.000000000000,0.000269955966,0.000000000000,0.000000000000,0.000259554910,0.000000000000,0.000000000000,0.000165246024,0.000000000000,0.000000000000,0.000183010242,0.000000000000,0.000000000000,0.000170836486,0.000000000000,0.000000000000,0.000139194813,0.000000000000,0.000000000000,0.000157111623,0.000000000000,0.000000000000,0.000118519459
942,0.000000000000,0.000000000000,0.000483433247,0.000000000000,0.000000000000,0.000488313411,0.000000000000,0.000000000000,0.000489940133,0.000000000000,0.000000000000,0.000390349630,0.000000000000,0.000000000000,0.000402094047,0.000000000000,0.000000000000,0.000395921335,0.000000000000,0.000000000000,0.000265670112,0.000000000000,0.000000000000,0.000269955966,0.000000000000,0.000000000000,0.000259567162,0.000000000000,0.000000000000,0.000165246381,0.000000000000,0.000000000000,0.000183108575,0.000000000000,0.000000000000,0.000170836486,0.000000000000,0.000000000000,0.000139256039,0.000000000000,0.000000000000,0.000157111623,0.000000000000,0.000000000000,0.000118546907
943,0.000000000000,0.000000000000,0.000483433247,0.000000000000,0.000000000000,0.000488313411,0.000000000000,0.000000000000,0.000489940133,0.000000000000,0.000000000000,0.000390349630,0.000000000000,0.000000000000,0.000402094047,0.000000000000,0.000000000000,0.000395921335,0.000000000000,0.000000000000,0.000265670112,0.000000000000,0.000000000000,0.000269955966,0.000000000000,0.000000000000,0.000259567162,0.000000000000,0.000000000000,0.000165246381,0.000000000000,0.000000000000,0.000183119608,0.000000000000,0.000000000000,0.000170895960,0.000000000000,0.000000000000,0.000139349131,0.000000000000,0.000000000000,0.000157111623,0.000000000000,0.000000000000,0.000118627819
944,0.000000000000,0.000000000000,0.000483433247,0.000000000000,0.000000000000,0.000488313411,0.000000000000,0.000000000000,0.000489940133,0.000000000000,0.000000000000,0.000390349630,0.000000000000,0.000000000000,0.000402094047,0.000000000000,0.000000000000,0.000395921335,0.000000000000,0.000000000000,0.000265670112,0.000000000000,0.000000000000,0.000269957694,0.000000000000,0.000000000000,0.000259567162,0.000000000000,0.000000000000,0.000165246381,0.000000000000,0.000000000000,0.000183119608,0.000000000000,0.000000000000,0.000170899131,0.000000000000,0.000000000000,0.000139358605,0.000000000000,0.000000000000,0.000157124915,0.000000000000,0.000000000000,0.000118627819
945,0.000000000000,0.000000000000,0.000483433247,0.000000000000,0.000000000000,0.000488313411,0.000000000000,0.000000000000,0.000489940133,0.000000000000,0.000000000000,0.000390349630,0.000000000000,0.000000000000,0.000402094047,0.000000000000,0.000000000000,0.000395921335,0.000000000000,0.000000000000,0.000265670112,0.000000000000,0.000000000000,0.000269957694,0.000000000000,0.000000000000,0.000259567162,0.000000000000,0.000000000000,0.000165305504,0.000000000000,0.000000000000,0.000183167749,0.000000000000,0.000000000000,0.000170899131,0.000000000000,0.000000000000,0.000139358605,0.000000000000,0.000000000000,0.000157126237,0.000000000000,0.000000000000,0.000118634707
946,0.000000000000,0.000000000000,0.000483433247,0.000000000000,0.000000000000,0.000488313411,0.000000000000,0.000000000000,0.000489940133,0.000000000000,0.000000000000,0.000390349630,0.000000000000,0.000000000000,0.000402094047,0.000000000000,0.000000000000,0.000395921335,0.000000000000,0.000000000000,0.000265775281,0.000000000000,0.000000000000,0.000269957694,0.000000000000,0.000000000000,0.000259567162,0.000000000000,0.000000000000,0.000165305504,0.000000000000,0.000000000000,0.000183167749,0.000000000000,0.000000000000,0.000170962996,0.000000000000,0.000000000000,0.000139367355,0.000000000000,0.000000000000,0.000157210723,0.000000000000,0.000000000000,0.000118721125
947,0.000000000000,0.000000000000,0.000483433247,0.000000000000,0.000000000000,0.000488313411,0.000000000000,0.000000000000,0.000489940133,0.000000000000,0.000000000000,0.000390349630,0.000000000000,0.000000000000,0.000402094047,0.000000000000,0.000000000000,0.000395921335,0.000000000000,0.000000000000,0.000265817629,0.000000000000,0.000000000000,0.000269957694,0.000000000000,0.000000000000,0.000259611672,0.000000000000,0.000000000000,0.000165313151,0.000000000000,0.000000000000,0.000183167749,0.000000000000,0.000000000000,0.000170962996,0.000000000000,0.000000000000,0.000139370095,0.000000000000,0.000000000000,0.000157226981,0.000000000000,0.000000000000,0.000118728715
948,0.000000000000,0.000000000000,0.000483433247,0.000000000000,0.000000000000,0.000488313411,0.000000000000,0.000000000000,0.000489940133,0.000000000000,0.000000000000,0.000390349630,0.000000000000,0.000000000000,0.000402094047,0.000000000000,0.000000000000,0.000395921335,0.000000000000,0.000000000000,0.000265817629,0.000000000000,0.000000000000,0.000269957694,0.000000000000,0.000000000000,0.000259611672,0.000000000000,0.000000000000,0.000165367972,0.000000000000,0.000000000000,0.000183167749,0.000000000000,0.000000000000,0.000170962996,0.000000000000,0.000000000000,0.000139382327,0.000000000000,0.000000000000,0.000157339988,0.000000000000,0.000000000000,0.000118902854
949,0.000000000000,0.000000000000,0.000483433247,0.000000000000,0.000000000000,0.000488313411,0.000000000000,0.000000000000,0.000489940133,0.000000000000,0.000000000000,0.000390349630,0.000000000000,0.000000000000,0.000402094047,0.000000000000,0.000000000000,0.000395921335,0.000000000000,0.000000000000,0.000265817629,0.000000000000,0.000000000000,0.000269957694,0.000000000000,0.000000000000,0.000259613337,0.000000000000,0.000000000000,0.000165410423,0.000000000000,0.000000000000,0.000183174595,0.000000000000,0.000000000000,0.000170979950,0.000000000000,0.000000000000,0.000139402328,0.000000000000,0.000000000000,0.000157453836,0.000000000000,0.000000000000,0.000118927120
950,0.000000000000,0.000000000000,0.000483433247,0.000000000000,0.000000000000,0.000488313411,0.000000000000,0.000000000000,0.000489940133,0.000000000000,0.000000000000,0.000390349630,0.000000000000,0.000000000000,0.000402094047,0.000000000000,0.000000000000,0.000395921335,0.000000000000,0.000000000000,0.000265817629,0.000000000000,0.000000000000,0.000269957694,0.000000000000,0.000000000000,0.000259721434,0.000000000000,0.000000000000,0.000165448936,0.000000000000,0.000000000000,0.000183357486,0.000000000000,0.000000000000,0.000170989818,0.000000000000,0.000000000000,0.000139492833,0.000000000000,0.000000000000,0.000157489743,0.000000000000,0.000000000000,0.000119052728
951,0.000000000000,0.000000000000,0.000483433247,0.000000000000,0.000000000000,0.000488313411,0.000000000000,0.000000000000,0.000489940133,0.000000000000,0.000000000000,0.000390349630,0.000000000000,0.000000000000,0.000402094047,0.000000000000,0.000000000000,0.000395921335,0.000000000000,0.000000000000,0.000265824072,0.000000000000,0.000000000000,0.000269957694,0.000000000000,0.000000000000,0.000259968195,0.000000000000,0.000000000000,0.000165448936,0.000000000000,0.000000000000,0.000183357486,0.000000000000,0.000000000000,0.000171054169,0.000000000000,0.000000000000,0.000139502460,0.000000000000,0.000000000000,0.000157489743,0.000000000000,0.000000000000,0.000119093705
952,0.000000000000,0.000000000000,0.000483433247,0.000000000000,0.000000000000,0.000488313411,0.000000000000,0.000000000000,0.000489940133,0.000000000000,0.000000000000,0.000390349630,0.000000000000,0.000000000000,0.000402094047,0.000000000000,0.000000000000,0.000395921335,0.000000000000,0.000000000000,0.000265824072,0.000000000000,0.000000000000,0.000269957694,0.000000000000,0.000000000000,0.000259968195,0.000000000000,0.000000000000,0.000165448936,0.000000000000,0.000000000000,0.000183357486,0.000000000000,0.000000000000,0.000171178010,0.000000000000,0.000000000000,0.000139511950,0.000000000000,0.000000000000,0.000157662596,0.000000000000,0.000000000000,0.000119098384
953,0.000000000000,0.000000000000,0.000483433247,0.000000000000,0.000000000000,0.000488313411,0.000000000000,0.000000000000,0.000489940133,0.000000000000,0.000000000000,0.000390349630,0.000000000000,0.000000000000,0.000402094047,0.000000000000,0.000000000000,0.000395921335,0.000000000000,0.000000000000,0.000266065464,0.000000000000,0.000000000000,0.000269957694,0.000000000000,0.000000000000,0.000259968195,0.000000000000,0.000000000000,0.000165538852,0.000000000000,0.000000000000,0.000183357486,0.000000000000,0.000000000000,0.000171178010,0.000000000000,0.000000000000,0.000139511950,0.000000000000,0.000000000000,0.000157678596,0.000000000000,0.000000000000,0.000119206467
954,0.000000000000,0.000000000000,0.000483433247,0.000000000000,0.000000000000,0.000488313411,0.000000000000,0.000000000000,0.000489940133,0.000000000000,0.000000000000,0.000390349630,0.000000000000,0.000000000000,0.000402094047,0.000000000000,0.000000000000,0.000395921335,0.000000000000,0.000000000000,0.000266065464,0.000000000000,0.000000000000,0.000269957694,0.000000000000,0.000000000000,0.000260013910,0.000000000000,0.000000000000,0.000165538852,0.000000000000,0.000000000000,0.000183357486,0.000000000000,0.000000000000,0.000171178010,0.000000000000,0.000000000000,0.000139612580,0.000000000000,0.000000000000,0.000157688497,0.000000000000,0.000000000000,0.000119323201
955,0.000000000000,0.000000000000,0.000483433247,0.000000000000,0.000000000000,0.000488313411,0.000000000000,0.000000000000,0.000489940133,0.000000000000,0.000000000000,0.000390349630,0.000000000000,0.000000000000,0.000402094047,0.000000000000,0.000000000000,0.000395921335,0.000000000000,0.000000000000,0.000266065464,0.000000000000,0.000000000000,0.000269957694,0.000000000000,0.000000000000,0.000260013910,0.000000000000,0.000000000000,0.000165637594,0.000000000000,0.000000000000,0.000183443893,0.000000000000,0.000000000000,0.000171183833,0.000000000000,0.000000000000,0.000139612580,0.000000000000,0.000000000000,0.000157728547,0.000000000000,0.000000000000,0.000119326540
956,0.000000000000,0.000000000000,0.000483433247,0.000000000000,0.000000000000,0.000488313411,0.000000000000,0.000000000000,0.000489940133,0.000000000000,0.000000000000,0.000390349630,0.000000000000,0.000000000000,0.000402094047,0.000000000000,0.000000000000,0.000395921335,0.000000000000,0.000000000000,0.000266065464,0.000000000000,0.000000000000,0.000269957694,0.000000000000,0.000000000000,0.000260051325,0.000000000000,0.000000000000,0.000165641008,0.000000000000,0.000000000000,0.000183517916,0.000000000000,0.000000000000,0.000171427342,0.000000000000,0.000000000000,0.000139619487,0.000000000000,0.000000000000,0.000157728547,0.000000000000,0.000000000000,0.000119396856
957,0.000000000000,0.000000000000,0.000483433247,0.000000000000,0.000000000000,0.000488313411,0.000000000000,0.000000000000,0.000489940133,0.000000000000,0.000000000000,0.000390349630,0.000000000000,0.000000000000,0.000402094047,0.000000000000,0.000000000000,0.000395921335,0.000000000000,0.000000000000,0.000266065464,0.000000000000,0.000000000000,0.000269957694,0.000000000000,0.000000000000,0.000260051325,0.000000000000,0.000000000000,0.000165641008,0.000000000000,0.000000000000,0.000183558151,0.000000000000,0.000000000000,0.000171427342,0.000000000000,0.000000000000,0.000139619487,0.000000000000,0.000000000000,0.000157792799,0.000000000000,0.000000000000,0.000119434095
958,0.000000000000,0.000000000000,0.000483433247,0.000000000000,0.000000000000,0.000488313411,0.000000000000,0.000000000000,0.000489940133,0.000000000000,0.000000000000,0.000390349630,0.000000000000,0.000000000000,0.000402094047,0.000000000000,0.000000000000,0.000395921335,0.000000000000,0.000000000000,0.000266065464,0.000000000000,0.000000000000,0.000269957694,0.000000000000,0.000000000000,0.000260051325,0.000000000000,0.000000000000,0.000165645454,0.000000000000,0.000000000000,0.000183570405,0.000000000000,0.000000000000,0.000171970075,0.000000000000,0.000000000000,0.000139641613,0.000000000000,0.000000000000,0.000157792799,0.000000000000,0.000000000000,0.000119595868
959,0.000000000000,0.000000000000,0.000483433247,0.000000000000,0.000000000000,0.000488313411,0.000000000000,0.000000000000,0.000489940133,0.000000000000,0.000000000000,0.000390349630,0.000000000000,0.000000000000,0.000402094047,0.000000000000,0.000000000000,0.000395921335,0.000000000000,0.000000000000,0.000266065464,0.000000000000,0.000000000000,0.000269957694,0.000000000000,0.000000000000,0.000260051325,0.000000000000,0.000000000000,0.000165806137,0.000000000000,0.000000000000,0.000183615434,0.000000000000,0.000000000000,0.000171970075,0.000000000000,0.000000000000,0.000139641613,0.000000000000,0.000000000000,0.000157795763,0.000000000000,0.000000000000,0.000119595868
960,0.000000000000,0.000000000000,0.000483433247,0.000000000000,0.000000000000,0.000488313411,0.000000000000,0.000000000000,0.000489940133,0.000000000000,0.000000000000,0.000390349630,0.000000000000,0.000000000000,0.000402094047,0.000000000000,0.000000000000,0.000395921335,0.000000000000,0.000000000000,0.000266092461,0.000000000000,0.000000000000,0.000269957694,0.000000000000,0.000000000000,0.000260194330,0.000000000000,0.000000000000,0.000165880611,0.000000000000,0.000000000000,0.000183615434,0.000000000000,0.000000000000,0.000172012828,0.000000000000,0.000000000000,0.000139648948,0.000000000000,0.000000000000,0.000157902223,0.000000000000,0.000000000000,0.000119595868
961,0.000000000000,0.000000000000,0.000483433247,0.000000000000,0.000000000000,0.000488313411,0.000000000000,0.000000000000,0.000489940133,0.000000000000,0.000000000000,0.000390349630,0.000000000000,0.000000000000,0.000402094047,0.000000000000,0.000000000000,0.000395921335,0.000000000000,0.000000000000,0.000266092461,0.000000000000,0.000000000000,0.000270353385,0.000000000000,0.000000000000,0.000260194330,0.000000000000,0.000000000000,0.000165880611,0.000000000000,0.000000000000,0.000183622292,0.000000000000,0.000000000000,0.000172012828,0.000000000000,0.000000000000,0.000139678633,0.000000000000,0.000000000000,0.000157902223,0.000000000000,0.000000000000,0.000119715311
962,0.000000000000,0.000000000000,0.000483433247,0.000000000000,0.000000000000,0.000488313411,0.000000000000,0.000000000000,0.000489940133,0.000000000000,0.000000000000,0.000390349630,0.000000000000,0.000000000000,0.000402094047,0.000000000000,0.000000000000,0.000395921335,0.000000000000,0.000000000000,0.000266120550,0.000000000000,0.000000000000,0.000270353385,0.000000000000,0.000000000000,0.000260194330,0.000000000000,0.000000000000,0.000165922543,0.000000000000,0.000000000000,0.000183622292,0.000000000000,0.000000000000,0.000172096878,0.000000000000,0.000000000000,0.000139698656,0.000000000000,0.000000000000,0.000157902223,0.000000000000,0.000000000000,0.000119733748
963,0.000000000000,0.000000000000,0.000483433247,0.000000000000,0.000000000000,0.000488313411,0.000000000000,0.000000000000,0.000489940133,0.000000000000,0.000000000000,0.000390349630,0.000000000000,0.000000000000,0.000402094047,0.000000000000,0.000000000000,0.000395921335,0.000000000000,0.000000000000,0.000266152188,0.000000000000,0.000000000000,0.000270353385,0.000000000000,0.000000000000,0.000260194864,0.000000000000,0.000000000000,0.000165951295,0.000000000000,0.000000000000,0.000183625124,0.000000000000,0.000000000000,0.000172156920,0.000000000000,0.000000000000,0.000139751254,0.000000000000,0.000000000000,0.000157902305,0.000000000000,0.000000000000,0.000119776370
964,0.000000000000,0.000000000000,0.000483433247,0.000000000000,0.000000000000,0.000488313411,0.000000000000,0.000000000000,0.000489940133,0.000000000000,0.000000000000,0.000390349630,0.000000000000,0.000000000000,0.000402094047,0.000000000000,0.000000000000,0.000395921335,0.000000000000,0.000000000000,0.000266152188,0.000000000000,0.000000000000,0.000270353385,0.000000000000,0.000000000000,0.000260194864,0.000000000000,0.000000000000,0.000166012238,0.000000000000,0.000000000000,0.000183626150,0.000000000000,0.000000000000,0.000172156920,0.000000000000,0.000000000000,0.000139751254,0.000000000000,0.000000000000,0.000157956773,0.000000000000,0.000000000000,0.000119843062
965,0.000000000000,0.000000000000,0.000483433247,0.000000000000,0.000000000000,0.000488313411,0.000000000000,0.000000000000,0.000489940133,0.000000000000,0.000000000000,0.000390349630,0.000000000000,0.000000000000,0.000402094047,0.000000000000,0.000000000000,0.000395921335,0.000000000000,0.000000000000,0.000266166295,0.000000000000,0.000000000000,0.000270353385,0.000000000000,0.000000000000,0.000260556970,0.000000000000,0.000000000000,0.000166012238,0.000000000000,0.000000000000,0.000183711363,0.000000000000,0.000000000000,0.000172170356,0.000000000000,0.000000000000,0.000139820501,0.000000000000,0.000000000000,0.000157956773,0.000000000000,0.000000000000,0.000119843062
966,0.000000000000,0.000000000000,0.000483433247,0.000000000000,0.000000000000,0.000488313411,0.000000000000,0.000000000000,0.000489940133,0.000000000000,0.000000000000,0.000390349630,0.000000000000,0.000000000000,0.000402094047,0.000000000000,0.000000000000,0.000395921335,0.000000000000,0.000000000000,0.000266166295,0.000000000000,0.000000000000,0.000270353385,0.000000000000,0.000000000000,0.000260556970,0.000000000000,0.000000000000,0.000166012238,0.000000000000,0.000000000000,0.000183773168,0.000000000000,0.000000000000,0.000172249369,0.000000000000,0.000000000000,0.000139820501,0.000000000000,0.000000000000,0.000158001560,0.000000000000,0.000000000000,0.000119843062
967,0.000000000000,0.000000000000,0.000483433247,0.000000000000,0.000000000000,0.000488313411,0.000000000000,0.000000000000,0.000489940133,0.000000000000,0.000000000000,0.000390349630,0.000000000000,0.000000000000,0.000402094047,0.000000000000,0.000000000000,0.000395921335,0.000000000000,0.000000000000,0.000266229587,0.000000000000,0.000000000000,0.000270353385,0.000000000000,0.000000000000,0.000260556970,0.000000000000,0.000000000000,0.000166018895,0.000000000000,0.000000000000,0.000183773168,0.000000000000,0.000000000000,0.000172268153,0.000000000000,0.000000000000,0.000139820501,0.000000000000,0.000000000000,0.000158001560,0.000000000000,0.000000000000,0.000119853074
968,0.000000000000,0.000000000000,0.000483433247,0.000000000000,0.000000000000,0.000488313411,0.000000000000,0.000000000000,0.000489940133,0.000000000000,0.000000000000,0.000390349630,0.000000000000,0.000000000000,0.000402094047,0.000000000000,0.000000000000,0.000395921335,0.000000000000,0.000000000000,0.000266300046,0.000000000000,0.000000000000,0.000270353385,0.000000000000,0.000000000000,0.000260556970,0.000000000000,0.000000000000,0.000166018895,0.000000000000,0.000000000000,0.000184168973,0.000000000000,0.000000000000,0.000172318933,0.000000000000,0.000000000000,0.000139883360,0.000000000000,0.000000000000,0.000158007673,0.000000000000,0.000000000000,0.000119886439
969,0.000000000000,0.000000000000,0.000483433247,0.000000000000,0.000000000000,0.000488313411,0.000000000000,0.000000000000,0.000489940133,0.000000000000,0.000000000000,0.000390349630,0.000000000000,0.000000000000,0.000402094047,0.000000000000,0.000000000000,0.000395921335,0.000000000000,0.000000000000,0.000266300046,0.000000000000,0.000000000000,0.000270520213,0.000000000000,0.000000000000,0.000260816311,0.000000000000,0.000000000000,0.000166018895,0.000000000000,0.000000000000,0.000184168973,0.000000000000,0.000000000000,0.000172318933,0.000000000000,0.000000000000,0.000139890662,0.000000000000,0.000000000000,0.000158043988,0.000000000000,0.000000000000,0.000119886439
970,0.000000000000,0.000000000000,0.000483433247,0.000000000000,0.000000000000,0.000488313411,0.000000000000,0.000000000000,0.000489940133,0.000000000000,0.000000000000,0.000390349630,0.000000000000,0.000000000000,0.000402094047,0.000000000000,0.000000000000,0.000395921335,0.000000000000,0.000000000000,0.000266300046,0.000000000000,0.000000000000,0.000270520213,0.000000000000,0.000000000000,0.000260816311,0.000000000000,0.000000000000,0.000166172118,0.000000000000,0.000000000000,0.000184177913,0.000000000000,0.000000000000,0.000172348590,0.000000000000,0.000000000000,0.000139891066,0.000000000000,0.000000000000,0.000158045973,0.000000000000,0.000000000000,0.000120010797
971,0.000000000000,0.000000000000,0.000483433247,0.000000000000,0.000000000000,0.000488313411,0.000000000000,0.000000000000,0.000489940133,0.000000000000,0.000000000000,0.000390349630,0.000000000000,0.000000000000,0.000402094047,0.000000000000,0.000000000000,0.000395921335,0.000000000000,0.000000000000,0.000266322773,0.000000000000,0.000000000000,0.000271195606,0.000000000000,0.000000000000,0.000260816311,0.000000000000,0.000000000000,0.000166185396,0.000000000000,0.000000000000,0.000184187310,0.000000000000,0.000000000000,0.000172348590,0.000000000000,0.000000000000,0.000139891066,0.000000000000,0.000000000000,0.000158045973,0.000000000000,0.000000000000,0.000120029016
972,0.000000000000,0.000000000000,0.000483433247,0.000000000000,0.000000000000,0.000488313411,0.000000000000,0.000000000000,0.000489940133,0.000000000000,0.000000000000,0.000390349630,0.000000000000,0.000000000000,0.000402094047,0.000000000000,0.000000000000,0.000395921335,0.000000000000,0.000000000000,0.000266322773,0.000000000000,0.000000000000,0.000271195606,0.000000000000,0.000000000000,0.000260818778,0.000000000000,0.000000000000,0.000166283861,0.000000000000,0.000000000000,0.000184187310,0.000000000000,0.000000000000,0.000172355136,0.000000000000,0.000000000000,0.000139959522,0.000000000000,0.000000000000,0.000158091471,0.000000000000,0.000000000000,0.000120148873
973,0.000000000000,0.000000000000,0.000483433247,0.000000000000,0.000000000000,0.000488313411,0.000000000000,0.000000000000,0.000489940133,0.000000000000,0.000000000000,0.000390349630,0.000000000000,0.000000000000,0.000402094047,0.000000000000,0.000000000000,0.000395921335,0.000000000000,0.000000000000,0.000266326734,0.000000000000,0.000000000000,0.000271287921,0.000000000000,0.000000000000,0.000260818778,0.000000000000,0.000000000000,0.000166303474,0.000000000000,0.000000000000,0.000184189973,0.000000000000,0.000000000000,0.000172466484,0.000000000000,0.000000000000,0.000139962759,0.000000000000,0.000000000000,0.000158415195,0.000000000000,0.000000000000,0.000120160958
974,0.000000000000,0.000000000000,0.000483433247,0.000000000000,0.000000000000,0.000488313411,0.000000000000,0.000000000000,0.000489940133,0.000000000000,0.000000000000,0.000390349630,0.000000000000,0.000000000000,0.000402094047,0.000000000000,0.000000000000,0.000395921335,0.000000000000,0.000000000000,0.000266357422,0.000000000000,0.000000000000,0.000271290444,0.000000000000,0.000000000000,0.000260818778,0.000000000000,0.000000000000,0.000166303474,0.000000000000,0.000000000000,0.000184195978,0.000000000000,0.000000000000,0.000172466484,0.000000000000,0.000000000000,0.000139976928,0.000000000000,0.000000000000,0.000158424255,0.000000000000,0.000000000000,0.000120194446
975,0.000000000000,0.000000000000,0.000483433247,0.000000000000,0.000000000000,0.000488313411,0.000000000000,0.000000000000,0.000489940133,0.000000000000,0.000000000000,0.000390349630,0.000000000000,0.000000000000,0.000402094047,0.000000000000,0.000000000000,0.000395921335,0.000000000000,0.000000000000,0.000266357422,0.000000000000,0.000000000000,0.000271290444,0.000000000000,0.000000000000,0.000261150214,0.000000000000,0.000000000000,0.000166303474,0.000000000000,0.000000000000,0.000184195978,0.000000000000,0.000000000000,0.000172466484,0.000000000000,0.000000000000,0.000139976928,0.000000000000,0.000000000000,0.000158424255,0.000000000000,0.000000000000,0.000120194979
976,0.000000000000,0.000000000000,0.000483433247,0.000000000000,0.000000000000,0.000488313411,0.000000000000,0.000000000000,0.000489940133,0.000000000000,0.000000000000,0.000390349630,0.000000000000,0.000000000000,0.000402094047,0.000000000000,0.000000000000,0.000395921335,0.000000000000,0.000000000000,0.000266425813,0.000000000000,0.000000000000,0.000271290444,0.000000000000,0.000000000000,0.000261240564,0.000000000000,0.000000000000,0.000166303474,0.000000000000,0.000000000000,0.000184195978,0.000000000000,0.000000000000,0.000172466484,0.000000000000,0.000000000000,0.000139976928,0.000000000000,0.000000000000,0.000158506708,0.000000000000,0.000000000000,0.000120194979
977,0.000000000000,0.000000000000,0.000483433247,0.000000000000,0.000000000000,0.000488313411,0.000000000000,0.000000000000,0.000489940133,0.000000000000,0.000000000000,0.000390349630,0.000000000000,0.000000000000,0.000402094047,0.000000000000,0.000000000000,0.000395921335,0.000000000000,0.000000000000,0.000266498923,0.000000000000,0.000000000000,0.000271290444,0.000000000000,0.000000000000,0.000261240564,0.000000000000,0.000000000000,0.000166303625,0.000000000000,0.000000000000,0.000184195978,0.000000000000,0.000000000000,0.000172471450,0.000000000000,0.000000000000,0.000139976928,0.000000000000,0.000000000000,0.000158539755,0.000000000000,0.000000000000,0.000120194979
978,0.000000000000,0.000000000000,0.000483433247,0.000000000000,0.000000000000,0.000488313411,0.000000000000,0.000000000000,0.000489940133,0.000000000000,0.000000000000,0.000390349630,0.000000000000,0.000000000000,0.000402094047,0.000000000000,0.000000000000,0.000395921335,0.000000000000,0.000000000000,0.000266543742,0.000000000000,0.000000000000,0.000271311184,0.000000000000,0.000000000000,0.000261939834,0.000000000000,0.000000000000,0.000166666906,0.000000000000,0.000000000000,0.000184212211,0.000000000000,0.000000000000,0.000172471450,0.000000000000,0.000000000000,0.000140009044,0.000000000000,0.000000000000,0.000158562927,0.000000000000,0.000000000000,0.000120236035
979,0.000000000000,0.000000000000,0.000483433247,0.000000000000,0.000000000000,0.000488313411,0.000000000000,0.000000000000,0.000489940133,0.000000000000,0.000000000000,0.000390349630,0.000000000000,0.000000000000,0.000402094047,0.000000000000,0.000000000000,0.000395921335,0.000000000000,0.000000000000,0.000266549727,0.000000000000,0.000000000000,0.000271311184,0.000000000000,0.000000000000,0.000261939834,0.000000000000,0.000000000000,0.000166666906,0.000000000000,0.000000000000,0.000184212211,0.000000000000,0.000000000000,0.000172471450,0.000000000000,0.000000000000,0.000140056514,0.000000000000,0.000000000000,0.000158562927,0.000000000000,0.000000000000,0.000120236035
980,0.000000000000,0.000000000000,0.000483433247,0.000000000000,0.000000000000,0.000488313411,0.000000000000,0.000000000000,0.000489940133,0.000000000000,0.000000000000,0.000390349630,0.000000000000,0.000000000000,0.000402094047,0.000000000000,0.000000000000,0.000395977882,0.000000000000,0.000000000000,0.000266551647,0.000000000000,0.000000000000,0.000271311184,0.000000000000,0.000000000000,0.000261972695,0.000000000000,0.000000000000,0.000166666906,0.000000000000,0.000000000000,0.000184257566,0.000000000000,0.000000000000,0.000172508463,0.000000000000,0.000000000000,0.000140122416,0.000000000000,0.000000000000,0.000158568610,0.000000000000,0.000000000000,0.000120236035
981,0.000000000000,0.000000000000,0.000483433247,0.000000000000,0.000000000000,0.000488313411,0.000000000000,0.000000000000,0.000489940133,0.000000000000,0.000000000000,0.000390349630,0.000000000000,0.000000000000,0.000402094047,0.000000000000,0.000000000000,0.000395977882,0.000000000000,0.000000000000,0.000266551647,0.000000000000,0.000000000000,0.000271311184,0.000000000000,0.000000000000,0.000261972695,0.000000000000,0.000000000000,0.000166666906,0.000000000000,0.000000000000,0.000184257566,0.000000000000,0.000000000000,0.000172544584,0.000000000000,0.000000000000,0.000140141358,0.000000000000,0.000000000000,0.000158614853,0.000000000000,0.000000000000,0.000120251198
982,0.000000000000,0.000000000000,0.000483433247,0.000000000000,0.000000000000,0.000488313411,0.000000000000,0.000000000000,0.000489940133,0.000000000000,0.000000000000,0.000390349630,0.000000000000,0.000000000000,0.000402094047,0.000000000000,0.000000000000,0.000395977882,0.000000000000,0.000000000000,0.000266560408,0.000000000000,0.000000000000,0.000271311184,0.000000000000,0.000000000000,0.000261972695,0.000000000000,0.000000000000,0.000166666906,0.000000000000,0.000000000000,0.000184257566,0.000000000000,0.000000000000,0.000172544584,0.000000000000,0.000000000000,0.000140151724,0.000000000000,0.000000000000,0.000158614853,0.000000000000,0.000000000000,0.000120251198
983,0.000000000000,0.000000000000,0.000483433247,0.000000000000,0.000000000000,0.000488313411,0.000000000000,0.000000000000,0.000489940133,0.000000000000,0.000000000000,0.000390349630,0.000000000000,0.000000000000,0.000402094047,0.000000000000,0.000000000000,0.000395977882,0.000000000000,0.000000000000,0.000266563413,0.000000000000,0.000000000000,0.000271311184,0.000000000000,0.000000000000,0.000261972695,0.000000000000,0.000000000000,0.000166768959,0.000000000000,0.000000000000,0.000184257566,0.000000000000,0.000000000000,0.000172582206,0.000000000000,0.000000000000,0.000140152017,0.000000000000,0.000000000000,0.000158689270,0.000000000000,0.000000000000,0.000120305864
984,0.000000000000,0.000000000000,0.000483433247,0.000000000000,0.000000000000,0.000488313411,0.000000000000,0.000000000000,0.000489940133,0.000000000000,0.000000000000,0.000390349630,0.000000000000,0.000000000000,0.000402094047,0.000000000000,0.000000000000,0.000395977882,0.000000000000,0.000000000000,0.000266563413,0.000000000000,0.000000000000,0.000271373892,0.000000000000,0.000000000000,0.000261972695,0.000000000000,0.000000000000,0.000166817061,0.000000000000,0.000000000000,0.000184376877,0.000000000000,0.000000000000,0.000172582206,0.000000000000,0.000000000000,0.000140218699,0.000000000000,0.000000000000,0.000158693525,0.000000000000,0.000000000000,0.000120341222
985,0.000000000000,0.000000000000,0.000483433247,0.000000000000,0.000000000000,0.000488313411,0.000000000000,0.000000000000,0.000489940133,0.000000000000,0.000000000000,0.000390349630,0.000000000000,0.000000000000,0.000402094047,0.000000000000,0.000000000000,0.000395977882,0.000000000000,0.000000000000,0.000266572962,0.000000000000,0.000000000000,0.000271373892,0.000000000000,0.000000000000,0.000262031490,0.000000000000,0.000000000000,0.000166817061,0.000000000000,0.000000000000,0.000184376877,0.000000000000,0.000000000000,0.000172589570,0.000000000000,0.000000000000,0.000140221964,0.000000000000,0.000000000000,0.000158710248,0.000000000000,0.000000000000,0.000120344567
986,0.000000000000,0.000000000000,0.000483433247,0.000000000000,0.000000000000,0.000488313411,0.000000000000,0.000000000000,0.000489940133,0.000000000000,0.000000000000,0.000390349630,0.000000000000,0.000000000000,0.000402094047,0.000000000000,0.000000000000,0.000395977882,0.000000000000,0.000000000000,0.000266572962,0.000000000000,0.000000000000,0.000271373892,0.000000000000,0.000000000000,0.000262031490,0.000000000000,0.000000000000,0.000166879207,0.000000000000,0.000000000000,0.000184376877,0.000000000000,0.000000000000,0.000172589570,0.000000000000,0.000000000000,0.000140221964,0.000000000000,0.000000000000,0.000158823154,0.000000000000,0.000000000000,0.000120344567
987,0.000000000000,0.000000000000,0.000483433247,0.000000000000,0.000000000000,0.000488313411,0.000000000000,0.000000000000,0.000489940133,0.000000000000,0.000000000000,0.000390349630,0.000000000000,0.000000000000,0.000402094047,0.000000000000,0.000000000000,0.000395977882,0.000000000000,0.000000000000,0.000266589340,0.000000000000,0.000000000000,0.000271373892,0.000000000000,0.000000000000,0.000262031490,0.000000000000,0.000000000000,0.000166879207,0.000000000000,0.000000000000,0.000184400806,0.000000000000,0.000000000000,0.000172606890,0.000000000000,0.000000000000,0.000140254407,0.000000000000,0.000000000000,0.000158896951,0.000000000000,0.000000000000,0.000120426055
988,0.000000000000,0.000000000000,0.000483433247,0.000000000000,0.000000000000,0.000488313411,0.000000000000,0.000000000000,0.000489940133,0.000000000000,0.000000000000,0.000390349630,0.000000000000,0.000000000000,0.000402094047,0.000000000000,0.000000000000,0.000395977882,0.000000000000,0.000000000000,0.000266730669,0.000000000000,0.000000000000,0.000271373892,0.000000000000,0.000000000000,0.000262031490,0.000000000000,0.000000000000,0.000166879207,0.000000000000,0.000000000000,0.000184403549,0.000000000000,0.000000000000,0.000172618203,0.000000000000,0.000000000000,0.000140254407,0.000000000000,0.000000000000,0.000158896951,0.000000000000,0.000000000000,0.000120426055
989,0.000000000000,0.000000000000,0.000483433247,0.000000000000,0.000000000000,0.000488313411,0.000000000000,0.000000000000,0.000489940133,0.000000000000,0.000000000000,0.000390349630,0.000000000000,0.000000000000,0.000402094047,0.000000000000,0.000000000000,0.000395977882,0.000000000000,0.000000000000,0.000266730669,0.000000000000,0.000000000000,0.000271373892,0.000000000000,0.000000000000,0.000262078082,0.000000000000,0.000000000000,0.000166885310,0.000000000000,0.000000000000,0.000184406805,0.000000000000,0.000000000000,0.000172618203,0.000000000000,0.000000000000,0.000140265078,0.000000000000,0.000000000000,0.000158896951,0.000000000000,0.000000000000,0.000120674624
990,0.000000000000,0.000000000000,0.000483433247,0.000000000000,0.000000000000,0.000488313411,0.000000000000,0.000000000000,0.000489940133,0.000000000000,0.000000000000,0.000390349630,0.000000000000,0.000000000000,0.000402094047,0.000000000000,0.000000000000,0.000395977882,0.000000000000,0.000000000000,0.000266730669,0.000000000000,0.000000000000,0.000271373892,0.000000000000,0.000000000000,0.000262082729,0.000000000000,0.000000000000,0.000166885310,0.000000000000,0.000000000000,0.000184414563,0.000000000000,0.000000000000,0.000172618213,0.000000000000,0.000000000000,0.000140265078,0.000000000000,0.000000000000,0.000158917696,0.000000000000,0.000000000000,0.000120678398
991,0.000000000000,0.000000000000,0.000483433247,0.000000000000,0.000000000000,0.000488313411,0.000000000000,0.000000000000,0.000489940133,0.000000000000,0.000000000000,0.000390349630,0.000000000000,0.000000000000,0.000402094047,0.000000000000,0.000000000000,0.000396012600,0.000000000000,0.000000000000,0.000266842544,0.000000000000,0.000000000000,0.000271373892,0.000000000000,0.000000000000,0.000262109490,0.000000000000,0.000000000000,0.000166891262,0.000000000000,0.000000000000,0.000184414563,0.000000000000,0.000000000000,0.000172630938,0.000000000000,0.000000000000,0.000140265078,0.000000000000,0.000000000000,0.000158918433,0.000000000000,0.000000000000,0.000120728752
992,0.000000000000,0.000000000000,0.000483433247,0.000000000000,0.000000000000,0.000488313411,0.000000000000,0.000000000000,0.000489940133,0.000000000000,0.000000000000,0.000390349630,0.000000000000,0.000000000000,0.000402094047,0.000000000000,0.000000000000,0.000396012600,0.000000000000,0.000000000000,0.000266842544,0.000000000000,0.000000000000,0.000271373892,0.000000000000,0.000000000000,0.000262109490,0.000000000000,0.000000000000,0.000166891262,0.000000000000,0.000000000000,0.000184414563,0.000000000000,0.000000000000,0.000172806563,0.000000000000,0.000000000000,0.000140311413,0.000000000000,0.000000000000,0.000158924371,0.000000000000,0.000000000000,0.000120754527
993,0.000000000000,0.000000000000,0.000483433247,0.000000000000,0.000000000000,0.000488313411,0.000000000000,0.000000000000,0.000489940133,0.000000000000,0.000000000000,0.000390349630,0.000000000000,0.000000000000,0.000402094047,0.000000000000,0.000000000000,0.000396012600,0.000000000000,0.000000000000,0.000266842544,0.000000000000,0.000000000000,0.000271373892,0.000000000000,0.000000000000,0.000262117203,0.000000000000,0.000000000000,0.000166945885,0.000000000000,0.000000000000,0.000184414563,0.000000000000,0.000000000000,0.000172898978,0.000000000000,0.000000000000,0.000140440405,0.000000000000,0.000000000000,0.000158924371,0.000000000000,0.000000000000,0.000120758062
994,0.000000000000,0.000000000000,0.000483433247,0.000000000000,0.000000000000,0.000488313411,0.000000000000,0.000000000000,0.000489940133,0.000000000000,0.000000000000,0.000390349630,0.000000000000,0.000000000000,0.000402094047,0.000000000000,0.000000000000,0.000396012600,0.000000000000,0.000000000000,0.000266842544,0.000000000000,0.000000000000,0.000271373892,0.000000000000,0.000000000000,0.000262121864,0.000000000000,0.000000000000,0.000166951505,0.000000000000,0.000000000000,0.000184450526,0.000000000000,0.000000000000,0.000172898978,0.000000000000,0.000000000000,0.000140448263,0.000000000000,0.000000000000,0.000158924371,0.000000000000,0.000000000000,0.000120758062
995,0.000000000000,0.000000000000,0.000483433247,0.000000000000,0.000000000000,0.000488313411,0.000000000000,0.000000000000,0.000489940133,0.000000000000,0.000000000000,0.000390349630,0.000000000000,0.000000000000,0.000402094047,0.000000000000,0.000000000000,0.000396012600,0.000000000000,0.000000000000,0.000266842544,0.000000000000,0.000000000000,0.000271373892,0.000000000000,0.000000000000,0.000262123661,0.000000000000,0.000000000000,0.000167030695,0.000000000000,0.000000000000,0.000184450526,0.000000000000,0.000000000000,0.000172903871,0.000000000000,0.000000000000,0.000140458869,0.000000000000,0.000000000000,0.000158981626,0.000000000000,0.000000000000,0.000120762212
996,0.000000000000,0.000000000000,0.000483433247,0.000000000000,0.000000000000,0.000488313411,0.000000000000,0.000000000000,0.000489940133,0.000000000000,0.000000000000,0.000390349630,0.000000000000,0.000000000000,0.000402094047,0.000000000000,0.000000000000,0.000396012600,0.000000000000,0.000000000000,0.000266842544,0.000000000000,0.000000000000,0.000271373892,0.000000000000,0.000000000000,0.000262195524,0.000000000000,0.000000000000,0.000167030695,0.000000000000,0.000000000000,0.000184450526,0.000000000000,0.000000000000,0.000172903871,0.000000000000,0.000000000000,0.000140458869,0.000000000000,0.000000000000,0.000158981626,0.000000000000,0.000000000000,0.000120854311
997,0.000000000000,0.000000000000,0.000483433247,0.000000000000,0.000000000000,0.000488313411,0.000000000000,0.000000000000,0.000489940133,0.000000000000,0.000000000000,0.000390349630,0.000000000000,0.000000000000,0.000402094047,0.000000000000,0.000000000000,0.000396012600,0.000000000000,0.000000000000,0.000267032908,0.000000000000,0.000000000000,0.000271373892,0.000000000000,0.000000000000,0.000262195524,0.000000000000,0.000000000000,0.000167155054,0.000000000000,0.000000000000,0.000184450526,0.000000000000,0.000000000000,0.000172903871,0.000000000000,0.000000000000,0.000140492652,0.000000000000,0.000000000000,0.000158981626,0.000000000000,0.000000000000,0.000121009035
998,0.000000000000,0.000000000000,0.000483433247,0.000000000000,0.000000000000,0.000488313411,0.000000000000,0.000000000000,0.000489940133,0.000000000000,0.000000000000,0.000390349630,0.000000000000,0.000000000000,0.000402094047,0.000000000000,0.000000000000,0.000396012600,0.000000000000,0.000000000000,0.000267097052,0.000000000000,0.000000000000,0.000271373892,0.000000000000,0.000000000000,0.000262298277,0.000000000000,0.000000000000,0.000167177277,0.000000000000,0.000000000000,0.000184450526,0.000000000000,0.000000000000,0.000172903871,0.000000000000,0.000000000000,0.000140499739,0.000000000000,0.000000000000,0.000158981626,0.000000000000,0.000000000000,0.000121022195
999,0.000000000000,0.000000000000,0.000483433247,0.000000000000,0.000000000000,0.000488313411,0.000000000000,0.000000000000,0.000489940133,0.000000000000,0.000000000000,0.000390349630,0.000000000000,0.000000000000,0.000402094047,0.000000000000,0.000000000000,0.000396075759,0.000000000000,0.000000000000,0.000267097052,0.000000000000,0.000000000000,0.000271373892,0.000000000000,0.000000000000,0.000262298277,0.000000000000,0.000000000000,0.000167177277,0.000000000000,0.000000000000,0.000184450526,0.000000000000,0.000000000000,0.000172998300,0.000000000000,0.000000000000,0.000140499739,0.000000000000,0.000000000000,0.000158981626,0.000000000000,0.000000000000,0.000121031874
1000,0.000000000000,0.000000000000,0.000483433247,0.000000000000,0.000000000000,0.000488313411,0.000000000000,0.000000000000,0.000489940133,0.000000000000,0.000000000000,0.000390349630,0.000000000000,0.000000000000,0.000402094047,0.000000000000,0.000000000000,0.000396075759,0.000000000000,0.000000000000,0.000267107083,0.000000000000,0.000000000000,0.000271373892,0.000000000000,0.000000000000,0.000262298277,0.000000000000,0.000000000000,0.000167267394,0.000000000000,0.000000000000,0.000184483017,0.000000000000,0.000000000000,0.000172998300,0.000000000000,0.000000000000,0.000140550018,0.000000000000,0.000000000000,0.000158981626,0.000000000000,0.000000000000,0.000121116282
